date,open,high,low,close,adjclose,volume
2003-04-14,11.144444465637207,11.222222328186035,11.144444465637207,11.222222328186035,7.199283599853516,93600
2003-04-15,11.29111099243164,11.38888931274414,11.29111099243164,11.355555534362793,7.284819602966309,421200
2003-04-16,11.477778434753418,11.533332824707031,11.477778434753418,11.486666679382324,7.368931293487549,9000
2003-04-17,11.550000190734863,11.572221755981445,11.529999732971191,11.568888664245605,7.421674728393555,17100
2003-04-21,11.582221984863281,11.583333015441895,11.555556297302246,11.564443588256836,7.418826103210449,72900
2003-04-22,11.563332557678223,11.603333473205566,11.527777671813965,11.603333473205566,7.443772792816162,19800
2003-04-23,11.61111068725586,11.657777786254883,11.572221755981445,11.657777786254883,7.478701591491699,31500
2003-04-24,11.566666603088379,11.566666603088379,11.399999618530273,11.427778244018555,7.331151962280273,90000
2003-04-25,11.267778396606445,11.267778396606445,11.222222328186035,11.23888874053955,7.2099738121032715,102600
2003-04-28,11.267778396606445,11.424444198608398,11.266667366027832,11.424444198608398,7.329009532928467,91800
2003-04-29,11.60111141204834,11.755556106567383,11.60111141204834,11.75,7.537860870361328,76500
2003-04-30,11.722222328186035,11.732221603393555,11.686667442321777,11.716667175292969,7.516479015350342,228600
2003-05-01,11.683333396911621,11.729999542236328,11.666666984558105,11.671111106872559,7.487255573272705,234900
2003-05-02,11.70888900756836,11.850000381469727,11.70888900756836,11.850000381469727,7.602015018463135,67500
2003-05-05,11.894444465637207,11.979999542236328,11.894444465637207,11.977778434753418,7.683989524841309,47700
2003-05-06,11.977778434753418,12.053333282470703,11.966667175292969,12.038888931274414,7.723190784454346,109800
2003-05-07,11.98888874053955,12.018889427185059,11.978889465332031,12.016667366027832,7.708937168121338,313200
2003-05-08,11.944443702697754,11.95111083984375,11.899999618530273,11.911110877990723,7.64121675491333,417600
2003-05-09,11.927778244018555,12.0600004196167,11.927778244018555,12.051111221313477,7.7310333251953125,63000
2003-05-12,12.105555534362793,12.218889236450195,12.100000381469727,12.218889236450195,7.838663578033447,752400
2003-05-13,12.175556182861328,12.175556182861328,12.116666793823242,12.149999618530273,7.794470310211182,276300
2003-05-14,12.149999618530273,12.149999618530273,12.065555572509766,12.088889122009277,7.7552666664123535,206100
2003-05-15,12.113332748413086,12.113332748413086,12.083333015441895,12.113332748413086,7.770949363708496,337500
2003-05-16,12.144444465637207,12.166666984558105,12.088889122009277,12.122221946716309,7.776649475097656,256500
2003-05-19,12.04444408416748,12.04444408416748,11.788888931274414,11.833333015441895,7.591322898864746,128700
2003-05-20,11.86111068725586,11.90666675567627,11.827777862548828,11.89222240447998,7.629103660583496,53100
2003-05-21,11.871110916137695,11.905555725097656,11.808889389038086,11.9022216796875,7.635519027709961,45900
2003-05-22,11.905555725097656,12.010000228881836,11.905555725097656,12.010000228881836,7.704660892486572,84600
2003-05-23,12.094444274902344,12.162221908569336,12.094444274902344,12.133333206176758,7.783778667449951,74700
2003-05-27,12.162221908569336,12.575555801391602,12.162221908569336,12.567777633666992,8.062483787536621,864000
2003-05-28,12.567777633666992,12.640000343322754,12.567777633666992,12.622221946716309,8.097413063049316,396000
2003-05-29,12.61111068725586,12.664443969726562,12.588889122009277,12.63888931274414,8.108105659484863,306900
2003-05-30,12.666666984558105,12.785555839538574,12.641111373901367,12.785555839538574,8.202194213867188,368100
2003-06-02,12.822221755981445,13.022221565246582,12.822221755981445,12.877778053283691,8.261358261108398,587700
2003-06-03,12.88888931274414,12.88888931274414,12.674444198608398,12.779999732971191,8.198628425598145,244800
2003-06-04,12.777777671813965,12.945555686950684,12.777777671813965,12.944443702697754,8.304121971130371,241200
2003-06-05,12.991110801696777,12.991110801696777,12.873332977294922,12.957777976989746,8.312674522399902,509400
2003-06-06,13.027777671813965,13.211111068725586,13.026666641235352,13.078888893127441,8.390372276306152,608400
2003-06-09,13.095556259155273,13.095556259155273,12.925556182861328,12.966667175292969,8.318380355834961,208800
2003-06-10,12.971111297607422,13.100000381469727,12.971111297607422,13.100000381469727,8.403916358947754,233100
2003-06-11,13.094444274902344,13.121110916137695,13.0,13.11111068725586,8.411044120788574,294300
2003-06-12,13.133333206176758,13.210000038146973,13.123332977294922,13.210000038146973,8.474481582641602,402300
2003-06-13,13.178889274597168,13.216667175292969,13.168889045715332,13.20555591583252,8.47163200378418,694800
2003-06-16,13.244443893432617,13.348889350891113,13.227778434753418,13.3477783203125,8.562873840332031,163800
2003-06-17,13.484443664550781,13.633333206176758,13.484443664550781,13.622221946716309,8.738930702209473,352800
2003-06-18,13.585556030273438,13.64888858795166,13.542222023010254,13.572221755981445,8.706857681274414,171900
2003-06-19,13.683333396911621,13.70555591583252,13.555556297302246,13.572221755981445,8.706857681274414,225900
2003-06-20,13.61111068725586,13.633333206176758,13.533332824707031,13.572221755981445,8.706857681274414,300600
2003-06-23,13.527777671813965,13.527777671813965,13.235555648803711,13.23888874053955,8.49301815032959,332100
2003-06-24,13.183333396911621,13.183333396911621,13.066666603088379,13.141111373901367,8.430288314819336,188100
2003-06-25,13.174444198608398,13.331110954284668,13.174444198608398,13.25,8.500142097473145,1045800
2003-06-26,13.313332557678223,13.399999618530273,13.289999961853027,13.393333435058594,8.592096328735352,210600
2003-06-27,13.411110877990723,13.416666984558105,13.297778129577637,13.331110954284668,8.552178382873535,373500
2003-06-30,13.368888854980469,13.368888854980469,13.300000190734863,13.322221755981445,8.54647445678711,279900
2003-07-01,13.372221946716309,13.477778434753418,13.333333015441895,13.466667175292969,8.639139175415039,679500
2003-07-02,13.616666793823242,13.793333053588867,13.616666793823242,13.783332824707031,8.842286109924316,1129500
2003-07-03,13.822221755981445,13.828888893127441,13.79444408416748,13.822221755981445,8.867236137390137,110700
2003-07-07,13.966667175292969,14.164443969726562,13.966667175292969,14.164443969726562,9.08677864074707,569700
2003-07-08,14.191110610961914,14.229999542236328,14.13888931274414,14.20444393157959,9.11244010925293,347400
2003-07-09,14.194443702697754,14.194443702697754,14.11111068725586,14.171111106872559,9.091054916381836,472500
2003-07-10,14.09333324432373,14.09333324432373,13.877778053283691,13.922222137451172,8.931388854980469,1603800
2003-07-11,13.922222137451172,14.038888931274414,13.922222137451172,14.038888931274414,9.006232261657715,212400
2003-07-14,14.194443702697754,14.344444274902344,14.194443702697754,14.285555839538574,9.164472579956055,683100
2003-07-15,14.355555534362793,14.355555534362793,14.105555534362793,14.105555534362793,9.049002647399902,2222100
2003-07-16,14.077777862548828,14.155555725097656,14.036666870117188,14.116666793823242,9.056129455566406,828000
2003-07-17,14.027777671813965,14.027777671813965,13.747777938842773,13.747777938842773,8.819478988647461,367200
2003-07-18,13.772221565246582,13.931111335754395,13.772221565246582,13.931111335754395,8.937089920043945,205200
2003-07-21,13.876667022705078,13.876667022705078,13.728889465332031,13.74666690826416,8.818764686584473,2148300
2003-07-22,13.782221794128418,13.928889274597168,13.766667366027832,13.911110877990723,8.924262046813965,1022400
2003-07-23,13.866666793823242,13.866666793823242,13.739999771118164,13.822221755981445,8.867236137390137,904500
2003-07-24,13.916666984558105,14.010000228881836,13.88888931274414,13.88888931274414,8.910005569458008,749700
2003-07-25,13.991110801696777,14.116666793823242,13.972222328186035,14.116666793823242,9.056129455566406,212400
2003-07-28,14.199999809265137,14.23888874053955,14.155555725097656,14.194443702697754,9.106024742126465,1040400
2003-07-29,14.216667175292969,14.223333358764648,14.100000381469727,14.1144437789917,9.054701805114746,805500
2003-07-30,14.081110954284668,14.083333015441895,13.983332633972168,14.01111125946045,8.988411903381348,56700
2003-07-31,14.033332824707031,14.121110916137695,14.033332824707031,14.077777862548828,9.031179428100586,339300
2003-08-01,14.105555534362793,14.133333206176758,14.09000015258789,14.108888626098633,9.05113697052002,441000
2003-08-04,14.127778053283691,14.1355562210083,14.0,14.046667098999023,9.011220932006836,394200
2003-08-05,14.046667098999023,14.046667098999023,13.895556449890137,13.895556449890137,8.914283752441406,290700
2003-08-06,13.89222240447998,13.907777786254883,13.797778129577637,13.833333015441895,8.874361038208008,371700
2003-08-07,13.933333396911621,13.976667404174805,13.899999618530273,13.934444427490234,8.939227104187012,288900
2003-08-08,14.050000190734863,14.055556297302246,13.993332862854004,14.027777671813965,8.999098777770996,153000
2003-08-11,14.11111068725586,14.13888931274414,14.055556297302246,14.088889122009277,9.038309097290039,665100
2003-08-12,14.1144437789917,14.15666675567627,14.094444274902344,14.144444465637207,9.07394790649414,727200
2003-08-13,14.318888664245605,14.38888931274414,14.25333309173584,14.344444274902344,9.202251434326172,721800
2003-08-14,14.353333473205566,14.543333053588867,14.353333473205566,14.533332824707031,9.323427200317383,404100
2003-08-15,14.38888931274414,14.38888931274414,14.38888931274414,14.38888931274414,9.230762481689453,48600
2003-08-18,14.522221565246582,14.69777774810791,14.50777816772461,14.695555686950684,9.427495002746582,1189800
2003-08-19,14.777777671813965,14.777777671813965,14.677778244018555,14.767778396606445,9.473828315734863,453600
2003-08-20,14.733332633972168,14.770000457763672,14.680000305175781,14.770000457763672,9.475255012512207,1125000
2003-08-21,14.890000343322754,15.046667098999023,14.872221946716309,15.04111099243164,9.649177551269531,1083600
2003-08-22,15.222222328186035,15.222222328186035,15.072221755981445,15.117777824401855,9.69836139678955,1008000
2003-08-25,15.096667289733887,15.096667289733887,14.984443664550781,15.0,9.622803688049316,391500
2003-08-26,14.938888549804688,14.938888549804688,14.727778434753418,14.816666603088379,9.505189895629883,1186200
2003-08-27,14.84000015258789,14.98888874053955,14.786666870117188,14.98888874053955,9.615677833557129,632700
2003-08-28,15.04111099243164,15.09333324432373,14.952221870422363,15.09333324432373,9.682680130004883,441900
2003-08-29,15.188888549804688,15.233332633972168,15.188888549804688,15.202221870422363,9.752534866333008,417600
2003-09-02,15.333333015441895,15.430000305175781,15.311111450195312,15.427778244018555,9.897233963012695,1471500
2003-09-03,15.63888931274414,15.63888931274414,15.538888931274414,15.550000190734863,9.975640296936035,887400
2003-09-04,15.56222152709961,15.627778053283691,15.54555606842041,15.605555534362793,10.011279106140137,458100
2003-09-05,15.633333206176758,15.633333206176758,15.561111450195312,15.591111183166504,10.002013206481934,532800
2003-09-08,15.745555877685547,15.905555725097656,15.745555877685547,15.886667251586914,10.191617965698242,659700
2003-09-09,15.920000076293945,15.920000076293945,15.58666706085205,15.61111068725586,10.014843940734863,387900
2003-09-10,15.58666706085205,15.58666706085205,15.271110534667969,15.35111141204834,9.848050117492676,569700
2003-09-11,15.356666564941406,15.485555648803711,15.333333015441895,15.333333015441895,9.836641311645508,1097100
2003-09-12,15.383333206176758,15.442221641540527,15.277777671813965,15.442221641540527,9.906498908996582,948600
2003-09-15,15.464444160461426,15.464444160461426,15.166666984558105,15.214444160461426,9.760375022888184,809100
2003-09-16,15.366666793823242,15.527777671813965,15.332221984863281,15.527777671813965,9.961379051208496,1987200
2003-09-17,15.554444313049316,15.568888664245605,15.45111083984375,15.461111068725586,9.918617248535156,982800
2003-09-18,15.498888969421387,15.666666984558105,15.444443702697754,15.63888931274414,10.03266429901123,762300
2003-09-19,15.661110877990723,15.661110877990723,15.532221794128418,15.566666603088379,9.986334800720215,466200
2003-09-22,15.49666690826416,15.49666690826416,15.245555877685547,15.31222152709961,9.823101043701172,4203900
2003-09-23,15.328888893127441,15.36111068725586,15.308889389038086,15.350000381469727,9.84733772277832,453600
2003-09-24,15.546667098999023,15.576666831970215,15.366666793823242,15.377778053283691,9.865158081054688,789300
2003-09-25,15.377778053283691,15.377778053283691,15.149999618530273,15.149999618530273,9.71902847290039,530100
2003-09-26,15.149999618530273,15.149999618530273,15.04444408416748,15.04444408416748,9.651315689086914,2994300
2003-09-29,15.068888664245605,15.164443969726562,15.055556297302246,15.151110649108887,9.719743728637695,1071000
2003-09-30,15.245555877685547,15.245555877685547,15.055556297302246,15.103333473205566,9.689094543457031,2218500
2003-10-01,15.31222152709961,15.504444122314453,15.301111221313477,15.5,9.943565368652344,1123200
2003-10-02,15.645556449890137,15.75,15.61111068725586,15.722222328186035,10.086122512817383,1017900
2003-10-03,15.944443702697754,15.94777774810791,15.85111141204834,15.877778053283691,10.185914993286133,2016900
2003-10-06,15.957777976989746,15.973333358764648,15.89222240447998,15.938888549804688,10.225122451782227,356400
2003-10-07,15.98888874053955,15.98888874053955,15.88888931274414,15.922222137451172,10.214428901672363,529200
2003-10-08,16.06222152709961,16.072221755981445,16.02111053466797,16.04111099243164,10.290698051452637,351000
2003-10-09,16.29777717590332,16.38888931274414,16.27777862548828,16.311111450195312,10.463907241821289,987300
2003-10-10,16.397777557373047,16.51555633544922,16.397777557373047,16.511110305786133,10.592215538024902,1278000
2003-10-13,16.61111068725586,16.77666664123535,16.61111068725586,16.761110305786133,10.752592086791992,1638000
2003-10-14,16.713333129882812,16.713333129882812,16.433332443237305,16.441110610961914,10.5473051071167,1341000
2003-10-15,16.63888931274414,16.700000762939453,16.600000381469727,16.639999389648438,10.674899101257324,2833200
2003-10-16,16.639999389648438,16.677778244018555,16.61111068725586,16.635555267333984,10.672045707702637,284400
2003-10-17,16.642221450805664,16.642221450805664,16.5,16.53444480895996,10.607182502746582,273600
2003-10-20,16.657777786254883,16.676666259765625,16.60555648803711,16.626667022705078,10.666343688964844,448200
2003-10-21,16.665555953979492,16.709999084472656,16.64444351196289,16.709999084472656,10.719801902770996,977400
2003-10-22,16.677778244018555,16.677778244018555,16.39666748046875,16.46444320678711,10.562275886535645,1390500
2003-10-23,16.22222137451172,16.22222137451172,16.113332748413086,16.22222137451172,10.406886100769043,849600
2003-10-24,16.11111068725586,16.136667251586914,16.05666732788086,16.136667251586914,10.352001190185547,1303200
2003-10-27,16.244443893432617,16.333332061767578,16.244443893432617,16.322221755981445,10.471037864685059,1175400
2003-10-28,16.53333282470703,16.565555572509766,16.488889694213867,16.545555114746094,10.614309310913086,625500
2003-10-29,16.600000381469727,16.688888549804688,16.566667556762695,16.683332443237305,10.702696800231934,775800
2003-10-30,16.75777816772461,16.7722225189209,16.622222900390625,16.623332977294922,10.664206504821777,603900
2003-10-31,16.636667251586914,16.64666748046875,16.468889236450195,16.489999771118164,10.578670501708984,305100
2003-11-03,16.77777862548828,16.88888931274414,16.755556106567383,16.883333206176758,10.830997467041016,1420200
2003-11-04,16.996667861938477,17.0,16.904443740844727,16.93000030517578,10.86093807220459,923400
2003-11-05,16.969999313354492,16.996667861938477,16.89555549621582,16.95222282409668,10.875194549560547,1408500
2003-11-06,16.883333206176758,16.883333206176758,16.745555877685547,16.831111907958984,10.797503471374512,745200
2003-11-07,16.84666633605957,16.90999984741211,16.827777862548828,16.848888397216797,10.8089017868042,659700
2003-11-10,16.81222152709961,16.81222152709961,16.60555648803711,16.616666793823242,10.659929275512695,644400
2003-11-11,16.494443893432617,16.494443893432617,16.344444274902344,16.40333366394043,10.523073196411133,731700
2003-11-12,16.508888244628906,16.71555519104004,16.48555564880371,16.695556640625,10.71053695678711,657900
2003-11-13,16.814443588256836,16.8255558013916,16.681110382080078,16.824443817138672,10.793219566345215,972900
2003-11-14,16.786666870117188,16.842222213745117,16.681110382080078,16.738889694213867,10.738336563110352,451800
2003-11-17,16.61111068725586,16.61111068725586,16.31333351135254,16.412221908569336,10.52877426147461,1896300
2003-11-18,16.516666412353516,16.561111450195312,16.44444465637207,16.44444465637207,10.549446105957031,1236600
2003-11-19,16.38888931274414,16.38888931274414,16.28444480895996,16.337778091430664,10.48101806640625,1089900
2003-11-20,16.19444465637207,16.21666717529297,16.11111068725586,16.126667022705078,10.345584869384766,505800
2003-11-21,16.182222366333008,16.266666412353516,16.182222366333008,16.266666412353516,10.435395240783691,363600
2003-11-24,16.266666412353516,16.450000762939453,16.238889694213867,16.44333267211914,10.548731803894043,1182600
2003-11-25,16.49333381652832,16.544443130493164,16.44444465637207,16.5,10.585084915161133,2041200
2003-11-26,16.64555549621582,16.651111602783203,16.561111450195312,16.651111602783203,10.682023048400879,1207800
2003-11-28,16.665555953979492,16.8477783203125,16.64444351196289,16.799999237060547,10.777538299560547,619200
2003-12-01,17.044443130493164,17.281110763549805,17.044443130493164,17.281110763549805,11.086181640625,1340100
2003-12-02,17.281110763549805,17.281110763549805,17.183332443237305,17.204444885253906,11.037002563476562,2511900
2003-12-03,17.29111099243164,17.30555534362793,17.14444351196289,17.14444351196289,10.998510360717773,824400
2003-12-04,17.14444351196289,17.14444351196289,16.97222137451172,17.02666664123535,10.92294979095459,709200
2003-12-05,17.003332138061523,17.04111099243164,16.908889770507812,16.994443893432617,10.902277946472168,1263600
2003-12-08,16.97222137451172,17.044443130493164,16.962221145629883,17.02777862548828,10.923666954040527,753300
2003-12-09,17.122222900390625,17.149999618530273,16.956666946411133,16.956666946411133,10.878044128417969,1598400
2003-12-10,17.044443130493164,17.05555534362793,16.85555648803711,16.88888931274414,10.834565162658691,561600
2003-12-11,17.038888931274414,17.206666946411133,17.0222225189209,17.196666717529297,11.032011032104492,819000
2003-12-12,17.275556564331055,17.27777862548828,17.22333335876465,17.275556564331055,11.082620620727539,1101600
2003-12-15,17.420000076293945,17.446666717529297,17.244443893432617,17.288888931274414,11.091175079345703,1232100
2003-12-16,17.30555534362793,17.30555534362793,17.135555267333984,17.21666717529297,11.044840812683105,669600
2003-12-17,17.106666564941406,17.106666564941406,16.975555419921875,17.016666412353516,10.916536331176758,1114200
2003-12-18,17.086666107177734,17.29111099243164,17.086666107177734,17.29111099243164,11.092597961425781,657900
2003-12-19,17.25,17.356666564941406,17.25,17.333332061767578,11.119683265686035,559800
2003-12-22,17.322221755981445,17.5,17.28333282470703,17.5,11.276698112487793,1562400
2003-12-23,17.5,17.54777717590332,17.463333129882812,17.54777717590332,11.30748462677002,1328400
2003-12-24,17.602222442626953,17.633333206176758,17.566667556762695,17.60444450378418,11.344003677368164,279000
2003-12-26,17.666667938232422,17.666667938232422,17.634443283081055,17.648889541625977,11.372642517089844,216900
2003-12-29,17.77777862548828,17.915555953979492,17.755556106567383,17.915555953979492,11.544478416442871,1450800
2003-12-30,18.02111053466797,18.094444274902344,17.995555877685547,18.001110076904297,11.599603652954102,1374300
2003-12-31,18.08888816833496,18.233333587646484,18.08888816833496,18.21444320678711,11.74585247039795,979200
2004-01-02,18.344444274902344,18.709999084472656,18.344444274902344,18.6200008392334,12.007378578186035,1845000
2004-01-05,19.133333206176758,19.273332595825195,19.0,19.273332595825195,12.42868709564209,2981700
2004-01-06,19.273332595825195,19.273332595825195,19.02777862548828,19.05555534362793,12.288249015808105,3776400
2004-01-07,18.94444465637207,19.100000381469727,18.94444465637207,19.100000381469727,12.316914558410645,1075500
2004-01-08,19.14555549621582,19.211111068725586,19.008888244628906,19.172222137451172,12.363485336303711,1148400
2004-01-09,19.18777847290039,19.29111099243164,19.127777099609375,19.13777732849121,12.341275215148926,1143900
2004-01-12,19.183332443237305,19.205556869506836,19.04777717590332,19.121110916137695,12.330526351928711,1753200
2004-01-13,19.16111183166504,19.177778244018555,18.950000762939453,19.012222290039062,12.260307312011719,1361700
2004-01-14,18.945556640625,19.073333740234375,18.938888549804688,19.042221069335938,12.279654502868652,1150200
2004-01-15,18.96666717529297,18.967777252197266,18.627777099609375,18.65333366394043,12.0288724899292,1397700
2004-01-16,18.63888931274414,18.73666763305664,18.61111068725586,18.733333587646484,12.080461502075195,1698300
2004-01-20,19.11111068725586,19.294443130493164,19.074443817138672,19.27777862548828,12.43155288696289,1243800
2004-01-21,19.274444580078125,19.372222900390625,19.166667938232422,19.303333282470703,12.448033332824707,1260000
2004-01-22,19.238889694213867,19.304443359375,19.0977783203125,19.254444122314453,12.416508674621582,1600200
2004-01-23,19.278888702392578,19.288888931274414,19.177778244018555,19.22222137451172,12.39572525024414,811800
2004-01-26,19.274444580078125,19.350000381469727,19.191110610961914,19.350000381469727,12.478127479553223,1946700
2004-01-27,19.38888931274414,19.447778701782227,19.22222137451172,19.252222061157227,12.415074348449707,2822400
2004-01-28,19.35555648803711,19.384443283081055,18.955556869506836,18.979999542236328,12.239526748657227,2428200
2004-01-29,18.904443740844727,18.94333267211914,18.367778778076172,18.681110382080078,12.046784400939941,3085200
2004-01-30,18.55555534362793,18.658889770507812,18.516666412353516,18.655555725097656,12.030303001403809,1413900
2004-02-02,18.68000030517578,18.684444427490234,18.577777862548828,18.65999984741211,12.033174514770508,1466100
2004-02-03,18.672222137451172,18.672222137451172,18.52666664123535,18.55555534362793,11.9658203125,941400
2004-02-04,18.455556869506836,18.483333587646484,18.38888931274414,18.38888931274414,11.858339309692383,1133100
2004-02-05,18.334444046020508,18.41777801513672,18.30555534362793,18.383333206176758,11.854756355285645,1764000
2004-02-06,18.574443817138672,18.851110458374023,18.557777404785156,18.802221298217773,12.124881744384766,1868400
2004-02-09,19.0,19.165555953979492,18.88888931274414,19.073333740234375,12.299714088439941,882000
2004-02-10,19.079999923706055,19.0977783203125,19.012222290039062,19.05666732788086,12.288969039916992,665100
2004-02-11,19.115556716918945,19.376667022705078,19.059999465942383,19.352222442626953,12.479560852050781,2990700
2004-02-12,19.441110610961914,19.441110610961914,19.299999237060547,19.342222213745117,12.473109245300293,2559600
2004-02-13,19.561111450195312,19.572221755981445,19.343332290649414,19.35555648803711,12.481708526611328,1157400
2004-02-17,19.622222900390625,19.744443893432617,19.53555679321289,19.744443893432617,12.732489585876465,2004300
2004-02-18,19.767778396606445,19.767778396606445,19.456666946411133,19.475555419921875,12.55909252166748,894600
2004-02-19,19.47888946533203,19.530000686645508,19.30555534362793,19.30555534362793,12.449466705322266,1216800
2004-02-20,19.11111068725586,19.133333206176758,18.92888832092285,19.08888816833496,12.309744834899902,2828700
2004-02-23,19.200000762939453,19.232221603393555,18.897777557373047,18.922222137451172,12.202271461486816,1368000
2004-02-24,18.8799991607666,18.8799991607666,18.77777862548828,18.822221755981445,12.137781143188477,950400
2004-02-25,18.886667251586914,19.031110763549805,18.860000610351562,19.02777862548828,12.270340919494629,752400
2004-02-26,19.12555694580078,19.12555694580078,19.042221069335938,19.122222900390625,12.331243515014648,1440000
2004-02-27,19.341110229492188,19.434444427490234,19.288888931274414,19.393333435058594,12.506071090698242,2112300
2004-03-01,19.537778854370117,19.85444450378418,19.525556564331055,19.835556030273438,12.791242599487305,1488600
2004-03-02,19.857778549194336,19.857778549194336,19.675556182861328,19.677778244018555,12.689504623413086,1095300
2004-03-03,19.554443359375,19.56999969482422,19.422222137451172,19.55555534362793,12.61068344116211,2036700
2004-03-04,19.61111068725586,19.69444465637207,19.587778091430664,19.688888549804688,12.696666717529297,837900
2004-03-05,19.688888549804688,19.79111099243164,19.61111068725586,19.761110305786133,12.743242263793945,1043100
2004-03-08,19.844444274902344,19.88888931274414,19.572221755981445,19.572221755981445,12.621431350708008,1356300
2004-03-09,19.633333206176758,19.633333206176758,19.334444046020508,19.44444465637207,12.539033889770508,1146600
2004-03-10,19.46666717529297,19.46666717529297,18.961111068725586,19.0,12.25242805480957,3870900
2004-03-11,18.755556106567383,18.803333282470703,18.58888816833496,18.58888816833496,11.987309455871582,3832200
2004-03-12,18.61111068725586,18.788888931274414,18.61111068725586,18.744443893432617,12.087625503540039,1795500
2004-03-15,18.600000381469727,18.63888931274414,18.39444351196289,18.39444351196289,11.86192512512207,2127600
2004-03-16,18.488889694213867,18.627777099609375,18.4777774810791,18.622222900390625,12.008809089660645,2355300
2004-03-17,18.833332061767578,18.908889770507812,18.79111099243164,18.877777099609375,12.173606872558594,3899700
2004-03-18,18.931110382080078,18.99222183227539,18.834444046020508,18.988889694213867,12.245259284973145,1188000
2004-03-19,19.06333351135254,19.06333351135254,18.738889694213867,18.738889694213867,12.0840425491333,2424600
2004-03-22,18.867778778076172,18.867778778076172,18.33222198486328,18.438888549804688,11.890580177307129,3333600
2004-03-23,18.554443359375,18.643333435058594,18.554443359375,18.62444305419922,12.010244369506836,1305000
2004-03-24,18.696666717529297,18.726667404174805,18.616666793823242,18.63888931274414,12.019558906555176,889200
2004-03-25,18.68666648864746,18.827777862548828,18.666667938232422,18.82111167907715,12.137064933776855,1724400
2004-03-26,18.822221755981445,18.871110916137695,18.78333282470703,18.786666870117188,12.114852905273438,1903500
2004-03-29,19.05555534362793,19.077777862548828,19.018888473510742,19.02777862548828,12.270340919494629,1031400
2004-03-30,19.163333892822266,19.275556564331055,19.13888931274414,19.261110305786133,12.420802116394043,2089800
2004-03-31,19.433332443237305,19.5,19.391111373901367,19.5,12.574854850769043,1773900
2004-04-01,19.543333053588867,19.671110153198242,19.54111099243164,19.658889770507812,12.677319526672363,1648800
2004-04-02,19.883333206176758,19.899999618530273,19.814443588256836,19.85555648803711,12.8041410446167,4001400
2004-04-05,20.020000457763672,20.020000457763672,19.955556869506836,19.994443893432617,12.893702507019043,1177200
2004-04-06,20.002222061157227,20.11111068725586,19.994443893432617,20.10555648803711,12.965359687805176,721800
2004-04-07,20.211111068725586,20.217777252197266,19.94444465637207,20.03333282470703,12.918785095214844,1936800
2004-04-08,20.225555419921875,20.233333587646484,19.998889923095703,20.049999237060547,12.929533958435059,802800
2004-04-12,20.200000762939453,20.266666412353516,20.15999984741211,20.204444885253906,13.029128074645996,1048500
2004-04-13,20.21666717529297,20.21666717529297,19.926666259765625,19.968889236450195,12.877228736877441,1538100
2004-04-14,19.81999969482422,19.81999969482422,19.658889770507812,19.6744441986084,12.687352180480957,2323800
2004-04-15,19.683332443237305,19.683332443237305,19.391111373901367,19.511110305786133,12.582025527954102,1017000
2004-04-16,19.572221755981445,19.688888549804688,19.491111755371094,19.655555725097656,12.675168991088867,1371600
2004-04-19,19.65333366394043,19.688888549804688,19.59666633605957,19.688888549804688,12.696666717529297,1085400
2004-04-20,19.775556564331055,19.775556564331055,19.455556869506836,19.516666412353516,12.585606575012207,2962800
2004-04-21,19.49333381652832,19.49333381652832,19.345556259155273,19.372222900390625,12.492461204528809,1021500
2004-04-22,19.200000762939453,19.37555694580078,19.14666748046875,19.366666793823242,12.488874435424805,3693600
2004-04-23,19.44444465637207,19.627777099609375,19.44444465637207,19.511110305786133,12.582025527954102,1196100
2004-04-26,19.516666412353516,19.516666412353516,19.2277774810791,19.233333587646484,12.4028959274292,1556100
2004-04-27,19.327777862548828,19.33222198486328,19.13111114501953,19.13111114501953,12.336973190307617,837000
2004-04-28,19.09000015258789,19.09000015258789,18.557777404785156,18.583332061767578,11.983731269836426,3704400
2004-04-29,18.333332061767578,18.333332061767578,17.920000076293945,17.971111297607422,11.588932037353516,5024700
2004-04-30,17.80555534362793,17.90333366394043,17.565555572509766,17.58888816833496,11.342448234558105,4438800
2004-05-03,17.642221450805664,17.766666412353516,17.6200008392334,17.76555633544922,11.456380844116211,2169900
2004-05-04,18.136667251586914,18.21444320678711,17.969999313354492,18.113332748413086,11.680642127990723,1849500
2004-05-05,18.176666259765625,18.247777938842773,18.06999969482422,18.157777786254883,11.709306716918945,1089900
2004-05-06,17.88888931274414,17.908889770507812,17.74222183227539,17.781110763549805,11.46640396118164,3132000
2004-05-07,17.566667556762695,17.566667556762695,17.254444122314453,17.38111114501953,11.20845890045166,5904900
2004-05-10,16.670000076293945,16.788888931274414,16.528888702392578,16.542221069335938,10.66749095916748,4054500
2004-05-11,16.835556030273438,17.05555534362793,16.827777862548828,17.03333282470703,10.984189987182617,3686400
2004-05-12,17.06999969482422,17.14444351196289,16.577777862548828,17.038888931274414,10.987774848937988,7226100
2004-05-13,16.822221755981445,17.092222213745117,16.799999237060547,16.994443893432617,10.959112167358398,3628800
2004-05-14,16.841110229492188,16.8700008392334,16.376667022705078,16.546667098999023,10.67035961151123,7549200
2004-05-17,15.88888931274414,16.331111907958984,15.883333206176758,15.884444236755371,10.243313789367676,4436100
2004-05-18,16.41111183166504,16.498889923095703,16.205556869506836,16.356666564941406,10.547835350036621,2379600
2004-05-19,17.28333282470703,17.28555679321289,16.790000915527344,16.808889389038086,10.839455604553223,4035600
2004-05-20,16.84666633605957,16.87555694580078,16.6744441986084,16.705556869506836,10.772818565368652,3769200
2004-05-21,17.003332138061523,17.14444351196289,16.979999542236328,16.979999542236328,10.949798583984375,3830400
2004-05-24,17.498889923095703,17.498889923095703,17.094444274902344,17.244443893432617,11.120329856872559,2328300
2004-05-25,17.219999313354492,17.655555725097656,17.11111068725586,17.62444305419922,11.365379333496094,3232800
2004-05-26,17.755556106567383,17.755556106567383,17.523332595825195,17.55555534362793,11.320955276489258,1452600
2004-05-27,17.876667022705078,17.907777786254883,17.73444366455078,17.833332061767578,11.500082015991211,1737000
2004-05-28,18.0222225189209,18.0222225189209,17.733333587646484,17.794443130493164,11.47500228881836,847800
2004-06-01,17.811111450195312,17.811111450195312,17.616666793823242,17.671110153198242,11.395472526550293,2627100
2004-06-02,17.649999618530273,17.719999313354492,17.488889694213867,17.671110153198242,11.395472526550293,2570400
2004-06-03,17.316667556762695,17.401111602783203,17.26333236694336,17.278888702392578,11.142539024353027,2385000
2004-06-04,17.45888900756836,17.60444450378418,17.44444465637207,17.53333282470703,11.306626319885254,2214900
2004-06-07,17.877777099609375,18.16111183166504,17.711111068725586,18.13888931274414,11.697122573852539,2310300
2004-06-08,18.05555534362793,18.05555534362793,17.77777862548828,17.886667251586914,11.534477233886719,3527100
2004-06-09,17.737777709960938,17.737777709960938,17.469999313354492,17.482221603393555,11.273665428161621,1899000
2004-06-10,17.456666946411133,17.53333282470703,17.43666648864746,17.502222061157227,11.28656005859375,1696500
2004-06-14,17.016666412353516,17.02111053466797,16.827777862548828,16.827777862548828,10.85163688659668,3090600
2004-06-15,17.132221221923828,17.27777862548828,17.079999923706055,17.15333366394043,11.061575889587402,1977300
2004-06-16,17.162221908569336,17.162221908569336,16.90333366394043,16.92333221435547,10.913254737854004,2049300
2004-06-17,16.915555953979492,17.092222213745117,16.889999389648438,17.00777816772461,10.967713356018066,2328300
2004-06-18,17.184444427490234,17.184444427490234,16.77777862548828,16.91111183166504,10.905373573303223,2426400
2004-06-21,17.20888900756836,17.20888900756836,16.98666763305664,16.988889694213867,10.95553207397461,876600
2004-06-22,17.074443817138672,17.21444320678711,17.016666412353516,17.168888092041016,11.07160758972168,971100
2004-06-23,17.177778244018555,17.494443893432617,17.100000381469727,17.474443435668945,11.268647193908691,1182600
2004-06-24,17.752222061157227,17.753332138061523,17.542221069335938,17.544443130493164,11.313787460327148,1177200
2004-06-25,17.71444320678711,17.792221069335938,17.697778701782227,17.72222137451172,11.42842960357666,845100
2004-06-28,17.899999618530273,17.899999618530273,17.56222152709961,17.57111167907715,11.330982208251953,1017900
2004-06-29,17.55555534362793,17.72222137451172,17.55555534362793,17.705556869506836,11.417685508728027,727200
2004-06-30,17.83888816833496,18.043333053588867,17.68777847290039,17.95888900756836,11.581048965454102,3212100
2004-07-01,17.834444046020508,17.865556716918945,17.698888778686523,17.73444366455078,11.43631362915039,2195100
2004-07-02,17.77777862548828,17.83888816833496,17.724443435668945,17.733333587646484,11.435591697692871,1892700
2004-07-06,17.788888931274414,17.794443130493164,17.543333053588867,17.543333053588867,11.313071250915527,1564200
2004-07-07,17.577777862548828,17.872222900390625,17.577777862548828,17.7722225189209,11.460674285888672,1983600
2004-07-08,17.666667938232422,17.695556640625,17.518888473510742,17.518888473510742,11.297307968139648,1692900
2004-07-09,17.61111068725586,17.747777938842773,17.581111907958984,17.61222267150879,11.357499122619629,1484100
2004-07-12,17.565555572509766,17.60333251953125,17.44444465637207,17.566667556762695,11.328120231628418,1049400
2004-07-13,17.648889541625977,17.67888832092285,17.543333053588867,17.64666748046875,11.37971019744873,1014300
2004-07-14,17.557777404785156,17.63777732849121,17.4777774810791,17.4777774810791,11.270800590515137,1017900
2004-07-15,17.392221450805664,17.448888778686523,17.299999237060547,17.386667251586914,11.212043762207031,3766500
2004-07-16,17.639999389648438,17.665555953979492,17.55555534362793,17.577777862548828,11.335285186767578,983700
2004-07-19,17.594444274902344,17.6744441986084,17.462221145629883,17.551111221313477,11.31808853149414,995400
2004-07-20,17.566667556762695,17.62555694580078,17.481111526489258,17.62555694580078,11.366095542907715,1849500
2004-07-21,17.77666664123535,17.77666664123535,17.35444450378418,17.422222137451172,11.234968185424805,1780200
2004-07-22,17.267778396606445,17.422222137451172,17.200000762939453,17.422222137451172,11.234968185424805,3069000
2004-07-23,17.37555694580078,17.37555694580078,17.04888916015625,17.122222900390625,11.041515350341797,1970100
2004-07-26,17.09666633605957,17.168888092041016,16.922222137451172,16.963333129882812,10.93905258178711,1141200
2004-07-27,17.0,17.286666870117188,17.0,17.286666870117188,11.14755630493164,1133100
2004-07-28,17.221111297607422,17.28333282470703,17.083332061767578,17.281110763549805,11.143972396850586,1314000
2004-07-29,17.258888244628906,17.38888931274414,17.20222282409668,17.38888931274414,11.21347713470459,2531700
2004-07-30,17.397777557373047,17.421110153198242,17.281110763549805,17.30555534362793,11.159736633300781,2052900
2004-08-02,17.224443435668945,17.251110076904297,17.17888832092285,17.218889236450195,11.103849411010742,2377800
2004-08-03,17.218889236450195,17.35444450378418,17.204444885253906,17.238889694213867,11.116748809814453,2743200
2004-08-04,17.205556869506836,17.255556106567383,17.08888816833496,17.255556106567383,11.127495765686035,2527200
2004-08-05,17.511110305786133,17.5222225189209,17.143333435058594,17.14444351196289,11.055843353271484,2399400
2004-08-06,17.197778701782227,17.200000762939453,17.0,17.020000457763672,10.975593566894531,1493100
2004-08-09,17.22222137451172,17.27777862548828,17.162221908569336,17.162221908569336,11.067304611206055,726300
2004-08-10,17.149999618530273,17.378889083862305,17.149999618530273,17.35555648803711,11.191980361938477,963900
2004-08-11,17.177778244018555,17.207778930664062,17.025556564331055,17.19444465637207,11.08808708190918,1772100
2004-08-12,17.166667938232422,17.177778244018555,17.002222061157227,17.002222061157227,10.964128494262695,736200
2004-08-13,17.21666717529297,17.219999313354492,17.004444122314453,17.028888702392578,10.981324195861816,1442700
2004-08-16,17.038888931274414,17.288888931274414,17.038888931274414,17.261110305786133,11.131075859069824,1655100
2004-08-17,17.318889617919922,17.4244441986084,17.27666664123535,17.376667022705078,11.20559310913086,1665000
2004-08-18,17.34000015258789,17.583332061767578,17.281110763549805,17.58222198486328,11.33814811706543,1214100
2004-08-19,17.7722225189209,17.7722225189209,17.540000915527344,17.601110458374023,11.35033130645752,1306800
2004-08-20,17.627777099609375,17.77111053466797,17.600000381469727,17.688888549804688,11.406933784484863,1683000
2004-08-23,17.712221145629883,17.835556030273438,17.58888816833496,17.78444480895996,11.468555450439453,2262600
2004-08-24,17.738889694213867,17.818889617919922,17.711111068725586,17.733333587646484,11.435591697692871,881100
2004-08-25,17.77777862548828,17.950000762939453,17.755556106567383,17.94444465637207,11.571733474731445,1098900
2004-08-26,18.011110305786133,18.011110305786133,17.931110382080078,17.968889236450195,11.587495803833008,1036800
2004-08-27,18.016666412353516,18.017778396606445,17.93000030517578,17.935556411743164,11.56600284576416,1988100
2004-08-30,17.877777099609375,17.877777099609375,17.799999237060547,17.83888816833496,11.503664016723633,738900
2004-08-31,17.86111068725586,17.93777847290039,17.78444480895996,17.916667938232422,11.553818702697754,2889000
2004-09-01,18.054443359375,18.064443588256836,17.922222137451172,18.064443588256836,11.64911937713623,3053700
2004-09-02,18.133333206176758,18.316667556762695,18.053333282470703,18.288888931274414,11.793853759765625,2511900
2004-09-03,18.211111068725586,18.211111068725586,18.044443130493164,18.094444274902344,11.668464660644531,2269800
2004-09-07,18.139999389648438,18.2722225189209,18.13888931274414,18.233333587646484,11.758028984069824,2881800
2004-09-08,18.083332061767578,18.30555534362793,18.083332061767578,18.22222137451172,11.75086498260498,1415700
2004-09-09,18.155555725097656,18.315555572509766,18.155555725097656,18.27777862548828,11.786689758300781,2348100
2004-09-10,18.350000381469727,18.517778396606445,18.333332061767578,18.45111083984375,11.89846420288086,851400
2004-09-13,18.594444274902344,18.688888549804688,18.583332061767578,18.6200008392334,12.007378578186035,1343700
2004-09-14,18.72222137451172,18.72222137451172,18.600000381469727,18.613332748413086,12.003081321716309,1825200
2004-09-15,18.641111373901367,18.649999618530273,18.495555877685547,18.531110763549805,11.950057029724121,1323000
2004-09-16,18.744443893432617,18.822221755981445,18.69444465637207,18.76333236694336,12.099807739257812,1190700
2004-09-17,18.70888900756836,18.988889694213867,18.705556869506836,18.88888931274414,12.180773735046387,1954800
2004-09-20,18.918888092041016,18.94444465637207,18.705556869506836,18.907777786254883,12.192954063415527,1203300
2004-09-21,19.0,19.197778701782227,18.988889694213867,19.10555648803711,12.320499420166016,2047500
2004-09-22,19.0,19.018888473510742,18.814443588256836,18.816667556762695,12.134200096130371,1795500
2004-09-23,18.711111068725586,18.905555725097656,18.706666946411133,18.899999618530273,12.187943458557129,1719900
2004-09-24,18.85444450378418,18.866666793823242,18.77666664123535,18.84666633605957,12.153543472290039,1989900
2004-09-27,18.83222198486328,18.83222198486328,18.649999618530273,18.73444366455078,12.081178665161133,2089800
2004-09-28,18.774444580078125,18.997777938842773,18.774444580078125,18.96666717529297,12.230932235717773,1298700
2004-09-29,18.922222137451172,19.077777862548828,18.891111373901367,19.066667556762695,12.295415878295898,530100
2004-09-30,19.08888816833496,19.166667938232422,19.0222225189209,19.166667938232422,12.359905242919922,1413900
2004-10-01,19.286666870117188,19.55555534362793,19.255556106567383,19.53333282470703,12.596353530883789,2111400
2004-10-04,19.733333587646484,19.906667709350586,19.692222595214844,19.866666793823242,12.811310768127441,2671200
2004-10-05,19.67333221435547,19.81222152709961,19.622222900390625,19.719999313354492,12.716731071472168,2332800
2004-10-06,19.744443893432617,19.947778701782227,19.707778930664062,19.947778701782227,12.863612174987793,2286000
2004-10-07,19.866666793823242,19.8700008392334,19.72222137451172,19.77777862548828,12.753984451293945,3072600
2004-10-08,19.755556106567383,19.833332061767578,19.586666107177734,19.633333206176758,12.660840034484863,1929600
2004-10-11,19.726667404174805,19.747777938842773,19.666667938232422,19.73555564880371,12.72675895690918,1278000
2004-10-12,19.38888931274414,19.431110382080078,19.266666412353516,19.4244441986084,12.52613353729248,3061800
2004-10-13,19.401111602783203,19.401111602783203,19.03444480895996,19.16111183166504,12.356322288513184,4212900
2004-10-14,19.083332061767578,19.13777732849121,18.872222900390625,18.899999618530273,12.187943458557129,1920600
2004-10-15,18.91777801513672,19.21666717529297,18.91777801513672,19.1522216796875,12.35058879852295,775800
2004-10-18,19.22888946533203,19.382221221923828,19.200000762939453,19.35555648803711,12.481708526611328,1413900
2004-10-19,19.516666412353516,19.60333251953125,19.262222290039062,19.262222290039062,12.42152214050293,1402200
2004-10-20,19.231111526489258,19.245555877685547,19.068889617919922,19.141111373901367,12.343423843383789,3414600
2004-10-21,19.244443893432617,19.416667938232422,19.22222137451172,19.416667938232422,12.521120071411133,1761300
2004-10-22,19.47222137451172,19.47222137451172,19.255556106567383,19.27777862548828,12.43155288696289,1204200
2004-10-25,19.22222137451172,19.329999923706055,19.1200008392334,19.329999923706055,12.465231895446777,3783600
2004-10-26,19.322221755981445,19.422222137451172,19.287778854370117,19.399999618530273,12.510370254516602,2438100
2004-10-27,19.496667861938477,19.77777862548828,19.457778930664062,19.733333587646484,12.725323677062988,3141000
2004-10-28,19.63888931274414,19.77777862548828,19.530000686645508,19.635555267333984,12.662275314331055,3662100
2004-10-29,19.672222137451172,19.744443893432617,19.628889083862305,19.712221145629883,12.711713790893555,4755600
2004-11-01,19.88111114501953,19.89444351196289,19.76333236694336,19.858888626098633,12.806291580200195,1892700
2004-11-02,19.94444465637207,20.095556259155273,19.88888931274414,19.904443740844727,12.83566951751709,1888200
2004-11-03,20.35555648803711,20.38888931274414,20.17333221435547,20.19444465637207,13.022683143615723,2423700
2004-11-04,20.211111068725586,20.573333740234375,20.184444427490234,20.5,13.219725608825684,7040700
2004-11-05,20.61111068725586,20.616666793823242,20.5222225189209,20.577777862548828,13.269877433776855,5571000
2004-11-08,20.455556869506836,20.4777774810791,20.334444046020508,20.345556259155273,13.120125770568848,1092600
2004-11-09,20.44444465637207,20.483333587646484,20.413333892822266,20.476667404174805,13.20467472076416,1039500
2004-11-10,20.61111068725586,20.616666793823242,20.48555564880371,20.5,13.219725608825684,1553400
2004-11-11,20.55555534362793,20.773332595825195,20.52666664123535,20.733333587646484,13.370185852050781,1473300
2004-11-12,20.816667556762695,21.107778549194336,20.691110610961914,21.083332061767578,13.595897674560547,3261600
2004-11-15,21.188888549804688,21.191110610961914,21.011110305786133,21.10333251953125,13.60879135131836,2475900
2004-11-16,21.116666793823242,21.116666793823242,20.844444274902344,20.86222267150879,13.453301429748535,964800
2004-11-17,21.27777862548828,21.453332901000977,21.218889236450195,21.333332061767578,13.75710391998291,4002300
2004-11-18,21.207778930664062,21.512222290039062,21.207778930664062,21.372222900390625,13.782186508178711,1527300
2004-11-19,21.33888816833496,21.344444274902344,21.066667556762695,21.066667556762695,13.5851469039917,1489500
2004-11-22,21.059999465942383,21.211111068725586,20.88888931274414,21.148889541625977,13.638165473937988,2629800
2004-11-23,21.106666564941406,21.2722225189209,21.100000381469727,21.185556411743164,13.66181755065918,2463300
2004-11-24,21.399999618530273,21.435556411743164,21.334444046020508,21.41111183166504,13.807266235351562,2287800
2004-11-26,21.52777862548828,21.782222747802734,21.497777938842773,21.766666412353516,14.036545753479004,1315800
2004-11-29,21.788888931274414,21.790000915527344,21.633333206176758,21.633333206176758,13.950567245483398,5048100
2004-11-30,21.811111450195312,21.811111450195312,21.658889770507812,21.67333221435547,13.976360321044922,3993300
2004-12-01,21.799999237060547,21.872222900390625,21.738889694213867,21.83888816833496,14.083127975463867,6652800
2004-12-02,22.0,22.0,21.788888931274414,21.80666732788086,14.062346458435059,2802600
2004-12-03,21.793333053588867,21.91111183166504,21.744443893432617,21.905555725097656,14.126114845275879,1987200
2004-12-06,21.88888931274414,21.88888931274414,21.72222137451172,21.87444305419922,14.106051445007324,1561500
2004-12-07,21.833332061767578,21.833332061767578,21.456666946411133,21.538888931274414,13.889664649963379,2119500
2004-12-08,21.46666717529297,21.46666717529297,21.248889923095703,21.425556182861328,13.816582679748535,2682000
2004-12-09,21.05555534362793,21.195556640625,20.920000076293945,21.07666778564453,13.591590881347656,3485700
2004-12-10,20.899999618530273,21.072221755981445,20.80666732788086,21.05555534362793,13.57797622680664,2543400
2004-12-13,21.266666412353516,21.37555694580078,21.149999618530273,21.37555694580078,13.78433895111084,2016000
2004-12-14,21.441110610961914,21.58888816833496,21.41111183166504,21.572221755981445,13.911162376403809,2101500
2004-12-15,21.788888931274414,21.871110916137695,21.733333587646484,21.871110916137695,14.103900909423828,2272500
2004-12-16,21.925556182861328,21.925556182861328,21.60333251953125,21.761110305786133,14.032965660095215,1358100
2004-12-17,21.801111221313477,21.850000381469727,21.666667938232422,21.711111068725586,14.000728607177734,2043000
2004-12-20,21.94444465637207,21.996667861938477,21.7277774810791,21.994443893432617,14.183435440063477,1858500
2004-12-21,22.05555534362793,22.207778930664062,21.94444465637207,22.205556869506836,14.319578170776367,2205900
2004-12-22,22.229999542236328,22.266666412353516,22.1522216796875,22.200000762939453,14.315996170043945,3082500
2004-12-23,22.121110916137695,22.121110916137695,21.96444320678711,22.081111907958984,14.413396835327148,2463300
2004-12-27,22.14444351196289,22.162221908569336,22.028888702392578,22.064443588256836,14.402514457702637,1151100
2004-12-28,22.170000076293945,22.218889236450195,22.151111602783203,22.17888832092285,14.477221488952637,1299600
2004-12-29,22.252222061157227,22.301111221313477,22.19444465637207,22.301111221313477,14.557002067565918,1217700
2004-12-30,22.36111068725586,22.378889083862305,22.231111526489258,22.244443893432617,14.520012855529785,2145600
2004-12-31,22.433332443237305,22.433332443237305,22.329999923706055,22.427778244018555,14.63968276977539,1507500
2005-01-03,22.41111183166504,22.494443893432617,22.15333366394043,22.19444465637207,14.487373352050781,4275000
2005-01-04,22.13888931274414,22.149999618530273,21.511110305786133,21.511110305786133,14.041328430175781,4205700
2005-01-05,21.488889694213867,21.530000686645508,21.244443893432617,21.247777938842773,13.869434356689453,3006900
2005-01-06,21.316667556762695,21.34666633605957,21.12555694580078,21.233333587646484,13.860011100769043,2268000
2005-01-07,21.377777099609375,21.41777801513672,21.166667938232422,21.274444580078125,13.886845588684082,4920300
2005-01-10,21.399999618530273,21.512222290039062,21.294443130493164,21.301111221313477,13.904256820678711,2007000
2005-01-11,21.399999618530273,21.405555725097656,21.22333335876465,21.261110305786133,13.878138542175293,2440800
2005-01-12,21.399999618530273,21.523332595825195,21.241111755371094,21.5222225189209,14.048577308654785,3574800
2005-01-13,21.587778091430664,21.600000381469727,21.416667938232422,21.433332443237305,13.990558624267578,2884500
2005-01-14,21.666667938232422,21.816667556762695,21.333332061767578,21.816667556762695,14.240776062011719,4399200
2005-01-18,21.804443359375,21.804443359375,21.649999618530273,21.77777862548828,14.215392112731934,2329200
2005-01-19,21.886667251586914,21.886667251586914,21.4777774810791,21.4777774810791,14.019573211669922,2631600
2005-01-20,21.5,21.524444580078125,21.211111068725586,21.211111068725586,13.845501899719238,4074300
2005-01-21,21.61111068725586,21.63888931274414,21.416667938232422,21.5,14.034073829650879,3189600
2005-01-24,21.76333236694336,21.766666412353516,21.445556640625,21.46666717529297,14.01231861114502,4424400
2005-01-25,21.61111068725586,21.788888931274414,21.58888816833496,21.66111183166504,14.139243125915527,2938500
2005-01-26,22.0,22.0,21.77777862548828,21.9777774810791,14.345945358276367,3998700
2005-01-27,21.98555564880371,22.02777862548828,21.92333221435547,21.998889923095703,14.35972785949707,2467800
2005-01-28,22.049999237060547,22.072221755981445,21.925556182861328,22.018888473510742,14.37277889251709,1911600
2005-01-31,22.22222137451172,22.416667938232422,22.217777252197266,22.308889389038086,14.562079429626465,3035700
2005-02-01,22.442222595214844,22.544443130493164,22.364444732666016,22.5,14.686822891235352,4391100
2005-02-02,22.502222061157227,22.57111167907715,22.44444465637207,22.57111167907715,14.733241081237793,2074500
2005-02-03,22.5,22.56999969482422,22.435556411743164,22.54777717590332,14.718008041381836,1639800
2005-02-04,22.681110382080078,22.933332443237305,22.622222900390625,22.899999618530273,14.947917938232422,2437200
2005-02-07,22.933332443237305,23.00777816772461,22.933332443237305,22.97222137451172,14.995063781738281,3883500
2005-02-08,23.016666412353516,23.049999237060547,22.935556411743164,23.016666412353516,15.024077415466309,3652200
2005-02-09,23.072221755981445,23.086666107177734,22.90999984741211,22.942222595214844,14.975482940673828,1933200
2005-02-10,22.86111068725586,23.054443359375,22.834444046020508,23.053333282470703,15.04800796508789,1835100
2005-02-11,23.102222442626953,23.386667251586914,23.011110305786133,23.27777862548828,15.1945161819458,3395700
2005-02-14,23.44444465637207,23.49222183227539,23.377777099609375,23.44444465637207,15.303303718566895,2181600
2005-02-15,23.516666412353516,23.61111068725586,23.422222137451172,23.5,15.33956527709961,2188800
2005-02-16,23.5,23.50777816772461,23.365556716918945,23.427778244018555,15.292426109313965,2810700
2005-02-17,23.516666412353516,23.54777717590332,23.38888931274414,23.38888931274414,15.267048835754395,2733300
2005-02-18,23.511110305786133,23.70888900756836,23.5,23.676666259765625,15.454890251159668,2485800
2005-02-22,23.799999237060547,23.933332443237305,23.544443130493164,23.59000015258789,15.398314476013184,3030300
2005-02-23,23.833332061767578,23.833332061767578,23.655555725097656,23.698888778686523,15.469403266906738,3665700
2005-02-24,23.955556869506836,24.106666564941406,23.816667556762695,24.066667556762695,15.709464073181152,4342500
2005-02-25,24.27777862548828,24.561111450195312,24.184444427490234,24.510000228881836,15.998842239379883,3551400
2005-02-28,24.72222137451172,24.725555419921875,24.364444732666016,24.468889236450195,15.972016334533691,3399300
2005-03-01,24.503332138061523,24.55555534362793,24.415555953979492,24.537778854370117,16.016984939575195,2586600
2005-03-02,24.334444046020508,24.363332748413086,24.11111068725586,24.133333206176758,15.752978324890137,4113900
2005-03-03,24.333332061767578,24.333332061767578,24.05555534362793,24.200000762939453,15.796496391296387,3303000
2005-03-04,24.441110610961914,24.54111099243164,24.39444351196289,24.488889694213867,15.985064506530762,2894400
2005-03-07,24.557777404785156,24.711111068725586,24.54777717590332,24.649999618530273,16.090232849121094,6369300
2005-03-08,24.666667938232422,24.666667938232422,24.457778930664062,24.462221145629883,15.967658996582031,4140000
2005-03-09,24.5,24.58888816833496,24.278888702392578,24.322221755981445,15.876280784606934,9405900
2005-03-10,24.166667938232422,24.27777862548828,24.03444480895996,24.08888816833496,15.723970413208008,6785100
2005-03-11,24.110000610351562,24.27777862548828,23.92333221435547,23.953332901000977,15.63548469543457,7883100
2005-03-14,23.889999389648438,24.016666412353516,23.677778244018555,23.770000457763672,15.5158109664917,5286600
2005-03-15,23.733333587646484,23.733333587646484,23.155555725097656,23.177778244018555,15.129246711730957,10213200
2005-03-16,23.05555534362793,23.275556564331055,22.891111373901367,22.981111526489258,15.000871658325195,9432900
2005-03-17,22.981111526489258,23.427778244018555,22.96555519104004,23.399999618530273,15.27430248260498,5334300
2005-03-18,23.55555534362793,23.55555534362793,23.22333335876465,23.294443130493164,15.205392837524414,3633300
2005-03-21,23.303333282470703,23.30666732788086,22.89444351196289,22.957778930664062,14.985637664794922,7577100
2005-03-22,22.922222137451172,23.21444320678711,22.467777252197266,22.53333282470703,14.708582878112793,9414000
2005-03-23,22.233333587646484,22.57666778564453,22.22222137451172,22.247777938842773,14.522188186645508,9893700
2005-03-24,22.333332061767578,22.61111068725586,22.22222137451172,22.22333335876465,14.506229400634766,7579800
2005-03-28,22.544443130493164,22.544443130493164,22.252222061157227,22.376667022705078,14.606318473815918,4377600
2005-03-29,22.288888931274414,22.288888931274414,21.761110305786133,21.79777717590332,14.228448867797852,9969300
2005-03-30,22.11111068725586,22.38888931274414,21.955556869506836,22.294443130493164,14.552648544311523,7332300
2005-03-31,22.23444366455078,22.61111068725586,22.23444366455078,22.53333282470703,14.708582878112793,8780400
2005-04-01,22.61111068725586,23.191110610961914,22.61111068725586,22.666667938232422,14.795620918273926,16286400
2005-04-04,22.761110305786133,22.761110305786133,22.45111083984375,22.71666717529297,14.828248023986816,6831000
2005-04-05,22.72222137451172,22.88888931274414,22.68666648864746,22.711111068725586,14.82463264465332,6283800
2005-04-06,22.88888931274414,23.287778854370117,22.88888931274414,23.0222225189209,15.027709007263184,7750800
2005-04-07,23.122222900390625,23.27777862548828,23.05555534362793,23.254444122314453,15.179291725158691,7542900
2005-04-08,23.200000762939453,23.225555419921875,23.10555648803711,23.14444351196289,15.107484817504883,4489200
2005-04-11,23.058889389038086,23.07666778564453,22.721111297607422,22.922222137451172,14.962434768676758,4360500
2005-04-12,22.922222137451172,23.211111068725586,22.566667556762695,23.211111068725586,15.151000022888184,9810000
2005-04-13,23.08888816833496,23.08888816833496,22.748889923095703,22.748889923095703,14.849291801452637,8005500
2005-04-14,22.666667938232422,22.666667938232422,22.14555549621582,22.166667938232422,14.469246864318848,11493000
2005-04-15,22.05555534362793,22.20111083984375,21.666667938232422,21.700000762939453,14.164623260498047,10748700
2005-04-18,21.55555534362793,21.956666946411133,21.530000686645508,21.956666946411133,14.332167625427246,8464500
2005-04-19,22.083332061767578,22.33222198486328,22.083332061767578,22.324443817138672,14.572234153747559,10558800
2005-04-20,22.344444274902344,22.344444274902344,21.79777717590332,21.79777717590332,14.228448867797852,5861700
2005-04-21,22.03333282470703,22.43666648864746,22.001110076904297,22.425556182861328,14.638230323791504,8097300
2005-04-22,22.35555648803711,22.382221221923828,22.0,22.177778244018555,14.476492881774902,3726900
2005-04-25,22.311111450195312,22.621110916137695,22.2722225189209,22.5977783203125,14.750645637512207,5287500
2005-04-26,22.44444465637207,22.586666107177734,22.307777404785156,22.366666793823242,14.5997896194458,7710300
2005-04-27,22.211111068725586,22.307777404785156,22.0222225189209,22.164443969726562,14.467791557312012,5884200
2005-04-28,22.05555534362793,22.05555534362793,21.770000457763672,21.811111450195312,14.23715591430664,5853600
2005-04-29,22.05555534362793,22.29777717590332,21.834444046020508,22.252222061157227,14.525091171264648,8967600
2005-05-02,22.36111068725586,22.666667938232422,22.22222137451172,22.399999618530273,14.621553421020508,8076600
2005-05-03,22.38888931274414,22.474443435668945,22.295555114746094,22.378889083862305,14.607771873474121,4197600
2005-05-04,22.44444465637207,23.06333351135254,22.44444465637207,22.988889694213867,15.005949020385742,13998600
2005-05-05,23.05555534362793,23.262222290039062,22.822221755981445,23.110000610351562,15.085000991821289,8592300
2005-05-06,23.077777862548828,23.261110305786133,23.077777862548828,23.172222137451172,15.125619888305664,5188500
2005-05-09,23.0,23.258888244628906,23.0,23.19333267211914,15.13939380645752,2353500
2005-05-10,22.91111183166504,22.98666763305664,22.666667938232422,22.672222137451172,14.79924488067627,11310300
2005-05-11,22.77777862548828,22.802221298217773,22.49333381652832,22.77777862548828,14.868146896362305,4614300
2005-05-12,22.7277774810791,22.788888931274414,22.333332061767578,22.38888931274414,14.614296913146973,7258500
2005-05-13,22.44444465637207,22.45111083984375,22.113332748413086,22.158889770507812,14.464164733886719,14046300
2005-05-16,22.27777862548828,22.422222137451172,22.149999618530273,22.422222137451172,14.636055946350098,6050700
2005-05-17,22.26555633544922,22.497777938842773,22.203332901000977,22.427778244018555,14.63968276977539,5792400
2005-05-18,22.5,23.0,22.5,22.87444305419922,14.931241035461426,9004500
2005-05-19,22.935556411743164,23.011110305786133,22.86111068725586,22.957778930664062,14.985637664794922,4374900
2005-05-20,22.871110916137695,22.91111183166504,22.729999542236328,22.899999618530273,14.947917938232422,3003300
2005-05-23,22.811111450195312,23.0222225189209,22.786666870117188,22.975555419921875,14.997243881225586,4296600
2005-05-24,22.863332748413086,22.908889770507812,22.822221755981445,22.908889770507812,14.95372486114502,2808000
2005-05-25,22.863332748413086,22.863332748413086,22.72222137451172,22.744443893432617,14.846384048461914,2107800
2005-05-26,22.86111068725586,23.054443359375,22.85555648803711,23.0,15.013200759887695,2253600
2005-05-27,23.100000381469727,23.185556411743164,23.051111221313477,23.155555725097656,15.114739418029785,1422900
2005-05-31,23.11111068725586,23.11111068725586,22.927778244018555,22.955556869506836,14.984184265136719,2979000
2005-06-01,22.88888931274414,23.244443893432617,22.87555694580078,23.226667404174805,15.161158561706543,12789000
2005-06-02,23.200000762939453,23.40999984741211,23.177778244018555,23.40333366394043,15.27647590637207,4039200
2005-06-03,23.40999984741211,23.498889923095703,23.239999771118164,23.282222747802734,15.197413444519043,5648400
2005-06-06,23.334444046020508,23.52111053466797,23.288888931274414,23.516666412353516,15.35045051574707,3159900
2005-06-07,23.468889236450195,23.615556716918945,23.366666793823242,23.399999618530273,15.27430248260498,5063400
2005-06-08,23.48444366455078,23.546667098999023,23.307777404785156,23.311111450195312,15.216278076171875,3300300
2005-06-09,23.299999237060547,23.700000762939453,23.136667251586914,23.433332443237305,15.29605484008789,2521200
2005-06-10,24.03333282470703,24.03333282470703,23.34000015258789,23.5,15.33956527709961,1604100
2005-06-13,23.53333282470703,23.666667938232422,23.433332443237305,23.593332290649414,15.400491714477539,2461200
2005-06-14,23.643333435058594,23.69333267211914,23.549999237060547,23.690000534057617,15.463600158691406,3508500
2005-06-15,23.690000534057617,23.866666793823242,23.610000610351562,23.866666793823242,15.578909873962402,4562400
2005-06-16,23.833332061767578,24.116666793823242,23.833332061767578,24.079999923706055,15.71816635131836,7155300
2005-06-17,24.133333206176758,24.393333435058594,24.133333206176758,24.3700008392334,15.907458305358887,9405000
2005-06-20,24.133333206176758,24.213333129882812,23.979999542236328,24.149999618530273,15.763863563537598,3104400
2005-06-21,24.100000381469727,24.100000381469727,24.0,24.03333282470703,15.687700271606445,1580100
2005-06-22,24.333332061767578,24.343332290649414,24.10333251953125,24.260000228881836,15.835665702819824,1702500
2005-06-23,24.266666412353516,24.266666412353516,23.803333282470703,23.833332061767578,15.557149887084961,3368400
2005-06-24,23.803333282470703,23.850000381469727,23.700000762939453,23.75,15.502761840820312,2401500
2005-06-27,23.77666664123535,24.03333282470703,23.703332901000977,23.899999618530273,15.60067367553711,2256000
2005-06-28,23.916667938232422,24.116666793823242,23.899999618530273,24.079999923706055,15.71816635131836,2268000
2005-06-29,24.133333206176758,24.133333206176758,23.906667709350586,23.940000534057617,15.626779556274414,2398800
2005-06-30,24.31333351135254,24.31333351135254,23.376667022705078,23.866666793823242,15.578909873962402,6049800
2005-07-01,24.079999923706055,24.10333251953125,23.883333206176758,23.953332901000977,15.63548469543457,3820200
2005-07-05,23.833332061767578,24.059999465942383,23.799999237060547,24.059999465942383,15.705105781555176,4650300
2005-07-06,23.809999465942383,24.066667556762695,23.809999465942383,23.94333267211914,15.628960609436035,3660600
2005-07-07,23.666667938232422,24.016666412353516,23.666667938232422,24.01333236694336,15.674650192260742,2380200
2005-07-08,24.03333282470703,24.280000686645508,24.01333236694336,24.26333236694336,15.837835311889648,3537300
2005-07-11,24.329999923706055,24.633333206176758,24.329999923706055,24.633333206176758,16.0793514251709,4310400
2005-07-12,24.733333587646484,24.963333129882812,24.67333221435547,24.926666259765625,16.27082633972168,2952900
2005-07-13,25.0,25.0,24.843332290649414,24.90999984741211,16.259944915771484,9842700
2005-07-14,25.333332061767578,25.333332061767578,25.003332138061523,25.053333282470703,16.3535099029541,9327300
2005-07-15,25.163333892822266,25.163333892822266,24.833332061767578,24.916667938232422,16.264299392700195,2388000
2005-07-18,24.916667938232422,24.916667938232422,24.766666412353516,24.84000015258789,16.214256286621094,3743100
2005-07-19,24.899999618530273,25.1299991607666,24.8700008392334,25.123332977294922,16.39919662475586,5014500
2005-07-20,25.083332061767578,25.183332443237305,24.950000762939453,25.126667022705078,16.401376724243164,5917800
2005-07-21,25.17333221435547,25.450000762939453,25.163333892822266,25.399999618530273,16.579795837402344,4680900
2005-07-22,25.399999618530273,25.40999984741211,25.309999465942383,25.34000015258789,16.540626525878906,2613000
2005-07-25,25.40999984741211,25.483333587646484,25.1200008392334,25.1200008392334,16.39702606201172,4800900
2005-07-26,25.18000030517578,25.26333236694336,25.020000457763672,25.26333236694336,16.490585327148438,5155800
2005-07-27,25.28333282470703,25.549999237060547,25.21666717529297,25.399999618530273,16.579795837402344,5392500
2005-07-28,25.5,25.799999237060547,25.483333587646484,25.71666717529297,16.786502838134766,7756800
2005-07-29,25.74333381652832,25.803333282470703,25.670000076293945,25.700000762939453,16.77561378479004,4639200
2005-08-01,25.899999618530273,26.1200008392334,25.899999618530273,26.1200008392334,17.049774169921875,5386200
2005-08-02,26.450000762939453,26.583332061767578,26.25,26.583332061767578,17.352210998535156,4568100
2005-08-03,26.600000381469727,26.623332977294922,26.3700008392334,26.516666412353516,17.308696746826172,3892500
2005-08-04,26.459999084472656,26.496667861938477,26.21666717529297,26.28333282470703,17.15639305114746,5318400
2005-08-05,26.280000686645508,26.28333282470703,25.67333221435547,25.799999237060547,16.84088897705078,7166400
2005-08-08,25.816667556762695,26.133333206176758,25.816667556762695,25.976667404174805,16.95621109008789,6216900
2005-08-09,26.03333282470703,26.530000686645508,26.03333282470703,26.5,17.297815322875977,3804600
2005-08-10,26.790000915527344,26.926666259765625,26.553333282470703,26.78333282470703,17.482759475708008,6550200
2005-08-11,26.850000381469727,26.850000381469727,26.503332138061523,26.633333206176758,17.38484764099121,4969200
2005-08-12,26.600000381469727,26.600000381469727,26.083332061767578,26.350000381469727,17.199901580810547,4800600
2005-08-15,26.5,26.59666633605957,26.373332977294922,26.53333282470703,17.3195743560791,4788300
2005-08-16,26.52666664123535,26.530000686645508,26.073333740234375,26.073333740234375,17.019309997558594,4863300
2005-08-17,26.156667709350586,26.213333129882812,26.0,26.09000015258789,17.03019142150879,5755200
2005-08-18,25.75,25.816667556762695,25.553333282470703,25.610000610351562,16.71686553955078,7233000
2005-08-19,25.733333587646484,25.766666412353516,25.46666717529297,25.510000228881836,16.65159797668457,3652200
2005-08-22,25.916667938232422,26.100000381469727,25.75,25.82666778564453,16.85829734802246,6493500
2005-08-23,25.82666778564453,25.82666778564453,25.566667556762695,25.583332061767578,16.699462890625,8372100
2005-08-24,25.613332748413086,25.613332748413086,25.25,25.25,16.481882095336914,6586500
2005-08-25,25.46666717529297,25.633333206176758,25.3700008392334,25.53333282470703,16.666824340820312,5783700
2005-08-26,25.636667251586914,25.666667938232422,25.413333892822266,25.5,16.645065307617188,6064800
2005-08-29,25.446666717529297,25.78333282470703,25.3799991607666,25.780000686645508,16.827838897705078,6831300
2005-08-30,25.76333236694336,25.766666412353516,25.510000228881836,25.510000228881836,16.65159797668457,7609500
2005-08-31,25.666667938232422,26.05666732788086,25.666667938232422,26.040000915527344,16.9975528717041,5673000
2005-09-01,26.166667938232422,26.43666648864746,26.166667938232422,26.399999618530273,17.232540130615234,3919800
2005-09-02,26.450000762939453,26.666667938232422,26.450000762939453,26.633333206176758,17.38484764099121,3695100
2005-09-06,26.833332061767578,27.049999237060547,26.73666763305664,26.96666717529297,17.60243034362793,5546700
2005-09-07,27.100000381469727,27.100000381469727,26.84000015258789,27.0,17.624191284179688,5695800
2005-09-08,26.703332901000977,27.046667098999023,26.703332901000977,26.956666946411133,17.595901489257812,3900600
2005-09-09,27.049999237060547,27.40333366394043,27.049999237060547,27.35333251953125,17.85482406616211,4093800
2005-09-12,27.666667938232422,27.666667938232422,27.286666870117188,27.31333351135254,17.82871437072754,3704400
2005-09-13,27.10333251953125,27.290000915527344,26.989999771118164,27.00666618347168,17.628541946411133,3419400
2005-09-14,27.133333206176758,27.133333206176758,26.833332061767578,26.90999984741211,17.565441131591797,4386000
2005-09-15,27.166667938232422,27.19333267211914,27.053333282470703,27.066667556762695,17.667707443237305,3421800
2005-09-16,27.23666763305664,27.489999771118164,27.23666763305664,27.483333587646484,17.939687728881836,2344200
2005-09-19,27.566667556762695,27.583332061767578,27.40999984741211,27.44333267211914,17.913576126098633,2944200
2005-09-20,27.700000762939453,27.74333381652832,27.433332443237305,27.516666412353516,17.961437225341797,5556900
2005-09-21,27.790000915527344,27.799999237060547,27.25,27.77666664123535,18.13115119934082,7039500
2005-09-22,28.01333236694336,28.01333236694336,27.303333282470703,27.5,17.950565338134766,13828800
2005-09-23,27.399999618530273,27.52666664123535,27.270000457763672,27.476667404174805,17.935333251953125,3488400
2005-09-26,27.43666648864746,27.760000228881836,27.43666648864746,27.719999313354492,18.094167709350586,5961300
2005-09-27,27.75,27.75,27.49333381652832,27.536666870117188,17.974496841430664,5322000
2005-09-28,27.676666259765625,27.860000610351562,27.649999618530273,27.850000381469727,18.17902374267578,2720400
2005-09-29,28.0,28.3799991607666,27.866666793823242,28.34000015258789,18.498868942260742,5568300
2005-09-30,28.32666778564453,28.333332061767578,28.15333366394043,28.293333053588867,18.468406677246094,5457600
2005-10-03,28.416667938232422,28.540000915527344,28.293333053588867,28.47333335876465,18.585906982421875,11126100
2005-10-04,28.633333206176758,28.639999389648438,28.1200008392334,28.206666946411133,18.411836624145508,5229600
2005-10-05,28.0,28.43666648864746,27.333332061767578,27.350000381469727,17.852649688720703,9299700
2005-10-06,27.170000076293945,27.170000076293945,26.126667022705078,26.393333435058594,17.22818374633789,16650600
2005-10-07,26.666667938232422,27.15999984741211,26.666667938232422,27.046667098999023,17.654653549194336,11688900
2005-10-10,27.06999969482422,27.49333381652832,26.93000030517578,26.956666946411133,17.595901489257812,6595500
2005-10-11,27.333332061767578,27.46666717529297,27.003332138061523,27.073333740234375,17.672060012817383,7642500
2005-10-12,26.96666717529297,27.03333282470703,26.149999618530273,26.24333381652832,17.13028335571289,18120300
2005-10-13,25.96666717529297,26.100000381469727,25.53333282470703,26.079999923706055,17.02366065979004,10996200
2005-10-14,26.163333892822266,26.183332443237305,25.516666412353516,25.979999542236328,16.958391189575195,8911800
2005-10-17,26.016666412353516,26.433332443237305,26.016666412353516,26.266666412353516,17.1455078125,10719000
2005-10-18,26.290000915527344,26.290000915527344,25.600000381469727,25.600000381469727,16.71034049987793,7567500
2005-10-19,25.083332061767578,26.143333435058594,25.01333236694336,26.100000381469727,17.03671646118164,15258000
2005-10-20,26.066667556762695,26.229999542236328,24.950000762939453,25.049999237060547,16.351329803466797,8560800
2005-10-21,25.416667938232422,25.78333282470703,25.299999237060547,25.71666717529297,16.786502838134766,5144700
2005-10-24,25.833332061767578,26.433332443237305,25.799999237060547,26.40999984741211,17.239070892333984,11245800
2005-10-25,26.333332061767578,26.366666793823242,25.753332138061523,25.889999389648438,16.89963722229004,8218500
2005-10-26,26.270000457763672,26.363332748413086,25.553333282470703,25.983333587646484,16.960561752319336,6779400
2005-10-27,26.03333282470703,26.066667556762695,25.299999237060547,25.366666793823242,16.558034896850586,8886000
2005-10-28,25.616666793823242,26.059999465942383,25.46666717529297,26.03333282470703,16.99320411682129,12135300
2005-10-31,26.149999618530273,26.733333587646484,26.149999618530273,26.5,17.297815322875977,15594000
2005-11-01,26.549999237060547,26.99333381652832,26.549999237060547,26.96666717529297,17.60243034362793,12283800
2005-11-02,27.0,27.483333587646484,26.950000762939453,27.383333206176758,17.874404907226562,8200500
2005-11-03,27.5,27.78333282470703,27.333332061767578,27.413333892822266,17.893993377685547,11960400
2005-11-04,27.49333381652832,27.49333381652832,26.850000381469727,27.356666564941406,17.857006072998047,7893600
2005-11-07,27.366666793823242,27.383333206176758,27.03333282470703,27.376667022705078,17.870058059692383,4339200
2005-11-08,26.98666763305664,27.293333053588867,26.950000762939453,27.1200008392334,17.7025203704834,5464500
2005-11-09,27.133333206176758,27.56333351135254,27.086666107177734,27.52666664123535,17.967973709106445,6615600
2005-11-10,27.5,27.616666793823242,27.116666793823242,27.56999969482422,17.99625587463379,10086300
2005-11-11,27.566667556762695,27.656667709350586,27.433332443237305,27.6299991607666,18.035419464111328,3302100
2005-11-14,27.530000686645508,27.579999923706055,27.270000457763672,27.55666732788086,17.98755645751953,3023100
2005-11-15,27.536666870117188,27.663333892822266,27.30666732788086,27.399999618530273,17.885286331176758,6796800
2005-11-16,27.48666763305664,27.633333206176758,27.303333282470703,27.633333206176758,18.037595748901367,5853900
2005-11-17,27.833332061767578,28.126667022705078,27.80666732788086,28.040000915527344,18.30304718017578,10072200
2005-11-18,28.066667556762695,28.356666564941406,27.933332443237305,28.116666793823242,18.35308837890625,9530400
2005-11-21,28.136667251586914,28.233333587646484,27.959999084472656,28.133333206176758,18.363969802856445,7098000
2005-11-22,27.71666717529297,28.133333206176758,27.6299991607666,28.1200008392334,18.35526466369629,4916400
2005-11-23,28.200000762939453,28.549999237060547,28.166667938232422,28.416667938232422,18.548912048339844,5970300
2005-11-25,28.43000030517578,28.483333587646484,28.366666793823242,28.39666748046875,18.535860061645508,1453200
2005-11-28,28.459999084472656,28.57666778564453,28.149999618530273,28.21666717529297,18.41836929321289,6867300
2005-11-29,28.333332061767578,28.446666717529297,27.959999084472656,27.96666717529297,18.255178451538086,9563100
2005-11-30,28.020000457763672,28.28333282470703,28.020000457763672,28.03333282470703,18.29869842529297,7608600
2005-12-01,28.28333282470703,28.833332061767578,28.28333282470703,28.766666412353516,18.77737808227539,7673100
2005-12-02,28.81333351135254,28.96666717529297,28.706666946411133,28.733333587646484,18.755611419677734,7122000
2005-12-05,28.99333381652832,29.016666412353516,28.766666412353516,28.96666717529297,18.907928466796875,4209300
2005-12-06,29.149999618530273,29.350000381469727,29.083332061767578,29.233333587646484,19.081993103027344,6533400
2005-12-07,29.43000030517578,29.46666717529297,28.893333435058594,28.956666946411133,18.901399612426758,7268400
2005-12-08,28.799999237060547,29.059999465942383,28.666667938232422,28.739999771118164,18.759965896606445,6384000
2005-12-09,28.829999923706055,29.053333282470703,28.75,29.03333282470703,18.951438903808594,2322900
2005-12-12,29.07666778564453,29.446666717529297,29.07666778564453,29.200000762939453,19.06023406982422,4220400
2005-12-13,29.366666793823242,29.610000610351562,29.136667251586914,29.583332061767578,19.31045150756836,9045000
2005-12-14,29.600000381469727,29.600000381469727,29.260000228881836,29.386667251586914,19.182077407836914,6297600
2005-12-15,29.583332061767578,29.583332061767578,29.183332443237305,29.266666412353516,19.103742599487305,6546900
2005-12-16,29.166667938232422,29.333332061767578,29.15999984741211,29.166667938232422,19.038476943969727,4561200
2005-12-19,29.416667938232422,29.51333236694336,29.083332061767578,29.100000381469727,18.994958877563477,8100000
2005-12-20,29.333332061767578,29.399999618530273,29.166667938232422,29.350000381469727,19.15814781188965,4222200
2005-12-21,29.566667556762695,29.850000381469727,29.46666717529297,29.82666778564453,19.469289779663086,9747900
2005-12-22,29.780000686645508,29.96666717529297,29.71666717529297,29.833332061767578,19.4736385345459,5450700
2005-12-23,29.633333206176758,29.770000457763672,29.53333282470703,29.68000030517578,19.589797973632812,2106000
2005-12-27,29.53333282470703,30.0,29.350000381469727,29.350000381469727,19.37199592590332,3692400
2005-12-28,29.5,29.5,29.299999237060547,29.43000030517578,19.4247989654541,3779100
2005-12-29,29.643333435058594,29.643333435058594,29.416667938232422,29.433332443237305,19.427000045776367,4242300
2005-12-30,29.433332443237305,29.52666664123535,29.083332061767578,29.416667938232422,19.415992736816406,5410500
2006-01-03,30.059999465942383,30.583332061767578,30.0,30.516666412353516,20.14203453063965,20919600
2006-01-04,30.666667938232422,30.886667251586914,30.666667938232422,30.793333053588867,20.32464599609375,9089400
2006-01-05,30.639999389648438,30.950000762939453,30.639999389648438,30.950000762939453,20.42804718017578,4833600
2006-01-06,31.350000381469727,31.656667709350586,31.116666793823242,31.59666633605957,20.85487174987793,6328800
2006-01-09,31.833332061767578,31.969999313354492,31.483333587646484,31.906667709350586,21.05948257446289,6943800
2006-01-10,31.593332290649414,31.666667938232422,31.260000228881836,31.523332595825195,20.80646514892578,6392700
2006-01-11,31.600000381469727,31.89666748046875,31.333332061767578,31.893333435058594,21.050678253173828,7186200
2006-01-12,31.96666717529297,31.96666717529297,31.40333366394043,31.450000762939453,20.758060455322266,8059500
2006-01-13,31.53333282470703,31.649999618530273,31.383333206176758,31.483333587646484,20.78006935119629,5502300
2006-01-17,31.15999984741211,31.333332061767578,30.836666107177734,30.933332443237305,20.41704750061035,16205700
2006-01-18,30.416667938232422,31.229999542236328,30.413333892822266,30.916667938232422,20.406047821044922,16159200
2006-01-19,31.333332061767578,31.959999084472656,31.333332061767578,31.916667938232422,21.06608772277832,13730700
2006-01-20,31.959999084472656,32.116668701171875,30.96666717529297,30.96666717529297,20.439048767089844,17342400
2006-01-23,31.34000015258789,31.866666793823242,31.266666412353516,31.866666793823242,21.033084869384766,13689900
2006-01-24,31.803333282470703,32.369998931884766,31.803333282470703,32.366668701171875,21.363096237182617,10876500
2006-01-25,32.68000030517578,32.779998779296875,32.25,32.383331298828125,21.37409782409668,7494300
2006-01-26,32.573333740234375,33.150001525878906,32.563331604003906,33.150001525878906,21.880126953125,7874700
2006-01-27,33.33333206176758,33.79666519165039,33.206668853759766,33.529998779296875,22.130937576293945,11523600
2006-01-30,33.233333587646484,33.483333587646484,33.233333587646484,33.37333297729492,22.027530670166016,8699400
2006-01-31,33.43333435058594,33.630001068115234,33.16999816894531,33.59333419799805,22.172744750976562,10566900
2006-02-01,33.633331298828125,33.66666793823242,33.38666534423828,33.57666778564453,22.161741256713867,9951600
2006-02-02,33.349998474121094,33.38999938964844,32.51333236694336,32.71333312988281,21.591903686523438,14202900
2006-02-03,32.16666793823242,32.71333312988281,31.899999618530273,32.266666412353516,21.297090530395508,13244400
2006-02-06,32.793331146240234,33.03333282470703,32.59000015258789,33.03333282470703,21.803119659423828,7114500
2006-02-07,32.66666793823242,32.79999923706055,32.0533332824707,32.16666793823242,21.231090545654297,12815700
2006-02-08,31.84000015258789,32.46333312988281,31.84000015258789,32.266666412353516,21.297090530395508,13062600
2006-02-09,32.5,32.779998779296875,32.31666564941406,32.349998474121094,21.352096557617188,9540600
2006-02-10,32.70000076293945,32.70000076293945,31.963333129882812,32.29999923706055,21.3190975189209,10590300
2006-02-13,32.03333282470703,32.106666564941406,31.5,31.503332138061523,20.793270111083984,13001100
2006-02-14,31.809999465942383,32.33333206176758,31.399999618530273,32.29999923706055,21.3190975189209,14792700
2006-02-15,32.233333587646484,32.66666793823242,31.836666107177734,32.133331298828125,21.209091186523438,18738600
2006-02-16,32.46333312988281,32.973331451416016,32.33333206176758,32.96666717529297,21.759122848510742,10565400
2006-02-17,32.970001220703125,33.060001373291016,32.83333206176758,32.92333221435547,21.730514526367188,6347700
2006-02-21,33.25,33.25,32.633331298828125,32.633331298828125,21.539106369018555,9556800
2006-02-22,32.9033317565918,33.06999969482422,32.65999984741211,32.810001373291016,21.65571403503418,8539200
2006-02-23,33.02333450317383,33.06666564941406,32.720001220703125,32.79999923706055,21.64911460876465,8505900
2006-02-24,32.883331298828125,33.04999923706055,32.79999923706055,32.86333465576172,21.69091796875,7235700
2006-02-27,33.189998626708984,33.27333450317383,32.90666580200195,33.163333892822266,21.88892364501953,5115000
2006-02-28,33.05666732788086,33.05666732788086,32.233333587646484,32.29999923706055,21.3190975189209,20988300
2006-03-01,32.630001068115234,33.606666564941406,32.43000030517578,33.19333267211914,21.90872573852539,9530100
2006-03-02,33.086666107177734,33.25,32.93000030517578,33.220001220703125,21.92632484436035,10189200
2006-03-03,32.823333740234375,33.06666564941406,32.63666534423828,32.66666793823242,21.561111450195312,15171600
2006-03-06,32.93333435058594,32.93333435058594,32.06999969482422,32.16666793823242,21.231090545654297,13545300
2006-03-07,31.613332748413086,31.649999618530273,30.883333206176758,31.03333282470703,20.483051300048828,32533800
2006-03-08,31.030000686645508,31.270000457763672,30.5,31.21666717529297,20.604055404663086,32375100
2006-03-09,31.399999618530273,31.683332443237305,30.799999237060547,30.899999618530273,20.395048141479492,20971200
2006-03-10,31.483333587646484,31.663333892822266,30.996667861938477,31.549999237060547,20.824064254760742,18543600
2006-03-13,31.64666748046875,31.96666717529297,31.489999771118164,31.516666412353516,20.802072525024414,19936800
2006-03-14,31.440000534057617,32.5,31.440000534057617,32.5,21.45110511779785,20653200
2006-03-15,32.4033317565918,32.87666702270508,32.356666564941406,32.87666702270508,21.699716567993164,14973900
2006-03-16,32.86333465576172,32.893333435058594,32.56666564941406,32.58333206176758,21.506099700927734,17170200
2006-03-17,32.813331604003906,33.18000030517578,32.60333251953125,32.813331604003906,21.657915115356445,5374200
2006-03-20,32.956668853759766,33.143333435058594,32.813331604003906,33.0,21.781124114990234,8230200
2006-03-21,32.996665954589844,32.996665954589844,32.16666793823242,32.33333206176758,21.341093063354492,17346300
2006-03-22,32.063331604003906,32.766666412353516,32.063331604003906,32.689998626708984,21.576509475708008,11249100
2006-03-23,32.689998626708984,32.87666702270508,32.36333465576172,32.38666534423828,21.37630271911621,10087200
2006-03-24,32.31666564941406,32.90999984741211,32.31666564941406,32.66666793823242,21.561111450195312,7353900
2006-03-27,32.66666793823242,32.913333892822266,32.56666564941406,32.866668701171875,21.693117141723633,7625100
2006-03-28,32.56666564941406,32.766666412353516,32.16999816894531,32.266666412353516,21.297090530395508,15700200
2006-03-29,32.5099983215332,32.92333221435547,32.29999923706055,32.883331298828125,21.70411491394043,11307600
2006-03-30,32.91666793823242,33.46333312988281,32.733333587646484,33.04999923706055,21.814123153686523,16846200
2006-03-31,33.19333267211914,33.47999954223633,32.83333206176758,33.0,21.781124114990234,18236100
2006-04-03,33.426666259765625,34.06666564941406,33.41666793823242,33.93333435058594,22.397157669067383,17877300
2006-04-04,34.24333190917969,34.24333190917969,33.849998474121094,34.133331298828125,22.529157638549805,12881400
2006-04-05,34.1966667175293,34.483333587646484,34.133331298828125,34.483333587646484,22.76016616821289,12655500
2006-04-06,34.369998931884766,34.53333282470703,33.93333435058594,34.30666732788086,22.6435604095459,21627900
2006-04-07,34.41666793823242,34.5,33.70000076293945,33.78333282470703,22.298145294189453,12541200
2006-04-10,33.93333435058594,34.266666412353516,33.630001068115234,33.66666793823242,22.221145629882812,10635600
2006-04-11,34.08000183105469,34.08000183105469,33.33333206176758,33.380001068115234,22.03193473815918,17663700
2006-04-12,33.41999816894531,33.599998474121094,33.366668701171875,33.573333740234375,22.159542083740234,7422600
2006-04-13,33.849998474121094,33.849998474121094,33.383331298828125,33.733333587646484,22.26514434814453,9084900
2006-04-17,33.959999084472656,34.276668548583984,33.939998626708984,34.133331298828125,22.529157638549805,12517500
2006-04-18,34.59333419799805,35.293331146240234,34.48666763305664,35.266666412353516,23.27720069885254,22776900
2006-04-19,35.32666778564453,35.516666412353516,34.983333587646484,35.483333587646484,23.420196533203125,11622600
2006-04-20,35.663333892822266,35.66666793823242,35.026668548583984,35.356666564941406,23.33659553527832,12247800
2006-04-21,35.99333190917969,35.99333190917969,35.383331298828125,35.633331298828125,23.51920509338379,7167600
2006-04-24,35.4900016784668,35.4900016784668,34.91666793823242,35.16666793823242,23.211196899414062,9843000
2006-04-25,35.043331146240234,35.31999969482422,34.633331298828125,34.68333435058594,22.892175674438477,12576600
2006-04-26,35.01333236694336,35.41666793823242,34.95000076293945,35.366668701171875,23.343202590942383,10150200
2006-04-27,34.66666793823242,35.233333587646484,34.61333465576172,34.810001373291016,22.975786209106445,12132900
2006-04-28,34.883331298828125,35.20333480834961,34.733333587646484,35.150001525878906,23.2001953125,8287500
2006-05-01,35.313331604003906,35.540000915527344,35.133331298828125,35.13999938964844,23.193586349487305,7207500
2006-05-02,35.5,35.82666778564453,35.33333206176758,35.7599983215332,23.602813720703125,8359800
2006-05-03,35.96333312988281,35.983333587646484,35.53666687011719,35.79999923706055,23.629207611083984,9237600
2006-05-04,35.866668701171875,36.33000183105469,35.866668701171875,36.150001525878906,23.8602294921875,8972700
2006-05-05,36.4033317565918,36.733333587646484,36.383331298828125,36.733333587646484,24.24524688720703,9864600
2006-05-08,36.7400016784668,37.08333206176758,36.733333587646484,37.0,24.42125701904297,9239700
2006-05-09,36.900001525878906,37.07666778564453,36.81999969482422,37.03333282470703,24.443254470825195,4636500
2006-05-10,37.0533332824707,37.0533332824707,36.50666809082031,36.633331298828125,24.179243087768555,11206200
2006-05-11,36.72999954223633,36.733333587646484,35.689998626708984,35.70000076293945,23.56320571899414,17960100
2006-05-12,35.599998474121094,35.630001068115234,34.616668701171875,34.766666412353516,22.947175979614258,22257600
2006-05-15,34.33333206176758,34.33333206176758,32.746665954589844,33.93333435058594,22.397157669067383,24311100
2006-05-16,33.93333435058594,34.383331298828125,33.883331298828125,34.10333251953125,22.509353637695312,15832800
2006-05-17,33.516666412353516,34.16666793823242,32.79999923706055,32.93333435058594,21.737117767333984,30187800
2006-05-18,33.13999938964844,33.34333419799805,32.16666793823242,32.29999923706055,21.3190975189209,28706100
2006-05-19,32.753334045410156,32.996665954589844,31.899999618530273,32.996665954589844,21.778913497924805,27077400
2006-05-22,31.666667938232422,31.69333267211914,30.833332061767578,31.44333267211914,20.7536678314209,36723000
2006-05-23,32.0966682434082,32.599998474121094,31.03333282470703,31.100000381469727,20.527053833007812,23924100
2006-05-24,31.39666748046875,31.616666793823242,30.21666717529297,30.883333206176758,20.38404655456543,40896900
2006-05-25,31.30666732788086,32.66666793823242,31.273332595825195,32.1966667175293,21.250892639160156,27125400
2006-05-26,32.41666793823242,32.43333435058594,31.636667251586914,32.099998474121094,21.187089920043945,21078600
2006-05-30,31.950000762939453,31.96666717529297,30.636667251586914,30.71666717529297,20.274045944213867,21595500
2006-05-31,31.0,31.53333282470703,30.816667556762695,31.233333587646484,20.61506462097168,21795000
2006-06-01,31.309999465942383,31.933332443237305,31.0,31.873332977294922,21.03748321533203,21657900
2006-06-02,32.33333206176758,32.52333450317383,31.78333282470703,32.20000076293945,21.253089904785156,21639000
2006-06-05,31.876667022705078,32.0,30.829999923706055,30.833332061767578,20.351049423217773,21981600
2006-06-06,31.03333282470703,31.06333351135254,29.700000762939453,30.606666564941406,20.201435089111328,32128500
2006-06-07,30.35333251953125,30.96666717529297,29.899999618530273,29.933332443237305,19.757015228271484,25623900
2006-06-08,29.18666648864746,29.549999237060547,28.299999237060547,29.399999618530273,19.404998779296875,53812500
2006-06-09,29.690000534057617,29.863332748413086,28.93000030517578,29.016666412353516,19.151987075805664,17875800
2006-06-12,29.016666412353516,29.143333435058594,27.93666648864746,27.93666648864746,18.439149856567383,23369400
2006-06-13,27.366666793823242,27.886667251586914,27.116666793823242,27.316667556762695,18.029937744140625,39589800
2006-06-14,27.719999313354492,28.100000381469727,27.366666793823242,28.100000381469727,18.546955108642578,36358200
2006-06-15,28.68666648864746,29.753332138061523,28.666667938232422,29.73666763305664,19.62721061706543,41565600
2006-06-16,29.479999542236328,29.799999237060547,29.100000381469727,29.566667556762695,19.515005111694336,28824000
2006-06-19,29.616666793823242,29.666667938232422,28.46666717529297,28.46666717529297,18.788969039916992,20487600
2006-06-20,28.733333587646484,29.116666793823242,28.600000381469727,28.816667556762695,19.019973754882812,19972800
2006-06-21,28.780000686645508,29.860000610351562,28.73666763305664,29.75,19.636009216308594,21750900
2006-06-22,29.583332061767578,29.583332061767578,29.003332138061523,29.21666717529297,19.283998489379883,10948800
2006-06-23,29.209999084472656,29.32666778564453,28.666667938232422,29.166667938232422,19.250991821289062,12987600
2006-06-26,29.10333251953125,29.296667098999023,28.92333221435547,29.166667938232422,19.250991821289062,6643800
2006-06-27,29.333332061767578,29.636667251586914,28.616666793823242,28.616666793823242,18.887971878051758,17815200
2006-06-28,29.233333587646484,29.523332595825195,29.0,29.51333236694336,19.479799270629883,16581900
2006-06-29,29.84666633605957,31.266666412353516,29.80666732788086,31.266666412353516,20.637056350708008,36345000
2006-06-30,31.393333435058594,31.600000381469727,30.983333587646484,31.299999237060547,20.6590633392334,16226700
2006-07-03,31.866666793823242,32.029998779296875,31.649999618530273,31.99333381652832,21.116683959960938,9471900
2006-07-05,31.59000015258789,31.59666633605957,30.89666748046875,31.0,20.4610538482666,14130900
2006-07-06,31.24333381652832,31.649999618530273,31.10333251953125,31.633333206176758,20.879072189331055,13339200
2006-07-07,31.383333206176758,31.53333282470703,30.883333206176758,31.03333282470703,20.483051300048828,14808000
2006-07-10,31.203332901000977,31.633333206176758,31.09000015258789,31.28333282470703,20.648061752319336,14485800
2006-07-11,31.03333282470703,31.5,30.760000228881836,31.433332443237305,20.747072219848633,19364100
2006-07-12,31.166667938232422,31.43000030517578,30.733333587646484,30.733333587646484,20.285045623779297,13653900
2006-07-13,30.139999389648438,30.479999542236328,29.516666412353516,29.516666412353516,19.48200225830078,29471700
2006-07-14,29.703332901000977,29.833332061767578,29.246667861938477,29.666667938232422,19.58100700378418,26451300
2006-07-17,29.60333251953125,29.71666717529297,29.09666633605957,29.200000762939453,19.272991180419922,14676600
2006-07-18,29.566667556762695,29.75,29.023332595825195,29.606666564941406,19.54140281677246,28726800
2006-07-19,29.82666778564453,31.433332443237305,29.676666259765625,31.433332443237305,20.747072219848633,45463500
2006-07-20,31.399999618530273,31.399999618530273,30.376667022705078,30.530000686645508,20.150836944580078,26586900
2006-07-21,30.616666793823242,30.766666412353516,29.799999237060547,29.93666648864746,19.759212493896484,17352000
2006-07-24,30.666667938232422,31.416667938232422,30.416667938232422,31.28333282470703,20.648061752319336,29593800
2006-07-25,31.040000915527344,31.553333282470703,30.93666648864746,31.366666793823242,20.703060150146484,24092100
2006-07-26,31.133333206176758,31.360000610351562,30.933332443237305,31.233333587646484,20.61506462097168,21140400
2006-07-27,31.573333740234375,32.18333435058594,31.446666717529297,31.663333892822266,20.89887046813965,26686200
2006-07-28,31.799999237060547,32.42333221435547,31.700000762939453,32.34333419799805,21.347698211669922,19556400
2006-07-31,31.959999084472656,32.1533317565918,31.816667556762695,32.03333282470703,21.143083572387695,12055500
2006-08-01,31.916667938232422,31.916667938232422,31.3700008392334,31.516666412353516,20.802072525024414,12905700
2006-08-02,31.860000610351562,32.20000076293945,31.76333236694336,31.933332443237305,21.07708168029785,11765400
2006-08-03,31.696666717529297,32.00666809082031,31.566667556762695,31.899999618530273,21.05508041381836,20232600
2006-08-04,32.35333251953125,32.586666107177734,31.78333282470703,31.96666717529297,21.09908103942871,13248300
2006-08-07,31.92333221435547,32.186668395996094,31.666667938232422,31.766666412353516,20.967073440551758,10211100
2006-08-08,31.96666717529297,32.383331298828125,31.753332138061523,31.766666412353516,20.967073440551758,21186600
2006-08-09,32.46333312988281,32.496665954589844,31.856666564941406,31.886667251586914,21.046279907226562,16465500
2006-08-10,31.803333282470703,32.21333312988281,31.786666870117188,32.21333312988281,21.26189613342285,16806000
2006-08-11,32.029998779296875,32.11333465576172,31.77666664123535,31.823333740234375,21.00447654724121,10008000
2006-08-14,32.16666793823242,32.36000061035156,31.84000015258789,31.950000762939453,21.088085174560547,13225200
2006-08-15,32.43333435058594,32.75,32.28333282470703,32.733333587646484,21.605106353759766,15625800
2006-08-16,32.9900016784668,33.143333435058594,32.83333206176758,33.0533332824707,21.816328048706055,16954200
2006-08-17,32.93333435058594,33.33333206176758,32.900001525878906,33.099998474121094,21.847122192382812,14195700
2006-08-18,33.03333282470703,33.03333282470703,32.516666412353516,32.78666687011719,21.64030647277832,15367800
2006-08-21,32.503334045410156,32.616668701171875,32.43000030517578,32.616668701171875,21.528108596801758,8211900
2006-08-22,32.599998474121094,32.78333282470703,32.413333892822266,32.606666564941406,21.521507263183594,13214100
2006-08-23,32.599998474121094,32.68000030517578,31.983333587646484,32.016666412353516,21.1320858001709,16609800
2006-08-24,32.209999084472656,32.209999084472656,31.809999465942383,31.93000030517578,21.074886322021484,19815600
2006-08-25,31.933332443237305,32.25,31.916667938232422,32.02000045776367,21.134286880493164,15732000
2006-08-28,32.003334045410156,32.383331298828125,31.893333435058594,32.383331298828125,21.37409782409668,12025500
2006-08-29,32.436668395996094,32.516666412353516,32.16666793823242,32.49333190917969,21.446699142456055,13001400
2006-08-30,32.470001220703125,32.66666793823242,32.44333267211914,32.633331298828125,21.539106369018555,9975900
2006-08-31,32.6533317565918,32.709999084472656,32.45333480834961,32.540000915527344,21.477502822875977,6705300
2006-09-01,32.599998474121094,32.99333190917969,32.560001373291016,32.9033317565918,21.717317581176758,10823100
2006-09-05,33.086666107177734,33.20000076293945,33.040000915527344,33.08333206176758,21.836122512817383,11867100
2006-09-06,32.86333465576172,32.86333465576172,32.133331298828125,32.133331298828125,21.209091186523438,15465600
2006-09-07,32.0,32.12666702270508,31.683332443237305,31.766666412353516,20.967073440551758,22688400
2006-09-08,31.950000762939453,32.08333206176758,31.916667938232422,32.026668548583984,21.138683319091797,10068300
2006-09-11,31.6200008392334,31.666667938232422,31.106666564941406,31.336666107177734,20.68326187133789,28418400
2006-09-12,31.543333053588867,31.963333129882812,31.503332138061523,31.873332977294922,21.03748321533203,17313600
2006-09-13,31.799999237060547,32.439998626708984,31.799999237060547,32.349998474121094,21.352096557617188,17062500
2006-09-14,32.29999923706055,32.29999923706055,32.073333740234375,32.08333206176758,21.17608642578125,13438500
2006-09-15,32.33333206176758,32.439998626708984,32.06999969482422,32.27333450317383,21.30150032043457,17227500
2006-09-18,32.41666793823242,32.88999938964844,32.369998931884766,32.63666534423828,21.541309356689453,17154300
2006-09-19,32.63999938964844,32.709999084472656,31.649999618530273,32.133331298828125,21.209091186523438,35435700
2006-09-20,32.31666564941406,32.866668701171875,32.31666564941406,32.793331146240234,21.644712448120117,39691800
2006-09-21,32.68333435058594,32.75,31.916667938232422,31.99333381652832,21.116683959960938,40404300
2006-09-22,31.75,31.80666732788086,31.456666946411133,31.586666107177734,20.84827423095703,25682100
2006-09-25,31.739999771118164,31.953332901000977,31.190000534057617,31.953332901000977,21.090282440185547,29428800
2006-09-26,31.85333251953125,32.336666107177734,31.766666412353516,32.33000183105469,21.338899612426758,23627700
2006-09-27,32.336666107177734,32.366668701171875,32.063331604003906,32.25666809082031,21.290494918823242,30248400
2006-09-28,32.380001068115234,32.516666412353516,32.206668853759766,32.516666412353516,21.462106704711914,17789400
2006-09-29,32.383331298828125,32.483333587646484,32.21666717529297,32.25666809082031,21.290494918823242,14059800
2006-10-02,32.116668701171875,32.59000015258789,32.0,32.20333480834961,21.255290985107422,14692200
2006-10-03,32.02000045776367,32.10333251953125,31.766666412353516,31.766666412353516,20.967073440551758,26399400
2006-10-04,31.633333206176758,32.66666793823242,31.633333206176758,32.616668701171875,21.528108596801758,32286300
2006-10-05,32.619998931884766,33.34333419799805,32.619998931884766,33.04999923706055,21.814123153686523,23440200
2006-10-06,32.913333892822266,33.04666519165039,32.73666763305664,32.96666717529297,21.759122848510742,22264500
2006-10-09,32.66999816894531,33.04666519165039,32.643333435058594,32.84333419799805,21.67771339416504,14041500
2006-10-10,32.83333206176758,33.13999938964844,32.81999969482422,33.13999938964844,21.87352752685547,10648500
2006-10-11,32.93333435058594,33.223331451416016,32.849998474121094,32.96333312988281,21.75691795349121,14990100
2006-10-12,33.043331146240234,33.83333206176758,33.043331146240234,33.766666412353516,22.28714370727539,29405400
2006-10-13,33.79999923706055,34.116668701171875,33.766666412353516,33.96666717529297,22.41915512084961,20139600
2006-10-16,34.016666412353516,34.15666580200195,33.96333312988281,34.060001373291016,22.480756759643555,12192600
2006-10-17,33.766666412353516,33.913333892822266,33.439998626708984,33.61333465576172,22.185941696166992,22278300
2006-10-18,34.0,35.266666412353516,33.74333190917969,33.94333267211914,22.40375328063965,13058100
2006-10-19,33.93333435058594,34.12333297729492,33.776668548583984,34.09333419799805,22.502758026123047,17712900
2006-10-20,34.20333480834961,34.20333480834961,33.81666564941406,33.93333435058594,22.397157669067383,8516100
2006-10-23,33.883331298828125,34.0,33.62666702270508,33.9033317565918,22.37734603881836,10940100
2006-10-24,33.9466667175293,34.0966682434082,33.8466682434082,34.0966682434082,22.504955291748047,13887300
2006-10-25,34.18333435058594,34.49333190917969,34.11000061035156,34.49333190917969,22.766769409179688,13429500
2006-10-26,34.66666793823242,34.676666259765625,34.369998931884766,34.57666778564453,22.821773529052734,14022600
2006-10-27,34.323333740234375,34.45000076293945,33.98666763305664,34.0,22.441162109375,16726200
2006-10-30,33.883331298828125,33.883331298828125,33.52000045776367,33.883331298828125,22.36414909362793,13016100
2006-10-31,34.15999984741211,34.53333282470703,33.970001220703125,34.53333282470703,22.793174743652344,15638700
2006-11-01,34.630001068115234,34.776668548583984,34.186668395996094,34.186668395996094,22.56436538696289,21519900
2006-11-02,34.186668395996094,34.413333892822266,34.116668701171875,34.293331146240234,22.634761810302734,11107500
2006-11-03,34.47999954223633,35.33333206176758,34.34333419799805,34.400001525878906,22.70516586303711,14080500
2006-11-06,34.67333221435547,35.25,34.67333221435547,35.21666717529297,23.24419403076172,17758200
2006-11-07,35.25,35.393333435058594,35.040000915527344,35.06666564941406,23.14519500732422,17495400
2006-11-08,34.836666107177734,35.28666687011719,34.766666412353516,35.15666580200195,23.204593658447266,13207500
2006-11-09,35.383331298828125,35.66666793823242,35.246665954589844,35.276668548583984,23.28379249572754,13462800
2006-11-10,35.40999984741211,35.5,35.21666717529297,35.32666778564453,23.31679916381836,7724700
2006-11-13,35.26333236694336,35.46333312988281,35.16666793823242,35.4466667175293,23.395998001098633,7749600
2006-11-14,35.663333892822266,36.03666687011719,35.619998931884766,36.0,23.761219024658203,13497900
2006-11-15,35.96666717529297,36.10333251953125,35.79999923706055,36.06666564941406,23.805225372314453,9692700
2006-11-16,36.150001525878906,36.16666793823242,35.689998626708984,35.70333480834961,23.56541633605957,18023400
2006-11-17,35.560001373291016,35.663333892822266,35.37666702270508,35.663333892822266,23.539012908935547,16318800
2006-11-20,35.45000076293945,35.7400016784668,35.383331298828125,35.52333450317383,23.446605682373047,19312500
2006-11-21,35.66666793823242,36.09000015258789,35.66666793823242,36.09000015258789,23.820619583129883,19997400
2006-11-22,36.20000076293945,36.456668853759766,36.06999969482422,36.34333419799805,23.987838745117188,18803400
2006-11-24,36.130001068115234,36.439998626708984,36.116668701171875,36.336666107177734,23.983434677124023,6264900
2006-11-27,36.619998931884766,36.619998931884766,35.650001525878906,35.650001525878906,23.530210494995117,26716200
2006-11-28,35.650001525878906,35.856666564941406,35.383331298828125,35.856666564941406,23.66661834716797,28599900
2006-11-29,36.0966682434082,36.59000015258789,36.0966682434082,36.436668395996094,24.049434661865234,22907400
2006-11-30,36.560001373291016,36.856666564941406,36.400001525878906,36.599998474121094,24.15723991394043,13969500
2006-12-01,36.753334045410156,36.8466682434082,36.16666793823242,36.45000076293945,24.058238983154297,29047200
2006-12-04,36.66666793823242,37.290000915527344,36.599998474121094,37.209999084472656,24.559864044189453,16613100
2006-12-05,37.3466682434082,37.880001068115234,37.27333450317383,37.86000061035156,24.988889694213867,32339400
2006-12-06,37.50666809082031,37.776668548583984,37.46666717529297,37.599998474121094,24.817272186279297,11058000
2006-12-07,37.599998474121094,37.75,37.29666519165039,37.46666717529297,24.729270935058594,15916500
2006-12-08,37.366668701171875,37.573333740234375,37.17333221435547,37.29999923706055,24.6192569732666,11158500
2006-12-11,37.366668701171875,37.393333435058594,37.16999816894531,37.31666564941406,24.63027000427246,6801900
2006-12-12,37.08333206176758,37.133331298828125,36.62666702270508,36.866668701171875,24.333251953125,17909100
2006-12-13,36.96333312988281,37.116668701171875,36.90999984741211,37.06666564941406,24.465251922607422,9894000
2006-12-14,37.27333450317383,37.72666549682617,37.266666412353516,37.70000076293945,24.883281707763672,11988300
2006-12-15,37.97999954223633,37.983333587646484,37.733333587646484,37.866668701171875,24.993284225463867,11638500
2006-12-18,37.900001525878906,38.119998931884766,37.56666564941406,37.60333251953125,24.819477081298828,12088800
2006-12-19,37.20000076293945,37.503334045410156,36.866668701171875,37.366668701171875,24.663267135620117,31979400
2006-12-20,37.22999954223633,37.323333740234375,37.116668701171875,37.25,24.936176300048828,12470700
2006-12-21,37.25,37.33333206176758,36.99333190917969,37.18333435058594,24.891544342041016,14906700
2006-12-22,37.33333206176758,37.366668701171875,37.01333236694336,37.31666564941406,24.980804443359375,9581100
2006-12-26,37.29999923706055,37.71333312988281,37.27000045776367,37.663333892822266,25.212873458862305,5689800
2006-12-27,37.93000030517578,38.20000076293945,37.77333450317383,38.20000076293945,25.572128295898438,16816200
2006-12-28,38.21666717529297,38.266666412353516,37.973331451416016,38.12666702270508,25.52303695678711,8598900
2006-12-29,38.150001525878906,38.2599983215332,38.02333450317383,38.05666732788086,25.476181030273438,8026500
2007-01-03,38.66666793823242,38.8033332824707,38.08000183105469,38.380001068115234,25.692623138427734,38546100
2007-01-04,38.08333206176758,38.09333419799805,37.61000061035156,37.849998474121094,25.337820053100586,26830200
2007-01-05,37.46666717529297,37.54999923706055,36.7400016784668,36.74333190917969,24.596988677978516,33141600
2007-01-08,36.959999084472656,37.14666748046875,36.753334045410156,37.0099983215332,24.775510787963867,23326500
2007-01-09,36.733333587646484,36.78333282470703,35.983333587646484,36.18333435058594,24.222116470336914,43958400
2007-01-10,35.8033332824707,36.253334045410156,35.540000915527344,36.099998474121094,24.166324615478516,58526400
2007-01-11,36.313331604003906,37.04999923706055,36.189998626708984,36.55666732788086,24.472036361694336,47418300
2007-01-12,36.823333740234375,37.29999923706055,36.633331298828125,37.29999923706055,24.96963882446289,25530900
2007-01-16,37.45000076293945,37.483333587646484,37.1966667175293,37.43333435058594,25.058908462524414,25978500
2007-01-17,37.33333206176758,37.49333190917969,37.130001068115234,37.276668548583984,24.95402717590332,20523900
2007-01-18,37.599998474121094,37.633331298828125,36.883331298828125,36.883331298828125,24.69071388244629,31396500
2007-01-19,37.016666412353516,37.54666519165039,37.016666412353516,37.54666519165039,25.134767532348633,18093900
2007-01-22,37.599998474121094,37.84333419799805,37.383331298828125,37.503334045410156,25.105764389038086,20959200
2007-01-23,37.5,38.356666564941406,37.45333480834961,38.356666564941406,25.677003860473633,28305600
2007-01-24,38.33000183105469,38.83333206176758,38.2400016784668,38.689998626708984,25.900150299072266,20193900
2007-01-25,38.44333267211914,38.5,37.5,37.5,25.10352325439453,28913700
2007-01-26,37.66666793823242,37.82666778564453,37.25,37.72999954223633,25.257488250732422,27627600
2007-01-29,37.540000915527344,37.56666564941406,37.14666748046875,37.22999954223633,24.92278480529785,29898300
2007-01-30,37.35333251953125,37.80666732788086,37.35333251953125,37.80666732788086,25.30881690979004,20502600
2007-01-31,37.46333312988281,38.099998474121094,37.253334045410156,38.099998474121094,25.505186080932617,31860600
2007-02-01,38.266666412353516,38.599998474121094,38.266666412353516,38.56666564941406,25.81757354736328,34173900
2007-02-02,38.58333206176758,38.65999984741211,38.33333206176758,38.45000076293945,25.739484786987305,20925300
2007-02-05,38.336666107177734,38.526668548583984,38.16666793823242,38.48666763305664,25.76402473449707,16254900
2007-02-06,38.77000045776367,38.9466667175293,38.599998474121094,38.866668701171875,26.018415451049805,17354700
2007-02-07,38.959999084472656,38.98666763305664,38.60333251953125,38.71666717529297,25.91800308227539,16291500
2007-02-08,38.50666809082031,38.71666717529297,38.32666778564453,38.5099983215332,25.779651641845703,19789500
2007-02-09,38.66666793823242,38.753334045410156,38.0,38.04999923706055,25.471708297729492,31971900
2007-02-12,38.116668701171875,38.116668701171875,37.60333251953125,37.790000915527344,25.297666549682617,27900000
2007-02-13,37.983333587646484,38.46666717529297,37.956668853759766,38.38999938964844,25.69931411743164,30303300
2007-02-14,38.43333435058594,39.293331146240234,38.41666793823242,39.21666717529297,26.252710342407227,37476600
2007-02-15,39.25,39.349998474121094,39.12333297729492,39.2400016784668,26.268339157104492,14388000
2007-02-16,39.086666107177734,39.33000183105469,38.96333312988281,39.33000183105469,26.328571319580078,14832300
2007-02-20,39.03333282470703,39.5,39.0099983215332,39.43333435058594,26.397768020629883,15368400
2007-02-21,39.19333267211914,39.62666702270508,39.043331146240234,39.54999923706055,26.475849151611328,14292600
2007-02-22,39.72666549682617,39.86000061035156,39.36333465576172,39.45000076293945,26.408910751342773,23298600
2007-02-23,39.413333892822266,39.54999923706055,38.900001525878906,39.16666793823242,26.219234466552734,27175200
2007-02-26,39.3466682434082,39.40999984741211,38.856666564941406,39.150001525878906,26.208084106445312,14965800
2007-02-27,37.66666793823242,37.71333312988281,34.496665954589844,35.96666717529297,24.077075958251953,89951400
2007-02-28,36.5,37.27333450317383,36.21666717529297,36.866668701171875,24.6795654296875,63694500
2007-03-01,35.689998626708984,36.71666717529297,35.18000030517578,36.336666107177734,24.324764251708984,58851900
2007-03-02,36.016666412353516,36.790000915527344,35.849998474121094,36.0,24.099390029907227,59927700
2007-03-05,35.18333435058594,35.866668701171875,34.52000045776367,35.07666778564453,23.481285095214844,54968400
2007-03-06,35.67333221435547,36.70333480834961,35.67333221435547,36.616668701171875,24.51220703125,49910400
2007-03-07,36.349998474121094,36.68000030517578,36.186668395996094,36.393333435058594,24.362701416015625,31768200
2007-03-08,37.03333282470703,37.813331604003906,36.91666793823242,37.33333206176758,24.991952896118164,36276000
2007-03-09,37.5966682434082,37.599998474121094,36.959999084472656,37.400001525878906,25.036592483520508,26060700
2007-03-12,37.43333435058594,37.85333251953125,37.31999969482422,37.58333206176758,25.159311294555664,25128600
2007-03-13,37.246665954589844,37.496665954589844,36.293331146240234,36.4900016784668,24.427406311035156,44023200
2007-03-14,36.45000076293945,36.86000061035156,35.77333450317383,36.790000915527344,24.62823486328125,49965900
2007-03-15,36.53333282470703,37.336666107177734,36.53333282470703,37.09000015258789,24.829059600830078,30401100
2007-03-16,37.18000030517578,37.3466682434082,36.633331298828125,36.77333450317383,24.617080688476562,22194900
2007-03-19,37.266666412353516,37.633331298828125,37.19333267211914,37.58000183105469,25.15708351135254,24143400
2007-03-20,37.52000045776367,37.866668701171875,37.40666580200195,37.82666778564453,25.32221221923828,15362400
2007-03-21,37.956668853759766,39.11000061035156,37.82666778564453,38.959999084472656,26.080896377563477,42041700
2007-03-22,39.043331146240234,39.209999084472656,38.706668853759766,38.793331146240234,25.96932029724121,21576300
2007-03-23,38.91999816894531,39.08000183105469,38.793331146240234,38.973331451416016,26.089818954467773,16886100
2007-03-26,38.91999816894531,39.06666564941406,38.400001525878906,38.95000076293945,26.074193954467773,22027500
2007-03-27,38.95000076293945,38.95000076293945,38.456668853759766,38.776668548583984,25.958158493041992,18514500
2007-03-28,38.30666732788086,38.5,37.93000030517578,38.08333206176758,25.494022369384766,22615800
2007-03-29,38.66666793823242,38.93000030517578,38.29999923706055,38.84000015258789,26.000558853149414,23175900
2007-03-30,38.900001525878906,39.06666564941406,38.45000076293945,38.83333206176758,25.99609375,28557900
2007-04-02,38.95000076293945,39.220001220703125,38.7400016784668,39.099998474121094,26.17461585998535,18873300
2007-04-03,39.5,39.78666687011719,39.35333251953125,39.7400016784668,26.603052139282227,24303000
2007-04-04,39.880001068115234,40.026668548583984,39.71333312988281,39.9900016784668,26.770401000976562,20481300
2007-04-05,39.93333435058594,40.233333587646484,39.83333206176758,40.026668548583984,26.794950485229492,20437800
2007-04-09,40.279998779296875,40.586666107177734,40.16999816894531,40.25666809082031,26.948917388916016,21373500
2007-04-10,40.28333282470703,40.5,40.2599983215332,40.4466667175293,27.07610321044922,15370500
2007-04-11,40.61333465576172,40.75,39.96666717529297,40.073333740234375,26.826190948486328,28048500
2007-04-12,40.133331298828125,40.77000045776367,39.959999084472656,40.74333190917969,27.27469825744629,23445900
2007-04-13,40.83333206176758,40.9900016784668,40.33333206176758,40.94333267211914,27.40859031677246,11782200
2007-04-16,41.18333435058594,41.46333312988281,41.10333251953125,41.43000030517578,27.734386444091797,20166600
2007-04-17,41.38666534423828,41.38666534423828,40.92333221435547,41.206668853759766,27.584877014160156,26238600
2007-04-18,40.83333206176758,41.060001373291016,40.74333190917969,40.900001525878906,27.379581451416016,16978800
2007-04-19,40.23666763305664,40.619998931884766,39.91999816894531,40.56999969482422,27.158668518066406,30470700
2007-04-20,41.130001068115234,41.31666564941406,40.869998931884766,41.0533332824707,27.48223304748535,15983100
2007-04-23,41.03666687011719,41.15666580200195,40.79666519165039,40.88999938964844,27.372880935668945,14394900
2007-04-24,40.883331298828125,41.0099983215332,40.66999816894531,40.883331298828125,27.36842155456543,18733200
2007-04-25,41.1533317565918,41.43000030517578,40.93333435058594,41.38999938964844,27.70760726928711,17789700
2007-04-26,41.336666107177734,41.45000076293945,41.086666107177734,41.279998779296875,27.63396453857422,20426100
2007-04-27,40.88666534423828,41.11333465576172,40.709999084472656,41.073333740234375,27.4956111907959,24456300
2007-04-30,40.813331604003906,40.93000030517578,40.119998931884766,40.279998779296875,26.964540481567383,27583800
2007-05-01,40.413333892822266,40.59333419799805,40.099998474121094,40.439998626708984,27.071638107299805,28771800
2007-05-02,40.630001068115234,41.28666687011719,40.58333206176758,41.24333190917969,27.609418869018555,26205600
2007-05-03,41.380001068115234,41.65999984741211,41.21333312988281,41.59000015258789,27.84148597717285,15720900
2007-05-04,41.70333480834961,41.983333587646484,41.52000045776367,41.57666778564453,27.832561492919922,15575700
2007-05-07,41.70000076293945,41.996665954589844,41.70000076293945,41.8466682434082,28.013309478759766,10084800
2007-05-08,41.63999938964844,41.63999938964844,41.13999938964844,41.3033332824707,27.649581909179688,27634200
2007-05-09,41.400001525878906,42.043331146240234,41.35333251953125,41.970001220703125,28.095876693725586,22212600
2007-05-10,41.746665954589844,41.970001220703125,40.849998474121094,40.94333267211914,27.40859031677246,36275100
2007-05-11,41.16666793823242,42.150001525878906,41.16666793823242,41.983333587646484,28.10478401184082,21416100
2007-05-14,41.9033317565918,42.33333206176758,41.35333251953125,41.56666564941406,27.825868606567383,28344000
2007-05-15,41.57666778564453,42.00666809082031,41.34333419799805,41.616668701171875,27.85933494567871,27392700
2007-05-16,41.86000061035156,42.33000183105469,41.53666687011719,42.220001220703125,28.263227462768555,18247200
2007-05-17,42.003334045410156,42.233333587646484,41.70333480834961,42.06666564941406,28.160587310791016,17952600
2007-05-18,42.176666259765625,42.323333740234375,41.970001220703125,42.28333282470703,28.305620193481445,16459500
2007-05-21,42.246665954589844,42.5966682434082,42.209999084472656,42.36000061035156,28.35694122314453,33299100
2007-05-22,42.44333267211914,42.573333740234375,42.35333251953125,42.366668701171875,28.36141014099121,23904900
2007-05-23,42.66666793823242,42.79999923706055,42.01333236694336,42.29999923706055,28.3167781829834,41565600
2007-05-24,42.233333587646484,42.366668701171875,41.09333419799805,41.28333282470703,27.63619613647461,52781700
2007-05-25,41.73666763305664,42.0,41.619998931884766,41.91666793823242,28.060169219970703,20317500
2007-05-29,42.08333206176758,42.20000076293945,41.33333206176758,41.77333450317383,27.964204788208008,20445900
2007-05-30,41.0,42.20000076293945,40.939998626708984,42.20000076293945,28.249839782714844,35050500
2007-05-31,42.22999954223633,42.5,42.073333740234375,42.31999969482422,28.330169677734375,23850900
2007-06-01,42.58333206176758,43.37666702270508,42.58333206176758,43.37666702270508,29.03752326965332,24035700
2007-06-04,43.003334045410156,43.33000183105469,42.91666793823242,43.18333435058594,28.908105850219727,26454900
2007-06-05,43.01333236694336,43.13999938964844,42.689998626708984,43.03333282470703,28.807695388793945,27272400
2007-06-06,42.733333587646484,42.733333587646484,41.95000076293945,41.95000076293945,28.082481384277344,40848900
2007-06-07,41.996665954589844,42.313331604003906,41.08000183105469,41.3033332824707,27.649581909179688,66178500
2007-06-08,41.41666793823242,42.20000076293945,41.37666702270508,42.03333282470703,28.13827133178711,42430200
2007-06-11,42.063331604003906,42.650001525878906,41.893333435058594,42.393333435058594,28.379257202148438,22266000
2007-06-12,41.92333221435547,42.27333450317383,41.516666412353516,41.65666580200195,27.8861026763916,31146300
2007-06-13,41.959999084472656,42.64666748046875,41.95000076293945,42.4900016784668,28.443973541259766,31558200
2007-06-14,42.65666580200195,43.4033317565918,42.65666580200195,43.15666580200195,28.890254974365234,22374900
2007-06-15,43.66666793823242,44.13999938964844,43.66666793823242,44.13999938964844,29.54852294921875,45032700
2007-06-18,44.220001220703125,44.383331298828125,43.983333587646484,44.18000030517578,29.575305938720703,14039100
2007-06-19,43.90999984741211,44.41666793823242,43.880001068115234,44.22999954223633,29.6087703704834,20064600
2007-06-20,44.563331604003906,44.643333435058594,43.66666793823242,43.85333251953125,29.35661506652832,31779600
2007-06-21,43.91666793823242,44.4900016784668,43.76333236694336,44.400001525878906,29.722579956054688,26637900
2007-06-22,44.06666564941406,44.35333251953125,43.599998474121094,43.813331604003906,29.329849243164062,22471500
2007-06-25,43.78333282470703,43.959999084472656,43.220001220703125,43.47999954223633,29.10670280456543,29348400
2007-06-26,43.64666748046875,43.746665954589844,43.099998474121094,43.099998474121094,28.85231590270996,29622000
2007-06-27,42.96666717529297,43.73666763305664,42.733333587646484,43.71333312988281,29.262907028198242,31400400
2007-06-28,43.43333435058594,44.0,43.43333435058594,43.723331451416016,29.269611358642578,22270200
2007-06-29,43.90666580200195,44.16666793823242,43.40999984741211,43.87666702270508,29.372243881225586,39395100
2007-07-02,44.0,44.766666412353516,44.0,44.766666412353516,29.968034744262695,30585300
2007-07-03,44.83333206176758,45.12333297729492,44.83333206176758,45.12333297729492,30.2067928314209,13577400
2007-07-05,44.869998931884766,45.380001068115234,44.869998931884766,45.323333740234375,30.340681076049805,25942800
2007-07-06,45.57666778564453,46.28666687011719,45.573333740234375,46.099998474121094,30.860597610473633,31670700
2007-07-09,46.426666259765625,46.70000076293945,46.400001525878906,46.54666519165039,31.15961456298828,28652100
2007-07-10,46.04666519165039,46.206668853759766,45.540000915527344,45.630001068115234,30.54598045349121,40039500
2007-07-11,45.87333297729492,46.1533317565918,45.5,46.00666809082031,30.798131942749023,25900200
2007-07-12,46.3033332824707,47.21333312988281,46.3033332824707,47.016666412353516,31.474239349365234,29064900
2007-07-13,47.32666778564453,47.633331298828125,47.163333892822266,47.599998474121094,31.864748001098633,24262800
2007-07-16,47.22999954223633,47.400001525878906,46.90999984741211,47.133331298828125,31.55234146118164,23917200
2007-07-17,47.22999954223633,47.266666412353516,46.87333297729492,47.0966682434082,31.52779769897461,21789600
2007-07-18,46.503334045410156,46.8466682434082,46.13999938964844,46.52000045776367,31.141765594482422,34859700
2007-07-19,46.836666107177734,47.30666732788086,46.83333206176758,46.983333587646484,31.451946258544922,24539100
2007-07-20,47.21666717529297,47.383331298828125,46.400001525878906,46.65999984741211,31.235488891601562,48010800
2007-07-23,47.619998931884766,48.03333282470703,47.46333312988281,48.0099983215332,32.13920211791992,35516700
2007-07-24,47.66666793823242,47.76333236694336,46.27000045776367,46.366668701171875,31.039121627807617,53650200
2007-07-25,47.06999969482422,47.33333206176758,46.06666564941406,46.633331298828125,31.217622756958008,45873600
2007-07-26,45.676666259765625,45.720001220703125,43.25666809082031,44.25666809082031,29.62662696838379,99222600
2007-07-27,44.503334045410156,44.813331604003906,43.43333435058594,43.68333435058594,29.242820739746094,64008900
2007-07-30,44.16666793823242,45.4900016784668,44.16666793823242,45.11333465576172,30.20010757446289,50423400
2007-07-31,45.723331451416016,45.880001068115234,44.189998626708984,44.189998626708984,29.58199119567871,63243600
2007-08-01,43.63999938964844,44.40999984741211,43.150001525878906,44.016666412353516,29.465970993041992,106336500
2007-08-02,44.06666564941406,44.766666412353516,43.9466667175293,44.503334045410156,29.79175567626953,46615800
2007-08-03,44.46666717529297,44.5,42.253334045410156,42.58333206176758,28.506452560424805,64852500
2007-08-06,43.06999969482422,43.63666534423828,42.18333435058594,43.34333419799805,29.015214920043945,72395400
2007-08-07,43.16999816894531,44.13666534423828,42.97999954223633,43.66666793823242,29.23166275024414,54839100
2007-08-08,44.54666519165039,45.4900016784668,44.496665954589844,45.133331298828125,30.213489532470703,50678700
2007-08-09,43.753334045410156,44.266666412353516,42.95333480834961,43.266666412353516,28.963895797729492,78721500
2007-08-10,42.356666564941406,43.686668395996094,41.96333312988281,42.516666412353516,28.461824417114258,82478700
2007-08-13,43.516666412353516,43.78666687011719,42.90999984741211,42.936668395996094,28.742982864379883,39933300
2007-08-14,43.163333892822266,43.25,41.66666793823242,41.82666778564453,27.99991226196289,50445600
2007-08-15,41.369998931884766,41.810001373291016,40.016666412353516,40.18333435058594,26.899822235107422,77352600
2007-08-16,39.383331298828125,39.89666748046875,37.13666534423828,39.5,26.4423770904541,140054700
2007-08-17,41.0,42.293331146240234,39.54666519165039,40.75,27.279165267944336,99855300
2007-08-20,41.20333480834961,41.356666564941406,40.12333297729492,40.83333206176758,27.334951400756836,64116300
2007-08-21,40.62666702270508,41.16666793823242,40.3466682434082,40.68333435058594,27.23453712463379,43294500
2007-08-22,41.366668701171875,42.53333282470703,41.366668701171875,42.43333435058594,28.406036376953125,57893700
2007-08-23,42.83000183105469,42.99333190917969,42.05666732788086,42.650001525878906,28.551076889038086,46373700
2007-08-24,42.663333892822266,43.7599983215332,42.53333282470703,43.66666793823242,29.23166275024414,52962000
2007-08-27,43.62333297729492,44.599998474121094,43.4900016784668,43.866668701171875,29.365554809570312,28239300
2007-08-28,43.3466682434082,43.503334045410156,41.87666702270508,42.08333206176758,28.171728134155273,56966400
2007-08-29,42.86333465576172,43.96333312988281,42.68333435058594,43.75,29.287450790405273,42499800
2007-08-30,43.266666412353516,44.13999938964844,43.06666564941406,43.526668548583984,29.137937545776367,29959500
2007-08-31,44.66666793823242,45.400001525878906,44.33000183105469,44.650001525878906,29.889944076538086,53820900
2007-09-04,44.21666717529297,45.72666549682617,44.21666717529297,45.4033317565918,30.39423942565918,33802200
2007-09-05,45.02000045776367,45.02000045776367,44.25666809082031,44.71666717529297,29.9345703125,38522400
2007-09-06,44.970001220703125,45.290000915527344,44.63666534423828,45.06666564941406,30.16885757446289,20809800
2007-09-07,44.24333190917969,44.426666259765625,43.68333435058594,44.04999923706055,29.48827362060547,48953400
2007-09-10,44.66666793823242,44.686668395996094,43.41999816894531,44.08333206176758,29.510581970214844,32317200
2007-09-11,44.60333251953125,45.150001525878906,44.54666519165039,44.973331451416016,30.106374740600586,32632200
2007-09-12,44.74333190917969,45.33000183105469,44.516666412353516,45.133331298828125,30.213489532470703,29448900
2007-09-13,45.436668395996094,45.96333312988281,45.29666519165039,45.633331298828125,30.54820442199707,22941300
2007-09-14,45.41666793823242,45.87333297729492,45.189998626708984,45.723331451416016,30.60845375061035,17142600
2007-09-17,45.37333297729492,45.526668548583984,44.90666580200195,45.43333435058594,30.4143123626709,22866300
2007-09-18,45.56666564941406,47.71666717529297,45.366668701171875,47.633331298828125,31.887062072753906,68338200
2007-09-19,47.766666412353516,48.62666702270508,47.69333267211914,47.849998474121094,32.032100677490234,63006000
2007-09-20,47.970001220703125,48.276668548583984,47.41666793823242,47.70000076293945,31.93169403076172,34842000
2007-09-21,48.25666809082031,48.47999954223633,48.17333221435547,48.33333206176758,32.35565185546875,30381000
2007-09-24,49.33333206176758,49.33333206176758,48.66666793823242,48.93333435058594,32.7573127746582,31511400
2007-09-25,48.53333282470703,48.95000076293945,48.223331451416016,48.75,32.634586334228516,28052400
2007-09-26,49.400001525878906,49.54999923706055,49.043331146240234,49.400001525878906,33.06970977783203,27536400
2007-09-27,50.163333892822266,50.66666793823242,49.643333435058594,50.133331298828125,33.56063461303711,32771700
2007-09-28,50.25,50.39666748046875,49.456668853759766,49.81666564941406,33.34864807128906,40628400
2007-10-01,50.290000915527344,51.59000015258789,50.05666732788086,51.383331298828125,34.397403717041016,38391000
2007-10-02,51.869998931884766,52.33000183105469,51.223331451416016,51.733333587646484,34.63170623779297,40943400
2007-10-03,51.58000183105469,51.753334045410156,50.16666793823242,50.16666793823242,33.58293533325195,49248300
2007-10-04,50.366668701171875,50.823333740234375,49.810001373291016,50.66666793823242,33.91765594482422,23239800
2007-10-05,51.21666717529297,52.59000015258789,51.16666793823242,52.356666564941406,35.048988342285156,64093800
2007-10-08,51.663333892822266,51.95000076293945,51.436668395996094,51.79999923706055,34.67634201049805,32786100
2007-10-09,52.18000030517578,52.64666748046875,51.96666717529297,52.606666564941406,35.21633529663086,30145200
2007-10-10,52.44333267211914,52.856666564941406,52.1533317565918,52.676666259765625,35.263206481933594,36825900
2007-10-11,53.34000015258789,53.599998474121094,51.28666687011719,52.21333312988281,34.953033447265625,71038800
2007-10-12,52.456668853759766,53.16666793823242,52.28666687011719,53.16666793823242,35.59122848510742,27468300
2007-10-15,53.25666809082031,53.383331298828125,51.836666107177734,52.516666412353516,35.15609359741211,40017900
2007-10-16,52.163333892822266,52.189998626708984,51.18333435058594,51.543331146240234,34.5045280456543,60320100
2007-10-17,52.733333587646484,52.970001220703125,51.70000076293945,52.733333587646484,35.30113220214844,67459200
2007-10-18,51.83333206176758,53.116668701171875,51.7599983215332,53.0,35.47965621948242,55143300
2007-10-19,52.53666687011719,52.65999984741211,50.29666519165039,50.733333587646484,33.962276458740234,82591500
2007-10-22,50.233333587646484,51.10333251953125,49.663333892822266,51.099998474121094,34.20774459838867,60902100
2007-10-23,51.753334045410156,52.71333312988281,51.503334045410156,52.516666412353516,35.15609359741211,55527300
2007-10-24,52.03666687011719,52.34333419799805,50.48666763305664,52.17333221435547,34.9262580871582,49925100
2007-10-25,52.86333465576172,52.983333587646484,51.91666793823242,52.836666107177734,35.37031555175781,43169400
2007-10-26,54.016666412353516,54.56999969482422,53.5,54.33333206176758,36.37222671508789,44119500
2007-10-29,55.233333587646484,55.58333206176758,54.939998626708984,55.58333206176758,37.209007263183594,38281200
2007-10-30,54.766666412353516,54.900001525878906,54.349998474121094,54.53333282470703,36.506107330322266,36921900
2007-10-31,55.003334045410156,55.82666778564453,54.33333206176758,55.72999954223633,37.30718994140625,63320400
2007-11-01,54.186668395996094,54.55666732788086,53.290000915527344,53.47999954223633,35.80097961425781,56598300
2007-11-02,53.83333206176758,54.310001373291016,52.81999969482422,53.78333282470703,36.00403594970703,59190000
2007-11-05,52.366668701171875,52.630001068115234,51.543331146240234,51.913333892822266,34.7522087097168,43943400
2007-11-06,53.426666259765625,54.09000015258789,52.66999816894531,53.883331298828125,36.070980072021484,40065300
2007-11-07,53.09333419799805,53.5533332824707,51.90666580200195,52.16666793823242,34.92180252075195,46819800
2007-11-08,52.40666580200195,52.96666717529297,50.630001068115234,52.43333435058594,35.100311279296875,83404200
2007-11-09,51.48666763305664,52.20000076293945,50.8033332824707,51.20000076293945,34.27468490600586,52806000
2007-11-12,50.483333587646484,50.79666519165039,48.34000015258789,48.366668701171875,32.37797164916992,69956100
2007-11-13,50.29999923706055,51.973331451416016,50.09000015258789,51.78333282470703,34.665184020996094,74957100
2007-11-14,52.77000045776367,53.099998474121094,51.459999084472656,51.83333206176758,34.69865417480469,47813100
2007-11-15,51.2400016784668,51.77333450317383,50.130001068115234,50.63999938964844,33.89979934692383,55260300
2007-11-16,50.813331604003906,51.36000061035156,50.04999923706055,51.266666412353516,34.31930923461914,60026400
2007-11-19,50.3033332824707,50.4033317565918,48.46666717529297,48.9033317565918,32.737239837646484,52244700
2007-11-20,49.496665954589844,50.72999954223633,48.99333190917969,50.246665954589844,33.63648986816406,83208600
2007-11-21,48.56999969482422,48.76333236694336,47.40666580200195,47.71666717529297,31.94284439086914,77409000
2007-11-23,48.58333206176758,49.733333587646484,48.58333206176758,49.12666702270508,32.88675308227539,24243900
2007-11-26,49.34000015258789,49.81999969482422,47.176666259765625,47.176666259765625,31.58135414123535,72462000
2007-11-27,47.91666793823242,49.1966667175293,47.643333435058594,48.983333587646484,32.79079055786133,75099600
2007-11-28,49.52333450317383,51.66666793823242,49.5,51.66666793823242,34.58707809448242,100931400
2007-11-29,51.04999923706055,51.75,50.65999984741211,51.03333282470703,34.16311264038086,62430600
2007-11-30,52.426666259765625,52.56666564941406,51.05666732788086,51.46666717529297,34.453189849853516,64310400
2007-12-03,51.369998931884766,51.64666748046875,50.900001525878906,51.02000045776367,34.154197692871094,41652600
2007-12-04,50.8033332824707,51.496665954589844,50.73666763305664,50.88666534423828,34.06492233276367,32139000
2007-12-05,52.099998474121094,53.150001525878906,52.099998474121094,53.14666748046875,35.57783889770508,46454100
2007-12-06,52.866668701171875,54.04999923706055,52.66666793823242,53.983333587646484,36.1379280090332,49785000
2007-12-07,53.733333587646484,53.79999923706055,53.09000015258789,53.34333419799805,35.70948791503906,47259900
2007-12-10,53.33333206176758,53.57666778564453,53.0966682434082,53.36000061035156,35.72064971923828,30087600
2007-12-11,53.59333419799805,53.7400016784668,50.900001525878906,51.099998474121094,34.20774459838867,67515900
2007-12-12,53.43333435058594,53.880001068115234,51.48666763305664,52.633331298828125,35.23419952392578,72613200
2007-12-13,51.16666793823242,51.59333419799805,50.483333587646484,51.186668395996094,34.265750885009766,75751200
2007-12-14,50.133331298828125,50.790000915527344,49.936668395996094,49.96666717529297,33.44906997680664,52611000
2007-12-17,49.119998931884766,49.20333480834961,47.813331604003906,47.836666107177734,32.02317428588867,62022000
2007-12-18,49.349998474121094,49.38666534423828,47.90999984741211,49.150001525878906,32.90235900878906,69887400
2007-12-19,49.32666778564453,49.77333450317383,49.003334045410156,49.470001220703125,33.11658477783203,56490000
2007-12-20,49.706668853759766,49.86000061035156,49.086666107177734,49.7400016784668,33.29732894897461,45520800
2007-12-21,50.46666717529297,51.2400016784668,50.366668701171875,51.2400016784668,34.30146789550781,56436300
2007-12-24,50.689998626708984,51.45333480834961,50.62666702270508,51.4466667175293,34.88161849975586,18304800
2007-12-26,51.04999923706055,51.82666778564453,50.95000076293945,51.71333312988281,35.06242752075195,23497500
2007-12-27,51.246665954589844,51.34333419799805,50.39666748046875,50.52000045776367,34.25332260131836,30705600
2007-12-28,51.03666687011719,51.18000030517578,50.33000183105469,50.709999084472656,34.382144927978516,37557000
2007-12-31,50.849998474121094,50.96333312988281,50.003334045410156,50.099998474121094,33.968544006347656,26840400
2008-01-02,50.439998626708984,50.753334045410156,48.970001220703125,49.27333450317383,33.408050537109375,68029800
2008-01-03,49.866668701171875,50.05666732788086,49.48666763305664,49.71666717529297,33.70864486694336,47760300
2008-01-04,49.2599983215332,49.349998474121094,47.75666809082031,48.223331451416016,32.69614028930664,83071200
2008-01-07,48.62333297729492,48.93333435058594,47.810001373291016,48.57666778564453,32.935707092285156,54090900
2008-01-08,49.13999938964844,49.65666580200195,48.06999969482422,48.20000076293945,32.68033218383789,88767900
2008-01-09,48.9033317565918,49.779998779296875,48.20000076293945,49.779998779296875,33.7515983581543,85492200
2008-01-10,48.973331451416016,50.650001525878906,48.7400016784668,50.366668701171875,34.14936065673828,84510900
2008-01-11,49.29999923706055,49.883331298828125,48.663333892822266,48.95000076293945,33.18883514404297,78241200
2008-01-14,49.68000030517578,49.91666793823242,49.233333587646484,49.66999816894531,33.6770133972168,70594500
2008-01-15,48.70000076293945,48.88999938964844,47.266666412353516,47.42333221435547,32.153751373291016,90633900
2008-01-16,46.71666717529297,46.91999816894531,44.72666549682617,45.45000076293945,30.815792083740234,141276600
2008-01-17,46.16666793823242,46.49333190917969,43.93000030517578,44.12666702270508,29.918548583984375,133308000
2008-01-18,45.48666763305664,45.753334045410156,44.05666732788086,45.133331298828125,30.6010799407959,119655300
2008-01-22,42.310001373291016,45.03333282470703,41.83333206176758,44.0,29.832658767700195,153342900
2008-01-23,42.040000915527344,44.43000030517578,40.676666259765625,44.279998779296875,30.022504806518555,173383800
2008-01-24,44.20000076293945,45.4466667175293,44.106666564941406,45.13999938964844,30.605607986450195,93140700
2008-01-25,45.99333190917969,46.27333450317383,44.27000045776367,44.45333480834961,30.14003562927246,65709300
2008-01-28,44.366668701171875,45.5533332824707,42.33333206176758,45.5533332824707,30.885848999023438,61924200
2008-01-29,45.439998626708984,45.53666687011719,44.69333267211914,45.33000183105469,30.734420776367188,42873000
2008-01-30,44.650001525878906,46.36000061035156,44.380001068115234,44.733333587646484,30.32987403869629,90782400
2008-01-31,43.880001068115234,45.93333435058594,43.70333480834961,45.630001068115234,30.937835693359375,91635900
2008-02-01,45.866668701171875,46.6966667175293,45.66666793823242,46.540000915527344,31.554819107055664,66237600
2008-02-04,46.880001068115234,47.0,46.40666580200195,46.68333435058594,31.652002334594727,47431800
2008-02-05,45.650001525878906,45.75,43.733333587646484,44.16999816894531,29.947914123535156,81961200
2008-02-06,44.5,45.03666687011719,43.3033332824707,43.4466667175293,29.457504272460938,94311600
2008-02-07,43.29999923706055,44.61000061035156,42.869998931884766,44.18333435058594,29.956966400146484,81689400
2008-02-08,43.633331298828125,44.40999984741211,43.47666549682617,44.099998474121094,29.900461196899414,64338300
2008-02-11,43.939998626708984,44.663333892822266,43.42333221435547,44.64666748046875,30.271116256713867,62668500
2008-02-12,45.086666107177734,46.13666534423828,44.97999954223633,45.366668701171875,30.759281158447266,95163900
2008-02-13,45.849998474121094,46.52000045776367,45.33333206176758,46.38666534423828,31.45085906982422,80838300
2008-02-14,46.8033332824707,46.9466667175293,45.746665954589844,45.790000915527344,31.046300888061523,77572200
2008-02-15,45.936668395996094,46.14666748046875,45.393333435058594,46.116668701171875,31.26779556274414,40972800
2008-02-19,47.32666778564453,47.369998931884766,46.44333267211914,46.720001220703125,31.676864624023438,60714600
2008-02-20,45.983333587646484,47.28666687011719,45.77000045776367,47.11000061035156,31.94129180908203,67324200
2008-02-21,47.41666793823242,47.52000045776367,46.279998779296875,46.45000076293945,31.493806838989258,47179200
2008-02-22,46.92333221435547,47.150001525878906,45.880001068115234,47.073333740234375,31.916427612304688,58150800
2008-02-25,46.983333587646484,48.01333236694336,46.643333435058594,47.95000076293945,32.510826110839844,62952600
2008-02-26,47.59333419799805,48.766666412353516,47.43000030517578,48.58333206176758,32.940223693847656,62865300
2008-02-27,48.21666717529297,49.28333282470703,48.10333251953125,48.99333190917969,33.21820831298828,59912700
2008-02-28,48.48666763305664,48.87666702270508,48.223331451416016,48.46666717529297,32.86112976074219,52139100
2008-02-29,47.93333435058594,47.95000076293945,46.456668853759766,46.540000915527344,31.554819107055664,69116400
2008-03-03,46.543331146240234,47.11333465576172,46.0,46.793331146240234,31.726572036743164,85376100
2008-03-04,46.0099983215332,46.439998626708984,44.85333251953125,45.706668853759766,30.989809036254883,95442600
2008-03-05,46.2400016784668,46.866668701171875,45.90999984741211,46.66666793823242,31.64070701599121,63579300
2008-03-06,46.400001525878906,46.54999923706055,45.0099983215332,45.06666564941406,30.55587387084961,57511500
2008-03-07,44.64666748046875,45.5099983215332,44.150001525878906,44.44333267211914,30.13324737548828,70810500
2008-03-10,44.7599983215332,44.7599983215332,43.2400016784668,43.663333892822266,29.60440444946289,70676700
2008-03-11,45.52000045776367,46.633331298828125,44.78333282470703,46.599998474121094,31.59549903869629,100189800
2008-03-12,46.099998474121094,46.66666793823242,45.606666564941406,45.73666763305664,31.010164260864258,59353200
2008-03-13,44.436668395996094,45.776668548583984,44.08333206176758,45.31999969482422,30.727636337280273,85102500
2008-03-14,45.3033332824707,45.41666793823242,43.366668701171875,43.71333312988281,29.638301849365234,94845000
2008-03-17,42.086666107177734,43.00666809082031,41.619998931884766,42.633331298828125,28.90604019165039,104934000
2008-03-18,43.516666412353516,44.93000030517578,43.41999816894531,44.849998474121094,30.408979415893555,82055700
2008-03-19,44.349998474121094,44.633331298828125,42.099998474121094,42.15666580200195,28.582853317260742,98289000
2008-03-20,42.12333297729492,42.983333587646484,41.59333419799805,42.866668701171875,29.064247131347656,83455200
2008-03-24,43.459999084472656,44.8466682434082,43.23666763305664,44.5099983215332,30.17844581604004,63315000
2008-03-25,44.5533332824707,45.27000045776367,44.54999923706055,45.19333267211914,30.64176368713379,49837200
2008-03-26,44.96333312988281,45.026668548583984,44.39666748046875,44.82666778564453,30.393163681030273,46039800
2008-03-27,45.26333236694336,45.290000915527344,44.543331146240234,44.61000061035156,30.246253967285156,45650100
2008-03-28,45.003334045410156,45.08333206176758,44.36333465576172,44.529998779296875,30.192001342773438,42123300
2008-03-31,44.616668701171875,44.84000015258789,44.39666748046875,44.793331146240234,30.370555877685547,51357900
2008-04-01,45.29666519165039,46.54999923706055,45.19333267211914,46.51333236694336,31.536746978759766,59322000
2008-04-02,46.51333236694336,46.893333435058594,46.0,46.54666519165039,31.559343338012695,48963000
2008-04-03,46.383331298828125,47.413333892822266,46.25,47.11333465576172,31.943557739257812,49385100
2008-04-04,46.87333297729492,47.543331146240234,46.57666778564453,46.92333221435547,31.814725875854492,48387300
2008-04-07,47.74333190917969,48.18333435058594,47.25666809082031,47.54666519165039,32.23736572265625,48936600
2008-04-08,47.150001525878906,47.529998779296875,46.959999084472656,47.28666687011719,32.06107711791992,37712100
2008-04-09,47.12666702270508,47.293331146240234,46.35333251953125,46.54999923706055,31.561595916748047,38654100
2008-04-10,46.89666748046875,47.41999816894531,46.47666549682617,47.21666717529297,32.01362228393555,38757600
2008-04-11,46.74333190917969,46.996665954589844,46.22666549682617,46.4466667175293,31.491531372070312,45471000
2008-04-14,46.25666809082031,46.72666549682617,46.003334045410156,46.336666107177734,31.41696548461914,43521300
2008-04-15,46.85333251953125,46.97666549682617,46.45000076293945,46.880001068115234,31.78534507751465,34587600
2008-04-16,47.439998626708984,48.53333282470703,47.43333435058594,48.266666412353516,32.72552490234375,52355400
2008-04-17,47.80666732788086,48.12333297729492,47.54999923706055,47.91666793823242,32.48820877075195,35445900
2008-04-18,48.58000183105469,48.900001525878906,48.206668853759766,48.63999938964844,32.978660583496094,43182300
2008-04-21,48.40999984741211,48.956668853759766,47.33333206176758,48.88666534423828,33.145896911621094,39228000
2008-04-22,48.723331451416016,48.8033332824707,48.073333740234375,48.43333435058594,32.83852767944336,45971400
2008-04-23,48.939998626708984,49.15999984741211,48.53333282470703,49.130001068115234,33.310882568359375,38048400
2008-04-24,48.970001220703125,49.150001525878906,48.106666564941406,48.5,32.883731842041016,38298300
2008-04-25,48.900001525878906,48.94333267211914,48.150001525878906,48.856666564941406,33.12555694580078,36429900
2008-04-28,49.016666412353516,49.14666748046875,48.68000030517578,48.76333236694336,33.062278747558594,28076100
2008-04-29,48.633331298828125,48.633331298828125,47.85333251953125,47.900001525878906,32.476924896240234,43114200
2008-04-30,48.20000076293945,49.040000915527344,48.060001373291016,48.88666534423828,33.145896911621094,56735100
2008-05-01,48.866668701171875,49.50666809082031,48.58000183105469,49.40666580200195,33.49846267700195,36340500
2008-05-02,50.026668548583984,50.09000015258789,49.5,49.880001068115234,33.81938171386719,36100200
2008-05-05,49.83333206176758,50.060001373291016,49.573333740234375,49.84333419799805,33.79452896118164,22732500
2008-05-06,49.663333892822266,50.516666412353516,49.43333435058594,50.400001525878906,34.171958923339844,36007500
2008-05-07,49.99333190917969,50.116668701171875,48.8033332824707,48.900001525878906,33.154930114746094,52249200
2008-05-08,49.143333435058594,49.5966682434082,49.040000915527344,49.4033317565918,33.49620819091797,34318500
2008-05-09,48.956668853759766,49.163333892822266,48.706668853759766,49.0,33.222740173339844,33387000
2008-05-12,49.073333740234375,49.650001525878906,48.71333312988281,49.630001068115234,33.6498908996582,31889100
2008-05-13,49.75,49.970001220703125,49.41666793823242,49.866668701171875,33.81035232543945,24984000
2008-05-14,50.25,50.4900016784668,49.88999938964844,49.98666763305664,33.891719818115234,27882000
2008-05-15,50.279998779296875,51.08000183105469,50.130001068115234,51.04999923706055,34.612667083740234,41979600
2008-05-16,51.31666564941406,51.733333587646484,51.130001068115234,51.70000076293945,35.05337905883789,30127200
2008-05-19,51.720001220703125,52.48666763305664,51.5966682434082,51.709999084472656,35.06016540527344,45427200
2008-05-20,50.97999954223633,51.0,50.52333450317383,50.813331604003906,34.45219802856445,44971500
2008-05-21,51.029998779296875,51.38999938964844,50.119998931884766,50.29666519165039,34.10190200805664,47546700
2008-05-22,50.563331604003906,50.643333435058594,50.11333465576172,50.44333267211914,34.20134353637695,26301300
2008-05-23,50.00666809082031,50.116668701171875,49.349998474121094,49.563331604003906,33.60469436645508,31783500
2008-05-27,49.40666580200195,49.61333465576172,48.97999954223633,49.483333587646484,33.550437927246094,35205600
2008-05-28,49.63666534423828,50.150001525878906,49.18333435058594,50.150001525878906,34.00244903564453,31076400
2008-05-29,50.1966667175293,50.83333206176758,49.97666549682617,50.2599983215332,34.077030181884766,36030300
2008-05-30,50.55666732788086,50.84000015258789,50.366668701171875,50.43333435058594,34.19456100463867,29933400
2008-06-02,50.393333435058594,50.393333435058594,49.52000045776367,49.83333206176758,33.78774642944336,39888600
2008-06-03,49.849998474121094,49.926666259765625,48.73666763305664,48.93333435058594,33.17753219604492,44795100
2008-06-04,48.663333892822266,49.106666564941406,48.41666793823242,48.50666809082031,32.88824462890625,46607100
2008-06-05,48.926666259765625,50.04999923706055,48.78333282470703,50.04999923706055,33.934661865234375,36879600
2008-06-06,49.349998474121094,49.45000076293945,48.23666763305664,48.23666763305664,32.7051887512207,48717600
2008-06-09,48.4033317565918,48.60333251953125,47.53333282470703,48.11333465576172,32.62156295776367,49329300
2008-06-10,47.393333435058594,47.41666793823242,46.90666580200195,47.003334045410156,31.868959426879883,67029600
2008-06-11,47.16666793823242,47.290000915527344,46.266666412353516,46.29999923706055,31.3920955657959,72144300
2008-06-12,46.650001525878906,47.253334045410156,46.356666564941406,46.56999969482422,31.575166702270508,59169900
2008-06-13,46.599998474121094,47.22999954223633,46.349998474121094,47.073333740234375,31.916427612304688,42621000
2008-06-16,47.03333282470703,47.40666580200195,46.91666793823242,47.233333587646484,32.024898529052734,34441200
2008-06-17,47.72999954223633,47.86000061035156,47.400001525878906,47.43333435058594,32.160518646240234,38012100
2008-06-18,47.356666564941406,47.563331604003906,46.733333587646484,47.20333480834961,32.00456619262695,48612300
2008-06-19,46.983333587646484,47.426666259765625,46.813331604003906,47.276668548583984,32.054290771484375,52999500
2008-06-20,46.51333236694336,46.62333297729492,45.643333435058594,45.733333587646484,31.007890701293945,94397400
2008-06-23,45.91666793823242,46.06999969482422,45.66999816894531,45.866668701171875,31.098289489746094,50194200
2008-06-24,45.619998931884766,46.18333435058594,45.24333190917969,45.663333892822266,30.960418701171875,55306800
2008-06-25,45.45333480834961,46.43000030517578,45.45333480834961,46.04999923706055,31.580385208129883,64861200
2008-06-26,45.29999923706055,45.42333221435547,44.43333435058594,44.470001220703125,30.496835708618164,69863700
2008-06-27,44.676666259765625,45.12333297729492,44.43333435058594,44.900001525878906,30.791730880737305,54488400
2008-06-30,45.21666717529297,45.393333435058594,44.96333312988281,45.2400016784668,31.02490234375,52705800
2008-07-01,44.21666717529297,44.61000061035156,43.606666564941406,44.43333435058594,30.471704483032227,88602600
2008-07-02,44.63666534423828,44.77333450317383,43.060001373291016,43.16666793823242,29.6030330657959,77359500
2008-07-03,43.60333251953125,43.60333251953125,42.63999938964844,43.043331146240234,29.518447875976562,51487800
2008-07-07,43.400001525878906,43.85333251953125,42.5,42.88999938964844,29.413299560546875,84791100
2008-07-08,42.81999969482422,43.45000076293945,42.26333236694336,43.41666793823242,29.77448081970215,91546200
2008-07-09,43.599998474121094,43.95333480834961,42.426666259765625,42.540000915527344,29.173267364501953,89474400
2008-07-10,43.063331604003906,43.52333450317383,42.5966682434082,43.310001373291016,29.701326370239258,82659300
2008-07-11,42.973331451416016,43.650001525878906,42.58333206176758,43.02000045776367,29.50245475769043,74596200
2008-07-14,43.619998931884766,43.8466682434082,41.733333587646484,42.96666717529297,29.465877532958984,48638400
2008-07-15,42.30666732788086,43.01333236694336,41.52333450317383,42.25,28.97439956665039,108376500
2008-07-16,42.246665954589844,43.58333206176758,42.02333450317383,43.470001220703125,29.811052322387695,72721800
2008-07-17,43.709999084472656,44.073333740234375,43.356666564941406,43.67333221435547,29.95050048828125,88662300
2008-07-18,43.310001373291016,43.676666259765625,43.143333435058594,43.29666519165039,29.692182540893555,50926800
2008-07-21,43.563331604003906,43.96666717529297,43.49333190917969,43.83333206176758,30.06022071838379,42357300
2008-07-22,43.293331146240234,43.866668701171875,43.01333236694336,43.86000061035156,30.078508377075195,47977800
2008-07-23,44.08000183105469,44.35333251953125,43.77000045776367,43.92333221435547,30.121936798095703,142368000
2008-07-24,43.65999984741211,44.0,41.58000183105469,42.29999923706055,29.008689880371094,33791200
2008-07-25,42.650001525878906,42.75,42.2400016784668,42.59000015258789,29.20757484436035,26549400
2008-07-28,42.63999938964844,42.7400016784668,41.75,41.869998931884766,28.713794708251953,22918200
2008-07-29,41.9900016784668,44.189998626708984,41.7599983215332,44.189998626708984,30.304813385009766,28970800
2008-07-30,43.470001220703125,44.400001525878906,42.02000045776367,43.72999954223633,29.989356994628906,38187600
2008-07-31,42.84000015258789,43.689998626708984,42.650001525878906,42.75,29.31728744506836,65916000
2008-08-01,43.20000076293945,43.20000076293945,42.15999984741211,42.459999084472656,29.118404388427734,36367800
2008-08-04,41.95000076293945,42.08000183105469,40.959999084472656,41.15999984741211,28.226886749267578,55599400
2008-08-05,41.20000076293945,41.790000915527344,41.0099983215332,41.689998626708984,28.590351104736328,42552600
2008-08-06,41.599998474121094,42.52000045776367,41.54999923706055,42.52000045776367,29.1595516204834,34367700
2008-08-07,41.720001220703125,41.79999923706055,40.939998626708984,41.060001373291016,28.158315658569336,38381200
2008-08-08,40.56999969482422,41.290000915527344,40.40999984741211,41.15999984741211,28.226886749267578,51194100
2008-08-11,40.90999984741211,41.13999938964844,40.58000183105469,40.72999954223633,27.932004928588867,43444700
2008-08-12,40.41999816894531,40.709999084472656,39.9900016784668,40.38999938964844,27.698837280273438,39537600
2008-08-13,40.040000915527344,40.52000045776367,39.63999938964844,40.380001068115234,27.69198226928711,52150600
2008-08-14,40.36000061035156,41.06999969482422,40.349998474121094,40.90999984741211,28.05544662475586,34218600
2008-08-15,40.7400016784668,40.95000076293945,40.20000076293945,40.27000045776367,27.616539001464844,37679300
2008-08-18,40.45000076293945,40.5,39.2599983215332,39.59000015258789,27.150205612182617,34649700
2008-08-19,39.130001068115234,39.38999938964844,38.72999954223633,39.2599983215332,26.92389678955078,58501700
2008-08-20,39.790000915527344,40.290000915527344,39.65999984741211,40.2599983215332,27.60968017578125,39617100
2008-08-21,39.7400016784668,40.439998626708984,39.66999816894531,40.20000076293945,27.568531036376953,26882500
2008-08-22,40.439998626708984,40.459999084472656,39.66999816894531,40.16999816894531,27.547962188720703,19299700
2008-08-25,40.040000915527344,40.099998474121094,39.310001373291016,39.34000015258789,26.97877311706543,30942400
2008-08-26,39.459999084472656,39.65999984741211,39.20000076293945,39.40999984741211,27.026771545410156,25493200
2008-08-27,39.7400016784668,40.349998474121094,39.630001068115234,40.25,27.602832794189453,31425700
2008-08-28,40.33000183105469,40.61000061035156,40.22999954223633,40.529998779296875,27.794843673706055,29213700
2008-08-29,40.45000076293945,40.47999954223633,39.849998474121094,40.04999923706055,27.465662002563477,26262300
2008-09-02,39.369998931884766,39.709999084472656,38.7599983215332,38.84000015258789,26.635873794555664,43801700
2008-09-03,38.7599983215332,38.7599983215332,37.90999984741211,38.20000076293945,26.196969985961914,58412400
2008-09-04,37.77000045776367,37.90999984741211,36.400001525878906,36.439998626708984,24.989986419677734,70453100
2008-09-05,36.40999984741211,37.029998779296875,35.95000076293945,36.959999084472656,25.346593856811523,58892600
2008-09-08,38.58000183105469,38.75,36.869998931884766,37.41999816894531,25.662059783935547,64826300
2008-09-09,36.70000076293945,36.880001068115234,34.75,35.31999969482422,24.221908569335938,71020700
2008-09-10,35.93000030517578,36.209999084472656,35.22999954223633,35.88999938964844,24.612812042236328,74811000
2008-09-11,34.66999816894531,35.45000076293945,34.349998474121094,35.36000061035156,24.249343872070312,103649900
2008-09-12,35.25,36.9900016784668,35.040000915527344,36.540000915527344,25.058565139770508,83241400
2008-09-15,34.349998474121094,35.2599983215332,33.54999923706055,33.66999816894531,23.090364456176758,108168400
2008-09-16,32.189998626708984,34.25,31.950000762939453,33.959999084472656,23.28923988342285,115788300
2008-09-17,32.880001068115234,33.2400016784668,31.3799991607666,31.549999237060547,21.63650131225586,153448700
2008-09-18,32.70000076293945,34.79999923706055,31.209999084472656,34.209999084472656,23.460689544677734,155272500
2008-09-19,38.77000045776367,39.75,36.04999923706055,38.470001220703125,26.382123947143555,157949600
2008-09-22,37.75,37.75,35.880001068115234,35.959999084472656,24.660804748535156,112364700
2008-09-23,35.630001068115234,36.310001373291016,34.380001068115234,34.84000015258789,23.892728805541992,75596800
2008-09-24,35.45000076293945,35.7400016784668,34.779998779296875,35.2400016784668,24.16704750061035,64728700
2008-09-25,35.720001220703125,37.5,35.5,37.04999923706055,25.408321380615234,98210700
2008-09-26,35.099998474121094,36.06999969482422,34.0,35.790000915527344,24.544227600097656,56618700
2008-09-29,34.130001068115234,34.33000183105469,30.8799991607666,31.610000610351562,21.677650451660156,126723300
2008-09-30,33.22999954223633,34.529998779296875,32.75,34.16999816894531,23.433258056640625,77582900
2008-10-01,33.810001373291016,34.58000183105469,33.099998474121094,34.58000183105469,23.71442413330078,69638300
2008-10-02,33.27000045776367,33.279998779296875,31.459999084472656,31.549999237060547,21.63650131225586,81034600
2008-10-03,31.93000030517578,33.08000183105469,30.649999618530273,30.719999313354492,21.067302703857422,83974700
2008-10-06,28.479999542236328,28.8799991607666,26.520000457763672,28.40999984741211,19.483137130737305,155814800
2008-10-07,28.8700008392334,29.110000610351562,26.200000762939453,26.200000762939453,17.96755599975586,115117100
2008-10-08,25.600000381469727,27.3799991607666,25.149999618530273,26.200000762939453,17.96755599975586,133618100
2008-10-09,26.889999389648438,27.299999237060547,24.15999984741211,24.270000457763672,16.643991470336914,129263500
2008-10-10,23.170000076293945,25.989999771118164,22.239999771118164,24.549999237060547,16.83600616455078,181837700
2008-10-13,26.75,30.3700008392334,26.18000030517578,30.139999389648438,20.669544219970703,177204100
2008-10-14,30.100000381469727,31.25,27.809999465942383,28.639999389648438,19.6408634185791,154341500
2008-10-15,26.850000381469727,26.950000762939453,23.90999984741211,24.010000228881836,16.465682983398438,153732000
2008-10-16,24.600000381469727,25.190000534057617,22.549999237060547,25.190000534057617,17.27491569519043,182101100
2008-10-17,23.899999618530273,25.899999618530273,23.579999923706055,24.399999618530273,16.73314094543457,121812700
2008-10-20,25.15999984741211,26.209999084472656,24.790000915527344,26.110000610351562,17.905834197998047,84463900
2008-10-21,25.0,25.350000381469727,24.030000686645508,24.030000686645508,16.47941017150879,86398800
2008-10-22,22.950000762939453,23.110000610351562,21.139999389648438,21.5,14.744369506835938,157052000
2008-10-23,21.399999618530273,22.530000686645508,20.65999984741211,22.100000381469727,15.155840873718262,153277100
2008-10-24,19.3799991607666,20.809999465942383,19.190000534057617,19.81999969482422,13.592253684997559,170199600
2008-10-27,19.309999465942383,20.440000534057617,19.15999984741211,19.299999237060547,13.235639572143555,142877900
2008-10-28,20.639999389648438,24.239999771118164,20.100000381469727,23.34000015258789,16.006208419799805,219283400
2008-10-29,22.219999313354492,24.010000228881836,21.770000457763672,22.600000381469727,15.498733520507812,159872300
2008-10-30,24.5,25.75,24.3700008392334,25.649999618530273,17.59037208557129,186225900
2008-10-31,25.020000457763672,25.950000762939453,24.75,25.43000030517578,17.439496994018555,162086800
2008-11-03,25.639999389648438,25.760000228881836,25.09000015258789,25.200000762939453,17.28177261352539,90109900
2008-11-04,26.420000076293945,27.6299991607666,26.149999618530273,27.5,18.859079360961914,138685300
2008-11-05,26.149999618530273,26.3799991607666,23.799999237060547,24.0,16.458826065063477,153152800
2008-11-06,23.940000534057617,24.18000030517578,22.329999923706055,22.790000915527344,15.629029273986816,158025800
2008-11-07,23.850000381469727,24.68000030517578,23.40999984741211,24.639999389648438,16.897727966308594,152078400
2008-11-10,25.709999084472656,25.709999084472656,24.18000030517578,24.8700008392334,17.055461883544922,96111900
2008-11-11,24.030000686645508,24.280000686645508,22.90999984741211,23.31999969482422,15.9924955368042,128587900
2008-11-12,22.81999969482422,22.84000015258789,21.34000015258789,21.59000015258789,14.80609130859375,182266000
2008-11-13,21.959999084472656,24.729999542236328,20.889999389648438,24.579999923706055,16.856578826904297,241229100
2008-11-14,23.200000762939453,23.65999984741211,22.149999618530273,22.219999313354492,15.238126754760742,180106800
2008-11-17,22.040000915527344,22.790000915527344,21.690000534057617,21.850000381469727,14.984391212463379,118832400
2008-11-18,21.56999969482422,21.969999313354492,20.68000030517578,21.530000686645508,14.76494312286377,111377600
2008-11-19,21.1299991607666,21.360000610351562,19.610000610351562,19.670000076293945,13.489386558532715,155995700
2008-11-20,19.489999771118164,20.06999969482422,18.219999313354492,18.260000228881836,12.522425651550293,244592200
2008-11-21,20.040000915527344,20.989999771118164,18.979999542236328,20.889999389648438,14.326041221618652,248682100
2008-11-24,20.799999237060547,22.649999618530273,20.780000686645508,22.15999984741211,15.19698715209961,188103000
2008-11-25,22.549999237060547,22.600000381469727,21.239999771118164,21.739999771118164,14.908954620361328,133691700
2008-11-26,21.610000610351562,23.440000534057617,21.56999969482422,23.399999618530273,16.047359466552734,120738500
2008-11-28,22.84000015258789,23.079999923706055,22.729999542236328,22.950000762939453,15.738753318786621,36642700
2008-12-01,22.149999618530273,22.200000762939453,20.690000534057617,20.739999771118164,14.223172187805176,138664600
2008-12-02,21.639999389648438,22.1299991607666,21.139999389648438,22.049999237060547,15.121541976928711,112480900
2008-12-03,21.260000228881836,22.3700008392334,21.149999618530273,22.229999542236328,15.244988441467285,93150400
2008-12-04,21.6200008392334,22.200000762939453,21.020000457763672,21.280000686645508,14.593493461608887,117519200
2008-12-05,21.1299991607666,22.549999237060547,20.8799991607666,22.540000915527344,15.457581520080566,96640400
2008-12-08,23.420000076293945,24.209999084472656,23.3799991607666,23.979999542236328,16.44510841369629,122277400
2008-12-09,23.670000076293945,24.290000915527344,23.280000686645508,23.649999618530273,16.21880531311035,103924100
2008-12-10,24.3700008392334,25.1200008392334,24.329999923706055,25.059999465942383,17.185758590698242,100967300
2008-12-11,24.850000381469727,25.579999923706055,24.329999923706055,24.420000076293945,16.74685287475586,112643600
2008-12-12,23.8700008392334,24.969999313354492,23.700000762939453,24.760000228881836,16.980024337768555,98443000
2008-12-15,24.8700008392334,24.90999984741211,24.1200008392334,24.43000030517578,16.75371551513672,67469800
2008-12-16,24.809999465942383,26.459999084472656,24.700000762939453,26.3799991607666,18.09099769592285,146597700
2008-12-17,25.709999084472656,26.329999923706055,25.6200008392334,25.920000076293945,17.775531768798828,97104500
2008-12-18,26.079999923706055,26.170000076293945,25.219999313354492,25.350000381469727,17.384641647338867,92867800
2008-12-19,25.690000534057617,26.0,25.190000534057617,25.440000534057617,17.44636344909668,56422900
2008-12-22,25.25,25.31999969482422,24.18000030517578,24.489999771118164,16.794864654541016,73538500
2008-12-23,24.18000030517578,24.329999923706055,23.799999237060547,23.950000762939453,16.655776977539062,70285300
2008-12-24,24.149999618530273,24.299999237060547,23.670000076293945,24.1200008392334,16.774002075195312,29365000
2008-12-26,24.149999618530273,24.219999313354492,23.729999542236328,24.040000915527344,16.71836280822754,24728700
2008-12-29,24.34000015258789,24.399999618530273,23.790000915527344,24.0,16.69054412841797,36240900
2008-12-30,24.209999084472656,24.709999084472656,24.15999984741211,24.639999389648438,17.13562774658203,50083900
2008-12-31,24.450000762939453,25.06999969482422,24.329999923706055,24.969999313354492,17.365123748779297,44815800
2009-01-02,25.200000762939453,26.3700008392334,25.1299991607666,26.15999984741211,18.192699432373047,69494900
2009-01-05,26.0,26.760000228881836,25.940000534057617,26.5,18.42914581298828,64779500
2009-01-06,26.889999389648438,27.280000686645508,26.700000762939453,27.100000381469727,18.846406936645508,67960000
2009-01-07,26.34000015258789,26.360000610351562,25.440000534057617,25.540000915527344,17.761524200439453,83175000
2009-01-08,25.09000015258789,25.489999771118164,24.899999618530273,25.43000030517578,17.685022354125977,56783900
2009-01-09,25.239999771118164,25.34000015258789,24.6299991607666,24.8799991607666,17.302526473999023,103377500
2009-01-12,24.600000381469727,24.6200008392334,23.65999984741211,23.829999923706055,16.57231903076172,65283500
2009-01-13,23.690000534057617,24.229999542236328,23.56999969482422,23.899999618530273,16.62099838256836,55003100
2009-01-14,23.3700008392334,23.3799991607666,22.530000686645508,22.739999771118164,15.814291000366211,103322800
2009-01-15,22.760000228881836,23.280000686645508,21.920000076293945,23.0,15.995110511779785,109003500
2009-01-16,23.65999984741211,23.68000030517578,22.530000686645508,23.25,16.16896629333496,79520400
2009-01-20,22.530000686645508,22.600000381469727,21.489999771118164,21.520000457763672,14.96585464477539,126067100
2009-01-21,22.09000015258789,22.799999237060547,21.540000915527344,22.690000534057617,15.77951717376709,103794300
2009-01-22,21.940000534057617,22.360000610351562,21.459999084472656,21.940000534057617,15.257943153381348,83312100
2009-01-23,21.1299991607666,22.43000030517578,21.09000015258789,22.219999313354492,15.452664375305176,77371100
2009-01-26,22.450000762939453,23.079999923706055,22.209999084472656,22.479999542236328,15.633480072021484,67314400
2009-01-27,22.75,23.059999465942383,22.549999237060547,22.8799991607666,15.911656379699707,72898600
2009-01-28,23.600000381469727,24.18000030517578,23.479999542236328,24.040000915527344,16.71836280822754,93809800
2009-01-29,23.270000457763672,23.360000610351562,22.809999465942383,22.81999969482422,15.869929313659668,59937600
2009-01-30,23.079999923706055,23.31999969482422,22.469999313354492,22.649999618530273,15.751700401306152,99451200
2009-02-02,22.200000762939453,22.6200008392334,22.100000381469727,22.420000076293945,15.591753959655762,47753900
2009-02-03,22.649999618530273,23.15999984741211,22.389999389648438,23.09000015258789,16.057703018188477,53163700
2009-02-04,23.31999969482422,23.790000915527344,23.059999465942383,23.260000228881836,16.175920486450195,65511300
2009-02-05,23.110000610351562,24.020000457763672,22.889999389648438,23.75,16.516679763793945,95946700
2009-02-06,24.110000610351562,25.040000915527344,24.020000457763672,24.940000534057617,17.344257354736328,79125400
2009-02-09,24.899999618530273,25.110000610351562,24.600000381469727,24.809999465942383,17.253854751586914,53789200
2009-02-10,24.6200008392334,24.850000381469727,23.309999465942383,23.309999465942383,16.210693359375,92940400
2009-02-11,23.899999618530273,24.170000076293945,23.43000030517578,24.010000228881836,16.697492599487305,66598400
2009-02-12,23.270000457763672,23.90999984741211,23.059999465942383,23.860000610351562,16.593183517456055,69735000
2009-02-13,23.959999084472656,24.139999389648438,23.65999984741211,23.979999542236328,16.676639556884766,58072700
2009-02-17,22.59000015258789,22.709999084472656,22.079999923706055,22.450000762939453,15.612616539001465,115591100
2009-02-18,22.469999313354492,22.700000762939453,21.8799991607666,22.290000915527344,15.501348495483398,83947600
2009-02-19,22.760000228881836,22.780000686645508,22.030000686645508,22.079999923706055,15.355304718017578,59593900
2009-02-20,21.399999618530273,21.950000762939453,21.200000762939453,21.520000457763672,14.96585464477539,102871400
2009-02-23,22.1299991607666,22.18000030517578,20.950000762939453,20.989999771118164,14.597273826599121,103469300
2009-02-24,21.190000534057617,22.200000762939453,21.049999237060547,22.139999389648438,15.397025108337402,99563300
2009-02-25,21.979999542236328,22.219999313354492,21.399999618530273,21.760000228881836,15.132763862609863,81182000
2009-02-26,22.040000915527344,22.299999237060547,21.540000915527344,21.56999969482422,15.000622749328613,56997700
2009-02-27,21.010000228881836,21.950000762939453,21.0,21.229999542236328,14.764179229736328,74829200
2009-03-02,20.6200008392334,20.760000228881836,19.860000610351562,19.940000534057617,13.8670654296875,97424500
2009-03-03,20.450000762939453,20.610000610351562,19.889999389648438,20.219999313354492,14.061779975891113,85418100
2009-03-04,21.25,21.950000762939453,21.059999465942383,21.639999389648438,15.049312591552734,102892700
2009-03-05,20.889999389648438,21.209999084472656,20.6299991607666,20.75,14.430367469787598,101629700
2009-03-06,21.18000030517578,21.459999084472656,20.549999237060547,21.100000381469727,14.673768997192383,76598000
2009-03-09,20.81999969482422,21.31999969482422,20.6299991607666,20.690000534057617,14.38863754272461,67052500
2009-03-10,21.579999923706055,22.389999389648438,21.510000228881836,22.3700008392334,15.556982040405273,92651000
2009-03-11,22.540000915527344,22.700000762939453,22.030000686645508,22.3700008392334,15.556982040405273,73894400
2009-03-12,22.280000686645508,23.280000686645508,22.190000534057617,23.229999542236328,16.155054092407227,77706800
2009-03-13,23.40999984741211,23.489999771118164,22.8700008392334,23.360000610351562,16.245471954345703,67993700
2009-03-16,23.729999542236328,24.0,23.350000381469727,23.3799991607666,16.25937271118164,58545900
2009-03-17,23.31999969482422,23.889999389648438,23.149999618530273,23.889999389648438,16.614049911499023,61603300
2009-03-18,23.639999389648438,24.510000228881836,23.280000686645508,24.389999389648438,16.96177101135254,80664200
2009-03-19,24.670000076293945,24.739999771118164,24.1200008392334,24.229999542236328,16.850494384765625,95853100
2009-03-20,24.15999984741211,24.360000610351562,23.81999969482422,23.899999618530273,16.62099838256836,68480300
2009-03-23,24.959999084472656,26.149999618530273,24.90999984741211,26.110000610351562,18.157926559448242,135850200
2009-03-24,25.43000030517578,25.799999237060547,25.219999313354492,25.299999237060547,17.594619750976562,101954700
2009-03-25,25.530000686645508,26.1299991607666,25.170000076293945,25.68000030517578,17.8588809967041,111157000
2009-03-26,26.260000228881836,26.479999542236328,25.979999542236328,26.3799991607666,18.3456974029541,76714100
2009-03-27,25.809999465942383,25.84000015258789,25.43000030517578,25.600000381469727,17.803251266479492,98452500
2009-03-30,24.530000686645508,24.540000915527344,24.06999969482422,24.280000686645508,16.885276794433594,78970500
2009-03-31,24.969999313354492,25.200000762939453,24.670000076293945,24.809999465942383,17.253854751586914,83243900
2009-04-01,24.799999237060547,25.709999084472656,24.719999313354492,25.6299991607666,17.824113845825195,62557700
2009-04-02,26.59000015258789,27.40999984741211,26.559999465942383,27.020000457763672,18.790773391723633,106959400
2009-04-03,26.84000015258789,27.420000076293945,26.739999771118164,27.350000381469727,19.020263671875,75869500
2009-04-06,27.059999465942383,27.110000610351562,26.559999465942383,27.010000228881836,18.7838191986084,71265800
2009-04-07,26.540000915527344,26.719999313354492,26.34000015258789,26.389999389648438,18.35265350341797,45654200
2009-04-08,26.600000381469727,27.0,26.40999984741211,26.780000686645508,18.623865127563477,48555500
2009-04-09,27.68000030517578,27.969999313354492,27.6299991607666,27.950000762939453,19.437528610229492,90146100
2009-04-13,27.8799991607666,28.260000228881836,27.639999389648438,28.1200008392334,19.55575942993164,52643700
2009-04-14,27.950000762939453,28.219999313354492,27.610000610351562,27.670000076293945,19.242815017700195,59824500
2009-04-15,27.75,28.079999923706055,27.579999923706055,28.06999969482422,19.52098274230957,54941500
2009-04-16,28.219999313354492,28.5,27.8700008392334,28.309999465942383,19.687894821166992,81078700
2009-04-17,28.260000228881836,28.34000015258789,27.969999313354492,28.110000610351562,19.54880714416504,53672500
2009-04-20,27.389999389648438,27.399999618530273,26.709999084472656,26.739999771118164,18.596050262451172,81304500
2009-04-21,26.670000076293945,27.3799991607666,26.489999771118164,27.309999465942383,18.992450714111328,78959000
2009-04-22,26.899999618530273,27.600000381469727,26.850000381469727,27.079999923706055,18.832500457763672,49027000
2009-04-23,27.459999084472656,27.559999465942383,27.100000381469727,27.5,19.124588012695312,60314600
2009-04-24,27.93000030517578,28.170000076293945,27.760000228881836,28.020000457763672,19.486215591430664,55511400
2009-04-27,27.200000762939453,27.5,26.90999984741211,27.079999923706055,18.832500457763672,63328900
2009-04-28,26.520000457763672,27.239999771118164,26.5,26.989999771118164,18.76991081237793,47904400
2009-04-29,27.739999771118164,28.65999984741211,27.649999618530273,28.40999984741211,19.757434844970703,74377700
2009-04-30,28.950000762939453,29.030000686645508,28.43000030517578,28.670000076293945,19.938251495361328,98171200
2009-05-01,28.709999084472656,29.309999465942383,28.579999923706055,29.09000015258789,20.230335235595703,57110400
2009-05-04,29.950000762939453,32.04999923706055,29.850000381469727,31.100000381469727,21.628171920776367,98247800
2009-05-05,30.860000610351562,30.889999389648438,30.469999313354492,30.81999969482422,21.433446884155273,68791600
2009-05-06,31.270000457763672,31.600000381469727,30.889999389648438,31.350000381469727,21.802026748657227,73761000
2009-05-07,31.790000915527344,31.809999465942383,30.329999923706055,30.56999969482422,21.25958251953125,75753800
2009-05-08,31.280000686645508,31.690000534057617,30.93000030517578,31.59000015258789,21.96893310546875,75762100
2009-05-11,31.0,31.15999984741211,30.649999618530273,30.850000381469727,21.45430564880371,58826800
2009-05-12,31.350000381469727,31.420000076293945,30.670000076293945,31.06999969482422,21.607303619384766,49679000
2009-05-13,30.360000610351562,30.440000534057617,29.829999923706055,29.93000030517578,20.81450653076172,67084800
2009-05-14,29.809999465942383,30.549999237060547,29.780000686645508,30.360000610351562,21.11353874206543,44896300
2009-05-15,30.3799991607666,30.6299991607666,29.850000381469727,30.079999923706055,20.918819427490234,53304900
2009-05-18,31.09000015258789,31.860000610351562,31.0,31.75,22.080204010009766,74264200
2009-05-19,31.8700008392334,32.45000076293945,31.739999771118164,32.11000061035156,22.3305606842041,73775000
2009-05-20,32.4900016784668,32.90999984741211,32.09000015258789,32.209999084472656,22.400110244750977,77054600
2009-05-21,31.610000610351562,31.790000915527344,31.229999542236328,31.610000610351562,21.98284149169922,63183300
2009-05-22,31.690000534057617,32.08000183105469,31.579999923706055,31.75,22.080204010009766,44241600
2009-05-26,31.25,32.20000076293945,30.969999313354492,32.130001068115234,22.34447479248047,67058200
2009-05-27,32.4900016784668,32.630001068115234,31.739999771118164,31.760000228881836,22.087160110473633,98036100
2009-05-28,32.290000915527344,32.83000183105469,32.02000045776367,32.7400016784668,22.768695831298828,69977300
2009-05-29,33.27000045776367,33.40999984741211,32.880001068115234,33.2400016784668,23.116409301757812,70410400
2009-06-01,34.2599983215332,34.88999938964844,34.099998474121094,34.63999938964844,24.090023040771484,75198300
2009-06-02,34.22999954223633,34.459999084472656,33.959999084472656,34.13999938964844,23.7423038482666,100627600
2009-06-03,33.630001068115234,33.75,32.4900016784668,32.93000030517578,22.900819778442383,108756900
2009-06-04,33.18000030517578,33.650001525878906,30.780000686645508,33.540000915527344,23.325044631958008,71566500
2009-06-05,34.15999984741211,34.16999816894531,33.130001068115234,33.61000061035156,23.37372398376465,71692700
2009-06-08,32.880001068115234,33.369998931884766,32.599998474121094,33.09000015258789,23.012086868286133,64025700
2009-06-09,33.29999923706055,33.349998474121094,32.689998626708984,33.150001525878906,23.05381965637207,62174500
2009-06-10,33.90999984741211,33.95000076293945,33.099998474121094,33.56999969482422,23.345903396606445,60045900
2009-06-11,33.72999954223633,34.599998474121094,33.689998626708984,34.290000915527344,23.846620559692383,68831300
2009-06-12,33.81999969482422,33.869998931884766,33.400001525878906,33.7400016784668,23.464128494262695,55824300
2009-06-15,33.08000183105469,33.099998474121094,32.18000030517578,32.529998779296875,22.622648239135742,75789300
2009-06-16,32.70000076293945,32.880001068115234,31.920000076293945,32.040000915527344,22.281883239746094,71535900
2009-06-17,31.790000915527344,32.0099983215332,31.329999923706055,31.68000030517578,22.03152084350586,94091200
2009-06-18,31.549999237060547,31.8799991607666,31.350000381469727,31.59000015258789,21.96893310546875,62572000
2009-06-19,32.02000045776367,32.06999969482422,31.670000076293945,31.75,22.080204010009766,60687200
2009-06-22,31.309999465942383,31.389999389648438,30.579999923706055,30.600000381469727,21.280445098876953,80985000
2009-06-23,30.559999465942383,30.649999618530273,30.1200008392334,30.549999237060547,21.418567657470703,87108200
2009-06-24,31.360000610351562,31.690000534057617,31.0,31.219999313354492,21.888301849365234,80955800
2009-06-25,31.020000457763672,32.150001525878906,31.010000228881836,32.150001525878906,22.540325164794922,83273600
2009-06-26,32.15999984741211,32.47999954223633,32.060001373291016,32.31999969482422,22.65951156616211,64981100
2009-06-29,32.61000061035156,32.65999984741211,32.22999954223633,32.560001373291016,22.827775955200195,52781900
2009-06-30,32.529998779296875,32.66999816894531,32.0,32.22999954223633,22.596410751342773,92032200
2009-07-01,32.91999816894531,33.20000076293945,32.7400016784668,32.81999969482422,23.01005744934082,83474500
2009-07-02,32.2599983215332,32.279998779296875,31.8700008392334,31.920000076293945,22.379070281982422,59912900
2009-07-06,31.469999313354492,31.899999618530273,31.219999313354492,31.850000381469727,22.32999610900879,52119200
2009-07-07,31.799999237060547,31.8700008392334,31.079999923706055,31.100000381469727,21.804170608520508,68778800
2009-07-08,31.219999313354492,31.309999465942383,30.25,30.739999771118164,21.551776885986328,92051000
2009-07-09,31.389999389648438,31.549999237060547,31.059999465942383,31.290000915527344,21.937381744384766,64758500
2009-07-10,30.8700008392334,31.059999465942383,30.579999923706055,30.920000076293945,21.677974700927734,74323300
2009-07-13,30.729999542236328,31.299999237060547,30.299999237060547,31.139999389648438,21.83221435546875,70112100
2009-07-14,31.520000457763672,31.639999389648438,31.170000076293945,31.479999542236328,22.07059097290039,41729700
2009-07-15,32.41999816894531,33.209999084472656,32.369998931884766,33.16999816894531,23.25543785095215,91648100
2009-07-16,32.97999954223633,33.459999084472656,32.720001220703125,33.22999954223633,23.29751205444336,63985200
2009-07-17,33.33000183105469,33.650001525878906,33.13999938964844,33.56999969482422,23.53588104248047,56901900
2009-07-20,34.38999938964844,34.77000045776367,34.290000915527344,34.77000045776367,24.377197265625,68482100
2009-07-21,34.95000076293945,34.970001220703125,34.130001068115234,34.66999816894531,24.307085037231445,68861800
2009-07-22,34.18000030517578,34.88999938964844,34.15999984741211,34.59000015258789,24.251005172729492,69406200
2009-07-23,34.84000015258789,35.779998779296875,34.77000045776367,35.56999969482422,24.93807601928711,79876800
2009-07-24,35.20000076293945,35.43000030517578,34.93000030517578,35.400001525878906,24.818897247314453,49263200
2009-07-27,35.54999923706055,35.75,35.189998626708984,35.709999084472656,25.03623390197754,42808800
2009-07-28,35.400001525878906,35.650001525878906,35.040000915527344,35.54999923706055,24.92405891418457,53859400
2009-07-29,35.11000061035156,35.130001068115234,34.529998779296875,34.75,24.363174438476562,53099700
2009-07-30,35.72999954223633,36.02000045776367,35.56999969482422,35.61000061035156,24.966127395629883,90259400
2009-07-31,35.84000015258789,36.04999923706055,35.52000045776367,35.779998779296875,25.085308074951172,119531600
2009-08-03,36.7400016784668,37.189998626708984,36.56999969482422,37.119998931884766,26.024778366088867,78103100
2009-08-04,36.54999923706055,36.9900016784668,36.47999954223633,36.779998779296875,25.786405563354492,53355600
2009-08-05,36.47999954223633,36.619998931884766,35.91999816894531,36.470001220703125,25.569067001342773,47802100
2009-08-06,36.65999984741211,36.709999084472656,35.790000915527344,36.16999816894531,25.358734130859375,53346600
2009-08-07,36.5099983215332,36.75,36.189998626708984,36.529998779296875,25.611133575439453,57768600
2009-08-10,36.220001220703125,36.33000183105469,35.810001373291016,36.119998931884766,25.323680877685547,61356900
2009-08-11,35.81999969482422,35.84000015258789,35.220001220703125,35.439998626708984,24.846933364868164,70127000
2009-08-12,35.310001373291016,36.0,35.290000915527344,35.7599983215332,25.071287155151367,64542700
2009-08-13,36.36000061035156,36.38999938964844,35.810001373291016,36.380001068115234,25.505979537963867,67566500
2009-08-14,36.33000183105469,36.369998931884766,35.54999923706055,35.720001220703125,25.043243408203125,52588400
2009-08-17,34.470001220703125,34.540000915527344,34.130001068115234,34.31999969482422,24.061704635620117,105003100
2009-08-18,34.77000045776367,35.09000015258789,34.66999816894531,35.06999969482422,24.58753776550293,67450600
2009-08-19,34.380001068115234,35.25,34.279998779296875,35.15999984741211,24.650630950927734,67893600
2009-08-20,35.2599983215332,35.84000015258789,35.18000030517578,35.77000045776367,25.07830238342285,71352300
2009-08-21,36.11000061035156,36.43000030517578,35.970001220703125,36.310001373291016,25.456892013549805,81207200
2009-08-24,36.709999084472656,36.90999984741211,36.33000183105469,36.470001220703125,25.569067001342773,58467000
2009-08-25,36.72999954223633,37.0,36.369998931884766,36.38999938964844,25.51297950744629,61418900
2009-08-26,36.209999084472656,36.380001068115234,35.9900016784668,36.279998779296875,25.435853958129883,57206000
2009-08-27,36.04999923706055,36.279998779296875,35.529998779296875,36.209999084472656,25.38678550720215,59720400
2009-08-28,36.41999816894531,36.47999954223633,35.81999969482422,36.02000045776367,25.253572463989258,51683600
2009-08-31,35.40999984741211,35.439998626708984,35.189998626708984,35.310001373291016,24.755796432495117,72348200
2009-09-01,35.400001525878906,35.869998931884766,34.61000061035156,34.63999938964844,24.28605842590332,95728700
2009-09-02,34.689998626708984,35.15999984741211,34.63999938964844,35.0099983215332,24.54546546936035,68401900
2009-09-03,35.52000045776367,35.7400016784668,35.189998626708984,35.709999084472656,25.03623390197754,53720900
2009-09-04,35.970001220703125,36.439998626708984,35.66999816894531,36.400001525878906,25.519994735717773,58976200
2009-09-08,37.029998779296875,37.209999084472656,36.970001220703125,37.150001525878906,26.045814514160156,59862900
2009-09-09,37.29999923706055,37.59000015258789,37.11000061035156,37.349998474121094,26.186044692993164,67098400
2009-09-10,37.369998931884766,37.869998931884766,35.529998779296875,37.84000015258789,26.529573440551758,58466700
2009-09-11,37.97999954223633,38.16999816894531,37.61000061035156,37.86000061035156,26.543598175048828,45286800
2009-09-14,37.310001373291016,37.79999923706055,37.2599983215332,37.720001220703125,26.445451736450195,36747500
2009-09-15,37.779998779296875,38.20000076293945,37.650001525878906,38.16999816894531,26.76093292236328,61595600
2009-09-16,38.72999954223633,42.0,38.529998779296875,39.130001068115234,27.433988571166992,80170500
2009-09-17,39.029998779296875,39.349998474121094,38.7400016784668,38.91999816894531,27.286760330200195,76626800
2009-09-18,39.11000061035156,39.150001525878906,38.84000015258789,39.029998779296875,27.363880157470703,66818800
2009-09-21,38.5099983215332,38.77000045776367,38.150001525878906,38.689998626708984,27.125513076782227,78144500
2009-09-22,39.209999084472656,39.36000061035156,38.95000076293945,39.279998779296875,27.539155960083008,46286700
2009-09-23,39.209999084472656,39.5099983215332,38.689998626708984,38.689998626708984,27.125513076782227,72549000
2009-09-24,38.83000183105469,38.900001525878906,37.70000076293945,37.93000030517578,26.592674255371094,93478600
2009-09-25,37.93000030517578,38.279998779296875,37.849998474121094,38.09000015258789,26.704845428466797,61306900
2009-09-28,38.189998626708984,38.83000183105469,38.119998931884766,38.58000183105469,27.048385620117188,52268400
2009-09-29,38.779998779296875,38.900001525878906,38.40999984741211,38.66999816894531,27.111482620239258,42189900
2009-09-30,38.970001220703125,39.31999969482422,38.400001525878906,38.90999984741211,27.27974510192871,147148900
2009-10-01,38.810001373291016,38.869998931884766,37.790000915527344,37.849998474121094,26.536579132080078,107061100
2009-10-02,37.380001068115234,37.97999954223633,37.29999923706055,37.86000061035156,26.543598175048828,73683200
2009-10-05,38.209999084472656,38.849998474121094,38.0099983215332,38.7400016784668,27.16056251525879,73828900
2009-10-06,39.13999938964844,39.779998779296875,39.060001373291016,39.380001068115234,27.609262466430664,80646200
2009-10-07,39.2599983215332,39.40999984741211,38.97999954223633,39.34000015258789,27.581222534179688,51404500
2009-10-08,39.68000030517578,39.959999084472656,39.40999984741211,39.81999969482422,27.91775131225586,62070300
2009-10-09,39.79999923706055,39.959999084472656,39.68000030517578,39.849998474121094,27.938779830932617,54136800
2009-10-12,40.119998931884766,40.380001068115234,39.9900016784668,40.18000030517578,28.170143127441406,38014600
2009-10-13,40.099998474121094,40.33000183105469,39.75,40.25,28.21923065185547,58368400
2009-10-14,41.08000183105469,41.54999923706055,40.95000076293945,41.54999923706055,29.13064956665039,96043000
2009-10-15,41.11000061035156,41.41999816894531,41.02000045776367,41.31999969482422,28.96938705444336,72494700
2009-10-16,40.689998626708984,40.91999816894531,40.349998474121094,40.75,28.569766998291016,72392900
2009-10-19,41.09000015258789,41.599998474121094,40.90999984741211,41.529998779296875,29.116621017456055,60428800
2009-10-20,41.310001373291016,41.31999969482422,40.56999969482422,40.97999954223633,28.731027603149414,84292300
2009-10-21,40.790000915527344,41.54999923706055,40.7400016784668,40.7599983215332,28.576780319213867,74510100
2009-10-22,40.70000076293945,41.2400016784668,40.29999923706055,41.099998474121094,28.815149307250977,71024900
2009-10-23,41.36000061035156,41.43000030517578,40.54999923706055,40.7599983215332,28.576780319213867,73930400
2009-10-26,41.099998474121094,41.43000030517578,40.15999984741211,40.25,28.21923065185547,79280900
2009-10-27,40.2599983215332,40.31999969482422,39.54999923706055,39.54999923706055,27.72844696044922,95899600
2009-10-28,39.13999938964844,39.13999938964844,37.650001525878906,37.7400016784668,26.459463119506836,169924100
2009-10-29,38.400001525878906,39.52000045776367,38.400001525878906,39.40999984741211,27.630300521850586,99431400
2009-10-30,39.06999969482422,39.099998474121094,37.31999969482422,37.56999969482422,26.34027862548828,222474200
2009-11-02,38.130001068115234,38.689998626708984,37.47999954223633,38.130001068115234,26.732894897460938,137964200
2009-11-03,37.439998626708984,38.31999969482422,37.400001525878906,38.189998626708984,26.774948120117188,71908600
2009-11-04,39.040000915527344,39.400001525878906,38.630001068115234,38.900001525878906,27.272741317749023,95721700
2009-11-05,39.18000030517578,39.709999084472656,38.9900016784668,39.70000076293945,27.833620071411133,75480000
2009-11-06,39.310001373291016,39.869998931884766,39.209999084472656,39.650001525878906,27.798564910888672,58868500
2009-11-09,40.369998931884766,41.15999984741211,40.36000061035156,41.11000061035156,28.822166442871094,106762900
2009-11-10,40.66999816894531,41.130001068115234,40.61000061035156,40.91999816894531,28.6889591217041,62713800
2009-11-11,41.4900016784668,41.630001068115234,40.97999954223633,41.27000045776367,28.93434715270996,69184200
2009-11-12,40.970001220703125,41.18000030517578,40.279998779296875,40.349998474121094,28.289321899414062,75713600
2009-11-13,40.61000061035156,41.16999816894531,40.43000030517578,41.040000915527344,28.77309226989746,70021000
2009-11-16,41.630001068115234,42.2400016784668,41.61000061035156,42.06999969482422,29.495222091674805,101093400
2009-11-17,41.650001525878906,41.91999816894531,41.369998931884766,41.91999816894531,29.39005470275879,49649500
2009-11-18,41.900001525878906,41.970001220703125,41.459999084472656,41.59000015258789,29.1586971282959,46360800
2009-11-19,41.13999938964844,41.13999938964844,40.45000076293945,40.81999969482422,28.618844985961914,119413400
2009-11-20,40.599998474121094,40.81999969482422,40.38999938964844,40.650001525878906,28.499652862548828,66353700
2009-11-23,41.54999923706055,41.86000061035156,41.31999969482422,41.5,29.09559440612793,62386100
2009-11-24,41.20000076293945,41.310001373291016,40.790000915527344,41.27000045776367,28.93434715270996,71683700
2009-11-25,41.47999954223633,41.790000915527344,41.2400016784668,41.75,29.27086639404297,56185100
2009-11-27,39.77000045776367,40.650001525878906,39.290000915527344,40.130001068115234,28.135082244873047,105903600
2009-11-30,40.459999084472656,40.619998931884766,40.06999969482422,40.52000045776367,28.40851402282715,102168700
2009-12-01,41.34000015258789,41.83000183105469,41.29999923706055,41.68000030517578,29.221784591674805,88987900
2009-12-02,41.720001220703125,42.15999984741211,41.68000030517578,41.849998474121094,29.340980529785156,64268600
2009-12-03,42.09000015258789,42.310001373291016,41.38999938964844,41.459999084472656,29.067550659179688,65363400
2009-12-04,42.27000045776367,42.52000045776367,41.29999923706055,41.84000015258789,29.333967208862305,108670600
2009-12-07,41.56999969482422,41.90999984741211,41.45000076293945,41.47999954223633,29.081571578979492,78376400
2009-12-08,41.06999969482422,41.09000015258789,40.599998474121094,40.709999084472656,28.541732788085938,76088400
2009-12-09,40.77000045776367,41.0,40.5099983215332,40.959999084472656,28.717002868652344,62353800
2009-12-10,41.16999816894531,41.349998474121094,40.91999816894531,41.20000076293945,28.88526725769043,43126100
2009-12-11,41.400001525878906,41.439998626708984,41.09000015258789,41.349998474121094,28.990428924560547,41518600
2009-12-14,41.54999923706055,41.70000076293945,41.380001068115234,41.630001068115234,29.186737060546875,54210800
2009-12-15,41.18000030517578,41.56999969482422,41.150001525878906,41.20000076293945,28.88526725769043,47034600
2009-12-16,41.5099983215332,41.84000015258789,41.29999923706055,41.439998626708984,29.053525924682617,45982000
2009-12-17,40.70000076293945,40.77000045776367,40.2400016784668,40.25,28.21923065185547,77310300
2009-12-18,40.38999938964844,40.5,40.0,40.36000061035156,28.29635238647461,61829500
2009-12-21,40.47999954223633,40.72999954223633,40.27000045776367,40.310001373291016,28.261289596557617,54922800
2009-12-22,40.150001525878906,40.38999938964844,40.09000015258789,40.38999938964844,28.546106338500977,61633400
2009-12-23,40.66999816894531,40.959999084472656,40.400001525878906,40.790000915527344,28.828805923461914,48971700
2009-12-24,41.130001068115234,41.22999954223633,41.0,41.20000076293945,29.11859130859375,19694800
2009-12-28,41.470001220703125,41.5099983215332,41.150001525878906,41.34000015258789,29.21753692626953,27343900
2009-12-29,41.41999816894531,41.439998626708984,41.119998931884766,41.18000030517578,29.112905502319336,31570300
2009-12-30,41.22999954223633,41.369998931884766,41.130001068115234,41.36000061035156,29.24016761779785,30589200
2009-12-31,41.630001068115234,41.7599983215332,41.38999938964844,41.5,29.33913230895996,36499500
2010-01-04,42.18000030517578,42.7400016784668,42.15999984741211,42.709999084472656,30.19456672668457,70761600
2010-01-05,42.90999984741211,43.16999816894531,42.7599983215332,43.02000045776367,30.41372299194336,50196300
2010-01-06,43.08000183105469,43.290000915527344,43.0099983215332,43.11000061035156,30.477344512939453,50670000
2010-01-07,42.849998474121094,42.97999954223633,42.619998931884766,42.86000061035156,30.300600051879883,41803700
2010-01-08,42.880001068115234,43.220001220703125,42.7400016784668,43.20000076293945,30.54097557067871,41118100
2010-01-11,43.45000076293945,43.470001220703125,42.900001525878906,43.11000061035156,30.477344512939453,42546400
2010-01-12,42.61000061035156,42.70000076293945,42.20000076293945,42.41999816894531,29.989534378051758,65902300
2010-01-13,42.59000015258789,42.70000076293945,42.150001525878906,42.54999923706055,30.081449508666992,48040100
2010-01-14,42.52000045776367,42.619998931884766,42.369998931884766,42.439998626708984,30.00368881225586,52893800
2010-01-15,42.31999969482422,42.380001068115234,41.83000183105469,41.95000076293945,29.657268524169922,76681800
2010-01-19,42.08000183105469,42.79999923706055,42.06999969482422,42.79999923706055,30.258190155029297,57597300
2010-01-20,42.11000061035156,42.11000061035156,41.43000030517578,41.77000045776367,29.530012130737305,78934700
2010-01-21,41.54999923706055,41.68000030517578,40.47999954223633,40.5099983215332,28.639232635498047,116104300
2010-01-22,40.220001220703125,40.349998474121094,39.529998779296875,39.61000061035156,28.00296401977539,108173800
2010-01-25,40.130001068115234,40.31999969482422,39.66999816894531,39.900001525878906,28.20798683166504,86170400
2010-01-26,39.130001068115234,39.599998474121094,35.810001373291016,39.06999969482422,27.62120246887207,89832400
2010-01-27,38.790000915527344,39.119998931884766,38.380001068115234,38.970001220703125,27.550504684448242,91623300
2010-01-28,39.31999969482422,39.47999954223633,38.36000061035156,38.70000076293945,27.35962677001953,98086600
2010-01-29,39.150001525878906,39.2599983215332,38.08000183105469,38.279998779296875,27.06269645690918,151695100
2010-02-01,38.63999938964844,39.349998474121094,38.61000061035156,39.310001373291016,27.790870666503906,81928100
2010-02-02,39.38999938964844,39.709999084472656,39.02000045776367,39.630001068115234,28.017107009887695,86791200
2010-02-03,39.63999938964844,39.81999969482422,39.27000045776367,39.400001525878906,27.854501724243164,64323800
2010-02-04,38.75,38.79999923706055,37.599998474121094,37.619998931884766,26.596099853515625,131791500
2010-02-05,37.290000915527344,37.400001525878906,36.18000030517578,37.20000076293945,26.299175262451172,165899900
2010-02-08,37.18000030517578,37.47999954223633,36.81999969482422,36.83000183105469,26.037601470947266,78752400
2010-02-09,37.72999954223633,38.369998931884766,37.43000030517578,38.029998779296875,26.885953903198242,133342000
2010-02-10,38.040000915527344,38.290000915527344,37.5099983215332,37.93000030517578,26.815269470214844,84646000
2010-02-11,38.189998626708984,38.970001220703125,37.869998931884766,38.93000030517578,27.52222442626953,90206600
2010-02-12,38.13999938964844,38.58000183105469,37.869998931884766,38.439998626708984,27.17581558227539,63053000
2010-02-16,39.02000045776367,39.459999084472656,38.75,39.43000030517578,27.875709533691406,73196700
2010-02-17,39.72999954223633,39.7599983215332,39.33000183105469,39.56999969482422,27.974681854248047,63631100
2010-02-18,39.2599983215332,39.86000061035156,39.20000076293945,39.720001220703125,28.080734252929688,61597600
2010-02-19,39.27000045776367,39.630001068115234,39.15999984741211,39.380001068115234,27.840368270874023,77264800
2010-02-22,39.619998931884766,39.63999938964844,39.29999923706055,39.43000030517578,27.875709533691406,56446600
2010-02-23,39.209999084472656,39.43000030517578,38.4900016784668,38.52000045776367,27.232372283935547,103220800
2010-02-24,38.779998779296875,39.06999969482422,38.54999923706055,38.88999938964844,27.49395179748535,73043700
2010-02-25,37.970001220703125,38.63999938964844,37.7599983215332,38.56999969482422,27.267715454101562,73641500
2010-02-26,38.61000061035156,39.040000915527344,38.369998931884766,38.959999084472656,27.543439865112305,65727300
2010-03-01,39.43000030517578,39.72999954223633,39.33000183105469,39.619998931884766,28.01003646850586,73146100
2010-03-02,40.02000045776367,40.29999923706055,39.849998474121094,40.06999969482422,28.32817840576172,66353000
2010-03-03,40.279998779296875,40.619998931884766,39.970001220703125,40.119998931884766,28.363525390625,68779900
2010-03-04,40.150001525878906,40.20000076293945,39.65999984741211,39.90999984741211,28.215051651000977,61065500
2010-03-05,40.459999084472656,40.95000076293945,40.310001373291016,40.95000076293945,28.950298309326172,78177700
2010-03-08,41.040000915527344,41.189998626708984,40.91999816894531,40.97999954223633,28.97150993347168,56724000
2010-03-09,40.79999923706055,41.400001525878906,40.790000915527344,41.209999084472656,29.134109497070312,66759800
2010-03-10,41.29999923706055,41.66999816894531,41.209999084472656,41.5,29.33913230895996,73994500
2010-03-11,41.2599983215332,41.54999923706055,41.040000915527344,41.5099983215332,29.346200942993164,42415700
2010-03-12,41.70000076293945,41.709999084472656,41.25,41.369998931884766,29.247234344482422,48949200
2010-03-15,41.130001068115234,41.2400016784668,40.810001373291016,41.06999969482422,29.035140991210938,43560300
2010-03-16,41.209999084472656,41.619998931884766,41.04999923706055,41.599998474121094,29.40983009338379,58417000
2010-03-17,42.0099983215332,42.25,41.869998931884766,42.04999923706055,29.72797203063965,72017100
2010-03-18,41.970001220703125,42.029998779296875,41.529998779296875,41.72999954223633,29.501724243164062,73867900
2010-03-19,41.189998626708984,41.869998931884766,41.130001068115234,41.189998626708984,29.11997413635254,65993900
2010-03-22,40.77000045776367,41.380001068115234,40.66999816894531,41.34000015258789,29.22602081298828,57583400
2010-03-23,41.38999938964844,41.65999984741211,41.20000076293945,41.630001068115234,29.431041717529297,50528500
2010-03-24,41.189998626708984,41.36000061035156,41.0099983215332,41.0099983215332,28.99271583557129,65081100
2010-03-25,41.349998474121094,41.5,40.81999969482422,40.900001525878906,28.914949417114258,72397600
2010-03-26,41.2400016784668,41.38999938964844,40.75,41.099998474121094,29.05634117126465,69798700
2010-03-29,41.529998779296875,41.86000061035156,41.439998626708984,41.84000015258789,29.579505920410156,57961300
2010-03-30,41.939998626708984,42.119998931884766,41.720001220703125,42.0,29.692623138427734,50327500
2010-03-31,41.86000061035156,42.22999954223633,41.84000015258789,42.119998931884766,29.77744483947754,52858500
2010-04-01,42.7400016784668,43.220001220703125,42.7400016784668,43.220001220703125,30.55510902404785,96281100
2010-04-05,43.439998626708984,43.75,43.34000015258789,43.61000061035156,30.830827713012695,63633700
2010-04-06,43.439998626708984,43.84000015258789,43.40999984741211,43.7400016784668,30.922740936279297,42926300
2010-04-07,43.560001373291016,43.66999816894531,43.130001068115234,43.36000061035156,30.65409278869629,55642000
2010-04-08,43.06999969482422,43.560001373291016,42.86000061035156,43.5099983215332,30.760143280029297,52083200
2010-04-09,43.599998474121094,46.65999984741211,43.529998779296875,43.779998779296875,30.95101547241211,46651000
2010-04-12,43.45000076293945,43.66999816894531,43.43000030517578,43.43000030517578,30.703580856323242,43558300
2010-04-13,43.310001373291016,43.38999938964844,42.90999984741211,43.34000015258789,30.639949798583984,47072900
2010-04-14,43.790000915527344,44.02000045776367,43.59000015258789,43.97999954223633,31.092426300048828,42957800
2010-04-15,43.70000076293945,43.97999954223633,43.650001525878906,43.7400016784668,30.922740936279297,43463300
2010-04-16,43.25,43.31999969482422,42.27000045776367,42.459999084472656,30.01782989501953,142486200
2010-04-19,41.959999084472656,42.380001068115234,41.650001525878906,42.290000915527344,29.89764404296875,89434600
2010-04-20,42.66999816894531,42.86000061035156,42.45000076293945,42.790000915527344,30.251131057739258,63883700
2010-04-21,42.709999084472656,42.77000045776367,42.2599983215332,42.650001525878906,30.15215492248535,64141600
2010-04-22,42.27000045776367,42.869998931884766,41.9900016784668,42.83000183105469,30.27940559387207,72788900
2010-04-23,42.689998626708984,43.11000061035156,42.4900016784668,43.060001373291016,30.44200897216797,64724100
2010-04-26,43.33000183105469,43.400001525878906,42.9900016784668,43.060001373291016,30.44200897216797,46317300
2010-04-27,42.58000183105469,42.68000030517578,41.43000030517578,41.52000045776367,29.353281021118164,132888400
2010-04-28,42.0099983215332,42.060001373291016,41.290000915527344,41.869998931884766,29.6007137298584,68981700
2010-04-29,42.2599983215332,42.61000061035156,42.15999984741211,42.560001373291016,30.088516235351562,69912900
2010-04-30,42.540000915527344,42.689998626708984,42.0099983215332,42.04999923706055,29.72797203063965,77528000
2010-05-03,42.189998626708984,42.41999816894531,41.900001525878906,42.279998779296875,29.890567779541016,47649800
2010-05-04,41.380001068115234,41.40999984741211,40.22999954223633,40.34000015258789,28.51905632019043,159998800
2010-05-05,39.58000183105469,40.2599983215332,39.22999954223633,39.61000061035156,28.00296401977539,131994700
2010-05-06,39.310001373291016,39.7599983215332,36.58000183105469,37.9900016784668,26.85767936706543,225063100
2010-05-07,38.36000061035156,38.84000015258789,37.25,38.189998626708984,26.999061584472656,191265100
2010-05-10,40.630001068115234,41.029998779296875,40.38999938964844,40.939998626708984,28.943220138549805,187916400
2010-05-11,40.0,40.79999923706055,39.900001525878906,40.20000076293945,28.420074462890625,119869600
2010-05-12,40.540000915527344,40.77000045776367,40.400001525878906,40.70000076293945,28.77356719970703,73936600
2010-05-13,40.70000076293945,40.93000030517578,40.290000915527344,40.31999969482422,28.504915237426758,71622500
2010-05-14,40.029998779296875,40.060001373291016,39.099998474121094,39.4900016784668,27.918134689331055,113085000
2010-05-17,39.400001525878906,39.66999816894531,38.400001525878906,39.25,27.748458862304688,101708500
2010-05-18,39.63999938964844,39.790000915527344,38.29999923706055,38.43000030517578,27.16874122619629,113529000
2010-05-19,37.900001525878906,38.29999923706055,37.36000061035156,38.060001373291016,26.90717124938965,129633400
2010-05-20,36.61000061035156,37.060001373291016,36.0,36.16999816894531,25.571001052856445,174383500
2010-05-21,35.709999084472656,37.380001068115234,35.66999816894531,37.34000015258789,26.398149490356445,169452900
2010-05-24,37.369998931884766,37.630001068115234,36.900001525878906,36.95000076293945,26.122440338134766,90936400
2010-05-25,35.470001220703125,36.61000061035156,35.209999084472656,36.54999923706055,25.83965301513672,144257100
2010-05-26,36.93000030517578,37.52000045776367,36.439998626708984,36.529998779296875,25.82550811767578,128281900
2010-05-27,37.959999084472656,38.810001373291016,37.68000030517578,38.7400016784668,27.387914657592773,147181800
2010-05-28,38.52000045776367,38.59000015258789,37.91999816894531,38.099998474121094,26.93544578552246,113223700
2010-06-01,37.709999084472656,38.43000030517578,37.380001068115234,37.400001525878906,26.440570831298828,91068700
2010-06-02,37.83000183105469,38.7400016784668,37.630001068115234,38.709999084472656,27.36669921875,103740800
2010-06-03,38.959999084472656,39.0099983215332,38.08000183105469,38.56999969482422,27.267715454101562,70470800
2010-06-04,37.7400016784668,38.119998931884766,37.09000015258789,37.20000076293945,26.299175262451172,108937200
2010-06-07,37.34000015258789,37.5,36.59000015258789,36.619998931884766,25.889135360717773,82131900
2010-06-08,37.029998779296875,37.5099983215332,36.58000183105469,37.459999084472656,26.482980728149414,108438000
2010-06-09,37.619998931884766,38.119998931884766,37.060001373291016,37.2599983215332,26.34159278869629,87947600
2010-06-10,38.040000915527344,38.61000061035156,37.97999954223633,38.560001373291016,27.260644912719727,92855100
2010-06-11,38.0,38.790000915527344,37.9900016784668,38.7599983215332,27.402048110961914,66496500
2010-06-14,39.2400016784668,39.5,38.66999816894531,38.77000045776367,27.40911102294922,83991300
2010-06-15,39.20000076293945,39.9900016784668,39.04999923706055,39.939998626708984,28.236265182495117,96494500
2010-06-16,39.5099983215332,40.119998931884766,39.45000076293945,39.939998626708984,28.236265182495117,63906600
2010-06-17,40.04999923706055,40.060001373291016,39.40999984741211,39.7400016784668,28.094873428344727,68660100
2010-06-18,39.90999984741211,40.130001068115234,39.689998626708984,39.91999816894531,28.222116470336914,64639800
2010-06-21,40.959999084472656,41.130001068115234,40.29999923706055,40.61000061035156,28.709932327270508,96721100
2010-06-22,40.529998779296875,40.72999954223633,39.72999954223633,39.83000183105469,28.158498764038086,100336600
2010-06-23,39.849998474121094,39.880001068115234,39.25,39.66999816894531,28.231082916259766,93969400
2010-06-24,39.4900016784668,39.4900016784668,38.81999969482422,38.970001220703125,27.732933044433594,82636000
2010-06-25,39.08000183105469,39.529998779296875,38.77000045776367,39.43000030517578,28.06028938293457,60657800
2010-06-28,39.400001525878906,39.5,39.029998779296875,39.15999984741211,27.868146896362305,36242500
2010-06-29,38.099998474121094,38.13999938964844,37.400001525878906,37.56999969482422,26.73662567138672,120391400
2010-06-30,37.7599983215332,38.099998474121094,37.220001220703125,37.31999969482422,26.5587158203125,84176700
2010-07-01,37.5,37.63999938964844,36.7599983215332,37.59000015258789,26.7508544921875,113344200
2010-07-02,37.70000076293945,37.959999084472656,37.43000030517578,37.75,26.864721298217773,63854500
2010-07-06,38.720001220703125,39.040000915527344,38.060001373291016,38.45000076293945,27.36287498474121,76509800
2010-07-07,38.400001525878906,39.310001373291016,38.36000061035156,39.29999923706055,27.96778106689453,68037800
2010-07-08,39.369998931884766,39.529998779296875,38.97999954223633,39.4900016784668,28.10299301147461,60958700
2010-07-09,39.52000045776367,40.0099983215332,39.459999084472656,39.970001220703125,28.44458770751953,43777100
2010-07-12,39.810001373291016,40.040000915527344,39.470001220703125,39.650001525878906,28.216856002807617,53211600
2010-07-13,39.9900016784668,40.2400016784668,39.88999938964844,40.11000061035156,28.544206619262695,52194800
2010-07-14,39.849998474121094,40.13999938964844,39.709999084472656,40.029998779296875,28.487285614013672,46615600
2010-07-15,39.849998474121094,39.93000030517578,39.349998474121094,39.84000015258789,28.352066040039062,66745400
2010-07-16,39.5099983215332,39.5099983215332,38.58000183105469,38.650001525878906,27.505210876464844,99497500
2010-07-19,39.02000045776367,39.25,38.75,39.15999984741211,27.868146896362305,46717800
2010-07-20,38.900001525878906,40.13999938964844,38.880001068115234,40.08000183105469,28.522869110107422,92255200
2010-07-21,40.25,40.279998779296875,39.47999954223633,39.66999816894531,28.231082916259766,66007400
2010-07-22,40.36000061035156,40.939998626708984,40.31999969482422,40.869998931884766,29.085060119628906,74052900
2010-07-23,40.7599983215332,41.189998626708984,40.4900016784668,41.150001525878906,29.284326553344727,65675400
2010-07-26,41.06999969482422,41.470001220703125,40.90999984741211,41.43000030517578,29.48359489440918,64865500
2010-07-27,41.65999984741211,41.709999084472656,41.150001525878906,41.36000061035156,29.433780670166016,63763700
2010-07-28,41.11000061035156,41.380001068115234,40.97999954223633,41.130001068115234,29.270103454589844,43131400
2010-07-29,41.560001373291016,41.650001525878906,40.88999938964844,41.20000076293945,29.31991195678711,49588200
2010-07-30,40.88999938964844,41.529998779296875,40.7599983215332,41.400001525878906,29.46224021911621,54277200
2010-08-02,42.18000030517578,42.59000015258789,42.06999969482422,42.470001220703125,30.223705291748047,69623700
2010-08-03,42.13999938964844,42.43000030517578,41.93000030517578,42.27000045776367,30.08136749267578,60207900
2010-08-04,42.279998779296875,42.43000030517578,42.0,42.33000183105469,30.124074935913086,55875600
2010-08-05,42.02000045776367,42.20000076293945,41.869998931884766,42.13999938964844,29.988862991333008,43650600
2010-08-06,41.86000061035156,42.189998626708984,41.599998474121094,42.08000183105469,29.946151733398438,65731600
2010-08-09,42.36000061035156,42.38999938964844,42.15999984741211,42.29999923706055,30.102718353271484,27051000
2010-08-10,41.560001373291016,41.9900016784668,41.41999816894531,41.720001220703125,29.689970016479492,68735400
2010-08-11,40.849998474121094,40.849998474121094,40.31999969482422,40.38999938964844,28.743478775024414,92778600
2010-08-12,40.0099983215332,40.58000183105469,39.970001220703125,40.459999084472656,28.79328155517578,43919400
2010-08-13,40.630001068115234,40.81999969482422,40.5099983215332,40.68000030517578,28.949857711791992,28672700
2010-08-16,40.65999984741211,41.099998474121094,40.560001373291016,41.060001373291016,29.22028923034668,34651900
2010-08-17,41.470001220703125,41.720001220703125,41.310001373291016,41.4900016784668,29.52628517150879,39414300
2010-08-18,41.400001525878906,41.66999816894531,41.20000076293945,41.459999084472656,29.504934310913086,38009500
2010-08-19,41.470001220703125,41.59000015258789,40.880001068115234,41.13999938964844,29.27720832824707,56729300
2010-08-20,40.9900016784668,41.04999923706055,40.689998626708984,41.02000045776367,29.191808700561523,54134900
2010-08-23,41.119998931884766,41.2599983215332,40.630001068115234,40.650001525878906,28.928503036499023,44767900
2010-08-24,40.16999816894531,40.33000183105469,39.810001373291016,40.130001068115234,28.558439254760742,80709600
2010-08-25,39.720001220703125,40.029998779296875,39.310001373291016,39.869998931884766,28.3734130859375,89890000
2010-08-26,40.08000183105469,40.25,39.560001373291016,39.619998931884766,28.195505142211914,59948200
2010-08-27,40.0,40.5,39.56999969482422,40.4900016784668,28.81463623046875,77005500
2010-08-30,40.2400016784668,40.41999816894531,39.810001373291016,39.81999969482422,28.337839126586914,48054700
2010-08-31,39.849998474121094,40.220001220703125,39.72999954223633,40.060001373291016,28.508625030517578,72404500
2010-09-01,40.790000915527344,41.4900016784668,40.7599983215332,41.470001220703125,29.512048721313477,83435900
2010-09-02,41.38999938964844,41.619998931884766,41.25,41.540000915527344,29.56186866760254,47351900
2010-09-03,42.040000915527344,42.16999816894531,41.810001373291016,42.029998779296875,29.91057586669922,48712700
2010-09-07,41.77000045776367,41.79999923706055,41.400001525878906,41.41999816894531,29.476469039916992,45210000
2010-09-08,41.72999954223633,42.040000915527344,41.65999984741211,41.869998931884766,29.796714782714844,40612600
2010-09-09,42.310001373291016,42.34000015258789,41.900001525878906,42.11000061035156,29.967512130737305,34925400
2010-09-10,42.119998931884766,42.34000015258789,42.06999969482422,42.2599983215332,30.074247360229492,33236500
2010-09-13,43.06999969482422,43.31999969482422,43.029998779296875,43.27000045776367,30.79302978515625,63308900
2010-09-14,43.150001525878906,43.529998779296875,42.97999954223633,43.25,30.778785705566406,65151200
2010-09-15,43.09000015258789,43.34000015258789,42.970001220703125,43.310001373291016,30.821491241455078,41107300
2010-09-16,42.970001220703125,43.16999816894531,42.93000030517578,43.09000015258789,30.6649227142334,36078100
2010-09-17,43.290000915527344,43.310001373291016,42.959999084472656,43.02000045776367,30.615108489990234,40115200
2010-09-20,43.33000183105469,43.75,43.189998626708984,43.70000076293945,31.099021911621094,53864500
2010-09-21,43.720001220703125,43.81999969482422,43.310001373291016,43.56999969482422,31.00651741027832,54263300
2010-09-22,43.650001525878906,43.90999984741211,43.470001220703125,43.599998474121094,31.027870178222656,45586800
2010-09-23,43.33000183105469,43.77000045776367,43.209999084472656,43.31999969482422,30.82861328125,62060200
2010-09-24,43.849998474121094,44.150001525878906,43.849998474121094,44.119998931884766,31.397939682006836,57929100
2010-09-27,44.09000015258789,44.220001220703125,43.970001220703125,44.040000915527344,31.340988159179688,40319500
2010-09-28,44.099998474121094,44.439998626708984,43.7400016784668,44.36000061035156,31.568716049194336,50012300
2010-09-29,44.38999938964844,44.709999084472656,44.31999969482422,44.5099983215332,31.67547035217285,58310500
2010-09-30,44.83000183105469,44.9900016784668,44.45000076293945,44.77000045776367,31.860485076904297,60498400
2010-10-01,45.25,45.5,45.099998474121094,45.43000030517578,32.33018493652344,69689800
2010-10-04,45.400001525878906,45.5099983215332,45.08000183105469,45.290000915527344,32.23055648803711,49852800
2010-10-05,45.630001068115234,46.20000076293945,45.56999969482422,46.11000061035156,32.8140983581543,76615300
2010-10-06,46.099998474121094,46.22999954223633,46.0,46.09000015258789,32.79986572265625,50339900
2010-10-07,46.189998626708984,46.20000076293945,45.45000076293945,45.68000030517578,32.50809860229492,49224000
2010-10-08,45.650001525878906,46.29999923706055,45.54999923706055,46.22999954223633,32.89949417114258,54002700
2010-10-11,46.150001525878906,46.290000915527344,46.029998779296875,46.20000076293945,32.87815475463867,32413800
2010-10-12,45.790000915527344,46.11000061035156,45.529998779296875,46.0099983215332,32.7429313659668,63619500
2010-10-13,46.540000915527344,47.0099983215332,46.529998779296875,46.86000061035156,33.347843170166016,69189600
2010-10-14,46.81999969482422,46.9900016784668,46.540000915527344,46.779998779296875,33.2909049987793,50754200
2010-10-15,47.02000045776367,47.029998779296875,46.380001068115234,46.720001220703125,33.24820327758789,83974500
2010-10-18,46.36000061035156,46.79999923706055,46.290000915527344,46.7400016784668,33.26243591308594,51898000
2010-10-19,45.68000030517578,45.83000183105469,45.08000183105469,45.2599983215332,32.20920181274414,90101300
2010-10-20,45.63999938964844,46.279998779296875,45.599998474121094,45.97999954223633,32.721595764160156,62292200
2010-10-21,46.2400016784668,46.5,45.4900016784668,45.97999954223633,32.721595764160156,85422400
2010-10-22,46.16999816894531,46.209999084472656,45.880001068115234,46.029998779296875,32.75717544555664,42843800
2010-10-25,46.59000015258789,46.88999938964844,46.5,46.529998779296875,33.11299514770508,53950800
2010-10-26,46.22999954223633,46.560001373291016,46.09000015258789,46.4900016784668,33.084537506103516,36715600
2010-10-27,45.83000183105469,45.83000183105469,45.27000045776367,45.70000076293945,32.522335052490234,70436800
2010-10-28,46.119998931884766,46.15999984741211,45.75,45.9900016784668,32.72871398925781,45927000
2010-10-29,45.90999984741211,46.130001068115234,45.83000183105469,46.119998931884766,32.821224212646484,38056300
2010-11-01,46.59000015258789,46.869998931884766,46.380001068115234,46.630001068115234,33.18415832519531,47366500
2010-11-02,47.04999923706055,47.25,46.95000076293945,47.209999084472656,33.596920013427734,48355900
2010-11-03,47.31999969482422,47.529998779296875,46.7400016784668,47.5,33.80329895019531,94125200
2010-11-04,48.220001220703125,48.58000183105469,48.16999816894531,48.58000183105469,34.571876525878906,83567900
2010-11-05,48.33000183105469,48.599998474121094,48.290000915527344,48.4900016784668,34.50782775878906,53781000
2010-11-08,48.11000061035156,48.33000183105469,47.9900016784668,48.290000915527344,34.36549758911133,37106100
2010-11-09,48.529998779296875,48.619998931884766,47.52000045776367,47.68000030517578,33.931392669677734,55351100
2010-11-10,47.939998626708984,48.11000061035156,47.369998931884766,48.029998779296875,34.18046188354492,66304400
2010-11-11,47.560001373291016,47.599998474121094,47.29999923706055,47.560001373291016,33.845985412597656,48410200
2010-11-12,46.88999938964844,47.130001068115234,46.220001220703125,46.40999984741211,33.027584075927734,88808000
2010-11-15,46.63999938964844,46.880001068115234,46.36000061035156,46.38999938964844,33.013362884521484,48585300
2010-11-16,45.90999984741211,45.959999084472656,45.02000045776367,45.16999816894531,32.14516067504883,136332900
2010-11-17,45.31999969482422,45.63999938964844,45.22999954223633,45.400001525878906,32.30883026123047,80352800
2010-11-18,46.27000045776367,46.56999969482422,46.2400016784668,46.47999954223633,33.07741165161133,77989900
2010-11-19,46.2599983215332,46.54999923706055,45.97999954223633,46.5099983215332,33.098758697509766,48175100
2010-11-22,46.27000045776367,46.58000183105469,45.83000183105469,46.369998931884766,32.99913024902344,46793100
2010-11-23,45.150001525878906,45.2400016784668,44.79999923706055,44.900001525878906,31.95301055908203,86768900
2010-11-24,45.630001068115234,45.959999084472656,45.56999969482422,45.939998626708984,32.69312286376953,63287600
2010-11-26,45.02000045776367,45.25,44.79999923706055,44.79999923706055,31.881839752197266,60387100
2010-11-29,44.959999084472656,45.22999954223633,44.5099983215332,45.150001525878906,32.130916595458984,80428200
2010-11-30,44.619998931884766,45.150001525878906,44.529998779296875,44.779998779296875,31.867605209350586,78842700
2010-12-01,45.900001525878906,46.15999984741211,45.75,46.060001373291016,32.77851867675781,81889600
2010-12-02,46.209999084472656,46.97999954223633,46.189998626708984,46.970001220703125,33.426116943359375,72593100
2010-12-03,46.56999969482422,47.209999084472656,46.56999969482422,47.13999938964844,33.547088623046875,44688700
2010-12-06,46.869998931884766,47.130001068115234,46.83000183105469,47.060001373291016,33.49017333984375,44988700
2010-12-07,47.59000015258789,47.61000061035156,46.83000183105469,46.84000015258789,33.3336067199707,64406800
2010-12-08,46.75,46.869998931884766,46.279998779296875,46.540000915527344,33.1201171875,48924100
2010-12-09,46.720001220703125,46.7599983215332,46.25,46.380001068115234,33.00625228881836,63131000
2010-12-10,46.40999984741211,46.59000015258789,46.2400016784668,46.59000015258789,33.15569305419922,44844200
2010-12-13,46.869998931884766,47.119998931884766,46.7400016784668,46.88999938964844,33.36917495727539,49177500
2010-12-14,46.93000030517578,47.13999938964844,46.810001373291016,46.959999084472656,33.41900634765625,53611300
2010-12-15,46.689998626708984,46.7599983215332,46.150001525878906,46.20000076293945,32.87815475463867,69038700
2010-12-16,46.2400016784668,46.38999938964844,46.02000045776367,46.33000183105469,32.97066879272461,55441400
2010-12-17,46.209999084472656,46.41999816894531,46.130001068115234,46.400001525878906,33.020484924316406,43610700
2010-12-20,46.36000061035156,46.40999984741211,46.08000183105469,46.189998626708984,32.87102127075195,48887300
2010-12-21,46.33000183105469,46.65999984741211,46.31999969482422,46.5,33.35084533691406,59666300
2010-12-22,46.47999954223633,46.709999084472656,46.439998626708984,46.65999984741211,33.46561813354492,24942400
2010-12-23,46.5,46.630001068115234,46.439998626708984,46.61000061035156,33.42974090576172,27545100
2010-12-27,46.439998626708984,46.54999923706055,46.33000183105469,46.459999084472656,33.32217025756836,29293100
2010-12-28,46.54999923706055,46.58000183105469,46.400001525878906,46.5,33.35084533691406,30330000
2010-12-29,46.81999969482422,47.099998474121094,46.810001373291016,47.06999969482422,33.77783966064453,30891500
2010-12-30,47.33000183105469,47.38999938964844,47.16999816894531,47.310001373291016,33.95006561279297,28376000
2010-12-31,47.43000030517578,47.68000030517578,47.310001373291016,47.63999938964844,34.18685531616211,34328200
2011-01-03,48.029998779296875,48.310001373291016,48.029998779296875,48.099998474121094,34.51696014404297,40116200
2011-01-04,48.2599983215332,48.31999969482422,47.75,48.31999969482422,34.67483901977539,45176300
2011-01-05,47.900001525878906,48.29999923706055,47.880001068115234,48.20000076293945,34.58873748779297,47527100
2011-01-06,48.0099983215332,48.040000915527344,47.58000183105469,47.689998626708984,34.222755432128906,43977400
2011-01-07,47.5099983215332,47.619998931884766,46.93000030517578,47.25,33.907012939453125,57124900
2011-01-10,46.79999923706055,46.849998474121094,46.5099983215332,46.7599983215332,33.55537796020508,62556500
2011-01-11,47.27000045776367,47.38999938964844,47.06999969482422,47.2599983215332,33.9141731262207,53337100
2011-01-12,47.900001525878906,48.209999084472656,47.84000015258789,48.209999084472656,34.59591293334961,67254100
2011-01-13,48.099998474121094,48.11000061035156,47.66999816894531,47.790000915527344,34.29450988769531,53294600
2011-01-14,47.630001068115234,47.939998626708984,47.61000061035156,47.93000030517578,34.394981384277344,38685900
2011-01-18,47.849998474121094,47.959999084472656,47.75,47.86000061035156,34.34475326538086,30565800
2011-01-19,48.0,48.0099983215332,47.31999969482422,47.4900016784668,34.0792236328125,64940400
2011-01-20,47.130001068115234,47.13999938964844,46.529998779296875,46.970001220703125,33.70606231689453,75797500
2011-01-21,47.0,47.06999969482422,46.439998626708984,46.47999954223633,33.35444641113281,87318900
2011-01-24,46.47999954223633,46.849998474121094,46.40999984741211,46.84000015258789,33.61277770996094,61839300
2011-01-25,46.599998474121094,46.70000076293945,46.22999954223633,46.560001373291016,33.41185760498047,63557800
2011-01-26,47.0,47.150001525878906,46.81999969482422,46.970001220703125,33.70606231689453,66604500
2011-01-27,47.08000183105469,47.150001525878906,46.75,46.810001373291016,33.59125518798828,80518400
2011-01-28,46.61000061035156,46.619998931884766,45.25,45.33000183105469,32.52919006347656,185092200
2011-01-31,45.720001220703125,45.97999954223633,45.56999969482422,45.810001373291016,32.8736457824707,97695000
2011-02-01,46.209999084472656,46.97999954223633,46.15999984741211,46.91999816894531,33.67019271850586,105876000
2011-02-02,46.7599983215332,47.13999938964844,46.52000045776367,46.56999969482422,33.41903305053711,68880600
2011-02-03,46.650001525878906,46.7599983215332,46.2599983215332,46.5099983215332,33.3759765625,56934900
2011-02-04,46.58000183105469,46.65999984741211,46.130001068115234,46.5,33.3687858581543,76698100
2011-02-07,46.400001525878906,46.7599983215332,46.349998474121094,46.560001373291016,33.41185760498047,60078400
2011-02-08,46.41999816894531,46.61000061035156,46.20000076293945,46.58000183105469,33.426212310791016,74244600
2011-02-09,45.939998626708984,46.040000915527344,45.310001373291016,45.5099983215332,32.65836715698242,105680200
2011-02-10,44.849998474121094,45.29999923706055,44.70000076293945,45.08000183105469,32.349788665771484,114356000
2011-02-11,44.790000915527344,45.689998626708984,44.779998779296875,45.630001068115234,32.744476318359375,126541100
2011-02-14,45.70000076293945,45.720001220703125,45.380001068115234,45.400001525878906,32.57943344116211,79051200
2011-02-15,45.43000030517578,45.650001525878906,45.310001373291016,45.4900016784668,32.64401626586914,57068800
2011-02-16,45.59000015258789,45.939998626708984,45.52000045776367,45.869998931884766,32.91670227050781,64667700
2011-02-17,45.72999954223633,46.08000183105469,45.68000030517578,46.029998779296875,33.031524658203125,55294900
2011-02-18,46.18000030517578,46.43000030517578,46.029998779296875,46.310001373291016,33.23245620727539,50410700
2011-02-22,45.33000183105469,45.66999816894531,44.689998626708984,44.83000183105469,32.17039108276367,107176000
2011-02-23,44.959999084472656,45.18000030517578,44.36000061035156,44.869998931884766,32.1990966796875,91843500
2011-02-24,44.849998474121094,45.060001373291016,44.560001373291016,44.97999954223633,32.27802658081055,71568500
2011-02-25,45.38999938964844,45.599998474121094,45.18000030517578,45.52000045776367,32.66554641723633,62718900
2011-02-28,45.70000076293945,45.939998626708984,45.52000045776367,45.790000915527344,32.85928726196289,54078600
2011-03-01,46.09000015258789,46.13999938964844,45.22999954223633,45.31999969482422,32.52202224731445,69711700
2011-03-02,45.439998626708984,46.02000045776367,45.439998626708984,45.939998626708984,32.96693801879883,60123300
2011-03-03,46.5099983215332,46.93000030517578,46.43000030517578,46.849998474121094,33.61996078491211,61309300
2011-03-04,46.90999984741211,47.150001525878906,46.470001220703125,46.900001525878906,33.65583419799805,66742500
2011-03-07,46.959999084472656,47.0099983215332,46.060001373291016,46.2400016784668,33.18220901489258,47781500
2011-03-08,46.650001525878906,47.130001068115234,46.29999923706055,46.86000061035156,33.627140045166016,63985100
2011-03-09,46.88999938964844,47.08000183105469,46.650001525878906,46.95000076293945,33.69172286987305,47005200
2011-03-10,46.04999923706055,46.119998931884766,45.5099983215332,45.560001373291016,32.69424819946289,91093100
2011-03-11,45.279998779296875,46.18000030517578,45.27000045776367,46.029998779296875,33.031524658203125,75103800
2011-03-14,45.849998474121094,46.31999969482422,45.709999084472656,46.29999923706055,33.22528076171875,59912300
2011-03-15,44.5,45.77000045776367,44.5,45.529998779296875,32.6727180480957,103041800
2011-03-16,45.52000045776367,46.18000030517578,44.25,44.599998474121094,32.00534439086914,106325500
2011-03-17,45.2599983215332,45.380001068115234,44.88999938964844,45.150001525878906,32.4000244140625,68572300
2011-03-18,45.63999938964844,45.689998626708984,45.209999084472656,45.22999954223633,32.457427978515625,81209800
2011-03-21,46.08000183105469,46.25,45.9900016784668,46.099998474121094,33.08174514770508,49424900
2011-03-22,46.220001220703125,46.279998779296875,46.029998779296875,46.2400016784668,33.18220901489258,38871500
2011-03-23,46.34000015258789,46.95000076293945,46.189998626708984,46.849998474121094,33.61996078491211,53485200
2011-03-24,47.08000183105469,47.45000076293945,46.869998931884766,47.38999938964844,34.007469177246094,53767500
2011-03-25,47.400001525878906,47.63999938964844,47.22999954223633,47.34000015258789,33.97159194946289,44773600
2011-03-28,47.290000915527344,47.40999984741211,47.06999969482422,47.099998474121094,33.79936599731445,36577100
2011-03-29,47.310001373291016,47.650001525878906,47.130001068115234,47.63999938964844,34.18685531616211,56950300
2011-03-30,48.06999969482422,48.400001525878906,48.0099983215332,48.25,34.62460708618164,70036900
2011-03-31,48.540000915527344,48.75,48.470001220703125,48.66999816894531,34.92601013183594,73140800
2011-04-01,49.2400016784668,49.560001373291016,49.0,49.45000076293945,35.485740661621094,82168900
2011-04-04,49.68000030517578,49.88999938964844,49.5099983215332,49.869998931884766,35.787139892578125,45858900
2011-04-05,49.650001525878906,50.029998779296875,49.540000915527344,49.77000045776367,35.71537399291992,69539700
2011-04-06,50.209999084472656,50.29999923706055,49.939998626708984,50.040000915527344,35.90913009643555,69303000
2011-04-07,50.06999969482422,50.29999923706055,49.70000076293945,49.9900016784668,35.87324905395508,48786300
2011-04-08,50.27000045776367,50.279998779296875,49.79999923706055,50.040000915527344,35.90913009643555,54649200
2011-04-11,49.90999984741211,49.97999954223633,49.349998474121094,49.45000076293945,35.485740661621094,52980300
2011-04-12,49.060001373291016,49.13999938964844,48.45000076293945,48.52000045776367,34.818363189697266,72883500
2011-04-13,49.36000061035156,49.45000076293945,48.66999816894531,48.91999816894531,35.105403900146484,53492200
2011-04-14,48.81999969482422,49.15999984741211,48.630001068115234,49.06999969482422,35.21304702758789,57128000
2011-04-15,49.060001373291016,49.150001525878906,48.7599983215332,49.130001068115234,35.256107330322266,54453100
2011-04-18,48.150001525878906,48.189998626708984,47.560001373291016,47.900001525878906,34.373451232910156,93596400
2011-04-19,48.29999923706055,48.61000061035156,48.25,48.59000015258789,34.868595123291016,50803200
2011-04-20,49.65999984741211,49.7599983215332,49.439998626708984,49.7400016784668,35.693843841552734,49837100
2011-04-21,50.040000915527344,50.189998626708984,49.790000915527344,50.18000030517578,36.00960159301758,30217500
2011-04-25,50.11000061035156,50.150001525878906,49.630001068115234,49.77000045776367,35.71537399291992,33470800
2011-04-26,49.91999816894531,50.22999954223633,49.65999984741211,50.20000076293945,36.023948669433594,39700000
2011-04-27,50.130001068115234,50.16999816894531,49.369998931884766,50.11000061035156,35.95935821533203,60926500
2011-04-28,49.65999984741211,49.77000045776367,49.38999938964844,49.70000076293945,35.66515350341797,45836600
2011-04-29,49.7400016784668,50.13999938964844,49.65999984741211,50.0,35.880435943603516,38277100
2011-05-02,50.2400016784668,50.43000030517578,49.84000015258789,50.0099983215332,35.88759994506836,50952000
2011-05-03,49.31999969482422,49.349998474121094,48.58000183105469,48.900001525878906,35.091060638427734,83696700
2011-05-04,48.70000076293945,48.7400016784668,47.869998931884766,48.09000015258789,34.50979995727539,82919100
2011-05-05,47.70000076293945,48.09000015258789,47.27000045776367,47.630001068115234,34.179691314697266,79810600
2011-05-06,48.369998931884766,48.86000061035156,47.880001068115234,48.25,34.62460708618164,92669900
2011-05-09,48.2400016784668,48.459999084472656,47.93000030517578,48.34000015258789,34.689205169677734,48367900
2011-05-10,48.470001220703125,48.90999984741211,48.43000030517578,48.90999984741211,35.09823989868164,54996900
2011-05-11,48.560001373291016,48.58000183105469,47.529998779296875,47.83000183105469,34.32322311401367,82957400
2011-05-12,47.439998626708984,48.060001373291016,47.150001525878906,47.970001220703125,34.42369079589844,71004700
2011-05-13,47.7400016784668,47.84000015258789,46.619998931884766,46.91999816894531,33.67019271850586,83193600
2011-05-16,46.7599983215332,47.41999816894531,46.68000030517578,46.849998474121094,33.61996078491211,72402600
2011-05-17,46.58000183105469,47.029998779296875,46.400001525878906,47.0,33.727596282958984,60103700
2011-05-18,47.310001373291016,47.84000015258789,47.119998931884766,47.7599983215332,34.27299118041992,49432300
2011-05-19,47.650001525878906,47.709999084472656,47.18000030517578,47.45000076293945,34.05052947998047,37836800
2011-05-20,47.34000015258789,47.380001068115234,46.81999969482422,47.06999969482422,33.77783966064453,60130900
2011-05-23,45.93000030517578,46.20000076293945,45.77000045776367,46.09000015258789,33.0745849609375,59786200
2011-05-24,46.5099983215332,46.689998626708984,46.36000061035156,46.54999923706055,33.40467834472656,46599000
2011-05-25,46.27000045776367,46.810001373291016,46.2599983215332,46.650001525878906,33.4764404296875,43400000
2011-05-26,46.83000183105469,47.279998779296875,46.75,47.25,33.907012939453125,47128400
2011-05-27,47.56999969482422,47.869998931884766,47.52000045776367,47.75,34.265811920166016,38849400
2011-05-31,48.56999969482422,48.599998474121094,48.150001525878906,48.529998779296875,34.82554626464844,58762300
2011-06-01,48.43000030517578,48.560001373291016,47.59000015258789,47.65999984741211,34.20122146606445,55372400
2011-06-02,47.9900016784668,48.20000076293945,47.61000061035156,48.11000061035156,34.52415084838867,38988300
2011-06-03,47.54999923706055,48.119998931884766,47.529998779296875,47.869998931884766,34.351905822753906,42955600
2011-06-06,47.81999969482422,47.81999969482422,47.040000915527344,47.099998474121094,33.79936599731445,51477600
2011-06-07,47.709999084472656,47.86000061035156,47.45000076293945,47.470001220703125,34.06488800048828,58042500
2011-06-08,47.29999923706055,47.43000030517578,46.9900016784668,47.130001068115234,33.820892333984375,63855900
2011-06-09,47.11000061035156,47.63999938964844,46.970001220703125,47.5,34.08640670776367,40819000
2011-06-10,46.970001220703125,46.970001220703125,46.380001068115234,46.470001220703125,33.34727096557617,61946000
2011-06-13,46.689998626708984,46.810001373291016,46.25,46.38999938964844,33.28984832763672,37673300
2011-06-14,47.02000045776367,47.27000045776367,46.970001220703125,47.09000015258789,33.79217529296875,46392600
2011-06-15,46.47999954223633,46.720001220703125,45.970001220703125,46.08000183105469,33.06739807128906,66901900
2011-06-16,45.790000915527344,46.13999938964844,45.369998931884766,45.72999954223633,32.81623840332031,66078600
2011-06-17,46.06999969482422,46.09000015258789,45.689998626708984,45.790000915527344,32.85928726196289,61268200
2011-06-20,45.56999969482422,45.790000915527344,45.470001220703125,45.720001220703125,32.80906677246094,40025300
2011-06-21,46.130001068115234,46.619998931884766,46.029998779296875,46.560001373291016,33.41185760498047,48523000
2011-06-22,45.7599983215332,46.08000183105469,45.59000015258789,45.63999938964844,33.07917785644531,40580400
2011-06-23,45.029998779296875,45.599998474121094,44.77000045776367,45.58000183105469,33.03569412231445,63556800
2011-06-24,45.880001068115234,45.900001525878906,45.40999984741211,45.5,32.97770690917969,44225900
2011-06-27,45.47999954223633,46.130001068115234,45.40999984741211,46.029998779296875,33.36184310913086,53450600
2011-06-28,46.06999969482422,46.66999816894531,45.939998626708984,46.65999984741211,33.81846237182617,45598200
2011-06-29,46.779998779296875,47.189998626708984,46.5,47.09000015258789,34.13010787963867,55289100
2011-06-30,47.34000015258789,47.619998931884766,47.20000076293945,47.599998474121094,34.499752044677734,46188400
2011-07-01,47.58000183105469,48.290000915527344,46.75,48.15999984741211,34.905635833740234,44635400
2011-07-05,48.279998779296875,48.31999969482422,47.97999954223633,48.13999938964844,34.89113998413086,51374800
2011-07-06,47.93000030517578,48.02000045776367,47.61000061035156,47.81999969482422,34.659210205078125,56118500
2011-07-07,48.369998931884766,48.630001068115234,48.279998779296875,48.47999954223633,35.1375732421875,49542300
2011-07-08,47.93000030517578,48.0099983215332,47.45000076293945,47.93000030517578,34.73893737792969,50271000
2011-07-11,47.099998474121094,47.18000030517578,46.52000045776367,46.59000015258789,33.7677116394043,58197700
2011-07-12,46.25,46.599998474121094,46.08000183105469,46.119998931884766,33.42708206176758,46966300
2011-07-13,46.540000915527344,47.27000045776367,46.43000030517578,46.869998931884766,33.970664978027344,59429900
2011-07-14,47.119998931884766,47.16999816894531,46.27000045776367,46.369998931884766,33.6082763671875,53279700
2011-07-15,46.81999969482422,46.84000015258789,46.36000061035156,46.65999984741211,33.81846237182617,35171100
2011-07-18,46.22999954223633,46.33000183105469,45.79999923706055,46.119998931884766,33.42708206176758,46489100
2011-07-19,46.5,46.84000015258789,46.36000061035156,46.790000915527344,33.91267776489258,37413900
2011-07-20,47.029998779296875,47.099998474121094,46.810001373291016,46.93000030517578,34.0141487121582,29604100
2011-07-21,47.16999816894531,47.77000045776367,47.029998779296875,47.68000030517578,34.557743072509766,45701000
2011-07-22,47.689998626708984,47.779998779296875,47.41999816894531,47.650001525878906,34.53600311279297,31952700
2011-07-25,47.34000015258789,47.7400016784668,47.2400016784668,47.54999923706055,34.46350860595703,32505900
2011-07-26,47.84000015258789,47.97999954223633,47.54999923706055,47.709999084472656,34.5794792175293,29118300
2011-07-27,47.540000915527344,47.540000915527344,46.75,46.869998931884766,33.970664978027344,54477400
2011-07-28,47.09000015258789,47.27000045776367,46.7400016784668,46.90999984741211,33.99965286254883,44734300
2011-07-29,46.54999923706055,47.25,46.41999816894531,47.11000061035156,34.14460754394531,48432100
2011-08-01,47.66999816894531,47.689998626708984,46.630001068115234,47.06999969482422,34.11561584472656,48466100
2011-08-02,46.68000030517578,46.7599983215332,45.59000015258789,45.619998931884766,33.0646858215332,73705600
2011-08-03,45.599998474121094,45.630001068115234,44.65999984741211,45.459999084472656,32.94871139526367,73967200
2011-08-04,44.2400016784668,44.36000061035156,42.790000915527344,42.86000061035156,31.06427764892578,139352000
2011-08-05,43.150001525878906,43.2599983215332,41.31999969482422,42.58000183105469,30.861339569091797,154381700
2011-08-08,40.72999954223633,41.2400016784668,38.709999084472656,39.029998779296875,28.288345336914062,175336300
2011-08-09,40.0,41.34000015258789,38.810001373291016,41.31999969482422,29.94810676574707,191406700
2011-08-10,40.060001373291016,40.540000915527344,39.119998931884766,39.130001068115234,28.360822677612305,122586600
2011-08-11,40.04999923706055,41.79999923706055,39.7599983215332,41.290000915527344,29.926366806030273,121153900
2011-08-12,41.31999969482422,41.560001373291016,40.83000183105469,41.27000045776367,29.911865234375,64752000
2011-08-15,41.90999984741211,42.33000183105469,41.900001525878906,42.22999954223633,30.607666015625,65966400
2011-08-16,41.779998779296875,42.16999816894531,41.34000015258789,41.869998931884766,30.346738815307617,61578100
2011-08-17,42.150001525878906,42.47999954223633,41.7599983215332,42.16999816894531,30.56417465209961,45131600
2011-08-18,40.630001068115234,40.689998626708984,39.63999938964844,40.18000030517578,29.12185287475586,106805200
2011-08-19,39.619998931884766,40.7400016784668,39.61000061035156,39.68000030517578,28.75946617126465,72408800
2011-08-22,40.34000015258789,40.5099983215332,39.5099983215332,39.63999938964844,28.730478286743164,51908100
2011-08-23,40.15999984741211,41.06999969482422,39.7400016784668,41.029998779296875,29.737924575805664,73244900
2011-08-24,40.38999938964844,40.869998931884766,39.97999954223633,40.630001068115234,29.44800567626953,48121000
2011-08-25,40.619998931884766,40.779998779296875,39.619998931884766,39.84000015258789,28.875425338745117,57125600
2011-08-26,39.880001068115234,40.540000915527344,39.22999954223633,40.52000045776367,29.36827850341797,74396200
2011-08-29,41.279998779296875,41.84000015258789,41.25,41.83000183105469,30.317747116088867,46759900
2011-08-30,41.59000015258789,42.150001525878906,41.369998931884766,41.88999938964844,30.361236572265625,51881500
2011-08-31,42.650001525878906,42.93000030517578,42.40999984741211,42.75,30.98454475402832,74774800
2011-09-01,42.869998931884766,43.27000045776367,42.5,42.52000045776367,30.81785011291504,76392600
2011-09-02,41.86000061035156,42.06999969482422,41.349998474121094,41.560001373291016,30.12205696105957,69255200
2011-09-06,40.189998626708984,41.15999984741211,40.16999816894531,41.130001068115234,29.810401916503906,66073000
2011-09-07,41.83000183105469,42.380001068115234,41.599998474121094,42.349998474121094,30.69463348388672,49845600
2011-09-08,41.619998931884766,42.11000061035156,41.29999923706055,41.40999984741211,30.013341903686523,59110100
2011-09-09,40.77000045776367,41.83000183105469,39.849998474121094,40.0099983215332,28.99863052368164,76809100
2011-09-12,39.27000045776367,39.970001220703125,38.97999954223633,39.93000030517578,28.940656661987305,69385300
2011-09-13,39.72999954223633,40.040000915527344,39.400001525878906,39.9900016784668,28.984146118164062,68090600
2011-09-14,39.709999084472656,40.220001220703125,38.88999938964844,39.880001068115234,28.90442657470703,82237200
2011-09-15,40.38999938964844,40.470001220703125,39.79999923706055,40.459999084472656,29.324779510498047,62836900
2011-09-16,40.650001525878906,40.81999969482422,40.150001525878906,40.529998779296875,29.375530242919922,46199300
2011-09-19,39.099998474121094,39.529998779296875,38.91999816894531,39.33000183105469,28.505788803100586,67923900
2011-09-20,39.47999954223633,39.7599983215332,39.02000045776367,39.040000915527344,28.295604705810547,53481200
2011-09-21,38.810001373291016,39.04999923706055,37.560001373291016,37.59000015258789,27.244651794433594,105520500
2011-09-22,35.810001373291016,36.099998474121094,34.709999084472656,34.95000076293945,25.331233978271484,159906700
2011-09-23,35.38999938964844,35.93000030517578,35.130001068115234,35.880001068115234,26.00527572631836,102748900
2011-09-26,35.56999969482422,36.470001220703125,35.09000015258789,36.41999816894531,26.396656036376953,94311200
2011-09-27,37.61000061035156,38.2400016784668,37.38999938964844,37.58000183105469,27.237407684326172,112508800
2011-09-28,37.400001525878906,37.65999984741211,36.40999984741211,36.45000076293945,26.41840934753418,80061600
2011-09-29,37.41999816894531,37.540000915527344,36.38999938964844,36.95000076293945,26.780799865722656,74702700
2011-09-30,36.0099983215332,36.36000061035156,35.029998779296875,35.099998474121094,25.4399471282959,102866200
2011-10-03,35.06999969482422,35.59000015258789,34.290000915527344,34.36000061035156,24.903602600097656,107059200
2011-10-04,33.93000030517578,34.939998626708984,33.41999816894531,34.88999938964844,25.28774070739746,111600000
2011-10-05,34.7599983215332,35.75,34.4900016784668,35.70000076293945,25.874818801879883,81013800
2011-10-06,35.779998779296875,36.90999984741211,35.619998931884766,36.880001068115234,26.73006820678711,140578300
2011-10-07,37.099998474121094,37.2400016784668,36.20000076293945,36.439998626708984,26.411151885986328,76503200
2011-10-10,37.459999084472656,38.130001068115234,37.43000030517578,38.06999969482422,27.592559814453125,69649800
2011-10-11,37.58000183105469,38.279998779296875,37.5,38.09000015258789,27.6070499420166,72086900
2011-10-12,38.88999938964844,39.720001220703125,38.869998931884766,39.15999984741211,28.382570266723633,101798900
2011-10-13,38.84000015258789,39.0099983215332,38.290000915527344,38.810001373291016,28.1289005279541,57089300
2011-10-14,39.400001525878906,39.61000061035156,39.15999984741211,39.59000015258789,28.694225311279297,72966500
2011-10-17,39.16999816894531,39.2599983215332,38.209999084472656,38.25,27.723007202148438,63743000
2011-10-18,38.31999969482422,39.459999084472656,37.72999954223633,39.27000045776367,28.46229362487793,85366100
2011-10-19,39.02000045776367,39.209999084472656,38.470001220703125,38.52000045776367,27.91870880126953,52363200
2011-10-20,38.209999084472656,38.220001220703125,37.130001068115234,37.779998779296875,27.382368087768555,83654600
2011-10-21,38.38999938964844,38.900001525878906,38.369998931884766,38.86000061035156,28.165138244628906,69672700
2011-10-24,39.34000015258789,40.5,39.29999923706055,40.380001068115234,29.26681900024414,87934300
2011-10-25,39.900001525878906,40.02000045776367,39.43000030517578,39.58000183105469,28.68698501586914,76772100
2011-10-26,40.38999938964844,40.5099983215332,39.52000045776367,40.310001373291016,29.216075897216797,62940200
2011-10-27,42.09000015258789,43.220001220703125,41.72999954223633,42.7599983215332,30.99178695678711,156301800
2011-10-28,42.02000045776367,42.65999984741211,41.939998626708984,42.400001525878906,30.730884552001953,59840500
2011-10-31,41.599998474121094,41.68000030517578,40.7599983215332,40.810001373291016,29.578472137451172,69667800
2011-11-01,39.290000915527344,40.310001373291016,39.13999938964844,39.81999969482422,28.860931396484375,91614700
2011-11-02,40.939998626708984,41.13999938964844,40.41999816894531,41.040000915527344,29.74517059326172,64629600
2011-11-03,41.290000915527344,41.630001068115234,40.66999816894531,41.459999084472656,30.04957389831543,58912200
2011-11-04,41.11000061035156,41.2599983215332,40.54999923706055,41.189998626708984,29.853891372680664,50083800
2011-11-07,41.130001068115234,41.630001068115234,40.970001220703125,41.540000915527344,30.10756492614746,44450000
2011-11-08,41.61000061035156,42.08000183105469,41.099998474121094,42.029998779296875,30.462709426879883,70276800
2011-11-09,40.400001525878906,40.560001373291016,39.47999954223633,39.56999969482422,28.679731369018555,111322800
2011-11-10,40.189998626708984,40.29999923706055,39.54999923706055,39.83000183105469,28.868179321289062,48436000
2011-11-11,40.369998931884766,40.900001525878906,40.369998931884766,40.790000915527344,29.563962936401367,48885300
2011-11-14,40.5,40.599998474121094,40.0,40.22999954223633,29.158098220825195,47272600
2011-11-15,40.18000030517578,40.70000076293945,39.86000061035156,40.47999954223633,29.33928871154785,45852500
2011-11-16,39.75,40.16999816894531,39.38999938964844,39.38999938964844,28.549280166625977,64823000
2011-11-17,39.599998474121094,39.70000076293945,38.18000030517578,38.38999938964844,27.824485778808594,102951000
2011-11-18,38.95000076293945,38.959999084472656,38.31999969482422,38.540000915527344,27.933210372924805,51240500
2011-11-21,37.5099983215332,37.65999984741211,36.880001068115234,37.29999923706055,27.034473419189453,59896200
2011-11-22,37.45000076293945,37.65999984741211,36.9900016784668,37.43000030517578,27.128692626953125,46355600
2011-11-23,36.790000915527344,36.81999969482422,36.220001220703125,36.220001220703125,26.251707077026367,65700800
2011-11-25,36.22999954223633,36.72999954223633,36.099998474121094,36.099998474121094,26.16473388671875,30076300
2011-11-28,37.720001220703125,37.86000061035156,37.459999084472656,37.83000183105469,27.41861343383789,79397700
2011-11-29,37.720001220703125,38.220001220703125,37.619998931884766,37.65999984741211,27.295394897460938,52655900
2011-11-30,39.5,40.06999969482422,39.290000915527344,40.0099983215332,28.99863052368164,92375400
2011-12-01,40.029998779296875,40.349998474121094,39.810001373291016,39.88999938964844,28.91166877746582,46229200
2011-12-02,40.38999938964844,40.43000030517578,39.75,39.77000045776367,28.824687957763672,47176100
2011-12-05,40.5,40.59000015258789,40.119998931884766,40.41999816894531,29.295791625976562,59551400
2011-12-06,39.86000061035156,40.16999816894531,39.59000015258789,39.869998931884766,28.89716911315918,43432800
2011-12-07,39.77000045776367,40.15999984741211,39.5099983215332,40.029998779296875,29.013139724731445,73276600
2011-12-08,39.43000030517578,39.560001373291016,38.47999954223633,38.59000015258789,27.969451904296875,86315100
2011-12-09,38.709999084472656,39.47999954223633,38.70000076293945,39.369998931884766,28.534778594970703,51866700
2011-12-12,38.2400016784668,38.290000915527344,37.65999984741211,37.88999938964844,27.462093353271484,82239000
2011-12-13,38.2400016784668,38.45000076293945,37.41999816894531,37.540000915527344,27.208423614501953,59290300
2011-12-14,37.400001525878906,37.599998474121094,36.97999954223633,37.0,26.817035675048828,66643900
2011-12-15,37.7400016784668,37.75,37.119998931884766,37.2400016784668,26.990985870361328,82103600
2011-12-16,37.619998931884766,37.84000015258789,37.369998931884766,37.52000045776367,27.193923950195312,64381200
2011-12-19,37.22999954223633,37.279998779296875,36.47999954223633,36.54999923706055,26.490886688232422,56108700
2011-12-20,37.15999984741211,37.79999923706055,37.130001068115234,37.720001220703125,27.60092544555664,71387400
2011-12-21,37.630001068115234,37.849998474121094,37.20000076293945,37.84000015258789,27.6887264251709,47572400
2011-12-22,37.88999938964844,38.369998931884766,37.880001068115234,38.34000015258789,28.054594039916992,58644600
2011-12-23,38.31999969482422,38.5,38.15999984741211,38.4900016784668,28.16436004638672,21521600
2011-12-27,38.18000030517578,38.29999923706055,38.040000915527344,38.119998931884766,27.89360809326172,26198500
2011-12-28,37.93000030517578,37.97999954223633,37.43000030517578,37.47999954223633,27.425310134887695,39326100
2011-12-29,37.66999816894531,37.959999084472656,37.630001068115234,37.90999984741211,27.739948272705078,32240500
2011-12-30,37.880001068115234,38.13999938964844,37.86000061035156,37.939998626708984,27.761905670166016,33432400
2012-01-03,38.97999954223633,39.27000045776367,38.88999938964844,39.099998474121094,28.610708236694336,72557500
2012-01-04,38.7400016784668,38.970001220703125,38.599998474121094,38.880001068115234,28.44973373413086,46225600
2012-01-05,38.63999938964844,38.83000183105469,38.33000183105469,38.709999084472656,28.32533836364746,54383000
2012-01-06,38.66999816894531,38.66999816894531,38.20000076293945,38.220001220703125,27.966793060302734,50333100
2012-01-09,38.58000183105469,38.70000076293945,38.369998931884766,38.619998931884766,28.259483337402344,45814800
2012-01-10,39.5,39.68000030517578,39.36000061035156,39.459999084472656,28.874135971069336,59620000
2012-01-11,39.22999954223633,39.5099983215332,39.119998931884766,39.4900016784668,28.896085739135742,47747100
2012-01-12,39.689998626708984,39.75,39.380001068115234,39.650001525878906,29.013172149658203,43328400
2012-01-13,39.36000061035156,39.380001068115234,38.939998626708984,39.290000915527344,28.749736785888672,57195200
2012-01-17,40.13999938964844,40.25,39.880001068115234,40.040000915527344,29.298542022705078,70477600
2012-01-18,40.25,41.06999969482422,40.150001525878906,41.04999923706055,30.037586212158203,72674100
2012-01-19,41.2599983215332,41.47999954223633,41.13999938964844,41.40999984741211,30.301008224487305,68477400
2012-01-20,41.310001373291016,41.4900016784668,41.119998931884766,41.380001068115234,30.279052734375,43400800
2012-01-23,41.58000183105469,41.97999954223633,41.5099983215332,41.779998779296875,30.571741104125977,62223900
2012-01-24,41.400001525878906,41.84000015258789,41.22999954223633,41.84000015258789,30.61565589904785,39864800
2012-01-25,41.52000045776367,42.41999816894531,41.38999938964844,42.310001373291016,30.95957374572754,64939200
2012-01-26,42.61000061035156,42.7599983215332,41.97999954223633,42.13999938964844,30.835172653198242,68097200
2012-01-27,42.15999984741211,42.5099983215332,42.13999938964844,42.36000061035156,30.996152877807617,51983800
2012-01-30,41.5099983215332,41.88999938964844,41.349998474121094,41.75,30.54979133605957,43104400
2012-01-31,42.27000045776367,42.54999923706055,41.83000183105469,42.11000061035156,30.81321907043457,69525300
2012-02-01,42.75,43.25,42.66999816894531,43.040000915527344,31.49373435974121,82799300
2012-02-02,43.25,43.54999923706055,43.13999938964844,43.15999984741211,31.581544876098633,71522900
2012-02-03,43.72999954223633,43.939998626708984,43.47999954223633,43.880001068115234,32.10838317871094,72000800
2012-02-06,43.290000915527344,43.5099983215332,43.20000076293945,43.5099983215332,31.837648391723633,40208500
2012-02-07,43.310001373291016,43.68000030517578,43.040000915527344,43.599998474121094,31.90350914001465,47240100
2012-02-08,43.869998931884766,44.099998474121094,43.709999084472656,43.90999984741211,32.13032913208008,53168200
2012-02-09,43.970001220703125,44.0,43.61000061035156,43.88999938964844,32.115699768066406,44004500
2012-02-10,42.939998626708984,43.0,42.7400016784668,42.91999816894531,31.405920028686523,62254000
2012-02-13,43.630001068115234,43.66999816894531,43.290000915527344,43.619998931884766,31.918134689331055,47447900
2012-02-14,43.31999969482422,43.45000076293945,42.97999954223633,43.2599983215332,31.654706954956055,42652500
2012-02-15,43.779998779296875,43.790000915527344,43.279998779296875,43.380001068115234,31.74253273010254,51791500
2012-02-16,43.209999084472656,43.880001068115234,43.08000183105469,43.849998474121094,32.08643341064453,52445100
2012-02-17,44.0099983215332,44.099998474121094,43.779998779296875,43.93000030517578,32.14497375488281,50694200
2012-02-21,44.04999923706055,44.08000183105469,43.68000030517578,43.75,32.01325988769531,46318500
2012-02-22,43.810001373291016,43.900001525878906,43.65999984741211,43.83000183105469,32.07180404663086,40179600
2012-02-23,43.7400016784668,43.849998474121094,43.4900016784668,43.75,32.01325988769531,36443800
2012-02-24,43.959999084472656,44.2599983215332,43.93000030517578,44.189998626708984,32.33522415161133,37876800
2012-02-27,43.56999969482422,43.90999984741211,43.380001068115234,43.75,32.01325988769531,42999300
2012-02-28,44.029998779296875,44.369998931884766,43.91999816894531,44.36000061035156,32.459625244140625,40977700
2012-02-29,44.63999938964844,44.90999984741211,44.209999084472656,44.33000183105469,32.43766784667969,72109200
2012-03-01,44.47999954223633,44.869998931884766,44.41999816894531,44.75,32.744991302490234,51045600
2012-03-02,44.599998474121094,44.75,44.41999816894531,44.63999938964844,32.66450881958008,32352400
2012-03-05,44.22999954223633,44.2400016784668,43.68000030517578,43.869998931884766,32.101070404052734,50657400
2012-03-06,42.75,42.79999923706055,42.220001220703125,42.400001525878906,31.025434494018555,103961400
2012-03-07,42.75,42.95000076293945,42.54999923706055,42.90999984741211,31.39861297607422,45233800
2012-03-08,43.56999969482422,43.88999938964844,43.400001525878906,43.810001373291016,32.05717468261719,40673600
2012-03-09,43.810001373291016,44.040000915527344,43.689998626708984,43.790000915527344,32.04253005981445,36487700
2012-03-12,43.4900016784668,43.54999923706055,43.150001525878906,43.310001373291016,31.691299438476562,31488700
2012-03-13,43.7400016784668,44.529998779296875,43.619998931884766,44.4900016784668,32.554744720458984,61336000
2012-03-14,44.2599983215332,44.369998931884766,43.68000030517578,43.790000915527344,32.04253005981445,59777900
2012-03-15,44.029998779296875,44.18000030517578,43.7599983215332,44.13999938964844,32.29862594604492,35060300
2012-03-16,44.06999969482422,44.25,43.93000030517578,44.09000015258789,32.26205062866211,36520100
2012-03-19,43.709999084472656,44.099998474121094,43.650001525878906,43.91999816894531,32.13765335083008,30002500
2012-03-20,43.15999984741211,43.27000045776367,42.900001525878906,43.15999984741211,31.581544876098633,53828200
2012-03-21,43.18000030517578,43.34000015258789,42.939998626708984,43.2400016784668,31.640085220336914,49696000
2012-03-22,42.810001373291016,42.84000015258789,42.380001068115234,42.58000183105469,31.15713882446289,73056000
2012-03-23,42.630001068115234,42.95000076293945,42.41999816894531,42.900001525878906,31.391298294067383,31693200
2012-03-26,43.18000030517578,43.66999816894531,43.099998474121094,43.650001525878906,31.940092086791992,67482700
2012-03-27,43.650001525878906,43.70000076293945,43.380001068115234,43.41999816894531,31.771793365478516,35627500
2012-03-28,43.209999084472656,43.29999923706055,42.5099983215332,42.689998626708984,31.23763084411621,55592200
2012-03-29,42.220001220703125,42.68000030517578,41.90999984741211,42.63999938964844,31.2010498046875,53897700
2012-03-30,43.04999923706055,43.060001373291016,42.630001068115234,42.95000076293945,31.427886962890625,48514500
2012-04-02,42.900001525878906,43.72999954223633,42.790000915527344,43.540000915527344,31.859601974487305,62056300
2012-04-03,43.61000061035156,43.75,43.0,43.290000915527344,31.676671981811523,58379300
2012-04-04,42.560001373291016,42.630001068115234,42.2400016784668,42.5099983215332,31.10591697692871,49766700
2012-04-05,42.52000045776367,43.849998474121094,42.5,42.7400016784668,31.274215698242188,45579600
2012-04-09,42.09000015258789,42.310001373291016,41.970001220703125,42.11000061035156,30.81321907043457,42343200
2012-04-10,41.970001220703125,42.09000015258789,41.16999816894531,41.290000915527344,30.213197708129883,81350300
2012-04-11,41.880001068115234,42.0,41.63999938964844,41.7400016784668,30.54248809814453,45581000
2012-04-12,41.95000076293945,42.81999969482422,41.939998626708984,42.810001373291016,31.32543182373047,64008500
2012-04-13,42.58000183105469,42.70000076293945,42.040000915527344,42.15999984741211,30.84980010986328,64221100
2012-04-16,42.459999084472656,42.5099983215332,41.7599983215332,41.95000076293945,30.69614601135254,62839600
2012-04-17,42.16999816894531,42.529998779296875,41.97999954223633,42.43000030517578,31.047378540039062,51806300
2012-04-18,42.060001373291016,42.349998474121094,41.9900016784668,42.22999954223633,30.901031494140625,40456400
2012-04-19,42.150001525878906,42.47999954223633,41.81999969482422,42.040000915527344,30.761999130249023,42080500
2012-04-20,42.310001373291016,42.54999923706055,42.2599983215332,42.33000183105469,30.97420883178711,43456900
2012-04-23,41.56999969482422,41.61000061035156,41.06999969482422,41.52000045776367,30.38149642944336,63093800
2012-04-24,41.630001068115234,41.880001068115234,41.529998779296875,41.61000061035156,30.447355270385742,50567200
2012-04-25,41.95000076293945,42.0099983215332,41.72999954223633,41.9900016784668,30.725412368774414,45739900
2012-04-26,41.84000015258789,42.310001373291016,41.790000915527344,42.25,30.91565704345703,35715200
2012-04-27,42.279998779296875,42.400001525878906,42.04999923706055,42.310001373291016,30.95957374572754,40038100
2012-04-30,42.310001373291016,42.31999969482422,42.06999969482422,42.220001220703125,30.89371109008789,39795800
2012-05-01,42.25,42.880001068115234,42.13999938964844,42.5,31.09859848022461,37657900
2012-05-02,42.369998931884766,42.4900016784668,42.150001525878906,42.41999816894531,31.0400447845459,35379800
2012-05-03,42.439998626708984,42.470001220703125,41.90999984741211,42.099998474121094,30.805896759033203,45671000
2012-05-04,41.869998931884766,41.939998626708984,41.290000915527344,41.36000061035156,30.26443099975586,58478500
2012-05-07,41.290000915527344,41.56999969482422,41.2400016784668,41.5099983215332,30.37417984008789,44100000
2012-05-08,41.130001068115234,41.13999938964844,40.41999816894531,40.849998474121094,29.89124298095703,66820200
2012-05-09,40.11000061035156,40.599998474121094,39.869998931884766,40.31999969482422,29.5034236907959,86829800
2012-05-10,40.7400016784668,40.7400016784668,40.41999816894531,40.4900016784668,29.62781524658203,48337700
2012-05-11,40.0099983215332,40.52000045776367,39.93000030517578,39.970001220703125,29.247323989868164,56290000
2012-05-14,39.27000045776367,39.34000015258789,39.04999923706055,39.060001373291016,28.58144187927246,63048400
2012-05-15,39.09000015258789,39.22999954223633,38.56999969482422,38.720001220703125,28.332653045654297,61529000
2012-05-16,38.5099983215332,38.75,38.119998931884766,38.16999816894531,27.93019676208496,82693600
2012-05-17,38.150001525878906,38.22999954223633,37.61000061035156,37.650001525878906,27.549707412719727,74320200
2012-05-18,37.7599983215332,37.86000061035156,37.16999816894531,37.290000915527344,27.286279678344727,75155600
2012-05-21,37.5,38.2400016784668,37.459999084472656,38.18000030517578,27.937519073486328,62509500
2012-05-22,38.13999938964844,38.40999984741211,37.540000915527344,37.779998779296875,27.644817352294922,52847900
2012-05-23,37.380001068115234,37.54999923706055,36.689998626708984,37.52000045776367,27.45456886291504,72030300
2012-05-24,37.630001068115234,37.63999938964844,36.970001220703125,37.33000183105469,27.315549850463867,57707700
2012-05-25,37.18000030517578,37.369998931884766,37.04999923706055,37.150001525878906,27.1838321685791,47685000
2012-05-29,38.150001525878906,38.36000061035156,37.869998931884766,38.20000076293945,27.952150344848633,71172100
2012-05-30,37.470001220703125,37.650001525878906,37.29999923706055,37.540000915527344,27.46921157836914,80092500
2012-05-31,37.61000061035156,37.88999938964844,37.220001220703125,37.70000076293945,27.586284637451172,66528900
2012-06-01,36.93000030517578,37.119998931884766,36.63999938964844,36.689998626708984,26.847240447998047,79955400
2012-06-04,36.75,36.9900016784668,36.56999969482422,36.849998474121094,26.96431541442871,57106800
2012-06-05,36.86000061035156,37.04999923706055,36.650001525878906,36.95000076293945,27.037492752075195,58858400
2012-06-06,37.36000061035156,38.08000183105469,37.349998474121094,38.029998779296875,27.827756881713867,55300800
2012-06-07,38.84000015258789,38.91999816894531,38.130001068115234,38.2599983215332,27.996055603027344,49633200
2012-06-08,37.689998626708984,37.9900016784668,37.54999923706055,37.93000030517578,27.75459098815918,39729500
2012-06-11,38.27000045776367,38.310001373291016,37.349998474121094,37.380001068115234,27.352128982543945,51800800
2012-06-12,37.90999984741211,38.189998626708984,37.720001220703125,38.15999984741211,27.92289161682129,54033500
2012-06-13,38.099998474121094,38.459999084472656,37.93000030517578,38.02000045776367,27.82044219970703,43926900
2012-06-14,37.970001220703125,38.41999816894531,37.77000045776367,38.290000915527344,28.01800537109375,46464200
2012-06-15,38.470001220703125,39.0,38.380001068115234,38.9900016784668,28.530229568481445,63027500
2012-06-18,38.7400016784668,39.16999816894531,38.63999938964844,39.06999969482422,28.588764190673828,37552500
2012-06-19,39.400001525878906,39.95000076293945,39.34000015258789,39.70000076293945,29.04975128173828,50142100
2012-06-20,39.70000076293945,39.81999969482422,39.18000030517578,39.56999969482422,28.95461654663086,58814400
2012-06-21,38.83000183105469,38.880001068115234,37.619998931884766,37.66999816894531,27.894241333007812,58815500
2012-06-22,37.970001220703125,37.9900016784668,37.58000183105469,37.790000915527344,27.983102798461914,33162400
2012-06-25,37.22999954223633,37.2400016784668,36.880001068115234,37.09000015258789,27.464759826660156,44292700
2012-06-26,37.34000015258789,37.560001373291016,37.060001373291016,37.40999984741211,27.70171546936035,35913100
2012-06-27,37.63999938964844,37.779998779296875,37.52000045776367,37.650001525878906,27.87944221496582,28255200
2012-06-28,37.310001373291016,37.5099983215332,37.04999923706055,37.470001220703125,27.74614715576172,34183500
2012-06-29,38.650001525878906,39.189998626708984,38.59000015258789,39.130001068115234,28.97535514831543,78076300
2012-07-02,39.060001373291016,39.189998626708984,38.790000915527344,39.130001068115234,28.97535514831543,38509900
2012-07-03,39.5,39.91999816894531,39.380001068115234,39.90999984741211,29.55293083190918,36099700
2012-07-05,39.560001373291016,39.7400016784668,39.27000045776367,39.4900016784668,29.241933822631836,33512700
2012-07-06,38.900001525878906,38.9900016784668,38.61000061035156,38.77000045776367,28.708784103393555,49424200
2012-07-09,38.599998474121094,38.70000076293945,38.38999938964844,38.630001068115234,28.605113983154297,34530600
2012-07-10,38.9900016784668,39.02000045776367,38.060001373291016,38.20000076293945,28.286701202392578,48650000
2012-07-11,38.349998474121094,38.58000183105469,38.130001068115234,38.400001525878906,28.434797286987305,37130100
2012-07-12,37.66999816894531,37.9900016784668,37.45000076293945,37.7599983215332,27.960887908935547,45106800
2012-07-13,38.08000183105469,38.529998779296875,38.04999923706055,38.4900016784668,28.501447677612305,37182200
2012-07-16,38.27000045776367,38.4900016784668,38.08000183105469,38.400001525878906,28.434797286987305,26278800
2012-07-17,38.63999938964844,38.95000076293945,38.209999084472656,38.90999984741211,28.812448501586914,40019400
2012-07-18,38.349998474121094,38.90999984741211,38.33000183105469,38.810001373291016,28.738405227661133,47417000
2012-07-19,39.0099983215332,39.2400016784668,38.869998931884766,39.16999816894531,29.004968643188477,44699700
2012-07-20,38.689998626708984,38.790000915527344,38.45000076293945,38.59000015258789,28.575489044189453,43769200
2012-07-23,37.4900016784668,37.77000045776367,37.150001525878906,37.58000183105469,27.827600479125977,55593300
2012-07-24,37.7599983215332,37.77000045776367,37.18000030517578,37.41999816894531,27.709125518798828,46775500
2012-07-25,37.689998626708984,37.84000015258789,37.369998931884766,37.599998474121094,27.842411041259766,34494400
2012-07-26,38.189998626708984,38.5099983215332,38.029998779296875,38.45000076293945,28.471826553344727,50710800
2012-07-27,38.880001068115234,39.599998474121094,38.7599983215332,39.529998779296875,29.27155876159668,50860600
2012-07-30,39.2599983215332,39.5099983215332,39.209999084472656,39.29999923706055,29.10124397277832,41406700
2012-07-31,39.4900016784668,39.650001525878906,39.119998931884766,39.119998931884766,28.96795654296875,58788800
2012-08-01,39.540000915527344,40.45000076293945,39.13999938964844,39.189998626708984,29.019790649414062,49853100
2012-08-02,38.75,39.099998474121094,38.439998626708984,38.72999954223633,28.679155349731445,50858700
2012-08-03,39.529998779296875,40.02000045776367,39.47999954223633,39.93000030517578,29.567750930786133,60512600
2012-08-06,39.97999954223633,40.36000061035156,39.97999954223633,40.18000030517578,29.75287628173828,37181300
2012-08-07,40.2400016784668,40.58000183105469,40.22999954223633,40.290000915527344,29.83432960510254,43260000
2012-08-08,40.150001525878906,40.540000915527344,40.11000061035156,40.369998931884766,29.893569946289062,36569300
2012-08-09,40.5099983215332,40.779998779296875,40.470001220703125,40.540000915527344,30.01944923400879,34528300
2012-08-10,40.380001068115234,40.779998779296875,40.2599983215332,40.72999954223633,30.1601505279541,32246700
2012-08-13,40.470001220703125,40.59000015258789,40.13999938964844,40.369998931884766,29.893569946289062,40396800
2012-08-14,40.599998474121094,40.65999984741211,40.290000915527344,40.36000061035156,29.88616371154785,26731300
2012-08-15,40.25,40.400001525878906,40.16999816894531,40.29999923706055,29.841739654541016,18836100
2012-08-16,40.40999984741211,40.7400016784668,40.209999084472656,40.66999816894531,30.11571502685547,37695800
2012-08-17,40.4900016784668,40.52000045776367,40.2400016784668,40.470001220703125,29.967620849609375,46358100
2012-08-20,40.209999084472656,40.470001220703125,40.11000061035156,40.45000076293945,29.952802658081055,28711200
2012-08-21,40.66999816894531,40.84000015258789,40.27000045776367,40.38999938964844,29.90837860107422,27937400
2012-08-22,40.150001525878906,40.5,40.0099983215332,40.40999984741211,29.923181533813477,36551000
2012-08-23,40.310001373291016,40.369998931884766,39.91999816894531,40.040000915527344,29.649211883544922,39512000
2012-08-24,39.869998931884766,40.209999084472656,39.70000076293945,40.04999923706055,29.65660285949707,34421500
2012-08-27,39.849998474121094,39.88999938964844,39.61000061035156,39.63999938964844,29.353017807006836,23179600
2012-08-28,39.59000015258789,39.7400016784668,39.5,39.560001373291016,29.29376792907715,24377800
2012-08-29,39.599998474121094,39.619998931884766,39.2400016784668,39.369998931884766,29.153074264526367,31372600
2012-08-30,39.119998931884766,39.119998931884766,38.849998474121094,38.90999984741211,28.812448501586914,36609900
2012-08-31,39.20000076293945,39.459999084472656,38.95000076293945,39.279998779296875,29.086429595947266,41552000
2012-09-04,39.29999923706055,39.29999923706055,38.93000030517578,39.060001373291016,28.923526763916016,32627400
2012-09-05,38.900001525878906,38.970001220703125,38.68000030517578,38.86000061035156,28.775426864624023,33041200
2012-09-06,39.09000015258789,39.849998474121094,39.08000183105469,39.720001220703125,29.412248611450195,47868700
2012-09-07,40.2599983215332,40.65999984741211,40.209999084472656,40.63999938964844,30.093494415283203,59898600
2012-09-10,40.40999984741211,40.540000915527344,40.09000015258789,40.119998931884766,29.70844841003418,37361500
2012-09-11,40.349998474121094,40.720001220703125,40.310001373291016,40.599998474121094,30.06387710571289,32692200
2012-09-12,40.84000015258789,40.93000030517578,40.619998931884766,40.779998779296875,30.197168350219727,44014400
2012-09-13,40.61000061035156,42.0099983215332,40.52000045776367,41.880001068115234,31.011707305908203,95670600
2012-09-14,42.310001373291016,42.84000015258789,42.20000076293945,42.369998931884766,31.374544143676758,85091000
2012-09-17,42.15999984741211,42.2400016784668,41.810001373291016,41.90999984741211,31.033924102783203,47652400
2012-09-18,41.900001525878906,42.060001373291016,41.720001220703125,41.93000030517578,31.04873275756836,37259800
2012-09-19,41.939998626708984,42.0,41.77000045776367,41.93000030517578,31.04873275756836,39322800
2012-09-20,41.45000076293945,41.709999084472656,41.209999084472656,41.68000030517578,30.863595962524414,46217400
2012-09-21,42.029998779296875,42.04999923706055,41.72999954223633,41.779998779296875,30.93765640258789,49929300
2012-09-24,41.61000061035156,41.79999923706055,41.4900016784668,41.7400016784668,30.90804672241211,29068900
2012-09-25,41.810001373291016,41.869998931884766,41.11000061035156,41.119998931884766,30.448932647705078,49642600
2012-09-26,40.9900016784668,41.060001373291016,40.65999984741211,40.93000030517578,30.30823516845703,44745200
2012-09-27,41.43000030517578,41.720001220703125,41.2400016784668,41.58000183105469,30.789567947387695,40566600
2012-09-28,41.47999954223633,41.52000045776367,41.20000076293945,41.33000183105469,30.604427337646484,55360900
2012-10-01,41.689998626708984,42.099998474121094,41.630001068115234,41.7400016784668,30.90804672241211,40299700
2012-10-02,41.970001220703125,42.02000045776367,41.59000015258789,41.79999923706055,30.95245361328125,36829800
2012-10-03,41.810001373291016,41.83000183105469,41.45000076293945,41.52000045776367,30.745134353637695,41571300
2012-10-04,41.65999984741211,41.97999954223633,41.54999923706055,41.95000076293945,31.063541412353516,44450900
2012-10-05,42.15999984741211,42.33000183105469,41.79999923706055,41.95000076293945,31.063541412353516,53557500
2012-10-08,41.43000030517578,41.63999938964844,41.369998931884766,41.58000183105469,30.789567947387695,33006200
2012-10-09,41.529998779296875,41.560001373291016,41.099998474121094,41.27000045776367,30.56000518798828,44369700
2012-10-10,41.33000183105469,41.34000015258789,40.91999816894531,41.02000045776367,30.374879837036133,51701800
2012-10-11,41.470001220703125,41.619998931884766,41.380001068115234,41.400001525878906,30.656267166137695,41911800
2012-10-12,41.349998474121094,41.56999969482422,41.18000030517578,41.27000045776367,30.56000518798828,35969600
2012-10-15,41.380001068115234,41.619998931884766,41.209999084472656,41.5099983215332,30.73772430419922,35889600
2012-10-16,41.779998779296875,42.060001373291016,41.77000045776367,41.939998626708984,31.056135177612305,54306500
2012-10-17,42.060001373291016,42.36000061035156,41.91999816894531,42.27000045776367,31.300495147705078,58925200
2012-10-18,42.060001373291016,42.349998474121094,41.959999084472656,42.150001525878906,31.21163558959961,48731300
2012-10-19,41.88999938964844,41.900001525878906,41.380001068115234,41.5,30.730314254760742,49582400
2012-10-22,41.86000061035156,42.04999923706055,41.630001068115234,41.900001525878906,31.02651596069336,42518400
2012-10-23,41.2400016784668,41.2400016784668,40.81999969482422,41.040000915527344,30.38970375061035,58436700
2012-10-24,41.40999984741211,41.47999954223633,41.08000183105469,41.08000183105469,30.419307708740234,35063000
2012-10-25,41.66999816894531,41.7400016784668,41.099998474121094,41.529998779296875,30.752519607543945,41000200
2012-10-26,41.27000045776367,41.380001068115234,41.060001373291016,41.209999084472656,30.515581130981445,36208200
2012-10-31,41.33000183105469,41.41999816894531,41.02000045776367,41.150001525878906,30.47114372253418,58457500
2012-11-01,41.540000915527344,41.88999938964844,41.470001220703125,41.81999969482422,30.967266082763672,63484700
2012-11-02,42.04999923706055,42.04999923706055,41.47999954223633,41.599998474121094,30.80435562133789,53942400
2012-11-05,41.54999923706055,41.84000015258789,41.470001220703125,41.79999923706055,30.95245361328125,33477200
2012-11-06,41.90999984741211,42.2599983215332,41.88999938964844,42.130001068115234,31.196826934814453,48097800
2012-11-07,41.790000915527344,41.810001373291016,41.18000030517578,41.439998626708984,30.68589210510254,65258900
2012-11-08,41.40999984741211,41.66999816894531,40.869998931884766,40.91999816894531,30.300838470458984,73473600
2012-11-09,40.970001220703125,41.33000183105469,40.90999984741211,41.0,30.360071182250977,60594400
2012-11-12,41.16999816894531,41.310001373291016,41.06999969482422,41.150001525878906,30.47114372253418,43640500
2012-11-13,40.65999984741211,40.97999954223633,40.52000045776367,40.779998779296875,30.197168350219727,56929600
2012-11-14,40.84000015258789,40.880001068115234,40.060001373291016,40.150001525878906,29.730655670166016,65058700
2012-11-15,40.22999954223633,40.40999984741211,40.060001373291016,40.290000915527344,29.83432960510254,56282800
2012-11-16,40.25,40.439998626708984,39.91999816894531,40.40999984741211,29.923181533813477,55419900
2012-11-19,40.77000045776367,41.13999938964844,40.77000045776367,41.119998931884766,30.448932647705078,60801400
2012-11-20,40.790000915527344,41.040000915527344,40.68000030517578,41.040000915527344,30.38970375061035,49350300
2012-11-21,40.880001068115234,41.040000915527344,40.779998779296875,40.959999084472656,30.330453872680664,49863200
2012-11-23,41.45000076293945,41.68000030517578,41.41999816894531,41.630001068115234,30.826583862304688,38725400
2012-11-26,41.459999084472656,41.63999938964844,41.380001068115234,41.630001068115234,30.826583862304688,38361700
2012-11-27,41.59000015258789,41.650001525878906,41.27000045776367,41.279998779296875,30.567407608032227,39719300
2012-11-28,41.029998779296875,41.54999923706055,40.900001525878906,41.5099983215332,30.73772430419922,45433200
2012-11-29,41.7400016784668,41.95000076293945,41.58000183105469,41.810001373291016,30.959875106811523,60142000
2012-11-30,41.900001525878906,41.91999816894531,41.68000030517578,41.790000915527344,30.9450626373291,60627600
2012-12-03,42.04999923706055,42.04999923706055,41.77000045776367,41.77000045776367,30.930248260498047,47979700
2012-12-04,41.939998626708984,42.119998931884766,41.86000061035156,41.88999938964844,31.019113540649414,48560100
2012-12-05,42.31999969482422,42.58000183105469,42.20000076293945,42.34000015258789,31.352338790893555,60792500
2012-12-06,42.400001525878906,42.689998626708984,42.369998931884766,42.65999984741211,31.58928871154785,45175200
2012-12-07,42.7400016784668,42.81999969482422,42.58000183105469,42.790000915527344,31.6855525970459,33920200
2012-12-10,42.779998779296875,43.11000061035156,42.75,43.029998779296875,31.86326789855957,52020900
2012-12-11,43.06999969482422,43.31999969482422,43.029998779296875,43.25,32.026180267333984,55722500
2012-12-12,43.38999938964844,43.650001525878906,43.209999084472656,43.380001068115234,32.12245178222656,57451400
2012-12-13,43.349998474121094,43.470001220703125,43.060001373291016,43.189998626708984,31.98174285888672,55617900
2012-12-14,43.27000045776367,43.459999084472656,43.220001220703125,43.380001068115234,32.12245178222656,39422900
2012-12-17,43.279998779296875,43.5099983215332,43.22999954223633,43.4900016784668,32.203887939453125,55647600
2012-12-18,43.189998626708984,43.56999969482422,43.0,43.529998779296875,32.42888641357422,61649000
2012-12-19,43.58000183105469,43.72999954223633,43.47999954223633,43.5099983215332,32.41398239135742,50249100
2012-12-20,43.52000045776367,43.779998779296875,43.38999938964844,43.77000045776367,32.60767364501953,57106100
2012-12-21,43.029998779296875,43.29999923706055,42.970001220703125,43.27000045776367,32.23519515991211,66038300
2012-12-24,43.209999084472656,43.25,43.09000015258789,43.18000030517578,32.16813659667969,18908100
2012-12-26,43.4900016784668,43.58000183105469,43.290000915527344,43.310001373291016,32.26497268676758,25381900
2012-12-27,43.540000915527344,43.650001525878906,43.20000076293945,43.540000915527344,32.446807861328125,41600600
2012-12-28,43.52000045776367,43.849998474121094,43.4900016784668,43.70000076293945,32.566043853759766,42093300
2012-12-31,43.75,44.41999816894531,43.66999816894531,44.349998474121094,33.05044937133789,49353800
2013-01-02,44.90999984741211,45.33000183105469,44.779998779296875,45.220001220703125,33.69877243041992,101185100
2013-01-03,44.900001525878906,45.279998779296875,44.84000015258789,44.900001525878906,33.46031188964844,66217800
2013-01-04,44.689998626708984,45.0099983215332,44.599998474121094,44.9900016784668,33.52738571166992,51087000
2013-01-07,44.63999938964844,44.689998626708984,44.5099983215332,44.650001525878906,33.274017333984375,50598800
2013-01-08,44.400001525878906,44.45000076293945,44.09000015258789,44.25,32.975921630859375,48456800
2013-01-09,44.38999938964844,44.54999923706055,44.36000061035156,44.439998626708984,33.117515563964844,38511200
2013-01-10,44.709999084472656,44.91999816894531,44.529998779296875,44.83000183105469,33.408145904541016,44170700
2013-01-11,44.47999954223633,44.5099983215332,43.95000076293945,44.470001220703125,33.13987350463867,54701600
2013-01-14,44.650001525878906,44.720001220703125,44.439998626708984,44.65999984741211,33.28145980834961,63801400
2013-01-15,44.36000061035156,44.4900016784668,44.099998474121094,44.470001220703125,33.13987350463867,55408900
2013-01-16,44.130001068115234,44.45000076293945,44.11000061035156,44.43000030517578,33.110069274902344,32090000
2013-01-17,44.630001068115234,44.849998474121094,44.59000015258789,44.68000030517578,33.296363830566406,39873100
2013-01-18,44.689998626708984,44.79999923706055,44.540000915527344,44.779998779296875,33.37089157104492,51709600
2013-01-22,44.630001068115234,44.709999084472656,44.529998779296875,44.709999084472656,33.31871795654297,46493900
2013-01-23,44.5,44.540000915527344,44.33000183105469,44.470001220703125,33.13987350463867,32607900
2013-01-24,44.41999816894531,44.58000183105469,44.20000076293945,44.310001373291016,33.02063751220703,38920500
2013-01-25,44.220001220703125,44.29999923706055,43.91999816894531,44.15999984741211,32.908851623535156,52779500
2013-01-28,44.040000915527344,44.040000915527344,43.709999084472656,43.849998474121094,32.67782211303711,56862100
2013-01-29,44.099998474121094,44.45000076293945,43.869998931884766,44.34000015258789,33.04299545288086,46274900
2013-01-30,44.150001525878906,44.279998779296875,44.11000061035156,44.130001068115234,32.88650131225586,47812800
2013-01-31,44.18000030517578,44.27000045776367,44.04999923706055,44.220001220703125,32.95355987548828,51081600
2013-02-01,44.470001220703125,44.63999938964844,44.310001373291016,44.5099983215332,33.16967010498047,50348500
2013-02-04,44.16999816894531,44.209999084472656,43.790000915527344,43.91999816894531,32.72998809814453,48193600
2013-02-05,44.099998474121094,44.189998626708984,43.93000030517578,43.970001220703125,32.76725387573242,41440100
2013-02-06,43.7599983215332,43.91999816894531,43.619998931884766,43.91999816894531,32.72998809814453,52411700
2013-02-07,43.849998474121094,43.86000061035156,43.31999969482422,43.529998779296875,32.43936538696289,47884300
2013-02-08,43.65999984741211,43.91999816894531,43.650001525878906,43.849998474121094,32.67782211303711,36378000
2013-02-11,43.77000045776367,43.880001068115234,43.630001068115234,43.83000183105469,32.66292953491211,25661600
2013-02-12,43.83000183105469,44.130001068115234,43.68000030517578,43.95000076293945,32.752357482910156,40661300
2013-02-13,44.20000076293945,44.279998779296875,44.06999969482422,44.16999816894531,32.91630172729492,32068400
2013-02-14,44.0,44.209999084472656,43.939998626708984,44.150001525878906,32.90139389038086,28975200
2013-02-15,44.189998626708984,44.209999084472656,43.959999084472656,43.9900016784668,32.782161712646484,42285100
2013-02-19,44.029998779296875,44.220001220703125,44.029998779296875,44.08000183105469,32.849239349365234,55626600
2013-02-20,44.279998779296875,44.279998779296875,43.650001525878906,43.689998626708984,32.558597564697266,47496700
2013-02-21,43.34000015258789,43.36000061035156,42.880001068115234,43.09000015258789,32.11146545410156,78468500
2013-02-22,43.380001068115234,43.380001068115234,43.099998474121094,43.279998779296875,32.25305938720703,73001800
2013-02-25,43.630001068115234,43.66999816894531,42.59000015258789,42.70000076293945,31.82082176208496,81527900
2013-02-26,42.939998626708984,43.06999969482422,42.65999984741211,42.939998626708984,31.99968910217285,69633700
2013-02-27,42.95000076293945,43.459999084472656,42.91999816894531,43.40999984741211,32.34993362426758,45986600
2013-02-28,43.38999938964844,43.47999954223633,43.16999816894531,43.209999084472656,32.20088577270508,43961100
2013-03-01,43.06999969482422,43.349998474121094,42.900001525878906,43.310001373291016,32.27540969848633,52273200
2013-03-04,42.83000183105469,42.959999084472656,42.66999816894531,42.900001525878906,31.96987533569336,43730400
2013-03-05,43.34000015258789,43.63999938964844,43.310001373291016,43.41999816894531,32.357391357421875,49300100
2013-03-06,43.630001068115234,43.709999084472656,43.4900016784668,43.630001068115234,32.51388931274414,42439500
2013-03-07,43.63999938964844,43.79999923706055,43.58000183105469,43.75,32.60331344604492,44079200
2013-03-08,44.029998779296875,44.22999954223633,43.83000183105469,44.130001068115234,32.88650131225586,61841100
2013-03-11,43.93000030517578,43.939998626708984,43.7599983215332,43.88999938964844,32.7076416015625,44046200
2013-03-12,43.66999816894531,43.72999954223633,43.290000915527344,43.38999938964844,32.33503341674805,50934700
2013-03-13,43.310001373291016,43.31999969482422,42.95000076293945,42.97999954223633,32.02949523925781,80500000
2013-03-14,43.130001068115234,43.279998779296875,43.099998474121094,43.15999984741211,32.163631439208984,40119600
2013-03-15,42.91999816894531,42.970001220703125,42.72999954223633,42.77000045776367,31.87299346923828,61240400
2013-03-18,42.279998779296875,42.52000045776367,42.2400016784668,42.290000915527344,31.515291213989258,69344000
2013-03-19,42.31999969482422,42.34000015258789,41.720001220703125,41.9900016784668,31.291732788085938,81729400
2013-03-20,42.310001373291016,42.40999984741211,42.20000076293945,42.22999954223633,31.4705810546875,53647100
2013-03-21,42.02000045776367,42.09000015258789,41.75,41.79999923706055,31.150135040283203,50647800
2013-03-22,41.900001525878906,42.0099983215332,41.79999923706055,41.959999084472656,31.269371032714844,41763400
2013-03-25,42.2400016784668,42.29999923706055,41.75,41.91999816894531,31.239553451538086,46751300
2013-03-26,42.290000915527344,42.540000915527344,42.279998779296875,42.52000045776367,31.68669891357422,55547100
2013-03-27,42.25,42.689998626708984,42.130001068115234,42.68000030517578,31.80592918395996,42991800
2013-03-28,42.560001373291016,42.779998779296875,42.470001220703125,42.77000045776367,31.87299346923828,43219200
2013-04-01,42.720001220703125,42.7400016784668,42.22999954223633,42.310001373291016,31.530193328857422,48386600
2013-04-02,42.540000915527344,42.540000915527344,42.27000045776367,42.33000183105469,31.545103073120117,39392900
2013-04-03,42.27000045776367,42.34000015258789,41.7400016784668,41.83000183105469,31.1724853515625,66774600
2013-04-04,41.790000915527344,41.880001068115234,41.470001220703125,41.709999084472656,31.08306884765625,72963600
2013-04-05,40.9900016784668,41.7599983215332,40.91999816894531,41.61000061035156,31.008544921875,93360600
2013-04-08,41.45000076293945,41.7400016784668,41.34000015258789,41.68000030517578,31.060707092285156,46406900
2013-04-09,41.7400016784668,42.36000061035156,41.630001068115234,42.09000015258789,31.36625099182129,77324700
2013-04-10,42.38999938964844,42.790000915527344,42.349998474121094,42.4900016784668,31.664344787597656,49605200
2013-04-11,42.560001373291016,42.63999938964844,42.38999938964844,42.529998779296875,31.694143295288086,46004700
2013-04-12,42.06999969482422,42.11000061035156,41.54999923706055,41.880001068115234,31.209753036499023,109321200
2013-04-15,41.5099983215332,41.52000045776367,40.81999969482422,40.86000061035156,30.449621200561523,69582100
2013-04-16,41.689998626708984,41.79999923706055,41.369998931884766,41.70000076293945,31.07560920715332,51188300
2013-04-17,41.349998474121094,41.349998474121094,40.7599983215332,41.040000915527344,30.583768844604492,87858500
2013-04-18,41.290000915527344,41.31999969482422,40.869998931884766,41.040000915527344,30.583768844604492,47811900
2013-04-19,41.61000061035156,41.72999954223633,41.470001220703125,41.63999938964844,31.0308895111084,50232400
2013-04-22,41.779998779296875,41.84000015258789,41.47999954223633,41.84000015258789,31.179946899414062,33583200
2013-04-23,41.7599983215332,42.130001068115234,41.689998626708984,42.040000915527344,31.32899284362793,64692700
2013-04-24,42.119998931884766,42.45000076293945,42.11000061035156,42.290000915527344,31.515291213989258,51542700
2013-04-25,42.52000045776367,42.83000183105469,42.439998626708984,42.66999816894531,31.798473358154297,41501800
2013-04-26,42.45000076293945,42.5099983215332,42.099998474121094,42.2400016784668,31.478038787841797,51739700
2013-04-29,42.619998931884766,42.83000183105469,42.439998626708984,42.68000030517578,31.80592918395996,43874800
2013-04-30,42.83000183105469,43.40999984741211,42.650001525878906,43.290000915527344,32.2605094909668,80948900
2013-05-01,43.220001220703125,43.2400016784668,42.68000030517578,42.81999969482422,31.910261154174805,64532800
2013-05-02,43.0,43.18000030517578,42.88999938964844,43.15999984741211,32.163631439208984,46989800
2013-05-03,43.40999984741211,43.77000045776367,43.36000061035156,43.52000045776367,32.431922912597656,57682900
2013-05-06,43.52000045776367,43.61000061035156,43.38999938964844,43.58000183105469,32.476627349853516,31402200
2013-05-07,43.75,43.970001220703125,43.630001068115234,43.88999938964844,32.7076416015625,38932900
2013-05-08,44.06999969482422,44.27000045776367,44.040000915527344,44.22999954223633,32.96101379394531,47973100
2013-05-09,44.150001525878906,44.189998626708984,43.689998626708984,43.90999984741211,32.7225456237793,40290500
2013-05-10,43.619998931884766,43.68000030517578,43.369998931884766,43.56999969482422,32.46916961669922,44867100
2013-05-13,43.310001373291016,43.34000015258789,43.130001068115234,43.16999816894531,32.171077728271484,51315300
2013-05-14,43.34000015258789,43.560001373291016,43.279998779296875,43.369998931884766,32.32013702392578,39457200
2013-05-15,43.27000045776367,43.45000076293945,43.15999984741211,43.380001068115234,32.32758712768555,54677500
2013-05-16,43.380001068115234,43.540000915527344,43.220001220703125,43.22999954223633,32.21580123901367,34833500
2013-05-17,43.33000183105469,43.47999954223633,43.25,43.41999816894531,32.357391357421875,37786100
2013-05-20,43.40999984741211,43.58000183105469,43.290000915527344,43.529998779296875,32.43936538696289,33022100
2013-05-21,43.45000076293945,43.650001525878906,43.15999984741211,43.439998626708984,32.372283935546875,39757800
2013-05-22,43.560001373291016,43.959999084472656,42.79999923706055,42.959999084472656,32.01458740234375,95248900
2013-05-23,42.279998779296875,42.68000030517578,42.060001373291016,42.63999938964844,31.776119232177734,84326400
2013-05-24,42.27000045776367,42.29999923706055,42.029998779296875,42.27000045776367,31.50038719177246,70236100
2013-05-28,42.779998779296875,42.869998931884766,42.459999084472656,42.5,31.671783447265625,51418200
2013-05-29,42.220001220703125,42.290000915527344,41.93000030517578,41.959999084472656,31.269371032714844,71460900
2013-05-30,41.900001525878906,42.2400016784668,41.869998931884766,41.959999084472656,31.269371032714844,57619400
2013-05-31,41.619998931884766,41.68000030517578,41.13999938964844,41.20000076293945,30.703004837036133,109498200
2013-06-03,41.400001525878906,41.95000076293945,41.11000061035156,41.810001373291016,31.1575984954834,103868200
2013-06-04,41.790000915527344,41.83000183105469,41.18000030517578,41.29999923706055,30.77751922607422,61790500
2013-06-05,41.209999084472656,41.279998779296875,40.529998779296875,40.560001373291016,30.226070404052734,88096500
2013-06-06,40.5,40.939998626708984,40.38999938964844,40.900001525878906,30.479434967041016,79388500
2013-06-07,40.66999816894531,40.970001220703125,40.43000030517578,40.689998626708984,30.32294273376465,83416900
2013-06-10,40.33000183105469,40.33000183105469,39.9900016784668,40.13999938964844,29.913070678710938,94653100
2013-06-11,39.31999969482422,39.66999816894531,39.189998626708984,39.380001068115234,29.346708297729492,91969100
2013-06-12,39.70000076293945,39.720001220703125,39.02000045776367,39.11000061035156,29.1455020904541,110462700
2013-06-13,39.09000015258789,39.95000076293945,39.029998779296875,39.939998626708984,29.764020919799805,109955800
2013-06-14,39.810001373291016,39.900001525878906,39.20000076293945,39.310001373291016,29.29454231262207,101834900
2013-06-17,39.75,39.93000030517578,39.43000030517578,39.66999816894531,29.562820434570312,59802800
2013-06-18,39.56999969482422,39.869998931884766,39.470001220703125,39.84000015258789,29.68950080871582,57237000
2013-06-19,39.540000915527344,39.720001220703125,38.540000915527344,38.61000061035156,28.772890090942383,106460000
2013-06-20,37.689998626708984,37.689998626708984,36.43000030517578,36.880001068115234,27.483661651611328,151378100
2013-06-21,37.400001525878906,37.63999938964844,36.779998779296875,37.40999984741211,27.87862205505371,122377400
2013-06-24,36.4900016784668,37.040000915527344,36.15999984741211,36.650001525878906,27.31226348876953,105810400
2013-06-25,37.279998779296875,37.470001220703125,36.880001068115234,37.43000030517578,27.89352798461914,81147700
2013-06-26,37.720001220703125,38.16999816894531,37.709999084472656,38.02000045776367,28.333219528198242,79737000
2013-06-27,37.97999954223633,38.34000015258789,37.970001220703125,38.279998779296875,28.90172576904297,95787800
2013-06-28,37.9900016784668,38.599998474121094,37.93000030517578,38.5,29.067832946777344,92251600
2013-07-01,38.68000030517578,38.880001068115234,38.470001220703125,38.619998931884766,29.15843391418457,64188900
2013-07-02,38.52000045776367,38.779998779296875,37.689998626708984,37.93000030517578,28.63747787475586,91594600
2013-07-03,37.400001525878906,37.90999984741211,37.36000061035156,37.58000183105469,28.37322425842285,51565400
2013-07-05,37.63999938964844,37.689998626708984,36.97999954223633,37.34000015258789,28.192020416259766,94284700
2013-07-08,37.34000015258789,37.68000030517578,37.279998779296875,37.38999938964844,28.22977066040039,63868900
2013-07-09,37.79999923706055,37.93000030517578,37.52000045776367,37.880001068115234,28.59972381591797,68925700
2013-07-10,37.70000076293945,37.95000076293945,37.47999954223633,37.52000045776367,28.32792854309082,72780900
2013-07-11,38.90999984741211,39.38999938964844,38.709999084472656,39.36000061035156,29.717144012451172,99047500
2013-07-12,38.91999816894531,39.0099983215332,38.75,38.939998626708984,29.400039672851562,48446100
2013-07-15,39.150001525878906,39.54999923706055,39.130001068115234,39.34000015258789,29.702037811279297,78940600
2013-07-16,39.439998626708984,39.540000915527344,39.150001525878906,39.5,29.822847366333008,59925000
2013-07-17,39.83000183105469,39.900001525878906,39.689998626708984,39.86000061035156,30.094646453857422,64775200
2013-07-18,39.61000061035156,39.72999954223633,39.33000183105469,39.38999938964844,29.739788055419922,63396800
2013-07-19,39.33000183105469,39.34000015258789,39.130001068115234,39.279998779296875,29.656734466552734,56381200
2013-07-22,39.380001068115234,39.7400016784668,39.22999954223633,39.66999816894531,29.951187133789062,60947300
2013-07-23,40.04999923706055,40.2400016784668,39.93000030517578,40.099998474121094,30.27585220336914,69873900
2013-07-24,40.099998474121094,40.11000061035156,39.45000076293945,39.689998626708984,29.966283798217773,73854100
2013-07-25,39.560001373291016,39.959999084472656,39.540000915527344,39.91999816894531,30.13994026184082,45387700
2013-07-26,39.70000076293945,39.880001068115234,39.400001525878906,39.83000183105469,30.071992874145508,37847700
2013-07-29,39.5099983215332,39.560001373291016,39.310001373291016,39.33000183105469,29.694486618041992,50232900
2013-07-30,39.5099983215332,39.540000915527344,39.15999984741211,39.2400016784668,29.62653923034668,38655400
2013-07-31,38.93000030517578,39.47999954223633,38.7599983215332,39.0099983215332,29.452882766723633,81129000
2013-08-01,39.43000030517578,39.86000061035156,39.349998474121094,39.720001220703125,29.988937377929688,81917200
2013-08-02,39.61000061035156,39.939998626708984,39.58000183105469,39.709999084472656,29.98138427734375,46528200
2013-08-05,39.58000183105469,39.59000015258789,39.29999923706055,39.459999084472656,29.792638778686523,41164800
2013-08-06,39.29999923706055,39.29999923706055,38.869998931884766,38.959999084472656,29.415142059326172,51415100
2013-08-07,38.59000015258789,38.7599983215332,38.5099983215332,38.540000915527344,29.09803581237793,54242300
2013-08-08,38.970001220703125,39.45000076293945,38.720001220703125,39.279998779296875,29.656734466552734,75526500
2013-08-09,39.290000915527344,39.59000015258789,39.279998779296875,39.36000061035156,29.717144012451172,56199400
2013-08-12,39.52000045776367,39.880001068115234,39.52000045776367,39.72999954223633,29.996496200561523,61381800
2013-08-13,39.97999954223633,40.09000015258789,39.77000045776367,39.970001220703125,30.177692413330078,61264100
2013-08-14,40.130001068115234,40.20000076293945,40.040000915527344,40.099998474121094,30.27585220336914,48288100
2013-08-15,39.59000015258789,39.720001220703125,39.220001220703125,39.63999938964844,29.928544998168945,59751700
2013-08-16,39.66999816894531,39.7400016784668,39.25,39.29999923706055,29.67184066772461,72806300
2013-08-19,38.9900016784668,39.029998779296875,38.540000915527344,38.560001373291016,29.113140106201172,53829000
2013-08-20,38.369998931884766,38.72999954223633,38.349998474121094,38.4900016784668,29.060285568237305,53697600
2013-08-21,38.029998779296875,38.08000183105469,37.5099983215332,37.59000015258789,28.380769729614258,108745800
2013-08-22,38.0099983215332,38.279998779296875,37.97999954223633,38.20000076293945,28.84132957458496,57470900
2013-08-23,38.5,38.720001220703125,38.27000045776367,38.650001525878906,29.181081771850586,57345100
2013-08-26,38.70000076293945,38.72999954223633,38.15999984741211,38.22999954223633,28.863981246948242,42254600
2013-08-27,37.599998474121094,37.66999816894531,37.27000045776367,37.349998474121094,28.199569702148438,89367100
2013-08-28,37.290000915527344,37.790000915527344,37.16999816894531,37.43000030517578,28.259967803955078,69409900
2013-08-29,37.869998931884766,38.15999984741211,37.63999938964844,37.72999954223633,28.486469268798828,63988700
2013-08-30,38.16999816894531,38.189998626708984,37.7400016784668,38.02000045776367,28.705440521240234,104219900
2013-09-03,38.56999969482422,38.709999084472656,38.16999816894531,38.2599983215332,28.886627197265625,62694800
2013-09-04,38.47999954223633,38.95000076293945,38.400001525878906,38.939998626708984,29.400039672851562,60083400
2013-09-05,38.970001220703125,39.5,38.91999816894531,39.400001525878906,29.747346878051758,59046600
2013-09-06,39.95000076293945,40.13999938964844,39.5099983215332,39.97999954223633,30.185232162475586,75420400
2013-09-09,40.380001068115234,41.11000061035156,40.349998474121094,41.029998779296875,30.978008270263672,116120500
2013-09-10,41.27000045776367,41.43000030517578,41.150001525878906,41.34000015258789,31.212060928344727,80651200
2013-09-11,41.18000030517578,41.5,41.099998474121094,41.369998931884766,31.234712600708008,73495900
2013-09-12,41.220001220703125,41.2599983215332,40.880001068115234,40.88999938964844,30.872304916381836,58460500
2013-09-13,40.959999084472656,41.209999084472656,40.869998931884766,41.15999984741211,31.07615852355957,44927100
2013-09-16,41.869998931884766,41.900001525878906,41.52000045776367,41.619998931884766,31.423452377319336,68924400
2013-09-17,41.630001068115234,41.70000076293945,41.45000076293945,41.529998779296875,31.355504989624023,46999400
2013-09-18,41.40999984741211,43.31999969482422,41.22999954223633,43.27000045776367,32.66923141479492,113370100
2013-09-19,43.130001068115234,43.16999816894531,42.779998779296875,43.040000915527344,32.49555969238281,100087700
2013-09-20,42.84000015258789,42.84000015258789,42.0099983215332,42.08000183105469,31.77076530456543,77275200
2013-09-23,42.13999938964844,42.380001068115234,42.06999969482422,42.22999954223633,31.884017944335938,61143000
2013-09-24,42.06999969482422,42.16999816894531,41.790000915527344,41.869998931884766,31.612213134765625,43438700
2013-09-25,41.869998931884766,41.900001525878906,41.5,41.54999923706055,31.370609283447266,56353100
2013-09-26,41.790000915527344,41.939998626708984,41.4900016784668,41.720001220703125,31.498960494995117,54419200
2013-09-27,41.38999938964844,41.470001220703125,41.11000061035156,41.22999954223633,31.12900733947754,69028500
2013-09-30,40.59000015258789,40.91999816894531,40.4900016784668,40.7599983215332,30.774147033691406,93884500
2013-10-01,41.040000915527344,41.59000015258789,41.0099983215332,41.56999969482422,31.385711669921875,62524700
2013-10-02,41.369998931884766,41.75,41.22999954223633,41.72999954223633,31.506505966186523,46985900
2013-10-03,41.93000030517578,42.02000045776367,41.27000045776367,41.56999969482422,31.385711669921875,51161500
2013-10-04,41.66999816894531,42.150001525878906,41.599998474121094,42.11000061035156,31.793420791625977,36780900
2013-10-07,41.560001373291016,41.93000030517578,41.52000045776367,41.75,31.5216121673584,51699900
2013-10-08,41.900001525878906,41.959999084472656,41.310001373291016,41.349998474121094,31.219615936279297,66218200
2013-10-09,41.63999938964844,41.84000015258789,41.310001373291016,41.65999984741211,31.45366859436035,67258400
2013-10-10,42.18000030517578,42.720001220703125,42.150001525878906,42.63999938964844,32.19357681274414,99094900
2013-10-11,42.459999084472656,42.880001068115234,42.38999938964844,42.83000183105469,32.33701705932617,42764200
2013-10-14,42.470001220703125,43.18000030517578,42.400001525878906,43.08000183105469,32.525779724121094,43319800
2013-10-15,42.88999938964844,43.029998779296875,42.54999923706055,42.65999984741211,32.20866394042969,54388300
2013-10-16,42.869998931884766,43.16999816894531,42.79999923706055,43.0,32.46536636352539,64749400
2013-10-17,42.959999084472656,43.310001373291016,42.88999938964844,43.27000045776367,32.66923141479492,58641300
2013-10-18,43.459999084472656,43.5099983215332,43.2599983215332,43.310001373291016,32.699424743652344,55660500
2013-10-21,43.34000015258789,43.40999984741211,43.150001525878906,43.2400016784668,32.64657211303711,44243400
2013-10-22,43.54999923706055,43.90999984741211,43.4900016784668,43.65999984741211,32.96367263793945,74992500
2013-10-23,42.93000030517578,42.97999954223633,42.619998931884766,42.63999938964844,32.19357681274414,69411000
2013-10-24,42.880001068115234,42.880001068115234,42.4900016784668,42.54999923706055,32.12562561035156,57466500
2013-10-25,42.58000183105469,42.83000183105469,42.470001220703125,42.75,32.27661895751953,45414700
2013-10-28,42.810001373291016,43.06999969482422,42.77000045776367,43.0,32.46536636352539,44569400
2013-10-29,43.150001525878906,43.220001220703125,43.09000015258789,43.13999938964844,32.57107162475586,32543300
2013-10-30,43.310001373291016,43.310001373291016,42.709999084472656,42.900001525878906,32.389869689941406,55442300
2013-10-31,43.0,43.0099983215332,42.439998626708984,42.459999084472656,32.05765914916992,68089000
2013-11-01,42.619998931884766,42.709999084472656,42.209999084472656,42.47999954223633,32.07276916503906,83621600
2013-11-04,42.560001373291016,42.7599983215332,42.54999923706055,42.7400016784668,32.269065856933594,35360700
2013-11-05,42.189998626708984,42.25,41.849998474121094,41.880001068115234,31.61975860595703,73296100
2013-11-06,42.189998626708984,42.2400016784668,41.97999954223633,42.0099983215332,31.71791648864746,61350100
2013-11-07,42.09000015258789,42.11000061035156,41.15999984741211,41.25,31.14411163330078,94546100
2013-11-08,41.0099983215332,41.18000030517578,40.75,41.15999984741211,31.07615852355957,79167700
2013-11-11,41.119998931884766,41.189998626708984,40.849998474121094,40.95000076293945,30.917612075805664,58492300
2013-11-12,40.959999084472656,41.0099983215332,40.439998626708984,40.72999954223633,30.751493453979492,81455800
2013-11-13,40.34000015258789,40.88999938964844,40.31999969482422,40.79999923706055,30.80434799194336,69898800
2013-11-14,40.83000183105469,41.470001220703125,40.720001220703125,41.459999084472656,31.302661895751953,87793800
2013-11-15,41.93000030517578,42.43000030517578,41.880001068115234,42.25,31.89912223815918,94070900
2013-11-18,42.79999923706055,43.09000015258789,42.619998931884766,42.630001068115234,32.18603515625,80437300
2013-11-19,42.75,42.810001373291016,42.31999969482422,42.369998931884766,31.989723205566406,59573100
2013-11-20,42.40999984741211,42.470001220703125,41.720001220703125,41.790000915527344,31.55181121826172,62635400
2013-11-21,41.65999984741211,41.81999969482422,41.529998779296875,41.75,31.5216121673584,51401400
2013-11-22,41.779998779296875,42.099998474121094,41.70000076293945,42.04999923706055,31.748117446899414,49745300
2013-11-25,42.029998779296875,42.040000915527344,41.470001220703125,41.5099983215332,31.340408325195312,59685800
2013-11-26,41.5,41.779998779296875,41.380001068115234,41.650001525878906,31.44611358642578,37990900
2013-11-27,41.81999969482422,42.0099983215332,41.650001525878906,41.91999816894531,31.64995574951172,45419400
2013-11-29,42.2400016784668,42.459999084472656,42.15999984741211,42.349998474121094,31.974611282348633,41826600
2013-12-02,42.189998626708984,42.2599983215332,41.380001068115234,41.459999084472656,31.302661895751953,67975400
2013-12-03,41.310001373291016,41.619998931884766,41.029998779296875,41.31999969482422,31.196956634521484,108126900
2013-12-04,41.060001373291016,41.380001068115234,40.84000015258789,41.27000045776367,31.159198760986328,62378500
2013-12-05,41.150001525878906,41.40999984741211,41.0099983215332,41.029998779296875,30.978008270263672,56729300
2013-12-06,41.72999954223633,42.09000015258789,41.61000061035156,41.939998626708984,31.665063858032227,75512400
2013-12-09,42.060001373291016,42.2400016784668,41.959999084472656,42.0,31.710357666015625,56365100
2013-12-10,41.790000915527344,42.060001373291016,41.779998779296875,42.02000045776367,31.72545623779297,44343900
2013-12-11,41.709999084472656,41.709999084472656,41.040000915527344,41.09000015258789,31.023303985595703,74628400
2013-12-12,40.91999816894531,41.0,40.66999816894531,40.849998474121094,30.842103958129883,62076500
2013-12-13,40.97999954223633,41.04999923706055,40.779998779296875,40.95000076293945,30.917612075805664,62277400
2013-12-16,41.20000076293945,41.5099983215332,41.15999984741211,41.220001220703125,31.1214599609375,59551600
2013-12-17,41.16999816894531,41.16999816894531,40.83000183105469,40.86000061035156,30.849645614624023,53390900
2013-12-18,40.77000045776367,41.68000030517578,40.13999938964844,41.29999923706055,31.463687896728516,107981900
2013-12-19,40.58000183105469,40.70000076293945,40.220001220703125,40.540000915527344,30.884689331054688,70838100
2013-12-20,40.540000915527344,40.75,40.439998626708984,40.47999954223633,30.838987350463867,86690800
2013-12-23,40.810001373291016,40.970001220703125,40.70000076293945,40.779998779296875,31.067543029785156,56621800
2013-12-24,40.970001220703125,41.08000183105469,40.939998626708984,41.02000045776367,31.250375747680664,18409100
2013-12-26,40.849998474121094,40.90999984741211,40.650001525878906,40.66999816894531,30.98373031616211,24739900
2013-12-27,41.09000015258789,41.310001373291016,41.029998779296875,41.29999923706055,31.463687896728516,35691100
2013-12-30,41.36000061035156,41.540000915527344,41.310001373291016,41.47999954223633,31.600818634033203,39861800
2013-12-31,41.58000183105469,41.849998474121094,41.5,41.79999923706055,31.844623565673828,38839400
2014-01-02,41.0,41.0099983215332,40.150001525878906,40.189998626708984,30.618051528930664,138488400
2014-01-03,40.38999938964844,40.400001525878906,39.939998626708984,40.119998931884766,30.56472396850586,83579700
2014-01-06,39.959999084472656,39.959999084472656,39.72999954223633,39.7400016784668,30.275236129760742,55735100
2014-01-07,39.95000076293945,40.09000015258789,39.790000915527344,39.90999984741211,30.40473175048828,57341500
2014-01-08,39.970001220703125,40.0099983215332,39.65999984741211,39.779998779296875,30.305706024169922,63182600
2014-01-09,39.650001525878906,39.720001220703125,39.2599983215332,39.56999969482422,30.145709991455078,74405200
2014-01-10,39.79999923706055,40.41999816894531,39.790000915527344,40.27000045776367,30.678998947143555,110244200
2014-01-13,40.349998474121094,40.400001525878906,39.68000030517578,39.790000915527344,30.313318252563477,62209500
2014-01-14,40.0099983215332,40.34000015258789,39.83000183105469,40.220001220703125,30.64091682434082,75830700
2014-01-15,40.189998626708984,40.310001373291016,40.119998931884766,40.209999084472656,30.6332950592041,47361900
2014-01-16,40.15999984741211,40.2599983215332,39.900001525878906,39.9900016784668,30.46567726135254,56673900
2014-01-17,39.970001220703125,39.97999954223633,39.7400016784668,39.790000915527344,30.313318252563477,61288200
2014-01-21,40.0,40.04999923706055,39.560001373291016,39.72999954223633,30.26761245727539,46683100
2014-01-22,40.060001373291016,40.27000045776367,39.880001068115234,40.2599983215332,30.6713809967041,56188400
2014-01-23,39.77000045776367,39.77000045776367,38.9900016784668,39.27000045776367,29.917163848876953,109930400
2014-01-24,38.75,38.779998779296875,38.20000076293945,38.2400016784668,29.132482528686523,127153900
2014-01-27,38.290000915527344,38.369998931884766,37.77000045776367,38.09000015258789,29.018207550048828,118532300
2014-01-28,38.34000015258789,38.5,38.20000076293945,38.33000183105469,29.2010440826416,86568700
2014-01-29,37.83000183105469,38.20000076293945,37.59000015258789,37.779998779296875,28.782033920288086,142219100
2014-01-30,38.31999969482422,38.40999984741211,37.9900016784668,38.130001068115234,29.048675537109375,84660600
2014-01-31,37.68000030517578,38.27000045776367,37.58000183105469,38.189998626708984,29.09438705444336,102329500
2014-02-03,37.86000061035156,37.91999816894531,37.04999923706055,37.11000061035156,28.271608352661133,123117200
2014-02-04,37.720001220703125,38.09000015258789,37.619998931884766,37.86000061035156,28.842985153198242,138955500
2014-02-05,37.70000076293945,37.959999084472656,37.45000076293945,37.720001220703125,28.73633575439453,86064900
2014-02-06,37.9900016784668,38.56999969482422,37.9900016784668,38.5099983215332,29.338171005249023,99403100
2014-02-07,38.810001373291016,38.91999816894531,38.52000045776367,38.72999954223633,29.505779266357422,80356700
2014-02-10,38.560001373291016,38.59000015258789,38.130001068115234,38.29999923706055,29.178192138671875,68839500
2014-02-11,38.5099983215332,39.220001220703125,38.5,39.130001068115234,29.810504913330078,93164800
2014-02-12,39.38999938964844,39.58000183105469,39.02000045776367,39.13999938964844,29.81813621520996,68705700
2014-02-13,38.56999969482422,39.209999084472656,38.56999969482422,39.18000030517578,29.848600387573242,50414900
2014-02-14,39.45000076293945,39.869998931884766,39.380001068115234,39.65999984741211,30.214279174804688,69806400
2014-02-18,39.63999938964844,39.720001220703125,39.27000045776367,39.290000915527344,29.93240737915039,69542600
2014-02-19,39.13999938964844,39.459999084472656,38.93000030517578,39.02000045776367,29.726707458496094,101924800
2014-02-20,38.97999954223633,39.25,38.7400016784668,39.15999984741211,29.833370208740234,71686300
2014-02-21,39.369998931884766,39.59000015258789,39.279998779296875,39.43000030517578,30.0390625,66907700
2014-02-24,39.38999938964844,39.779998779296875,39.34000015258789,39.43000030517578,30.0390625,58971200
2014-02-25,39.349998474121094,39.439998626708984,38.869998931884766,38.97999954223633,29.696237564086914,77028600
2014-02-26,39.20000076293945,39.279998779296875,38.849998474121094,39.0099983215332,29.719087600708008,59122600
2014-02-27,39.36000061035156,39.81999969482422,39.279998779296875,39.75,30.28284454345703,67962200
2014-02-28,39.779998779296875,39.84000015258789,39.220001220703125,39.47999954223633,30.0771484375,88240700
2014-03-03,38.720001220703125,38.939998626708984,38.4900016784668,38.779998779296875,29.543867111206055,98832200
2014-03-04,39.529998779296875,39.59000015258789,39.27000045776367,39.439998626708984,30.046676635742188,63103000
2014-03-05,39.31999969482422,39.529998779296875,39.25,39.470001220703125,30.069536209106445,42856900
2014-03-06,39.83000183105469,40.220001220703125,39.81999969482422,40.029998779296875,30.496156692504883,86027600
2014-03-07,39.849998474121094,39.869998931884766,39.279998779296875,39.52000045776367,30.10762596130371,66565600
2014-03-10,39.2599983215332,39.27000045776367,38.91999816894531,39.25,29.90193748474121,57747100
2014-03-11,39.310001373291016,39.43000030517578,38.709999084472656,38.810001373291016,29.566722869873047,72692600
2014-03-12,38.58000183105469,38.93000030517578,38.459999084472656,38.88999938964844,29.627668380737305,56882800
2014-03-13,38.97999954223633,39.0,38.029998779296875,38.189998626708984,29.09438705444336,79967400
2014-03-14,38.25,38.619998931884766,38.25,38.400001525878906,29.254377365112305,64589800
2014-03-17,38.7400016784668,38.959999084472656,38.7400016784668,38.869998931884766,29.612428665161133,57492000
2014-03-18,38.959999084472656,39.43000030517578,38.93000030517578,39.40999984741211,30.023820877075195,68135000
2014-03-19,39.130001068115234,39.310001373291016,38.400001525878906,38.56999969482422,29.38388442993164,95953000
2014-03-20,38.310001373291016,38.81999969482422,38.16999816894531,38.7400016784668,29.513402938842773,60572300
2014-03-21,39.0,39.45000076293945,38.93000030517578,38.97999954223633,29.696237564086914,86969000
2014-03-24,39.33000183105469,39.45000076293945,39.09000015258789,39.36000061035156,29.985736846923828,54328100
2014-03-25,39.7599983215332,39.959999084472656,39.63999938964844,39.810001373291016,30.32855796813965,93531000
2014-03-26,40.15999984741211,40.290000915527344,39.880001068115234,39.900001525878906,30.397109985351562,91289900
2014-03-27,40.04999923706055,40.47999954223633,40.029998779296875,40.41999816894531,30.793270111083984,73438700
2014-03-28,40.779998779296875,41.02000045776367,40.689998626708984,40.7400016784668,31.037067413330078,67464400
2014-03-31,40.9900016784668,41.25,40.970001220703125,41.0099983215332,31.242752075195312,75256100
2014-04-01,41.400001525878906,41.4900016784668,41.2400016784668,41.4900016784668,31.608434677124023,65717300
2014-04-02,41.33000183105469,41.61000061035156,41.27000045776367,41.56999969482422,31.66938591003418,44076300
2014-04-03,41.380001068115234,41.439998626708984,41.0,41.40999984741211,31.54749870300293,84659200
2014-04-04,41.849998474121094,42.130001068115234,41.2400016784668,41.29999923706055,31.463687896728516,127800700
2014-04-07,41.34000015258789,41.59000015258789,41.2400016784668,41.47999954223633,31.600818634033203,60586200
2014-04-08,42.060001373291016,42.2599983215332,41.81999969482422,41.959999084472656,31.96650505065918,107043300
2014-04-09,42.0099983215332,42.470001220703125,41.72999954223633,42.279998779296875,32.21027755737305,71617000
2014-04-10,42.27000045776367,42.41999816894531,41.779998779296875,41.83000183105469,31.867460250854492,74792500
2014-04-11,41.540000915527344,41.88999938964844,41.529998779296875,41.83000183105469,31.867460250854492,76310100
2014-04-14,41.959999084472656,41.970001220703125,41.529998779296875,41.7400016784668,31.798900604248047,44883400
2014-04-15,41.47999954223633,41.5099983215332,40.599998474121094,41.11000061035156,31.31894302368164,155302100
2014-04-16,41.310001373291016,41.66999816894531,41.209999084472656,41.630001068115234,31.715097427368164,64113100
2014-04-17,41.66999816894531,42.150001525878906,41.54999923706055,42.0099983215332,32.00459289550781,69955200
2014-04-21,41.95000076293945,41.959999084472656,41.63999938964844,41.75,31.806514739990234,29288500
2014-04-22,41.79999923706055,41.86000061035156,41.619998931884766,41.63999938964844,31.722700119018555,43060000
2014-04-23,41.439998626708984,41.459999084472656,41.099998474121094,41.34000015258789,31.49416732788086,58299300
2014-04-24,41.369998931884766,41.38999938964844,41.02000045776367,41.380001068115234,31.524633407592773,39310800
2014-04-25,40.84000015258789,40.849998474121094,40.540000915527344,40.81999969482422,31.098007202148438,72613500
2014-04-28,40.869998931884766,41.15999984741211,40.66999816894531,41.02000045776367,31.250375747680664,64020600
2014-04-29,41.279998779296875,41.56999969482422,41.2599983215332,41.40999984741211,31.54749870300293,71181600
2014-04-30,41.09000015258789,41.33000183105469,41.040000915527344,41.33000183105469,31.486549377441406,49063100
2014-05-01,41.279998779296875,41.47999954223633,41.08000183105469,41.380001068115234,31.524633407592773,31161300
2014-05-02,41.29999923706055,41.72999954223633,41.27000045776367,41.61000061035156,31.69985580444336,63037500
2014-05-05,41.31999969482422,41.41999816894531,41.20000076293945,41.380001068115234,31.524633407592773,26894600
2014-05-06,41.41999816894531,41.810001373291016,41.400001525878906,41.56999969482422,31.66938591003418,41163100
2014-05-07,41.45000076293945,41.79999923706055,41.380001068115234,41.790000915527344,31.836986541748047,43226500
2014-05-08,41.90999984741211,42.040000915527344,41.689998626708984,41.689998626708984,31.76079559326172,49820300
2014-05-09,41.72999954223633,41.83000183105469,41.560001373291016,41.619998931884766,31.707468032836914,43953000
2014-05-12,42.22999954223633,42.349998474121094,42.06999969482422,42.31999969482422,32.24074935913086,63396500
2014-05-13,42.38999938964844,42.65999984741211,42.33000183105469,42.47999954223633,32.36265182495117,53342400
2014-05-14,42.720001220703125,42.91999816894531,42.65999984741211,42.779998779296875,32.5911979675293,57544700
2014-05-15,42.720001220703125,42.72999954223633,42.22999954223633,42.380001068115234,32.28647232055664,56308800
2014-05-16,42.7400016784668,43.0,42.619998931884766,42.939998626708984,32.71309280395508,70419600
2014-05-19,42.880001068115234,43.0,42.84000015258789,42.939998626708984,32.71309280395508,32471500
2014-05-20,42.779998779296875,42.880001068115234,42.47999954223633,42.59000015258789,32.44645309448242,63707800
2014-05-21,42.81999969482422,42.939998626708984,42.790000915527344,42.91999816894531,32.69786071777344,50661300
2014-05-22,43.130001068115234,43.220001220703125,43.040000915527344,43.220001220703125,32.92641067504883,51415000
2014-05-23,43.15999984741211,43.290000915527344,43.119998931884766,43.13999938964844,32.86545944213867,55456100
2014-05-27,42.959999084472656,43.029998779296875,42.630001068115234,42.77000045776367,32.583587646484375,40155800
2014-05-28,42.9900016784668,43.11000061035156,42.84000015258789,43.02000045776367,32.77404022216797,45095400
2014-05-29,43.130001068115234,43.209999084472656,43.02000045776367,43.13999938964844,32.86545944213867,28979600
2014-05-30,42.869998931884766,42.91999816894531,42.459999084472656,42.54999923706055,32.415985107421875,72201700
2014-06-02,42.72999954223633,42.81999969482422,42.650001525878906,42.68000030517578,32.5150146484375,33550800
2014-06-03,42.72999954223633,43.040000915527344,42.720001220703125,42.91999816894531,32.69786071777344,38021700
2014-06-04,42.630001068115234,42.7599983215332,42.560001373291016,42.68000030517578,32.5150146484375,25656100
2014-06-05,43.06999969482422,43.20000076293945,42.900001525878906,43.130001068115234,32.85783767700195,41040500
2014-06-06,43.47999954223633,43.65999984741211,43.40999984741211,43.560001373291016,33.185428619384766,45429100
2014-06-09,43.5099983215332,43.779998779296875,43.5099983215332,43.720001220703125,33.30733108520508,38995600
2014-06-10,43.77000045776367,43.97999954223633,43.709999084472656,43.95000076293945,33.482540130615234,31573300
2014-06-11,43.689998626708984,43.880001068115234,43.68000030517578,43.79999923706055,33.3682746887207,44721500
2014-06-12,43.869998931884766,43.90999984741211,43.45000076293945,43.59000015258789,33.20830154418945,40265500
2014-06-13,43.439998626708984,43.650001525878906,43.349998474121094,43.61000061035156,33.22352600097656,27554000
2014-06-16,43.47999954223633,43.52000045776367,43.279998779296875,43.40999984741211,33.07115936279297,32040700
2014-06-17,43.36000061035156,43.439998626708984,43.2400016784668,43.41999816894531,33.078765869140625,35013500
2014-06-18,43.31999969482422,43.93000030517578,43.189998626708984,43.900001525878906,33.444454193115234,62131500
2014-06-19,43.7599983215332,43.84000015258789,43.52000045776367,43.650001525878906,33.25399398803711,48497900
2014-06-20,43.5,43.59000015258789,43.400001525878906,43.560001373291016,33.185428619384766,36744000
2014-06-23,43.529998779296875,43.54999923706055,43.31999969482422,43.470001220703125,33.11686325073242,27608300
2014-06-24,43.59000015258789,43.88999938964844,43.36000061035156,43.45000076293945,33.10163116455078,49441000
2014-06-25,43.130001068115234,43.2400016784668,43.0,43.20000076293945,33.17150115966797,35940200
2014-06-26,43.31999969482422,43.31999969482422,43.099998474121094,43.25,33.209896087646484,21873800
2014-06-27,43.25,43.380001068115234,43.119998931884766,43.349998474121094,33.286678314208984,21988900
2014-06-30,43.369998931884766,43.41999816894531,43.20000076293945,43.22999954223633,33.19453811645508,34343200
2014-07-01,43.54999923706055,43.68000030517578,43.529998779296875,43.63999938964844,33.509361267089844,42222400
2014-07-02,43.81999969482422,43.91999816894531,43.790000915527344,43.900001525878906,33.709007263183594,35955800
2014-07-03,43.79999923706055,44.189998626708984,43.77000045776367,44.15999984741211,33.90864181518555,26627100
2014-07-07,44.06999969482422,44.15999984741211,43.97999954223633,44.130001068115234,33.88561248779297,26962800
2014-07-08,44.099998474121094,44.130001068115234,43.84000015258789,43.93000030517578,33.732051849365234,29106700
2014-07-09,43.95000076293945,44.22999954223633,43.900001525878906,44.18000030517578,33.92399978637695,29892600
2014-07-10,43.540000915527344,43.959999084472656,43.43000030517578,43.939998626708984,33.739707946777344,43704000
2014-07-11,43.7599983215332,43.970001220703125,43.72999954223633,43.88999938964844,33.70132064819336,32082600
2014-07-14,44.150001525878906,44.2400016784668,44.06999969482422,44.22999954223633,33.962398529052734,23136700
2014-07-15,44.27000045776367,44.31999969482422,43.9900016784668,44.20000076293945,33.939361572265625,38034000
2014-07-16,44.41999816894531,44.470001220703125,44.25,44.310001373291016,34.02382278442383,26424000
2014-07-17,44.0,44.08000183105469,43.400001525878906,43.47999954223633,33.38649368286133,66994900
2014-07-18,44.099998474121094,44.2599983215332,43.939998626708984,44.15999984741211,33.90864181518555,51870700
2014-07-21,43.939998626708984,44.400001525878906,43.91999816894531,44.310001373291016,34.02382278442383,56034400
2014-07-22,44.79999923706055,44.83000183105469,44.70000076293945,44.720001220703125,34.33864212036133,43480300
2014-07-23,44.81999969482422,44.81999969482422,44.65999984741211,44.7599983215332,34.36935806274414,29647900
2014-07-24,44.81999969482422,45.0,44.77000045776367,44.959999084472656,34.52293014526367,31503700
2014-07-25,44.75,44.83000183105469,44.63999938964844,44.779998779296875,34.38471603393555,34409200
2014-07-28,44.84000015258789,45.11000061035156,44.7599983215332,45.09000015258789,34.62275314331055,38243200
2014-07-29,45.130001068115234,45.130001068115234,44.790000915527344,44.81999969482422,34.41543197631836,35722000
2014-07-30,45.0099983215332,45.04999923706055,44.38999938964844,44.599998474121094,34.24650192260742,54177600
2014-07-31,44.060001373291016,44.150001525878906,43.65999984741211,43.81999969482422,33.64757537841797,88181200
2014-08-01,43.95000076293945,44.18000030517578,43.650001525878906,44.060001373291016,33.83185958862305,108800800
2014-08-04,44.2599983215332,44.56999969482422,44.08000183105469,44.470001220703125,34.146690368652344,43918900
2014-08-05,44.02000045776367,44.13999938964844,43.650001525878906,43.790000915527344,33.62453842163086,67276000
2014-08-06,43.54999923706055,43.72999954223633,43.439998626708984,43.4900016784668,33.39418029785156,63560700
2014-08-07,43.59000015258789,43.619998931884766,43.13999938964844,43.31999969482422,33.26364517211914,77763500
2014-08-08,43.5099983215332,43.779998779296875,43.33000183105469,43.709999084472656,33.563114166259766,53612400
2014-08-11,43.91999816894531,44.310001373291016,43.88999938964844,44.27000045776367,33.99311828613281,49923100
2014-08-12,44.09000015258789,44.33000183105469,44.040000915527344,44.31999969482422,34.0315055847168,36823500
2014-08-13,44.66999816894531,44.779998779296875,44.439998626708984,44.560001373291016,34.215797424316406,49491900
2014-08-14,44.59000015258789,44.709999084472656,44.529998779296875,44.630001068115234,34.2695426940918,33152100
2014-08-15,44.72999954223633,44.83000183105469,44.279998779296875,44.5099983215332,34.17738723754883,66006100
2014-08-18,44.7400016784668,44.939998626708984,44.63999938964844,44.939998626708984,34.50758361816406,38360500
2014-08-19,44.97999954223633,45.16999816894531,44.959999084472656,45.150001525878906,34.6688232421875,33591600
2014-08-20,44.939998626708984,45.13999938964844,44.86000061035156,45.060001373291016,34.5997200012207,30889600
2014-08-21,44.959999084472656,45.040000915527344,44.810001373291016,44.869998931884766,34.45382308959961,35476300
2014-08-22,44.91999816894531,44.9900016784668,44.58000183105469,44.75,34.36168670654297,45995800
2014-08-25,44.869998931884766,45.099998474121094,44.810001373291016,45.08000183105469,34.615074157714844,31989900
2014-08-26,45.16999816894531,45.380001068115234,45.150001525878906,45.349998474121094,34.822391510009766,45918400
2014-08-27,45.439998626708984,45.58000183105469,45.34000015258789,45.58000183105469,34.9990119934082,34239100
2014-08-28,44.9900016784668,45.18000030517578,44.939998626708984,45.130001068115234,34.653480529785156,38157700
2014-08-29,45.16999816894531,45.2400016784668,45.0,45.060001373291016,34.5997200012207,39791500
2014-09-02,45.04999923706055,45.060001373291016,44.880001068115234,44.9900016784668,34.54597091674805,48129000
2014-09-03,45.75,45.790000915527344,45.5,45.58000183105469,34.9990119934082,51700200
2014-09-04,45.72999954223633,45.83000183105469,45.34000015258789,45.459999084472656,34.90686798095703,41676700
2014-09-05,45.540000915527344,45.849998474121094,45.41999816894531,45.849998474121094,35.20633316040039,53035700
2014-09-08,45.68000030517578,45.720001220703125,45.220001220703125,45.310001373291016,34.79169464111328,50222700
2014-09-09,45.040000915527344,45.13999938964844,44.560001373291016,44.75,34.36168670654297,85940600
2014-09-10,44.33000183105469,44.63999938964844,44.22999954223633,44.560001373291016,34.215797424316406,57439600
2014-09-11,44.25,44.33000183105469,44.189998626708984,44.2599983215332,33.985435485839844,70622500
2014-09-12,43.9900016784668,44.0,43.63999938964844,43.790000915527344,33.62453842163086,85785600
2014-09-15,43.65999984741211,43.709999084472656,43.439998626708984,43.56999969482422,33.45560836791992,68507800
2014-09-16,43.529998779296875,44.439998626708984,43.5,44.13999938964844,33.89328384399414,97318600
2014-09-17,44.20000076293945,44.27000045776367,43.720001220703125,43.72999954223633,33.57847213745117,76121700
2014-09-18,43.869998931884766,43.95000076293945,43.72999954223633,43.790000915527344,33.62453842163086,50513900
2014-09-19,43.91999816894531,43.970001220703125,43.349998474121094,43.459999084472656,33.371150970458984,88033100
2014-09-22,43.08000183105469,43.130001068115234,42.61000061035156,42.79999923706055,32.864356994628906,83094000
2014-09-23,42.70000076293945,42.900001525878906,42.5,42.560001373291016,32.68006896972656,82990700
2014-09-24,42.869998931884766,43.2599983215332,42.65999984741211,43.16999816894531,33.14846420288086,55218900
2014-09-25,42.5099983215332,42.529998779296875,42.119998931884766,42.22999954223633,32.42667770385742,68810700
2014-09-26,42.27000045776367,42.56999969482422,42.209999084472656,42.41999816894531,32.57256317138672,54551800
2014-09-29,41.369998931884766,41.77000045776367,41.36000061035156,41.560001373291016,31.912206649780273,74208400
2014-09-30,41.45000076293945,41.63999938964844,41.36000061035156,41.560001373291016,31.912206649780273,87704500
2014-10-01,41.34000015258789,41.380001068115234,40.70000076293945,40.709999084472656,31.259532928466797,109933300
2014-10-02,40.86000061035156,41.220001220703125,40.369998931884766,40.93000030517578,31.428464889526367,92880600
2014-10-03,41.08000183105469,41.38999938964844,40.88999938964844,41.279998779296875,31.69721031188965,61010900
2014-10-06,42.119998931884766,42.15999984741211,41.810001373291016,41.81999969482422,32.11186599731445,84259600
2014-10-07,41.7599983215332,41.869998931884766,41.45000076293945,41.45000076293945,31.827743530273438,41767500
2014-10-08,41.529998779296875,42.150001525878906,41.060001373291016,42.06999969482422,32.30382537841797,90901600
2014-10-09,41.900001525878906,41.95000076293945,41.27000045776367,41.40999984741211,31.79703712463379,82942800
2014-10-10,40.959999084472656,41.099998474121094,40.470001220703125,40.5099983215332,31.1059627532959,104177200
2014-10-13,41.20000076293945,41.5,40.900001525878906,40.91999816894531,31.42078399658203,89761000
2014-10-14,41.060001373291016,41.41999816894531,40.84000015258789,41.15999984741211,31.60507583618164,71636700
2014-10-15,40.599998474121094,40.810001373291016,39.779998779296875,40.63999938964844,31.205780029296875,122284500
2014-10-16,39.70000076293945,40.720001220703125,39.68000030517578,40.27000045776367,30.921676635742188,101076200
2014-10-17,40.709999084472656,41.0,40.47999954223633,40.720001220703125,31.267213821411133,73616400
2014-10-20,40.68000030517578,40.88999938964844,40.59000015258789,40.84000015258789,31.359357833862305,50853900
2014-10-21,40.7599983215332,41.16999816894531,40.72999954223633,41.0099983215332,31.48988151550293,49877200
2014-10-22,40.959999084472656,41.040000915527344,40.599998474121094,40.7400016784668,31.282575607299805,50711600
2014-10-23,40.84000015258789,40.970001220703125,40.68000030517578,40.72999954223633,31.27488136291504,43661600
2014-10-24,40.77000045776367,41.220001220703125,40.7400016784668,41.02000045776367,31.49757194519043,43721100
2014-10-27,40.369998931884766,40.7599983215332,40.279998779296875,40.70000076293945,31.251861572265625,44793200
2014-10-28,41.189998626708984,41.63999938964844,41.18000030517578,41.52000045776367,31.881502151489258,73890500
2014-10-29,41.90999984741211,42.02000045776367,41.31999969482422,41.58000183105469,31.927568435668945,75308700
2014-10-30,41.65999984741211,42.13999938964844,41.65999984741211,41.970001220703125,32.2270393371582,54208200
2014-10-31,42.15999984741211,42.33000183105469,42.0,42.150001525878906,32.36524963378906,108786100
2014-11-03,42.0099983215332,42.040000915527344,41.70000076293945,41.79999923706055,32.09650802612305,59606600
2014-11-04,41.849998474121094,41.880001068115234,41.54999923706055,41.84000015258789,32.12721252441406,41428100
2014-11-05,41.5,41.54999923706055,41.22999954223633,41.470001220703125,31.84311294555664,48726600
2014-11-06,41.349998474121094,41.40999984741211,40.939998626708984,40.959999084472656,31.451496124267578,52054400
2014-11-07,41.08000183105469,41.279998779296875,41.0099983215332,41.220001220703125,31.651145935058594,42327500
2014-11-10,41.65999984741211,41.689998626708984,41.29999923706055,41.33000183105469,31.735607147216797,45891600
2014-11-11,41.20000076293945,41.36000061035156,41.13999938964844,41.290000915527344,31.70489501953125,28395000
2014-11-12,41.310001373291016,41.5,41.16999816894531,41.209999084472656,31.643461227416992,25122300
2014-11-13,41.38999938964844,41.40999984741211,40.9900016784668,41.099998474121094,31.558992385864258,30709800
2014-11-14,41.029998779296875,41.459999084472656,41.0,41.439998626708984,31.820070266723633,47386400
2014-11-17,41.09000015258789,41.09000015258789,40.91999816894531,41.0,31.482213973999023,38237800
2014-11-18,41.060001373291016,41.25,41.04999923706055,41.220001220703125,31.651145935058594,23114500
2014-11-19,41.09000015258789,41.36000061035156,40.90999984741211,41.20000076293945,31.635791778564453,49215300
2014-11-20,41.16999816894531,41.31999969482422,41.099998474121094,41.130001068115234,31.5820369720459,28926200
2014-11-21,42.189998626708984,42.459999084472656,41.97999954223633,42.439998626708984,32.58794021606445,111455200
2014-11-24,42.209999084472656,42.22999954223633,42.04999923706055,42.09000015258789,32.319183349609375,38061300
2014-11-25,42.15999984741211,42.20000076293945,41.790000915527344,41.81999969482422,32.11186599731445,43794300
2014-11-26,42.189998626708984,42.380001068115234,42.150001525878906,42.349998474121094,32.51882553100586,30953300
2014-11-28,41.869998931884766,41.880001068115234,41.47999954223633,41.5,31.866147994995117,49144700
2014-12-01,41.04999923706055,41.060001373291016,40.7400016784668,40.790000915527344,31.32096290588379,75105900
2014-12-02,40.90999984741211,40.95000076293945,40.7400016784668,40.779998779296875,31.31328582763672,47273300
2014-12-03,40.880001068115234,41.060001373291016,40.84000015258789,40.88999938964844,31.397750854492188,37508300
2014-12-04,41.08000183105469,41.099998474121094,40.869998931884766,40.959999084472656,31.451496124267578,31459900
2014-12-05,40.7599983215332,41.0,40.66999816894531,40.880001068115234,31.39006805419922,32496300
2014-12-08,40.61000061035156,40.619998931884766,40.220001220703125,40.279998779296875,30.92934799194336,43437900
2014-12-09,39.79999923706055,39.93000030517578,39.66999816894531,39.900001525878906,30.63756561279297,54564100
2014-12-10,39.790000915527344,39.79999923706055,39.27000045776367,39.310001373291016,30.184534072875977,55591700
2014-12-11,39.13999938964844,39.349998474121094,38.91999816894531,38.97999954223633,29.93113899230957,65853700
2014-12-12,38.900001525878906,38.90999984741211,38.33000183105469,38.34000015258789,29.439708709716797,79274600
2014-12-15,38.41999816894531,38.45000076293945,37.59000015258789,37.790000915527344,29.01738739013672,93921700
2014-12-16,37.369998931884766,38.31999969482422,37.22999954223633,37.72999954223633,28.9713077545166,117074100
2014-12-17,37.349998474121094,38.54999923706055,37.310001373291016,38.04999923706055,29.637279510498047,119530800
2014-12-18,38.630001068115234,38.869998931884766,38.310001373291016,38.56999969482422,30.04231071472168,70091400
2014-12-19,38.63999938964844,39.02000045776367,38.630001068115234,38.84000015258789,30.25261116027832,61239600
2014-12-22,39.310001373291016,39.45000076293945,39.22999954223633,39.380001068115234,30.67322540283203,47398500
2014-12-23,39.060001373291016,39.09000015258789,38.79999923706055,39.02000045776367,30.392812728881836,52339300
2014-12-24,39.09000015258789,39.15999984741211,38.91999816894531,39.11000061035156,30.462915420532227,21433900
2014-12-26,39.470001220703125,39.630001068115234,39.38999938964844,39.41999816894531,30.704374313354492,28723000
2014-12-29,39.43000030517578,39.5099983215332,39.18000030517578,39.18000030517578,30.517431259155273,38964300
2014-12-30,39.130001068115234,39.34000015258789,39.119998931884766,39.2599983215332,30.579742431640625,32332700
2014-12-31,39.470001220703125,39.4900016784668,39.209999084472656,39.290000915527344,30.603118896484375,34940700
2015-01-02,39.189998626708984,39.209999084472656,38.66999816894531,38.77000045776367,30.198091506958008,65010000
2015-01-05,38.52000045776367,38.52000045776367,38.02000045776367,38.08000183105469,29.66065216064453,83166600
2015-01-06,38.09000015258789,38.2599983215332,37.720001220703125,37.91999816894531,29.536026000976562,52066100
2015-01-07,38.56999969482422,38.77000045776367,38.439998626708984,38.7400016784668,30.174732208251953,64948700
2015-01-08,39.310001373291016,39.58000183105469,39.2599983215332,39.400001525878906,30.688798904418945,55081600
2015-01-09,39.52000045776367,39.540000915527344,39.150001525878906,39.27000045776367,30.587539672851562,38550100
2015-01-12,39.150001525878906,39.20000076293945,38.900001525878906,38.95000076293945,30.338289260864258,55381800
2015-01-13,39.45000076293945,39.650001525878906,38.970001220703125,39.290000915527344,30.603118896484375,55565600
2015-01-14,38.86000061035156,39.15999984741211,38.7599983215332,39.06999969482422,30.43175506591797,83761000
2015-01-15,39.59000015258789,39.72999954223633,39.099998474121094,39.15999984741211,30.50186538696289,57441600
2015-01-16,39.130001068115234,39.540000915527344,39.06999969482422,39.4900016784668,30.75890350341797,72675200
2015-01-20,39.40999984741211,39.459999084472656,39.220001220703125,39.43000030517578,30.712158203125,57716900
2015-01-21,39.7599983215332,40.34000015258789,39.7400016784668,40.29999923706055,31.389814376831055,74714900
2015-01-22,40.5099983215332,41.11000061035156,40.31999969482422,41.06999969482422,31.989564895629883,95318400
2015-01-23,40.81999969482422,40.959999084472656,40.7400016784668,40.7599983215332,31.74810028076172,52368100
2015-01-26,40.630001068115234,40.90999984741211,40.56999969482422,40.779998779296875,31.763687133789062,47266100
2015-01-27,40.29999923706055,40.65999984741211,40.290000915527344,40.560001373291016,31.592329025268555,42525200
2015-01-28,40.459999084472656,40.5,40.0099983215332,40.119998931884766,31.24961280822754,56698000
2015-01-29,40.06999969482422,40.150001525878906,39.720001220703125,40.119998931884766,31.24961280822754,53124400
2015-01-30,39.29999923706055,39.54999923706055,39.02000045776367,39.02000045776367,30.392812728881836,103745400
2015-02-02,39.529998779296875,39.869998931884766,39.439998626708984,39.720001220703125,30.93804359436035,50443600
2015-02-03,40.15999984741211,40.52000045776367,40.11000061035156,40.470001220703125,31.522228240966797,48552700
2015-02-04,40.41999816894531,40.63999938964844,40.209999084472656,40.27000045776367,31.366443634033203,34900700
2015-02-05,40.150001525878906,40.540000915527344,40.13999938964844,40.5099983215332,31.553380966186523,32092400
2015-02-06,39.90999984741211,40.119998931884766,39.709999084472656,39.81999969482422,31.015933990478516,64292000
2015-02-09,39.689998626708984,39.88999938964844,39.68000030517578,39.7599983215332,30.969200134277344,35632500
2015-02-10,39.630001068115234,39.720001220703125,39.5,39.65999984741211,30.89130973815918,46949400
2015-02-11,39.34000015258789,39.4900016784668,39.099998474121094,39.369998931884766,30.665422439575195,44240300
2015-02-12,39.79999923706055,40.27000045776367,39.77000045776367,40.209999084472656,31.319713592529297,55855400
2015-02-13,40.43000030517578,40.689998626708984,40.43000030517578,40.66999816894531,31.677995681762695,44640000
2015-02-17,40.54999923706055,40.599998474121094,40.2400016784668,40.58000183105469,31.607906341552734,30152800
2015-02-18,40.380001068115234,40.63999938964844,40.27000045776367,40.56999969482422,31.600114822387695,36036700
2015-02-19,40.2400016784668,40.61000061035156,40.20000076293945,40.400001525878906,31.467702865600586,38785800
2015-02-20,40.25,40.72999954223633,40.15999984741211,40.66999816894531,31.677995681762695,32542700
2015-02-23,40.41999816894531,40.459999084472656,40.16999816894531,40.2599983215332,31.358654022216797,34091700
2015-02-24,40.47999954223633,40.959999084472656,40.2599983215332,40.84000015258789,31.810422897338867,64630500
2015-02-25,40.720001220703125,40.869998931884766,40.66999816894531,40.7599983215332,31.74810028076172,28592500
2015-02-26,40.810001373291016,40.869998931884766,40.70000076293945,40.77000045776367,31.755901336669922,25889800
2015-02-27,40.689998626708984,41.0,40.689998626708984,40.7400016784668,31.732534408569336,43207600
2015-03-02,40.63999938964844,40.709999084472656,40.529998779296875,40.68000030517578,31.685789108276367,36669900
2015-03-03,40.439998626708984,40.4900016784668,40.349998474121094,40.369998931884766,31.444332122802734,40406100
2015-03-04,40.04999923706055,40.06999969482422,39.7599983215332,39.93000030517578,31.10161590576172,51564400
2015-03-05,40.0,40.06999969482422,39.7400016784668,39.869998931884766,31.054885864257812,33714000
2015-03-06,39.540000915527344,39.619998931884766,39.16999816894531,39.2599983215332,30.579742431640625,72516900
2015-03-09,39.2400016784668,39.27000045776367,39.11000061035156,39.11000061035156,30.462915420532227,34915600
2015-03-10,38.52000045776367,38.54999923706055,38.220001220703125,38.2400016784668,29.7852725982666,84229600
2015-03-11,38.470001220703125,38.599998474121094,38.36000061035156,38.529998779296875,30.011154174804688,47978700
2015-03-12,39.040000915527344,39.08000183105469,38.709999084472656,38.77000045776367,30.198091506958008,46829700
2015-03-13,38.470001220703125,38.470001220703125,38.06999969482422,38.29999923706055,29.832002639770508,69885200
2015-03-16,38.68000030517578,38.79999923706055,38.599998474121094,38.7599983215332,30.190296173095703,50569900
2015-03-17,38.79999923706055,39.22999954223633,38.7599983215332,39.209999084472656,30.540809631347656,53697700
2015-03-18,39.119998931884766,40.29999923706055,39.040000915527344,40.16999816894531,31.28855323791504,101688200
2015-03-19,39.79999923706055,39.810001373291016,39.369998931884766,39.4900016784668,30.75890350341797,64499900
2015-03-20,39.869998931884766,40.16999816894531,39.84000015258789,40.08000183105469,31.218454360961914,67345300
2015-03-23,40.15999984741211,40.27000045776367,40.0,40.20000076293945,31.311920166015625,35502700
2015-03-24,40.25,40.380001068115234,40.20000076293945,40.36000061035156,31.436540603637695,45280300
2015-03-25,40.349998474121094,40.38999938964844,39.689998626708984,39.720001220703125,30.93804359436035,49779900
2015-03-26,39.529998779296875,39.56999969482422,39.189998626708984,39.349998474121094,30.649845123291016,76980100
2015-03-27,39.36000061035156,39.5,39.279998779296875,39.459999084472656,30.735525131225586,42212000
2015-03-30,39.91999816894531,40.29999923706055,39.900001525878906,40.220001220703125,31.327503204345703,51535700
2015-03-31,39.970001220703125,40.189998626708984,39.849998474121094,40.130001068115234,31.257410049438477,47508800
2015-04-01,40.45000076293945,40.68000030517578,40.36000061035156,40.630001068115234,31.646841049194336,56392700
2015-04-02,40.97999954223633,41.34000015258789,40.900001525878906,41.2400016784668,32.12198257446289,62389200
2015-04-06,41.630001068115234,42.0,41.59000015258789,41.77000045776367,32.534793853759766,54678400
2015-04-07,41.68000030517578,41.79999923706055,41.54999923706055,41.560001373291016,32.37122344970703,33279500
2015-04-08,42.52000045776367,42.59000015258789,42.20000076293945,42.43000030517578,33.04887390136719,65023100
2015-04-09,42.68000030517578,42.869998931884766,42.529998779296875,42.849998474121094,33.376014709472656,52128800
2015-04-10,42.65999984741211,42.88999938964844,42.630001068115234,42.880001068115234,33.399383544921875,49899000
2015-04-13,42.959999084472656,43.11000061035156,42.61000061035156,42.630001068115234,33.20466613769531,55031100
2015-04-14,42.72999954223633,42.90999984741211,42.540000915527344,42.81999969482422,33.35264205932617,42601100
2015-04-15,42.810001373291016,43.13999938964844,42.72999954223633,43.119998931884766,33.58632278442383,40254700
2015-04-16,43.2400016784668,43.709999084472656,43.16999816894531,43.459999084472656,33.85114669799805,55057700
2015-04-17,42.54999923706055,42.77000045776367,42.45000076293945,42.70000076293945,33.259178161621094,76688000
2015-04-20,42.650001525878906,42.790000915527344,42.619998931884766,42.65999984741211,33.2280158996582,28811300
2015-04-21,43.02000045776367,43.11000061035156,42.88999938964844,42.90999984741211,33.42274475097656,33309100
2015-04-22,43.20000076293945,43.40999984741211,43.09000015258789,43.369998931884766,33.781044006347656,29271900
2015-04-23,43.2599983215332,43.790000915527344,43.2400016784668,43.689998626708984,34.030296325683594,32056500
2015-04-24,43.869998931884766,43.900001525878906,43.779998779296875,43.849998474121094,34.1549186706543,44030100
2015-04-27,44.02000045776367,44.119998931884766,43.93000030517578,44.02000045776367,34.28733444213867,41819300
2015-04-28,44.040000915527344,44.189998626708984,43.900001525878906,44.09000015258789,34.341861724853516,32442100
2015-04-29,43.650001525878906,43.77000045776367,43.41999816894531,43.540000915527344,33.913455963134766,45752900
2015-04-30,43.189998626708984,43.20000076293945,42.869998931884766,42.880001068115234,33.399383544921875,98330200
2015-05-01,43.09000015258789,43.2599983215332,42.869998931884766,43.13999938964844,33.60188674926758,44928900
2015-05-04,43.15999984741211,43.459999084472656,43.13999938964844,43.38999938964844,33.79662322998047,31314300
2015-05-05,43.189998626708984,43.25,42.90999984741211,42.91999816894531,33.4305419921875,38738700
2015-05-06,42.97999954223633,43.02000045776367,42.310001373291016,42.38999938964844,33.01771545410156,52439700
2015-05-07,42.13999938964844,42.34000015258789,42.060001373291016,42.33000183105469,32.97098159790039,44347000
2015-05-08,42.81999969482422,43.06999969482422,42.689998626708984,42.869998931884766,33.39158630371094,56822800
2015-05-11,42.81999969482422,42.88999938964844,42.41999816894531,42.459999084472656,33.07224655151367,34705400
2015-05-12,42.130001068115234,42.43000030517578,42.099998474121094,42.31999969482422,32.963191986083984,38432500
2015-05-13,42.709999084472656,42.790000915527344,42.369998931884766,42.400001525878906,33.025516510009766,41156700
2015-05-14,42.689998626708984,42.88999938964844,42.630001068115234,42.81999969482422,33.35264205932617,37071400
2015-05-15,42.790000915527344,43.15999984741211,42.689998626708984,43.150001525878906,33.60968780517578,40940700
2015-05-18,42.90999984741211,42.93000030517578,42.689998626708984,42.709999084472656,33.26697540283203,35675300
2015-05-19,42.810001373291016,42.84000015258789,42.70000076293945,42.779998779296875,33.32149124145508,32065300
2015-05-20,42.689998626708984,42.869998931884766,42.540000915527344,42.75,33.298118591308594,37659200
2015-05-21,42.439998626708984,42.630001068115234,42.380001068115234,42.599998474121094,33.18128204345703,27575700
2015-05-22,42.81999969482422,42.869998931884766,42.650001525878906,42.7400016784668,33.29033660888672,37907000
2015-05-26,42.470001220703125,42.47999954223633,41.93000030517578,42.060001373291016,32.76068115234375,51008600
2015-05-27,41.72999954223633,42.099998474121094,41.65999984741211,42.06999969482422,32.76847457885742,35464700
2015-05-28,41.43000030517578,41.56999969482422,41.279998779296875,41.52000045776367,32.3400764465332,42689100
2015-05-29,41.45000076293945,41.4900016784668,41.06999969482422,41.119998931884766,32.02851104736328,59462200
2015-06-01,41.13999938964844,41.15999984741211,40.869998931884766,40.959999084472656,31.903881072998047,52509700
2015-06-02,40.91999816894531,41.29999923706055,40.86000061035156,41.119998931884766,32.02851104736328,42331700
2015-06-03,40.939998626708984,41.060001373291016,40.810001373291016,40.90999984741211,31.864948272705078,39291400
2015-06-04,40.54999923706055,40.68000030517578,40.27000045776367,40.290000915527344,31.38201332092285,46637300
2015-06-05,39.97999954223633,40.310001373291016,39.90999984741211,40.11000061035156,31.24180793762207,51982800
2015-06-08,40.16999816894531,40.220001220703125,40.060001373291016,40.099998474121094,31.234037399291992,34008200
2015-06-09,39.939998626708984,39.970001220703125,39.810001373291016,39.86000061035156,31.047094345092773,33384100
2015-06-10,40.2400016784668,40.4900016784668,40.220001220703125,40.439998626708984,31.498855590820312,64828100
2015-06-11,40.34000015258789,40.349998474121094,40.130001068115234,40.2400016784668,31.343080520629883,33808000
2015-06-12,40.25,40.290000915527344,40.119998931884766,40.2400016784668,31.343080520629883,40975900
2015-06-15,39.7599983215332,39.84000015258789,39.66999816894531,39.790000915527344,30.992576599121094,34097000
2015-06-16,39.650001525878906,39.86000061035156,39.56999969482422,39.79999923706055,31.000350952148438,33605900
2015-06-17,39.810001373291016,40.27000045776367,39.58000183105469,40.040000915527344,31.187297821044922,70505900
2015-06-18,40.349998474121094,40.560001373291016,40.279998779296875,40.40999984741211,31.47548484802246,60019000
2015-06-19,40.220001220703125,40.36000061035156,40.060001373291016,40.060001373291016,31.2028751373291,55891700
2015-06-22,40.75,40.77000045776367,40.59000015258789,40.63999938964844,31.654634475708008,45009800
2015-06-23,40.79999923706055,41.060001373291016,40.790000915527344,41.040000915527344,31.96619415283203,40579100
2015-06-24,41.0,41.06999969482422,40.75,40.75,31.74031639099121,56107100
2015-06-25,40.5,40.52000045776367,40.279998779296875,40.310001373291016,31.631254196166992,33663800
2015-06-26,39.95000076293945,40.150001525878906,39.88999938964844,39.93000030517578,31.333057403564453,34721500
2015-06-29,39.290000915527344,39.439998626708984,39.029998779296875,39.040000915527344,30.634681701660156,59610800
2015-06-30,39.7400016784668,39.7599983215332,39.47999954223633,39.619998931884766,31.089797973632812,61266600
2015-07-01,39.84000015258789,39.86000061035156,39.5,39.59000015258789,31.06625747680664,38622300
2015-07-02,39.83000183105469,40.02000045776367,39.75,39.779998779296875,31.215351104736328,34085800
2015-07-06,38.720001220703125,38.939998626708984,38.52000045776367,38.66999816894531,30.344335556030273,66892500
2015-07-07,37.939998626708984,38.15999984741211,37.40999984741211,38.09000015258789,29.88921356201172,100698500
2015-07-08,37.08000183105469,37.25,36.720001220703125,36.779998779296875,28.861257553100586,93899000
2015-07-09,37.900001525878906,38.029998779296875,37.47999954223633,37.4900016784668,29.418392181396484,72889000
2015-07-10,38.43000030517578,38.56999969482422,38.189998626708984,38.439998626708984,30.163848876953125,64726600
2015-07-13,38.689998626708984,38.790000915527344,38.599998474121094,38.70000076293945,30.367883682250977,43846200
2015-07-14,38.52000045776367,38.79999923706055,38.47999954223633,38.77000045776367,30.422801971435547,30252200
2015-07-15,38.529998779296875,38.560001373291016,38.290000915527344,38.33000183105469,30.077537536621094,44039400
2015-07-16,38.7599983215332,38.869998931884766,38.650001525878906,38.810001373291016,30.454195022583008,36217600
2015-07-17,38.869998931884766,38.880001068115234,38.689998626708984,38.7599983215332,30.414962768554688,35714800
2015-07-20,38.38999938964844,38.59000015258789,38.220001220703125,38.5099983215332,30.218786239624023,31707000
2015-07-21,38.68000030517578,38.709999084472656,38.4900016784668,38.52000045776367,30.22662925720215,27625400
2015-07-22,38.20000076293945,38.209999084472656,37.93000030517578,37.970001220703125,29.795047760009766,39326800
2015-07-23,37.95000076293945,37.97999954223633,37.56999969482422,37.599998474121094,29.50470542907715,42787700
2015-07-24,37.290000915527344,37.29999923706055,36.869998931884766,37.060001373291016,29.080968856811523,55194200
2015-07-27,36.439998626708984,36.58000183105469,36.27000045776367,36.36000061035156,28.531688690185547,73051800
2015-07-28,36.63999938964844,36.7599983215332,36.400001525878906,36.72999954223633,28.822021484375,49701300
2015-07-29,36.81999969482422,37.25,36.709999084472656,37.09000015258789,29.104507446289062,61119900
2015-07-30,36.68000030517578,36.790000915527344,36.4900016784668,36.720001220703125,28.814176559448242,44051400
2015-07-31,37.06999969482422,37.2599983215332,36.970001220703125,37.119998931884766,29.128047943115234,85020500
2015-08-03,36.66999816894531,36.70000076293945,36.36000061035156,36.5,28.641536712646484,45674700
2015-08-04,36.810001373291016,36.93000030517578,36.52000045776367,36.630001068115234,28.74355125427246,38618400
2015-08-05,36.97999954223633,37.0099983215332,36.56999969482422,36.63999938964844,28.751392364501953,30785300
2015-08-06,36.45000076293945,36.470001220703125,36.220001220703125,36.31999969482422,28.500295639038086,42182300
2015-08-07,36.31999969482422,36.459999084472656,36.220001220703125,36.29999923706055,28.48459815979004,37027200
2015-08-10,36.52000045776367,36.9900016784668,36.47999954223633,36.90999984741211,28.96326446533203,43071900
2015-08-11,36.040000915527344,36.150001525878906,35.779998779296875,36.099998474121094,28.327651977539062,58642500
2015-08-12,35.45000076293945,35.54999923706055,35.25,35.540000915527344,27.888227462768555,64540000
2015-08-13,35.54999923706055,35.709999084472656,35.41999816894531,35.47999954223633,27.841140747070312,58165600
2015-08-14,35.56999969482422,35.68000030517578,35.4900016784668,35.529998779296875,27.880380630493164,35715200
2015-08-17,35.02000045776367,35.18000030517578,34.95000076293945,35.13999938964844,27.5743465423584,42609500
2015-08-18,34.75,34.849998474121094,34.63999938964844,34.7599983215332,27.276159286499023,42639500
2015-08-19,34.5,34.68000030517578,34.04999923706055,34.33000183105469,26.938743591308594,112308600
2015-08-20,33.869998931884766,33.970001220703125,33.70000076293945,33.790000915527344,26.515003204345703,116628600
2015-08-21,33.290000915527344,33.45000076293945,32.709999084472656,32.75,25.69891357421875,129140200
2015-08-24,30.530000686645508,32.220001220703125,30.0,31.31999969482422,24.57679557800293,218802300
2015-08-25,33.2599983215332,33.279998779296875,31.719999313354492,31.719999313354492,24.89067840576172,135001800
2015-08-26,32.5099983215332,32.900001525878906,31.90999984741211,32.77000045776367,25.714611053466797,134618500
2015-08-27,33.40999984741211,34.279998779296875,33.400001525878906,34.220001220703125,26.852428436279297,144856300
2015-08-28,33.70000076293945,34.0099983215332,33.59000015258789,33.779998779296875,26.507156372070312,68659200
2015-08-31,33.529998779296875,33.900001525878906,33.2400016784668,33.84000015258789,26.55423355102539,98538600
2015-09-01,32.810001373291016,33.02000045776367,32.36000061035156,32.529998779296875,25.52627944946289,83635900
2015-09-02,33.040000915527344,33.04999923706055,32.630001068115234,33.0,25.895090103149414,55551000
2015-09-03,33.060001373291016,33.56999969482422,33.0099983215332,33.130001068115234,25.99709701538086,67468200
2015-09-04,32.5099983215332,32.61000061035156,31.950000762939453,32.13999938964844,25.22024917602539,81962800
2015-09-08,33.02000045776367,33.209999084472656,32.86000061035156,33.15999984741211,26.020645141601562,53584300
2015-09-09,33.779998779296875,33.84000015258789,32.9900016784668,32.9900016784668,25.88724708557129,56389200
2015-09-10,33.08000183105469,33.529998779296875,33.0,33.33000183105469,26.15404510498047,49745400
2015-09-11,33.2400016784668,33.5,33.16999816894531,33.459999084472656,26.25604820251465,42195900
2015-09-14,33.349998474121094,33.45000076293945,33.150001525878906,33.40999984741211,26.216814041137695,39313800
2015-09-15,33.400001525878906,33.81999969482422,33.36000061035156,33.72999954223633,26.467920303344727,51913600
2015-09-16,34.279998779296875,34.689998626708984,34.22999954223633,34.54999923706055,27.111370086669922,85209600
2015-09-17,34.279998779296875,35.349998474121094,34.2599983215332,34.470001220703125,27.048599243164062,105902400
2015-09-18,34.130001068115234,34.380001068115234,33.689998626708984,33.83000183105469,26.546388626098633,90964900
2015-09-21,33.84000015258789,33.90999984741211,33.63999938964844,33.77000045776367,26.499309539794922,45318300
2015-09-22,33.040000915527344,33.16999816894531,32.880001068115234,33.13999938964844,26.00494956970215,58874100
2015-09-23,32.9900016784668,33.029998779296875,32.599998474121094,32.61000061035156,25.58905792236328,44721000
2015-09-24,32.099998474121094,32.630001068115234,31.940000534057617,32.470001220703125,25.479196548461914,79880800
2015-09-25,32.939998626708984,32.939998626708984,32.349998474121094,32.400001525878906,25.424274444580078,59861600
2015-09-28,32.13999938964844,32.150001525878906,31.610000610351562,31.709999084472656,24.882827758789062,58659500
2015-09-29,31.81999969482422,32.02000045776367,31.639999389648438,31.860000610351562,25.000532150268555,52829500
2015-09-30,32.689998626708984,32.849998474121094,32.47999954223633,32.779998779296875,25.722454071044922,80422200
2015-10-01,33.04999923706055,33.119998931884766,32.709999084472656,32.959999084472656,25.863697052001953,48402600
2015-10-02,32.810001373291016,33.849998474121094,32.689998626708984,33.84000015258789,26.55423355102539,83904700
2015-10-05,34.22999954223633,34.59000015258789,34.16999816894531,34.56999969482422,27.127065658569336,77869000
2015-10-06,34.45000076293945,34.59000015258789,34.31999969482422,34.5099983215332,27.07998275756836,47313400
2015-10-07,35.36000061035156,35.650001525878906,35.15999984741211,35.43000030517578,27.801904678344727,97905900
2015-10-08,35.220001220703125,35.86000061035156,35.18000030517578,35.810001373291016,28.100099563598633,64163600
2015-10-09,36.16999816894531,36.2599983215332,35.77000045776367,35.939998626708984,28.202102661132812,61563400
2015-10-12,36.0,36.02000045776367,35.630001068115234,35.66999816894531,27.990238189697266,44030200
2015-10-13,35.25,35.54999923706055,35.060001373291016,35.09000015258789,27.535110473632812,72241600
2015-10-14,35.34000015258789,35.529998779296875,35.2400016784668,35.36000061035156,27.746976852416992,57724900
2015-10-15,35.939998626708984,36.2400016784668,35.72999954223633,36.220001220703125,28.421823501586914,60410800
2015-10-16,36.09000015258789,36.2599983215332,35.900001525878906,36.25,28.44536590576172,65003800
2015-10-19,35.869998931884766,35.900001525878906,35.70000076293945,35.880001068115234,28.155025482177734,52354600
2015-10-20,35.790000915527344,35.93000030517578,35.709999084472656,35.869998931884766,28.14717674255371,44212500
2015-10-21,35.63999938964844,35.66999816894531,35.33000183105469,35.349998474121094,27.739131927490234,55037000
2015-10-22,35.720001220703125,36.15999984741211,35.720001220703125,36.08000183105469,28.31196403503418,56963300
2015-10-23,36.349998474121094,36.41999816894531,36.150001525878906,36.290000915527344,28.476757049560547,53727000
2015-10-26,36.11000061035156,36.130001068115234,35.91999816894531,35.959999084472656,28.217798233032227,41789200
2015-10-27,35.58000183105469,35.709999084472656,35.470001220703125,35.54999923706055,27.896074295043945,56392800
2015-10-28,35.630001068115234,35.79999923706055,34.939998626708984,35.13999938964844,27.5743465423584,125416000
2015-10-29,34.79999923706055,34.970001220703125,34.7400016784668,34.810001373291016,27.315397262573242,63886000
2015-10-30,35.06999969482422,35.08000183105469,34.849998474121094,34.869998931884766,27.362478256225586,72076000
2015-11-02,35.16999816894531,35.560001373291016,35.150001525878906,35.560001373291016,27.903919219970703,51896500
2015-11-03,35.459999084472656,36.16999816894531,35.45000076293945,36.029998779296875,28.272727966308594,68335400
2015-11-04,36.25,36.27000045776367,35.630001068115234,35.7400016784668,28.045162200927734,69243600
2015-11-05,35.709999084472656,35.91999816894531,35.56999969482422,35.79999923706055,28.092247009277344,43303000
2015-11-06,35.0099983215332,35.349998474121094,34.81999969482422,35.29999923706055,27.699901580810547,65547200
2015-11-09,34.790000915527344,34.90999984741211,34.34000015258789,34.41999816894531,27.00936508178711,76448600
2015-11-10,34.27000045776367,34.36000061035156,34.119998931884766,34.27000045776367,26.89166259765625,53876200
2015-11-11,34.540000915527344,34.54999923706055,34.279998779296875,34.34000015258789,26.946582794189453,34433100
2015-11-12,34.189998626708984,34.41999816894531,33.97999954223633,34.0099983215332,26.687631607055664,53097900
2015-11-13,33.779998779296875,33.810001373291016,33.439998626708984,33.540000915527344,26.318832397460938,72046800
2015-11-16,33.63999938964844,34.20000076293945,33.58000183105469,34.189998626708984,26.828882217407227,61895300
2015-11-17,34.2400016784668,34.29999923706055,34.029998779296875,34.09000015258789,26.750408172607422,58447500
2015-11-18,34.04999923706055,34.5,34.02000045776367,34.459999084472656,27.040756225585938,48166100
2015-11-19,34.68000030517578,34.86000061035156,34.619998931884766,34.77000045776367,27.284006118774414,68973900
2015-11-20,35.11000061035156,35.29999923706055,35.0099983215332,35.119998931884766,27.558652877807617,73122400
2015-11-23,34.970001220703125,35.040000915527344,34.7599983215332,34.790000915527344,27.29970359802246,55352100
2015-11-24,34.560001373291016,35.029998779296875,34.529998779296875,34.970001220703125,27.44094467163086,62017500
2015-11-25,34.75,34.779998779296875,34.56999969482422,34.70000076293945,27.229082107543945,37938300
2015-11-27,34.2400016784668,34.25,33.900001525878906,33.939998626708984,26.632709503173828,54817200
2015-11-30,33.849998474121094,34.029998779296875,33.77000045776367,33.9900016784668,26.67194366455078,91134900
2015-12-01,34.15999984741211,34.29999923706055,34.09000015258789,34.25,26.875961303710938,56692100
2015-12-02,34.04999923706055,34.099998474121094,33.70000076293945,33.84000015258789,26.55423355102539,59091000
2015-12-03,33.970001220703125,33.9900016784668,33.52000045776367,33.650001525878906,26.4051456451416,52692500
2015-12-04,33.369998931884766,33.939998626708984,33.369998931884766,33.880001068115234,26.585628509521484,79516400
2015-12-07,33.560001373291016,33.58000183105469,33.22999954223633,33.31999969482422,26.14619255065918,47613100
2015-12-08,32.63999938964844,32.97999954223633,32.560001373291016,32.95000076293945,25.855859756469727,71352200
2015-12-09,32.849998474121094,33.189998626708984,32.599998474121094,32.68000030517578,25.643985748291016,66422800
2015-12-10,32.59000015258789,32.720001220703125,32.38999938964844,32.459999084472656,25.471349716186523,59281000
2015-12-11,31.790000915527344,31.829999923706055,31.5,31.549999237060547,24.75727081298828,89806000
2015-12-14,31.8799991607666,32.08000183105469,31.59000015258789,32.060001373291016,25.157474517822266,83798000
2015-12-15,32.459999084472656,32.68000030517578,32.45000076293945,32.54999923706055,25.541975021362305,78124300
2015-12-16,32.79999923706055,33.36000061035156,32.65999984741211,33.189998626708984,26.044178009033203,105082200
2015-12-17,33.209999084472656,33.2400016784668,32.7599983215332,32.7599983215332,25.70676040649414,93646700
2015-12-18,32.77000045776367,32.86000061035156,32.58000183105469,32.650001525878906,25.62044334411621,96868900
2015-12-21,32.459999084472656,32.4900016784668,32.16999816894531,32.400001525878906,25.820476531982422,64002400
2015-12-22,32.40999984741211,32.66999816894531,32.369998931884766,32.65999984741211,26.027677536010742,49664600
2015-12-23,32.90999984741211,33.150001525878906,32.900001525878906,33.119998931884766,26.39426040649414,47464000
2015-12-24,32.93000030517578,33.060001373291016,32.90999984741211,33.0,26.298627853393555,21532700
2015-12-28,32.7400016784668,32.790000915527344,32.630001068115234,32.77000045776367,26.115337371826172,38299200
2015-12-29,32.86000061035156,32.93000030517578,32.7599983215332,32.79999923706055,26.139251708984375,43931500
2015-12-30,32.47999954223633,32.529998779296875,32.27000045776367,32.290000915527344,25.732812881469727,51320000
2015-12-31,32.290000915527344,32.41999816894531,32.18000030517578,32.189998626708984,25.653120040893555,44184700
2016-01-04,31.350000381469727,31.3799991607666,31.049999237060547,31.309999465942383,24.951814651489258,83489100
2016-01-05,31.450000762939453,31.5,31.299999237060547,31.3799991607666,25.007606506347656,57773900
2016-01-06,30.790000915527344,30.989999771118164,30.65999984741211,30.780000686645508,24.52944564819336,65835100
2016-01-07,29.989999771118164,30.40999984741211,29.809999465942383,29.829999923706055,23.772363662719727,88974700
2016-01-08,30.030000686645508,30.139999389648438,29.5,29.510000228881836,23.517353057861328,73528000
2016-01-11,29.790000915527344,29.809999465942383,29.229999542236328,29.5,23.509382247924805,56225500
2016-01-12,29.709999084472656,29.850000381469727,29.350000381469727,29.559999465942383,23.55719757080078,61357500
2016-01-13,29.899999618530273,30.0,29.18000030517578,29.25,23.310150146484375,71788700
2016-01-14,29.280000686645508,29.739999771118164,29.059999465942383,29.6299991607666,23.61298179626465,65521200
2016-01-15,28.469999313354492,28.649999618530273,28.079999923706055,28.459999084472656,22.680578231811523,117573900
2016-01-19,29.200000762939453,29.239999771118164,28.65999984741211,28.8799991607666,23.015287399291992,79535100
2016-01-20,28.170000076293945,28.459999084472656,27.610000610351562,28.25,22.513221740722656,103223500
2016-01-21,28.239999771118164,28.729999542236328,28.030000686645508,28.360000610351562,22.60088539123535,81845900
2016-01-22,29.260000228881836,29.34000015258789,29.059999465942383,29.329999923706055,23.373903274536133,75886600
2016-01-25,29.1299991607666,29.25,28.809999465942383,28.829999923706055,22.97544288635254,59623300
2016-01-26,28.989999771118164,29.299999237060547,28.940000534057617,29.25,23.310150146484375,60020100
2016-01-27,29.239999771118164,29.559999465942383,28.950000762939453,29.149999618530273,23.23045539855957,74020200
2016-01-28,29.719999313354492,29.790000915527344,29.360000610351562,29.610000610351562,23.597043991088867,84739900
2016-01-29,30.079999923706055,30.600000381469727,30.049999237060547,30.56999969482422,24.362092971801758,81973800
2016-02-01,30.059999465942383,30.3700008392334,29.979999542236328,30.280000686645508,24.13098907470703,43254600
2016-02-02,29.780000686645508,29.81999969482422,29.219999313354492,29.299999237060547,23.349994659423828,75516000
2016-02-03,29.610000610351562,30.149999618530273,29.1200008392334,30.1299991607666,24.011445999145508,117143200
2016-02-04,30.360000610351562,30.739999771118164,30.170000076293945,30.360000610351562,24.194740295410156,99923300
2016-02-05,30.239999771118164,30.34000015258789,29.889999389648438,30.010000228881836,23.91581153869629,70370700
2016-02-08,29.549999237060547,29.739999771118164,29.25,29.600000381469727,23.58907699584961,72716800
2016-02-09,29.040000915527344,29.530000686645508,28.889999389648438,29.190000534057617,23.26233673095703,67275700
2016-02-10,29.520000457763672,29.850000381469727,29.299999237060547,29.309999465942383,23.35797119140625,67192400
2016-02-11,28.719999313354492,29.020000457763672,28.600000381469727,28.81999969482422,22.967472076416016,86795500
2016-02-12,29.06999969482422,29.329999923706055,28.93000030517578,29.31999969482422,23.365938186645508,68436000
2016-02-16,29.8700008392334,30.010000228881836,29.739999771118164,29.969999313354492,23.883935928344727,54396200
2016-02-17,30.239999771118164,30.6299991607666,30.209999084472656,30.559999465942383,24.354122161865234,69297600
2016-02-18,30.670000076293945,30.670000076293945,30.309999465942383,30.3799991607666,24.210678100585938,59141200
2016-02-19,30.190000534057617,30.389999389648438,30.079999923706055,30.239999771118164,24.09910774230957,59069000
2016-02-22,30.75,30.989999771118164,30.700000762939453,30.989999771118164,24.696805953979492,42673400
2016-02-23,30.639999389648438,30.690000534057617,30.290000915527344,30.329999923706055,24.17083168029785,54666100
2016-02-24,29.84000015258789,30.3700008392334,29.670000076293945,30.260000228881836,24.11504364013672,59334200
2016-02-25,30.219999313354492,30.399999618530273,30.0,30.360000610351562,24.194740295410156,45895100
2016-02-26,30.559999465942383,30.579999923706055,30.030000686645508,30.059999465942383,23.955659866333008,54635600
2016-02-29,30.360000610351562,30.610000610351562,30.290000915527344,30.31999969482422,24.162858963012695,65543100
2016-03-01,30.899999618530273,31.420000076293945,30.889999389648438,31.399999618530273,25.02354621887207,69324500
2016-03-02,31.440000534057617,31.84000015258789,31.3700008392334,31.81999969482422,25.358253479003906,66977500
2016-03-03,31.850000381469727,32.189998626708984,31.809999465942383,32.18000030517578,25.64514923095703,69856900
2016-03-04,32.4900016784668,32.959999084472656,32.40999984741211,32.81999969482422,26.155181884765625,102487700
2016-03-07,32.5,32.93000030517578,32.470001220703125,32.77000045776367,26.115337371826172,67816600
2016-03-08,32.369998931884766,32.41999816894531,32.09000015258789,32.209999084472656,25.669055938720703,50510100
2016-03-09,32.41999816894531,32.59000015258789,32.310001373291016,32.40999984741211,25.828445434570312,54890300
2016-03-10,32.599998474121094,32.65999984741211,31.989999771118164,32.459999084472656,25.868288040161133,69716400
2016-03-11,32.95000076293945,33.209999084472656,32.90999984741211,33.13999938964844,26.410202026367188,74998500
2016-03-14,33.029998779296875,33.150001525878906,32.849998474121094,32.939998626708984,26.250818252563477,43838500
2016-03-15,32.439998626708984,32.47999954223633,32.290000915527344,32.470001220703125,25.876258850097656,66967800
2016-03-16,32.209999084472656,33.209999084472656,32.20000076293945,33.119998931884766,26.39426040649414,98218500
2016-03-17,33.56999969482422,33.93000030517578,33.400001525878906,33.849998474121094,26.97602081298828,114746800
2016-03-18,34.02000045776367,34.189998626708984,33.9900016784668,34.029998779296875,27.119464874267578,102194600
2016-03-21,33.9900016784668,34.18000030517578,33.939998626708984,34.099998474121094,27.17525291442871,59921400
2016-03-22,33.79999923706055,34.15999984741211,33.790000915527344,34.02000045776367,27.11149787902832,41960900
2016-03-23,33.7400016784668,33.7400016784668,33.400001525878906,33.439998626708984,26.64927864074707,58628500
2016-03-24,33.08000183105469,33.369998931884766,33.0,33.36000061035156,26.58552360534668,61479100
2016-03-28,33.380001068115234,33.47999954223633,33.31999969482422,33.470001220703125,26.673192977905273,40595500
2016-03-29,33.470001220703125,33.939998626708984,33.20000076293945,33.93000030517578,27.039775848388672,81638800
2016-03-30,34.439998626708984,34.58000183105469,34.27000045776367,34.279998779296875,27.318700790405273,53128600
2016-03-31,34.400001525878906,34.5099983215332,34.150001525878906,34.25,27.29478645324707,109595100
2016-04-01,33.52000045776367,34.209999084472656,33.41999816894531,34.150001525878906,27.21510124206543,76178800
2016-04-04,34.130001068115234,34.13999938964844,33.709999084472656,33.7400016784668,26.88836097717285,46429000
2016-04-05,33.209999084472656,33.31999969482422,33.02000045776367,33.08000183105469,26.36238670349121,61660900
2016-04-06,32.9900016784668,33.4900016784668,32.900001525878906,33.47999954223633,26.6811580657959,56608700
2016-04-07,33.040000915527344,33.11000061035156,32.72999954223633,32.810001373291016,26.147214889526367,75406000
2016-04-08,33.529998779296875,33.56999969482422,33.25,33.380001068115234,26.601469039916992,44785200
2016-04-11,33.93000030517578,34.04999923706055,33.7599983215332,33.810001373291016,26.944141387939453,63972000
2016-04-12,33.810001373291016,34.439998626708984,33.779998779296875,34.33000183105469,27.358549118041992,70261600
2016-04-13,34.880001068115234,34.959999084472656,34.72999954223633,34.939998626708984,27.84467315673828,95376400
2016-04-14,34.880001068115234,34.90999984741211,34.720001220703125,34.77000045776367,27.709196090698242,49781400
2016-04-15,34.72999954223633,34.790000915527344,34.56999969482422,34.56999969482422,27.549808502197266,61733700
2016-04-18,34.45000076293945,34.900001525878906,34.380001068115234,34.72999954223633,27.67732048034668,51810600
2016-04-19,35.06999969482422,35.34000015258789,35.029998779296875,35.2599983215332,28.099689483642578,70368800
2016-04-20,34.97999954223633,35.279998779296875,34.849998474121094,35.099998474121094,27.972177505493164,51670100
2016-04-21,35.0099983215332,35.0099983215332,34.68000030517578,34.75,27.69325065612793,59286600
2016-04-22,34.61000061035156,34.849998474121094,34.5099983215332,34.540000915527344,27.525897979736328,43727100
2016-04-25,34.52000045776367,34.52000045776367,34.27000045776367,34.31999969482422,27.350576400756836,40116100
2016-04-26,34.58000183105469,34.70000076293945,34.47999954223633,34.689998626708984,27.645437240600586,46394300
2016-04-27,34.54999923706055,34.959999084472656,34.45000076293945,34.900001525878906,27.812795639038086,56192100
2016-04-28,34.54999923706055,34.849998474121094,34.459999084472656,34.540000915527344,27.525897979736328,51718900
2016-04-29,34.540000915527344,34.58000183105469,34.11000061035156,34.38999938964844,27.406354904174805,86482700
2016-05-02,34.38999938964844,34.400001525878906,34.13999938964844,34.29999923706055,27.33463478088379,36887000
2016-05-03,33.650001525878906,33.709999084472656,33.31999969482422,33.33000183105469,26.561622619628906,94755400
2016-05-04,33.119998931884766,33.18000030517578,32.77000045776367,32.790000915527344,26.131277084350586,105838400
2016-05-05,33.11000061035156,33.150001525878906,32.68000030517578,32.779998779296875,26.123306274414062,83029500
2016-05-06,32.66999816894531,32.970001220703125,32.650001525878906,32.83000183105469,26.163148880004883,81640000
2016-05-09,32.7599983215332,32.77000045776367,32.31999969482422,32.40999984741211,25.828445434570312,84074300
2016-05-10,32.77000045776367,33.04999923706055,32.7599983215332,33.029998779296875,26.322534561157227,69384400
2016-05-11,33.0,33.18000030517578,32.869998931884766,32.95000076293945,26.258787155151367,58600300
2016-05-12,33.13999938964844,33.20000076293945,32.7400016784668,32.86000061035156,26.187061309814453,63469800
2016-05-13,32.58000183105469,32.720001220703125,32.209999084472656,32.27000045776367,25.716869354248047,62246800
2016-05-16,32.59000015258789,32.77000045776367,32.58000183105469,32.65999984741211,26.027677536010742,51206600
2016-05-17,32.59000015258789,32.7400016784668,32.41999816894531,32.5099983215332,25.90813446044922,63616400
2016-05-18,32.290000915527344,32.630001068115234,32.0099983215332,32.189998626708984,25.653120040893555,91541300
2016-05-19,31.920000076293945,32.0,31.700000762939453,31.889999389648438,25.414045333862305,74455000
2016-05-20,32.189998626708984,32.29999923706055,32.150001525878906,32.209999084472656,25.669055938720703,54928300
2016-05-23,32.13999938964844,32.349998474121094,32.119998931884766,32.150001525878906,25.621244430541992,52648200
2016-05-24,32.31999969482422,32.54999923706055,32.290000915527344,32.47999954223633,25.884225845336914,58219200
2016-05-25,32.790000915527344,33.02000045776367,32.77000045776367,32.869998931884766,26.195030212402344,53340200
2016-05-26,33.130001068115234,33.189998626708984,32.90999984741211,33.09000015258789,26.370357513427734,48215100
2016-05-27,33.209999084472656,33.279998779296875,32.9900016784668,33.08000183105469,26.36238670349121,43342900
2016-05-31,33.15999984741211,33.29999923706055,33.029998779296875,33.119998931884766,26.39426040649414,94760100
2016-06-01,32.9900016784668,33.16999816894531,32.90999984741211,33.099998474121094,26.378324508666992,52115100
2016-06-02,33.06999969482422,33.40999984741211,33.02000045776367,33.369998931884766,26.593494415283203,48252500
2016-06-03,33.779998779296875,33.900001525878906,33.52000045776367,33.880001068115234,26.999927520751953,89424800
2016-06-06,34.0099983215332,34.29999923706055,33.97999954223633,34.2400016784668,27.286823272705078,110069500
2016-06-07,34.459999084472656,34.59000015258789,34.43000030517578,34.54999923706055,27.533864974975586,59934000
2016-06-08,34.779998779296875,34.86000061035156,34.65999984741211,34.79999923706055,27.73309898376465,75850100
2016-06-09,34.33000183105469,34.47999954223633,34.279998779296875,34.400001525878906,27.414331436157227,54934300
2016-06-10,33.70000076293945,33.849998474121094,33.45000076293945,33.529998779296875,26.720998764038086,77417500
2016-06-13,33.09000015258789,33.369998931884766,33.02000045776367,33.060001373291016,26.346446990966797,56865500
2016-06-14,32.959999084472656,33.119998931884766,32.68000030517578,32.95000076293945,26.258787155151367,71023800
2016-06-15,33.290000915527344,33.59000015258789,33.18000030517578,33.29999923706055,26.537710189819336,64707000
2016-06-16,32.70000076293945,33.209999084472656,32.4900016784668,33.18000030517578,26.442079544067383,73981900
2016-06-17,33.2400016784668,33.290000915527344,33.02000045776367,33.27000045776367,26.5137996673584,56740400
2016-06-20,33.900001525878906,34.08000183105469,33.83000183105469,33.86000061035156,26.983985900878906,78204200
2016-06-21,34.02000045776367,34.220001220703125,33.83000183105469,34.119998931884766,27.191186904907227,75173100
2016-06-22,34.08000183105469,34.15999984741211,33.880001068115234,33.939998626708984,27.260257720947266,67273500
2016-06-23,34.400001525878906,34.7599983215332,34.25,34.7599983215332,27.91888427734375,70159900
2016-06-24,32.7599983215332,33.459999084472656,32.56999969482422,32.650001525878906,26.224153518676758,158566000
2016-06-27,32.5,32.5099983215332,31.889999389648438,32.22999954223633,25.886808395385742,101826000
2016-06-28,33.0,33.20000076293945,32.880001068115234,33.18000030517578,26.649837493896484,68332900
2016-06-29,33.81999969482422,34.02000045776367,33.7599983215332,34.02000045776367,27.324520111083984,82587300
2016-06-30,34.16999816894531,34.45000076293945,34.0099983215332,34.36000061035156,27.597604751586914,92761700
2016-07-01,34.619998931884766,34.75,34.540000915527344,34.689998626708984,27.862653732299805,66514800
2016-07-05,34.209999084472656,34.2400016784668,33.900001525878906,33.95000076293945,27.268301010131836,63420200
2016-07-06,33.4900016784668,33.86000061035156,33.33000183105469,33.86000061035156,27.196012496948242,61084500
2016-07-07,34.02000045776367,34.119998931884766,33.66999816894531,33.77000045776367,27.12372589111328,49586800
2016-07-08,34.150001525878906,34.5099983215332,34.11000061035156,34.5,27.71004295349121,74907900
2016-07-11,34.790000915527344,34.95000076293945,34.77000045776367,34.83000183105469,27.975093841552734,70202000
2016-07-12,35.290000915527344,35.43000030517578,35.189998626708984,35.31999969482422,28.36865997314453,89275200
2016-07-13,35.33000183105469,35.349998474121094,35.029998779296875,35.2599983215332,28.32047462463379,62034300
2016-07-14,35.650001525878906,35.869998931884766,35.56999969482422,35.77000045776367,28.730098724365234,99969200
2016-07-15,35.7400016784668,35.77000045776367,35.54999923706055,35.689998626708984,28.665847778320312,82124300
2016-07-18,35.58000183105469,36.02000045776367,35.58000183105469,36.0099983215332,28.922868728637695,75861700
2016-07-19,35.689998626708984,35.7599983215332,35.52000045776367,35.63999938964844,28.62568473815918,54832700
2016-07-20,35.720001220703125,35.900001525878906,35.619998931884766,35.81999969482422,28.770261764526367,48091500
2016-07-21,35.7400016784668,35.88999938964844,35.61000061035156,35.709999084472656,28.681907653808594,56354300
2016-07-22,35.83000183105469,35.97999954223633,35.720001220703125,35.970001220703125,28.890737533569336,45498600
2016-07-25,35.84000015258789,35.849998474121094,35.58000183105469,35.61000061035156,28.601591110229492,44174100
2016-07-26,35.810001373291016,35.959999084472656,35.7599983215332,35.88999938964844,28.826478958129883,63593800
2016-07-27,35.95000076293945,36.119998931884766,35.650001525878906,36.0099983215332,28.922868728637695,67888600
2016-07-28,35.95000076293945,36.02000045776367,35.790000915527344,36.02000045776367,28.9309024810791,45590000
2016-07-29,36.029998779296875,36.25,35.869998931884766,36.209999084472656,29.083499908447266,85265700
2016-08-01,36.29999923706055,36.36000061035156,36.09000015258789,36.13999938964844,29.027280807495117,57794000
2016-08-02,36.08000183105469,36.16999816894531,35.619998931884766,35.880001068115234,28.81844711303711,81854600
2016-08-03,35.630001068115234,36.02000045776367,35.54999923706055,36.0,28.914833068847656,42844900
2016-08-04,36.099998474121094,36.349998474121094,36.02000045776367,36.20000076293945,29.075477600097656,70532500
2016-08-05,36.459999084472656,36.65999984741211,36.36000061035156,36.619998931884766,29.412805557250977,55760000
2016-08-08,36.86000061035156,36.959999084472656,36.81999969482422,36.880001068115234,29.621646881103516,43636800
2016-08-09,37.02000045776367,37.279998779296875,37.0099983215332,37.130001068115234,29.822444915771484,65823600
2016-08-10,37.31999969482422,37.34000015258789,37.029998779296875,37.13999938964844,29.830469131469727,59111700
2016-08-11,37.290000915527344,37.63999938964844,37.2400016784668,37.619998931884766,30.216007232666016,82544300
2016-08-12,37.5,37.599998474121094,37.33000183105469,37.47999954223633,30.10355567932129,54790400
2016-08-15,37.7599983215332,37.97999954223633,37.75,37.869998931884766,30.41680145263672,55160100
2016-08-16,37.790000915527344,37.790000915527344,37.56999969482422,37.70000076293945,30.280261993408203,62084000
2016-08-17,37.40999984741211,37.560001373291016,37.099998474121094,37.459999084472656,30.087488174438477,106432500
2016-08-18,37.70000076293945,37.83000183105469,37.599998474121094,37.810001373291016,30.368610382080078,63045700
2016-08-19,37.400001525878906,37.630001068115234,37.2400016784668,37.599998474121094,30.199935913085938,63995700
2016-08-22,37.25,37.25,36.9900016784668,37.099998474121094,29.798349380493164,62902100
2016-08-23,37.41999816894531,37.5,36.91999816894531,36.95000076293945,29.677865982055664,72475000
2016-08-24,36.88999938964844,37.099998474121094,36.81999969482422,37.04999923706055,29.758190155029297,75080700
2016-08-25,36.90999984741211,37.099998474121094,36.90999984741211,37.08000183105469,29.782278060913086,56434300
2016-08-26,37.15999984741211,37.54999923706055,36.470001220703125,36.7599983215332,29.52526092529297,178796200
2016-08-29,36.7599983215332,37.09000015258789,36.7400016784668,37.040000915527344,29.75015640258789,49578800
2016-08-30,37.09000015258789,37.220001220703125,36.880001068115234,36.939998626708984,29.669828414916992,48196900
2016-08-31,36.75,36.790000915527344,36.41999816894531,36.529998779296875,29.34052085876465,98943200
2016-09-01,36.56999969482422,36.810001373291016,36.47999954223633,36.810001373291016,29.56541633605957,67120400
2016-09-02,37.310001373291016,37.43000030517578,37.150001525878906,37.40999984741211,30.04732322692871,88393000
2016-09-06,37.90999984741211,38.2400016784668,37.83000183105469,38.209999084472656,30.68988800048828,108573800
2016-09-07,38.220001220703125,38.2400016784668,38.0099983215332,38.09000015258789,30.593502044677734,58618800
2016-09-08,38.099998474121094,38.209999084472656,37.900001525878906,37.9900016784668,30.513181686401367,73367300
2016-09-09,37.400001525878906,37.40999984741211,36.689998626708984,36.709999084472656,29.485095977783203,124082600
2016-09-12,36.209999084472656,37.099998474121094,36.13999938964844,36.959999084472656,29.68589210510254,119811600
2016-09-13,36.40999984741211,36.54999923706055,35.849998474121094,36.029998779296875,28.938926696777344,160782500
2016-09-14,36.150001525878906,36.540000915527344,36.119998931884766,36.13999938964844,29.027280807495117,90163100
2016-09-15,36.400001525878906,36.849998474121094,36.2400016784668,36.7599983215332,29.52526092529297,87331100
2016-09-16,36.459999084472656,36.560001373291016,36.16999816894531,36.5099983215332,29.324462890625,92612000
2016-09-19,36.970001220703125,37.099998474121094,36.7400016784668,36.79999923706055,29.557390213012695,55874700
2016-09-20,37.09000015258789,37.09000015258789,36.810001373291016,36.81999969482422,29.57344627380371,48531200
2016-09-21,37.18000030517578,37.900001525878906,37.06999969482422,37.849998474121094,30.400737762451172,123874800
2016-09-22,38.18000030517578,38.31999969482422,37.97999954223633,38.119998931884766,30.617595672607422,73865400
2016-09-23,37.810001373291016,37.90999984741211,37.61000061035156,37.630001068115234,30.224042892456055,56201900
2016-09-26,37.290000915527344,37.380001068115234,37.08000183105469,37.08000183105469,29.782278060913086,47253900
2016-09-27,37.349998474121094,37.61000061035156,37.189998626708984,37.61000061035156,30.20796775817871,60877300
2016-09-28,37.66999816894531,37.97999954223633,37.33000183105469,37.95000076293945,30.481056213378906,82411300
2016-09-29,37.75,37.849998474121094,37.18000030517578,37.290000915527344,29.95094871520996,74659100
2016-09-30,37.459999084472656,37.59000015258789,37.279998779296875,37.45000076293945,30.079458236694336,85539100
2016-10-03,37.529998779296875,37.779998779296875,37.380001068115234,37.709999084472656,30.288291931152344,77690300
2016-10-04,37.72999954223633,37.81999969482422,37.16999816894531,37.290000915527344,29.95094871520996,95339800
2016-10-05,37.66999816894531,37.880001068115234,37.54999923706055,37.83000183105469,30.384672164916992,61950100
2016-10-06,37.630001068115234,37.88999938964844,37.540000915527344,37.86000061035156,30.408767700195312,45429700
2016-10-07,37.90999984741211,37.959999084472656,37.400001525878906,37.689998626708984,30.27222442626953,77792800
2016-10-10,37.939998626708984,38.189998626708984,37.880001068115234,38.099998474121094,30.60153579711914,56113700
2016-10-11,37.439998626708984,37.459999084472656,37.029998779296875,37.220001220703125,29.894729614257812,79646900
2016-10-12,37.099998474121094,37.279998779296875,36.97999954223633,37.150001525878906,29.838502883911133,48482900
2016-10-13,36.58000183105469,36.959999084472656,36.380001068115234,36.81999969482422,29.57344627380371,67497300
2016-10-14,37.130001068115234,37.209999084472656,36.810001373291016,36.880001068115234,29.621646881103516,54235800
2016-10-17,36.83000183105469,36.97999954223633,36.79999923706055,36.84000015258789,29.589508056640625,37742300
2016-10-18,37.470001220703125,37.560001373291016,37.34000015258789,37.4900016784668,30.111581802368164,50174900
2016-10-19,37.66999816894531,37.79999923706055,37.529998779296875,37.720001220703125,30.296321868896484,49171200
2016-10-20,37.59000015258789,37.77000045776367,37.470001220703125,37.61000061035156,30.20796775817871,55283900
2016-10-21,37.38999938964844,37.630001068115234,37.34000015258789,37.599998474121094,30.199935913085938,33058500
2016-10-24,37.900001525878906,37.93000030517578,37.65999984741211,37.7599983215332,30.328447341918945,28142200
2016-10-25,37.72999954223633,37.869998931884766,37.66999816894531,37.79999923706055,30.360578536987305,32233900
2016-10-26,37.380001068115234,37.58000183105469,37.279998779296875,37.400001525878906,30.039297103881836,50715500
2016-10-27,37.43000030517578,37.43000030517578,37.04999923706055,37.08000183105469,29.782278060913086,47287000
2016-10-28,37.119998931884766,37.279998779296875,36.75,36.93000030517578,29.661794662475586,69558100
2016-10-31,37.099998474121094,37.27000045776367,37.04999923706055,37.13999938964844,29.830469131469727,60365100
2016-11-01,37.279998779296875,37.290000915527344,36.54999923706055,36.84000015258789,29.589508056640625,90113200
2016-11-02,36.70000076293945,36.79999923706055,36.22999954223633,36.400001525878906,29.23611068725586,82319300
2016-11-03,36.439998626708984,36.54999923706055,36.16999816894531,36.29999923706055,29.155790328979492,67403000
2016-11-04,36.0099983215332,36.18000030517578,35.880001068115234,35.93000030517578,28.858610153198242,78558900
2016-11-07,36.810001373291016,37.27000045776367,36.75,37.22999954223633,29.902755737304688,85341300
2016-11-08,37.22999954223633,37.66999816894531,36.970001220703125,37.470001220703125,30.09552764892578,83963300
2016-11-09,36.34000015258789,36.689998626708984,36.09000015258789,36.25,29.115631103515625,193443900
2016-11-10,35.91999816894531,36.04999923706055,35.040000915527344,35.220001220703125,28.28835105895996,206490900
2016-11-11,34.54999923706055,34.84000015258789,34.119998931884766,34.54999923706055,27.750205993652344,182114700
2016-11-14,34.31999969482422,34.5,34.029998779296875,34.29999923706055,27.54941177368164,107881600
2016-11-15,34.56999969482422,35.04999923706055,34.54999923706055,34.9900016784668,28.10361099243164,89937000
2016-11-16,34.58000183105469,34.790000915527344,34.52000045776367,34.70000076293945,27.870689392089844,65387900
2016-11-17,34.81999969482422,35.02000045776367,34.689998626708984,34.75,27.910846710205078,80829200
2016-11-18,34.81999969482422,34.88999938964844,34.56999969482422,34.59000015258789,27.782333374023438,51490500
2016-11-21,34.900001525878906,35.029998779296875,34.83000183105469,34.93000030517578,28.0554256439209,45251800
2016-11-22,35.439998626708984,35.47999954223633,35.20000076293945,35.459999084472656,28.481109619140625,61503100
2016-11-23,34.959999084472656,35.130001068115234,34.880001068115234,35.08000183105469,28.1759033203125,43495600
2016-11-25,35.279998779296875,35.310001373291016,35.20000076293945,35.25,28.312442779541016,28572700
2016-11-28,35.38999938964844,35.529998779296875,35.349998474121094,35.38999938964844,28.42488670349121,50953000
2016-11-29,35.279998779296875,35.54999923706055,35.2400016784668,35.439998626708984,28.465049743652344,36457700
2016-11-30,35.599998474121094,35.650001525878906,35.47999954223633,35.5,28.513240814208984,86930300
2016-12-01,35.400001525878906,35.47999954223633,35.06999969482422,35.08000183105469,28.1759033203125,80947500
2016-12-02,35.08000183105469,35.290000915527344,35.060001373291016,35.119998931884766,28.208024978637695,58727500
2016-12-05,35.290000915527344,35.439998626708984,35.27000045776367,35.40999984741211,28.440954208374023,53275100
2016-12-06,35.52000045776367,35.61000061035156,35.43000030517578,35.599998474121094,28.59356117248535,48356900
2016-12-07,35.81999969482422,36.2400016784668,35.7599983215332,36.20000076293945,29.075477600097656,61773300
2016-12-08,36.099998474121094,36.40999984741211,36.08000183105469,36.36000061035156,29.2039852142334,60291800
2016-12-09,36.13999938964844,36.279998779296875,36.06999969482422,36.16999816894531,29.05137062072754,60173400
2016-12-12,35.970001220703125,36.099998474121094,35.83000183105469,35.93000030517578,28.858610153198242,40766300
2016-12-13,36.13999938964844,36.40999984741211,36.130001068115234,36.33000183105469,29.17989158630371,48943200
2016-12-14,36.040000915527344,36.16999816894531,35.2400016784668,35.25,28.312442779541016,95190000
2016-12-15,35.27000045776367,35.45000076293945,35.16999816894531,35.310001373291016,28.360641479492188,68897000
2016-12-16,35.22999954223633,35.34000015258789,35.04999923706055,35.150001525878906,28.23212242126465,75471100
2016-12-19,35.16999816894531,35.18000030517578,34.90999984741211,34.90999984741211,28.039358139038086,45241700
2016-12-20,35.0099983215332,35.099998474121094,34.939998626708984,35.029998779296875,28.135738372802734,39157800
2016-12-21,34.689998626708984,34.70000076293945,34.459999084472656,34.4900016784668,28.018756866455078,52040600
2016-12-22,34.119998931884766,34.13999938964844,33.939998626708984,34.08000183105469,27.685691833496094,48802800
2016-12-23,34.11000061035156,34.279998779296875,34.08000183105469,34.279998779296875,27.848161697387695,32062900
2016-12-27,34.36000061035156,34.470001220703125,34.349998474121094,34.43000030517578,27.970020294189453,25959900
2016-12-28,34.720001220703125,34.7599983215332,34.599998474121094,34.689998626708984,28.181232452392578,33745600
2016-12-29,35.040000915527344,35.29999923706055,35.02000045776367,35.2599983215332,28.644289016723633,48465500
2016-12-30,35.25,35.27000045776367,34.90999984741211,35.0099983215332,28.441194534301758,60515600
2017-01-03,35.38999938964844,35.650001525878906,35.29999923706055,35.43000030517578,28.782390594482422,64483700
2017-01-04,35.630001068115234,35.77000045776367,35.61000061035156,35.70000076293945,29.00172996520996,83072600
2017-01-05,35.959999084472656,36.150001525878906,35.939998626708984,36.09000015258789,29.318553924560547,60303200
2017-01-06,35.970001220703125,36.0,35.84000015258789,35.939998626708984,29.196697235107422,33132200
2017-01-09,35.91999816894531,36.0,35.869998931884766,35.90999984741211,29.172330856323242,33950800
2017-01-10,36.130001068115234,36.31999969482422,36.099998474121094,36.119998931884766,29.34292984008789,46621700
2017-01-11,36.189998626708984,36.58000183105469,36.04999923706055,36.54999923706055,29.692249298095703,92509300
2017-01-12,36.70000076293945,36.709999084472656,36.52000045776367,36.709999084472656,29.82222557067871,38318100
2017-01-13,36.56999969482422,36.709999084472656,36.529998779296875,36.68000030517578,29.797855377197266,35242000
2017-01-17,36.599998474121094,36.720001220703125,36.54999923706055,36.65999984741211,29.78160858154297,38367000
2017-01-18,36.68000030517578,36.689998626708984,36.38999938964844,36.459999084472656,29.61913299560547,37054200
2017-01-19,36.470001220703125,36.47999954223633,36.20000076293945,36.349998474121094,29.529769897460938,52877000
2017-01-20,36.38999938964844,36.470001220703125,36.220001220703125,36.41999816894531,29.586641311645508,59295600
2017-01-23,36.66999816894531,36.970001220703125,36.650001525878906,36.959999084472656,30.025318145751953,51401800
2017-01-24,37.119998931884766,37.33000183105469,37.099998474121094,37.189998626708984,30.212169647216797,45519900
2017-01-25,37.45000076293945,37.619998931884766,37.36000061035156,37.599998474121094,30.545238494873047,42660800
2017-01-26,37.59000015258789,37.599998474121094,37.40999984741211,37.439998626708984,30.41526222229004,43300100
2017-01-27,37.439998626708984,37.52000045776367,37.31999969482422,37.470001220703125,30.43963623046875,30457500
2017-01-30,37.20000076293945,37.279998779296875,37.11000061035156,37.27000045776367,30.277158737182617,34712000
2017-01-31,37.310001373291016,37.40999984741211,37.20000076293945,37.34000015258789,30.33402442932129,67258600
2017-02-01,37.4900016784668,37.560001373291016,37.2599983215332,37.36000061035156,30.350278854370117,54321500
2017-02-02,37.47999954223633,37.560001373291016,37.41999816894531,37.52000045776367,30.480255126953125,26814000
2017-02-03,37.68000030517578,37.81999969482422,37.599998474121094,37.75,30.66709327697754,34305200
2017-02-06,37.709999084472656,37.75,37.630001068115234,37.65999984741211,30.5939884185791,30250100
2017-02-07,37.58000183105469,37.619998931884766,37.43000030517578,37.470001220703125,30.43963623046875,31693700
2017-02-08,37.4900016784668,37.7400016784668,37.47999954223633,37.70000076293945,30.626480102539062,37862900
2017-02-09,37.70000076293945,37.939998626708984,37.70000076293945,37.869998931884766,30.764585494995117,38286700
2017-02-10,37.959999084472656,38.220001220703125,37.939998626708984,38.220001220703125,31.048913955688477,38798700
2017-02-13,38.220001220703125,38.380001068115234,38.209999084472656,38.34000015258789,31.146398544311523,34007000
2017-02-14,38.34000015258789,38.380001068115234,38.029998779296875,38.380001068115234,31.178892135620117,55327300
2017-02-15,38.38999938964844,38.709999084472656,38.349998474121094,38.689998626708984,31.430721282958984,49527300
2017-02-16,38.72999954223633,38.72999954223633,38.52000045776367,38.54999923706055,31.316991806030273,42986800
2017-02-17,38.25,38.400001525878906,38.220001220703125,38.38999938964844,31.187013626098633,54880700
2017-02-21,38.630001068115234,38.81999969482422,38.59000015258789,38.810001373291016,31.528215408325195,42603700
2017-02-22,38.75,38.93000030517578,38.72999954223633,38.93000030517578,31.625694274902344,39083500
2017-02-23,39.130001068115234,39.150001525878906,38.880001068115234,38.939998626708984,31.63382339477539,46763100
2017-02-24,38.470001220703125,38.560001373291016,38.41999816894531,38.47999954223633,31.260122299194336,44575100
2017-02-27,38.369998931884766,38.47999954223633,38.27000045776367,38.36000061035156,31.16264533996582,53625500
2017-02-28,38.31999969482422,38.33000183105469,37.97999954223633,37.9900016784668,30.8620662689209,71508900
2017-03-01,38.29999923706055,38.599998474121094,38.279998779296875,38.58000183105469,31.341367721557617,93966300
2017-03-02,38.20000076293945,38.27000045776367,37.88999938964844,37.900001525878906,30.788949966430664,63518000
2017-03-03,38.08000183105469,38.22999954223633,37.959999084472656,38.189998626708984,31.02454376220703,54969900
2017-03-06,38.25,38.2599983215332,38.09000015258789,38.209999084472656,31.040790557861328,30455800
2017-03-07,38.33000183105469,38.349998474121094,38.18000030517578,38.25,31.07328224182129,43470400
2017-03-08,38.15999984741211,38.220001220703125,37.86000061035156,37.88999938964844,30.780826568603516,60587000
2017-03-09,37.70000076293945,37.7599983215332,37.38999938964844,37.59000015258789,30.537113189697266,64159100
2017-03-10,37.88999938964844,38.0099983215332,37.79999923706055,38.0099983215332,30.878314971923828,45184900
2017-03-13,38.40999984741211,38.56999969482422,38.369998931884766,38.540000915527344,31.308874130249023,42405900
2017-03-14,38.41999816894531,38.470001220703125,38.290000915527344,38.31999969482422,31.13014793395996,56600300
2017-03-15,38.52000045776367,39.38999938964844,38.40999984741211,39.31999969482422,31.942529678344727,124080900
2017-03-16,39.599998474121094,39.650001525878906,39.439998626708984,39.560001373291016,32.13750076293945,137911800
2017-03-17,39.599998474121094,39.619998931884766,39.459999084472656,39.4900016784668,32.080631256103516,68267900
2017-03-20,39.7400016784668,40.060001373291016,39.68000030517578,39.95000076293945,32.45431900024414,70310000
2017-03-21,40.150001525878906,40.22999954223633,39.47999954223633,39.5099983215332,32.096866607666016,71712900
2017-03-22,39.47999954223633,39.790000915527344,39.380001068115234,39.70000076293945,32.251220703125,70134100
2017-03-23,39.560001373291016,39.849998474121094,39.54999923706055,39.709999084472656,32.25934982299805,53877500
2017-03-24,39.68000030517578,39.880001068115234,39.66999816894531,39.810001373291016,32.3405876159668,68871400
2017-03-27,39.54999923706055,39.77000045776367,39.43000030517578,39.70000076293945,32.251220703125,52896700
2017-03-28,39.66999816894531,39.93000030517578,39.66999816894531,39.810001373291016,32.3405876159668,51799000
2017-03-29,39.720001220703125,39.90999984741211,39.63999938964844,39.880001068115234,32.39745330810547,36857000
2017-03-30,39.720001220703125,39.84000015258789,39.63999938964844,39.66999816894531,32.22684860229492,33282500
2017-03-31,39.41999816894531,39.47999954223633,39.310001373291016,39.38999938964844,31.999385833740234,94971500
2017-04-03,39.5099983215332,39.650001525878906,39.369998931884766,39.61000061035156,32.178104400634766,60048300
2017-04-04,39.529998779296875,39.689998626708984,39.459999084472656,39.630001068115234,32.19436264038086,44136500
2017-04-05,39.79999923706055,39.900001525878906,39.4900016784668,39.5099983215332,32.096866607666016,44099200
2017-04-06,39.470001220703125,39.540000915527344,39.31999969482422,39.439998626708984,32.040008544921875,35544800
2017-04-07,39.36000061035156,39.54999923706055,39.33000183105469,39.369998931884766,31.983142852783203,40355800
2017-04-10,39.220001220703125,39.2599983215332,39.09000015258789,39.209999084472656,31.853153228759766,33853800
2017-04-11,39.20000076293945,39.25,38.88999938964844,39.119998931884766,31.780040740966797,46002800
2017-04-12,39.290000915527344,39.31999969482422,39.06999969482422,39.310001373291016,31.93440055847168,55149100
2017-04-13,39.400001525878906,39.5,39.130001068115234,39.13999938964844,31.79629135131836,48182500
2017-04-17,39.31999969482422,39.54999923706055,39.2599983215332,39.54999923706055,32.129364013671875,29862300
2017-04-18,39.099998474121094,39.2400016784668,38.959999084472656,39.04999923706055,31.723180770874023,50889200
2017-04-19,39.150001525878906,39.15999984741211,38.709999084472656,38.810001373291016,31.528215408325195,58751100
2017-04-20,39.22999954223633,39.29999923706055,39.11000061035156,39.290000915527344,31.918149948120117,46722900
2017-04-21,39.29999923706055,39.349998474121094,39.220001220703125,39.290000915527344,31.918149948120117,32949500
2017-04-24,39.869998931884766,39.93000030517578,39.75,39.849998474121094,32.37308120727539,63549800
2017-04-25,40.13999938964844,40.310001373291016,40.099998474121094,40.20000076293945,32.65740966796875,50957400
2017-04-26,40.130001068115234,40.25,40.0,40.04999923706055,32.535560607910156,56452000
2017-04-27,40.130001068115234,40.13999938964844,39.880001068115234,40.0,32.49494171142578,42298100
2017-04-28,40.040000915527344,40.130001068115234,39.93000030517578,40.060001373291016,32.543678283691406,56635400
2017-05-01,40.2400016784668,40.400001525878906,40.150001525878906,40.290000915527344,32.730525970458984,41171000
2017-05-02,40.459999084472656,40.630001068115234,40.40999984741211,40.58000183105469,32.96611785888672,55325500
2017-05-03,40.40999984741211,40.45000076293945,40.20000076293945,40.310001373291016,32.74677658081055,58336100
2017-05-04,40.09000015258789,40.11000061035156,39.83000183105469,39.86000061035156,32.38120651245117,81078300
2017-05-05,39.79999923706055,40.189998626708984,39.790000915527344,40.189998626708984,32.6492805480957,52581000
2017-05-08,40.29999923706055,40.400001525878906,40.150001525878906,40.18000030517578,32.64116287231445,35951500
2017-05-09,40.4900016784668,40.810001373291016,40.459999084472656,40.689998626708984,33.055477142333984,70127300
2017-05-10,40.810001373291016,40.959999084472656,40.7599983215332,40.959999084472656,33.274810791015625,47629100
2017-05-11,41.0099983215332,41.119998931884766,40.810001373291016,41.04999923706055,33.347923278808594,37366100
2017-05-12,41.11000061035156,41.2599983215332,41.099998474121094,41.220001220703125,33.48603439331055,65418200
2017-05-15,41.43000030517578,41.65999984741211,41.400001525878906,41.63999938964844,33.82722473144531,52561000
2017-05-16,41.61000061035156,41.70000076293945,41.529998779296875,41.68000030517578,33.8597297668457,41936300
2017-05-17,41.31999969482422,41.369998931884766,40.95000076293945,40.970001220703125,33.28293991088867,63287300
2017-05-18,39.97999954223633,40.650001525878906,39.81999969482422,40.290000915527344,32.730525970458984,121234700
2017-05-19,40.880001068115234,41.22999954223633,40.869998931884766,41.150001525878906,33.429168701171875,63742000
2017-05-22,41.189998626708984,41.31999969482422,41.150001525878906,41.189998626708984,33.4616584777832,46357500
2017-05-23,41.220001220703125,41.279998779296875,41.119998931884766,41.22999954223633,33.49415969848633,39495600
2017-05-24,41.2400016784668,41.459999084472656,41.20000076293945,41.38999938964844,33.62412643432617,48549600
2017-05-25,41.61000061035156,41.72999954223633,41.5099983215332,41.59000015258789,33.786617279052734,39606900
2017-05-26,41.66999816894531,41.7599983215332,41.630001068115234,41.7400016784668,33.90846252441406,31372700
2017-05-30,41.5099983215332,41.58000183105469,41.439998626708984,41.52000045776367,33.729740142822266,35122800
2017-05-31,41.52000045776367,41.52000045776367,41.130001068115234,41.20000076293945,33.469791412353516,80159500
2017-06-01,41.310001373291016,41.560001373291016,41.209999084472656,41.54999923706055,33.75411605834961,46802100
2017-06-02,41.70000076293945,41.790000915527344,41.599998474121094,41.7599983215332,33.924713134765625,43699200
2017-06-05,41.75,41.849998474121094,41.66999816894531,41.709999084472656,33.88409423828125,39245500
2017-06-06,41.65999984741211,41.81999969482422,41.63999938964844,41.72999954223633,33.90034103393555,34184900
2017-06-07,41.599998474121094,41.7599983215332,41.45000076293945,41.68000030517578,33.8597297668457,34745400
2017-06-08,41.959999084472656,41.97999954223633,41.77000045776367,41.93000030517578,34.06281280517578,48941400
2017-06-09,41.959999084472656,42.040000915527344,41.380001068115234,41.61000061035156,33.80286407470703,73660800
2017-06-12,41.369998931884766,41.40999984741211,41.189998626708984,41.38999938964844,33.62412643432617,52374200
2017-06-13,41.61000061035156,41.63999938964844,41.45000076293945,41.59000015258789,33.786617279052734,38327800
2017-06-14,41.900001525878906,41.91999816894531,41.439998626708984,41.58000183105469,33.77848815917969,70500400
2017-06-15,41.08000183105469,41.16999816894531,40.900001525878906,41.150001525878906,33.429168701171875,87660700
2017-06-16,41.2400016784668,41.290000915527344,41.040000915527344,41.220001220703125,33.48603439331055,53875900
2017-06-19,41.470001220703125,41.70000076293945,41.439998626708984,41.630001068115234,33.81910705566406,68181200
2017-06-20,41.31999969482422,41.33000183105469,40.95000076293945,40.97999954223633,33.445316314697266,71372000
2017-06-21,41.16999816894531,41.27000045776367,41.0,41.06999969482422,33.51876449584961,54840400
2017-06-22,41.290000915527344,41.45000076293945,41.189998626708984,41.279998779296875,33.69015884399414,50400700
2017-06-23,41.349998474121094,41.58000183105469,41.31999969482422,41.5,33.86970138549805,46141200
2017-06-26,41.88999938964844,42.0099983215332,41.7599983215332,41.900001525878906,34.1961669921875,44381000
2017-06-27,41.900001525878906,41.900001525878906,41.400001525878906,41.40999984741211,33.7962532043457,54898400
2017-06-28,41.529998779296875,41.77000045776367,41.43000030517578,41.72999954223633,34.05741882324219,33600800
2017-06-29,41.529998779296875,41.540000915527344,40.91999816894531,41.20000076293945,33.624874114990234,66218700
2017-06-30,41.45000076293945,41.56999969482422,41.36000061035156,41.38999938964844,33.77992630004883,76054300
2017-07-03,41.619998931884766,41.7599983215332,41.540000915527344,41.630001068115234,33.975807189941406,38427000
2017-07-05,41.38999938964844,41.56999969482422,41.189998626708984,41.54999923706055,33.910518646240234,49491000
2017-07-06,41.25,41.33000183105469,40.9900016784668,41.04999923706055,33.50244140625,48464800
2017-07-07,41.15999984741211,41.22999954223633,40.95000076293945,41.130001068115234,33.56774139404297,69254100
2017-07-10,41.27000045776367,41.54999923706055,41.25,41.52000045776367,33.886024475097656,38230800
2017-07-11,41.7400016784668,41.90999984741211,41.619998931884766,41.86000061035156,34.163516998291016,41916900
2017-07-12,42.45000076293945,42.7599983215332,42.41999816894531,42.66999816894531,34.8245849609375,80106600
2017-07-13,42.7400016784668,42.900001525878906,42.70000076293945,42.880001068115234,34.9959831237793,38698800
2017-07-14,43.16999816894531,43.45000076293945,43.150001525878906,43.41999816894531,35.436683654785156,51171300
2017-07-17,43.25,43.279998779296875,43.130001068115234,43.220001220703125,35.273468017578125,44288000
2017-07-18,43.13999938964844,43.38999938964844,43.08000183105469,43.349998474121094,35.37955856323242,49195500
2017-07-19,43.349998474121094,43.79999923706055,43.349998474121094,43.709999084472656,35.67337417602539,37949700
2017-07-20,43.75,43.7599983215332,43.560001373291016,43.65999984741211,35.63256072998047,35990000
2017-07-21,43.66999816894531,43.68000030517578,43.5099983215332,43.630001068115234,35.60808563232422,34217900
2017-07-24,43.81999969482422,43.81999969482422,43.630001068115234,43.7599983215332,35.714176177978516,37613800
2017-07-25,43.810001373291016,43.869998931884766,43.63999938964844,43.650001525878906,35.6244010925293,37103900
2017-07-26,43.720001220703125,44.060001373291016,43.65999984741211,44.0099983215332,35.918209075927734,49001700
2017-07-27,44.150001525878906,44.15999984741211,43.459999084472656,43.77000045776367,35.72234344482422,61916500
2017-07-28,43.61000061035156,43.7599983215332,43.5,43.75,35.70601272583008,46072600
2017-07-31,43.84000015258789,43.84000015258789,43.68000030517578,43.79999923706055,35.746826171875,60833500
2017-08-01,44.0,44.029998779296875,43.880001068115234,43.93000030517578,35.85292434692383,37138400
2017-08-02,44.0099983215332,44.04999923706055,43.7400016784668,43.970001220703125,35.88557052612305,29234800
2017-08-03,43.7599983215332,43.790000915527344,43.56999969482422,43.790000915527344,35.73866653442383,45351400
2017-08-04,43.88999938964844,43.97999954223633,43.689998626708984,43.95000076293945,35.86924362182617,48442700
2017-08-07,44.11000061035156,44.279998779296875,44.08000183105469,44.25,36.11408996582031,23791100
2017-08-08,44.369998931884766,44.58000183105469,44.20000076293945,44.2599983215332,36.12224197387695,33793700
2017-08-09,43.75,43.88999938964844,43.630001068115234,43.86000061035156,35.79579544067383,29007400
2017-08-10,43.4900016784668,43.5,42.79999923706055,42.81999969482422,34.94701385498047,104326500
2017-08-11,42.869998931884766,43.099998474121094,42.720001220703125,42.91999816894531,35.02861785888672,52964600
2017-08-14,43.38999938964844,43.56999969482422,43.310001373291016,43.36000061035156,35.387718200683594,37340400
2017-08-15,43.33000183105469,43.439998626708984,43.2400016784668,43.40999984741211,35.42852783203125,29467800
2017-08-16,43.77000045776367,43.88999938964844,43.709999084472656,43.86000061035156,35.79579544067383,43356300
2017-08-17,43.7599983215332,43.83000183105469,43.2400016784668,43.29999923706055,35.33876037597656,65838600
2017-08-18,43.470001220703125,43.849998474121094,43.290000915527344,43.66999816894531,35.64072799682617,67014400
2017-08-21,43.77000045776367,43.91999816894531,43.66999816894531,43.83000183105469,35.771305084228516,27756400
2017-08-22,44.13999938964844,44.380001068115234,44.099998474121094,44.31999969482422,36.17121505737305,30935800
2017-08-23,44.2400016784668,44.56999969482422,44.209999084472656,44.529998779296875,36.34260559082031,48383900
2017-08-24,44.72999954223633,44.77000045776367,44.529998779296875,44.66999816894531,36.45685577392578,52141700
2017-08-25,44.91999816894531,45.06999969482422,44.84000015258789,44.93000030517578,36.6690559387207,55530900
2017-08-28,44.90999984741211,44.90999984741211,44.68000030517578,44.77000045776367,36.538475036621094,37424900
2017-08-29,44.77000045776367,44.77000045776367,44.2599983215332,44.689998626708984,36.473182678222656,45507800
2017-08-30,44.630001068115234,44.790000915527344,44.599998474121094,44.7599983215332,36.53031539916992,46687600
2017-08-31,44.77000045776367,44.93000030517578,44.720001220703125,44.83000183105469,36.587440490722656,62118300
2017-09-01,45.0099983215332,45.18000030517578,44.95000076293945,45.15999984741211,36.856773376464844,55195500
2017-09-05,44.810001373291016,44.900001525878906,44.34000015258789,44.56999969482422,36.375244140625,49130500
2017-09-06,44.7400016784668,44.90999984741211,44.66999816894531,44.86000061035156,36.6119270324707,44733800
2017-09-07,45.08000183105469,45.189998626708984,45.02000045776367,45.189998626708984,36.88125228881836,39114300
2017-09-08,45.119998931884766,45.130001068115234,44.810001373291016,44.88999938964844,36.63642120361328,41973600
2017-09-11,45.2599983215332,45.52000045776367,45.25,45.4900016784668,37.126102447509766,45287800
2017-09-12,45.4900016784668,45.529998779296875,45.369998931884766,45.439998626708984,37.08529281616211,49495000
2017-09-13,45.2599983215332,45.33000183105469,45.099998474121094,45.20000076293945,36.8894157409668,54758700
2017-09-14,45.09000015258789,45.34000015258789,45.04999923706055,45.31999969482422,36.98735046386719,36057900
2017-09-15,45.400001525878906,45.650001525878906,45.310001373291016,45.59000015258789,37.20771408081055,47816300
2017-09-18,45.880001068115234,45.959999084472656,45.689998626708984,45.75,37.338287353515625,37633400
2017-09-19,45.779998779296875,45.86000061035156,45.63999938964844,45.849998474121094,37.41990280151367,63741000
2017-09-20,45.869998931884766,45.939998626708984,45.209999084472656,45.63999938964844,37.24851608276367,78810000
2017-09-21,45.63999938964844,45.790000915527344,45.540000915527344,45.63999938964844,37.24851608276367,32668200
2017-09-22,45.38999938964844,45.470001220703125,45.310001373291016,45.380001068115234,37.036319732666016,39264300
2017-09-25,45.0,45.0,44.439998626708984,44.61000061035156,36.407894134521484,85660600
2017-09-26,44.70000076293945,44.7599983215332,44.41999816894531,44.4900016784668,36.30996322631836,62892900
2017-09-27,44.36000061035156,44.45000076293945,44.09000015258789,44.33000183105469,36.17937469482422,80084700
2017-09-28,44.099998474121094,44.36000061035156,44.09000015258789,44.29999923706055,36.15488815307617,54957600
2017-09-29,44.63999938964844,44.91999816894531,44.54999923706055,44.810001373291016,36.57112503051758,70546800
2017-10-02,44.810001373291016,45.029998779296875,44.790000915527344,44.81999969482422,36.57928466796875,68124300
2017-10-03,45.18000030517578,45.540000915527344,45.130001068115234,45.529998779296875,37.15874481201172,54087400
2017-10-04,45.5099983215332,45.630001068115234,45.459999084472656,45.52000045776367,37.150577545166016,45574100
2017-10-05,45.709999084472656,45.9900016784668,45.70000076293945,45.86000061035156,37.42805862426758,38759200
2017-10-06,45.439998626708984,45.65999984741211,45.310001373291016,45.630001068115234,37.240360260009766,44870200
2017-10-09,45.5099983215332,45.599998474121094,45.43000030517578,45.599998474121094,37.21586608886719,25022400
2017-10-10,45.95000076293945,46.08000183105469,45.88999938964844,46.04999923706055,37.583133697509766,45691800
2017-10-11,46.040000915527344,46.279998779296875,46.029998779296875,46.2599983215332,37.754520416259766,48802900
2017-10-12,46.279998779296875,46.369998931884766,46.20000076293945,46.2400016784668,37.738197326660156,35546600
2017-10-13,46.65999984741211,46.75,46.599998474121094,46.65999984741211,38.08098220825195,61902200
2017-10-16,46.779998779296875,46.81999969482422,46.619998931884766,46.630001068115234,38.05649185180664,34089400
2017-10-17,46.5099983215332,46.529998779296875,46.29999923706055,46.38999938964844,37.86063003540039,38828200
2017-10-18,46.54999923706055,46.650001525878906,46.40999984741211,46.5,37.95039749145508,36187200
2017-10-19,46.02000045776367,46.119998931884766,45.88999938964844,46.09000015258789,37.615779876708984,51487000
2017-10-20,46.31999969482422,46.349998474121094,46.18000030517578,46.2599983215332,37.754520416259766,46370200
2017-10-23,46.18000030517578,46.189998626708984,45.880001068115234,45.88999938964844,37.45254898071289,47564000
2017-10-24,45.97999954223633,46.13999938964844,45.880001068115234,45.88999938964844,37.45254898071289,40213400
2017-10-25,46.06999969482422,46.130001068115234,45.43000030517578,45.790000915527344,37.370941162109375,57309600
2017-10-26,45.81999969482422,45.90999984741211,45.470001220703125,45.47999954223633,37.11793518066406,55320500
2017-10-27,45.720001220703125,46.189998626708984,45.58000183105469,46.13999938964844,37.65658950805664,55225600
2017-10-30,45.9900016784668,46.11000061035156,45.790000915527344,45.849998474121094,37.41990280151367,35732500
2017-10-31,46.130001068115234,46.279998779296875,46.060001373291016,46.279998779296875,37.77084732055664,63902300
2017-11-01,46.70000076293945,46.849998474121094,46.4900016784668,46.52000045776367,37.966712951660156,51926300
2017-11-02,46.59000015258789,46.630001068115234,46.36000061035156,46.58000183105469,38.015689849853516,38024500
2017-11-03,46.540000915527344,46.560001373291016,46.09000015258789,46.34000015258789,37.81980895996094,42909900
2017-11-06,46.560001373291016,46.869998931884766,46.540000915527344,46.86000061035156,38.244205474853516,30828500
2017-11-07,46.810001373291016,46.869998931884766,46.4900016784668,46.560001373291016,37.99936294555664,46904400
2017-11-08,46.70000076293945,46.810001373291016,46.619998931884766,46.779998779296875,38.17891311645508,35006300
2017-11-09,46.459999084472656,46.59000015258789,46.13999938964844,46.4900016784668,37.94223403930664,39894900
2017-11-10,46.43000030517578,46.459999084472656,46.189998626708984,46.290000915527344,37.77900695800781,32484400
2017-11-13,46.130001068115234,46.290000915527344,46.02000045776367,46.189998626708984,37.697391510009766,52239700
2017-11-14,46.11000061035156,46.15999984741211,45.81999969482422,45.880001068115234,37.44439697265625,56682300
2017-11-15,45.650001525878906,45.77000045776367,45.45000076293945,45.63999938964844,37.24851608276367,49000900
2017-11-16,46.310001373291016,46.72999954223633,46.29999923706055,46.59000015258789,38.02385330200195,46316400
2017-11-17,46.72999954223633,47.02000045776367,46.70000076293945,46.81999969482422,38.21156311035156,46258900
2017-11-20,46.77000045776367,47.099998474121094,46.75,47.060001373291016,38.40743637084961,45493800
2017-11-21,47.630001068115234,47.880001068115234,47.61000061035156,47.689998626708984,38.921600341796875,63587700
2017-11-22,47.84000015258789,47.93000030517578,47.650001525878906,47.810001373291016,39.01953125,60764000
2017-11-24,47.65999984741211,47.7400016784668,47.61000061035156,47.709999084472656,38.937923431396484,25838000
2017-11-27,47.310001373291016,47.33000183105469,46.9900016784668,47.0099983215332,38.36662292480469,47853200
2017-11-28,47.38999938964844,47.52000045776367,47.18000030517578,47.36000061035156,38.65227508544922,54357600
2017-11-29,47.16999816894531,47.16999816894531,46.5,46.61000061035156,38.04016876220703,66269800
2017-11-30,46.470001220703125,46.47999954223633,46.06999969482422,46.099998474121094,37.62394714355469,118059300
2017-12-01,45.97999954223633,46.06999969482422,45.619998931884766,45.84000015258789,37.411746978759766,88358900
2017-12-04,46.349998474121094,46.43000030517578,45.88999938964844,45.93000030517578,37.485191345214844,67381600
2017-12-05,45.959999084472656,46.209999084472656,45.86000061035156,45.900001525878906,37.46071243286133,32126400
2017-12-06,45.119998931884766,45.380001068115234,45.060001373291016,45.279998779296875,36.95470428466797,81862800
2017-12-07,45.400001525878906,45.529998779296875,45.04999923706055,45.40999984741211,37.0608024597168,70820800
2017-12-08,45.91999816894531,46.0,45.7400016784668,45.939998626708984,37.49336242675781,42794900
2017-12-11,46.189998626708984,46.2599983215332,46.099998474121094,46.16999816894531,37.681068420410156,46795900
2017-12-12,45.7400016784668,45.959999084472656,45.65999984741211,45.86000061035156,37.42805862426758,47157800
2017-12-13,46.150001525878906,46.560001373291016,46.13999938964844,46.40999984741211,37.87693405151367,75946200
2017-12-14,46.2599983215332,46.380001068115234,46.06999969482422,46.06999969482422,37.599456787109375,50968200
2017-12-15,46.15999984741211,46.2599983215332,45.93000030517578,46.16999816894531,37.681068420410156,67881200
2017-12-18,46.56999969482422,46.849998474121094,46.529998779296875,46.689998626708984,38.105464935302734,61186100
2017-12-19,46.06999969482422,46.06999969482422,45.68000030517578,45.75,37.90413284301758,51306800
2017-12-20,45.959999084472656,46.02000045776367,45.79999923706055,45.810001373291016,37.95384216308594,42832800
2017-12-21,46.0,46.27000045776367,45.970001220703125,46.11000061035156,38.20240020751953,40602200
2017-12-22,46.290000915527344,46.5099983215332,46.22999954223633,46.5,38.525516510009766,40032700
2017-12-26,46.41999816894531,46.470001220703125,46.2599983215332,46.459999084472656,38.49237060546875,29614100
2017-12-27,46.52000045776367,46.63999938964844,46.45000076293945,46.58000183105469,38.591796875,35373200
2017-12-28,47.0099983215332,47.04999923706055,46.790000915527344,46.900001525878906,38.85690689086914,34284300
2017-12-29,47.279998779296875,47.31999969482422,47.060001373291016,47.119998931884766,39.039188385009766,46485100
2018-01-02,47.779998779296875,48.06999969482422,47.72999954223633,48.0099983215332,39.77655792236328,68969400
2018-01-03,48.290000915527344,48.540000915527344,48.279998779296875,48.470001220703125,40.15766906738281,56228700
2018-01-04,48.59000015258789,48.779998779296875,48.56999969482422,48.709999084472656,40.35650634765625,52154900
2018-01-05,48.81999969482422,49.13999938964844,48.77000045776367,49.130001068115234,40.70448303222656,50026900
2018-01-08,49.060001373291016,49.220001220703125,49.02000045776367,49.130001068115234,40.70448303222656,36998200
2018-01-09,49.119998931884766,49.130001068115234,48.83000183105469,49.04999923706055,40.63819885253906,42131600
2018-01-10,48.68000030517578,48.84000015258789,48.529998779296875,48.7400016784668,40.38136672973633,72183900
2018-01-11,48.66999816894531,49.04999923706055,48.65999984741211,49.040000915527344,40.629913330078125,38720900
2018-01-12,49.13999938964844,49.540000915527344,49.0099983215332,49.5099983215332,41.01931381225586,69358300
2018-01-16,49.70000076293945,49.849998474121094,49.22999954223633,49.31999969482422,40.86188888549805,80418000
2018-01-17,49.70000076293945,50.09000015258789,49.630001068115234,49.970001220703125,41.40043258666992,65863500
2018-01-18,49.959999084472656,50.099998474121094,49.88999938964844,50.029998779296875,41.45013427734375,33947000
2018-01-19,50.279998779296875,50.439998626708984,50.130001068115234,50.439998626708984,41.78981399536133,60503700
2018-01-22,50.40999984741211,50.7400016784668,50.29999923706055,50.72999954223633,42.03009033203125,49191200
2018-01-23,50.72999954223633,50.9900016784668,50.650001525878906,50.970001220703125,42.22893524169922,61277300
2018-01-24,51.29999923706055,51.52000045776367,51.040000915527344,51.400001525878906,42.58519744873047,63963100
2018-01-25,51.45000076293945,51.83000183105469,51.209999084472656,51.369998931884766,42.56032943725586,61533700
2018-01-26,51.72999954223633,52.08000183105469,51.61000061035156,52.08000183105469,43.1485710144043,80566200
2018-01-29,51.45000076293945,51.5099983215332,51.220001220703125,51.290000915527344,42.49406051635742,58884200
2018-01-30,50.7400016784668,50.79999923706055,50.380001068115234,50.59000015258789,41.914100646972656,87601400
2018-01-31,51.279998779296875,51.34000015258789,50.63999938964844,51.029998779296875,42.27864456176758,96654200
2018-02-01,50.56999969482422,50.849998474121094,50.29999923706055,50.34000015258789,41.706974029541016,72143800
2018-02-02,49.81999969482422,49.849998474121094,49.0099983215332,49.04999923706055,40.63819885253906,116832800
2018-02-05,48.97999954223633,49.47999954223633,47.33000183105469,47.33000183105469,39.21318054199219,151202100
2018-02-06,47.31999969482422,49.279998779296875,47.18000030517578,48.869998931884766,40.48907470703125,183650300
2018-02-07,48.0,48.52000045776367,47.29999923706055,47.33000183105469,39.21318054199219,156301200
2018-02-08,47.630001068115234,47.66999816894531,45.630001068115234,45.689998626708984,37.85442352294922,163250200
2018-02-09,46.310001373291016,46.779998779296875,45.040000915527344,46.41999816894531,38.459228515625,153419800
2018-02-12,47.08000183105469,47.4900016784668,46.65999984741211,47.150001525878906,39.06404113769531,104447700
2018-02-13,47.220001220703125,47.650001525878906,47.16999816894531,47.5099983215332,39.362300872802734,55739700
2018-02-14,47.40999984741211,48.81999969482422,47.38999938964844,48.70000076293945,40.348228454589844,96491500
2018-02-15,49.560001373291016,49.86000061035156,48.9900016784668,49.70000076293945,41.17672348022461,95168100
2018-02-16,49.34000015258789,49.9900016784668,49.33000183105469,49.540000915527344,41.04417419433594,70876400
2018-02-20,48.65999984741211,49.029998779296875,48.59000015258789,48.86000061035156,40.48078155517578,78660300
2018-02-21,49.29999923706055,49.86000061035156,48.779998779296875,48.81999969482422,40.44764709472656,66591900
2018-02-22,48.970001220703125,49.349998474121094,48.810001373291016,48.849998474121094,40.472496032714844,62436300
2018-02-23,49.45000076293945,49.7400016784668,49.2400016784668,49.720001220703125,41.19330978393555,43623300
2018-02-26,49.849998474121094,50.18000030517578,49.56999969482422,50.18000030517578,41.574405670166016,51742600
2018-02-27,49.529998779296875,49.59000015258789,48.720001220703125,48.720001220703125,40.36479187011719,94671000
2018-02-28,48.83000183105469,48.88999938964844,48.02000045776367,48.02000045776367,39.784847259521484,102169900
2018-03-01,48.369998931884766,48.75,47.5,47.93000030517578,39.71027755737305,112694400
2018-03-02,47.349998474121094,48.22999954223633,47.11000061035156,48.130001068115234,39.87596893310547,72756200
2018-03-05,47.61000061035156,48.290000915527344,47.54999923706055,48.20000076293945,39.93396759033203,55905400
2018-03-06,49.0099983215332,49.029998779296875,48.52000045776367,48.650001525878906,40.30680465698242,57199200
2018-03-07,48.34000015258789,48.72999954223633,48.119998931884766,48.70000076293945,40.348228454589844,46554800
2018-03-08,48.790000915527344,48.84000015258789,48.47999954223633,48.709999084472656,40.35650634765625,46733900
2018-03-09,49.11000061035156,49.77000045776367,49.06999969482422,49.75,41.21815490722656,58818700
2018-03-12,49.810001373291016,49.970001220703125,49.61000061035156,49.869998931884766,41.31757354736328,52944500
2018-03-13,50.099998474121094,50.18000030517578,49.2400016784668,49.41999816894531,40.94474792480469,60376000
2018-03-14,49.790000915527344,49.86000061035156,49.22999954223633,49.5,41.01103210449219,51067200
2018-03-15,49.65999984741211,49.72999954223633,49.13999938964844,49.31999969482422,40.86188888549805,65778900
2018-03-16,49.13999938964844,49.349998474121094,49.119998931884766,49.209999084472656,40.770755767822266,66155800
2018-03-19,48.88999938964844,49.0,48.38999938964844,48.68000030517578,40.331661224365234,65394200
2018-03-20,49.09000015258789,49.34000015258789,48.97999954223633,49.220001220703125,40.779052734375,60101700
2018-03-21,49.15999984741211,49.70000076293945,49.0099983215332,49.5099983215332,41.01931381225586,78575100
2018-03-22,48.369998931884766,48.61000061035156,47.779998779296875,47.86000061035156,39.652286529541016,87622700
2018-03-23,47.939998626708984,48.02000045776367,46.869998931884766,46.88999938964844,38.84862518310547,82908800
2018-03-26,48.099998474121094,48.470001220703125,47.54999923706055,48.40999984741211,40.10795211791992,73320800
2018-03-27,48.45000076293945,48.52000045776367,47.41999816894531,47.529998779296875,39.37887191772461,84232100
2018-03-28,47.380001068115234,47.54999923706055,46.970001220703125,47.290000915527344,39.180030822753906,78140800
2018-03-29,47.630001068115234,48.45000076293945,47.56999969482422,48.279998779296875,40.00025177001953,82685500
2018-04-02,47.95000076293945,48.16999816894531,46.959999084472656,47.40999984741211,39.27945327758789,72405700
2018-04-03,47.84000015258789,47.939998626708984,47.459999084472656,47.880001068115234,39.66884994506836,52874500
2018-04-04,46.59000015258789,47.93000030517578,46.540000915527344,47.900001525878906,39.685420989990234,68352400
2018-04-05,48.09000015258789,48.2599983215332,47.83000183105469,48.02000045776367,39.784847259521484,48247700
2018-04-06,47.540000915527344,47.869998931884766,46.79999923706055,47.08000183105469,39.00604248046875,76156700
2018-04-09,47.41999816894531,47.65999984741211,47.119998931884766,47.130001068115234,39.04747009277344,55352700
2018-04-10,47.81999969482422,48.119998931884766,47.61000061035156,48.04999923706055,39.809696197509766,87142000
2018-04-11,47.75,48.18000030517578,47.7400016784668,48.06999969482422,39.82626724243164,51569200
2018-04-12,47.970001220703125,48.189998626708984,47.88999938964844,48.04999923706055,39.809696197509766,52968500
2018-04-13,48.0099983215332,48.060001373291016,47.439998626708984,47.56999969482422,39.412010192871094,56518000
2018-04-16,47.5,47.66999816894531,47.349998474121094,47.630001068115234,39.46172332763672,43005800
2018-04-17,47.41999816894531,47.869998931884766,47.400001525878906,47.72999954223633,39.54457473754883,58168100
2018-04-18,47.90999984741211,48.310001373291016,47.84000015258789,48.13999938964844,39.88426971435547,80289500
2018-04-19,48.2599983215332,48.290000915527344,47.70000076293945,47.86000061035156,39.652286529541016,67581100
2018-04-20,47.59000015258789,47.619998931884766,47.04999923706055,47.2599983215332,39.155189514160156,80997700
2018-04-23,47.16999816894531,47.29999923706055,46.779998779296875,46.880001068115234,38.84034729003906,74337500
2018-04-24,47.2599983215332,47.36000061035156,46.43000030517578,46.65999984741211,38.65807342529297,72196800
2018-04-25,46.310001373291016,46.40999984741211,46.0099983215332,46.29999923706055,38.35980987548828,69106800
2018-04-26,46.56999969482422,47.0,46.540000915527344,46.970001220703125,38.914913177490234,45047800
2018-04-27,47.2400016784668,47.34000015258789,46.970001220703125,47.2599983215332,39.155189514160156,33545000
2018-04-30,47.43000030517578,47.4900016784668,46.90999984741211,46.91999816894531,38.87348937988281,49179000
2018-05-01,46.63999938964844,46.7599983215332,46.099998474121094,46.689998626708984,38.68292999267578,75839300
2018-05-02,46.7400016784668,46.84000015258789,46.279998779296875,46.31999969482422,38.376380920410156,66837900
2018-05-03,46.290000915527344,46.349998474121094,45.599998474121094,46.220001220703125,38.29353332519531,83449200
2018-05-04,45.77000045776367,46.59000015258789,45.72999954223633,46.43000030517578,38.46751403808594,60099100
2018-05-07,46.04999923706055,46.349998474121094,46.02000045776367,46.15999984741211,38.24382019042969,58886100
2018-05-08,46.27000045776367,46.439998626708984,45.97999954223633,46.41999816894531,38.459228515625,58783600
2018-05-09,46.560001373291016,46.61000061035156,46.27000045776367,46.5099983215332,38.533790588378906,46129500
2018-05-10,47.06999969482422,47.650001525878906,46.9900016784668,47.47999954223633,39.33744812011719,115804000
2018-05-11,47.68000030517578,47.72999954223633,47.279998779296875,47.400001525878906,39.27116775512695,68838600
2018-05-14,47.65999984741211,47.779998779296875,47.38999938964844,47.459999084472656,39.32087326049805,34353300
2018-05-15,46.58000183105469,46.70000076293945,46.279998779296875,46.47999954223633,38.508941650390625,78379300
2018-05-16,46.91999816894531,47.27000045776367,46.91999816894531,47.18000030517578,39.08889389038086,60004200
2018-05-17,46.66999816894531,46.79999923706055,46.310001373291016,46.459999084472656,38.49237060546875,73014000
2018-05-18,46.04999923706055,46.189998626708984,45.939998626708984,46.06999969482422,38.16926193237305,59258700
2018-05-21,46.45000076293945,46.540000915527344,46.15999984741211,46.349998474121094,38.40123748779297,59330200
2018-05-22,46.54999923706055,46.75,46.45000076293945,46.5099983215332,38.533790588378906,32584700
2018-05-23,45.959999084472656,46.529998779296875,45.95000076293945,46.4900016784668,38.51723098754883,70687800
2018-05-24,46.2400016784668,46.33000183105469,45.72999954223633,46.2400016784668,38.310096740722656,79762900
2018-05-25,46.22999954223633,46.5,46.189998626708984,46.43000030517578,38.46751403808594,39374500
2018-05-29,45.7400016784668,45.880001068115234,45.119998931884766,45.349998474121094,37.572731018066406,112089900
2018-05-30,45.36000061035156,45.7599983215332,45.15999984741211,45.709999084472656,37.8709831237793,72813800
2018-05-31,45.650001525878906,45.91999816894531,45.459999084472656,45.689998626708984,37.85442352294922,92066200
2018-06-01,46.060001373291016,46.349998474121094,46.0,46.33000183105469,38.38467025756836,66762200
2018-06-04,46.720001220703125,46.90999984741211,46.70000076293945,46.79999923706055,38.77406311035156,36302900
2018-06-05,46.65999984741211,46.7400016784668,46.41999816894531,46.439998626708984,38.47580337524414,40092200
2018-06-06,46.84000015258789,47.150001525878906,46.7400016784668,47.13999938964844,39.055755615234375,46801500
2018-06-07,46.970001220703125,47.02000045776367,46.130001068115234,46.41999816894531,38.459228515625,89752500
2018-06-08,46.16999816894531,46.529998779296875,45.9900016784668,46.33000183105469,38.38467025756836,73944700
2018-06-11,46.380001068115234,46.5,46.2599983215332,46.33000183105469,38.38467025756836,38323500
2018-06-12,46.310001373291016,46.369998931884766,46.029998779296875,46.209999084472656,38.285255432128906,57189800
2018-06-13,46.290000915527344,46.36000061035156,45.619998931884766,45.900001525878906,38.02840805053711,100698800
2018-06-14,45.900001525878906,45.9900016784668,45.540000915527344,45.59000015258789,37.77157211303711,76094800
2018-06-15,45.16999816894531,45.290000915527344,44.91999816894531,45.22999954223633,37.47330856323242,86066000
2018-06-18,44.59000015258789,44.7400016784668,44.34000015258789,44.68000030517578,37.01763153076172,83532600
2018-06-19,43.56999969482422,43.9900016784668,43.40999984741211,43.900001525878906,36.609004974365234,122657600
2018-06-20,44.29999923706055,44.36000061035156,44.040000915527344,44.09000015258789,36.7674560546875,69822800
2018-06-21,43.81999969482422,43.84000015258789,43.40999984741211,43.470001220703125,36.25043869018555,86214100
2018-06-22,44.099998474121094,44.119998931884766,43.77000045776367,43.91999816894531,36.62569046020508,48711000
2018-06-25,43.5099983215332,43.560001373291016,42.900001525878906,43.33000183105469,36.13368225097656,110854500
2018-06-26,43.349998474121094,43.43000030517578,43.04999923706055,43.15999984741211,35.991912841796875,69228700
2018-06-27,43.099998474121094,43.11000061035156,42.20000076293945,42.33000183105469,35.29975891113281,95340400
2018-06-28,42.290000915527344,42.709999084472656,42.150001525878906,42.689998626708984,35.59996795654297,105345300
2018-06-29,43.2400016784668,43.45000076293945,43.20000076293945,43.33000183105469,36.13368225097656,108877000
2018-07-02,42.619998931884766,42.970001220703125,42.529998779296875,42.900001525878906,35.77509307861328,78848700
2018-07-03,43.18000030517578,43.220001220703125,42.869998931884766,42.93000030517578,35.800113677978516,28637200
2018-07-05,43.04999923706055,43.09000015258789,42.650001525878906,42.81999969482422,35.708377838134766,67394400
2018-07-06,42.95000076293945,43.58000183105469,42.91999816894531,43.40999984741211,36.20038986206055,69933900
2018-07-09,44.0099983215332,44.20000076293945,43.790000915527344,44.189998626708984,36.85084915161133,80552700
2018-07-10,44.04999923706055,44.11000061035156,43.7400016784668,44.09000015258789,36.7674560546875,63808300
2018-07-11,43.369998931884766,43.58000183105469,43.060001373291016,43.22999954223633,36.05027770996094,58679200
2018-07-12,43.7599983215332,43.91999816894531,43.599998474121094,43.81999969482422,36.542301177978516,53833300
2018-07-13,43.77000045776367,43.95000076293945,43.619998931884766,43.849998474121094,36.56731414794922,40515300
2018-07-16,43.63999938964844,43.70000076293945,43.45000076293945,43.61000061035156,36.36717224121094,31717300
2018-07-17,43.439998626708984,44.0099983215332,43.38999938964844,43.93000030517578,36.634029388427734,46911500
2018-07-18,43.689998626708984,43.91999816894531,43.560001373291016,43.880001068115234,36.59233474731445,41182100
2018-07-19,43.20000076293945,43.529998779296875,43.060001373291016,43.34000015258789,36.14200973510742,72549300
2018-07-20,43.77000045776367,44.040000915527344,43.7400016784668,43.959999084472656,36.659053802490234,75114300
2018-07-23,43.7599983215332,43.779998779296875,43.529998779296875,43.66999816894531,36.41720199584961,57679100
2018-07-24,44.38999938964844,44.56999969482422,44.18000030517578,44.310001373291016,36.95092010498047,66639400
2018-07-25,44.599998474121094,45.060001373291016,44.47999954223633,45.029998779296875,37.55133819580078,77820500
2018-07-26,44.650001525878906,44.779998779296875,44.5,44.529998779296875,37.134376525878906,68705800
2018-07-27,44.86000061035156,44.95000076293945,44.45000076293945,44.689998626708984,37.2678108215332,63743400
2018-07-30,44.790000915527344,44.86000061035156,44.4900016784668,44.619998931884766,37.20943069458008,41541400
2018-07-31,44.619998931884766,44.93000030517578,44.5099983215332,44.86000061035156,37.409576416015625,88217500
2018-08-01,44.470001220703125,44.689998626708984,44.34000015258789,44.459999084472656,37.076011657714844,61755000
2018-08-02,43.54999923706055,43.939998626708984,43.459999084472656,43.869998931884766,36.58399200439453,68678600
2018-08-03,44.02000045776367,44.2599983215332,43.970001220703125,44.209999084472656,36.86752700805664,41043800
2018-08-06,43.88999938964844,44.02000045776367,43.77000045776367,43.869998931884766,36.58399200439453,33153800
2018-08-07,44.380001068115234,44.54999923706055,44.29999923706055,44.31999969482422,36.959251403808594,38719500
2018-08-08,44.22999954223633,44.31999969482422,44.09000015258789,44.2599983215332,36.90922164916992,30610200
2018-08-09,44.31999969482422,44.41999816894531,44.099998474121094,44.130001068115234,36.80081558227539,35013900
2018-08-10,43.13999938964844,43.33000183105469,43.04999923706055,43.189998626708984,36.016929626464844,86629900
2018-08-13,42.790000915527344,42.88999938964844,42.369998931884766,42.47999954223633,35.42485046386719,75183500
2018-08-14,42.63999938964844,42.86000061035156,42.560001373291016,42.7400016784668,35.64167022705078,56724600
2018-08-15,41.540000915527344,41.709999084472656,41.130001068115234,41.5099983215332,34.61595153808594,138633600
2018-08-16,41.91999816894531,42.11000061035156,41.75,41.77000045776367,34.832767486572266,78123900
2018-08-17,41.619998931884766,42.310001373291016,41.52000045776367,42.209999084472656,35.19968795776367,76030400
2018-08-20,42.310001373291016,42.439998626708984,42.16999816894531,42.400001525878906,35.35813903808594,50762900
2018-08-21,42.83000183105469,43.11000061035156,42.79999923706055,42.939998626708984,35.80845260620117,70462300
2018-08-22,42.97999954223633,43.349998474121094,42.97999954223633,43.279998779296875,36.09197998046875,45602900
2018-08-23,43.130001068115234,43.2599983215332,42.529998779296875,42.58000183105469,35.508243560791016,68878400
2018-08-24,43.220001220703125,43.400001525878906,43.08000183105469,43.369998931884766,36.16703414916992,69304200
2018-08-27,43.77000045776367,44.15999984741211,43.7599983215332,43.9900016784668,36.684059143066406,96574800
2018-08-28,44.11000061035156,44.18000030517578,43.7400016784668,43.83000183105469,36.550636291503906,50093400
2018-08-29,43.72999954223633,44.119998931884766,43.63999938964844,44.099998474121094,36.77579879760742,58165600
2018-08-30,43.41999816894531,43.41999816894531,42.79999923706055,42.95000076293945,35.81679153442383,120206400
2018-08-31,42.88999938964844,43.310001373291016,42.84000015258789,43.16999816894531,36.00025177001953,88660500
2018-09-04,42.4900016784668,42.4900016784668,42.22999954223633,42.33000183105469,35.29975891113281,76724700
2018-09-05,41.84000015258789,41.90999984741211,41.59000015258789,41.720001220703125,34.79106903076172,77835800
2018-09-06,41.79999923706055,41.90999984741211,41.47999954223633,41.7599983215332,34.824432373046875,73104400
2018-09-07,41.630001068115234,41.939998626708984,41.38999938964844,41.54999923706055,34.64929962158203,61590700
2018-09-10,41.540000915527344,41.540000915527344,41.09000015258789,41.13999938964844,34.30739212036133,61116600
2018-09-11,40.7400016784668,41.2400016784668,40.630001068115234,41.22999954223633,34.382450103759766,74608700
2018-09-12,41.040000915527344,41.689998626708984,40.88999938964844,41.439998626708984,34.55757141113281,116612700
2018-09-13,42.060001373291016,42.279998779296875,41.810001373291016,42.0,35.02457046508789,96306500
2018-09-14,42.22999954223633,42.279998779296875,41.7599983215332,41.959999084472656,34.9912109375,65202700
2018-09-17,41.650001525878906,41.810001373291016,41.52000045776367,41.58000183105469,34.67432403564453,74603900
2018-09-18,41.779998779296875,42.04999923706055,41.77000045776367,41.97999954223633,35.00788497924805,52000700
2018-09-19,42.33000183105469,42.61000061035156,42.31999969482422,42.560001373291016,35.49156951904297,55892400
2018-09-20,42.93000030517578,43.060001373291016,42.689998626708984,43.029998779296875,35.88351058959961,93427400
2018-09-21,43.09000015258789,43.29999923706055,43.029998779296875,43.22999954223633,36.05027770996094,102750700
2018-09-24,42.72999954223633,42.790000915527344,42.59000015258789,42.7400016784668,35.64167022705078,54411700
2018-09-25,42.810001373291016,43.0099983215332,42.7599983215332,42.90999984741211,35.78342819213867,49467000
2018-09-26,42.97999954223633,43.5099983215332,42.939998626708984,43.0,35.858482360839844,84080400
2018-09-27,43.130001068115234,43.349998474121094,43.09000015258789,43.209999084472656,36.03361129760742,45547200
2018-09-28,42.88999938964844,43.150001525878906,42.779998779296875,42.91999816894531,35.79177474975586,64732800
2018-10-01,43.130001068115234,43.15999984741211,42.83000183105469,42.93000030517578,35.800113677978516,31030500
2018-10-02,42.369998931884766,42.599998474121094,42.2599983215332,42.38999938964844,35.349796295166016,57719700
2018-10-03,42.689998626708984,42.720001220703125,41.91999816894531,42.040000915527344,35.05792236328125,76571200
2018-10-04,41.61000061035156,41.619998931884766,40.810001373291016,40.9900016784668,34.182315826416016,132360900
2018-10-05,41.0099983215332,41.08000183105469,40.459999084472656,40.84000015258789,34.057220458984375,80578500
2018-10-08,40.560001373291016,40.9900016784668,40.47999954223633,40.900001525878906,34.107261657714844,59744400
2018-10-09,40.56999969482422,40.959999084472656,40.43000030517578,40.75,33.9821662902832,60976800
2018-10-10,40.540000915527344,40.54999923706055,39.529998779296875,39.540000915527344,32.97312545776367,99036700
2018-10-11,39.31999969482422,39.7400016784668,38.77000045776367,39.13999938964844,32.63956832885742,168923800
2018-10-12,40.2599983215332,40.36000061035156,39.7400016784668,40.290000915527344,33.598575592041016,116892100
2018-10-15,39.939998626708984,40.13999938964844,39.779998779296875,39.86000061035156,33.23997497558594,52651000
2018-10-16,40.36000061035156,40.900001525878906,40.290000915527344,40.86000061035156,34.07390213012695,65949500
2018-10-17,40.54999923706055,40.58000183105469,40.15999984741211,40.36000061035156,33.65694046020508,69718700
2018-10-18,39.93000030517578,39.959999084472656,39.15999984741211,39.29999923706055,32.772987365722656,107005100
2018-10-19,39.90999984741211,40.15999984741211,39.58000183105469,39.66999816894531,33.08153533935547,81176200
2018-10-22,40.34000015258789,40.41999816894531,39.91999816894531,40.099998474121094,33.440120697021484,67724900
2018-10-23,39.150001525878906,39.88999938964844,38.93000030517578,39.65999984741211,33.07319641113281,89864600
2018-10-24,39.459999084472656,39.5099983215332,38.36000061035156,38.380001068115234,32.00578308105469,87632500
2018-10-25,38.81999969482422,39.38999938964844,38.709999084472656,39.119998931884766,32.62287902832031,80961600
2018-10-26,38.310001373291016,38.970001220703125,38.13999938964844,38.66999816894531,32.24761962890625,139198800
2018-10-29,39.0099983215332,39.06999969482422,37.58000183105469,38.0,31.688892364501953,102322800
2018-10-30,38.22999954223633,38.75,38.150001525878906,38.7400016784668,32.305999755859375,99881500
2018-10-31,39.15999984741211,39.38999938964844,39.0,39.15999984741211,32.6562385559082,92768300
2018-11-01,39.779998779296875,40.59000015258789,39.560001373291016,40.560001373291016,33.823726654052734,120482200
2018-11-02,41.25,41.400001525878906,40.40999984741211,40.81999969482422,34.0405387878418,111324700
2018-11-05,40.810001373291016,41.02000045776367,40.709999084472656,40.93000030517578,34.132266998291016,58319600
2018-11-06,40.72999954223633,40.93000030517578,40.63999938964844,40.86000061035156,34.07390213012695,40847800
2018-11-07,41.40999984741211,41.70000076293945,41.150001525878906,41.630001068115234,34.71601486206055,81011500
2018-11-08,41.09000015258789,41.22999954223633,40.41999816894531,40.54999923706055,33.81538391113281,90610900
2018-11-09,39.93000030517578,39.97999954223633,39.4900016784668,39.79999923706055,33.18994903564453,82943700
2018-11-12,39.66999816894531,39.7400016784668,39.13999938964844,39.2400016784668,32.72294998168945,68569700
2018-11-13,39.619998931884766,40.08000183105469,39.439998626708984,39.689998626708984,33.09821701049805,106305600
2018-11-14,40.060001373291016,40.189998626708984,39.56999969482422,39.93000030517578,33.29835891723633,96621100
2018-11-15,40.13999938964844,41.04999923706055,40.060001373291016,40.81999969482422,34.0405387878418,146475800
2018-11-16,40.4900016784668,41.11000061035156,40.369998931884766,40.900001525878906,34.107261657714844,135075800
2018-11-19,40.619998931884766,40.68000030517578,40.2400016784668,40.349998474121094,33.648590087890625,77777300
2018-11-20,39.720001220703125,39.90999984741211,39.34000015258789,39.47999954223633,32.923099517822266,98272800
2018-11-21,40.209999084472656,40.47999954223633,40.130001068115234,40.209999084472656,33.53185272216797,68104600
2018-11-23,39.7400016784668,39.95000076293945,39.709999084472656,39.7400016784668,33.13991165161133,32048200
2018-11-26,40.29999923706055,40.41999816894531,40.08000183105469,40.22999954223633,33.54853439331055,76320100
2018-11-27,40.09000015258789,40.5099983215332,40.029998779296875,40.5099983215332,33.78202819824219,81069100
2018-11-28,40.790000915527344,41.5099983215332,40.470001220703125,41.47999954223633,34.59093475341797,121010900
2018-11-29,41.189998626708984,41.400001525878906,40.91999816894531,41.119998931884766,34.29072189331055,104239600
2018-11-30,40.959999084472656,41.16999816894531,40.79999923706055,41.08000183105469,34.25736618041992,92961200
2018-12-03,42.130001068115234,42.150001525878906,41.70000076293945,41.90999984741211,34.94951629638672,125024100
2018-12-04,41.95000076293945,42.02000045776367,40.91999816894531,41.02000045776367,34.20732879638672,134758200
2018-12-06,39.93000030517578,40.68000030517578,39.68000030517578,40.63999938964844,33.89042663574219,165155100
2018-12-07,40.58000183105469,40.849998474121094,39.779998779296875,39.880001068115234,33.25666046142578,134304600
2018-12-10,39.61000061035156,39.68000030517578,38.970001220703125,39.459999084472656,32.90641784667969,104465300
2018-12-11,40.02000045776367,40.029998779296875,39.47999954223633,39.7599983215332,33.15658187866211,104014700
2018-12-12,40.5,40.779998779296875,40.380001068115234,40.40999984741211,33.698638916015625,89712200
2018-12-13,40.560001373291016,40.68000030517578,40.349998474121094,40.400001525878906,33.6903076171875,72445400
2018-12-14,39.88999938964844,40.18000030517578,39.79999923706055,39.83000183105469,33.214962005615234,94915600
2018-12-17,39.88999938964844,40.040000915527344,39.33000183105469,39.459999084472656,32.90641784667969,109276200
2018-12-18,39.16999816894531,39.380001068115234,39.029998779296875,39.13999938964844,33.1298713684082,102509800
2018-12-19,39.33000183105469,39.72999954223633,38.16999816894531,38.4900016784668,32.57968521118164,204046200
2018-12-20,38.880001068115234,39.130001068115234,38.459999084472656,38.790000915527344,32.833621978759766,183908800
2018-12-21,38.900001525878906,39.11000061035156,38.31999969482422,38.52000045776367,32.60508346557617,143673400
2018-12-24,38.439998626708984,38.720001220703125,38.15999984741211,38.15999984741211,32.30036544799805,50709500
2018-12-26,38.40999984741211,38.959999084472656,38.040000915527344,38.91999816894531,32.94365310668945,96347200
2018-12-27,38.400001525878906,38.90999984741211,38.2400016784668,38.869998931884766,32.90134048461914,81792700
2018-12-28,39.189998626708984,39.459999084472656,39.0,39.2400016784668,33.21452331542969,72869100
2018-12-31,39.5,39.540000915527344,38.93000030517578,39.060001373291016,33.062164306640625,72972200
