date,open,high,low,close,adjclose,volume
2001-08-27,42.91666793823242,42.91666793823242,42.7599983215332,42.83333206176758,21.85617446899414,44700
2001-08-28,42.53333282470703,42.58333206176758,42.26333236694336,42.34333419799805,21.60614585876465,319800
2001-08-29,42.45000076293945,42.46666717529297,42.099998474121094,42.150001525878906,21.507495880126953,128400
2001-08-30,41.66666793823242,41.66666793823242,41.43333435058594,41.54999923706055,21.201332092285156,36900
2001-08-31,41.53333282470703,41.71666717529297,41.46666717529297,41.650001525878906,21.25236701965332,1656900
2001-09-04,40.766666412353516,41.16666793823242,40.70000076293945,40.70000076293945,20.76761817932129,570000
2001-09-05,40.56666564941406,40.68333435058594,40.33333206176758,40.45000076293945,20.640058517456055,31500
2001-09-06,39.83333206176758,39.83333206176758,39.53333282470703,39.53333282470703,20.172313690185547,284700
2001-09-07,39.46666717529297,39.46666717529297,39.16666793823242,39.29999923706055,20.053253173828125,99900
2001-09-10,38.43333435058594,38.866668701171875,38.20000076293945,38.849998474121094,19.823640823364258,1438200
2001-09-17,36.75,37.29999923706055,36.70000076293945,37.150001525878906,18.956193923950195,170400
2001-09-18,36.81666564941406,37.08333206176758,36.66666793823242,36.849998474121094,18.80311393737793,991500
2001-09-19,37.20000076293945,37.20000076293945,36.28333282470703,36.75,18.75208854675293,435600
2001-09-20,35.766666412353516,35.766666412353516,35.150001525878906,35.150001525878906,17.935678482055664,123000
2001-09-21,32.66666793823242,34.5,32.66666793823242,34.16666793823242,17.433914184570312,110100
2001-09-24,35.33333206176758,35.81666564941406,35.116668701171875,35.75,18.241830825805664,139500
2001-09-25,36.133331298828125,36.43333435058594,35.849998474121094,36.16666793823242,18.454437255859375,151500
2001-09-26,36.483333587646484,36.483333587646484,36.233333587646484,36.349998474121094,18.54798126220703,138600
2001-09-27,36.349998474121094,36.93333435058594,36.28333282470703,36.92333221435547,18.840534210205078,662400
2001-09-28,37.29999923706055,37.720001220703125,37.22666549682617,37.643333435058594,19.207916259765625,663900
2001-10-01,37.06666564941406,37.439998626708984,36.99333190917969,37.439998626708984,19.10416603088379,432900
2001-10-02,37.0,37.516666412353516,37.0,37.516666412353516,19.171619415283203,309900
2001-10-03,36.83333206176758,38.063331604003906,36.83333206176758,37.900001525878906,19.367515563964844,398700
2001-10-04,38.233333587646484,38.5,37.866668701171875,38.3033332824707,19.57362174987793,578400
2001-10-05,38.3033332824707,38.53333282470703,38.099998474121094,38.36333465576172,19.604286193847656,274200
2001-10-08,37.90999984741211,38.41666793823242,37.866668701171875,38.133331298828125,19.486751556396484,127800
2001-10-09,38.31666564941406,38.45000076293945,37.983333587646484,38.03333282470703,19.435640335083008,2442600
2001-10-10,38.5,38.866668701171875,38.5,38.79999923706055,19.827428817749023,84600
2001-10-11,39.21666717529297,39.313331604003906,38.83333206176758,39.06666564941406,19.96369743347168,197400
2001-10-12,38.599998474121094,39.016666412353516,38.599998474121094,39.016666412353516,19.938146591186523,83400
2001-10-15,38.5,38.66666793823242,38.383331298828125,38.400001525878906,19.62302589416504,192600
2001-10-16,38.766666412353516,38.93333435058594,38.599998474121094,38.93333435058594,19.895557403564453,361800
2001-10-17,39.66666793823242,39.66666793823242,38.96666717529297,38.96666717529297,19.912593841552734,224700
2001-10-18,38.766666412353516,38.866668701171875,38.33333206176758,38.650001525878906,19.750778198242188,260700
2001-10-19,38.133331298828125,38.29999923706055,37.91999816894531,38.266666412353516,19.55488395690918,258000
2001-10-22,38.0,38.53333282470703,38.0,38.53333282470703,19.69115447998047,393000
2001-10-23,38.96666717529297,39.099998474121094,38.84000015258789,38.84000015258789,19.847869873046875,159300
2001-10-24,39.16666793823242,39.33333206176758,39.03333282470703,39.22999954223633,20.047155380249023,161100
2001-10-25,38.75,39.233333587646484,38.58333206176758,39.17333221435547,20.018205642700195,63900
2001-10-26,39.03333282470703,39.426666259765625,39.03333282470703,39.426666259765625,20.14766502380371,169500
2001-10-29,39.33333206176758,39.36333465576172,38.60333251953125,38.60333251953125,19.7269287109375,595500
2001-10-30,38.366668701171875,38.46666717529297,38.02000045776367,38.16666793823242,19.5037784576416,260100
2001-10-31,38.633331298828125,38.75,38.220001220703125,38.27333450317383,19.55829429626465,783000
2001-11-01,38.79999923706055,39.08000183105469,38.56666564941406,39.08000183105469,19.970516204833984,810300
2001-11-02,38.99333190917969,39.09333419799805,38.779998779296875,39.07666778564453,19.968807220458984,908700
2001-11-05,39.133331298828125,39.5533332824707,39.133331298828125,39.46666717529297,20.168106079101562,168600
2001-11-06,39.5,39.95000076293945,39.366668701171875,39.87666702270508,20.377620697021484,651300
2001-11-07,39.29999923706055,39.633331298828125,39.266666412353516,39.516666412353516,20.193660736083984,352200
2001-11-08,39.766666412353516,40.15666580200195,39.766666412353516,39.79999923706055,20.338441848754883,989400
2001-11-09,39.43333435058594,39.776668548583984,39.41666793823242,39.733333587646484,20.30437469482422,970200
2001-11-12,39.16666793823242,39.2599983215332,38.91666793823242,39.20000076293945,20.03183364868164,512700
2001-11-13,39.43333435058594,39.606666564941406,39.40999984741211,39.560001373291016,20.215797424316406,298800
2001-11-14,39.733333587646484,39.790000915527344,39.53333282470703,39.599998474121094,20.236236572265625,152400
2001-11-15,39.58333206176758,39.793331146240234,39.563331604003906,39.77000045776367,20.323116302490234,4697400
2001-11-16,40.0,40.09333419799805,39.8466682434082,39.99333190917969,20.437236785888672,659700
2001-11-19,40.400001525878906,40.47666549682617,40.13666534423828,40.19333267211914,20.539445877075195,432900
2001-11-20,40.16666793823242,40.18333435058594,39.91666793823242,39.91666793823242,20.39805793762207,358800
2001-11-21,39.93333435058594,39.93333435058594,39.663333892822266,39.813331604003906,20.345258712768555,143100
2001-11-23,39.79999923706055,39.939998626708984,39.79999923706055,39.939998626708984,20.40998649597168,228300
2001-11-26,40.29999923706055,40.400001525878906,40.12666702270508,40.32666778564453,20.607576370239258,360300
2001-11-27,40.08333206176758,40.086666107177734,39.67333221435547,40.01333236694336,20.447460174560547,443700
2001-11-28,39.33333206176758,39.59000015258789,39.29999923706055,39.31666564941406,20.091453552246094,534000
2001-11-29,39.483333587646484,39.53333282470703,39.290000915527344,39.4033317565918,20.135732650756836,1168500
2001-11-30,39.46666717529297,39.68333435058594,39.46666717529297,39.5533332824707,20.212390899658203,1092600
2001-12-03,39.099998474121094,39.30666732788086,39.02000045776367,39.21666717529297,20.04034996032715,541500
2001-12-04,39.400001525878906,39.77333450317383,39.400001525878906,39.77333450317383,20.324819564819336,1386300
2001-12-05,40.28333282470703,40.79999923706055,40.25666809082031,40.72999954223633,20.813690185546875,524400
2001-12-06,40.66666793823242,40.926666259765625,40.61000061035156,40.856666564941406,20.87841796875,508200
2001-12-07,40.366668701171875,40.47999954223633,40.16999816894531,40.2400016784668,20.56329917907715,5501100
2001-12-10,39.46666717529297,39.75,39.41666793823242,39.46666717529297,20.168106079101562,564000
2001-12-11,39.599998474121094,39.776668548583984,39.53666687011719,39.54666519165039,20.208986282348633,1061100
2001-12-12,39.83333206176758,39.83333206176758,39.43333435058594,39.709999084472656,20.292449951171875,447900
2001-12-13,39.0,39.08333206176758,38.686668395996094,38.77000045776367,19.812095642089844,728100
2001-12-14,39.0,39.063331604003906,38.86333465576172,38.99333190917969,19.926225662231445,874800
2001-12-17,39.16666793823242,39.616668701171875,39.150001525878906,39.456668853759766,20.162996292114258,678300
2001-12-18,39.616668701171875,39.733333587646484,39.473331451416016,39.563331604003906,20.217504501342773,908400
2001-12-19,39.0,39.21666717529297,38.92333221435547,39.150001525878906,20.006284713745117,772500
2001-12-20,39.0,39.099998474121094,38.849998474121094,38.959999084472656,19.909194946289062,1377600
2001-12-21,39.03333282470703,39.15666580200195,38.983333587646484,39.15666580200195,20.009695053100586,901200
2001-12-24,38.79999923706055,39.04999923706055,38.79999923706055,38.983333587646484,19.935026168823242,291300
2001-12-26,38.66666793823242,39.12666702270508,38.66666793823242,38.95000076293945,19.91798210144043,499500
2001-12-27,39.33333206176758,39.53333282470703,39.28333282470703,39.46666717529297,20.182193756103516,418500
2001-12-28,39.70000076293945,39.82666778564453,39.66666793823242,39.779998779296875,20.34242057800293,1309200
2001-12-31,39.810001373291016,39.970001220703125,39.766666412353516,39.766666412353516,20.33560562133789,717300
2002-01-02,39.95000076293945,39.98666763305664,39.6533317565918,39.98666763305664,20.448104858398438,1215900
2002-01-03,40.03333282470703,40.3466682434082,40.0,40.3466682434082,20.632200241088867,971400
2002-01-04,40.66666793823242,40.689998626708984,40.33333206176758,40.61333465576172,20.768564224243164,377400
2002-01-07,40.24333190917969,40.383331298828125,40.00666809082031,40.073333740234375,20.4924259185791,387900
2002-01-08,39.53333282470703,39.78666687011719,39.483333587646484,39.616668701171875,20.258899688720703,532500
2002-01-09,39.606666564941406,39.686668395996094,39.20000076293945,39.20000076293945,20.045825958251953,1169100
2002-01-10,39.29666519165039,39.37666702270508,39.16666793823242,39.293331146240234,20.09355354309082,539400
2002-01-11,39.349998474121094,39.4466667175293,39.03333282470703,39.06999969482422,19.979351043701172,697200
2002-01-14,38.849998474121094,39.0,38.586666107177734,38.68000030517578,19.779911041259766,537600
2002-01-15,38.83333206176758,38.900001525878906,38.383331298828125,38.650001525878906,19.764575958251953,887100
2002-01-16,38.133331298828125,38.32666778564453,37.970001220703125,37.970001220703125,19.416841506958008,425400
2002-01-17,38.58333206176758,38.630001068115234,38.31666564941406,38.516666412353516,19.696392059326172,526200
2002-01-18,38.400001525878906,38.5,38.25,38.5,19.6878662109375,580800
2002-01-22,38.543331146240234,38.543331146240234,37.856666564941406,38.04999923706055,19.457744598388672,561900
2002-01-23,38.22666549682617,38.233333587646484,38.040000915527344,38.150001525878906,19.50888442993164,757200
2002-01-24,38.53666687011719,38.599998474121094,38.27000045776367,38.356666564941406,19.614566802978516,467700
2002-01-25,37.96666717529297,38.086666107177734,37.776668548583984,37.810001373291016,19.33501625061035,582000
2002-01-28,38.133331298828125,38.18000030517578,37.91666793823242,38.163333892822266,19.515703201293945,1504800
2002-01-29,37.849998474121094,37.96666717529297,36.93000030517578,37.10333251953125,18.973644256591797,463200
2002-01-30,37.150001525878906,37.51333236694336,36.81999969482422,37.51333236694336,19.183311462402344,507900
2002-01-31,37.616668701171875,37.616668701171875,37.21666717529297,37.46666717529297,19.159446716308594,734100
2002-02-01,37.65666580200195,37.65666580200195,37.2599983215332,37.383331298828125,19.116830825805664,452100
2002-02-04,37.483333587646484,37.483333587646484,36.856666564941406,37.07666778564453,18.960012435913086,683400
2002-02-05,36.70000076293945,36.78666687011719,36.29999923706055,36.336666107177734,18.581592559814453,259800
2002-02-06,36.233333587646484,36.5,36.233333587646484,36.28333282470703,18.5543212890625,382800
2002-02-07,36.599998474121094,36.86000061035156,36.5,36.686668395996094,18.760576248168945,122100
2002-02-08,37.03333282470703,37.18000030517578,36.810001373291016,37.18000030517578,19.012853622436523,536100
2002-02-11,37.41666793823242,37.63666534423828,37.33333206176758,37.633331298828125,19.244680404663086,240300
2002-02-12,37.516666412353516,37.73666763305664,37.383331298828125,37.616668701171875,19.23615264892578,107100
2002-02-13,37.71666717529297,37.793331146240234,37.53333282470703,37.66666793823242,19.261716842651367,141900
2002-02-14,37.83333206176758,38.19333267211914,37.81666564941406,37.96666717529297,19.415128707885742,225000
2002-02-15,38.06666564941406,38.06666564941406,37.68333435058594,37.733333587646484,19.295812606811523,258300
2002-02-19,37.073333740234375,37.116668701171875,36.78666687011719,36.93333435058594,18.8867130279541,300000
2002-02-20,36.83333206176758,37.099998474121094,36.616668701171875,37.099998474121094,18.971948623657227,257700
2002-02-21,37.116668701171875,37.233333587646484,36.70000076293945,36.8466682434082,18.84239959716797,445800
2002-02-22,37.06666564941406,37.21666717529297,36.900001525878906,37.11333465576172,18.9787654876709,226200
2002-02-25,37.29999923706055,37.5966682434082,37.209999084472656,37.58000183105469,19.217403411865234,159900
2002-02-26,37.45333480834961,37.53333282470703,37.176666259765625,37.366668701171875,19.108306884765625,164700
2002-02-27,37.83333206176758,37.959999084472656,37.516666412353516,37.78333282470703,19.321382522583008,325500
2002-02-28,37.8466682434082,38.12666702270508,37.83333206176758,37.91666793823242,19.38956642150879,247500
2002-03-01,38.246665954589844,38.633331298828125,38.12333297729492,38.633331298828125,19.756046295166016,239400
2002-03-04,39.16666793823242,39.97999954223633,39.133331298828125,39.95333480834961,20.431053161621094,856500
2002-03-05,39.516666412353516,39.723331451416016,39.400001525878906,39.51333236694336,20.206056594848633,406800
2002-03-06,39.599998474121094,40.0533332824707,39.5,39.92333221435547,20.415719985961914,735600
2002-03-07,40.75,40.75,40.33333206176758,40.543331146240234,20.732772827148438,832800
2002-03-08,40.93333435058594,40.96333312988281,40.473331451416016,40.60333251953125,20.763456344604492,255900
2002-03-11,40.68333435058594,40.686668395996094,40.400001525878906,40.66666793823242,20.79584312438965,666600
2002-03-12,39.93333435058594,40.20000076293945,39.72666549682617,40.20000076293945,20.557199478149414,890700
2002-03-13,40.0,40.08000183105469,39.766666412353516,39.766666412353516,20.33560562133789,184200
2002-03-14,40.099998474121094,40.366668701171875,40.09333419799805,40.15999984741211,20.5367431640625,277800
2002-03-15,40.33333206176758,40.676666259765625,40.28333282470703,40.606666564941406,20.765155792236328,90300
2002-03-18,40.633331298828125,40.63666534423828,40.38666534423828,40.560001373291016,20.74129867553711,387600
2002-03-19,40.79999923706055,40.849998474121094,40.67333221435547,40.76333236694336,20.84526824951172,202200
2002-03-20,40.483333587646484,40.483333587646484,40.2400016784668,40.2400016784668,20.577661514282227,295500
2002-03-21,40.33000183105469,40.40666580200195,40.03333282470703,40.34333419799805,20.630491256713867,164100
2002-03-22,40.186668395996094,40.27000045776367,39.95333480834961,39.98666763305664,20.448104858398438,179700
2002-03-25,40.099998474121094,40.143333435058594,39.49333190917969,39.49333190917969,20.195831298828125,405000
2002-03-26,39.75,39.996665954589844,39.58000183105469,39.74333190917969,20.32366943359375,281700
2002-03-27,39.83333206176758,39.9466667175293,39.766666412353516,39.8033332824707,20.35434913635254,196500
2002-03-28,40.21666717529297,40.31999969482422,39.959999084472656,40.03333282470703,20.471967697143555,546600
2002-04-01,40.03333282470703,40.266666412353516,39.766666412353516,40.25666809082031,20.586179733276367,334200
2002-04-02,40.20000076293945,40.246665954589844,40.06666564941406,40.099998474121094,20.506059646606445,333900
2002-04-03,40.27000045776367,40.43333435058594,39.90999984741211,40.106666564941406,20.509475708007812,148800
2002-04-04,40.099998474121094,40.16666793823242,39.81666564941406,40.04999923706055,20.480493545532227,246000
2002-04-05,40.25,40.3466682434082,39.913333892822266,40.04999923706055,20.480493545532227,262500
2002-04-08,39.483333587646484,39.59000015258789,39.29999923706055,39.586666107177734,20.243558883666992,377100
2002-04-09,39.633331298828125,39.68333435058594,39.483333587646484,39.526668548583984,20.21287727355957,198300
2002-04-10,39.81666564941406,40.06999969482422,39.7599983215332,40.043331146240234,20.477083206176758,288600
2002-04-11,39.79999923706055,39.810001373291016,39.13999938964844,39.1533317565918,20.02196502685547,315300
2002-04-12,39.43333435058594,39.630001068115234,39.33333206176758,39.5533332824707,20.226512908935547,180300
2002-04-15,39.866668701171875,39.880001068115234,39.516666412353516,39.83333206176758,20.369691848754883,199500
2002-04-16,40.266666412353516,40.66666793823242,40.266666412353516,40.58000183105469,20.75152015686035,208500
2002-04-17,40.900001525878906,40.900001525878906,40.630001068115234,40.633331298828125,20.778797149658203,158700
2002-04-18,40.91666793823242,40.926666259765625,40.366668701171875,40.76333236694336,20.84526824951172,127200
2002-04-19,40.78333282470703,40.926666259765625,40.599998474121094,40.926666259765625,20.928794860839844,379500
2002-04-22,40.483333587646484,40.650001525878906,40.44333267211914,40.63999938964844,20.782203674316406,151500
2002-04-23,40.54999923706055,40.75666809082031,40.43333435058594,40.53333282470703,20.727657318115234,143700
2002-04-24,40.81666564941406,40.81666564941406,40.33333206176758,40.33333206176758,20.625385284423828,312600
2002-04-25,40.400001525878906,40.70000076293945,40.189998626708984,40.70000076293945,20.812883377075195,591900
2002-04-26,40.78333282470703,40.790000915527344,40.27333450317383,40.34000015258789,20.62879180908203,149100
2002-04-29,40.46666717529297,40.529998779296875,40.16999816894531,40.233333587646484,20.574247360229492,249300
2002-04-30,40.349998474121094,40.779998779296875,40.0533332824707,40.643333435058594,20.783912658691406,222600
2002-05-01,40.65999984741211,40.97999954223633,40.16999816894531,40.856666564941406,20.893003463745117,422100
2002-05-02,41.0,41.0,40.46333312988281,40.746665954589844,20.836750030517578,819600
2002-05-03,41.0,41.08333206176758,40.6966667175293,41.02333450317383,20.978225708007812,784800
2002-05-06,40.87333297729492,40.90666580200195,40.503334045410156,40.599998474121094,20.761741638183594,445200
2002-05-07,40.616668701171875,40.616668701171875,40.06666564941406,40.06666564941406,20.489013671875,1614900
2002-05-08,40.56666564941406,41.0099983215332,40.560001373291016,40.95000076293945,20.940732955932617,1940100
2002-05-09,40.70000076293945,40.893333435058594,40.43000030517578,40.75,20.83845329284668,2548200
2002-05-10,40.883331298828125,40.883331298828125,40.28333282470703,40.413333892822266,20.666288375854492,2427000
2002-05-13,40.65999984741211,41.026668548583984,40.53333282470703,41.01333236694336,20.973114013671875,270600
2002-05-14,41.06666564941406,41.133331298828125,40.6966667175293,41.060001373291016,20.996971130371094,600900
2002-05-15,41.12666702270508,41.483333587646484,41.003334045410156,41.233333587646484,21.085615158081055,907800
2002-05-16,41.400001525878906,41.54999923706055,41.266666412353516,41.44333267211914,21.193008422851562,56061600
2002-05-17,41.83333206176758,41.900001525878906,41.586666107177734,41.813331604003906,21.38221549987793,1063200
2002-05-20,41.766666412353516,41.83333206176758,41.53666687011719,41.599998474121094,21.273115158081055,1486800
2002-05-21,41.70000076293945,41.70000076293945,41.436668395996094,41.53666687011719,21.240734100341797,1022700
2002-05-22,41.41666793823242,41.64666748046875,41.400001525878906,41.616668701171875,21.281654357910156,614100
2002-05-23,41.266666412353516,41.70333480834961,41.266666412353516,41.65666580200195,21.302099227905273,839700
2002-05-24,41.41666793823242,41.496665954589844,41.33333206176758,41.383331298828125,21.162330627441406,781200
2002-05-28,41.483333587646484,41.496665954589844,41.17333221435547,41.29999923706055,21.11970329284668,1505400
2002-05-29,41.21666717529297,41.31666564941406,41.119998931884766,41.2599983215332,21.099260330200195,1021200
2002-05-30,41.06666564941406,41.116668701171875,40.849998474121094,41.07666778564453,21.005502700805664,806100
2002-05-31,41.116668701171875,41.18333435058594,40.84333419799805,40.86000061035156,20.894712448120117,1322700
2002-06-03,41.03333282470703,41.18333435058594,40.71666717529297,40.78333282470703,20.855499267578125,555900
2002-06-04,40.349998474121094,40.706668853759766,40.349998474121094,40.54999923706055,20.73617935180664,1016100
2002-06-05,40.29999923706055,40.54666519165039,40.22666549682617,40.46666717529297,20.693571090698242,558300
2002-06-06,40.46333312988281,40.526668548583984,40.03333282470703,40.06666564941406,20.489013671875,687000
2002-06-07,39.66666793823242,39.92333221435547,39.43333435058594,39.75,20.327083587646484,854400
2002-06-10,39.93333435058594,40.060001373291016,39.66666793823242,39.880001068115234,20.393556594848633,1003200
2002-06-11,40.0,40.14666748046875,39.62666702270508,39.68333435058594,20.29298973083496,465900
2002-06-12,39.383331298828125,39.58000183105469,39.16666793823242,39.46333312988281,20.18048667907715,522900
2002-06-13,38.78333282470703,39.026668548583984,38.78333282470703,38.79999923706055,19.841278076171875,555900
2002-06-14,38.15666580200195,38.35333251953125,37.66666793823242,38.35333251953125,19.612857818603516,1286700
2002-06-17,38.48666763305664,39.0,38.383331298828125,38.959999084472656,19.9231014251709,717600
2002-06-18,38.733333587646484,39.09000015258789,38.66666793823242,39.0533332824707,19.970827102661133,552300
2002-06-19,38.206668853759766,38.29999923706055,37.97999954223633,38.0,19.432174682617188,2799300
2002-06-20,38.08333206176758,38.150001525878906,37.823333740234375,37.823333740234375,19.341835021972656,568200
2002-06-21,37.866668701171875,38.189998626708984,37.77333450317383,37.866668701171875,19.36400032043457,1515000
2002-06-24,37.78333282470703,37.973331451416016,37.233333587646484,37.869998931884766,19.36570167541504,1017600
2002-06-25,38.21666717529297,38.380001068115234,37.79666519165039,37.900001525878906,19.381040573120117,1889700
2002-06-26,37.400001525878906,38.060001373291016,37.400001525878906,37.90666580200195,19.38445472717285,816000
2002-06-27,38.46666717529297,38.84333419799805,38.18000030517578,38.84333419799805,19.86344337463379,768300
2002-06-28,39.266666412353516,39.79999923706055,39.266666412353516,39.516666412353516,20.207767486572266,912600
2002-07-01,39.599998474121094,39.70333480834961,39.1966667175293,39.20000076293945,20.045825958251953,614100
2002-07-02,38.849998474121094,39.06666564941406,38.34000015258789,38.483333587646484,19.679340362548828,779100
2002-07-03,38.03333282470703,38.3033332824707,37.84333419799805,38.116668701171875,19.491840362548828,733500
2002-07-05,39.043331146240234,39.5966682434082,38.956668853759766,39.5966682434082,20.248672485351562,402900
2002-07-08,39.56666564941406,39.68000030517578,39.400001525878906,39.56666564941406,20.233327865600586,524700
2002-07-09,39.560001373291016,39.60333251953125,38.883331298828125,39.08333206176758,19.986167907714844,740700
2002-07-10,39.0,39.05666732788086,37.92333221435547,37.98666763305664,19.425355911254883,2103300
2002-07-11,37.33333206176758,37.89666748046875,37.119998931884766,37.83333206176758,19.346942901611328,1058400
2002-07-12,37.81666564941406,37.86333465576172,37.16666793823242,37.31666564941406,19.082740783691406,695700
2002-07-15,37.06666564941406,37.06666564941406,35.856666564941406,36.880001068115234,18.85944366455078,1115700
2002-07-16,35.9900016784668,36.54999923706055,35.753334045410156,36.16666793823242,18.49466323852539,628500
2002-07-17,37.04999923706055,37.349998474121094,36.88666534423828,37.08333206176758,18.963417053222656,658800
2002-07-18,37.37666702270508,37.65999984741211,37.206668853759766,37.22999954223633,19.03841781616211,582900
2002-07-19,36.33333206176758,36.72999954223633,35.606666564941406,35.913333892822266,18.365114212036133,1575300
2002-07-22,35.53333282470703,35.79999923706055,34.5,34.616668701171875,17.702030181884766,1177800
2002-07-23,34.233333587646484,34.426666259765625,33.436668395996094,33.633331298828125,17.199182510375977,797100
2002-07-24,32.599998474121094,34.836666107177734,32.5,34.836666107177734,17.814537048339844,2543400
2002-07-25,34.12666702270508,34.78333282470703,33.93333435058594,34.46666717529297,17.62532615661621,1085400
2002-07-26,34.16666793823242,34.540000915527344,34.003334045410156,34.46666717529297,17.62532615661621,606300
2002-07-29,35.099998474121094,36.16666793823242,35.03333282470703,36.116668701171875,18.469099044799805,902700
2002-07-30,35.599998474121094,36.086666107177734,35.369998931884766,35.88666534423828,18.351472854614258,703200
2002-07-31,35.45000076293945,35.83000183105469,35.133331298828125,35.75,18.28159523010254,600900
2002-08-01,35.04999923706055,35.189998626708984,34.349998474121094,34.5,17.64237403869629,732000
2002-08-02,34.599998474121094,34.66999816894531,34.21666717529297,34.366668701171875,17.574188232421875,855600
2002-08-05,34.18333435058594,34.1966667175293,33.099998474121094,33.20000076293945,16.97757911682129,469800
2002-08-06,33.573333740234375,34.42333221435547,33.573333740234375,33.926666259765625,17.34918212890625,663900
2002-08-07,34.776668548583984,34.79999923706055,34.03333282470703,34.58333206176758,17.684982299804688,675300
2002-08-08,34.616668701171875,35.58333206176758,34.53666687011719,35.366668701171875,18.0855655670166,573300
2002-08-09,34.83333206176758,35.96666717529297,34.83333206176758,35.70000076293945,18.256019592285156,954000
2002-08-12,35.133331298828125,35.61333465576172,35.040000915527344,35.29999923706055,18.051471710205078,450900
2002-08-13,34.79999923706055,35.56666564941406,34.79999923706055,34.96333312988281,17.87931251525879,557700
2002-08-14,35.43333435058594,35.93000030517578,35.016666412353516,35.78333282470703,18.29863739013672,886500
2002-08-15,35.86000061035156,36.133331298828125,35.73666763305664,36.06666564941406,18.44352149963379,575100
2002-08-16,35.766666412353516,36.253334045410156,35.606666564941406,36.06666564941406,18.44352149963379,546600
2002-08-19,35.95000076293945,36.733333587646484,35.9033317565918,36.71666717529297,18.775915145874023,710100
2002-08-20,36.06666564941406,36.233333587646484,35.733333587646484,35.733333587646484,18.2730655670166,834900
2002-08-21,36.5099983215332,36.71333312988281,36.150001525878906,36.633331298828125,18.73329734802246,679500
2002-08-22,36.58333206176758,36.9900016784668,36.43333435058594,36.7400016784668,18.787851333618164,666000
2002-08-23,36.393333435058594,36.526668548583984,36.18000030517578,36.28333282470703,18.5543212890625,1091100
2002-08-26,36.529998779296875,36.70000076293945,36.23666763305664,36.45000076293945,18.639551162719727,603900
2002-08-27,36.883331298828125,37.08333206176758,36.53666687011719,36.77000045776367,18.803190231323242,1427700
2002-08-28,36.16666793823242,36.22999954223633,35.586666107177734,35.766666412353516,18.290111541748047,574800
2002-08-29,35.22666549682617,35.68000030517578,35.16999816894531,35.41666793823242,18.11112403869629,483000
2002-08-30,35.16666793823242,35.65999984741211,35.15666580200195,35.400001525878906,18.10260772705078,686100
2002-09-03,34.599998474121094,34.599998474121094,33.79999923706055,34.016666412353516,17.39521026611328,523200
2002-09-04,34.043331146240234,34.31666564941406,33.753334045410156,34.02333450317383,17.39862060546875,871800
2002-09-05,33.543331146240234,33.8466682434082,33.366668701171875,33.766666412353516,17.267366409301758,451800
2002-09-06,34.43333435058594,34.496665954589844,34.16999816894531,34.2599983215332,17.519636154174805,360000
2002-09-09,34.0,34.1966667175293,33.70000076293945,34.106666564941406,17.441232681274414,779700
2002-09-10,34.45000076293945,34.45000076293945,34.15666580200195,34.366668701171875,17.574188232421875,531000
2002-09-11,34.82666778564453,35.163333892822266,34.686668395996094,34.686668395996094,17.73782730102539,1507800
2002-09-12,34.563331604003906,34.563331604003906,33.94333267211914,34.11333465576172,17.444643020629883,333900
2002-09-13,33.53333282470703,33.68000030517578,33.176666259765625,33.27333450317383,17.01508903503418,1380600
2002-09-16,33.28333282470703,33.28333282470703,33.0,33.0,16.87531089782715,394500
2002-09-17,33.29999923706055,33.3466682434082,32.616668701171875,32.83333206176758,16.790084838867188,541800
2002-09-18,32.81666564941406,32.849998474121094,32.45333480834961,32.81666564941406,16.78156280517578,1149900
2002-09-19,32.4033317565918,32.5,32.18333435058594,32.25,16.491785049438477,1235400
2002-09-20,32.46666717529297,32.5966682434082,31.883333206176758,32.073333740234375,16.40143394470215,771300
2002-09-23,31.700000762939453,31.746667861938477,30.873332977294922,30.933332443237305,15.818474769592285,792300
2002-09-24,30.366666793823242,30.816667556762695,30.25666618347168,30.433332443237305,15.562786102294922,1197300
2002-09-25,31.266666412353516,31.39666748046875,30.583332061767578,31.200000762939453,15.954845428466797,721800
2002-09-26,32.06666564941406,32.41999816894531,31.916667938232422,32.29999923706055,16.517351150512695,2018100
2002-09-27,32.29999923706055,32.57666778564453,32.099998474121094,32.290000915527344,16.512235641479492,1955700
2002-09-30,31.649999618530273,31.766666412353516,31.15333366394043,31.733333587646484,16.227571487426758,2333700
2002-10-01,31.78333282470703,32.53333282470703,31.406667709350586,32.5099983215332,16.624738693237305,829200
2002-10-02,31.816667556762695,32.53333282470703,31.816667556762695,32.063331604003906,16.396329879760742,688500
2002-10-03,32.150001525878906,32.366668701171875,31.636667251586914,31.709999084472656,16.215635299682617,720900
2002-10-04,31.616666793823242,31.950000762939453,30.906667709350586,31.166667938232422,15.937790870666504,388200
2002-10-07,30.60333251953125,30.89666748046875,30.270000457763672,30.399999618530273,15.545740127563477,572100
2002-10-08,30.739999771118164,30.829999923706055,30.086666107177734,30.479999542236328,15.586649894714355,803700
2002-10-09,29.950000762939453,30.213333129882812,29.85333251953125,30.0,15.341194152832031,549000
2002-10-10,30.049999237060547,30.889999389648438,29.8700008392334,30.700000762939453,15.699158668518066,767400
2002-10-11,31.46666717529297,32.18333435058594,31.43666648864746,31.816667556762695,16.270187377929688,908700
2002-10-14,31.47333335876465,31.579999923706055,31.0,31.0,15.85256290435791,1391700
2002-10-15,32.6966667175293,33.279998779296875,32.543331146240234,33.16666793823242,16.960540771484375,1653000
2002-10-16,32.66666793823242,32.813331604003906,32.33333206176758,32.58333206176758,16.6622371673584,385500
2002-10-17,33.43333435058594,33.47999954223633,32.81999969482422,33.04999923706055,16.900876998901367,1015800
2002-10-18,32.70000076293945,33.21666717529297,32.54999923706055,32.78333282470703,16.764511108398438,1116000
2002-10-21,32.82666778564453,33.3466682434082,32.66666793823242,33.25,17.003150939941406,583500
2002-10-22,32.59333419799805,33.086666107177734,32.45000076293945,32.869998931884766,16.8088321685791,2128200
2002-10-23,32.5,32.70000076293945,32.06666564941406,32.56666564941406,16.653717041015625,783000
2002-10-24,32.893333435058594,32.893333435058594,32.25,32.25,16.491785049438477,3072900
2002-10-25,32.43333435058594,32.86000061035156,32.336666107177734,32.79999923706055,16.77303695678711,1576800
2002-10-28,33.28333282470703,33.33333206176758,32.869998931884766,32.95000076293945,16.849748611450195,910800
2002-10-29,32.733333587646484,32.733333587646484,31.893333435058594,32.21666717529297,16.4747371673584,1245900
2002-10-30,32.45000076293945,32.746665954589844,32.35333251953125,32.733333587646484,16.73894691467285,2517000
2002-10-31,33.04666519165039,33.16666793823242,32.83333206176758,32.95000076293945,16.849748611450195,1309500
2002-11-01,32.96666717529297,33.496665954589844,32.766666412353516,33.46333312988281,17.11224937438965,662400
2002-11-04,33.84000015258789,34.266666412353516,33.74333190917969,33.900001525878906,17.335546493530273,575400
2002-11-05,33.91666793823242,34.483333587646484,33.91666793823242,34.41666793823242,17.599763870239258,477300
2002-11-06,34.25,34.43333435058594,33.88999938964844,34.43333435058594,17.6082763671875,1914000
2002-11-07,33.983333587646484,33.996665954589844,33.73666763305664,33.849998474121094,17.309978485107422,1892100
2002-11-08,33.61000061035156,33.86000061035156,33.383331298828125,33.56666564941406,17.165090560913086,868500
2002-11-11,33.310001373291016,33.310001373291016,32.866668701171875,32.90999984741211,16.82928466796875,829800
2002-11-12,33.349998474121094,33.733333587646484,33.119998931884766,33.516666412353516,17.139524459838867,1043100
2002-11-13,33.08333206176758,33.44333267211914,33.03333282470703,33.133331298828125,16.94349479675293,1736400
2002-11-14,33.77333450317383,33.87333297729492,33.6533317565918,33.87333297729492,17.32191276550293,1787100
2002-11-15,33.766666412353516,34.383331298828125,33.733333587646484,34.383331298828125,17.582712173461914,2715300
2002-11-18,34.31666564941406,34.31666564941406,33.88666534423828,33.95000076293945,17.361116409301758,499500
2002-11-19,33.893333435058594,33.96666717529297,33.616668701171875,33.633331298828125,17.199182510375977,434100
2002-11-20,33.516666412353516,34.099998474121094,33.46666717529297,34.099998474121094,17.437820434570312,515400
2002-11-21,34.5,34.959999084472656,34.400001525878906,34.93333435058594,17.863969802856445,752100
2002-11-22,34.70000076293945,35.063331604003906,34.633331298828125,34.766666412353516,17.778738021850586,762000
2002-11-25,34.41666793823242,34.65999984741211,34.30666732788086,34.496665954589844,17.640663146972656,3246600
2002-11-26,34.15999984741211,34.21333312988281,33.66999816894531,33.689998626708984,17.228166580200195,581100
2002-11-27,34.18333435058594,34.62666702270508,34.13666534423828,34.62333297729492,17.705440521240234,1091700
2002-11-29,34.79999923706055,34.9466667175293,34.70000076293945,34.79999923706055,17.795785903930664,721500
2002-12-02,35.16666793823242,35.23666763305664,34.733333587646484,34.973331451416016,17.88442039489746,534300
2002-12-03,34.47666549682617,34.53333282470703,34.18000030517578,34.35333251953125,17.56736946105957,585600
2002-12-04,34.026668548583984,34.47666549682617,33.93333435058594,34.1966667175293,17.48725700378418,1287900
2002-12-05,34.16666793823242,34.293331146240234,33.68333435058594,33.813331604003906,17.291227340698242,756000
2002-12-06,33.516666412353516,34.133331298828125,33.516666412353516,34.04999923706055,17.412250518798828,1064400
2002-12-09,33.65999984741211,33.790000915527344,33.119998931884766,33.176666259765625,16.965652465820312,1185300
2002-12-10,33.483333587646484,33.63666534423828,33.25,33.62666702270508,17.195772171020508,699300
2002-12-11,33.45000076293945,33.663333892822266,33.349998474121094,33.58333206176758,17.17361068725586,2120100
2002-12-12,33.41666793823242,33.61000061035156,33.35333251953125,33.516666412353516,17.139524459838867,5151900
2002-12-13,33.22666549682617,33.310001373291016,33.003334045410156,33.20000076293945,16.97757911682129,937800
2002-12-16,33.483333587646484,33.996665954589844,33.439998626708984,33.91666793823242,17.344074249267578,1738800
2002-12-17,33.68333435058594,34.0,33.67333221435547,33.746665954589844,17.25713348388672,1561200
2002-12-18,33.06666564941406,33.22999954223633,33.016666412353516,33.03333282470703,16.89236068725586,1571100
2002-12-19,32.79666519165039,33.21666717529297,32.720001220703125,33.21666717529297,16.98610496520996,1256100
2002-12-20,33.07666778564453,33.483333587646484,32.970001220703125,33.41666793823242,17.088382720947266,1992600
2002-12-23,32.900001525878906,32.9466667175293,32.483333587646484,32.849998474121094,17.1200008392334,2054700
2002-12-24,32.96666717529297,32.97999954223633,32.766666412353516,32.790000915527344,17.088733673095703,600900
2002-12-26,32.99333190917969,33.16666793823242,32.83333206176758,32.900001525878906,17.146059036254883,1018200
2002-12-27,32.616668701171875,32.75666809082031,32.30666732788086,32.383331298828125,16.87679672241211,1122000
2002-12-30,32.75666809082031,33.04999923706055,32.74333190917969,32.866668701171875,17.128694534301758,1253400
2002-12-31,33.20000076293945,33.20000076293945,32.67333221435547,33.003334045410156,17.19991683959961,1397700
2003-01-02,33.279998779296875,33.79666519165039,33.12333297729492,33.70000076293945,17.562984466552734,860700
2003-01-03,33.766666412353516,33.89666748046875,33.630001068115234,33.733333587646484,17.580360412597656,663000
2003-01-06,33.70000076293945,34.323333740234375,33.599998474121094,34.150001525878906,17.79750633239746,1602600
2003-01-07,33.61000061035156,33.779998779296875,33.41999816894531,33.616668701171875,17.51955795288086,6725400
2003-01-08,32.93333435058594,33.3466682434082,32.900001525878906,33.15999984741211,17.281564712524414,709200
2003-01-09,33.13666534423828,33.61333465576172,33.13666534423828,33.56666564941406,17.493497848510742,2422500
2003-01-10,33.47666549682617,33.733333587646484,33.336666107177734,33.52333450317383,17.47091293334961,675900
2003-01-13,33.78333282470703,33.88999938964844,33.42333221435547,33.59333419799805,17.507396697998047,1176900
2003-01-14,33.633331298828125,33.913333892822266,33.53333282470703,33.849998474121094,17.641159057617188,1388700
2003-01-15,33.69333267211914,33.69333267211914,33.38999938964844,33.526668548583984,17.47265625,499200
2003-01-16,33.70000076293945,33.71333312988281,33.5,33.66666793823242,17.545610427856445,717300
2003-01-17,33.46666717529297,33.5,33.17333221435547,33.313331604003906,17.361474990844727,805500
2003-01-21,32.93333435058594,33.03333282470703,32.599998474121094,32.72666549682617,17.055727005004883,1443900
2003-01-22,32.28333282470703,32.563331604003906,32.133331298828125,32.266666412353516,16.815990447998047,1064400
2003-01-23,32.83333206176758,32.83333206176758,32.336666107177734,32.49333190917969,16.93411636352539,821400
2003-01-24,32.54999923706055,32.54999923706055,32.00666809082031,32.150001525878906,16.755191802978516,541200
2003-01-27,31.450000762939453,31.683332443237305,31.170000076293945,31.293333053588867,16.308732986450195,1155300
2003-01-28,31.383333206176758,31.510000228881836,31.200000762939453,31.426666259765625,16.37822151184082,1166700
2003-01-29,31.100000381469727,31.616666793823242,31.083332061767578,31.350000381469727,16.338266372680664,1705500
2003-01-30,31.623332977294922,31.6299991607666,31.21666717529297,31.329999923706055,16.327842712402344,1506000
2003-01-31,31.316667556762695,31.726667404174805,31.203332901000977,31.583332061767578,16.459871292114258,1015800
2003-02-03,31.863332748413086,32.11333465576172,31.753332138061523,32.08000183105469,16.718717575073242,619200
2003-02-04,31.540000915527344,31.729999542236328,31.40333366394043,31.616666793823242,16.47723960876465,653400
2003-02-05,31.760000228881836,32.143333435058594,31.60333251953125,31.670000076293945,16.505035400390625,801000
2003-02-06,31.34000015258789,31.453332901000977,31.136667251586914,31.363332748413086,16.345216751098633,523200
2003-02-07,31.316667556762695,31.450000762939453,30.866666793823242,30.90999984741211,16.108963012695312,546600
2003-02-10,30.969999313354492,31.073333740234375,30.71666717529297,31.016666412353516,16.16454315185547,532200
2003-02-11,31.016666412353516,31.413333892822266,31.016666412353516,31.166667938232422,16.242719650268555,721800
2003-02-12,31.093332290649414,31.239999771118164,30.836666107177734,30.836666107177734,16.070735931396484,596700
2003-02-13,31.066667556762695,31.34666633605957,30.876667022705078,31.290000915527344,16.306991577148438,501000
2003-02-14,31.329999923706055,31.719999313354492,31.18666648864746,31.586666107177734,16.461605072021484,594300
2003-02-18,31.899999618530273,32.06666564941406,31.833332061767578,32.04999923706055,16.703075408935547,640200
2003-02-19,31.639999389648438,31.780000686645508,31.299999237060547,31.299999237060547,16.312206268310547,2189700
2003-02-20,31.633333206176758,31.633333206176758,31.286666870117188,31.333332061767578,16.329574584960938,250800
2003-02-21,31.233333587646484,31.579999923706055,31.233333587646484,31.53333282470703,16.43381118774414,1104000
2003-02-24,31.336666107177734,31.383333206176758,31.14666748046875,31.149999618530273,16.234033584594727,694800
2003-02-25,30.666667938232422,30.850000381469727,30.386667251586914,30.766666412353516,16.034259796142578,1611000
2003-02-26,30.399999618530273,30.516666412353516,30.233333587646484,30.399999618530273,15.843169212341309,1377600
2003-02-27,30.40999984741211,30.59000015258789,30.25,30.44333267211914,15.865754127502441,1026000
2003-02-28,30.74333381652832,30.916667938232422,30.606666564941406,30.916667938232422,16.112430572509766,899700
2003-03-03,31.293333053588867,31.31333351135254,30.899999618530273,31.049999237060547,16.18191909790039,718200
2003-03-04,30.833332061767578,30.833332061767578,30.5,30.600000381469727,15.947394371032715,1403700
2003-03-05,30.600000381469727,30.76333236694336,30.516666412353516,30.649999618530273,15.973455429077148,746700
2003-03-06,30.299999237060547,30.44333267211914,30.17333221435547,30.299999237060547,15.791051864624023,765300
2003-03-07,29.916667938232422,30.163333892822266,29.78333282470703,30.079999923706055,15.67639446258545,711000
2003-03-10,29.399999618530273,29.516666412353516,29.200000762939453,29.246667861938477,15.242103576660156,1649400
2003-03-11,29.266666412353516,29.406667709350586,29.149999618530273,29.149999618530273,15.191723823547363,1033500
2003-03-12,28.913333892822266,28.996667861938477,28.543333053588867,28.81333351135254,15.016263961791992,1614600
2003-03-13,29.253332138061523,29.773332595825195,29.15999984741211,29.636667251586914,15.445352554321289,2728800
2003-03-14,29.823333740234375,30.093332290649414,29.623332977294922,29.78333282470703,15.52178955078125,1962300
2003-03-17,29.60333251953125,30.719999313354492,29.583332061767578,30.623332977294922,15.959562301635742,2464200
2003-03-18,30.796667098999023,30.796667098999023,30.433332443237305,30.753332138061523,16.027313232421875,4454400
2003-03-19,30.833332061767578,31.03333282470703,30.670000076293945,30.916667938232422,16.112430572509766,1033800
2003-03-20,30.893333435058594,31.176666259765625,30.703332901000977,31.113332748413086,16.214921951293945,1044000
2003-03-21,31.536666870117188,32.063331604003906,31.350000381469727,31.866666793823242,16.607526779174805,2088600
2003-03-24,31.25,31.25,30.833332061767578,30.833332061767578,16.06900405883789,1530900
2003-03-25,30.799999237060547,31.18000030517578,30.799999237060547,31.176666259765625,16.24793243408203,1936500
2003-03-26,31.366666793823242,31.463333129882812,31.190000534057617,31.19333267211914,16.256622314453125,916500
2003-03-27,30.913333892822266,31.123332977294922,30.573333740234375,30.983333587646484,16.147178649902344,485100
2003-03-28,30.600000381469727,30.933332443237305,30.600000381469727,30.78333282470703,16.04294776916504,1169100
2003-03-31,30.25,30.456666946411133,30.03333282470703,30.200000762939453,15.738936424255371,1401900
2003-04-01,30.56333351135254,30.670000076293945,30.333332061767578,30.670000076293945,15.983879089355469,1181400
2003-04-02,31.066667556762695,31.23666763305664,31.02666664123535,31.176666259765625,16.24793243408203,2012400
2003-04-03,31.213333129882812,31.246667861938477,30.98666763305664,31.003332138061523,16.15760040283203,1245900
2003-04-04,31.266666412353516,31.51333236694336,31.206666946411133,31.420000076293945,16.37474250793457,621600
2003-04-07,32.22999954223633,32.28333282470703,31.82666778564453,31.82666778564453,16.586687088012695,1147800
2003-04-08,31.843332290649414,31.8799991607666,31.683332443237305,31.833332061767578,16.590158462524414,487500
2003-04-09,31.996667861938477,32.040000915527344,31.633333206176758,31.713333129882812,16.527620315551758,2949300
2003-04-10,31.733333587646484,31.733333587646484,31.446666717529297,31.549999237060547,16.442493438720703,639300
2003-04-11,31.700000762939453,31.706666946411133,31.366666793823242,31.3700008392334,16.348697662353516,327900
2003-04-14,31.56999969482422,31.883333206176758,31.43666648864746,31.84666633605957,16.597105026245117,1698600
2003-04-15,32.0966682434082,32.31999969482422,31.8700008392334,32.28333282470703,16.82468032836914,1128900
2003-04-16,32.206668853759766,32.31666564941406,32.0,32.06999969482422,16.7135009765625,1815000
2003-04-17,32.39666748046875,32.586666107177734,32.31999969482422,32.53333282470703,16.95496940612793,1543500
2003-04-21,32.43333435058594,32.529998779296875,32.26333236694336,32.41999816894531,16.89590835571289,1130400
2003-04-22,32.20333480834961,32.956668853759766,32.20333480834961,32.88999938964844,17.140850067138672,2584200
2003-04-23,32.96666717529297,33.28666687011719,32.88999938964844,33.18000030517578,17.291982650756836,5359200
2003-04-24,33.0,33.0,32.723331451416016,32.91999816894531,17.156478881835938,1192200
2003-04-25,32.43333435058594,32.456668853759766,32.3033332824707,32.336666107177734,16.852468490600586,1229100
2003-04-28,32.54999923706055,32.996665954589844,32.54999923706055,32.90999984741211,17.15127182006836,791400
2003-04-29,33.08333206176758,33.32666778564453,32.91999816894531,33.099998474121094,17.250288009643555,467700
2003-04-30,33.37666702270508,33.43000030517578,33.18333435058594,33.27000045776367,17.33888816833496,1732200
2003-05-01,33.35333251953125,33.5,33.04999923706055,33.40666580200195,17.410110473632812,913200
2003-05-02,33.310001373291016,33.79666519165039,33.176666259765625,33.6966667175293,17.561246871948242,778800
2003-05-05,34.03333282470703,34.12333297729492,33.869998931884766,33.95333480834961,17.695011138916016,1083600
2003-05-06,34.29999923706055,34.86000061035156,34.29999923706055,34.66999816894531,18.06850814819336,808200
2003-05-07,34.44333267211914,34.483333587646484,34.223331451416016,34.349998474121094,17.9017391204834,668700
2003-05-08,33.913333892822266,34.133331298828125,33.733333587646484,33.83333206176758,17.632469177246094,1073400
2003-05-09,33.93333435058594,34.37666702270508,33.93333435058594,34.2599983215332,17.854829788208008,957300
2003-05-12,34.33333206176758,34.68000030517578,34.15666580200195,34.53333282470703,17.997278213500977,860400
2003-05-13,34.3033332824707,34.68333435058594,34.3033332824707,34.529998779296875,17.99554443359375,952200
2003-05-14,34.813331604003906,34.81666564941406,34.45000076293945,34.540000915527344,18.000751495361328,522300
2003-05-15,34.75666809082031,34.75666809082031,34.5,34.599998474121094,18.032028198242188,612300
2003-05-16,34.776668548583984,35.07666778564453,34.70333480834961,35.026668548583984,18.254384994506836,459000
2003-05-19,34.65999984741211,34.71333312988281,34.03333282470703,34.08000183105469,17.76102638244629,676500
2003-05-20,34.233333587646484,34.496665954589844,34.17333221435547,34.41999816894531,17.938215255737305,693900
2003-05-21,34.119998931884766,34.186668395996094,33.936668395996094,34.063331604003906,17.752338409423828,1339800
2003-05-22,34.28333282470703,34.78333282470703,34.223331451416016,34.52000045776367,17.99033546447754,1334400
2003-05-23,34.58333206176758,34.790000915527344,34.470001220703125,34.71666717529297,18.092832565307617,632700
2003-05-27,34.54999923706055,35.0966682434082,34.483333587646484,35.016666412353516,18.249174118041992,763800
2003-05-28,35.03333282470703,35.313331604003906,34.98666763305664,35.18333435058594,18.336034774780273,801600
2003-05-29,35.233333587646484,35.619998931884766,35.223331451416016,35.349998474121094,18.42289161682129,594300
2003-05-30,35.46666717529297,35.633331298828125,35.33333206176758,35.41666793823242,18.4576358795166,1646400
2003-06-02,35.779998779296875,36.12666702270508,35.616668701171875,35.746665954589844,18.62962532043457,1393500
2003-06-03,35.746665954589844,35.866668701171875,35.52000045776367,35.83333206176758,18.674785614013672,1439400
2003-06-04,35.650001525878906,36.18000030517578,35.650001525878906,36.04999923706055,18.787700653076172,920100
2003-06-05,36.223331451416016,36.47999954223633,36.10333251953125,36.413333892822266,18.97705841064453,1451100
2003-06-06,36.79999923706055,36.959999084472656,36.44333267211914,36.633331298828125,19.09170150756836,1814100
2003-06-09,36.46666717529297,36.630001068115234,36.25,36.369998931884766,18.95447540283203,904500
2003-06-10,36.53666687011719,36.686668395996094,36.4033317565918,36.663333892822266,19.107349395751953,535800
2003-06-11,36.81666564941406,37.33333206176758,36.77000045776367,37.266666412353516,19.421775817871094,702300
2003-06-12,37.40999984741211,37.47999954223633,37.13666534423828,37.366668701171875,19.473892211914062,1860000
2003-06-13,37.426666259765625,37.46333312988281,37.043331146240234,37.150001525878906,19.360977172851562,1373100
2003-06-16,37.43000030517578,37.766666412353516,37.43000030517578,37.69333267211914,19.644142150878906,681300
2003-06-17,37.93000030517578,37.93000030517578,37.72999954223633,37.77000045776367,19.684091567993164,797700
2003-06-18,37.56666564941406,37.86000061035156,37.56666564941406,37.663333892822266,19.62849998474121,725100
2003-06-19,37.33333206176758,37.436668395996094,37.10333251953125,37.21666717529297,19.39571189880371,1944300
2003-06-20,37.43333435058594,37.529998779296875,37.0966682434082,37.266666412353516,19.421775817871094,1131300
2003-06-23,37.11000061035156,37.11000061035156,36.68333435058594,36.85333251953125,19.206363677978516,744000
2003-06-24,36.49333190917969,36.62666702270508,36.369998931884766,36.563331604003906,19.055225372314453,874800
2003-06-25,36.58000183105469,36.79666519165039,36.20000076293945,36.20000076293945,18.86587905883789,1455900
2003-06-26,36.34333419799805,36.59000015258789,36.186668395996094,36.366668701171875,18.95273780822754,417900
2003-06-27,36.40999984741211,36.46333312988281,36.063331604003906,36.09333419799805,18.810285568237305,1479000
2003-06-30,36.5099983215332,36.5099983215332,36.099998474121094,36.10333251953125,18.81549644470215,1613700
2003-07-01,36.0,36.426666259765625,35.893333435058594,36.31666564941406,18.92667579650879,1467000
2003-07-02,36.663333892822266,37.08333206176758,36.619998931884766,37.03333282470703,19.300167083740234,1419600
2003-07-03,36.86333465576172,36.96666717529297,36.74333190917969,36.83333206176758,19.195940017700195,1455300
2003-07-07,37.276668548583984,37.529998779296875,37.25666809082031,37.5099983215332,19.548599243164062,2078100
2003-07-08,37.150001525878906,37.516666412353516,37.10333251953125,37.33333206176758,19.456523895263672,719700
2003-07-09,37.246665954589844,37.349998474121094,36.93333435058594,37.13999938964844,19.35576057434082,635700
2003-07-10,36.71666717529297,37.099998474121094,36.71666717529297,36.95000076293945,19.256744384765625,2265900
2003-07-11,36.79666519165039,37.19333267211914,36.61333465576172,36.869998931884766,19.215057373046875,3879300
2003-07-14,37.28333282470703,37.650001525878906,37.10333251953125,37.266666412353516,19.421775817871094,1445400
2003-07-15,37.41666793823242,37.529998779296875,36.75,36.91666793823242,19.23937225341797,3166500
2003-07-16,36.913333892822266,36.9466667175293,36.426666259765625,36.63999938964844,19.095184326171875,1337100
2003-07-17,36.12666702270508,36.29666519165039,35.970001220703125,36.06666564941406,18.796384811401367,1727100
2003-07-18,36.28333282470703,36.6966667175293,36.233333587646484,36.633331298828125,19.09170150756836,683700
2003-07-21,36.4466667175293,36.4466667175293,36.25,36.35333251953125,18.94578742980957,1119000
2003-07-22,36.45000076293945,36.529998779296875,36.233333587646484,36.266666412353516,18.900625228881836,3241200
2003-07-23,36.59333419799805,36.90666580200195,36.5,36.8033332824707,19.18030548095703,724800
2003-07-24,37.21666717529297,37.28333282470703,36.86333465576172,36.86333465576172,19.211578369140625,1459200
2003-07-25,37.26333236694336,37.413333892822266,36.939998626708984,37.32666778564453,19.453046798706055,1580100
2003-07-28,37.31999969482422,37.49333190917969,37.31999969482422,37.42333221435547,19.503427505493164,1042500
2003-07-29,37.5966682434082,37.5966682434082,37.18333435058594,37.266666412353516,19.421775817871094,677700
2003-07-30,37.29999923706055,37.29999923706055,36.86333465576172,36.956668853759766,19.260221481323242,876600
2003-07-31,37.0966682434082,37.21666717529297,36.586666107177734,36.650001525878906,19.10039710998535,3659400
2003-08-01,36.66666793823242,36.70000076293945,36.53666687011719,36.643333435058594,19.096923828125,1482000
2003-08-04,36.89666748046875,36.89666748046875,36.470001220703125,36.75,19.152517318725586,835800
2003-08-05,36.746665954589844,36.790000915527344,36.40666580200195,36.40666580200195,18.973583221435547,1669200
2003-08-06,36.516666412353516,36.516666412353516,36.336666107177734,36.349998474121094,18.944046020507812,1060500
2003-08-07,36.66666793823242,36.66666793823242,36.276668548583984,36.56666564941406,19.056974411010742,432300
2003-08-08,36.71666717529297,36.95000076293945,36.5533332824707,36.68000030517578,19.11603355407715,1206600
2003-08-11,36.94333267211914,37.073333740234375,36.76333236694336,37.03333282470703,19.300167083740234,571800
2003-08-12,37.186668395996094,37.26333236694336,37.003334045410156,37.189998626708984,19.38182258605957,808200
2003-08-13,37.1966667175293,37.33000183105469,37.12666702270508,37.21666717529297,19.39571189880371,637800
2003-08-14,37.56666564941406,37.78666687011719,37.336666107177734,37.746665954589844,19.671932220458984,1311000
2003-08-15,37.71333312988281,37.78333282470703,37.599998474121094,37.65999984741211,19.626768112182617,366000
2003-08-18,37.64666748046875,38.21333312988281,37.529998779296875,38.18333435058594,19.899505615234375,1170300
2003-08-19,38.08333206176758,38.12666702270508,37.87333297729492,38.099998474121094,19.856075286865234,831900
2003-08-20,38.063331604003906,38.063331604003906,37.88666534423828,38.029998779296875,19.819599151611328,754800
2003-08-21,38.11333465576172,38.220001220703125,37.93000030517578,38.099998474121094,19.856075286865234,606300
2003-08-22,38.22999954223633,38.22999954223633,37.82666778564453,37.880001068115234,19.74142074584961,555900
2003-08-25,37.81666564941406,37.83333206176758,37.5533332824707,37.72666549682617,19.66151237487793,991200
2003-08-26,37.543331146240234,37.68333435058594,37.25,37.529998779296875,19.55901336669922,1089600
2003-08-27,37.61333465576172,37.6966667175293,37.53666687011719,37.5966682434082,19.59376335144043,1442400
2003-08-28,37.66666793823242,37.83333206176758,37.51333236694336,37.81666564941406,19.70841407775879,1079700
2003-08-29,37.7400016784668,37.996665954589844,37.7400016784668,37.856666564941406,19.729263305664062,591000
2003-09-02,38.016666412353516,38.439998626708984,38.016666412353516,38.43000030517578,20.028060913085938,901500
2003-09-03,38.776668548583984,39.026668548583984,38.66666793823242,38.93333435058594,20.290376663208008,2043000
2003-09-04,38.84333419799805,38.92333221435547,38.58333206176758,38.88666534423828,20.266050338745117,1139700
2003-09-05,38.926666259765625,39.02333450317383,38.77000045776367,38.96333312988281,20.306001663208008,423900
2003-09-08,39.09000015258789,39.31666564941406,39.0099983215332,39.13666534423828,20.396339416503906,1236000
2003-09-09,39.133331298828125,39.29999923706055,39.04999923706055,39.21333312988281,20.436302185058594,1450500
2003-09-10,39.150001525878906,39.150001525878906,38.79999923706055,38.81666564941406,20.229568481445312,2636700
2003-09-11,39.03333282470703,39.09333419799805,38.8466682434082,39.03333282470703,20.342485427856445,690600
2003-09-12,39.25666809082031,39.29999923706055,38.883331298828125,39.20000076293945,20.42934226989746,630600
2003-09-15,39.33333206176758,39.39666748046875,39.18000030517578,39.313331604003906,20.488412857055664,4375500
2003-09-16,39.57666778564453,39.956668853759766,39.43333435058594,39.70333480834961,20.691661834716797,813300
2003-09-17,39.936668395996094,40.01333236694336,39.74333190917969,39.96333312988281,20.82716178894043,886200
2003-09-18,40.426666259765625,40.426666259765625,39.869998931884766,40.383331298828125,21.04605484008789,1835700
2003-09-19,40.143333435058594,40.37666702270508,40.116668701171875,40.233333587646484,20.967870712280273,1131300
2003-09-22,40.08000183105469,40.08000183105469,39.68333435058594,39.779998779296875,20.73162269592285,2204700
2003-09-23,39.78666687011719,39.96666717529297,39.69333267211914,39.869998931884766,20.778520584106445,2469900
2003-09-24,40.08333206176758,40.116668701171875,39.66666793823242,39.676666259765625,20.677766799926758,2603400
2003-09-25,39.81666564941406,39.970001220703125,39.16666793823242,39.16666793823242,20.4119815826416,1749600
2003-09-26,39.27000045776367,39.383331298828125,39.0,39.0,20.325115203857422,2462700
2003-09-29,39.2599983215332,39.7599983215332,39.13666534423828,39.5,20.585695266723633,765000
2003-09-30,39.5533332824707,39.5533332824707,38.939998626708984,39.0,20.325115203857422,2134200
2003-10-01,39.37333297729492,40.279998779296875,39.37333297729492,40.279998779296875,20.9921932220459,1397400
2003-10-02,40.246665954589844,40.27333450317383,40.03333282470703,40.21666717529297,20.959192276000977,1935000
2003-10-03,40.913333892822266,41.016666412353516,40.58333206176758,40.8033332824707,21.26494026184082,921600
2003-10-06,40.926666259765625,41.22999954223633,40.79999923706055,41.22999954223633,21.4872989654541,917400
2003-10-07,41.01333236694336,41.24333190917969,40.83333206176758,41.16666793823242,21.45429039001465,781800
2003-10-08,41.28333282470703,41.28666687011719,40.79999923706055,40.996665954589844,21.365692138671875,506700
2003-10-09,41.33000183105469,41.516666412353516,41.21666717529297,41.279998779296875,21.51335334777832,735600
2003-10-10,41.663333892822266,41.663333892822266,41.43333435058594,41.45333480834961,21.603689193725586,601500
2003-10-13,41.793331146240234,41.866668701171875,41.616668701171875,41.86333465576172,21.817365646362305,1119600
2003-10-14,41.709999084472656,42.09000015258789,41.5966682434082,42.08333206176758,21.93201446533203,448500
2003-10-15,41.92333221435547,42.063331604003906,41.66666793823242,41.68333435058594,21.723554611206055,667200
2003-10-16,41.793331146240234,42.150001525878906,41.709999084472656,41.93333435058594,21.85384750366211,570300
2003-10-17,41.939998626708984,41.959999084472656,41.68333435058594,41.71666717529297,21.740928649902344,444000
2003-10-20,41.9466667175293,42.163333892822266,41.753334045410156,42.163333892822266,21.973712921142578,521700
2003-10-21,42.063331604003906,42.20000076293945,41.883331298828125,42.02000045776367,21.89900779724121,1185300
2003-10-22,41.66666793823242,41.71333312988281,41.470001220703125,41.61000061035156,21.685335159301758,1143300
2003-10-23,40.83000183105469,41.22666549682617,40.70000076293945,41.08333206176758,21.410860061645508,679500
2003-10-24,41.05666732788086,41.26333236694336,40.93333435058594,41.163333892822266,21.45254898071289,556800
2003-10-27,41.16666793823242,41.496665954589844,41.16666793823242,41.3466682434082,21.548095703125,843900
2003-10-28,41.560001373291016,41.93333435058594,41.503334045410156,41.83333206176758,21.801719665527344,876600
2003-10-29,41.86333465576172,42.0,41.689998626708984,41.78333282470703,21.775667190551758,804300
2003-10-30,42.26333236694336,42.29999923706055,41.753334045410156,41.83000183105469,21.79999542236328,1359300
2003-10-31,41.46666717529297,41.74333190917969,41.46666717529297,41.53333282470703,21.6453800201416,1472400
2003-11-03,42.08333206176758,42.116668701171875,41.616668701171875,41.74333190917969,21.75482177734375,2315100
2003-11-04,42.029998779296875,42.029998779296875,41.83333206176758,41.973331451416016,21.874683380126953,1264800
2003-11-05,41.663333892822266,41.793331146240234,41.57666778564453,41.733333587646484,21.749618530273438,1238400
2003-11-06,41.55666732788086,41.56666564941406,41.209999084472656,41.366668701171875,21.55851936340332,1919100
2003-11-07,41.83333206176758,41.99333190917969,41.58333206176758,41.75,21.75830078125,6998100
2003-11-10,41.89666748046875,41.89666748046875,41.37333297729492,41.4033317565918,21.5776309967041,888300
2003-11-11,41.31666564941406,41.38999938964844,41.133331298828125,41.246665954589844,21.495983123779297,2766300
2003-11-12,41.61000061035156,42.186668395996094,41.52000045776367,42.106666564941406,21.944177627563477,891000
2003-11-13,42.246665954589844,42.393333435058594,42.116668701171875,42.3466682434082,22.06925392150879,1561800
2003-11-14,42.06999969482422,42.49333190917969,41.866668701171875,42.060001373291016,21.919858932495117,3168900
2003-11-17,41.64666748046875,41.663333892822266,41.099998474121094,41.336666107177734,21.542884826660156,988500
2003-11-18,41.56666564941406,41.74333190917969,41.5,41.5,21.62800407409668,674700
2003-11-19,41.5,41.7599983215332,41.349998474121094,41.599998474121094,21.680124282836914,1048200
2003-11-20,41.313331604003906,41.72999954223633,41.25,41.33333206176758,21.5411434173584,946800
2003-11-21,41.650001525878906,41.80666732788086,41.43333435058594,41.779998779296875,21.77393341064453,1952400
2003-11-24,41.83000183105469,42.253334045410156,41.733333587646484,42.09333419799805,21.93722915649414,1393500
2003-11-25,42.18000030517578,42.276668548583984,41.900001525878906,42.15999984741211,21.971967697143555,1729200
2003-11-26,42.54666519165039,42.54666519165039,42.20000076293945,42.516666412353516,22.157840728759766,1257900
2003-11-28,42.663333892822266,42.68333435058594,42.46666717529297,42.58333206176758,22.192598342895508,1150800
2003-12-01,43.266666412353516,43.45000076293945,43.04999923706055,43.426666259765625,22.632091522216797,1906500
2003-12-02,43.33333206176758,43.60333251953125,43.28333282470703,43.529998779296875,22.685951232910156,965100
2003-12-03,43.766666412353516,44.016666412353516,43.616668701171875,43.616668701171875,22.731117248535156,1653600
2003-12-04,43.913333892822266,43.93000030517578,43.58000183105469,43.71666717529297,22.783241271972656,1448700
2003-12-05,43.663333892822266,43.72999954223633,43.383331298828125,43.4033317565918,22.619935989379883,1191300
2003-12-08,43.663333892822266,43.813331604003906,43.29666519165039,43.766666412353516,22.809297561645508,1851900
2003-12-09,44.040000915527344,44.08000183105469,43.400001525878906,43.58333206176758,22.7137508392334,2191500
2003-12-10,43.45000076293945,43.45000076293945,43.18000030517578,43.27000045776367,22.550453186035156,2155500
2003-12-11,43.29666519165039,43.83000183105469,43.27000045776367,43.75,22.80061149597168,1652400
2003-12-12,43.96333312988281,43.96333312988281,43.67333221435547,43.893333435058594,22.87531089782715,967800
2003-12-15,44.39666748046875,44.39666748046875,43.599998474121094,43.599998474121094,22.722434997558594,2520000
2003-12-16,43.66666793823242,44.03333282470703,43.66666793823242,44.0,23.013595581054688,1147200
2003-12-17,43.996665954589844,43.996665954589844,43.766666412353516,43.89666748046875,22.959543228149414,1482900
2003-12-18,44.246665954589844,44.62333297729492,44.04999923706055,44.54999923706055,23.3012638092041,3238800
2003-12-19,44.5966682434082,44.5966682434082,44.16666793823242,44.29999923706055,23.170499801635742,1152300
2003-12-22,44.08000183105469,44.08333206176758,43.83333206176758,44.06666564941406,23.323646545410156,1556400
2003-12-23,44.0966682434082,44.22666549682617,43.926666259765625,44.15999984741211,23.373046875,1662000
2003-12-24,44.20000076293945,44.63666534423828,44.17333221435547,44.266666412353516,23.429502487182617,549000
2003-12-26,44.37666702270508,44.516666412353516,44.186668395996094,44.186668395996094,23.387155532836914,477300
2003-12-29,44.6966667175293,44.93333435058594,44.439998626708984,44.93000030517578,23.780593872070312,2037300
2003-12-30,44.79999923706055,45.223331451416016,44.79999923706055,45.016666412353516,23.826461791992188,3807000
2003-12-31,45.41666793823242,45.633331298828125,45.186668395996094,45.59333419799805,24.131683349609375,3129000
2004-01-02,45.60333251953125,46.01333236694336,45.5966682434082,45.71666717529297,24.196956634521484,1593300
2004-01-05,46.33000183105469,46.633331298828125,46.133331298828125,46.5966682434082,24.662715911865234,2562600
2004-01-06,46.5966682434082,46.733333587646484,46.39666748046875,46.66666793823242,24.699777603149414,1701000
2004-01-07,46.16666793823242,46.383331298828125,45.866668701171875,46.20000076293945,24.452781677246094,1582200
2004-01-08,46.913333892822266,46.913333892822266,46.503334045410156,46.86333465576172,24.80387306213379,1532100
2004-01-09,46.630001068115234,46.82666778564453,46.503334045410156,46.56666564941406,24.6468505859375,1413300
2004-01-12,46.6966667175293,47.33333206176758,46.43000030517578,46.5533332824707,24.639793395996094,1629600
2004-01-13,46.79666519165039,46.79666519165039,46.16666793823242,46.28333282470703,24.49688148498535,1532400
2004-01-14,46.6533317565918,46.836666107177734,46.52333450317383,46.68333435058594,24.708587646484375,1325400
2004-01-15,46.630001068115234,46.64666748046875,46.16666793823242,46.400001525878906,24.55863380432129,1477800
2004-01-16,46.3466682434082,46.45000076293945,46.03333282470703,46.233333587646484,24.470420837402344,2704800
2004-01-20,46.75,46.893333435058594,46.65999984741211,46.733333587646484,24.735061645507812,1307400
2004-01-21,46.959999084472656,47.40999984741211,46.7599983215332,47.29999923706055,25.03497886657715,2350200
2004-01-22,47.45000076293945,47.46333312988281,47.20000076293945,47.33000183105469,25.05086898803711,3117900
2004-01-23,47.1966667175293,47.279998779296875,46.60333251953125,46.823333740234375,24.782691955566406,1104900
2004-01-26,46.91999816894531,46.98666763305664,46.60333251953125,46.973331451416016,24.862083435058594,2091000
2004-01-27,47.05666732788086,47.05666732788086,46.71333312988281,46.766666412353516,24.75270652770996,1978500
2004-01-28,46.90999984741211,47.116668701171875,46.08000183105469,46.16666793823242,24.435138702392578,1808700
2004-01-29,46.16666793823242,46.28333282470703,45.66999816894531,46.22666549682617,24.466890335083008,2433300
2004-01-30,45.99333190917969,46.163333892822266,45.849998474121094,46.106666564941406,24.403385162353516,2088300
2004-02-02,46.04666519165039,46.2400016784668,45.866668701171875,46.0,24.346920013427734,1497900
2004-02-03,46.23666763305664,46.23666763305664,46.003334045410156,46.08333206176758,24.391021728515625,714000
2004-02-04,45.913333892822266,45.939998626708984,45.563331604003906,45.58333206176758,24.12639045715332,1631400
2004-02-05,46.1533317565918,46.206668853759766,45.733333587646484,45.77333450317383,24.22695541381836,1060800
2004-02-06,46.413333892822266,46.746665954589844,46.25666809082031,46.63666534423828,24.683897018432617,1552200
2004-02-09,47.33333206176758,47.33333206176758,46.790000915527344,46.93000030517578,24.839149475097656,1095300
2004-02-10,47.03666687011719,47.16666793823242,46.93000030517578,47.133331298828125,24.946767807006836,771000
2004-02-11,47.05666732788086,47.77333450317383,46.83333206176758,47.66666793823242,25.22905921936035,930000
2004-02-12,47.33000183105469,47.40999984741211,47.16999816894531,47.25,25.008522033691406,1710300
2004-02-13,47.71333312988281,47.71333312988281,47.06999969482422,47.189998626708984,24.976757049560547,732600
2004-02-17,48.08000183105469,48.2400016784668,47.849998474121094,48.099998474121094,25.458404541015625,1516800
2004-02-18,48.11333465576172,48.163333892822266,47.40666580200195,47.43333435058594,25.10556411743164,1000500
2004-02-19,48.06999969482422,48.163333892822266,47.720001220703125,47.75,25.273164749145508,809100
2004-02-20,47.79999923706055,47.79999923706055,46.83333206176758,47.16666793823242,24.964414596557617,2603100
2004-02-23,47.55666732788086,47.55666732788086,47.060001373291016,47.29999923706055,25.03497886657715,1345800
2004-02-24,46.93000030517578,47.33000183105469,46.81666564941406,47.116668701171875,24.937952041625977,1583400
2004-02-25,47.0966682434082,47.17333221435547,46.46666717529297,46.766666412353516,24.75270652770996,1878000
2004-02-26,46.663333892822266,46.96333312988281,46.48666763305664,46.78333282470703,24.761526107788086,1798800
2004-02-27,47.119998931884766,47.323333740234375,46.95000076293945,47.16666793823242,24.964414596557617,2097300
2004-03-01,47.663333892822266,47.8466682434082,47.5,47.79999923706055,25.29962158203125,1406700
2004-03-02,47.53666687011719,47.676666259765625,47.00666809082031,47.03333282470703,24.89384651184082,1731300
2004-03-03,46.893333435058594,46.996665954589844,46.46666717529297,46.93333435058594,24.840909957885742,1524300
2004-03-04,46.92333221435547,47.293331146240234,46.83333206176758,47.08333206176758,24.92030143737793,1689900
2004-03-05,47.1966667175293,47.72999954223633,47.1966667175293,47.633331298828125,25.21141242980957,1098300
2004-03-08,47.61333465576172,47.70000076293945,47.32666778564453,47.32666778564453,25.049104690551758,1105500
2004-03-09,47.4466667175293,47.47999954223633,46.970001220703125,47.0,24.87619972229004,1269600
2004-03-10,46.880001068115234,46.93333435058594,46.246665954589844,46.246665954589844,24.477476119995117,1806300
2004-03-11,45.766666412353516,46.08000183105469,45.496665954589844,45.496665954589844,24.08051300048828,2135400
2004-03-12,45.68000030517578,45.89666748046875,45.43333435058594,45.89666748046875,24.292226791381836,1599300
2004-03-15,45.45333480834961,45.65666580200195,45.0,45.116668701171875,23.879392623901367,2073000
2004-03-16,45.70333480834961,45.75,45.233333587646484,45.53333282470703,24.099924087524414,1427400
2004-03-17,46.246665954589844,46.48666763305664,46.00666809082031,46.483333587646484,24.602741241455078,1678200
2004-03-18,46.4466667175293,46.53333282470703,46.150001525878906,46.46666717529297,24.593914031982422,2881500
2004-03-19,46.29666519165039,46.31666564941406,45.866668701171875,45.866668701171875,24.276357650756836,1089900
2004-03-22,45.68000030517578,45.68000030517578,45.16666793823242,45.27000045776367,23.96055030822754,1711500
2004-03-23,45.766666412353516,45.91999816894531,45.5,45.616668701171875,24.14403533935547,1414500
2004-03-24,45.57666778564453,45.71333312988281,45.27000045776367,45.436668395996094,24.048765182495117,1770900
2004-03-25,45.91999816894531,46.33000183105469,45.753334045410156,46.29999923706055,24.505704879760742,2658000
2004-03-26,46.26333236694336,46.3466682434082,46.0,46.099998474121094,24.39984893798828,1619700
2004-03-29,46.62666702270508,46.87666702270508,46.58333206176758,46.766666412353516,24.75270652770996,1683300
2004-03-30,46.68000030517578,46.893333435058594,46.54999923706055,46.866668701171875,24.805622100830078,1302600
2004-03-31,47.14666748046875,47.39666748046875,47.03666687011719,47.20000076293945,24.9820499420166,2627100
2004-04-01,47.470001220703125,47.83333206176758,47.18333435058594,47.82666778564453,25.313737869262695,2286300
2004-04-02,47.74333190917969,48.413333892822266,47.633331298828125,47.96333312988281,25.386075973510742,2089800
2004-04-05,47.663333892822266,47.96666717529297,47.516666412353516,47.96333312988281,25.386075973510742,1556700
2004-04-06,47.779998779296875,47.866668701171875,47.52000045776367,47.81666564941406,25.308446884155273,1522800
2004-04-07,47.96333312988281,47.96333312988281,47.709999084472656,47.88999938964844,25.34726333618164,1743300
2004-04-08,47.996665954589844,47.996665954589844,47.53666687011719,47.790000915527344,25.294340133666992,1018800
2004-04-12,47.996665954589844,48.133331298828125,47.83333206176758,48.099998474121094,25.458404541015625,880500
2004-04-13,47.79666519165039,47.813331604003906,47.369998931884766,47.483333587646484,25.13202667236328,972900
2004-04-14,46.64666748046875,46.99333190917969,46.53333282470703,46.99333190917969,24.87266731262207,1487400
2004-04-15,46.650001525878906,46.94333267211914,46.496665954589844,46.66666793823242,24.699777603149414,2116800
2004-04-16,46.89666748046875,47.21666717529297,46.78666687011719,47.16666793823242,24.964414596557617,814800
2004-04-19,47.12666702270508,47.21666717529297,46.900001525878906,47.21666717529297,24.990877151489258,1103100
2004-04-20,47.31666564941406,47.380001068115234,46.5,46.56666564941406,24.6468505859375,874200
2004-04-21,46.686668395996094,46.973331451416016,46.573333740234375,46.883331298828125,24.81444549560547,1887900
2004-04-22,46.72999954223633,47.36333465576172,46.586666107177734,47.21666717529297,24.990877151489258,1066200
2004-04-23,47.11333465576172,47.18333435058594,46.85333251953125,47.150001525878906,24.95560073852539,1048500
2004-04-26,47.45000076293945,47.45000076293945,46.91666793823242,47.13666534423828,24.94853401184082,1864200
2004-04-27,47.003334045410156,47.36333465576172,47.003334045410156,47.18333435058594,24.973241806030273,1936800
2004-04-28,47.003334045410156,47.003334045410156,46.25,46.313331604003906,24.51276206970215,2226900
2004-04-29,46.313331604003906,46.46333312988281,45.676666259765625,45.81666564941406,24.249893188476562,2768100
2004-04-30,46.26333236694336,46.26333236694336,45.5,45.599998474121094,24.13521385192871,4595100
2004-05-03,45.96333312988281,46.06666564941406,45.836666107177734,46.06666564941406,24.38220977783203,1395900
2004-05-04,46.64666748046875,46.8466682434082,46.37666702270508,46.6533317565918,24.692716598510742,1985400
2004-05-05,46.95000076293945,47.266666412353516,46.90666580200195,47.16666793823242,24.964414596557617,1707900
2004-05-06,46.5,46.5,45.95333480834961,46.16666793823242,24.435138702392578,1749000
2004-05-07,45.686668395996094,45.746665954589844,44.91666793823242,44.91666793823242,23.773529052734375,3348900
2004-05-10,43.78333282470703,44.23666763305664,43.470001220703125,43.766666412353516,23.164859771728516,5254200
2004-05-11,43.836666107177734,44.16666793823242,43.79999923706055,44.08333206176758,23.33246421813965,1500300
2004-05-12,44.46333312988281,44.46666717529297,43.619998931884766,44.366668701171875,23.482423782348633,2675700
2004-05-13,43.9466667175293,44.20333480834961,43.720001220703125,43.900001525878906,23.235435485839844,1188600
2004-05-14,43.9466667175293,43.996665954589844,43.66666793823242,43.86333465576172,23.216018676757812,972000
2004-05-17,43.27000045776367,43.54999923706055,43.27000045776367,43.383331298828125,22.96196937561035,1040100
2004-05-18,43.779998779296875,43.86333465576172,43.62333297729492,43.84333419799805,23.205442428588867,657300
2004-05-19,44.79666519165039,44.96333312988281,44.276668548583984,44.276668548583984,23.43479347229004,2612100
2004-05-20,44.27000045776367,44.54999923706055,44.06999969482422,44.33333206176758,23.464780807495117,1387800
2004-05-21,45.163333892822266,45.163333892822266,44.586666107177734,44.65999984741211,23.6376895904541,1630500
2004-05-24,45.11333465576172,45.16666793823242,44.66666793823242,44.9466667175293,23.789409637451172,1747800
2004-05-25,44.95000076293945,45.779998779296875,44.900001525878906,45.616668701171875,24.14403533935547,1480800
2004-05-26,45.62333297729492,45.70000076293945,45.38666534423828,45.53333282470703,24.099924087524414,1150200
2004-05-27,46.29666519165039,46.483333587646484,46.13666534423828,46.400001525878906,24.55863380432129,1328100
2004-05-28,46.36333465576172,46.37666702270508,46.03333282470703,46.119998931884766,24.410438537597656,1154400
2004-06-01,46.220001220703125,46.28333282470703,45.883331298828125,46.22999954223633,24.468660354614258,1382400
2004-06-02,46.529998779296875,46.573333740234375,46.1533317565918,46.36333465576172,24.53922462463379,1918500
2004-06-03,46.029998779296875,46.18000030517578,45.78333282470703,45.91666793823242,24.30281639099121,1050000
2004-06-04,46.3466682434082,46.630001068115234,46.133331298828125,46.46666717529297,24.593914031982422,1358400
2004-06-07,47.163333892822266,47.49333190917969,46.970001220703125,47.49333190917969,25.137311935424805,1045200
2004-06-08,47.233333587646484,47.27333450317383,46.91999816894531,47.22666549682617,24.996170043945312,1406700
2004-06-09,46.96333312988281,46.96666717529297,46.33333206176758,46.41666793823242,24.567455291748047,2286900
2004-06-10,46.83000183105469,47.0533332824707,46.720001220703125,46.96666717529297,24.85856056213379,804300
2004-06-14,46.08000183105469,46.1533317565918,45.7400016784668,45.836666107177734,24.260478973388672,1386300
2004-06-15,46.46333312988281,46.96333312988281,46.33333206176758,46.650001525878906,24.69095230102539,2062800
2004-06-16,46.650001525878906,46.83333206176758,46.496665954589844,46.633331298828125,24.682140350341797,636900
2004-06-17,46.686668395996094,46.97999954223633,46.573333740234375,46.93333435058594,24.840909957885742,932400
2004-06-18,46.88999938964844,47.323333740234375,46.84000015258789,47.016666412353516,24.885021209716797,1888800
2004-06-21,47.06666564941406,47.16666793823242,46.81666564941406,46.849998474121094,24.796798706054688,897600
2004-06-22,46.746665954589844,46.93333435058594,46.43333435058594,46.869998931884766,24.807395935058594,1382100
2004-06-23,46.78333282470703,47.233333587646484,46.599998474121094,47.16666793823242,24.964414596557617,979200
2004-06-24,47.3466682434082,47.47999954223633,47.233333587646484,47.349998474121094,25.061447143554688,1119000
2004-06-25,47.13666534423828,47.33333206176758,47.119998931884766,47.176666259765625,24.96971321105957,1457400
2004-06-28,47.68333435058594,47.75,47.33333206176758,47.46666717529297,25.12320327758789,2811900
2004-06-29,47.3033332824707,47.413333892822266,47.233333587646484,47.366668701171875,25.070274353027344,2685900
2004-06-30,47.529998779296875,47.71666717529297,47.119998931884766,47.66666793823242,25.22905921936035,5310000
2004-07-01,47.529998779296875,47.5533332824707,46.883331298828125,47.06666564941406,24.911483764648438,2171100
2004-07-02,47.10333251953125,47.380001068115234,47.10333251953125,47.33000183105469,25.05086898803711,1066800
2004-07-06,46.8466682434082,46.866668701171875,46.54999923706055,46.54999923706055,24.638025283813477,1130400
2004-07-07,46.97999954223633,47.19333267211914,46.90666580200195,47.099998474121094,24.929122924804688,979500
2004-07-08,46.913333892822266,47.03333282470703,46.66666793823242,46.79999923706055,24.77034568786621,1184100
2004-07-09,47.18000030517578,47.1966667175293,47.0,47.1966667175293,24.980302810668945,1107000
2004-07-12,47.20000076293945,47.33333206176758,47.03333282470703,47.33333206176758,25.052627563476562,576000
2004-07-13,47.21666717529297,47.21666717529297,46.82666778564453,47.099998474121094,24.929122924804688,1331700
2004-07-14,46.73666763305664,47.09000015258789,46.6966667175293,46.83333206176758,24.787981033325195,1405200
2004-07-15,46.68000030517578,46.71666717529297,46.223331451416016,46.25,24.47924041748047,2289300
2004-07-16,46.79999923706055,46.97999954223633,46.62333297729492,46.62333297729492,24.676834106445312,1351500
2004-07-19,46.79666519165039,46.849998474121094,46.43333435058594,46.65999984741211,24.696247100830078,769200
2004-07-20,46.529998779296875,46.71666717529297,46.356666564941406,46.68333435058594,24.708587646484375,777000
2004-07-21,46.813331604003906,46.813331604003906,45.66999816894531,45.66999816894531,24.172260284423828,1611000
2004-07-22,46.029998779296875,46.08333206176758,45.706668853759766,45.91666793823242,24.30281639099121,2698500
2004-07-23,45.663333892822266,45.663333892822266,45.02333450317383,45.06999969482422,23.85468864440918,1337700
2004-07-26,45.380001068115234,45.380001068115234,44.94333267211914,45.06999969482422,23.85468864440918,1568400
2004-07-27,45.1533317565918,45.40666580200195,44.91666793823242,45.349998474121094,24.002887725830078,1640400
2004-07-28,45.22999954223633,45.526668548583984,44.913333892822266,45.40999984741211,24.034643173217773,1755300
2004-07-29,45.39666748046875,45.650001525878906,45.25,45.46666717529297,24.06463623046875,2150100
2004-07-30,45.6966667175293,45.74333190917969,45.456668853759766,45.633331298828125,24.152856826782227,2845200
2004-08-02,45.630001068115234,45.89666748046875,45.516666412353516,45.849998474121094,24.26752471923828,1519800
2004-08-03,45.746665954589844,45.90666580200195,45.54999923706055,45.54999923706055,24.108741760253906,1063800
2004-08-04,45.163333892822266,45.66666793823242,45.133331298828125,45.543331146240234,24.105207443237305,969300
2004-08-05,45.51333236694336,45.51333236694336,44.85333251953125,44.866668701171875,23.747072219848633,1332900
2004-08-06,45.313331604003906,45.313331604003906,44.723331451416016,44.79999923706055,23.711790084838867,966900
2004-08-09,44.93000030517578,44.983333587646484,44.7400016784668,44.75,23.685319900512695,888000
2004-08-10,45.133331298828125,45.31666564941406,44.983333587646484,45.116668701171875,23.879392623901367,853800
2004-08-11,44.79999923706055,45.040000915527344,44.630001068115234,44.96666717529297,23.799997329711914,870900
2004-08-12,44.83333206176758,44.849998474121094,44.46666717529297,44.46666717529297,23.535356521606445,828600
2004-08-13,44.89666748046875,44.89666748046875,44.64666748046875,44.733333587646484,23.676498413085938,742500
2004-08-16,44.70000076293945,45.313331604003906,44.6966667175293,45.18333435058594,23.9146785736084,1028700
2004-08-17,45.33000183105469,45.380001068115234,45.116668701171875,45.21666717529297,23.932321548461914,807600
2004-08-18,44.95000076293945,45.58333206176758,44.9033317565918,45.560001373291016,24.114038467407227,1868700
2004-08-19,45.54666519165039,45.64666748046875,45.33333206176758,45.45333480834961,24.057584762573242,1177500
2004-08-20,45.36333465576172,45.766666412353516,45.266666412353516,45.66666793823242,24.170503616333008,1521300
2004-08-23,45.71333312988281,45.71333312988281,45.24333190917969,45.29666519165039,23.974660873413086,1457700
2004-08-24,45.516666412353516,45.516666412353516,45.223331451416016,45.28666687011719,23.96937370300293,2878500
2004-08-25,45.366668701171875,45.83333206176758,45.25,45.766666412353516,24.22342300415039,2217900
2004-08-26,45.68333435058594,45.883331298828125,45.633331298828125,45.79999923706055,24.24106788635254,958200
2004-08-27,45.96666717529297,46.016666412353516,45.77333450317383,45.91666793823242,24.30281639099121,1377600
2004-08-30,45.733333587646484,45.89666748046875,45.71666717529297,45.75,24.214595794677734,1250700
2004-08-31,45.86000061035156,46.20000076293945,45.75,46.176666259765625,24.440431594848633,1728300
2004-09-01,46.20000076293945,46.279998779296875,46.06999969482422,46.21666717529297,24.461599349975586,1734000
2004-09-02,46.21666717529297,46.70000076293945,46.16666793823242,46.70000076293945,24.717416763305664,1131900
2004-09-03,46.23666763305664,46.33333206176758,46.0,46.08000183105469,24.389266967773438,1324500
2004-09-07,46.54999923706055,46.72999954223633,46.4033317565918,46.723331451416016,24.729761123657227,1623600
2004-09-08,46.400001525878906,46.79666519165039,46.349998474121094,46.70000076293945,24.717416763305664,1557900
2004-09-09,46.483333587646484,46.66666793823242,46.30666732788086,46.54999923706055,24.638025283813477,1449300
2004-09-10,46.81666564941406,46.96666717529297,46.66666793823242,46.900001525878906,24.823274612426758,1054200
2004-09-13,46.99333190917969,47.233333587646484,46.936668395996094,47.06666564941406,24.911483764648438,850200
2004-09-14,47.130001068115234,47.25,47.03333282470703,47.18333435058594,24.973241806030273,1271100
2004-09-15,46.83333206176758,46.83333206176758,46.369998931884766,46.50666809082031,24.615093231201172,921300
2004-09-16,46.53333282470703,46.823333740234375,46.47666549682617,46.813331604003906,24.777402877807617,974400
2004-09-17,46.9466667175293,46.97999954223633,46.746665954589844,46.96666717529297,24.85856056213379,789600
2004-09-20,46.599998474121094,46.810001373291016,46.483333587646484,46.67333221435547,24.703296661376953,889200
2004-09-21,47.19333267211914,47.543331146240234,46.9900016784668,47.4033317565918,25.089672088623047,1576200
2004-09-22,47.016666412353516,47.016666412353516,46.586666107177734,46.633331298828125,24.682140350341797,1800900
2004-09-23,46.766666412353516,46.779998779296875,46.470001220703125,46.50666809082031,24.615093231201172,1859400
2004-09-24,46.66666793823242,46.72999954223633,46.503334045410156,46.56666564941406,24.6468505859375,1443000
2004-09-27,46.313331604003906,46.47999954223633,46.25,46.33333206176758,24.523345947265625,1306800
2004-09-28,46.70333480834961,46.88666534423828,46.44333267211914,46.78666687011719,24.763288497924805,1361100
2004-09-29,46.79999923706055,46.96666717529297,46.66666793823242,46.96666717529297,24.85856056213379,1462500
2004-09-30,47.099998474121094,47.22999954223633,46.91666793823242,47.133331298828125,24.946767807006836,3372000
2004-10-01,47.400001525878906,47.880001068115234,47.400001525878906,47.866668701171875,25.334911346435547,1596300
2004-10-04,47.95000076293945,48.03333282470703,47.766666412353516,47.939998626708984,25.373720169067383,1882500
2004-10-05,47.983333587646484,48.14666748046875,47.86333465576172,47.96666717529297,25.38784408569336,1347000
2004-10-06,47.883331298828125,48.18000030517578,47.733333587646484,48.14666748046875,25.483104705810547,1263300
2004-10-07,48.04999923706055,48.063331604003906,47.75,47.81666564941406,25.308446884155273,1461300
2004-10-08,48.133331298828125,48.29666519165039,48.07666778564453,48.150001525878906,25.484888076782227,2474400
2004-10-11,48.16666793823242,48.266666412353516,48.12666702270508,48.266666412353516,25.546619415283203,651300
2004-10-12,47.43333435058594,47.793331146240234,47.253334045410156,47.71666717529297,25.25551986694336,1691700
2004-10-13,47.65999984741211,47.676666259765625,47.22666549682617,47.383331298828125,25.07909393310547,2155200
2004-10-14,47.59000015258789,48.0,47.116668701171875,47.133331298828125,24.946767807006836,910800
2004-10-15,47.59333419799805,47.93333435058594,47.16666793823242,47.66999816894531,25.230817794799805,1442100
2004-10-18,47.65666580200195,47.866668701171875,47.47999954223633,47.86000061035156,25.331375122070312,1239600
2004-10-19,48.133331298828125,48.19333267211914,47.733333587646484,47.766666412353516,25.28197479248047,2419200
2004-10-20,47.83333206176758,48.30666732788086,47.62666702270508,47.95000076293945,25.3790283203125,2554200
2004-10-21,48.003334045410156,48.29999923706055,47.96666717529297,48.22999954223633,25.527210235595703,1383000
2004-10-22,48.25,48.65666580200195,47.80666732788086,47.93333435058594,25.37019920349121,1916700
2004-10-25,47.983333587646484,48.266666412353516,47.81666564941406,47.883331298828125,25.34373664855957,1527600
2004-10-26,48.04999923706055,48.209999084472656,47.90666580200195,48.150001525878906,25.484888076782227,2247600
2004-10-27,48.223331451416016,48.66666793823242,48.20000076293945,48.650001525878906,25.74951171875,1210200
2004-10-28,48.68333435058594,48.883331298828125,48.5,48.78333282470703,25.820083618164062,1447200
2004-10-29,48.779998779296875,48.85333251953125,48.586666107177734,48.78333282470703,25.820083618164062,2553300
2004-11-01,48.793331146240234,49.063331604003906,48.793331146240234,48.866668701171875,25.86418914794922,4493400
2004-11-02,49.1966667175293,49.46666717529297,49.10333251953125,49.246665954589844,26.0653133392334,1418700
2004-11-03,49.96333312988281,50.0,49.2400016784668,49.83000183105469,26.374074935913086,1863900
2004-11-04,49.93333435058594,50.56666564941406,49.83333206176758,50.526668548583984,26.742799758911133,2343600
2004-11-05,50.41666793823242,50.81666564941406,50.413333892822266,50.76333236694336,26.868059158325195,2557200
2004-11-08,50.29999923706055,50.483333587646484,50.27000045776367,50.40999984741211,26.681049346923828,1785000
2004-11-09,50.26333236694336,50.41666793823242,50.25,50.28333282470703,26.61400032043457,1497000
2004-11-10,50.380001068115234,50.43000030517578,49.66999816894531,50.186668395996094,26.56283950805664,2506200
2004-11-11,50.413333892822266,50.78333282470703,50.37333297729492,50.733333587646484,26.852188110351562,1201800
2004-11-12,50.86333465576172,51.400001525878906,50.72666549682617,51.33333206176758,27.16975212097168,3053700
2004-11-15,51.266666412353516,51.383331298828125,51.060001373291016,51.383331298828125,27.196212768554688,2940000
2004-11-16,51.040000915527344,51.380001068115234,50.46666717529297,50.95000076293945,26.966856002807617,2542500
2004-11-17,51.496665954589844,51.766666412353516,51.43333435058594,51.599998474121094,27.310894012451172,1379400
2004-11-18,51.47999954223633,51.53666687011719,51.293331146240234,51.483333587646484,27.249141693115234,1743600
2004-11-19,51.71333312988281,51.71666717529297,51.026668548583984,51.150001525878906,27.072710037231445,2092800
2004-11-22,50.9466667175293,51.33333206176758,50.85333251953125,51.29999923706055,27.152109146118164,3271200
2004-11-23,51.33333206176758,51.51333236694336,51.16666793823242,51.400001525878906,27.20504379272461,2788800
2004-11-24,51.496665954589844,51.663333892822266,51.28666687011719,51.633331298828125,27.328533172607422,2311200
2004-11-26,51.95000076293945,52.0966682434082,51.83333206176758,51.93333435058594,27.487323760986328,900300
2004-11-29,52.28333282470703,52.413333892822266,51.96666717529297,52.099998474121094,27.575536727905273,1688700
2004-11-30,52.09333419799805,52.176666259765625,51.66999816894531,51.75,27.390289306640625,2875800
2004-12-01,52.099998474121094,52.650001525878906,52.0,52.650001525878906,27.86664390563965,3296700
2004-12-02,52.70000076293945,52.70000076293945,52.029998779296875,52.56666564941406,27.82253646850586,1785000
2004-12-03,52.630001068115234,52.93333435058594,52.5533332824707,52.880001068115234,27.988374710083008,3707400
2004-12-06,52.6966667175293,53.53333282470703,52.5099983215332,52.55666732788086,27.81723403930664,1775700
2004-12-07,52.866668701171875,53.31666564941406,52.20333480834961,52.27000045776367,27.665517807006836,2475600
2004-12-08,51.93333435058594,52.70000076293945,51.76333236694336,52.233333587646484,27.64610481262207,1833900
2004-12-09,51.599998474121094,52.13999938964844,51.30666732788086,52.016666412353516,27.531421661376953,1636500
2004-12-10,51.233333587646484,51.599998474121094,51.21666717529297,51.50666809082031,27.261489868164062,2391600
2004-12-13,51.95000076293945,52.46666717529297,51.50666809082031,52.28333282470703,27.67257308959961,2657100
2004-12-14,52.163333892822266,52.41666793823242,52.05666732788086,52.29999923706055,27.681392669677734,2719500
2004-12-15,52.56999969482422,52.72999954223633,52.53333282470703,52.616668701171875,27.849002838134766,1904700
2004-12-16,52.41666793823242,52.54999923706055,52.0533332824707,52.28333282470703,27.67257308959961,2297400
2004-12-17,52.14666748046875,52.21666717529297,51.973331451416016,52.133331298828125,27.593183517456055,3940800
2004-12-20,52.880001068115234,53.03333282470703,52.20000076293945,52.61000061035156,27.8454647064209,2919000
2004-12-21,52.746665954589844,52.97999954223633,52.41666793823242,52.97999954223633,28.041292190551758,5990100
2004-12-22,52.97999954223633,53.0966682434082,52.88666534423828,53.060001373291016,28.083654403686523,2148000
2004-12-23,52.563331604003906,52.66666793823242,52.46666717529297,52.599998474121094,28.267980575561523,3845700
2004-12-27,52.89666748046875,53.32666778564453,52.813331604003906,53.01333236694336,28.4901065826416,1929300
2004-12-28,53.15999984741211,53.41666793823242,53.10333251953125,53.366668701171875,28.68000602722168,2246100
2004-12-29,52.8033332824707,53.21666717529297,52.79999923706055,53.11000061035156,28.542057037353516,6386700
2004-12-30,53.21333312988281,53.393333435058594,53.11000061035156,53.116668701171875,28.545639038085938,4646400
2004-12-31,53.33333206176758,53.459999084472656,52.96666717529297,53.41666793823242,28.70687484741211,3647400
2005-01-03,53.39666748046875,53.5,52.93333435058594,53.03333282470703,28.500856399536133,5273700
2005-01-04,52.93000030517578,52.95000076293945,51.87333297729492,52.016666412353516,27.954479217529297,2983800
2005-01-05,52.06666564941406,52.650001525878906,51.689998626708984,51.983333587646484,27.936573028564453,3143700
2005-01-06,52.099998474121094,52.18333435058594,51.86333465576172,51.983333587646484,27.936573028564453,2673300
2005-01-07,52.51333236694336,52.51333236694336,51.73666763305664,51.75,27.81117820739746,2475300
2005-01-10,52.150001525878906,52.21666717529297,51.91666793823242,51.983333587646484,27.936573028564453,1698600
2005-01-11,52.130001068115234,52.130001068115234,51.80666732788086,51.883331298828125,27.88283920288086,2209800
2005-01-12,52.1966667175293,52.36000061035156,51.996665954589844,52.29999923706055,28.106754302978516,2629200
2005-01-13,52.14666748046875,52.16666793823242,51.766666412353516,51.849998474121094,27.86490821838379,1655100
2005-01-14,51.97999954223633,52.18333435058594,51.46666717529297,52.099998474121094,27.99928092956543,2011200
2005-01-18,51.849998474121094,52.21666717529297,51.66666793823242,52.13999938964844,28.02076530456543,3630000
2005-01-19,52.233333587646484,52.3466682434082,51.599998474121094,51.599998474121094,27.730560302734375,2236500
2005-01-20,51.46333312988281,51.5,51.133331298828125,51.25666809082031,27.546049118041992,2893500
2005-01-21,51.53333282470703,51.79999923706055,51.4033317565918,51.459999084472656,27.65532875061035,1255800
2005-01-24,51.61333465576172,51.83000183105469,51.54999923706055,51.54999923706055,27.703693389892578,1333500
2005-01-25,51.60333251953125,51.88666534423828,51.540000915527344,51.56666564941406,27.712650299072266,1710300
2005-01-26,52.163333892822266,52.31666564941406,52.06999969482422,52.189998626708984,28.047639846801758,2575800
2005-01-27,52.08000183105469,52.34333419799805,51.9466667175293,52.266666412353516,28.088838577270508,1803600
2005-01-28,52.1966667175293,52.209999084472656,51.849998474121094,52.150001525878906,28.026138305664062,1708500
2005-01-31,52.16666793823242,52.43333435058594,52.16666793823242,52.400001525878906,28.160493850708008,3236700
2005-02-01,52.383331298828125,52.79999923706055,52.31666564941406,52.72666549682617,28.336044311523438,3320100
2005-02-02,52.866668701171875,52.869998931884766,52.68333435058594,52.79999923706055,28.375455856323242,2643600
2005-02-03,52.46666717529297,52.56666564941406,52.2400016784668,52.51333236694336,28.221403121948242,1950600
2005-02-04,52.503334045410156,52.813331604003906,52.4900016784668,52.78333282470703,28.36650276184082,2401500
2005-02-07,52.68000030517578,52.7400016784668,52.26333236694336,52.45000076293945,28.187358856201172,1713600
2005-02-08,52.313331604003906,52.53333282470703,52.25,52.45000076293945,28.187358856201172,1944000
2005-02-09,52.45000076293945,52.543331146240234,52.30666732788086,52.31666564941406,28.115711212158203,1885200
2005-02-10,52.66666793823242,52.913333892822266,52.63999938964844,52.86000061035156,28.407705307006836,1296000
2005-02-11,52.9466667175293,53.31999969482422,52.86000061035156,53.22666549682617,28.604753494262695,3481800
2005-02-14,53.616668701171875,53.75,53.33333206176758,53.63999938964844,28.82689094543457,2572800
2005-02-15,53.68000030517578,54.01333236694336,53.67333221435547,54.0,29.020355224609375,2157000
2005-02-16,53.67333221435547,53.71666717529297,53.33333206176758,53.52333450317383,28.764192581176758,6873900
2005-02-17,53.689998626708984,53.87666702270508,53.58333206176758,53.633331298828125,28.823312759399414,2853000
2005-02-18,53.849998474121094,53.96333312988281,53.78333282470703,53.900001525878906,28.966609954833984,1808100
2005-02-22,54.016666412353516,54.16666793823242,53.70000076293945,53.77333450317383,28.898550033569336,2227800
2005-02-23,53.71333312988281,53.87333297729492,53.55666732788086,53.79999923706055,28.91287612915039,3172200
2005-02-24,53.86333465576172,53.95333480834961,53.56666564941406,53.883331298828125,28.957651138305664,3470700
2005-02-25,54.15999984741211,54.599998474121094,54.016666412353516,54.5099983215332,29.294437408447266,2302800
2005-02-28,54.56666564941406,54.6966667175293,54.209999084472656,54.383331298828125,29.226364135742188,2276400
2005-03-01,54.54666519165039,54.75666809082031,54.5,54.68333435058594,29.387584686279297,2256000
2005-03-02,54.06666564941406,54.46666717529297,54.06666564941406,54.27333450317383,29.167247772216797,3374700
2005-03-03,54.496665954589844,54.563331604003906,54.189998626708984,54.29999923706055,29.181575775146484,2220000
2005-03-04,54.81999969482422,55.36333465576172,54.516666412353516,55.25,29.69212532043457,2952900
2005-03-07,54.9466667175293,55.116668701171875,54.883331298828125,55.016666412353516,29.566722869873047,2007600
2005-03-08,55.24333190917969,55.29999923706055,55.09333419799805,55.16666793823242,29.647340774536133,2472900
2005-03-09,55.18000030517578,55.29666519165039,54.88666534423828,54.91666793823242,29.51298713684082,2828400
2005-03-10,55.163333892822266,55.1966667175293,54.84000015258789,55.0966682434082,29.609722137451172,1933800
2005-03-11,55.1966667175293,55.313331604003906,55.003334045410156,55.08333206176758,29.602556228637695,2505900
2005-03-14,54.813331604003906,54.90666580200195,54.61000061035156,54.90666580200195,29.507606506347656,1933200
2005-03-15,55.06666564941406,55.08333206176758,54.53666687011719,54.56666564941406,29.32489013671875,2351400
2005-03-16,54.900001525878906,54.926666259765625,54.54999923706055,54.630001068115234,29.358919143676758,2791200
2005-03-17,54.48666763305664,54.70333480834961,54.459999084472656,54.56666564941406,29.32489013671875,1601400
2005-03-18,54.5966682434082,54.599998474121094,54.31999969482422,54.456668853759766,29.26577377319336,1447200
2005-03-21,54.313331604003906,54.313331604003906,54.0,54.086666107177734,29.066932678222656,2524500
2005-03-22,54.0533332824707,54.413333892822266,53.4033317565918,53.46666717529297,28.73373031616211,2239800
2005-03-23,53.33000183105469,53.33000183105469,53.0099983215332,53.11000061035156,28.542057037353516,3244800
2005-03-24,53.19333267211914,53.400001525878906,53.099998474121094,53.099998474121094,28.53668785095215,2715900
2005-03-28,53.133331298828125,53.323333740234375,53.099998474121094,53.099998474121094,28.53668785095215,1452300
2005-03-29,52.83333206176758,53.0099983215332,52.45333480834961,52.54999923706055,28.241107940673828,2633400
2005-03-30,52.866668701171875,53.13666534423828,52.836666107177734,52.97999954223633,28.472192764282227,3034200
2005-03-31,53.33000183105469,53.366668701171875,52.87666702270508,52.956668853759766,28.459659576416016,5814300
2005-04-01,53.400001525878906,53.47999954223633,52.70000076293945,52.83333206176758,28.39337730407715,2720700
2005-04-04,52.65999984741211,52.900001525878906,52.47666549682617,52.849998474121094,28.40232276916504,1936800
2005-04-05,52.96666717529297,53.16999816894531,52.91999816894531,53.133331298828125,28.554597854614258,3195000
2005-04-06,53.150001525878906,53.45000076293945,53.10333251953125,53.28333282470703,28.635202407836914,2424300
2005-04-07,53.400001525878906,53.706668853759766,53.400001525878906,53.5,28.75164222717285,1803300
2005-04-08,53.5,53.72999954223633,53.366668701171875,53.5,28.75164222717285,5148000
2005-04-11,53.79666519165039,53.883331298828125,53.59333419799805,53.70000076293945,28.859130859375,1389000
2005-04-12,53.383331298828125,53.939998626708984,53.16666793823242,53.83333206176758,28.9307918548584,2382600
2005-04-13,53.46666717529297,53.706668853759766,53.21666717529297,53.266666412353516,28.626249313354492,2060400
2005-04-14,53.106666564941406,53.106666564941406,52.56666564941406,52.56666564941406,28.25006675720215,2802900
2005-04-15,52.66666793823242,52.709999084472656,51.91999816894531,51.92333221435547,27.904319763183594,3907800
2005-04-18,51.79999923706055,52.0,51.599998474121094,51.733333587646484,27.802215576171875,4774500
2005-04-19,52.20000076293945,52.46333312988281,52.14666748046875,52.41999816894531,28.171241760253906,2568600
2005-04-20,52.106666564941406,52.31666564941406,51.70000076293945,51.75,27.81117820739746,3272700
2005-04-21,52.33333206176758,52.6966667175293,52.119998931884766,52.686668395996094,28.314559936523438,4253100
2005-04-22,52.599998474121094,52.766666412353516,52.086666107177734,52.5,28.2142276763916,2785200
2005-04-25,52.650001525878906,52.793331146240234,52.5,52.776668548583984,28.362924575805664,1811100
2005-04-26,52.400001525878906,52.43333435058594,52.116668701171875,52.116668701171875,28.00822639465332,2562300
2005-04-27,51.836666107177734,52.063331604003906,51.753334045410156,51.97666549682617,27.9329833984375,2814900
2005-04-28,51.65666580200195,51.84333419799805,51.27000045776367,51.276668548583984,27.556791305541992,2952000
2005-04-29,52.0,52.116668701171875,51.599998474121094,52.099998474121094,27.99928092956543,3655800
2005-05-02,52.016666412353516,52.15999984741211,51.91666793823242,52.08333206176758,27.99030303955078,6243000
2005-05-03,52.11000061035156,52.29999923706055,51.97999954223633,52.1966667175293,28.051223754882812,2449500
2005-05-04,52.45000076293945,52.996665954589844,52.33333206176758,52.81666564941406,28.384418487548828,1389600
2005-05-05,52.96666717529297,53.063331604003906,52.72999954223633,52.893333435058594,28.425621032714844,2568000
2005-05-06,52.883331298828125,52.91666793823242,52.60333251953125,52.663333892822266,28.30200958251953,1951500
2005-05-09,52.58333206176758,52.79666519165039,52.483333587646484,52.78333282470703,28.36650276184082,2148900
2005-05-10,52.366668701171875,52.46666717529297,52.04999923706055,52.04999923706055,27.97239875793457,3199500
2005-05-11,52.26333236694336,52.34000015258789,51.99333190917969,52.28333282470703,28.097795486450195,1905000
2005-05-12,51.9900016784668,52.04999923706055,51.53333282470703,51.633331298828125,27.74847412109375,5169600
2005-05-13,51.58333206176758,51.663333892822266,51.119998931884766,51.33333206176758,27.587249755859375,2818800
2005-05-16,51.150001525878906,51.58000183105469,51.13666534423828,51.540000915527344,27.698314666748047,4869000
2005-05-17,51.18333435058594,51.59333419799805,51.133331298828125,51.53333282470703,27.694732666015625,3548100
2005-05-18,51.54999923706055,52.253334045410156,51.50666809082031,52.116668701171875,28.00822639465332,3137100
2005-05-19,51.973331451416016,52.163333892822266,51.93333435058594,52.1533317565918,28.027936935424805,1799400
2005-05-20,51.83333206176758,51.959999084472656,51.63999938964844,51.93333435058594,27.909704208374023,2433900
2005-05-23,52.06666564941406,52.426666259765625,52.003334045410156,52.36333465576172,28.140777587890625,3382800
2005-05-24,52.25,52.293331146240234,52.11000061035156,52.22666549682617,28.06734275817871,3470400
2005-05-25,52.1966667175293,52.1966667175293,51.926666259765625,52.08333206176758,27.99030303955078,3068400
2005-05-26,52.00666809082031,52.15999984741211,51.96666717529297,52.116668701171875,28.00822639465332,3284700
2005-05-27,52.18333435058594,52.36333465576172,52.09333419799805,52.33333206176758,28.124666213989258,2327100
2005-05-31,51.96333312988281,51.99333190917969,51.599998474121094,51.650001525878906,27.757436752319336,5366100
2005-06-01,51.686668395996094,52.116668701171875,51.686668395996094,51.96333312988281,27.925827026367188,2512500
2005-06-02,52.086666107177734,52.41666793823242,52.03666687011719,52.40666580200195,28.164081573486328,1892400
2005-06-03,52.21666717529297,52.313331604003906,51.82666778564453,51.91666793823242,27.900741577148438,1814700
2005-06-06,52.206668853759766,52.29666519165039,52.10333251953125,52.2599983215332,28.085250854492188,1891500
2005-06-07,52.473331451416016,52.73666763305664,52.44333267211914,52.526668548583984,28.228559494018555,3360600
2005-06-08,52.81666564941406,52.87666702270508,52.28333282470703,52.33333206176758,28.124666213989258,4509600
2005-06-09,52.18000030517578,52.599998474121094,52.130001068115234,52.540000915527344,28.235742568969727,2432300
2005-06-10,52.630001068115234,52.65999984741211,52.08000183105469,52.34000015258789,28.12824058532715,3986200
2005-06-13,51.959999084472656,52.209999084472656,51.849998474121094,52.15999984741211,28.031513214111328,1466900
2005-06-14,52.119998931884766,52.2599983215332,52.02000045776367,52.099998474121094,27.99928092956543,1955100
2005-06-15,52.349998474121094,52.5,52.099998474121094,52.40999984741211,28.16586685180664,3046500
2005-06-16,52.599998474121094,52.70000076293945,52.36000061035156,52.58000183105469,28.257225036621094,4516400
2005-06-17,53.06999969482422,53.439998626708984,53.060001373291016,53.369998931884766,28.681779861450195,2686500
2005-06-20,52.869998931884766,53.029998779296875,52.58000183105469,52.869998931884766,28.4130802154541,1714000
2005-06-21,52.869998931884766,53.279998779296875,52.75,53.27000045776367,28.6280460357666,1552400
2005-06-22,53.150001525878906,53.2400016784668,52.95000076293945,53.11000061035156,28.542057037353516,1439300
2005-06-23,52.95000076293945,53.060001373291016,52.470001220703125,52.5099983215332,28.219600677490234,2070900
2005-06-24,52.689998626708984,52.72999954223633,52.45000076293945,52.5,28.2142276763916,1790800
2005-06-27,52.380001068115234,52.54999923706055,52.2599983215332,52.380001068115234,28.149744033813477,2304000
2005-06-28,52.349998474121094,52.79999923706055,52.349998474121094,52.68000030517578,28.310976028442383,1779500
2005-06-29,52.540000915527344,52.75,52.400001525878906,52.459999084472656,28.192731857299805,4981800
2005-06-30,52.5099983215332,52.72999954223633,52.22999954223633,52.38999938964844,28.155122756958008,2959400
2005-07-01,52.45000076293945,52.650001525878906,52.27000045776367,52.31999969482422,28.117502212524414,2779400
2005-07-05,51.95000076293945,52.45000076293945,51.95000076293945,52.380001068115234,28.149744033813477,3690000
2005-07-06,52.349998474121094,52.5099983215332,52.119998931884766,52.2400016784668,28.07450294494629,1836900
2005-07-07,51.279998779296875,52.099998474121094,51.2400016784668,51.95000076293945,27.91865348815918,4927400
2005-07-08,52.029998779296875,52.650001525878906,51.95000076293945,52.650001525878906,28.294858932495117,4205300
2005-07-11,52.790000915527344,53.150001525878906,52.650001525878906,53.029998779296875,28.499065399169922,2530600
2005-07-12,53.380001068115234,53.689998626708984,53.20000076293945,53.58000183105469,28.794649124145508,1680200
2005-07-13,53.18000030517578,53.29999923706055,52.9900016784668,53.150001525878906,28.563554763793945,5145700
2005-07-14,53.459999084472656,53.61000061035156,53.2400016784668,53.29999923706055,28.644166946411133,2711100
2005-07-15,53.099998474121094,53.310001373291016,53.0099983215332,53.15999984741211,28.568937301635742,2391700
2005-07-18,53.150001525878906,53.27000045776367,53.0,53.0099983215332,28.488319396972656,1931900
2005-07-19,52.88999938964844,53.25,52.79999923706055,53.130001068115234,28.55279541015625,1868000
2005-07-20,53.099998474121094,53.709999084472656,52.7599983215332,53.4900016784668,28.746274948120117,2667900
2005-07-21,53.68000030517578,53.91999816894531,53.33000183105469,53.599998474121094,28.80539894104004,2875400
2005-07-22,53.630001068115234,53.630001068115234,53.25,53.54999923706055,28.778512954711914,1609300
2005-07-25,53.380001068115234,53.540000915527344,53.310001373291016,53.400001525878906,28.697906494140625,2713700
2005-07-26,53.279998779296875,53.41999816894531,53.15999984741211,53.2400016784668,28.611927032470703,2755800
2005-07-27,53.61000061035156,53.88999938964844,53.40999984741211,53.849998474121094,28.939741134643555,2259700
2005-07-28,53.91999816894531,54.2599983215332,53.7599983215332,54.220001220703125,29.138580322265625,3058500
2005-07-29,54.130001068115234,54.220001220703125,53.900001525878906,53.959999084472656,28.99886703491211,3734500
2005-08-01,54.59000015258789,54.65999984741211,54.38999938964844,54.4900016784668,29.28369140625,4786100
2005-08-02,54.79999923706055,54.9900016784668,54.70000076293945,54.880001068115234,29.493274688720703,2443700
2005-08-03,55.099998474121094,55.31999969482422,55.02000045776367,55.290000915527344,29.713624954223633,1682100
2005-08-04,54.959999084472656,55.279998779296875,54.83000183105469,54.84000015258789,29.471784591674805,2716800
2005-08-05,54.90999984741211,54.90999984741211,54.41999816894531,54.63999938964844,29.364301681518555,1971000
2005-08-08,55.099998474121094,55.11000061035156,54.70000076293945,54.77000045776367,29.43416976928711,2064000
2005-08-09,55.16999816894531,55.540000915527344,55.099998474121094,55.470001220703125,29.81035041809082,2101000
2005-08-10,56.029998779296875,56.279998779296875,55.70000076293945,55.849998474121094,30.014575958251953,1998200
2005-08-11,56.31999969482422,56.779998779296875,56.31999969482422,56.75,30.498247146606445,1175700
2005-08-12,56.400001525878906,56.599998474121094,56.20000076293945,56.400001525878906,30.31015396118164,1606600
2005-08-15,56.29999923706055,56.61000061035156,56.25,56.5,30.363887786865234,1636600
2005-08-16,56.29999923706055,56.29999923706055,55.810001373291016,55.88999938964844,30.03606605529785,2163600
2005-08-17,55.72999954223633,55.9900016784668,55.70000076293945,55.75,29.960832595825195,2994700
2005-08-18,55.31999969482422,55.31999969482422,55.04999923706055,55.150001525878906,29.63838005065918,1395300
2005-08-19,55.439998626708984,55.599998474121094,55.36000061035156,55.41999816894531,29.783491134643555,920400
2005-08-22,55.95000076293945,56.20000076293945,55.810001373291016,56.029998779296875,30.11131477355957,1383500
2005-08-23,55.54999923706055,55.849998474121094,55.5,55.790000915527344,29.98232650756836,1682000
2005-08-24,55.599998474121094,55.7400016784668,55.20000076293945,55.20000076293945,29.665252685546875,1171500
2005-08-25,55.470001220703125,55.619998931884766,55.369998931884766,55.40999984741211,29.778100967407227,1069700
2005-08-26,55.59000015258789,55.68000030517578,55.15999984741211,55.22999954223633,29.681373596191406,2065900
2005-08-29,55.0,55.25,54.90999984741211,55.20000076293945,29.665252685546875,1701500
2005-08-30,54.97999954223633,55.040000915527344,54.709999084472656,55.040000915527344,29.57927131652832,1669300
2005-08-31,55.27000045776367,56.04999923706055,55.20000076293945,56.029998779296875,30.11131477355957,2073600
2005-09-01,56.470001220703125,56.880001068115234,56.41999816894531,56.70000076293945,30.47138786315918,2482600
2005-09-02,56.880001068115234,57.040000915527344,56.79999923706055,56.900001525878906,30.578847885131836,2426400
2005-09-06,57.400001525878906,57.68000030517578,57.310001373291016,57.599998474121094,30.95505142211914,1571100
2005-09-07,57.290000915527344,57.5,57.189998626708984,57.439998626708984,30.869056701660156,2873600
2005-09-08,57.16999816894531,57.220001220703125,56.91999816894531,57.0,30.63259506225586,1847100
2005-09-09,57.470001220703125,57.83000183105469,57.400001525878906,57.75,31.035654067993164,1313600
2005-09-12,57.36000061035156,57.470001220703125,57.27000045776367,57.29999923706055,30.793813705444336,1162200
2005-09-13,57.08000183105469,57.150001525878906,56.81999969482422,56.90999984741211,30.584228515625,2819700
2005-09-14,57.08000183105469,57.25,56.91999816894531,56.95000076293945,30.605730056762695,1404200
2005-09-15,57.150001525878906,57.150001525878906,56.90999984741211,56.9900016784668,30.627235412597656,2431700
2005-09-16,57.380001068115234,57.650001525878906,57.209999084472656,57.630001068115234,30.97117042541504,1952800
2005-09-19,57.34000015258789,57.34000015258789,57.060001373291016,57.25,30.76694679260254,3151000
2005-09-20,57.5,57.650001525878906,56.900001525878906,57.040000915527344,30.654094696044922,1926100
2005-09-21,57.439998626708984,57.47999954223633,57.0099983215332,57.099998474121094,30.686338424682617,2342400
2005-09-22,57.04999923706055,57.119998931884766,56.77000045776367,57.040000915527344,30.654094696044922,2868600
2005-09-23,56.83000183105469,56.970001220703125,56.650001525878906,56.79999923706055,30.525110244750977,2273500
2005-09-26,57.31999969482422,57.56999969482422,57.189998626708984,57.41999816894531,30.85831069946289,3019800
2005-09-27,57.150001525878906,57.400001525878906,56.93000030517578,57.20000076293945,30.740083694458008,1901900
2005-09-28,57.70000076293945,57.88999938964844,57.560001373291016,57.790000915527344,31.057147979736328,3054500
2005-09-29,57.970001220703125,58.56999969482422,57.880001068115234,58.47999954223633,31.427968978881836,2540400
2005-09-30,57.970001220703125,58.220001220703125,57.869998931884766,58.099998474121094,31.223752975463867,2702900
2005-10-03,57.91999816894531,58.0,57.72999954223633,57.900001525878906,31.11627197265625,1985900
2005-10-04,57.9900016784668,58.209999084472656,57.5099983215332,57.52000045776367,30.912052154541016,2071900
2005-10-05,57.599998474121094,57.650001525878906,56.9900016784668,57.02000045776367,30.643352508544922,2813000
2005-10-06,57.0,57.18000030517578,56.33000183105469,56.75,30.498247146606445,3380300
2005-10-07,57.0,57.08000183105469,56.79999923706055,56.95000076293945,30.605730056762695,1555800
2005-10-10,56.9900016784668,57.04999923706055,56.5099983215332,56.66999816894531,30.455245971679688,1096400
2005-10-11,57.060001373291016,57.130001068115234,56.65999984741211,56.7400016784668,30.492876052856445,1497800
2005-10-12,56.849998474121094,56.93000030517578,56.22999954223633,56.36000061035156,30.288650512695312,3101400
2005-10-13,55.93000030517578,56.33000183105469,55.619998931884766,56.2400016784668,30.22416114807129,2196500
2005-10-14,56.310001373291016,56.84000015258789,56.15999984741211,56.77000045776367,30.508989334106445,1748600
2005-10-17,56.2400016784668,56.33000183105469,56.0099983215332,56.20000076293945,30.202672958374023,2955500
2005-10-18,55.7599983215332,55.849998474121094,55.470001220703125,55.54999923706055,29.85334014892578,3051300
2005-10-19,54.95000076293945,56.0,54.88999938964844,56.0,30.095172882080078,2472800
2005-10-20,55.439998626708984,55.459999084472656,54.54999923706055,54.720001220703125,29.40729522705078,2368500
2005-10-21,55.15999984741211,55.33000183105469,54.779998779296875,54.959999084472656,29.536272048950195,1385300
2005-10-24,55.220001220703125,55.83000183105469,55.150001525878906,55.81999969482422,29.99845314025879,2223400
2005-10-25,55.880001068115234,56.13999938964844,55.59000015258789,55.880001068115234,30.030685424804688,2192200
2005-10-26,55.95000076293945,56.25,55.70000076293945,55.779998779296875,29.976961135864258,3255800
2005-10-27,56.25,56.29999923706055,55.599998474121094,55.66999816894531,29.91783905029297,1573000
2005-10-28,55.79999923706055,56.20000076293945,55.56999969482422,56.150001525878906,30.175804138183594,3726800
2005-10-31,56.349998474121094,56.619998931884766,56.20000076293945,56.25,30.229536056518555,4862900
2005-11-01,56.689998626708984,56.84000015258789,56.5,56.72999954223633,30.48750877380371,2795300
2005-11-02,56.650001525878906,57.5099983215332,56.63999938964844,57.5099983215332,30.906679153442383,3075900
2005-11-03,57.58000183105469,57.70000076293945,57.279998779296875,57.47999954223633,30.89055824279785,2471300
2005-11-04,57.41999816894531,57.459999084472656,56.709999084472656,56.95000076293945,30.605730056762695,1951400
2005-11-07,57.04999923706055,57.34000015258789,56.900001525878906,57.279998779296875,30.7830753326416,1630300
2005-11-08,57.040000915527344,57.25,56.91999816894531,57.13999938964844,30.70783805847168,3971600
2005-11-09,56.869998931884766,57.20000076293945,56.720001220703125,57.099998474121094,30.686338424682617,3981500
2005-11-10,57.0,57.130001068115234,56.599998474121094,57.029998779296875,30.648725509643555,2539600
2005-11-11,56.9900016784668,57.36000061035156,56.9900016784668,57.33000183105469,30.809946060180664,1850000
2005-11-14,57.22999954223633,57.22999954223633,56.77000045776367,56.9900016784668,30.627235412597656,2313900
2005-11-15,56.65999984741211,56.900001525878906,56.040000915527344,56.68000030517578,30.46062469482422,2382200
2005-11-16,56.47999954223633,56.59000015258789,56.33000183105469,56.58000183105469,30.406888961791992,1761000
2005-11-17,57.0,57.54999923706055,57.0,57.54999923706055,30.92817497253418,2169700
2005-11-18,57.790000915527344,57.95000076293945,57.369998931884766,57.95000076293945,31.143138885498047,5674400
2005-11-21,57.9900016784668,58.09000015258789,57.68000030517578,58.029998779296875,31.186132431030273,2170100
2005-11-22,57.529998779296875,58.2599983215332,57.43000030517578,58.220001220703125,31.288246154785156,2834400
2005-11-23,58.20000076293945,58.54999923706055,58.13999938964844,58.5,31.438720703125,3026800
2005-11-25,58.13999938964844,58.25,57.849998474121094,57.939998626708984,31.13776969909668,2582900
2005-11-28,58.119998931884766,58.2400016784668,57.849998474121094,58.09000015258789,31.21837615966797,3798500
2005-11-29,58.16999816894531,58.209999084472656,57.900001525878906,58.0,31.170013427734375,2672700
2005-11-30,57.880001068115234,57.93000030517578,57.439998626708984,57.54999923706055,30.92817497253418,4958500
2005-12-01,58.16999816894531,58.650001525878906,58.099998474121094,58.630001068115234,31.508583068847656,2846500
2005-12-02,58.66999816894531,58.86000061035156,58.45000076293945,58.849998474121094,31.626808166503906,2407900
2005-12-05,59.209999084472656,59.209999084472656,58.70000076293945,59.11000061035156,31.766544342041016,1974800
2005-12-06,59.209999084472656,59.59000015258789,59.0099983215332,59.290000915527344,31.86328125,2462800
2005-12-07,59.209999084472656,59.22999954223633,58.689998626708984,58.900001525878906,31.653697967529297,2433700
2005-12-08,58.88999938964844,59.279998779296875,58.65999984741211,58.88999938964844,31.64830207824707,6019200
2005-12-09,59.25,59.540000915527344,59.20000076293945,59.47999954223633,31.96538543701172,2044400
2005-12-12,60.13999938964844,60.25,60.0,60.22999954223633,32.36844253540039,2521200
2005-12-13,60.15999984741211,60.599998474121094,60.0099983215332,60.52000045776367,32.5242919921875,2861000
2005-12-14,60.400001525878906,60.619998931884766,60.29999923706055,60.4900016784668,32.50817108154297,1811000
2005-12-15,60.279998779296875,60.279998779296875,59.77000045776367,59.93000030517578,32.207218170166016,5016800
2005-12-16,60.400001525878906,60.599998474121094,60.29999923706055,60.400001525878906,32.459800720214844,2155700
2005-12-19,60.66999816894531,60.66999816894531,60.20000076293945,60.290000915527344,32.40068817138672,2335400
2005-12-20,60.41999816894531,60.45000076293945,60.13999938964844,60.29999923706055,32.406070709228516,3313900
2005-12-21,60.58000183105469,60.650001525878906,60.279998779296875,60.59000015258789,32.561912536621094,4912400
2005-12-22,60.689998626708984,60.95000076293945,59.59000015258789,60.939998626708984,32.75,2659000
2005-12-23,59.58000183105469,59.79999923706055,59.5099983215332,59.79999923706055,32.733585357666016,2142700
2005-12-27,59.900001525878906,59.900001525878906,59.119998931884766,59.25,32.432525634765625,3543800
2005-12-28,59.84000015258789,60.0,59.52000045776367,59.68000030517578,32.66789627075195,3248600
2005-12-29,59.79999923706055,59.9900016784668,59.619998931884766,59.70000076293945,32.67884826660156,6123300
2005-12-30,59.349998474121094,59.470001220703125,59.04999923706055,59.43000030517578,32.53105545043945,4236600
2006-01-03,60.5,61.470001220703125,60.279998779296875,61.41999816894531,33.620338439941406,7778500
2006-01-04,61.650001525878906,61.970001220703125,61.540000915527344,61.93000030517578,33.899513244628906,5231500
2006-01-05,61.619998931884766,61.72999954223633,61.47999954223633,61.619998931884766,33.729820251464844,4953800
2006-01-06,62.15999984741211,62.5,61.9900016784668,62.45000076293945,34.18415069580078,5326600
2006-01-09,62.369998931884766,62.47999954223633,62.189998626708984,62.47999954223633,34.20058822631836,3057200
2006-01-10,61.4900016784668,61.91999816894531,61.4900016784668,61.91999816894531,33.894039154052734,3608400
2006-01-11,61.88999938964844,62.47999954223633,61.88999938964844,62.45000076293945,34.18415069580078,4077000
2006-01-12,62.099998474121094,62.25,61.81999969482422,61.939998626708984,33.904991149902344,3438400
2006-01-13,61.790000915527344,62.86000061035156,61.75,62.18000030517578,34.0363655090332,2582100
2006-01-17,61.189998626708984,61.40999984741211,61.06999969482422,61.400001525878906,33.60940933227539,3501700
2006-01-18,60.66999816894531,60.86000061035156,60.27000045776367,60.56999969482422,33.15507507324219,3444800
2006-01-19,60.93000030517578,61.34000015258789,60.86000061035156,61.2599983215332,33.532772064208984,5194300
2006-01-20,61.400001525878906,61.45000076293945,60.209999084472656,60.33000183105469,33.02370071411133,5101100
2006-01-23,60.970001220703125,61.2599983215332,60.86000061035156,61.16999816894531,33.48350524902344,5957000
2006-01-24,61.220001220703125,61.779998779296875,61.15999984741211,61.47999954223633,33.6531867980957,3037100
2006-01-25,61.70000076293945,61.849998474121094,61.400001525878906,61.689998626708984,33.768150329589844,3563000
2006-01-26,62.220001220703125,62.59000015258789,62.119998931884766,62.41999816894531,34.167728424072266,3474100
2006-01-27,62.88999938964844,63.08000183105469,62.45000076293945,62.75,34.3483772277832,3571300
2006-01-30,62.720001220703125,62.849998474121094,62.619998931884766,62.79999923706055,34.37574005126953,3050100
2006-01-31,62.86000061035156,63.220001220703125,62.70000076293945,62.86000061035156,34.40857696533203,3681800
2006-02-01,62.880001068115234,63.209999084472656,62.83000183105469,63.04999923706055,34.51258850097656,4100900
2006-02-02,62.77000045776367,62.9900016784668,62.25,62.34000015258789,34.123939514160156,4136500
2006-02-03,61.93000030517578,62.45000076293945,61.81999969482422,62.18000030517578,34.0363655090332,7103400
2006-02-06,62.36000061035156,62.36000061035156,61.88999938964844,62.09000015258789,33.987098693847656,2528900
2006-02-07,62.02000045776367,62.130001068115234,61.43000030517578,61.630001068115234,33.73530578613281,3779000
2006-02-08,61.5,61.9900016784668,61.279998779296875,61.849998474121094,33.8557243347168,4463400
2006-02-09,62.119998931884766,62.4900016784668,61.880001068115234,61.970001220703125,33.921417236328125,3885000
2006-02-10,62.18000030517578,62.20000076293945,61.4900016784668,61.83000183105469,33.84477996826172,2125000
2006-02-13,61.29999923706055,61.599998474121094,61.25,61.400001525878906,33.60940933227539,3482600
2006-02-14,61.29999923706055,62.9900016784668,61.27000045776367,62.08000183105469,33.981624603271484,3066500
2006-02-15,61.709999084472656,62.0,61.27000045776367,61.52000045776367,33.675079345703125,6430600
2006-02-16,61.58000183105469,62.150001525878906,61.470001220703125,62.11000061035156,33.998043060302734,2418100
2006-02-17,61.650001525878906,62.130001068115234,61.54999923706055,61.93000030517578,33.899513244628906,6936300
2006-02-21,62.150001525878906,62.290000915527344,61.849998474121094,61.939998626708984,33.904991149902344,2872600
2006-02-22,62.099998474121094,62.5,61.93000030517578,62.40999984741211,34.162254333496094,6620200
2006-02-23,62.72999954223633,62.83000183105469,62.40999984741211,62.56999969482422,34.249847412109375,3203900
2006-02-24,62.70000076293945,62.869998931884766,62.59000015258789,62.779998779296875,34.36478805541992,3580600
2006-02-27,62.91999816894531,63.150001525878906,62.83000183105469,63.0,34.48522186279297,2755700
2006-02-28,62.779998779296875,62.84000015258789,62.400001525878906,62.41999816894531,34.167728424072266,11384100
2006-03-01,62.869998931884766,63.150001525878906,62.68000030517578,63.060001373291016,34.51807403564453,4076900
2006-03-02,62.650001525878906,62.95000076293945,62.40999984741211,62.939998626708984,34.45236587524414,2822200
2006-03-03,62.47999954223633,62.970001220703125,62.380001068115234,62.68000030517578,34.31005859375,5237600
2006-03-06,62.90999984741211,62.90999984741211,62.310001373291016,62.439998626708984,34.178680419921875,2946500
2006-03-07,61.75,62.400001525878906,61.5099983215332,61.68000030517578,33.76266860961914,3858200
2006-03-08,61.5099983215332,61.97999954223633,61.36000061035156,61.88999938964844,33.877628326416016,2873700
2006-03-09,62.18000030517578,62.31999969482422,61.810001373291016,61.81999969482422,33.839298248291016,4765700
2006-03-10,62.119998931884766,62.810001373291016,61.90999984741211,62.7599983215332,34.35384750366211,3744300
2006-03-13,63.119998931884766,63.29999923706055,63.0,63.279998779296875,34.638484954833984,2515800
2006-03-14,63.25,64.05000305175781,63.150001525878906,63.95000076293945,35.00522994995117,3769000
2006-03-15,64.05999755859375,64.20999908447266,63.72999954223633,64.18000030517578,35.131126403808594,5171500
2006-03-16,64.0999984741211,64.55999755859375,64.0199966430664,64.38999938964844,35.246089935302734,3464200
2006-03-17,64.5999984741211,64.69999694824219,64.30999755859375,64.69999694824219,35.415767669677734,2797000
2006-03-20,65.01000213623047,65.04000091552734,64.63999938964844,64.83000183105469,35.48693084716797,2259000
2006-03-21,64.52999877929688,64.6500015258789,64.05000305175781,64.16000366210938,35.12018585205078,4341300
2006-03-22,64.4800033569336,64.9000015258789,64.37000274658203,64.76000213623047,35.4486083984375,3161400
2006-03-23,64.4000015258789,64.44000244140625,63.77000045776367,63.97999954223633,35.02165603637695,5467700
2006-03-24,64.06999969482422,64.5199966430664,63.939998626708984,64.48999786376953,35.30082321166992,3362600
2006-03-27,64.36000061035156,64.47000122070312,64.0999984741211,64.37999725341797,35.240604400634766,4893200
2006-03-28,64.33999633789062,64.5199966430664,63.650001525878906,63.7599983215332,34.90122985839844,3977600
2006-03-29,64.05000305175781,64.68000030517578,63.970001220703125,64.5999984741211,35.36103439331055,2738000
2006-03-30,64.87000274658203,65.5199966430664,64.86000061035156,65.37999725341797,35.787994384765625,5073200
2006-03-31,65.05000305175781,65.11000061035156,64.81999969482422,64.91999816894531,35.53619384765625,5380100
2006-04-03,65.18000030517578,65.86000061035156,65.12000274658203,65.62999725341797,35.92483139038086,6945100
2006-04-04,65.80000305175781,66.16999816894531,65.73999786376953,66.1500015258789,36.20947265625,3560600
2006-04-05,66.16999816894531,66.58000183105469,66.05000305175781,66.37000274658203,36.32989501953125,3615600
2006-04-06,66.44999694824219,66.69999694824219,66.1500015258789,66.43000030517578,36.36273956298828,2806400
2006-04-07,66.41999816894531,66.86000061035156,65.51000213623047,65.66999816894531,35.94673538208008,4531900
2006-04-10,65.8499984741211,65.94999694824219,65.62999725341797,65.79000091552734,36.01242446899414,3222100
2006-04-11,65.8499984741211,65.9000015258789,65.1500015258789,65.3499984741211,35.77157211303711,5924600
2006-04-12,65.16000366210938,65.31999969482422,64.87000274658203,65.02999877929688,35.596405029296875,6929500
2006-04-13,64.97000122070312,65.27999877929688,64.87999725341797,65.19999694824219,35.68946075439453,3974900
2006-04-17,65.56999969482422,65.7699966430664,65.31999969482422,65.5,35.85367965698242,2309400
2006-04-18,66.06999969482422,66.8499984741211,65.6500015258789,66.83999633789062,36.58716583251953,4494100
2006-04-19,66.62000274658203,67.33000183105469,66.48999786376953,67.30000305175781,36.83897399902344,3753900
2006-04-20,66.9800033569336,67.19999694824219,66.80999755859375,67.0,36.67475509643555,6370500
2006-04-21,67.44999694824219,67.6500015258789,67.11000061035156,67.44999694824219,36.92108154296875,2464500
2006-04-24,67.37999725341797,67.63999938964844,67.13999938964844,67.5199966430664,36.95940399169922,1778000
2006-04-25,67.69999694824219,67.8499984741211,67.2300033569336,67.4800033569336,36.937503814697266,4088800
2006-04-26,67.75,67.97000122070312,67.6500015258789,67.9000015258789,37.167396545410156,4610400
2006-04-27,67.13999938964844,68.30000305175781,67.13999938964844,68.0199966430664,37.233089447021484,3101300
2006-04-28,67.8499984741211,68.27999877929688,67.22000122070312,68.02999877929688,37.23855972290039,3910500
2006-05-01,68.69999694824219,68.77999877929688,67.91000366210938,68.0,37.22213363647461,3377000
2006-05-02,68.81999969482422,69.04000091552734,68.69000244140625,69.04000091552734,37.79141616821289,6046400
2006-05-03,68.77999877929688,68.81999969482422,65.75,68.62999725341797,37.56698989868164,4595600
2006-05-04,68.62999725341797,69.23999786376953,68.55000305175781,69.16000366210938,37.85710525512695,2996100
2006-05-05,69.6500015258789,70.23999786376953,69.19999694824219,70.22000122070312,38.43733215332031,3404600
2006-05-08,70.4000015258789,70.4000015258789,70.0199966430664,70.16000366210938,38.404502868652344,3313400
2006-05-09,70.31999969482422,70.63999938964844,70.2300033569336,70.58000183105469,38.6343994140625,3747200
2006-05-10,70.3499984741211,70.6500015258789,70.13999938964844,70.36000061035156,38.51396942138672,4080100
2006-05-11,70.33000183105469,70.4000015258789,69.45999908447266,69.6500015258789,38.125328063964844,6549900
2006-05-12,69.41999816894531,69.61000061035156,68.61000061035156,68.75,37.63267135620117,5935200
2006-05-15,67.87000274658203,68.38999938964844,67.62999725341797,68.16000366210938,37.309722900390625,5947000
2006-05-16,68.27999877929688,68.37000274658203,67.68000030517578,68.05999755859375,37.25498962402344,2687500
2006-05-17,67.61000061035156,67.75,65.62000274658203,65.88999938964844,36.06716537475586,4996900
2006-05-18,66.23999786376953,66.72000122070312,65.52999877929688,65.69000244140625,35.957679748535156,5215300
2006-05-19,65.6500015258789,66.08999633789062,65.23999786376953,66.0199966430664,36.1383171081543,3712900
2006-05-22,64.3499984741211,64.91000366210938,63.93000030517578,64.56999969482422,35.34462356567383,5725300
2006-05-23,65.12000274658203,65.79000091552734,64.58999633789062,64.58999633789062,35.35554885864258,5083400
2006-05-24,64.66000366210938,64.7699966430664,63.75,64.55000305175781,35.33366394042969,4414000
2006-05-25,64.97000122070312,65.41999816894531,64.70999908447266,65.41999816894531,35.80989074707031,5204000
2006-05-26,65.94999694824219,66.0199966430664,65.3499984741211,65.94999694824219,36.09999084472656,5687200
2006-05-30,65.5,65.70999908447266,64.80000305175781,64.94999694824219,35.552616119384766,2933100
2006-05-31,65.33000183105469,65.55000305175781,64.97000122070312,65.43000030517578,35.815364837646484,5671700
2006-06-01,64.75,65.8499984741211,64.47000122070312,65.8499984741211,36.04526138305664,4111200
2006-06-02,66.63999938964844,66.77999877929688,66.05000305175781,66.48999786376953,36.39558792114258,4277800
2006-06-05,66.25,66.26000213623047,64.93000030517578,65.05000305175781,35.60735321044922,3549700
2006-06-06,64.55000305175781,64.61000061035156,63.70000076293945,64.26000213623047,35.174922943115234,4594400
2006-06-07,63.95000076293945,64.4000015258789,63.380001068115234,63.380001068115234,34.6932258605957,3892300
2006-06-08,62.04999923706055,62.150001525878906,61.09000015258789,61.97999954223633,33.92689895629883,12178100
2006-06-09,62.540000915527344,62.720001220703125,61.84000015258789,61.90999984741211,33.888572692871094,4961800
2006-06-12,62.29999923706055,62.470001220703125,61.310001373291016,61.380001068115234,33.598453521728516,3024300
2006-06-13,60.29999923706055,60.75,59.400001525878906,59.459999084472656,32.547489166259766,6131600
2006-06-14,60.40999984741211,60.72999954223633,59.849998474121094,60.31999969482422,33.01824188232422,5532100
2006-06-15,61.5099983215332,62.59000015258789,61.349998474121094,62.400001525878906,34.15678405761719,6355700
2006-06-16,62.13999938964844,62.2400016784668,61.7400016784668,61.900001525878906,33.88309860229492,4610800
2006-06-19,62.189998626708984,62.400001525878906,61.45000076293945,61.59000015258789,33.713401794433594,4358900
2006-06-20,61.849998474121094,62.29999923706055,61.599998474121094,61.959999084472656,33.915931701660156,3953400
2006-06-21,62.0,63.06999969482422,61.959999084472656,62.7599983215332,34.35384750366211,3138600
2006-06-22,62.63999938964844,63.650001525878906,62.16999816894531,62.43000030517578,34.17321014404297,4670300
2006-06-23,62.06999969482422,62.619998931884766,61.97999954223633,62.25,34.07468032836914,2508200
2006-06-26,62.47999954223633,62.77000045776367,62.22999954223633,62.7400016784668,34.342891693115234,2044000
2006-06-27,62.68000030517578,62.70000076293945,61.54999923706055,61.58000183105469,33.70792770385742,4121700
2006-06-28,62.099998474121094,62.349998474121094,61.810001373291016,62.279998779296875,34.091102600097656,4952700
2006-06-29,62.810001373291016,64.66999816894531,62.810001373291016,64.58000183105469,35.35008239746094,7741100
2006-06-30,65.27999877929688,65.41000366210938,64.93000030517578,65.38999938964844,35.7934684753418,5907200
2006-07-03,65.5,65.9000015258789,65.36000061035156,65.7300033569336,35.979576110839844,9164600
2006-07-05,64.9000015258789,64.94999694824219,64.19999694824219,64.4800033569336,35.295352935791016,6388500
2006-07-06,64.88999938964844,65.29000091552734,64.86000061035156,65.16000366210938,35.66756820678711,4385500
2006-07-07,65.44000244140625,65.58999633789062,64.8499984741211,64.86000061035156,35.503360748291016,3124800
2006-07-10,65.4000015258789,65.58999633789062,65.19000244140625,65.4000015258789,35.798946380615234,3957500
2006-07-11,65.1500015258789,65.6500015258789,64.69999694824219,65.58000183105469,35.8974723815918,4199400
2006-07-12,64.7699966430664,64.87999725341797,64.1500015258789,64.3499984741211,35.224185943603516,3154800
2006-07-13,63.75,63.900001525878906,63.099998474121094,63.220001220703125,34.60564422607422,4183900
2006-07-14,62.880001068115234,63.0,61.5,62.68000030517578,34.31005859375,3555800
2006-07-17,61.630001068115234,62.0,61.560001373291016,61.79999923706055,33.82835006713867,2899700
2006-07-18,61.79999923706055,61.88999938964844,60.93000030517578,61.70000076293945,33.77361297607422,3659800
2006-07-19,63.4900016784668,63.4900016784668,61.38999938964844,63.220001220703125,34.60564422607422,5192700
2006-07-20,63.459999084472656,63.68000030517578,62.79999923706055,62.880001068115234,34.41952896118164,2644500
2006-07-21,63.27000045776367,63.349998474121094,62.79999923706055,62.880001068115234,34.41952896118164,3641900
2006-07-24,63.18000030517578,64.05999755859375,63.130001068115234,64.0199966430664,35.043548583984375,3025500
2006-07-25,64.05999755859375,64.31999969482422,63.619998931884766,64.0,35.032596588134766,4507400
2006-07-26,63.91999816894531,64.61000061035156,63.7400016784668,64.44999694824219,35.27891540527344,3045900
2006-07-27,65.41000366210938,65.52999877929688,64.58000183105469,64.8499984741211,35.49788284301758,4190200
2006-07-28,65.44999694824219,66.1500015258789,65.41000366210938,66.1500015258789,36.20947265625,3029200
2006-07-31,65.94000244140625,66.0,65.75,65.91999816894531,36.083580017089844,3475500
2006-08-01,65.5,65.6500015258789,64.9800033569336,65.45999908447266,35.83177185058594,3778900
2006-08-02,65.81999969482422,66.3499984741211,65.81999969482422,66.18000030517578,36.225894927978516,3247200
2006-08-03,65.4800033569336,66.25,65.4000015258789,66.06999969482422,36.16569519042969,3939100
2006-08-04,66.54000091552734,66.80000305175781,65.87999725341797,66.12000274658203,36.193050384521484,4047200
2006-08-07,65.63999938964844,65.87999725341797,65.5,65.70999908447266,35.968624114990234,2061800
2006-08-08,65.69999694824219,66.20999908447266,65.31999969482422,65.4800033569336,35.84272384643555,2627000
2006-08-09,66.37000274658203,66.66999816894531,65.77999877929688,65.80000305175781,36.01789474487305,3065500
2006-08-10,65.7300033569336,65.97000122070312,65.47000122070312,65.94999694824219,36.09999084472656,3848800
2006-08-11,65.43000030517578,65.6500015258789,65.22000122070312,65.37999725341797,35.787994384765625,1996200
2006-08-14,65.88999938964844,66.1500015258789,65.58999633789062,65.5999984741211,35.90842056274414,2221000
2006-08-15,66.80000305175781,67.1500015258789,66.68000030517578,67.0199966430664,36.68571090698242,2887400
2006-08-16,67.55000305175781,67.69999694824219,67.37000274658203,67.62999725341797,37.01960754394531,2618500
2006-08-17,67.55000305175781,67.80000305175781,67.25,67.37999725341797,36.88275909423828,2464400
2006-08-18,67.55000305175781,67.68000030517578,67.16999816894531,67.66000366210938,37.03603744506836,2019400
2006-08-21,67.52999877929688,67.80000305175781,67.44000244140625,67.44999694824219,36.92108154296875,3163500
2006-08-22,67.19999694824219,67.4800033569336,67.0,67.26000213623047,36.817073822021484,2552400
2006-08-23,67.44999694824219,67.5999984741211,66.9000015258789,67.0199966430664,36.68571090698242,2570600
2006-08-24,67.3499984741211,67.38999938964844,66.66000366210938,66.83000183105469,36.58169937133789,2849700
2006-08-25,66.81999969482422,66.97000122070312,66.62999725341797,66.77999877929688,36.554325103759766,3690800
2006-08-28,66.83000183105469,67.30000305175781,66.76000213623047,67.05999755859375,36.70758819580078,3573200
2006-08-29,67.45999908447266,67.68000030517578,66.9800033569336,67.5999984741211,37.00318145751953,3565000
2006-08-30,67.87999725341797,67.87999725341797,67.4800033569336,67.5999984741211,37.00318145751953,5866400
2006-08-31,67.95999908447266,67.95999908447266,67.5,67.5999984741211,37.00318145751953,5035800
2006-09-01,67.81999969482422,68.22000122070312,67.75,68.0999984741211,37.276885986328125,2611300
2006-09-05,68.37999725341797,68.5199966430664,68.12000274658203,68.45999908447266,37.47393035888672,3383200
2006-09-06,67.68000030517578,67.69000244140625,67.2300033569336,67.30999755859375,36.84443664550781,3474200
2006-09-07,66.5999984741211,66.93000030517578,66.36000061035156,66.5,36.401065826416016,3539200
2006-09-08,66.4800033569336,66.66000366210938,66.36000061035156,66.5199966430664,36.41202163696289,2230400
2006-09-11,66.13999938964844,66.4000015258789,65.77999877929688,66.12000274658203,36.193050384521484,3626400
2006-09-12,66.37999725341797,66.97000122070312,66.25,66.87999725341797,36.60906982421875,3787600
2006-09-13,66.5999984741211,66.94999694824219,66.4800033569336,66.75,36.537899017333984,2231000
2006-09-14,66.87999725341797,66.95999908447266,66.72000122070312,66.83999633789062,36.58716583251953,2314600
2006-09-15,67.02999877929688,67.05000305175781,66.5199966430664,66.69999694824219,36.51054000854492,3204300
2006-09-18,66.5999984741211,67.0999984741211,66.54000091552734,66.9800033569336,36.6638069152832,3239400
2006-09-19,66.9000015258789,66.94999694824219,66.0,66.36000061035156,36.32443618774414,2981300
2006-09-20,66.9000015258789,67.23999786376953,66.8499984741211,67.01000213623047,36.68022918701172,2951400
2006-09-21,67.47000122070312,67.51000213623047,67.02999877929688,67.16999816894531,36.76781463623047,3259600
2006-09-22,67.30999755859375,67.30999755859375,66.70999908447266,66.83999633789062,36.58716583251953,2685200
2006-09-25,67.0,67.23999786376953,66.25,67.12000274658203,36.740447998046875,6174600
2006-09-26,66.80000305175781,67.30000305175781,66.80000305175781,67.27999877929688,36.828025817871094,4046900
2006-09-27,67.5,67.79000091552734,67.4800033569336,67.70999908447266,37.06338882446289,3299600
2006-09-28,67.87000274658203,68.0,67.62000274658203,67.9000015258789,37.167396545410156,3508000
2006-09-29,67.8499984741211,67.9000015258789,67.66000366210938,67.75,37.085289001464844,6423000
2006-10-02,68.05000305175781,68.37000274658203,67.9000015258789,67.94000244140625,37.189300537109375,4369800
2006-10-03,67.7699966430664,68.22000122070312,67.61000061035156,68.0,37.22213363647461,4013800
2006-10-04,67.83000183105469,68.72000122070312,67.7699966430664,68.6500015258789,37.577945709228516,5653600
2006-10-05,68.66999816894531,68.79000091552734,68.12000274658203,68.7300033569336,37.62173080444336,6165000
2006-10-06,68.2699966430664,68.41000366210938,67.91999816894531,68.12000274658203,37.28783416748047,4727600
2006-10-09,67.95999908447266,68.22000122070312,67.86000061035156,68.16999816894531,37.3151969909668,1671700
2006-10-10,68.33000183105469,68.37999725341797,68.01000213623047,68.25,37.35898971557617,2482800
2006-10-11,68.12999725341797,68.5999984741211,67.95999908447266,68.19999694824219,37.33161926269531,2174200
2006-10-12,68.43000030517578,69.0199966430664,68.43000030517578,68.93000030517578,37.731197357177734,3457900
2006-10-13,68.87999725341797,69.0999984741211,68.68000030517578,69.05000305175781,37.796897888183594,2296200
2006-10-16,69.22000122070312,69.3499984741211,69.08000183105469,69.30999755859375,37.939205169677734,3775800
2006-10-17,68.98999786376953,69.0,68.55000305175781,68.87999725341797,37.70383834838867,2322400
2006-10-18,69.19000244140625,69.30999755859375,68.80000305175781,69.05000305175781,37.796897888183594,3554300
2006-10-19,69.27999877929688,69.69000244140625,69.20999908447266,69.56999969482422,38.0815315246582,4728700
2006-10-20,69.79000091552734,69.83999633789062,69.38999938964844,69.79000091552734,38.20195388793945,3792600
2006-10-23,69.33999633789062,69.93000030517578,69.25,69.8499984741211,38.234798431396484,2221500
2006-10-24,69.63999938964844,69.94999694824219,69.55999755859375,69.86000061035156,38.24027633666992,3483600
2006-10-25,69.94999694824219,70.44999694824219,69.87999725341797,70.3499984741211,38.50849151611328,3332400
2006-10-26,70.72000122070312,70.97000122070312,70.41000366210938,70.88999938964844,38.80408477783203,5856600
2006-10-27,70.69999694824219,70.76000213623047,70.30000305175781,70.4000015258789,38.535865783691406,5966100
2006-10-30,70.18000030517578,70.41000366210938,70.04000091552734,70.25,38.45375061035156,2264000
2006-10-31,70.18000030517578,70.4800033569336,70.08000183105469,70.29000091552734,38.47565460205078,2783000
2006-11-01,70.91999816894531,70.98999786376953,70.05999755859375,70.16999816894531,38.409950256347656,5579400
2006-11-02,70.19000244140625,70.47000122070312,70.12000274658203,70.43000030517578,38.55229187011719,3685800
2006-11-03,70.44999694824219,70.5,70.06999969482422,70.16000366210938,38.404502868652344,3242300
2006-11-06,70.63999938964844,71.22000122070312,70.51000213623047,71.19999694824219,38.973777770996094,5598700
2006-11-07,71.4000015258789,71.7699966430664,71.19000244140625,71.27999877929688,39.01755905151367,6005500
2006-11-08,70.9000015258789,71.4000015258789,70.8499984741211,71.30000305175781,39.02850341796875,3607400
2006-11-09,71.01000213623047,71.30000305175781,70.83000183105469,70.94000244140625,38.83145523071289,3768800
2006-11-10,71.25,71.30000305175781,71.05000305175781,71.22000122070312,38.98472595214844,4116400
2006-11-13,70.87999725341797,71.0199966430664,70.70999908447266,70.7699966430664,38.73839569091797,4064600
2006-11-14,71.44000244140625,71.58999633789062,70.87999725341797,71.55000305175781,39.16535949707031,6901700
2006-11-15,71.0999984741211,71.63999938964844,71.0,71.52999877929688,39.154396057128906,2810700
2006-11-16,71.41999816894531,71.44999694824219,71.18000030517578,71.37999725341797,39.072288513183594,3451900
2006-11-17,70.62000274658203,71.16999816894531,70.44999694824219,71.16999816894531,38.95733642578125,3346400
2006-11-20,70.54000091552734,70.73999786376953,70.44000244140625,70.62999725341797,38.66175842285156,3933700
2006-11-21,70.79000091552734,71.04000091552734,70.68000030517578,70.9800033569336,38.85334014892578,3291700
2006-11-22,71.55999755859375,71.69999694824219,71.38999938964844,71.66999816894531,39.231048583984375,4944600
2006-11-24,71.43000030517578,71.66999816894531,71.29000091552734,71.29000091552734,39.023033142089844,3341800
2006-11-27,71.44999694824219,71.5,70.62999725341797,70.69999694824219,38.700077056884766,4632000
2006-11-28,70.80000305175781,71.36000061035156,70.77999877929688,71.33000183105469,39.044921875,5369000
2006-11-29,71.94999694824219,72.16999816894531,71.73999786376953,72.13999938964844,39.488311767578125,4843500
2006-11-30,72.5,72.66000366210938,72.19000244140625,72.44999694824219,39.657997131347656,7728700
2006-12-01,72.54000091552734,72.56999969482422,71.83000183105469,72.36000061035156,39.60873031616211,4977800
2006-12-04,72.30000305175781,72.94999694824219,72.19999694824219,72.83000183105469,39.866004943847656,4143500
2006-12-05,72.94000244140625,73.30000305175781,72.80999755859375,73.23999786376953,40.09042739868164,13172300
2006-12-06,72.94999694824219,73.2300033569336,72.8499984741211,73.08000183105469,40.00285720825195,4641000
2006-12-07,73.66000366210938,73.72000122070312,73.25,73.33000183105469,40.13970947265625,3735000
2006-12-08,73.44999694824219,73.62000274658203,72.98999786376953,73.1500015258789,40.041175842285156,5172700
2006-12-11,73.06999969482422,73.62999725341797,73.02999877929688,73.44999694824219,40.205387115478516,2909400
2006-12-12,73.55999755859375,73.80000305175781,73.2300033569336,73.75,40.36959457397461,4246600
2006-12-13,73.87999725341797,74.02999877929688,73.7300033569336,74.02999877929688,40.52287292480469,3111900
2006-12-14,74.12999725341797,74.37000274658203,74.05000305175781,74.33000183105469,40.68708801269531,6839800
2006-12-15,74.52999877929688,74.52999877929688,73.87999725341797,74.02999877929688,40.52287292480469,6932400
2006-12-18,74.30000305175781,74.30000305175781,73.80000305175781,73.91999816894531,40.46266174316406,3569600
2006-12-19,73.7699966430664,74.33000183105469,73.69000244140625,74.25,40.643287658691406,6391600
2006-12-20,74.52999877929688,74.66000366210938,74.05000305175781,74.12000274658203,40.57212829589844,4919700
2006-12-21,72.5999984741211,72.8499984741211,72.41999816894531,72.55000305175781,40.551456451416016,6433600
2006-12-22,72.80999755859375,72.80999755859375,72.08000183105469,72.37999725341797,40.456424713134766,5377900
2006-12-26,72.44999694824219,72.62000274658203,72.19999694824219,72.3499984741211,40.439666748046875,3353800
2006-12-27,72.86000061035156,73.25,72.83999633789062,73.25,40.94272232055664,3522400
2006-12-28,73.41000366210938,73.44000244140625,73.05000305175781,73.30000305175781,40.97065734863281,4539600
2006-12-29,73.18000030517578,73.44999694824219,73.0999984741211,73.22000122070312,40.92594909667969,5536000
2007-01-03,73.95999908447266,74.06999969482422,73.27999877929688,73.51000213623047,41.08804702758789,12081400
2007-01-04,73.30999755859375,73.47000122070312,73.0199966430664,73.30000305175781,40.97065734863281,8674000
2007-01-05,72.79000091552734,72.79000091552734,72.0999984741211,72.19999694824219,40.35581970214844,8961600
2007-01-08,72.47000122070312,72.47000122070312,72.11000061035156,72.30000305175781,40.411712646484375,6584100
2007-01-09,72.6500015258789,72.66999816894531,72.02999877929688,72.37000274658203,40.450843811035156,8505700
2007-01-10,71.69999694824219,71.91999816894531,71.5,71.81999969482422,40.143428802490234,5273600
2007-01-11,71.81999969482422,72.5199966430664,71.76000213623047,72.27999877929688,40.40053176879883,4562000
2007-01-12,72.61000061035156,73.16000366210938,72.58000183105469,73.0999984741211,40.85886764526367,6611900
2007-01-16,73.29000091552734,73.37999725341797,72.87000274658203,73.01000213623047,40.80856704711914,6899500
2007-01-17,72.91999816894531,73.31999969482422,72.81999969482422,73.05000305175781,40.83094024658203,3764900
2007-01-18,73.4000015258789,73.48999786376953,72.80000305175781,72.80000305175781,40.69119644165039,7926000
2007-01-19,73.12000274658203,73.77999877929688,73.08999633789062,73.69000244140625,41.188663482666016,7582600
2007-01-22,73.91999816894531,74.0,73.19999694824219,73.31999969482422,40.981834411621094,6171500
2007-01-23,73.6500015258789,74.12999725341797,73.5999984741211,73.97000122070312,41.345149993896484,5401500
2007-01-24,74.0999984741211,74.51000213623047,74.05999755859375,74.44999694824219,41.613441467285156,7744400
2007-01-25,74.12000274658203,74.16999816894531,73.0999984741211,73.23999786376953,40.9371223449707,5003800
2007-01-26,73.4000015258789,73.4800033569336,72.97000122070312,73.37999725341797,41.0153694152832,5965500
2007-01-29,73.4000015258789,73.66000366210938,73.26000213623047,73.45999908447266,41.06010055541992,5772600
2007-01-30,73.7300033569336,73.9800033569336,73.61000061035156,73.95999908447266,41.33956527709961,4124800
2007-01-31,73.44999694824219,74.33000183105469,73.27999877929688,74.23999786376953,41.49607467651367,5358500
2007-02-01,74.73999786376953,74.93000030517578,74.55999755859375,74.86000061035156,41.842613220214844,7254100
2007-02-02,74.75,74.80999755859375,74.5,74.70999908447266,41.758758544921875,7174500
2007-02-05,74.29000091552734,74.56999969482422,74.20999908447266,74.47000122070312,41.624629974365234,3339100
2007-02-06,74.98999786376953,75.11000061035156,74.66999816894531,75.05000305175781,41.948814392089844,4497700
2007-02-07,75.18000030517578,75.44999694824219,75.02999877929688,75.26000213623047,42.066192626953125,5121800
2007-02-08,74.58999633789062,75.0,74.45999908447266,74.95999908447266,41.89851379394531,3842600
2007-02-09,75.06999969482422,75.1500015258789,74.43000030517578,74.63999938964844,41.71965026855469,4636400
2007-02-12,74.52999877929688,74.56999969482422,74.22000122070312,74.3499984741211,41.557559967041016,5846900
2007-02-13,74.83000183105469,75.33999633789062,74.7699966430664,75.30000305175781,42.08855438232422,4569100
2007-02-14,75.66000366210938,76.4000015258789,75.62999725341797,76.31999969482422,42.65867614746094,5539000
2007-02-15,76.38999938964844,76.5199966430664,76.16999816894531,76.41000366210938,42.708984375,4191200
2007-02-16,76.31999969482422,76.94000244140625,75.5,76.37999725341797,42.69221496582031,4899400
2007-02-20,76.31999969482422,77.0,76.0,76.48999786376953,42.753684997558594,7949700
2007-02-21,75.83999633789062,76.37999725341797,75.69999694824219,76.0999984741211,42.53570556640625,6819200
2007-02-22,76.27999877929688,76.45999908447266,76.16999816894531,76.44000244140625,42.72575378417969,4327600
2007-02-23,76.55000305175781,76.79000091552734,76.4800033569336,76.68000030517578,42.859901428222656,3728100
2007-02-26,77.16000366210938,77.18000030517578,76.70999908447266,76.72000122070312,42.882259368896484,5972100
2007-02-27,75.66000366210938,75.76000213623047,73.01000213623047,73.62999725341797,41.15510559082031,12980000
2007-02-28,74.0,74.66000366210938,73.87999725341797,74.1500015258789,41.44576644897461,8136300
2007-03-01,72.9800033569336,73.66000366210938,72.0,73.38999938964844,41.020965576171875,11055900
2007-03-02,72.9000015258789,73.18000030517578,72.33999633789062,72.4000015258789,40.467620849609375,6951000
2007-03-05,71.45999908447266,72.23999786376953,70.9000015258789,70.9000015258789,39.62919235229492,8286300
2007-03-06,72.44000244140625,73.25,72.25,73.0999984741211,40.85886764526367,8908400
2007-03-07,73.06999969482422,73.58999633789062,72.94000244140625,73.12000274658203,40.87004852294922,6005700
2007-03-08,73.7699966430664,74.19999694824219,73.75,73.9800033569336,41.35072708129883,5305700
2007-03-09,74.18000030517578,74.30000305175781,73.77999877929688,74.0999984741211,41.41781997680664,8451700
2007-03-12,74.13999938964844,74.63999938964844,73.9800033569336,74.58000183105469,41.68610763549805,5143100
2007-03-13,73.97000122070312,74.18000030517578,72.69000244140625,72.80000305175781,40.69119644165039,5769600
2007-03-14,72.33000183105469,72.91000366210938,71.43000030517578,72.83000183105469,40.70794677734375,9299900
2007-03-15,72.69999694824219,73.30999755859375,72.66000366210938,73.16000366210938,40.89242172241211,4313700
2007-03-16,73.43000030517578,73.83999633789062,73.05999755859375,73.25,40.94272232055664,4659400
2007-03-19,74.0199966430664,74.37999725341797,73.87999725341797,74.37999725341797,41.57432174682617,6262200
2007-03-20,74.23999786376953,75.08000183105469,74.19999694824219,75.01000213623047,41.92646026611328,4477900
2007-03-21,75.25,76.72000122070312,75.01000213623047,76.61000061035156,42.820777893066406,6514700
2007-03-22,76.58000183105469,76.68000030517578,76.1500015258789,76.31999969482422,42.65867614746094,4099400
2007-03-23,76.5,76.69999694824219,76.37000274658203,76.5,42.759273529052734,5361600
2007-03-26,76.47000122070312,76.63999938964844,75.80999755859375,76.52999877929688,42.77604675292969,4736400
2007-03-27,76.52999877929688,76.52999877929688,75.94999694824219,76.19000244140625,42.58601760864258,4700700
2007-03-28,75.70999908447266,75.87999725341797,75.30000305175781,75.5199966430664,42.21149826049805,7258800
2007-03-29,76.2699966430664,76.37999725341797,75.75,76.18000030517578,42.580413818359375,6979600
2007-03-30,76.16000366210938,76.48999786376953,76.08000183105469,76.30000305175781,42.64750289916992,8504700
2007-04-02,76.30000305175781,76.62999725341797,76.05000305175781,76.5,42.759273529052734,7702400
2007-04-03,76.81999969482422,77.61000061035156,76.7699966430664,77.13999938964844,43.117008209228516,5387500
2007-04-04,77.25,77.5,77.05999755859375,77.45999908447266,43.29587173461914,7809700
2007-04-05,77.5,77.87999725341797,77.43000030517578,77.73999786376953,43.4523811340332,3051600
2007-04-09,77.75,77.8499984741211,77.52999877929688,77.68000030517578,43.41884994506836,4103200
2007-04-10,78.05000305175781,78.41000366210938,77.97000122070312,78.26000213623047,43.7430419921875,5112200
2007-04-11,78.4000015258789,78.44999694824219,77.68000030517578,77.87999725341797,43.53063201904297,7729600
2007-04-12,77.68000030517578,78.48999786376953,77.52999877929688,78.4000015258789,43.821292877197266,6007200
2007-04-13,78.54000091552734,78.69000244140625,78.23999786376953,78.66000366210938,43.96662139892578,3711700
2007-04-16,79.25,79.66999816894531,79.22000122070312,79.48999786376953,44.43052673339844,12054000
2007-04-17,79.48999786376953,79.62000274658203,79.1500015258789,79.5,44.43612289428711,24911200
2007-04-18,79.30000305175781,79.7300033569336,79.19000244140625,79.47000122070312,44.419349670410156,5797900
2007-04-19,78.66000366210938,79.37999725341797,78.62000274658203,79.16999816894531,44.25165939331055,6385900
2007-04-20,79.81999969482422,80.08000183105469,79.63999938964844,80.08000183105469,44.760311126708984,6654100
2007-04-23,79.5999984741211,79.68000030517578,79.23999786376953,79.30000305175781,44.32433319091797,6250100
2007-04-24,79.19000244140625,79.3499984741211,78.87999725341797,79.25,44.29637908935547,8034800
2007-04-25,79.6500015258789,80.02999877929688,79.30999755859375,79.98999786376953,44.71000671386719,6584200
2007-04-26,79.94999694824219,79.94999694824219,79.25,79.62000274658203,44.503196716308594,9558700
2007-04-27,79.30000305175781,79.58999633789062,79.11000061035156,79.44999694824219,44.40818786621094,3837700
2007-04-30,79.41999816894531,79.80000305175781,78.98999786376953,79.16000366210938,44.246070861816406,6285400
2007-05-01,79.3499984741211,79.4000015258789,78.63999938964844,79.08000183105469,44.20137023925781,5349800
2007-05-02,79.30000305175781,79.75,79.19999694824219,79.68000030517578,44.53673553466797,6366000
2007-05-03,79.70999908447266,79.79000091552734,79.41000366210938,79.79000091552734,44.59820556640625,5510700
2007-05-04,80.19999694824219,80.55999755859375,80.19999694824219,80.54000091552734,45.01742935180664,6404800
2007-05-07,80.68000030517578,80.80000305175781,80.5999984741211,80.66000366210938,45.084495544433594,4647500
2007-05-08,80.05000305175781,80.05999755859375,79.55999755859375,80.0,44.715579986572266,8882800
2007-05-09,80.08000183105469,80.48999786376953,79.94000244140625,80.44000244140625,44.96152114868164,7718100
2007-05-10,79.70999908447266,79.98999786376953,78.66000366210938,78.8499984741211,44.07280349731445,7110200
2007-05-11,79.33999633789062,80.23999786376953,79.33999633789062,80.18000030517578,44.81620407104492,5222000
2007-05-14,80.69000244140625,80.69000244140625,79.52999877929688,79.87999725341797,44.64851379394531,5662900
2007-05-15,79.72000122070312,80.55000305175781,79.62999725341797,80.0199966430664,44.72676467895508,6407900
2007-05-16,80.12000274658203,80.19999694824219,79.58999633789062,80.13999938964844,44.79385757446289,5397900
2007-05-17,79.66999816894531,79.91999816894531,79.45999908447266,79.7300033569336,44.56468200683594,3868000
2007-05-18,80.13999938964844,80.5,79.9800033569336,80.33999633789062,44.90564727783203,3817800
2007-05-21,80.1500015258789,80.27999877929688,79.94999694824219,79.97000122070312,44.698822021484375,7652800
2007-05-22,80.38999938964844,80.44000244140625,80.04000091552734,80.04000091552734,44.73795700073242,3605500
2007-05-23,80.83999633789062,80.9800033569336,80.33000183105469,80.44999694824219,44.967124938964844,11083800
2007-05-24,80.4800033569336,80.63999938964844,79.44999694824219,79.68000030517578,44.53673553466797,6064400
2007-05-25,79.94999694824219,80.19000244140625,79.79000091552734,80.19000244140625,44.8217887878418,6213100
2007-05-29,80.5199966430664,80.66999816894531,79.94000244140625,80.29000091552734,44.877681732177734,5330900
2007-05-30,79.5999984741211,80.62999725341797,79.55999755859375,80.62999725341797,45.06774139404297,5249800
2007-05-31,80.9000015258789,81.13999938964844,80.80000305175781,81.02999877929688,45.29130172729492,9318400
2007-06-01,81.36000061035156,81.5999984741211,81.30999755859375,81.55999755859375,45.58755874633789,3408400
2007-06-04,81.52999877929688,81.79000091552734,81.52999877929688,81.77999877929688,45.710514068603516,4870000
2007-06-05,81.66999816894531,81.7300033569336,81.01000213623047,81.36000061035156,45.47574996948242,4022000
2007-06-06,81.05000305175781,81.0999984741211,80.08000183105469,80.19000244140625,44.8217887878418,5453700
2007-06-07,78.83000183105469,80.19000244140625,78.68000030517578,78.81999969482422,44.0560302734375,10025900
2007-06-08,79.04000091552734,79.7699966430664,78.75,79.68000030517578,44.53673553466797,5170600
2007-06-11,79.4800033569336,80.13999938964844,79.33999633789062,79.94999694824219,44.68763732910156,3701900
2007-06-12,79.08000183105469,79.61000061035156,78.4800033569336,78.52999877929688,43.89393997192383,6530400
2007-06-13,78.80000305175781,79.63999938964844,78.70999908447266,79.55000305175781,44.46406173706055,8119500
2007-06-14,79.68000030517578,80.25,79.61000061035156,80.13999938964844,44.79385757446289,7109200
2007-06-15,81.02999877929688,81.30999755859375,80.79000091552734,80.79000091552734,45.15716552734375,4672300
2007-06-18,81.41000366210938,81.4800033569336,80.9800033569336,81.23999786376953,45.408687591552734,4333800
2007-06-19,81.12000274658203,81.41999816894531,80.9800033569336,81.31999969482422,45.453407287597656,3381500
2007-06-20,81.66999816894531,81.73999786376953,80.31999969482422,80.36000061035156,44.916805267333984,5157500
2007-06-21,80.5,81.44999694824219,80.26000213623047,81.08999633789062,45.32484436035156,4977900
2007-06-22,80.80000305175781,80.83999633789062,79.80000305175781,79.97000122070312,44.698822021484375,7624600
2007-06-25,80.05999755859375,80.69999694824219,79.68000030517578,79.94999694824219,44.68763732910156,6233400
2007-06-26,80.41999816894531,80.5,79.55000305175781,79.55000305175781,44.46406173706055,8359900
2007-06-27,79.2699966430664,80.1500015258789,79.22000122070312,80.12000274658203,44.78265380859375,6194900
2007-06-28,80.27999877929688,80.70999908447266,80.0999984741211,80.18000030517578,44.81620407104492,7796800
2007-06-29,80.7699966430664,81.16000366210938,80.33999633789062,80.7699966430664,45.1459846496582,10251500
2007-07-02,81.44999694824219,81.9800033569336,81.19000244140625,81.94000244140625,45.79994583129883,6357400
2007-07-03,82.18000030517578,82.61000061035156,82.06999969482422,82.33000183105469,46.01793670654297,2146300
2007-07-05,82.19999694824219,82.30000305175781,81.63999938964844,81.91999816894531,45.78876495361328,6216300
2007-07-06,82.12000274658203,82.55999755859375,81.95999908447266,82.51000213623047,46.11854934692383,3310600
2007-07-09,82.77999877929688,82.91999816894531,82.61000061035156,82.70999908447266,46.23033142089844,6013200
2007-07-10,82.25,82.4800033569336,81.61000061035156,81.69999694824219,45.66579055786133,5760000
2007-07-11,82.0,82.5199966430664,81.87000274658203,82.47000122070312,46.09617614746094,5451600
2007-07-12,82.62000274658203,83.80000305175781,82.62000274658203,83.62000274658203,46.73897933959961,5022800
2007-07-13,83.11000061035156,83.66000366210938,83.08999633789062,83.55999755859375,46.705421447753906,5231000
2007-07-16,83.55999755859375,83.69999694824219,83.27999877929688,83.37000274658203,46.59923553466797,3503000
2007-07-17,83.2699966430664,83.4800033569336,83.08999633789062,83.08999633789062,46.44272232055664,4005300
2007-07-18,82.80000305175781,83.08999633789062,82.22000122070312,82.80000305175781,46.2806396484375,10019900
2007-07-19,83.4800033569336,83.69000244140625,83.19000244140625,83.2699966430664,46.5433464050293,5586300
2007-07-20,83.19999694824219,83.2699966430664,82.18000030517578,82.41000366210938,46.06266403198242,5625600
2007-07-23,82.98999786376953,83.2699966430664,82.80000305175781,82.91000366210938,46.34212112426758,5016700
2007-07-24,82.68000030517578,82.68000030517578,81.2699966430664,81.66000366210938,45.64344787597656,9805600
2007-07-25,81.95999908447266,82.01000213623047,80.83999633789062,81.44000244140625,45.52047348022461,8867500
2007-07-26,81.05000305175781,81.05000305175781,78.04000091552734,78.7300033569336,44.00572967529297,13657300
2007-07-27,78.6500015258789,79.0,77.52999877929688,77.63999938964844,43.3964958190918,9895400
2007-07-30,78.7699966430664,79.30999755859375,78.37000274658203,79.0199966430664,44.16781997680664,9021100
2007-07-31,79.7699966430664,80.16000366210938,78.80000305175781,78.91999816894531,44.11193084716797,11469500
2007-08-01,78.6500015258789,79.63999938964844,77.7699966430664,79.05000305175781,44.18458938598633,11344300
2007-08-02,79.0,79.37000274658203,78.55000305175781,79.29000091552734,44.31874084472656,9015000
2007-08-03,78.68000030517578,79.01000213623047,77.52999877929688,77.86000061035156,43.51945114135742,7883200
2007-08-06,78.29000091552734,78.94999694824219,77.80000305175781,78.70999908447266,43.99455261230469,7220900
2007-08-07,78.1500015258789,79.41999816894531,78.08000183105469,78.9800033569336,44.145477294921875,8305700
2007-08-08,79.75,80.68000030517578,79.66999816894531,80.26000213623047,44.86091995239258,8609500
2007-08-09,78.26000213623047,78.94999694824219,77.80999755859375,77.97000122070312,43.580928802490234,8844100
2007-08-10,76.30000305175781,77.33999633789062,76.0,76.62999725341797,42.83193588256836,11124300
2007-08-13,77.55999755859375,77.7699966430664,76.77999877929688,76.77999877929688,42.91579055786133,5942900
2007-08-14,77.38999938964844,77.41999816894531,75.7699966430664,76.04000091552734,42.502166748046875,8083000
2007-08-15,75.08000183105469,76.5199966430664,74.08000183105469,74.26000213623047,41.50724792480469,11236300
2007-08-16,71.0,74.0,67.5,73.94000244140625,41.3283805847168,22832500
2007-08-17,74.94999694824219,75.37999725341797,73.80999755859375,74.62000274658203,41.708465576171875,11580600
2007-08-20,75.1500015258789,75.22000122070312,74.1500015258789,74.86000061035156,41.842613220214844,7638200
2007-08-21,74.75,75.25,74.5999984741211,74.80999755859375,41.814666748046875,6882500
2007-08-22,76.05999755859375,76.66999816894531,75.95999908447266,76.58000183105469,42.80400085449219,8277500
2007-08-23,77.41999816894531,77.44000244140625,76.47000122070312,76.91999816894531,42.994041442871094,4939500
2007-08-24,77.0999984741211,78.30000305175781,77.0199966430664,78.26000213623047,43.7430419921875,4861900
2007-08-27,77.95999908447266,77.9800033569336,77.43000030517578,77.43000030517578,43.27910232543945,7691500
2007-08-28,77.12000274658203,77.16000366210938,75.54000091552734,75.87000274658203,42.40714645385742,8262100
2007-08-29,76.69000244140625,77.75,76.43000030517578,77.61000061035156,43.37971496582031,5959300
2007-08-30,76.80000305175781,77.69999694824219,76.4000015258789,77.06999969482422,43.077880859375,6076800
2007-08-31,78.70999908447266,78.97000122070312,78.18000030517578,78.41999816894531,43.832454681396484,7313400
2007-09-04,78.22000122070312,79.4800033569336,78.0999984741211,79.13999938964844,44.234901428222656,5454400
2007-09-05,78.13999938964844,78.22000122070312,77.6500015258789,77.98999786376953,43.59211349487305,7351400
2007-09-06,78.05000305175781,78.69000244140625,77.25,78.27999877929688,43.75419998168945,4950000
2007-09-07,77.4800033569336,77.72000122070312,77.02999877929688,77.33000183105469,43.22321319580078,7796000
2007-09-10,77.55000305175781,77.58999633789062,76.4000015258789,77.01000213623047,43.044342041015625,4196600
2007-09-11,77.62999725341797,78.36000061035156,77.54000091552734,78.33999633789062,43.78773498535156,7243200
2007-09-12,77.95999908447266,78.68000030517578,77.87999725341797,78.41999816894531,43.832454681396484,4960400
2007-09-13,78.72000122070312,79.06999969482422,78.45999908447266,78.75,44.01691818237305,7211100
2007-09-14,77.88999938964844,78.52999877929688,77.7699966430664,78.29000091552734,43.75979232788086,5239800
2007-09-17,77.55000305175781,77.83000183105469,76.91999816894531,77.19000244140625,43.14495849609375,5785200
2007-09-18,77.79000091552734,79.80999755859375,77.51000213623047,79.69999694824219,44.54790496826172,10021300
2007-09-19,80.5,80.91999816894531,80.18000030517578,80.41999816894531,44.95034408569336,6846200
2007-09-20,80.55999755859375,80.87000274658203,80.01000213623047,80.3499984741211,44.911224365234375,7612300
2007-09-21,80.86000061035156,81.19999694824219,80.69999694824219,80.69999694824219,45.106849670410156,5809500
2007-09-24,81.25,81.91000366210938,80.75,80.87999725341797,45.20746612548828,5901800
2007-09-25,80.4000015258789,81.05000305175781,80.4000015258789,80.9800033569336,45.26335906982422,4832900
2007-09-26,81.44999694824219,81.62000274658203,81.04000091552734,81.37999725341797,45.486942291259766,5547100
2007-09-27,82.41999816894531,82.5199966430664,80.45999908447266,82.45999908447266,46.090606689453125,6117100
2007-09-28,82.56999969482422,82.93000030517578,82.16999816894531,82.58999633789062,46.16325378417969,15156000
2007-10-01,82.73999786376953,83.94999694824219,82.6500015258789,83.6500015258789,46.755741119384766,8508100
2007-10-02,83.5999984741211,83.66999816894531,83.08000183105469,83.44000244140625,46.63837432861328,5801400
2007-10-03,83.41999816894531,83.44999694824219,82.93000030517578,83.05999755859375,46.42595672607422,6839700
2007-10-04,83.33999633789062,83.58999633789062,83.0199966430664,83.3499984741211,46.58805465698242,3061400
2007-10-05,83.6500015258789,84.44000244140625,83.6500015258789,84.19999694824219,47.06315994262695,5486700
2007-10-08,82.62000274658203,85.19999694824219,82.56999969482422,83.41999816894531,46.6271858215332,3801400
2007-10-09,83.56999969482422,84.38999938964844,83.56999969482422,84.3499984741211,47.14700698852539,4796200
2007-10-10,83.69999694824219,84.33000183105469,83.20999908447266,84.19000244140625,47.05757141113281,5991100
2007-10-11,85.5999984741211,85.5999984741211,84.26000213623047,84.58000183105469,47.27556610107422,7069500
2007-10-12,84.52999877929688,85.08999633789062,84.43000030517578,84.94999694824219,47.48237609863281,4354600
2007-10-15,84.87000274658203,84.91000366210938,83.8499984741211,84.26000213623047,47.09669876098633,5428100
2007-10-16,83.25,83.37000274658203,82.9000015258789,82.95999908447266,46.37006759643555,7389800
2007-10-17,83.94999694824219,84.08999633789062,83.16999816894531,83.83999633789062,46.861942291259766,6810300
2007-10-18,83.6500015258789,84.13999938964844,83.5999984741211,84.04000091552734,46.97372817993164,3925000
2007-10-19,83.5999984741211,83.5999984741211,82.13999938964844,82.19000244140625,45.93968200683594,9232400
2007-10-22,81.31999969482422,82.0999984741211,81.30999755859375,82.08999633789062,45.8837890625,6704000
2007-10-23,83.12999725341797,83.41000366210938,82.5999984741211,83.25,46.53217315673828,7097000
2007-10-24,82.87999725341797,83.12000274658203,81.83999633789062,83.06999969482422,46.431556701660156,9818100
2007-10-25,83.29000091552734,83.44999694824219,82.76000213623047,83.44999694824219,46.643943786621094,8531500
2007-10-26,84.43000030517578,85.0199966430664,84.25,84.95999908447266,47.48794937133789,5992900
2007-10-29,85.26000213623047,85.69999694824219,85.16999816894531,85.58000183105469,47.834495544433594,5745100
2007-10-30,85.0,85.33999633789062,84.8499984741211,84.9000015258789,47.45442199707031,8347700
2007-10-31,85.36000061035156,86.5,85.2300033569336,86.0999984741211,48.125152587890625,8751300
2007-11-01,84.76000213623047,84.9000015258789,84.0,84.29000091552734,47.11346435546875,9412700
2007-11-02,84.27999877929688,84.76000213623047,83.7300033569336,84.76000213623047,47.37617111206055,9559700
2007-11-05,83.4800033569336,83.77999877929688,83.02999877929688,83.41000366210938,46.62158966064453,6812300
2007-11-06,84.02999877929688,84.68000030517578,83.94999694824219,84.66999816894531,47.32587432861328,6590000
2007-11-07,84.0,84.43000030517578,82.94000244140625,83.19999694824219,46.50421905517578,7956300
2007-11-08,83.01000213623047,83.77999877929688,82.54000091552734,83.3499984741211,46.58805465698242,9869300
2007-11-09,82.76000213623047,82.76000213623047,81.5,81.7300033569336,45.68257522583008,8293000
2007-11-12,80.80000305175781,81.55000305175781,80.30000305175781,80.38999938964844,44.93357467651367,7366400
2007-11-13,81.5,82.75,81.5,82.55000305175781,46.140899658203125,6678000
2007-11-14,83.73999786376953,83.73999786376953,82.12000274658203,82.41999816894531,46.068241119384766,9712300
2007-11-15,81.55000305175781,81.87999725341797,80.54000091552734,81.05999755859375,45.308074951171875,10754300
2007-11-16,81.56999969482422,81.58000183105469,80.63999938964844,81.31999969482422,45.453407287597656,13421500
2007-11-19,81.0,81.0,78.0,79.16999816894531,44.25165939331055,12391600
2007-11-20,80.2699966430664,81.20999908447266,80.02999877929688,80.94000244140625,45.24100112915039,11649200
2007-11-21,79.37999725341797,79.9800033569336,78.76000213623047,79.11000061035156,44.21812438964844,11096600
2007-11-23,80.30000305175781,81.12000274658203,80.30000305175781,81.0999984741211,45.330421447753906,3629400
2007-11-26,81.22000122070312,81.48999786376953,79.66999816894531,79.83000183105469,44.62057113647461,9880400
2007-11-27,80.9800033569336,81.12999725341797,80.11000061035156,80.91000366210938,45.224239349365234,10679800
2007-11-28,81.4000015258789,83.62999725341797,81.05000305175781,83.20999908447266,46.509788513183594,12647900
2007-11-29,82.0999984741211,83.0,82.0999984741211,82.52999877929688,46.12973403930664,8476000
2007-11-30,83.88999938964844,83.91000366210938,82.45999908447266,82.9800033569336,46.38123321533203,14157700
2007-12-03,83.11000061035156,83.11000061035156,82.52999877929688,82.66999816894531,46.207977294921875,11526100
2007-12-04,82.05000305175781,82.31999969482422,81.9000015258789,82.1500015258789,45.917320251464844,8961000
2007-12-05,82.76000213623047,83.41999816894531,82.76000213623047,83.0999984741211,46.44832229614258,8764100
2007-12-06,82.8499984741211,83.95999908447266,82.72000122070312,83.88999938964844,46.889888763427734,8492400
2007-12-07,83.76000213623047,83.80000305175781,83.43000030517578,83.55999755859375,46.705421447753906,9451900
2007-12-10,84.02999877929688,84.5199966430664,83.91000366210938,84.41999816894531,47.18612289428711,14407800
2007-12-11,84.29000091552734,84.54000091552734,82.0999984741211,82.22000122070312,45.95645523071289,15626400
2007-12-12,84.5,84.66999816894531,83.08999633789062,83.87000274658203,46.87870788574219,12330400
2007-12-13,82.23999786376953,82.44999694824219,81.38999938964844,82.16000366210938,45.922916412353516,26822200
2007-12-14,80.56999969482422,80.95999908447266,79.94000244140625,79.94000244140625,44.682064056396484,18638800
2007-12-17,79.0999984741211,79.27999877929688,78.20999908447266,78.23999786376953,43.73186111450195,21841800
2007-12-18,79.58999633789062,79.61000061035156,78.12000274658203,79.22000122070312,44.27960205078125,18508900
2007-12-19,78.93000030517578,79.13999938964844,78.13999938964844,78.56999969482422,43.91630172729492,13308700
2007-12-20,78.95999908447266,79.12999725341797,78.48999786376953,79.12999725341797,44.22932052612305,13827600
2007-12-21,79.83000183105469,80.26000213623047,79.62000274658203,80.26000213623047,44.86091995239258,26845200
2007-12-24,79.30000305175781,79.30000305175781,78.0,78.58000183105469,45.044349670410156,5156500
2007-12-26,78.83999633789062,79.12999725341797,78.5199966430664,78.80000305175781,45.17046356201172,7051800
2007-12-27,78.87999725341797,78.94000244140625,78.26000213623047,78.31999969482422,44.89531326293945,9729400
2007-12-28,79.2300033569336,79.2699966430664,78.8499984741211,78.98999786376953,45.27936935424805,6358300
2007-12-31,79.2300033569336,79.23999786376953,78.13999938964844,78.5,44.99850082397461,14091500
2008-01-02,79.02999877929688,79.22000122070312,78.0199966430664,78.22000122070312,44.83798599243164,13770500
2008-01-03,78.33999633789062,78.6500015258789,78.19999694824219,78.3499984741211,44.91249465942383,13924700
2008-01-04,78.0199966430664,78.0199966430664,76.5,76.56999969482422,43.892154693603516,11883900
2008-01-07,77.05000305175781,77.11000061035156,76.29000091552734,76.6500015258789,43.93800735473633,18197300
2008-01-08,77.43000030517578,77.77999877929688,76.08999633789062,76.22000122070312,43.69152069091797,15632600
2008-01-09,76.22000122070312,76.86000061035156,75.75,76.7699966430664,44.00679397583008,14863600
2008-01-10,75.87000274658203,77.0199966430664,75.72000122070312,76.69000244140625,43.96095275878906,14018200
2008-01-11,75.81999969482422,75.91000366210938,74.91999816894531,75.16000366210938,43.08391571044922,10759900
2008-01-14,76.5999984741211,76.62999725341797,76.0199966430664,76.36000061035156,43.77178955078125,10031000
2008-01-15,75.19000244140625,75.26000213623047,73.73999786376953,73.87999725341797,42.35017776489258,12630400
2008-01-16,73.3499984741211,73.94999694824219,72.13999938964844,72.38999938964844,41.496070861816406,16323300
2008-01-17,73.16999816894531,73.4000015258789,71.01000213623047,71.30000305175781,40.871246337890625,22476600
2008-01-18,72.5999984741211,72.97000122070312,71.1500015258789,71.70999908447266,41.10626983642578,21939600
2008-01-22,66.5,69.94000244140625,66.12999725341797,69.70999908447266,39.95980453491211,24637000
2008-01-23,66.25,69.37000274658203,65.62999725341797,69.30000305175781,39.724788665771484,33608600
2008-01-24,70.44999694824219,71.7300033569336,69.95999908447266,71.7300033569336,41.11772918701172,14649000
2008-01-25,72.7300033569336,72.77999877929688,70.20999908447266,70.69000244140625,40.52157211303711,15052900
2008-01-28,70.54000091552734,71.52999877929688,69.80000305175781,71.4800033569336,40.97442626953125,17770100
2008-01-29,71.80999755859375,71.9800033569336,71.1500015258789,71.91000366210938,41.22090530395508,12914400
2008-01-30,71.33999633789062,73.06999969482422,70.87999725341797,71.58000183105469,41.03175354003906,15417100
2008-01-31,70.25,72.76000213623047,70.20999908447266,72.33999633789062,41.46738815307617,18976200
2008-02-01,72.95999908447266,73.55000305175781,72.55000305175781,73.55000305175781,42.161006927490234,13916700
2008-02-04,73.41000366210938,73.43000030517578,72.72000122070312,72.80000305175781,41.731082916259766,11102300
2008-02-05,70.9800033569336,71.06999969482422,69.4000015258789,69.45999908447266,39.816505432128906,15487400
2008-02-06,70.20999908447266,70.54000091552734,69.31999969482422,69.4000015258789,39.782108306884766,15260200
2008-02-07,68.69999694824219,69.52999877929688,68.30999755859375,69.05000305175781,39.58148956298828,14439600
2008-02-08,68.3499984741211,69.0199966430664,67.9000015258789,68.33999633789062,39.17447280883789,12543800
2008-02-11,68.6500015258789,68.81999969482422,67.81999969482422,68.69999694824219,39.3808479309082,11886900
2008-02-12,69.76000213623047,70.70999908447266,69.62000274658203,70.18000030517578,40.2292366027832,14224000
2008-02-13,70.44000244140625,70.87000274658203,69.83000183105469,70.66000366210938,40.50437545776367,10028700
2008-02-14,71.27999877929688,71.33999633789062,70.2699966430664,70.33999633789062,40.32094192504883,9046200
2008-02-15,70.30000305175781,70.61000061035156,69.94999694824219,70.5999984741211,40.46998596191406,9362200
2008-02-19,72.19000244140625,72.2300033569336,71.08000183105469,71.29000091552734,40.865501403808594,10562000
2008-02-20,69.88999938964844,71.22000122070312,69.83000183105469,70.91999816894531,40.653419494628906,20118300
2008-02-21,71.69000244140625,71.83999633789062,70.73999786376953,70.79000091552734,40.57889175415039,11478900
2008-02-22,71.66999816894531,71.69000244140625,70.36000061035156,71.69000244140625,41.09480667114258,12524600
2008-02-25,71.91999816894531,72.86000061035156,71.52999877929688,72.83000183105469,41.748287200927734,12643600
2008-02-26,72.88999938964844,74.23999786376953,72.63999938964844,73.91000366210938,42.36737823486328,11409300
2008-02-27,73.4000015258789,74.52999877929688,73.37000274658203,74.1500015258789,42.504947662353516,12680700
2008-02-28,73.55999755859375,73.87000274658203,73.20999908447266,73.44000244140625,42.09794616699219,9345600
2008-02-29,72.54000091552734,72.5999984741211,71.45999908447266,71.5999984741211,41.043212890625,16244300
2008-03-03,71.5199966430664,72.19000244140625,71.08999633789062,71.80999755859375,41.16359329223633,11907200
2008-03-04,70.52999877929688,70.9800033569336,69.94000244140625,70.72000122070312,40.53877639770508,14389700
2008-03-05,71.31999969482422,72.05999755859375,70.95999908447266,71.56999969482422,41.02600860595703,11441200
2008-03-06,71.5999984741211,71.7300033569336,70.52999877929688,70.55000305175781,40.441322326660156,11643200
2008-03-07,69.94999694824219,70.73999786376953,69.44999694824219,69.72000122070312,39.96554183959961,10738500
2008-03-10,70.19999694824219,72.5,68.97000122070312,69.37000274658203,39.764915466308594,25154900
2008-03-11,71.08000183105469,71.55999755859375,70.05000305175781,71.55999755859375,41.02028274536133,14641800
2008-03-12,71.80999755859375,72.0,71.25,71.55999755859375,41.02028274536133,15803200
2008-03-13,70.44000244140625,71.94999694824219,70.13999938964844,71.68000030517578,41.08906555175781,11435300
2008-03-14,71.63999938964844,71.79000091552734,69.43000030517578,69.94999694824219,40.09739303588867,13901300
2008-03-17,68.16000366210938,69.47000122070312,67.87999725341797,68.88999938964844,39.48976516723633,17473700
2008-03-18,70.05000305175781,71.0,69.80000305175781,71.0,40.699275970458984,18299700
2008-03-19,70.33999633789062,70.6500015258789,68.30999755859375,68.43000030517578,39.226078033447266,13885800
2008-03-20,68.0,69.58000183105469,67.79000091552734,69.45999908447266,39.816505432128906,14106800
2008-03-24,69.7699966430664,71.08000183105469,69.7699966430664,70.7300033569336,40.54451370239258,13955800
2008-03-25,71.30000305175781,71.91999816894531,70.87999725341797,71.76000213623047,41.134925842285156,18299600
2008-03-26,71.79000091552734,72.06999969482422,71.38999938964844,71.76000213623047,41.134925842285156,12468500
2008-03-27,72.86000061035156,72.86000061035156,71.68000030517578,71.69999694824219,41.10054016113281,10316600
2008-03-28,72.12000274658203,72.29000091552734,71.55999755859375,71.63999938964844,41.06613540649414,11224600
2008-03-31,71.69000244140625,72.38999938964844,71.62000274658203,71.9000015258789,41.21519470214844,15065500
2008-04-01,72.9000015258789,74.23999786376953,72.73999786376953,74.16999816894531,42.51641082763672,18534500
2008-04-02,74.1500015258789,74.58999633789062,73.77999877929688,74.33000183105469,42.60813903808594,10982700
2008-04-03,73.8499984741211,74.80999755859375,73.80999755859375,74.55000305175781,42.7342414855957,7069400
2008-04-04,74.77999877929688,75.13999938964844,74.26000213623047,74.80000305175781,42.87755584716797,9901600
2008-04-07,75.5,75.62000274658203,75.0999984741211,75.26000213623047,43.1412353515625,7494700
2008-04-08,74.23999786376953,74.6500015258789,74.13999938964844,74.47000122070312,42.688385009765625,7534000
2008-04-09,74.44999694824219,74.48999786376953,73.73999786376953,73.86000061035156,42.33871078491211,11748900
2008-04-10,73.68000030517578,74.04000091552734,73.23999786376953,73.62999725341797,42.20686721801758,12757700
2008-04-11,73.19999694824219,73.44999694824219,72.63999938964844,72.63999938964844,41.639366149902344,7246900
2008-04-14,72.87000274658203,73.11000061035156,72.58000183105469,72.80000305175781,41.731082916259766,7161800
2008-04-15,73.26000213623047,73.33999633789062,72.73999786376953,73.30999755859375,42.02342987060547,10849500
2008-04-16,74.4800033569336,75.62000274658203,74.41000366210938,75.62000274658203,43.34759521484375,10529100
2008-04-17,74.4000015258789,74.88999938964844,74.30000305175781,74.77999877929688,42.866085052490234,17629000
2008-04-18,75.26000213623047,75.66999816894531,75.01000213623047,75.30999755859375,43.1699104309082,19354900
2008-04-21,75.47000122070312,75.93000030517578,75.29000091552734,75.9000015258789,43.50810241699219,6355100
2008-04-22,75.3499984741211,75.44999694824219,74.81999969482422,75.11000061035156,43.05525207519531,7264100
2008-04-23,75.0999984741211,75.63999938964844,74.69000244140625,75.5,43.278812408447266,10522800
2008-04-24,74.73999786376953,75.43000030517578,74.23999786376953,75.01000213623047,42.997928619384766,8145200
2008-04-25,75.79000091552734,75.9800033569336,75.33999633789062,75.62999725341797,43.353328704833984,17696000
2008-04-28,76.25,76.37000274658203,76.01000213623047,76.06999969482422,43.60554122924805,7686400
2008-04-29,75.56999969482422,75.66000366210938,75.29000091552734,75.4000015258789,43.221492767333984,7570100
2008-04-30,75.62999725341797,76.4000015258789,75.62000274658203,75.80999755859375,43.456504821777344,9458000
2008-05-01,75.4000015258789,76.33999633789062,75.33999633789062,76.2699966430664,43.720184326171875,11560300
2008-05-02,76.80000305175781,76.9000015258789,76.08999633789062,76.4800033569336,43.840572357177734,15374600
2008-05-05,76.69999694824219,76.77999877929688,76.41999816894531,76.61000061035156,43.915096282958984,7669900
2008-05-06,76.3499984741211,77.2699966430664,76.2699966430664,77.18000030517578,44.24183654785156,8318300
2008-05-07,76.69000244140625,76.87000274658203,75.7300033569336,75.83000183105469,43.46796417236328,9339200
2008-05-08,76.43000030517578,76.7699966430664,76.2300033569336,76.48999786376953,43.846290588378906,6971300
2008-05-09,75.7300033569336,76.1500015258789,75.62999725341797,75.87999725341797,43.49662780761719,5649300
2008-05-12,76.1500015258789,76.7699966430664,76.02999877929688,76.63999938964844,43.932289123535156,6293200
2008-05-13,76.41000366210938,76.47000122070312,76.05000305175781,76.37999725341797,43.78324890136719,8349900
2008-05-14,76.56999969482422,76.97000122070312,76.37999725341797,76.37999725341797,43.78324890136719,7236300
2008-05-15,76.97000122070312,77.73999786376953,76.83000183105469,77.68000030517578,44.52845001220703,6406700
2008-05-16,78.0,78.52999877929688,77.80000305175781,78.5199966430664,45.00994110107422,8314200
2008-05-19,78.55999755859375,78.7699966430664,78.08000183105469,78.19999694824219,44.826534271240234,7394100
2008-05-20,77.95999908447266,78.01000213623047,77.37000274658203,77.4800033569336,44.41380310058594,11190900
2008-05-21,77.56999969482422,77.69000244140625,76.52999877929688,76.5999984741211,43.90936279296875,13505300
2008-05-22,77.45999908447266,77.7300033569336,77.25,77.48999786376953,44.41953659057617,9171800
2008-05-23,77.33000183105469,77.33999633789062,76.5,76.61000061035156,43.915096282958984,7094000
2008-05-27,76.13999938964844,76.47000122070312,75.91000366210938,76.45999908447266,43.829105377197266,7625800
2008-05-28,76.37000274658203,76.48999786376953,75.8499984741211,76.44999694824219,43.823360443115234,7705900
2008-05-29,75.87000274658203,76.55999755859375,75.80000305175781,76.27999877929688,43.725929260253906,9804200
2008-05-30,76.5999984741211,76.9000015258789,76.54000091552734,76.70999908447266,43.972408294677734,8651600
2008-06-02,76.08000183105469,76.1500015258789,75.6500015258789,75.91000366210938,43.51383590698242,9327700
2008-06-03,76.08000183105469,76.29000091552734,75.30999755859375,75.75,43.42210006713867,9969600
2008-06-04,75.27999877929688,75.80000305175781,75.12999725341797,75.30999755859375,43.1699104309082,8132200
2008-06-05,75.5,76.55999755859375,75.30000305175781,76.55999755859375,43.88642883300781,8738200
2008-06-06,75.58999633789062,75.63999938964844,74.3499984741211,74.36000061035156,42.625328063964844,9983700
2008-06-09,75.0,75.01000213623047,73.88999938964844,74.26000213623047,42.5680046081543,8157900
2008-06-10,72.97000122070312,73.4800033569336,72.81999969482422,73.0,41.84572219848633,8925100
2008-06-11,72.9000015258789,72.98999786376953,71.97000122070312,72.06999969482422,41.31262969970703,13177900
2008-06-12,71.8499984741211,72.25,71.54000091552734,71.81999969482422,41.16933059692383,11209500
2008-06-13,71.69999694824219,72.4800033569336,71.58000183105469,72.4800033569336,41.54766845703125,10236300
2008-06-16,72.4000015258789,72.94000244140625,72.29000091552734,72.8499984741211,41.75974655151367,9815600
2008-06-17,73.66000366210938,73.66000366210938,72.9000015258789,73.06999969482422,41.88587188720703,7013000
2008-06-18,72.33000183105469,72.62000274658203,72.06999969482422,72.47000122070312,41.541927337646484,14861100
2008-06-19,72.08999633789062,72.5,71.8499984741211,72.33000183105469,41.461673736572266,25370000
2008-06-20,71.30000305175781,71.36000061035156,70.5999984741211,70.75,40.55596160888672,14909700
2008-06-23,70.80999755859375,70.91000366210938,70.43000030517578,70.73999786376953,40.55023956298828,12852800
2008-06-24,70.30999755859375,70.86000061035156,70.0,70.41999816894531,40.36680221557617,18685000
2008-06-25,69.6500015258789,70.4800033569336,69.6500015258789,69.8499984741211,40.797847747802734,21446000
2008-06-26,69.19999694824219,69.30000305175781,68.08000183105469,68.08000183105469,39.764034271240234,18484600
2008-06-27,68.70999908447266,68.80999755859375,68.05999755859375,68.26000213623047,39.86915969848633,28977200
2008-06-30,68.70999908447266,69.05999755859375,68.6500015258789,68.66999816894531,40.108638763427734,16126000
2008-07-01,67.55000305175781,67.97000122070312,66.88999938964844,67.93000030517578,39.67641830444336,19350900
2008-07-02,68.3499984741211,68.37000274658203,66.66999816894531,66.8499984741211,39.045616149902344,16759900
2008-07-03,67.5,67.56999969482422,66.62999725341797,67.27999877929688,39.2967643737793,14420600
2008-07-07,67.04000091552734,67.43000030517578,66.2699966430664,66.69999694824219,38.95799255371094,13827600
2008-07-08,66.41000366210938,67.08999633789062,65.93000030517578,67.05000305175781,39.16243362426758,13982800
2008-07-09,67.37999725341797,67.5,66.18000030517578,66.18000030517578,38.654293060302734,12121800
2008-07-10,66.38999938964844,66.80999755859375,66.05999755859375,66.75,38.987213134765625,14732600
2008-07-11,65.69000244140625,66.11000061035156,64.9800033569336,65.69999694824219,38.373924255371094,15132800
2008-07-14,66.4000015258789,66.4000015258789,65.38999938964844,65.55999755859375,38.292152404785156,9231800
2008-07-15,64.63999938964844,65.19999694824219,64.06999969482422,64.51000213623047,37.67888259887695,21612800
2008-07-16,64.25,65.80000305175781,64.08000183105469,65.69999694824219,38.373924255371094,16201500
2008-07-17,66.62000274658203,66.87000274658203,66.16999816894531,66.69999694824219,38.95799255371094,13884100
2008-07-18,66.7699966430664,67.16000366210938,66.45999908447266,67.12999725341797,39.20915603637695,14274700
2008-07-21,67.7300033569336,67.75,67.19000244140625,67.5199966430664,39.43694305419922,9320000
2008-07-22,66.66999816894531,67.77999877929688,66.61000061035156,67.75,39.57129669189453,10336400
2008-07-23,67.97000122070312,68.38999938964844,67.81999969482422,68.0,39.71730422973633,10399000
2008-07-24,67.94999694824219,67.94999694824219,66.68000030517578,66.76000213623047,38.993045806884766,9628200
2008-07-25,66.87000274658203,67.22000122070312,66.55000305175781,66.9000015258789,39.07482147216797,7867600
2008-07-28,66.97000122070312,66.97000122070312,65.72000122070312,65.77999877929688,38.42066192626953,11142000
2008-07-29,65.69000244140625,66.45999908447266,65.66999816894531,66.43000030517578,38.80030822753906,10323600
2008-07-30,66.75,67.08999633789062,66.45999908447266,67.05000305175781,39.16243362426758,14376900
2008-07-31,66.69999694824219,67.0,66.23999786376953,66.38999938964844,38.776939392089844,11372800
2008-08-01,66.1500015258789,66.19000244140625,65.29000091552734,65.4000015258789,38.19870376586914,11859500
2008-08-04,65.3499984741211,65.37999725341797,64.7300033569336,64.77999877929688,37.836570739746094,8556700
2008-08-05,65.6500015258789,66.43000030517578,65.4800033569336,66.41999816894531,38.79446029663086,14263900
2008-08-06,65.95999908447266,66.55000305175781,65.73999786376953,66.44000244140625,38.80615234375,11507700
2008-08-07,65.91000366210938,65.91999816894531,65.0,65.11000061035156,38.02932357788086,8099900
2008-08-08,64.23999786376953,65.55000305175781,64.06999969482422,65.37999725341797,38.18701934814453,10579200
2008-08-11,65.43000030517578,65.7300033569336,65.1500015258789,65.31999969482422,38.151981353759766,10024200
2008-08-12,65.31999969482422,65.33999633789062,64.62000274658203,64.8499984741211,37.87745666503906,9630900
2008-08-13,63.9900016784668,64.23999786376953,63.31999969482422,63.83000183105469,37.28170394897461,12559300
2008-08-14,63.36000061035156,63.97999954223633,63.25,63.58000183105469,37.13568115234375,10306700
2008-08-15,63.189998626708984,63.45000076293945,62.939998626708984,63.15999984741211,36.89036178588867,8640600
2008-08-18,63.779998779296875,63.79999923706055,62.599998474121094,62.84000015258789,36.70346450805664,11535300
2008-08-19,62.099998474121094,62.220001220703125,61.7599983215332,62.130001068115234,36.28876876831055,11853200
2008-08-20,62.29999923706055,62.5,61.900001525878906,62.5,36.504886627197266,15433500
2008-08-21,62.34000015258789,62.900001525878906,62.2400016784668,62.75,36.65089797973633,8964200
2008-08-22,62.83000183105469,63.189998626708984,62.70000076293945,63.040000915527344,36.820281982421875,6582300
2008-08-25,62.91999816894531,62.9900016784668,61.90999984741211,62.04999923706055,36.24204635620117,10955100
2008-08-26,62.119998931884766,62.650001525878906,61.93000030517578,62.36000061035156,36.42310333251953,7745000
2008-08-27,62.689998626708984,63.0099983215332,62.5,62.95000076293945,36.76771545410156,9295000
2008-08-28,63.720001220703125,63.83000183105469,63.5099983215332,63.7599983215332,37.240814208984375,11277400
2008-08-29,63.88999938964844,64.1500015258789,63.5099983215332,63.56999969482422,37.12983703613281,11080000
2008-09-02,63.41999816894531,63.540000915527344,62.540000915527344,62.59000015258789,36.55743408203125,14645400
2008-09-03,62.349998474121094,62.61000061035156,61.97999954223633,62.33000183105469,36.405582427978516,10635700
2008-09-04,61.61000061035156,61.68000030517578,59.619998931884766,59.65999984741211,34.846099853515625,16723100
2008-09-05,59.349998474121094,59.68000030517578,58.66999816894531,59.439998626708984,34.71760559082031,17543700
2008-09-08,61.33000183105469,61.38999938964844,59.959999084472656,60.77000045776367,35.49442672729492,19143200
2008-09-09,60.33000183105469,60.540000915527344,58.77000045776367,58.79999923706055,34.343788146972656,12860600
2008-09-10,59.68000030517578,59.83000183105469,59.060001373291016,59.369998931884766,34.67671585083008,15264600
2008-09-11,58.0,59.290000915527344,57.72999954223633,59.2400016784668,34.60078048706055,16722400
2008-09-12,59.36000061035156,60.5,59.06999969482422,60.400001525878906,35.2783203125,16526900
2008-09-15,57.75,58.869998931884766,57.25,57.83000183105469,33.77723693847656,31607800
2008-09-16,56.15999984741211,57.709999084472656,55.75,57.400001525878906,33.526084899902344,26092500
2008-09-17,56.31999969482422,56.75,54.849998474121094,55.209999084472656,32.24695587158203,31227800
2008-09-18,56.630001068115234,58.15999984741211,55.2599983215332,57.720001220703125,33.712989807128906,30062000
2008-09-19,60.689998626708984,63.7400016784668,59.470001220703125,61.810001373291016,36.10186767578125,38923300
2008-09-22,61.36000061035156,61.61000061035156,59.70000076293945,59.70000076293945,34.86945343017578,27789800
2008-09-23,59.70000076293945,60.15999984741211,58.439998626708984,58.86000061035156,34.37882614135742,14862000
2008-09-24,59.68000030517578,59.7599983215332,58.75,59.029998779296875,34.47812271118164,12657200
2008-09-25,59.790000915527344,60.540000915527344,59.689998626708984,60.38999938964844,35.2724723815918,16568100
2008-09-26,59.099998474121094,59.81999969482422,58.88999938964844,59.75,34.8986701965332,22570500
2008-09-29,56.84000015258789,56.849998474121094,52.36000061035156,53.08000183105469,31.002859115600586,35675800
2008-09-30,55.2400016784668,56.29999923706055,54.84000015258789,56.29999923706055,32.88359069824219,29246900
2008-10-01,55.54999923706055,56.41999816894531,54.90999984741211,55.880001068115234,32.63828659057617,27952600
2008-10-02,54.810001373291016,54.95000076293945,53.29999923706055,53.439998626708984,31.2131290435791,23232500
2008-10-03,53.54999923706055,55.470001220703125,53.09000015258789,53.22999954223633,31.090471267700195,34402700
2008-10-06,51.18000030517578,51.25,48.150001525878906,50.220001220703125,29.332393646240234,53409500
2008-10-07,51.29999923706055,51.4900016784668,47.869998931884766,47.869998931884766,27.959815979003906,37326000
2008-10-08,47.150001525878906,48.84000015258789,46.29999923706055,46.79999923706055,27.334850311279297,42426500
2008-10-09,48.13999938964844,48.310001373291016,43.630001068115234,44.0,25.699434280395508,35533300
2008-10-10,41.310001373291016,43.7599983215332,40.02000045776367,42.36000061035156,24.74155044555664,59719300
2008-10-13,45.650001525878906,49.52000045776367,45.31999969482422,49.09000015258789,28.67238998413086,57779900
2008-10-14,50.40999984741211,50.88999938964844,47.060001373291016,48.08000183105469,28.082475662231445,41811500
2008-10-15,46.849998474121094,47.0,42.90999984741211,42.95000076293945,25.086156845092773,35975400
2008-10-16,44.2599983215332,45.540000915527344,41.97999954223633,45.47999954223633,26.563865661621094,44651300
2008-10-17,43.40999984741211,46.5,43.209999084472656,44.5099983215332,25.997310638427734,31032400
2008-10-20,45.65999984741211,47.349998474121094,45.36000061035156,47.349998474121094,27.656097412109375,29347500
2008-10-21,45.66999816894531,46.34000015258789,44.540000915527344,44.68000030517578,26.096607208251953,34623800
2008-10-22,43.209999084472656,43.34000015258789,40.459999084472656,41.41999816894531,24.19251251220703,31546700
2008-10-23,41.619998931884766,42.77000045776367,40.22999954223633,42.33000183105469,24.724029541015625,33626600
2008-10-24,38.47999954223633,40.779998779296875,38.189998626708984,39.59000015258789,23.123647689819336,32920600
2008-10-27,38.099998474121094,39.459999084472656,37.5,37.5099983215332,21.908767700195312,31682200
2008-10-28,39.790000915527344,43.04999923706055,38.33000183105469,42.68000030517578,24.92845344543457,41688400
2008-10-29,42.189998626708984,44.20000076293945,41.810001373291016,42.779998779296875,24.98685646057129,34384700
2008-10-30,44.91999816894531,45.04999923706055,43.18000030517578,44.279998779296875,25.862977981567383,33312100
2008-10-31,43.290000915527344,45.279998779296875,43.02000045776367,44.56999969482422,26.032365798950195,40976800
2008-11-03,44.380001068115234,45.040000915527344,44.2599983215332,44.75,26.137489318847656,20436100
2008-11-04,46.20000076293945,47.900001525878906,46.08000183105469,47.81999969482422,27.930620193481445,29640600
2008-11-05,46.939998626708984,47.75,45.119998931884766,45.220001220703125,26.412017822265625,29660700
2008-11-06,44.77000045776367,45.060001373291016,41.91999816894531,42.29999923706055,24.706499099731445,35121300
2008-11-07,43.84000015258789,44.810001373291016,43.599998474121094,44.689998626708984,26.102453231811523,28171200
2008-11-10,45.45000076293945,45.4900016784668,43.310001373291016,44.02000045776367,25.711116790771484,25590000
2008-11-11,43.029998779296875,43.31999969482422,41.81999969482422,42.56999969482422,24.86420440673828,34095000
2008-11-12,41.61000061035156,41.810001373291016,40.25,40.279998779296875,23.52667236328125,35248700
2008-11-13,40.79999923706055,43.709999084472656,39.310001373291016,43.709999084472656,25.530040740966797,51118000
2008-11-14,41.68000030517578,42.7400016784668,40.77000045776367,41.20000076293945,24.064014434814453,48148100
2008-11-17,40.7599983215332,41.650001525878906,40.040000915527344,40.45000076293945,23.62596321105957,30054400
2008-11-18,40.0,41.029998779296875,39.5,40.52000045776367,23.666847229003906,44628000
2008-11-19,40.099998474121094,40.5,37.7400016784668,37.810001373291016,22.0839900970459,45216100
2008-11-20,37.68000030517578,38.47999954223633,35.529998779296875,35.72999954223633,20.869110107421875,54184200
2008-11-21,37.709999084472656,38.33000183105469,35.84000015258789,38.27000045776367,22.3526611328125,49797000
2008-11-24,39.09000015258789,41.5099983215332,38.75,40.560001373291016,23.69020652770996,41988500
2008-11-25,41.83000183105469,41.97999954223633,40.150001525878906,41.29999923706055,24.122425079345703,46002000
2008-11-26,40.189998626708984,41.900001525878906,40.11000061035156,41.75,24.385265350341797,34099900
2008-11-28,41.290000915527344,41.90999984741211,41.09000015258789,41.72999954223633,24.373579025268555,17627900
2008-12-01,40.310001373291016,40.400001525878906,38.18000030517578,38.31999969482422,22.381868362426758,50272000
2008-12-02,39.7400016784668,40.59000015258789,39.2400016784668,40.400001525878906,23.596752166748047,44399000
2008-12-03,39.18000030517578,40.939998626708984,39.040000915527344,40.939998626708984,23.912151336669922,41980400
2008-12-04,39.630001068115234,40.52000045776367,38.81999969482422,39.68000030517578,23.17622184753418,41836300
2008-12-05,38.95000076293945,40.349998474121094,38.09000015258789,40.18000030517578,23.4682559967041,41059200
2008-12-08,41.349998474121094,42.400001525878906,41.119998931884766,42.09000015258789,24.583843231201172,45982000
2008-12-09,41.810001373291016,42.630001068115234,41.439998626708984,41.70000076293945,24.356056213378906,38538000
2008-12-10,42.459999084472656,43.0,42.04999923706055,42.79999923706055,24.99854850769043,39997900
2008-12-11,42.939998626708984,43.63999938964844,42.29999923706055,42.61000061035156,24.887571334838867,36787800
2008-12-12,41.81999969482422,43.29999923706055,41.720001220703125,43.029998779296875,25.13288116455078,42675200
2008-12-15,43.220001220703125,43.31999969482422,42.470001220703125,43.13999938964844,25.197120666503906,44527700
2008-12-16,43.04999923706055,45.790000915527344,43.04999923706055,45.619998931884766,26.645645141601562,47026500
2008-12-17,44.59000015258789,45.779998779296875,44.5099983215332,45.38999938964844,26.511308670043945,45054900
2008-12-18,45.279998779296875,45.29999923706055,43.439998626708984,44.0,25.699434280395508,42315200
2008-12-19,43.63999938964844,44.119998931884766,43.02000045776367,43.36000061035156,25.325624465942383,38356000
2008-12-22,43.619998931884766,43.70000076293945,42.45000076293945,43.060001373291016,25.150402069091797,36928300
2008-12-23,42.880001068115234,42.97999954223633,41.970001220703125,42.20000076293945,24.961708068847656,32553600
2008-12-24,42.65999984741211,42.83000183105469,42.310001373291016,42.7599983215332,25.292953491210938,16114600
2008-12-26,42.880001068115234,43.2400016784668,42.599998474121094,42.959999084472656,25.411258697509766,13297600
2008-12-29,43.59000015258789,43.65999984741211,42.689998626708984,42.970001220703125,25.417177200317383,29150100
2008-12-30,43.45000076293945,44.33000183105469,43.310001373291016,44.2599983215332,26.180213928222656,28477600
2008-12-31,44.119998931884766,45.150001525878906,43.88999938964844,44.86000061035156,26.535127639770508,26881200
2009-01-02,44.59000015258789,45.619998931884766,44.45000076293945,45.439998626708984,26.87820053100586,21928500
2009-01-05,44.689998626708984,45.060001373291016,44.40999984741211,44.709999084472656,26.446395874023438,27947600
2009-01-06,44.900001525878906,45.5,44.529998779296875,45.189998626708984,26.730321884155273,23282100
2009-01-07,44.849998474121094,44.9900016784668,44.130001068115234,44.40999984741211,26.268945693969727,23930600
2009-01-08,44.470001220703125,45.099998474121094,44.13999938964844,45.06999969482422,26.659345626831055,19883800
2009-01-09,44.54999923706055,44.599998474121094,43.470001220703125,43.5099983215332,25.736587524414062,31728900
2009-01-12,43.279998779296875,43.31999969482422,42.2599983215332,42.459999084472656,25.115501403808594,28816400
2009-01-13,41.619998931884766,42.029998779296875,41.27000045776367,41.68000030517578,24.654125213623047,29424100
2009-01-14,40.56999969482422,40.59000015258789,39.709999084472656,39.970001220703125,23.642648696899414,37212600
2009-01-15,40.2400016784668,40.709999084472656,39.209999084472656,40.33000183105469,23.855581283569336,42030800
2009-01-16,41.25,41.310001373291016,39.709999084472656,40.56999969482422,23.99755096435547,39032500
2009-01-20,39.13999938964844,39.20000076293945,37.56999969482422,37.599998474121094,22.240764617919922,58657300
2009-01-21,38.400001525878906,39.47999954223633,37.900001525878906,39.439998626708984,23.329151153564453,48048200
2009-01-22,38.13999938964844,38.810001373291016,37.68000030517578,38.52000045776367,22.784948348999023,40891400
2009-01-23,37.11000061035156,38.529998779296875,37.0,38.25,22.6252498626709,37917500
2009-01-26,38.619998931884766,39.52000045776367,38.470001220703125,39.0,23.068880081176758,38347800
2009-01-27,39.40999984741211,39.93000030517578,39.150001525878906,39.7599983215332,23.518423080444336,35276200
2009-01-28,40.75,41.2400016784668,40.5,40.93000030517578,24.21049690246582,37581800
2009-01-29,39.900001525878906,39.939998626708984,38.959999084472656,39.06999969482422,23.11028480529785,26066100
2009-01-30,39.4900016784668,39.58000183105469,38.5099983215332,38.70000076293945,22.891429901123047,33244900
2009-02-02,37.970001220703125,38.599998474121094,37.880001068115234,38.31999969482422,22.666654586791992,29679400
2009-02-03,38.810001373291016,39.77000045776367,38.47999954223633,39.41999816894531,23.317306518554688,28446900
2009-02-04,39.54999923706055,40.20000076293945,39.02000045776367,39.220001220703125,23.19900894165039,29274800
2009-02-05,38.9900016784668,40.11000061035156,38.68000030517578,39.779998779296875,23.530256271362305,31645600
2009-02-06,39.939998626708984,40.88999938964844,39.849998474121094,40.70000076293945,24.074445724487305,28635900
2009-02-09,40.68000030517578,40.959999084472656,40.40999984741211,40.689998626708984,24.068531036376953,27143500
2009-02-10,40.25,40.5099983215332,38.47999954223633,38.66999816894531,22.87367820739746,35169400
2009-02-11,39.279998779296875,39.439998626708984,38.5099983215332,39.09000015258789,23.12211036682129,24101600
2009-02-12,38.2599983215332,39.0,37.869998931884766,38.970001220703125,23.05113410949707,40755800
2009-02-13,38.790000915527344,39.08000183105469,38.47999954223633,38.54999923706055,22.80270004272461,21184200
2009-02-17,36.93000030517578,37.04999923706055,36.369998931884766,36.5,21.590106964111328,32955300
2009-02-18,36.779998779296875,36.790000915527344,36.029998779296875,36.470001220703125,21.572362899780273,35001300
2009-02-19,37.290000915527344,37.439998626708984,36.25,36.41999816894531,21.542787551879883,25953000
2009-02-20,35.29999923706055,36.33000183105469,35.25,35.88999938964844,21.229280471801758,52151800
2009-02-23,36.18000030517578,36.20000076293945,34.52000045776367,34.52000045776367,20.418916702270508,38218200
2009-02-24,34.86000061035156,36.099998474121094,34.58000183105469,35.959999084472656,21.27069091796875,36854600
2009-02-25,35.43000030517578,35.61000061035156,34.5099983215332,34.970001220703125,20.685096740722656,39168800
2009-02-26,35.58000183105469,35.79999923706055,34.61000061035156,34.68000030517578,20.5135555267334,27205700
2009-02-27,34.33000183105469,35.36000061035156,34.33000183105469,34.68000030517578,20.5135555267334,38490900
2009-03-02,33.63999938964844,33.79999923706055,32.61000061035156,32.689998626708984,19.33645248413086,42422600
2009-03-03,33.20000076293945,33.209999084472656,32.189998626708984,32.560001373291016,19.259552001953125,38727800
2009-03-04,33.36000061035156,34.45000076293945,33.220001220703125,34.0099983215332,20.117250442504883,52339900
2009-03-05,33.060001373291016,33.459999084472656,32.29999923706055,32.63999938964844,19.306875228881836,36082700
2009-03-06,33.08000183105469,33.45000076293945,31.8700008392334,32.58000183105469,19.271390914916992,42251800
2009-03-09,31.600000381469727,32.36000061035156,31.559999465942383,31.700000762939453,18.750858306884766,36485300
2009-03-10,32.97999954223633,34.02000045776367,32.91999816894531,33.83000183105469,20.010772705078125,50262200
2009-03-11,34.25,34.529998779296875,33.630001068115234,34.02000045776367,20.12316131591797,34253300
2009-03-12,33.65999984741211,34.880001068115234,33.34000015258789,34.790000915527344,20.57862091064453,32384600
2009-03-13,34.959999084472656,35.13999938964844,34.41999816894531,35.02000045776367,20.714664459228516,31335400
2009-03-16,35.61000061035156,36.22999954223633,35.310001373291016,35.400001525878906,20.939443588256836,29486900
2009-03-17,35.279998779296875,36.400001525878906,35.099998474121094,36.33000183105469,21.489547729492188,33219600
2009-03-18,35.90999984741211,37.54999923706055,35.54999923706055,37.369998931884766,22.104717254638672,40962300
2009-03-19,38.25,38.290000915527344,37.290000915527344,37.349998474121094,22.09288787841797,36731100
2009-03-20,37.400001525878906,37.560001373291016,36.65999984741211,36.83000183105469,21.785308837890625,35560500
2009-03-23,38.119998931884766,39.5099983215332,37.91999816894531,39.47999954223633,23.35280418395996,42113200
2009-03-24,38.459999084472656,39.029998779296875,38.18000030517578,38.2400016784668,22.619327545166016,30868900
2009-03-25,38.560001373291016,39.459999084472656,38.02000045776367,38.83000183105469,22.968324661254883,30873600
2009-03-26,39.130001068115234,39.560001373291016,38.7599983215332,39.349998474121094,23.275911331176758,30230400
2009-03-27,38.33000183105469,38.47999954223633,37.970001220703125,38.09000015258789,22.530607223510742,34326000
2009-03-30,36.959999084472656,37.0,36.310001373291016,36.63999938964844,21.672914505004883,25835700
2009-03-31,37.349998474121094,38.09000015258789,37.11000061035156,37.59000015258789,22.23484992980957,32838300
2009-04-01,37.36000061035156,38.7400016784668,37.279998779296875,38.56999969482422,22.81453514099121,25661700
2009-04-02,39.900001525878906,40.959999084472656,39.86000061035156,40.310001373291016,23.8437557220459,57242400
2009-04-03,40.13999938964844,40.540000915527344,39.79999923706055,40.540000915527344,23.97979736328125,41385200
2009-04-06,39.68000030517578,39.869998931884766,39.20000076293945,39.70000076293945,23.48293685913086,27320400
2009-04-07,39.09000015258789,39.349998474121094,38.7400016784668,38.869998931884766,22.991981506347656,19333900
2009-04-08,39.20000076293945,39.61000061035156,38.810001373291016,39.2599983215332,23.22266960144043,22120900
2009-04-09,40.150001525878906,40.36000061035156,39.83000183105469,40.310001373291016,23.8437557220459,23172500
2009-04-13,40.119998931884766,40.9900016784668,40.060001373291016,40.709999084472656,24.080354690551758,21135700
2009-04-14,40.349998474121094,40.900001525878906,40.209999084472656,40.31999969482422,23.849674224853516,41502500
2009-04-15,40.15999984741211,40.95000076293945,40.06999969482422,40.849998474121094,24.163171768188477,25623000
2009-04-16,41.02000045776367,41.400001525878906,40.650001525878906,41.11000061035156,24.31696319580078,25014400
2009-04-17,41.189998626708984,41.220001220703125,40.7599983215332,40.970001220703125,24.234155654907227,61325800
2009-04-20,40.02000045776367,40.06999969482422,39.279998779296875,39.290000915527344,23.24041748046875,26049700
2009-04-21,38.939998626708984,40.22999954223633,38.900001525878906,40.189998626708984,23.77277374267578,25499800
2009-04-22,39.560001373291016,40.58000183105469,39.41999816894531,39.869998931884766,23.583498001098633,25022000
2009-04-23,40.41999816894531,40.869998931884766,40.06999969482422,40.869998931884766,24.175004959106445,30545300
2009-04-24,41.4900016784668,41.790000915527344,41.22999954223633,41.5,24.54765510559082,25969200
2009-04-27,40.88999938964844,41.540000915527344,40.709999084472656,41.0099983215332,24.2578125,26745300
2009-04-28,40.220001220703125,41.029998779296875,40.16999816894531,40.619998931884766,24.02712631225586,18634000
2009-04-29,41.310001373291016,42.119998931884766,41.2400016784668,41.65999984741211,24.642290115356445,20784800
2009-04-30,42.2599983215332,42.61000061035156,41.61000061035156,41.91999816894531,24.796092987060547,26982200
2009-05-01,42.150001525878906,42.5,41.86000061035156,42.40999984741211,25.08591651916504,17786700
2009-05-04,42.88999938964844,44.189998626708984,42.869998931884766,44.16999816894531,26.126985549926758,23451200
2009-05-05,44.029998779296875,44.119998931884766,43.4900016784668,43.72999954223633,25.866718292236328,22298600
2009-05-06,44.59000015258789,44.900001525878906,43.970001220703125,44.790000915527344,26.493717193603516,21040600
2009-05-07,45.16999816894531,45.220001220703125,43.7400016784668,44.040000915527344,26.050086975097656,23946300
2009-05-08,45.02000045776367,46.02000045776367,44.7599983215332,45.95000076293945,27.179872512817383,22988400
2009-05-11,44.84000015258789,45.11000061035156,44.619998931884766,44.779998779296875,26.48780632019043,17460900
2009-05-12,45.380001068115234,45.4900016784668,44.66999816894531,45.2599983215332,26.771730422973633,26285000
2009-05-13,44.220001220703125,44.279998779296875,43.59000015258789,43.720001220703125,25.86080551147461,23257600
2009-05-14,43.689998626708984,44.459999084472656,43.58000183105469,44.150001525878906,26.115150451660156,27380600
2009-05-15,44.25,44.56999969482422,43.56999969482422,43.75,25.87855339050293,20457900
2009-05-18,44.68000030517578,45.5,44.529998779296875,45.41999816894531,26.866374969482422,18600700
2009-05-19,45.619998931884766,46.11000061035156,45.4900016784668,45.83000183105469,27.1088924407959,19522000
2009-05-20,46.2599983215332,46.849998474121094,46.029998779296875,46.130001068115234,27.286333084106445,18872900
2009-05-21,45.54999923706055,45.93000030517578,45.29999923706055,45.779998779296875,27.079317092895508,20081100
2009-05-22,46.209999084472656,46.34000015258789,45.849998474121094,46.040000915527344,27.233104705810547,14279100
2009-05-26,45.38999938964844,47.08000183105469,45.36000061035156,46.959999084472656,27.77729606628418,16247300
2009-05-27,46.959999084472656,47.02000045776367,45.959999084472656,46.04999923706055,27.239025115966797,16274500
2009-05-28,46.400001525878906,46.720001220703125,45.77000045776367,46.52000045776367,27.51703453063965,15523500
2009-05-29,47.18000030517578,47.45000076293945,46.810001373291016,47.45000076293945,28.067148208618164,24526200
2009-06-01,48.36000061035156,49.0,48.27000045776367,48.619998931884766,28.759201049804688,22592800
2009-06-02,48.470001220703125,49.119998931884766,48.380001068115234,49.040000915527344,29.007640838623047,22182800
2009-06-03,48.060001373291016,48.13999938964844,47.15999984741211,47.58000183105469,28.1440372467041,20937800
2009-06-04,47.720001220703125,48.0,47.439998626708984,47.880001068115234,28.321483612060547,17158800
2009-06-05,48.0,48.040000915527344,47.099998474121094,47.290000915527344,27.972496032714844,19216500
2009-06-08,46.77000045776367,47.4900016784668,46.43000030517578,47.189998626708984,27.913349151611328,13937000
2009-06-09,47.470001220703125,47.939998626708984,47.209999084472656,47.77000045776367,28.256418228149414,15957400
2009-06-10,48.4900016784668,48.52000045776367,47.279998779296875,47.86000061035156,28.30965232849121,18468000
2009-06-11,48.2599983215332,49.18000030517578,48.25,48.68000030517578,28.794700622558594,20225500
2009-06-12,48.15999984741211,48.5099983215332,47.91999816894531,48.43000030517578,28.64681625366211,21098000
2009-06-15,47.38999938964844,47.45000076293945,46.31999969482422,46.689998626708984,27.61758804321289,31484000
2009-06-16,47.02000045776367,47.04999923706055,46.099998474121094,46.150001525878906,27.29818344116211,23389000
2009-06-17,46.18000030517578,46.650001525878906,45.689998626708984,46.279998779296875,27.37506103515625,23802600
2009-06-18,46.15999984741211,46.7400016784668,45.970001220703125,46.20000076293945,27.32775115966797,22429300
2009-06-19,46.93000030517578,47.130001068115234,46.66999816894531,46.93000030517578,27.759550094604492,19576300
2009-06-22,46.11000061035156,46.150001525878906,45.2599983215332,45.41999816894531,26.866374969482422,21491900
2009-06-23,44.939998626708984,45.25,44.529998779296875,45.060001373291016,27.21976089477539,26980500
2009-06-24,45.58000183105469,45.9900016784668,44.93000030517578,45.099998474121094,27.243927001953125,25708600
2009-06-25,44.84000015258789,46.060001373291016,44.720001220703125,46.04999923706055,27.817794799804688,23606800
2009-06-26,45.91999816894531,46.18000030517578,45.66999816894531,45.959999084472656,27.763427734375,20799800
2009-06-29,46.15999984741211,46.58000183105469,45.91999816894531,46.349998474121094,27.99901580810547,21139400
2009-06-30,46.349998474121094,46.45000076293945,45.47999954223633,45.810001373291016,27.67281723022461,31292000
2009-07-01,46.4900016784668,46.97999954223633,46.41999816894531,46.56999969482422,28.131919860839844,20169200
2009-07-02,45.630001068115234,45.68000030517578,45.060001373291016,45.22999954223633,27.32244300842285,20744600
2009-07-06,44.65999984741211,45.290000915527344,44.58000183105469,45.290000915527344,27.358694076538086,17299200
2009-07-07,45.02000045776367,45.06999969482422,44.11000061035156,44.189998626708984,26.694210052490234,20032700
2009-07-08,44.290000915527344,44.41999816894531,43.4900016784668,44.0099983215332,26.58547019958496,24263500
2009-07-09,44.52000045776367,44.70000076293945,44.20000076293945,44.54999923706055,26.911685943603516,22637100
2009-07-10,43.880001068115234,45.150001525878906,43.290000915527344,44.029998779296875,26.59755516052246,16245600
2009-07-13,44.130001068115234,44.93000030517578,43.81999969482422,44.79999923706055,27.062702178955078,19678700
2009-07-14,45.060001373291016,45.189998626708984,44.630001068115234,45.040000915527344,27.207685470581055,15241000
2009-07-15,46.0099983215332,46.689998626708984,45.939998626708984,46.58000183105469,28.137962341308594,21318700
2009-07-16,46.58000183105469,47.119998931884766,46.400001525878906,46.9900016784668,28.385629653930664,15476600
2009-07-17,46.689998626708984,46.959999084472656,46.5099983215332,46.81999969482422,28.282928466796875,16180900
2009-07-20,47.58000183105469,47.83000183105469,47.279998779296875,47.72999954223633,28.832651138305664,15950700
2009-07-21,48.310001373291016,48.31999969482422,47.5,48.029998779296875,29.013872146606445,19663900
2009-07-22,47.650001525878906,48.369998931884766,47.630001068115234,48.150001525878906,29.08636474609375,16927500
2009-07-23,48.06999969482422,49.220001220703125,48.029998779296875,48.959999084472656,29.575660705566406,19940000
2009-07-24,48.869998931884766,49.290000915527344,48.619998931884766,49.2599983215332,29.75688362121582,15432700
2009-07-27,49.06999969482422,49.369998931884766,48.7599983215332,49.310001373291016,29.787090301513672,14807400
2009-07-28,48.939998626708984,49.20000076293945,48.52000045776367,49.099998474121094,29.660236358642578,18335000
2009-07-29,48.959999084472656,49.11000061035156,48.45000076293945,48.70000076293945,29.418601989746094,20032100
2009-07-30,49.59000015258789,50.099998474121094,49.43000030517578,49.650001525878906,29.992473602294922,19165900
2009-07-31,49.91999816894531,50.529998779296875,49.70000076293945,50.40999984741211,30.45157814025879,20636100
2009-08-03,51.220001220703125,51.709999084472656,51.04999923706055,51.58000183105469,31.15835189819336,22184800
2009-08-04,51.09000015258789,51.58000183105469,50.380001068115234,51.5,31.110029220581055,18395300
2009-08-05,51.380001068115234,51.400001525878906,50.599998474121094,51.290000915527344,30.98316192626953,18679100
2009-08-06,51.41999816894531,51.5,50.59000015258789,50.970001220703125,30.78986358642578,16284900
2009-08-07,51.15999984741211,51.29999923706055,50.810001373291016,50.91999816894531,30.759660720825195,19822400
2009-08-10,50.70000076293945,50.86000061035156,50.349998474121094,50.61000061035156,30.5723876953125,14593800
2009-08-11,50.38999938964844,50.439998626708984,50.029998779296875,50.31999969482422,30.39720916748047,13047300
2009-08-12,50.29999923706055,51.290000915527344,50.27000045776367,50.88999938964844,30.741527557373047,18246400
2009-08-13,51.599998474121094,51.79999923706055,51.16999816894531,51.66999816894531,31.212722778320312,17806800
2009-08-14,51.790000915527344,51.790000915527344,50.84000015258789,51.22999954223633,30.94692611694336,17855000
2009-08-17,49.70000076293945,49.7599983215332,49.40999984741211,49.58000183105469,29.950197219848633,23357700
2009-08-18,49.90999984741211,50.630001068115234,49.689998626708984,50.439998626708984,30.46969985961914,17125200
2009-08-19,49.83000183105469,51.060001373291016,49.79999923706055,50.869998931884766,30.729450225830078,18921900
2009-08-20,50.849998474121094,51.5,50.7599983215332,51.22999954223633,30.94692611694336,14815500
2009-08-21,51.9900016784668,52.529998779296875,51.95000076293945,52.349998474121094,31.623489379882812,20819300
2009-08-24,52.56999969482422,52.849998474121094,52.209999084472656,52.34000015258789,31.617448806762695,19589500
2009-08-25,52.88999938964844,53.2400016784668,52.709999084472656,52.86000061035156,31.93157958984375,20682000
2009-08-26,52.43000030517578,52.66999816894531,52.16999816894531,52.63999938964844,31.798669815063477,16828400
2009-08-27,52.59000015258789,53.2599983215332,52.029998779296875,53.040000915527344,32.04029846191406,18976000
2009-08-28,53.52000045776367,53.630001068115234,52.84000015258789,53.06999969482422,32.05842208862305,17008900
2009-08-31,52.439998626708984,52.7599983215332,52.290000915527344,52.68000030517578,31.82282257080078,18793900
2009-09-01,52.13999938964844,52.88999938964844,51.22999954223633,51.369998931884766,31.031492233276367,33136100
2009-09-02,51.09000015258789,51.619998931884766,51.040000915527344,51.310001373291016,30.995243072509766,20632100
2009-09-03,51.83000183105469,51.849998474121094,51.25,51.709999084472656,31.236873626708984,14848800
2009-09-04,51.790000915527344,52.61000061035156,51.540000915527344,52.5,31.714086532592773,13312100
2009-09-08,53.650001525878906,53.70000076293945,53.279998779296875,53.540000915527344,32.34233474731445,17093100
2009-09-09,53.869998931884766,54.40999984741211,50.06999969482422,54.20000076293945,32.74103927612305,21243900
2009-09-10,54.099998474121094,54.779998779296875,53.75,54.68000030517578,33.0309944152832,17004400
2009-09-11,54.869998931884766,55.02000045776367,54.40999984741211,54.61000061035156,32.988704681396484,16105400
2009-09-14,54.0,54.75,53.970001220703125,54.720001220703125,33.05515670776367,18704400
2009-09-15,54.45000076293945,54.900001525878906,54.08000183105469,54.72999954223633,33.061187744140625,24528200
2009-09-16,55.36000061035156,55.83000183105469,55.119998931884766,55.810001373291016,33.71359634399414,22163300
2009-09-17,55.400001525878906,55.88999938964844,55.209999084472656,55.45000076293945,33.49612808227539,20940900
2009-09-18,55.849998474121094,55.880001068115234,55.349998474121094,55.599998474121094,33.58673858642578,15180700
2009-09-21,54.650001525878906,55.13999938964844,54.4900016784668,55.0099983215332,33.23033142089844,17452700
2009-09-22,55.869998931884766,55.91999816894531,55.540000915527344,55.77000045776367,33.689430236816406,13731800
2009-09-23,55.9900016784668,56.310001373291016,55.18000030517578,55.290000915527344,33.399471282958984,22848100
2009-09-24,55.650001525878906,55.779998779296875,54.16999816894531,54.47999954223633,32.91017532348633,27611900
2009-09-25,54.36000061035156,54.84000015258789,54.119998931884766,54.25,32.77123260498047,22919400
2009-09-28,54.439998626708984,55.369998931884766,54.369998931884766,54.9900016784668,33.21826171875,15643900
2009-09-29,54.84000015258789,55.04999923706055,54.41999816894531,54.65999984741211,33.01889419555664,16359800
2009-09-30,55.11000061035156,55.189998626708984,54.25,54.68000030517578,33.0309944152832,25290400
2009-10-01,54.34000015258789,54.380001068115234,53.189998626708984,53.25,32.16715621948242,22406000
2009-10-02,52.45000076293945,53.11000061035156,52.41999816894531,52.65999984741211,31.81075096130371,27674800
2009-10-05,52.689998626708984,53.619998931884766,52.599998474121094,53.41999816894531,32.26984786987305,15838800
2009-10-06,54.040000915527344,54.72999954223633,54.0,54.31999969482422,32.81352233886719,18768200
2009-10-07,54.290000915527344,54.529998779296875,54.099998474121094,54.52000045776367,32.93434143066406,20064200
2009-10-08,55.220001220703125,55.650001525878906,54.900001525878906,55.310001373291016,33.411556243896484,14926100
2009-10-09,55.11000061035156,55.25,54.880001068115234,55.16999816894531,33.326988220214844,9190200
2009-10-12,55.72999954223633,55.900001525878906,55.38999938964844,55.5,33.52633285522461,9631800
2009-10-13,55.470001220703125,55.540000915527344,55.0,55.380001068115234,33.453857421875,11697400
2009-10-14,56.459999084472656,56.77000045776367,56.209999084472656,56.709999084472656,34.25727081298828,16624600
2009-10-15,56.43000030517578,56.970001220703125,56.369998931884766,56.970001220703125,34.41433334350586,16062400
2009-10-16,56.02000045776367,56.34000015258789,55.75,56.11000061035156,33.89482498168945,19457400
2009-10-19,56.650001525878906,57.189998626708984,56.400001525878906,57.0099983215332,34.43849563598633,16127900
2009-10-20,57.18000030517578,57.189998626708984,56.29999923706055,56.709999084472656,34.25727081298828,14700400
2009-10-21,56.59000015258789,57.459999084472656,56.459999084472656,56.52000045776367,34.142494201660156,19720200
2009-10-22,56.47999954223633,57.22999954223633,56.029998779296875,57.06999969482422,34.474735260009766,15890400
2009-10-23,56.91999816894531,56.93000030517578,55.900001525878906,56.16999816894531,33.93106460571289,19383000
2009-10-26,56.369998931884766,56.790000915527344,55.099998474121094,55.31999969482422,33.417606353759766,21031300
2009-10-27,55.43000030517578,55.630001068115234,54.79999923706055,54.880001068115234,33.15179443359375,23313000
2009-10-28,54.349998474121094,54.61000061035156,53.40999984741211,53.560001373291016,32.35441589355469,25441000
2009-10-29,54.560001373291016,55.33000183105469,54.119998931884766,55.13999938964844,33.308860778808594,21274300
2009-10-30,54.779998779296875,54.959999084472656,53.209999084472656,53.29999923706055,32.197364807128906,31478700
2009-11-02,53.77000045776367,54.560001373291016,53.209999084472656,53.81999969482422,32.511478424072266,25878000
2009-11-03,52.849998474121094,53.720001220703125,52.779998779296875,53.61000061035156,32.38462829589844,19567300
2009-11-04,54.310001373291016,54.66999816894531,53.97999954223633,54.150001525878906,32.7108268737793,24340600
2009-11-05,54.68000030517578,55.13999938964844,54.5099983215332,54.849998474121094,33.13368225097656,13490700
2009-11-06,54.470001220703125,55.09000015258789,54.349998474121094,55.0099983215332,33.23033142089844,12750300
2009-11-09,56.0,56.560001373291016,55.90999984741211,56.54999923706055,34.160621643066406,17554500
2009-11-10,55.970001220703125,56.38999938964844,55.880001068115234,56.25,33.97939682006836,19583800
2009-11-11,56.63999938964844,56.90999984741211,56.150001525878906,56.41999816894531,34.08208465576172,14746200
2009-11-12,56.20000076293945,56.4900016784668,55.4900016784668,55.599998474121094,33.58673858642578,18177000
2009-11-13,55.93000030517578,56.560001373291016,55.619998931884766,56.380001068115234,34.05791091918945,20592200
2009-11-16,56.869998931884766,57.61000061035156,56.84000015258789,57.279998779296875,34.601600646972656,18105000
2009-11-17,56.689998626708984,56.95000076293945,56.349998474121094,56.900001525878906,34.37203598022461,15367600
2009-11-18,56.939998626708984,56.97999954223633,56.400001525878906,56.720001220703125,34.2633056640625,12114400
2009-11-19,55.90999984741211,55.90999984741211,55.209999084472656,55.650001525878906,33.616943359375,21816500
2009-11-20,54.970001220703125,55.38999938964844,54.93000030517578,55.34000015258789,33.429683685302734,15379300
2009-11-23,56.459999084472656,56.77000045776367,56.16999816894531,56.33000183105469,34.027713775634766,17112800
2009-11-24,56.20000076293945,56.33000183105469,55.68000030517578,56.099998474121094,33.88877487182617,23601500
2009-11-25,56.56999969482422,56.88999938964844,56.29999923706055,56.849998474121094,34.34183883666992,15283000
2009-11-27,54.52000045776367,55.619998931884766,54.439998626708984,55.209999084472656,33.35114669799805,14507600
2009-11-30,55.2400016784668,55.75,54.900001525878906,55.38999938964844,33.459896087646484,20857000
2009-12-01,56.470001220703125,57.09000015258789,56.369998931884766,56.90999984741211,34.378082275390625,17952200
2009-12-02,56.880001068115234,57.310001373291016,56.7599983215332,57.0,34.43245315551758,13034600
2009-12-03,57.33000183105469,57.630001068115234,56.709999084472656,56.869998931884766,34.353919982910156,15714100
2009-12-04,57.36000061035156,57.65999984741211,56.29999923706055,56.66999816894531,34.233089447021484,17862600
2009-12-07,56.310001373291016,56.83000183105469,56.2599983215332,56.36000061035156,34.04583740234375,13057600
2009-12-08,55.790000915527344,55.79999923706055,55.22999954223633,55.380001068115234,33.453857421875,16547700
2009-12-09,55.25,55.5,54.720001220703125,55.310001373291016,33.411556243896484,16435300
2009-12-10,55.599998474121094,55.779998779296875,54.77000045776367,55.47999954223633,33.514244079589844,12430600
2009-12-11,55.650001525878906,55.7400016784668,55.33000183105469,55.459999084472656,33.50217819213867,22797300
2009-12-14,55.86000061035156,56.02000045776367,55.63999938964844,56.0,33.828365325927734,23188500
2009-12-15,55.290000915527344,55.709999084472656,55.2400016784668,55.380001068115234,33.453857421875,16211400
2009-12-16,55.90999984741211,56.310001373291016,55.849998474121094,56.029998779296875,33.84649658203125,17313400
2009-12-17,55.02000045776367,55.130001068115234,54.56999969482422,54.709999084472656,33.049102783203125,20345600
2009-12-18,54.939998626708984,55.060001373291016,54.22999954223633,54.84000015258789,33.12764358520508,18769700
2009-12-21,54.95000076293945,55.279998779296875,54.88999938964844,55.0,33.22428894042969,15019700
2009-12-22,54.77000045776367,54.97999954223633,54.58000183105469,54.849998474121094,33.435203552246094,15589200
2009-12-23,55.150001525878906,55.349998474121094,54.90999984741211,55.349998474121094,33.73999786376953,10683500
2009-12-24,55.560001373291016,55.650001525878906,55.45000076293945,55.56999969482422,33.87410354614258,4979300
2009-12-28,55.849998474121094,55.849998474121094,55.630001068115234,55.810001373291016,34.02040100097656,11762300
2009-12-29,56.189998626708984,56.20000076293945,55.689998626708984,55.900001525878906,34.07526779174805,10648300
2009-12-30,55.38999938964844,55.66999816894531,55.2599983215332,55.66999816894531,33.935054779052734,12566200
2009-12-31,55.91999816894531,55.95000076293945,55.220001220703125,55.279998779296875,33.69731521606445,13893400
2010-01-04,56.41999816894531,56.939998626708984,56.40999984741211,56.72999954223633,34.58121109008789,18556900
2010-01-05,56.869998931884766,57.099998474121094,56.5099983215332,56.779998779296875,34.61168670654297,14352800
2010-01-06,56.68000030517578,57.09000015258789,56.66999816894531,57.02000045776367,34.75798797607422,11888100
2010-01-07,56.63999938964844,56.84000015258789,56.369998931884766,56.79999923706055,34.62388229370117,10906600
2010-01-08,56.900001525878906,57.310001373291016,56.7400016784668,57.25,34.89818572998047,12826500
2010-01-11,57.83000183105469,57.86000061035156,57.470001220703125,57.720001220703125,35.184688568115234,12387500
2010-01-12,57.11000061035156,57.380001068115234,56.599998474121094,57.040000915527344,34.770172119140625,19029700
2010-01-13,57.279998779296875,57.70000076293945,56.939998626708984,57.52000045776367,35.06277084350586,15446600
2010-01-14,57.5,58.0,57.5,57.959999084472656,35.33098602294922,13362600
2010-01-15,57.5099983215332,57.61000061035156,56.779998779296875,57.04999923706055,34.776283264160156,19281700
2010-01-19,56.880001068115234,57.68000030517578,56.84000015258789,57.61000061035156,35.11762619018555,17507700
2010-01-20,56.369998931884766,56.400001525878906,55.619998931884766,56.13999938964844,34.221553802490234,24510100
2010-01-21,56.040000915527344,56.18000030517578,54.58000183105469,54.939998626708984,33.49006271362305,22979100
2010-01-22,54.70000076293945,55.04999923706055,53.790000915527344,53.869998931884766,32.837825775146484,27432500
2010-01-25,54.86000061035156,54.97999954223633,54.38999938964844,54.529998779296875,33.24013900756836,20242700
2010-01-26,54.04999923706055,54.68000030517578,53.90999984741211,54.220001220703125,33.05116271972656,22135300
2010-01-27,53.880001068115234,54.209999084472656,53.380001068115234,54.15999984741211,33.01460647583008,27156000
2010-01-28,54.189998626708984,54.20000076293945,52.849998474121094,53.25,32.45988845825195,26142600
2010-01-29,53.31999969482422,53.630001068115234,52.33000183105469,52.47999954223633,31.99051284790039,28917200
2010-02-01,53.20000076293945,53.52000045776367,52.47999954223633,53.439998626708984,32.57570266723633,23123800
2010-02-02,53.81999969482422,54.459999084472656,53.650001525878906,54.33000183105469,33.11823272705078,19720200
2010-02-03,53.97999954223633,54.20000076293945,53.47999954223633,53.7599983215332,32.7707633972168,20225900
2010-02-04,52.7400016784668,52.79999923706055,51.540000915527344,51.56999969482422,31.43579864501953,32202200
2010-02-05,51.290000915527344,51.47999954223633,49.939998626708984,51.47999954223633,31.38094139099121,43046100
2010-02-08,50.970001220703125,51.45000076293945,50.45000076293945,50.459999084472656,30.759172439575195,19238000
2010-02-09,51.59000015258789,52.52000045776367,51.09000015258789,52.04999923706055,31.728389739990234,30811800
2010-02-10,51.77000045776367,51.95000076293945,51.209999084472656,51.720001220703125,31.527238845825195,23502500
2010-02-11,51.540000915527344,52.290000915527344,51.150001525878906,52.20000076293945,31.819822311401367,19397300
2010-02-12,51.29999923706055,51.849998474121094,51.04999923706055,51.75,31.54552459716797,18994900
2010-02-16,51.9900016784668,53.0099983215332,51.810001373291016,52.900001525878906,32.24654006958008,19592800
2010-02-17,53.13999938964844,53.27000045776367,52.75,52.970001220703125,32.28921127319336,19682000
2010-02-18,52.810001373291016,53.349998474121094,52.810001373291016,53.27000045776367,32.47208023071289,13747600
2010-02-19,52.529998779296875,53.06999969482422,52.380001068115234,52.939998626708984,32.27091979980469,16069000
2010-02-22,53.22999954223633,53.310001373291016,52.90999984741211,53.040000915527344,32.33187484741211,14422100
2010-02-23,52.79999923706055,53.040000915527344,52.119998931884766,52.290000915527344,31.87469482421875,18038800
2010-02-24,52.369998931884766,52.93000030517578,52.22999954223633,52.619998931884766,32.07585906982422,15789800
2010-02-25,51.58000183105469,52.310001373291016,51.470001220703125,52.29999923706055,31.88078498840332,18544400
2010-02-26,52.189998626708984,52.849998474121094,51.90999984741211,52.619998931884766,32.07585906982422,19714200
2010-03-01,52.7400016784668,53.130001068115234,52.599998474121094,53.029998779296875,32.325775146484375,14774400
2010-03-02,53.38999938964844,53.790000915527344,53.16999816894531,53.43000030517578,32.569610595703125,14135700
2010-03-03,53.90999984741211,54.40999984741211,53.83000183105469,54.06999969482422,32.95973205566406,15292400
2010-03-04,54.130001068115234,54.22999954223633,53.619998931884766,53.93000030517578,32.87439727783203,12645600
2010-03-05,54.310001373291016,55.060001373291016,54.209999084472656,54.97999954223633,33.51444625854492,18656300
2010-03-08,55.060001373291016,55.209999084472656,54.810001373291016,54.97999954223633,33.51444625854492,11336100
2010-03-09,54.470001220703125,55.11000061035156,54.45000076293945,54.849998474121094,33.435203552246094,15356500
2010-03-10,54.849998474121094,55.34000015258789,54.779998779296875,55.08000183105469,33.57539749145508,13641100
2010-03-11,55.04999923706055,55.349998474121094,54.810001373291016,55.290000915527344,33.703426361083984,13015300
2010-03-12,55.72999954223633,55.75,55.369998931884766,55.65999984741211,33.9289665222168,11743300
2010-03-15,55.20000076293945,55.34000015258789,54.849998474121094,55.27000045776367,33.69123458862305,10182300
2010-03-16,55.459999084472656,56.029998779296875,55.31999969482422,55.970001220703125,34.1179313659668,15718300
2010-03-17,56.18000030517578,56.5099983215332,56.11000061035156,56.27000045776367,34.300811767578125,17400500
2010-03-18,56.08000183105469,56.189998626708984,55.58000183105469,55.939998626708984,34.09964370727539,15899600
2010-03-19,55.369998931884766,55.90999984741211,55.11000061035156,55.369998931884766,33.7521858215332,17819700
2010-03-22,54.63999938964844,55.599998474121094,54.599998474121094,55.529998779296875,33.849727630615234,17473800
2010-03-23,55.560001373291016,56.0099983215332,55.349998474121094,55.91999816894531,34.08744812011719,15533000
2010-03-24,55.0,55.209999084472656,54.7599983215332,55.0,33.526641845703125,18234000
2010-03-25,55.45000076293945,55.65999984741211,54.900001525878906,54.970001220703125,33.50836181640625,18633000
2010-03-26,55.33000183105469,55.720001220703125,55.15999984741211,55.5099983215332,33.83751678466797,23466200
2010-03-29,55.779998779296875,56.040000915527344,55.68000030517578,55.97999954223633,34.12403106689453,13605700
2010-03-30,56.15999984741211,56.310001373291016,55.720001220703125,55.97999954223633,34.12403106689453,16768000
2010-03-31,55.77000045776367,56.18000030517578,55.63999938964844,55.97999954223633,34.12403106689453,22702600
2010-04-01,56.54999923706055,56.9900016784668,56.52000045776367,56.970001220703125,34.72750473022461,20493900
2010-04-05,56.939998626708984,57.20000076293945,56.75,57.029998779296875,34.76408004760742,14434000
2010-04-06,56.439998626708984,56.95000076293945,56.380001068115234,56.869998931884766,34.66654586791992,15025700
2010-04-07,56.560001373291016,56.68000030517578,56.2599983215332,56.470001220703125,34.42272186279297,19574500
2010-04-08,55.86000061035156,56.459999084472656,55.7400016784668,56.40999984741211,34.386146545410156,13853000
2010-04-09,56.58000183105469,57.220001220703125,56.560001373291016,57.150001525878906,34.83723068237305,17131200
2010-04-12,57.34000015258789,57.5,57.209999084472656,57.33000183105469,34.946956634521484,11992200
2010-04-13,57.38999938964844,57.439998626708984,56.849998474121094,57.279998779296875,34.91648483276367,9094000
2010-04-14,57.689998626708984,58.08000183105469,57.52000045776367,58.040000915527344,35.37975311279297,20763800
2010-04-15,57.689998626708984,58.09000015258789,57.63999938964844,58.0,35.35536575317383,13534200
2010-04-16,57.47999954223633,57.709999084472656,56.43000030517578,56.720001220703125,34.57510757446289,30341100
2010-04-19,56.08000183105469,56.61000061035156,55.88999938964844,56.56999969482422,34.483673095703125,19657000
2010-04-20,57.0,57.08000183105469,56.779998779296875,56.91999816894531,34.69702911376953,14039800
2010-04-21,56.689998626708984,56.790000915527344,56.2599983215332,56.54999923706055,34.47148895263672,15597400
2010-04-22,55.68000030517578,56.13999938964844,55.31999969482422,56.040000915527344,34.16061019897461,22128200
2010-04-23,55.810001373291016,56.4900016784668,55.630001068115234,56.459999084472656,34.41661834716797,18250100
2010-04-26,56.619998931884766,56.75,56.400001525878906,56.52000045776367,34.45320510864258,19670500
2010-04-27,55.70000076293945,56.08000183105469,54.119998931884766,54.25,33.069454193115234,39699100
2010-04-28,54.689998626708984,54.790000915527344,53.68000030517578,54.2599983215332,33.07555389404297,32895300
2010-04-29,54.849998474121094,55.22999954223633,54.709999084472656,55.099998474121094,33.58759689331055,21405900
2010-04-30,55.119998931884766,55.18000030517578,54.27000045776367,54.40999984741211,33.16699981689453,24817100
2010-05-03,54.5099983215332,54.9900016784668,54.40999984741211,54.79999923706055,33.40472412109375,22046300
2010-05-04,53.38999938964844,53.41999816894531,52.40999984741211,52.630001068115234,32.08194351196289,42932500
2010-05-05,51.45000076293945,52.2400016784668,51.34000015258789,51.619998931884766,31.46627426147461,40791300
2010-05-06,51.279998779296875,51.599998474121094,47.2599983215332,49.31999969482422,30.064254760742188,64526400
2010-05-07,49.810001373291016,50.310001373291016,48.29999923706055,49.209999084472656,29.997203826904297,66179200
2010-05-10,52.45000076293945,52.849998474121094,51.95000076293945,52.400001525878906,31.941749572753906,63301700
2010-05-11,51.209999084472656,52.36000061035156,51.15999984741211,51.54999923706055,31.423603057861328,42343600
2010-05-12,51.9900016784668,52.439998626708984,51.900001525878906,52.130001068115234,31.77716064453125,27785600
2010-05-13,51.7599983215332,52.119998931884766,51.31999969482422,51.45000076293945,31.36263656616211,29675400
2010-05-14,50.81999969482422,50.91999816894531,49.54999923706055,49.9900016784668,30.472665786743164,40366200
2010-05-17,50.16999816894531,50.400001525878906,48.900001525878906,50.060001373291016,30.515342712402344,33131000
2010-05-18,50.540000915527344,50.630001068115234,48.72999954223633,48.97999954223633,29.856998443603516,39152500
2010-05-19,48.880001068115234,49.34000015258789,48.349998474121094,49.16999816894531,29.972806930541992,41441600
2010-05-20,47.709999084472656,48.27000045776367,46.970001220703125,47.459999084472656,28.93044090270996,50013100
2010-05-21,47.02000045776367,48.68000030517578,46.90999984741211,48.619998931884766,29.63755226135254,52184600
2010-05-24,47.939998626708984,48.31999969482422,47.470001220703125,47.5,28.9548282623291,26489400
2010-05-25,46.09000015258789,47.38999938964844,45.849998474121094,47.31999969482422,28.84510040283203,53441800
2010-05-26,47.369998931884766,47.779998779296875,46.5099983215332,46.619998931884766,28.41840362548828,42125600
2010-05-27,48.29999923706055,49.29999923706055,48.0099983215332,49.27000045776367,30.03377342224121,33506900
2010-05-28,49.029998779296875,49.150001525878906,48.11000061035156,48.31999969482422,29.45468521118164,39482100
2010-06-01,47.88999938964844,49.02000045776367,47.79999923706055,47.84000015258789,29.162090301513672,34753600
2010-06-02,48.060001373291016,49.150001525878906,47.790000915527344,49.119998931884766,29.942346572875977,25336300
2010-06-03,49.369998931884766,49.459999084472656,48.52000045776367,48.970001220703125,29.85091209411621,27019600
2010-06-04,47.7599983215332,48.02000045776367,46.650001525878906,46.880001068115234,28.57689094543457,36685200
2010-06-07,47.06999969482422,47.29999923706055,46.279998779296875,46.290000915527344,28.21724510192871,24384100
2010-06-08,46.54999923706055,47.09000015258789,46.130001068115234,47.029998779296875,28.6683349609375,33911600
2010-06-09,47.34000015258789,47.83000183105469,46.630001068115234,46.86000061035156,28.564697265625,30395500
2010-06-10,48.2400016784668,48.880001068115234,48.08000183105469,48.84000015258789,29.77166175842285,30506000
2010-06-11,48.290000915527344,48.93000030517578,48.20000076293945,48.90999984741211,29.814334869384766,22459100
2010-06-14,49.630001068115234,49.93000030517578,49.130001068115234,49.220001220703125,30.0033016204834,29477200
2010-06-15,50.0,50.810001373291016,49.81999969482422,50.779998779296875,30.95423698425293,28365100
2010-06-16,50.150001525878906,50.7400016784668,50.040000915527344,50.540000915527344,30.807933807373047,21785900
2010-06-17,50.779998779296875,50.79999923706055,50.20000076293945,50.70000076293945,30.90546417236328,23402900
2010-06-18,50.630001068115234,50.849998474121094,50.45000076293945,50.61000061035156,30.850603103637695,20182700
2010-06-21,51.38999938964844,51.4900016784668,50.400001525878906,50.599998474121094,30.844512939453125,26081200
2010-06-22,50.720001220703125,50.93000030517578,49.869998931884766,49.959999084472656,30.454383850097656,29123900
2010-06-23,49.459999084472656,49.779998779296875,48.83000183105469,49.43000030517578,30.65843963623047,31159100
2010-06-24,49.099998474121094,49.16999816894531,48.43000030517578,48.56999969482422,30.12503433227539,24218700
2010-06-25,48.540000915527344,48.9900016784668,48.16999816894531,48.849998474121094,30.29869270324707,31883900
2010-06-28,48.75,49.11000061035156,48.380001068115234,48.4900016784668,30.07540512084961,23915000
2010-06-29,47.599998474121094,47.599998474121094,46.66999816894531,46.83000183105469,29.045825958251953,39759300
2010-06-30,46.900001525878906,47.380001068115234,46.47999954223633,46.5099983215332,28.84733772277832,40112000
2010-07-01,47.099998474121094,47.2599983215332,46.45000076293945,47.189998626708984,29.269102096557617,43453600
2010-07-02,47.470001220703125,47.65999984741211,46.77000045776367,47.09000015258789,29.207090377807617,24580500
2010-07-06,48.43000030517578,48.790000915527344,47.709999084472656,48.029998779296875,29.790103912353516,26225800
2010-07-07,48.31999969482422,49.59000015258789,48.27000045776367,49.529998779296875,30.720460891723633,31096500
2010-07-08,49.70000076293945,50.02000045776367,49.33000183105469,50.0099983215332,31.018169403076172,30704400
2010-07-09,49.560001373291016,50.08000183105469,49.47999954223633,50.060001373291016,31.049196243286133,19807000
2010-07-12,49.650001525878906,49.9900016784668,49.5099983215332,49.869998931884766,30.93134117126465,19512900
2010-07-13,50.5099983215332,50.90999984741211,50.40999984741211,50.790000915527344,31.501976013183594,21027200
2010-07-14,50.56999969482422,51.02000045776367,50.43000030517578,50.970001220703125,31.613611221313477,17036100
2010-07-15,51.08000183105469,51.310001373291016,50.41999816894531,51.220001220703125,31.768659591674805,21741000
2010-07-16,50.61000061035156,50.619998931884766,49.5099983215332,49.58000183105469,30.751480102539062,29092500
2010-07-19,49.9900016784668,50.15999984741211,49.47999954223633,49.900001525878906,30.94995880126953,15344100
2010-07-20,49.13999938964844,50.310001373291016,49.119998931884766,50.2400016784668,31.160839080810547,17648600
2010-07-21,50.220001220703125,50.25,49.16999816894531,49.33000183105469,30.596410751342773,18248500
2010-07-22,50.52000045776367,51.16999816894531,50.52000045776367,50.9900016784668,31.62601661682129,25412400
2010-07-23,50.90999984741211,51.599998474121094,50.7400016784668,51.59000015258789,31.99815559387207,26349100
2010-07-26,51.310001373291016,51.970001220703125,51.189998626708984,51.95000076293945,32.22144317626953,29416900
2010-07-27,52.25,52.29999923706055,51.709999084472656,52.099998474121094,32.31447982788086,31043800
2010-07-28,51.959999084472656,52.119998931884766,51.66999816894531,51.83000183105469,32.14701843261719,18472800
2010-07-29,52.58000183105469,52.810001373291016,51.61000061035156,52.06999969482422,32.295867919921875,20313700
2010-07-30,51.459999084472656,52.25,51.400001525878906,51.90999984741211,32.19663619995117,25265700
2010-08-02,53.09000015258789,53.75,52.959999084472656,53.65999984741211,33.282047271728516,20257000
2010-08-03,53.41999816894531,53.7599983215332,53.15999984741211,53.58000183105469,33.23242950439453,18383000
2010-08-04,53.5099983215332,53.77000045776367,53.220001220703125,53.630001068115234,33.26344680786133,15891400
2010-08-05,53.43000030517578,53.59000015258789,53.150001525878906,53.59000015258789,33.2386360168457,13158500
2010-08-06,53.27000045776367,53.79999923706055,53.09000015258789,53.75,33.33787155151367,18078700
2010-08-09,53.88999938964844,53.95000076293945,53.68000030517578,53.810001373291016,33.375099182128906,13579600
2010-08-10,52.880001068115234,53.630001068115234,52.58000183105469,53.380001068115234,33.10839080810547,20251800
2010-08-11,51.70000076293945,51.709999084472656,50.869998931884766,50.95000076293945,31.60120964050293,40518300
2010-08-12,50.5099983215332,51.04999923706055,50.5,50.88999938964844,31.56398582458496,22039000
2010-08-13,50.869998931884766,51.16999816894531,50.689998626708984,50.709999084472656,31.452346801757812,18869200
2010-08-16,50.720001220703125,51.310001373291016,50.58000183105469,51.119998931884766,31.706655502319336,16634800
2010-08-17,51.689998626708984,51.97999954223633,51.400001525878906,51.689998626708984,32.06018829345703,13630600
2010-08-18,51.83000183105469,52.02000045776367,51.459999084472656,51.66999816894531,32.04778289794922,14140600
2010-08-19,51.70000076293945,51.84000015258789,50.599998474121094,50.84000015258789,31.532978057861328,20836400
2010-08-20,50.29999923706055,50.41999816894531,50.0,50.310001373291016,31.204256057739258,16366900
2010-08-23,50.560001373291016,50.88999938964844,50.20000076293945,50.209999084472656,31.14223861694336,13331200
2010-08-24,49.529998779296875,49.86000061035156,49.15999984741211,49.52000045776367,30.714258193969727,21659600
2010-08-25,49.08000183105469,49.66999816894531,48.81999969482422,49.56999969482422,30.745281219482422,18816000
2010-08-26,49.849998474121094,50.13999938964844,49.400001525878906,49.54999923706055,30.732881546020508,16038800
2010-08-27,50.130001068115234,50.58000183105469,49.47999954223633,50.52000045776367,31.334503173828125,16814200
2010-08-30,50.189998626708984,50.400001525878906,49.779998779296875,49.790000915527344,30.881731033325195,17372300
2010-08-31,49.7400016784668,50.27000045776367,49.540000915527344,49.939998626708984,30.974763870239258,24164600
2010-09-01,51.15999984741211,51.900001525878906,51.060001373291016,51.720001220703125,32.07878112792969,25500500
2010-09-02,51.70000076293945,52.0099983215332,51.540000915527344,52.0099983215332,32.2586555480957,14665200
2010-09-03,52.43000030517578,52.650001525878906,52.150001525878906,52.4900016784668,32.55638122558594,16061700
2010-09-07,52.099998474121094,52.13999938964844,51.72999954223633,51.7599983215332,32.103599548339844,17975300
2010-09-08,52.11000061035156,52.540000915527344,52.08000183105469,52.15999984741211,32.351688385009766,13422600
2010-09-09,53.0,53.0,52.400001525878906,52.650001525878906,32.65562438964844,14184700
2010-09-10,52.66999816894531,52.86000061035156,52.599998474121094,52.810001373291016,32.75484848022461,10187700
2010-09-13,53.540000915527344,53.810001373291016,53.459999084472656,53.77000045776367,33.350284576416016,23197400
2010-09-14,53.58000183105469,54.34000015258789,53.41999816894531,54.130001068115234,33.57356643676758,20933000
2010-09-15,53.779998779296875,54.209999084472656,53.540000915527344,54.150001525878906,33.585975646972656,19914900
2010-09-16,53.7599983215332,54.029998779296875,53.61000061035156,53.88999938964844,33.424705505371094,18005000
2010-09-17,53.880001068115234,53.97999954223633,53.33000183105469,53.630001068115234,33.26344680786133,18965300
2010-09-20,53.90999984741211,54.65999984741211,53.77000045776367,54.560001373291016,33.84027099609375,17245100
2010-09-21,54.56999969482422,54.97999954223633,54.04999923706055,54.54999923706055,33.834075927734375,24148000
2010-09-22,54.720001220703125,55.0099983215332,54.31999969482422,54.470001220703125,33.784446716308594,21603200
2010-09-23,53.86000061035156,54.40999984741211,53.7599983215332,53.880001068115234,33.41851043701172,20424200
2010-09-24,54.93000030517578,55.47999954223633,54.88999938964844,55.380001068115234,34.34886932373047,21041700
2010-09-27,55.36000061035156,55.40999984741211,55.04999923706055,55.099998474121094,34.17519760131836,13161000
2010-09-28,55.220001220703125,55.54999923706055,54.63999938964844,55.41999816894531,34.3736686706543,30726600
2010-09-29,55.43000030517578,55.619998931884766,55.150001525878906,55.33000183105469,34.31785583496094,18717500
2010-09-30,55.61000061035156,55.810001373291016,54.630001068115234,54.91999816894531,34.06354522705078,30372500
2010-10-01,55.47999954223633,55.59000015258789,55.02000045776367,55.470001220703125,34.40468978881836,15814900
2010-10-04,54.9900016784668,55.209999084472656,54.459999084472656,54.66999816894531,33.908485412597656,14760400
2010-10-05,55.650001525878906,56.380001068115234,55.540000915527344,56.220001220703125,34.86986541748047,25199800
2010-10-06,56.470001220703125,56.709999084472656,56.349998474121094,56.689998626708984,35.16138458251953,24251900
2010-10-07,57.11000061035156,57.119998931884766,56.20000076293945,56.5,35.04353713989258,22281600
2010-10-08,56.619998931884766,56.970001220703125,56.43000030517578,56.869998931884766,35.27301788330078,16558500
2010-10-11,56.970001220703125,57.029998779296875,56.599998474121094,56.79999923706055,35.2296028137207,9960700
2010-10-12,56.36000061035156,56.83000183105469,55.95000076293945,56.68000030517578,35.15518569946289,13383900
2010-10-13,57.209999084472656,57.619998931884766,57.08000183105469,57.31999969482422,35.552120208740234,15517400
2010-10-14,57.72999954223633,57.93000030517578,57.380001068115234,57.720001220703125,35.80022430419922,16135400
2010-10-15,57.88999938964844,57.93000030517578,57.119998931884766,57.529998779296875,35.682373046875,20830900
2010-10-18,57.41999816894531,57.90999984741211,57.25,57.65999984741211,35.76300811767578,12315200
2010-10-19,56.650001525878906,57.0099983215332,56.11000061035156,56.38999938964844,34.975311279296875,20471000
2010-10-20,56.72999954223633,57.66999816894531,56.689998626708984,57.45000076293945,35.63275909423828,15578900
2010-10-21,57.5,57.869998931884766,56.810001373291016,57.13999938964844,35.440486907958984,14836300
2010-10-22,57.40999984741211,57.5,57.119998931884766,57.290000915527344,35.53352355957031,12456000
2010-10-25,57.88999938964844,58.099998474121094,57.47999954223633,57.5099983215332,35.669986724853516,13979000
2010-10-26,56.88999938964844,57.20000076293945,56.75,57.13999938964844,35.440486907958984,14724600
2010-10-27,56.630001068115234,56.77000045776367,56.06999969482422,56.59000015258789,35.09934997558594,15964500
2010-10-28,57.18000030517578,57.20000076293945,56.720001220703125,57.029998779296875,35.37226486206055,15896800
2010-10-29,56.939998626708984,57.13999938964844,56.77000045776367,57.0099983215332,35.35984802246094,13268100
2010-11-01,57.099998474121094,57.29999923706055,56.5,56.79999923706055,35.2296028137207,14155000
2010-11-02,57.68000030517578,57.849998474121094,57.529998779296875,57.7400016784668,35.81263732910156,13020600
2010-11-03,57.81999969482422,58.13999938964844,57.16999816894531,58.13999938964844,36.06072235107422,24589500
2010-11-04,59.189998626708984,59.5099983215332,59.119998931884766,59.459999084472656,36.87944412231445,19768900
2010-11-05,59.150001525878906,59.43000030517578,58.900001525878906,59.20000076293945,36.718196868896484,14176200
2010-11-08,58.7400016784668,58.959999084472656,58.4900016784668,58.84000015258789,36.49489212036133,11752500
2010-11-09,59.20000076293945,59.349998474121094,58.04999923706055,58.25,36.12895584106445,17333500
2010-11-10,58.45000076293945,58.56999969482422,57.650001525878906,58.41999816894531,36.23439407348633,19340700
2010-11-11,57.84000015258789,58.0099983215332,57.59000015258789,57.91999816894531,35.92427444458008,21357400
2010-11-12,57.75,58.060001373291016,57.130001068115234,57.439998626708984,35.62656784057617,19040600
2010-11-15,57.83000183105469,57.93000030517578,57.38999938964844,57.400001525878906,35.60175704956055,15067500
2010-11-16,56.900001525878906,57.0,55.79999923706055,56.04999923706055,34.764427185058594,40455500
2010-11-17,56.349998474121094,56.66999816894531,56.220001220703125,56.36000061035156,34.95669174194336,22315000
2010-11-18,57.54999923706055,57.83000183105469,57.5,57.77000045776367,35.83123779296875,19343000
2010-11-19,57.310001373291016,57.79999923706055,57.029998779296875,57.77000045776367,35.83123779296875,14201100
2010-11-22,57.099998474121094,57.400001525878906,56.4900016784668,57.150001525878906,35.44668960571289,28197600
2010-11-23,55.869998931884766,56.06999969482422,55.290000915527344,55.43000030517578,34.3798828125,22439100
2010-11-24,55.959999084472656,56.33000183105469,55.939998626708984,56.310001373291016,34.925689697265625,18834800
2010-11-26,55.369998931884766,55.68000030517578,55.27000045776367,55.369998931884766,34.3426628112793,8691400
2010-11-29,54.77000045776367,55.0099983215332,54.22999954223633,54.880001068115234,34.038734436035156,25857100
2010-11-30,53.880001068115234,54.540000915527344,53.849998474121094,54.2599983215332,33.654197692871094,26227300
2010-12-01,55.33000183105469,55.84000015258789,55.220001220703125,55.79999923706055,34.60935974121094,21834400
2010-12-02,55.689998626708984,56.900001525878906,55.63999938964844,56.86000061035156,35.266822814941406,22405800
2010-12-03,56.900001525878906,57.459999084472656,56.849998474121094,57.40999984741211,35.60795593261719,17799200
2010-12-06,56.900001525878906,57.2599983215332,56.810001373291016,57.150001525878906,35.44668960571289,15412000
2010-12-07,57.90999984741211,57.97999954223633,57.119998931884766,57.18000030517578,35.46528625488281,24787900
2010-12-08,57.2400016784668,57.560001373291016,56.900001525878906,57.349998474121094,35.570735931396484,13426500
2010-12-09,57.52000045776367,57.58000183105469,57.09000015258789,57.5,35.66377258300781,14969800
2010-12-10,57.459999084472656,57.689998626708984,57.220001220703125,57.630001068115234,35.744407653808594,13417000
2010-12-13,58.09000015258789,58.560001373291016,57.9900016784668,58.25,36.12895584106445,15149500
2010-12-14,58.36000061035156,58.709999084472656,58.220001220703125,58.34000015258789,36.18477249145508,16046600
2010-12-15,57.95000076293945,58.189998626708984,57.41999816894531,57.56999969482422,35.70719528198242,19335800
2010-12-16,57.599998474121094,57.97999954223633,57.40999984741211,57.88999938964844,35.90566635131836,15424700
2010-12-17,57.560001373291016,57.61000061035156,57.2599983215332,57.56999969482422,35.70719528198242,16830000
2010-12-20,57.849998474121094,57.86000061035156,57.45000076293945,57.70000076293945,35.78782272338867,12685600
2010-12-21,57.650001525878906,57.720001220703125,57.52000045776367,57.63999938964844,36.08708953857422,18172500
2010-12-22,57.650001525878906,57.7599983215332,57.54999923706055,57.75,36.155948638916016,9188800
2010-12-23,57.56999969482422,57.7599983215332,57.54999923706055,57.720001220703125,36.13718032836914,10404000
2010-12-27,57.380001068115234,57.619998931884766,57.279998779296875,57.599998474121094,36.06203842163086,6348600
2010-12-28,57.90999984741211,57.91999816894531,57.52000045776367,57.650001525878906,36.09335708618164,9601200
2010-12-29,58.0099983215332,58.290000915527344,57.939998626708984,58.150001525878906,36.40638732910156,9244900
2010-12-30,58.029998779296875,58.08000183105469,57.650001525878906,57.869998931884766,36.2310791015625,10546300
2010-12-31,57.869998931884766,58.619998931884766,57.849998474121094,58.220001220703125,36.45021057128906,28390800
2011-01-03,58.61000061035156,58.869998931884766,58.560001373291016,58.70000076293945,36.750728607177734,16245400
2011-01-04,58.95000076293945,58.97999954223633,58.22999954223633,58.52000045776367,36.63803482055664,14583100
2011-01-05,57.65999984741211,58.27000045776367,57.650001525878906,58.27000045776367,36.48151397705078,13008800
2011-01-06,58.310001373291016,58.349998474121094,57.470001220703125,57.599998474121094,36.06203842163086,23622100
2011-01-07,57.689998626708984,57.83000183105469,57.06999969482422,57.369998931884766,35.91804504394531,16347400
2011-01-10,56.970001220703125,57.34000015258789,56.720001220703125,57.27000045776367,35.855430603027344,12666500
2011-01-11,57.619998931884766,57.7599983215332,57.36000061035156,57.65999984741211,36.09961700439453,15014100
2011-01-12,58.349998474121094,58.93000030517578,58.25,58.93000030517578,36.894718170166016,20472100
2011-01-13,59.34000015258789,59.5099983215332,59.0,59.09000015258789,36.99489974975586,16441100
2011-01-14,58.91999816894531,59.5099983215332,58.880001068115234,59.45000076293945,37.22029113769531,21884200
2011-01-18,59.709999084472656,59.95000076293945,59.630001068115234,59.84000015258789,37.46446228027344,11977100
2011-01-19,60.029998779296875,60.06999969482422,59.2599983215332,59.43000030517578,37.20775604248047,19678600
2011-01-20,58.900001525878906,59.150001525878906,58.439998626708984,58.91999816894531,36.88846206665039,17207900
2011-01-21,59.41999816894531,59.540000915527344,59.08000183105469,59.2400016784668,37.08881378173828,13671500
2011-01-24,59.13999938964844,59.869998931884766,59.13999938964844,59.869998931884766,37.483238220214844,13494000
2011-01-25,59.38999938964844,59.7599983215332,59.20000076293945,59.75,37.40810775756836,13323300
2011-01-26,60.029998779296875,60.2400016784668,59.849998474121094,60.130001068115234,37.646026611328125,20444700
2011-01-27,60.189998626708984,60.40999984741211,59.939998626708984,60.27000045776367,37.73366928100586,11889000
2011-01-28,59.90999984741211,60.08000183105469,58.810001373291016,58.93000030517578,36.894718170166016,18244200
2011-01-31,59.40999984741211,59.689998626708984,59.27000045776367,59.439998626708984,37.21402359008789,20763600
2011-02-01,60.20000076293945,60.970001220703125,60.119998931884766,60.849998474121094,38.096797943115234,25762500
2011-02-02,60.720001220703125,60.970001220703125,60.619998931884766,60.79999923706055,38.06549072265625,17063200
2011-02-03,60.5099983215332,60.84000015258789,60.06999969482422,60.810001373291016,38.071754455566406,11593300
2011-02-04,60.61000061035156,60.810001373291016,60.22999954223633,60.790000915527344,38.05923080444336,12648400
2011-02-07,60.65999984741211,61.060001373291016,60.630001068115234,60.97999954223633,38.178184509277344,13215000
2011-02-08,61.040000915527344,61.400001525878906,60.83000183105469,61.380001068115234,38.42861557006836,14437700
2011-02-09,61.029998779296875,61.31999969482422,60.869998931884766,61.20000076293945,38.31592559814453,17360700
2011-02-10,60.36000061035156,60.81999969482422,60.18000030517578,60.79999923706055,38.06549072265625,13190600
2011-02-11,60.2599983215332,60.93000030517578,60.25,60.83000183105469,38.08427429199219,12115100
2011-02-14,60.70000076293945,61.029998779296875,60.63999938964844,60.95000076293945,38.15940856933594,9851200
2011-02-15,60.88999938964844,60.95000076293945,60.630001068115234,60.77000045776367,38.04670333862305,14695100
2011-02-16,61.0,61.560001373291016,60.939998626708984,61.5,38.50373458862305,14665300
2011-02-17,61.36000061035156,61.86000061035156,61.33000183105469,61.709999084472656,38.635223388671875,15745900
2011-02-18,61.70000076293945,61.97999954223633,61.56999969482422,61.91999816894531,38.766693115234375,10151400
2011-02-22,60.630001068115234,61.09000015258789,60.09000015258789,60.150001525878906,37.65852737426758,24077500
2011-02-23,60.41999816894531,60.630001068115234,59.869998931884766,60.22999954223633,37.70862579345703,18757300
2011-02-24,60.349998474121094,60.52000045776367,59.79999923706055,60.279998779296875,37.73992919921875,17689600
2011-02-25,60.689998626708984,61.040000915527344,60.650001525878906,61.0,38.190704345703125,15585300
2011-02-28,61.619998931884766,61.79999923706055,61.2599983215332,61.54999923706055,38.53504943847656,19750700
2011-03-01,61.7599983215332,61.79999923706055,60.650001525878906,60.689998626708984,37.99662399291992,20476500
2011-03-02,60.810001373291016,61.29999923706055,60.7400016784668,61.0099983215332,38.19696044921875,17851200
2011-03-03,61.529998779296875,61.810001373291016,61.27000045776367,61.790000915527344,38.685302734375,16087800
2011-03-04,61.56999969482422,61.689998626708984,60.81999969482422,61.22999954223633,38.33470916748047,18174100
2011-03-07,61.4900016784668,61.630001068115234,60.47999954223633,60.63999938964844,37.96532440185547,16467500
2011-03-08,60.540000915527344,61.029998779296875,60.209999084472656,60.83000183105469,38.08427429199219,13435000
2011-03-09,60.84000015258789,60.9900016784668,60.58000183105469,60.849998474121094,38.096797943115234,13058500
2011-03-10,59.7400016784668,59.75,59.25,59.34000015258789,37.15142059326172,24970100
2011-03-11,58.84000015258789,59.4900016784668,58.84000015258789,59.34000015258789,37.15142059326172,17713200
2011-03-14,57.869998931884766,58.33000183105469,57.63999938964844,58.279998779296875,36.48777389526367,31231300
2011-03-15,55.20000076293945,57.380001068115234,55.04999923706055,57.060001373291016,35.723960876464844,43537200
2011-03-16,56.66999816894531,56.86000061035156,54.099998474121094,55.290000915527344,34.61581039428711,40797800
2011-03-17,57.220001220703125,57.45000076293945,56.77000045776367,57.130001068115234,35.76778793334961,30662400
2011-03-18,57.9900016784668,58.099998474121094,57.650001525878906,57.91999816894531,36.26239013671875,44500400
2011-03-21,58.970001220703125,59.439998626708984,58.83000183105469,59.349998474121094,37.157684326171875,24131500
2011-03-22,59.310001373291016,59.36000061035156,58.88999938964844,59.18000030517578,37.051239013671875,16722000
2011-03-23,58.81999969482422,59.40999984741211,58.59000015258789,59.25,37.09507369995117,17400800
2011-03-24,59.5099983215332,60.040000915527344,59.34000015258789,60.040000915527344,37.58967208862305,14473700
2011-03-25,59.58000183105469,59.86000061035156,59.36000061035156,59.380001068115234,37.17646789550781,12687500
2011-03-28,59.54999923706055,59.7400016784668,59.310001373291016,59.349998474121094,37.157684326171875,11879900
2011-03-29,59.20000076293945,59.66999816894531,58.97999954223633,59.65999984741211,37.35176086425781,14375800
2011-03-30,60.09000015258789,60.439998626708984,59.959999084472656,60.369998931884766,37.79628372192383,13689000
2011-03-31,60.0,60.290000915527344,59.84000015258789,60.08000183105469,37.614715576171875,21688400
2011-04-01,60.189998626708984,60.72999954223633,59.91999816894531,60.650001525878906,37.97158432006836,15132800
2011-04-04,60.81999969482422,60.86000061035156,60.4900016784668,60.72999954223633,38.02165985107422,19410800
2011-04-05,60.209999084472656,60.77000045776367,60.15999984741211,60.58000183105469,37.92775344848633,14536800
2011-04-06,60.83000183105469,61.15999984741211,60.79999923706055,61.08000183105469,38.24079132080078,14204000
2011-04-07,60.93000030517578,61.130001068115234,60.43000030517578,60.779998779296875,38.05296325683594,16050000
2011-04-08,61.5,61.59000015258789,61.11000061035156,61.279998779296875,38.366004943847656,12447100
2011-04-11,61.439998626708984,61.61000061035156,61.029998779296875,61.15999984741211,38.29087448120117,10165800
2011-04-12,60.880001068115234,60.95000076293945,60.40999984741211,60.59000015258789,37.93402099609375,14527800
2011-04-13,61.25,61.290000915527344,60.61000061035156,60.77000045776367,38.04670333862305,14659800
2011-04-14,60.58000183105469,61.13999938964844,60.40999984741211,61.040000915527344,38.21574783325195,15109800
2011-04-15,60.84000015258789,61.060001373291016,60.599998474121094,60.95000076293945,38.15940856933594,14660500
2011-04-18,59.61000061035156,59.81999969482422,59.029998779296875,59.70000076293945,37.37680435180664,20667200
2011-04-19,60.02000045776367,60.22999954223633,59.83000183105469,60.13999938964844,37.65228271484375,11675700
2011-04-20,61.540000915527344,61.72999954223633,61.43000030517578,61.66999816894531,38.61017990112305,16665900
2011-04-21,62.119998931884766,62.16999816894531,61.86000061035156,62.06999969482422,38.8606071472168,12811800
2011-04-25,62.13999938964844,62.189998626708984,61.83000183105469,62.06999969482422,38.8606071472168,11593100
2011-04-26,62.22999954223633,62.65999984741211,62.11000061035156,62.54999923706055,39.1611328125,11400000
2011-04-27,62.7599983215332,63.38999938964844,62.349998474121094,63.33000183105469,39.64946746826172,16032300
2011-04-28,63.290000915527344,63.790000915527344,63.279998779296875,63.7599983215332,39.91868209838867,19808900
2011-04-29,63.790000915527344,64.06999969482422,63.459999084472656,63.459999084472656,39.730857849121094,17700000
2011-05-02,64.12999725341797,64.3499984741211,63.779998779296875,63.869998931884766,39.98754119873047,18704300
2011-05-03,63.650001525878906,63.83000183105469,63.060001373291016,63.349998474121094,39.6619873046875,14222300
2011-05-04,63.43000030517578,63.439998626708984,62.59000015258789,62.810001373291016,39.32390213012695,18561500
2011-05-05,62.11000061035156,62.279998779296875,61.31999969482422,61.56999969482422,38.54758071899414,25543500
2011-05-06,62.43000030517578,62.650001525878906,61.2599983215332,61.599998474121094,38.56634521484375,24517800
2011-05-09,61.619998931884766,62.09000015258789,61.36000061035156,62.040000915527344,38.841827392578125,17228200
2011-05-10,62.25,62.65999984741211,62.119998931884766,62.630001068115234,39.21120834350586,15708200
2011-05-11,62.29999923706055,62.369998931884766,61.130001068115234,61.369998931884766,38.4223518371582,33177300
2011-05-12,61.18000030517578,61.86000061035156,60.79999923706055,61.56999969482422,38.54758071899414,22162200
2011-05-13,61.45000076293945,61.4900016784668,60.279998779296875,60.61000061035156,37.946529388427734,20874000
2011-05-16,60.45000076293945,61.15999984741211,60.310001373291016,60.5,37.87766647338867,19340700
2011-05-17,60.18000030517578,60.65999984741211,59.900001525878906,60.630001068115234,37.95906066894531,18296900
2011-05-18,60.560001373291016,61.18000030517578,60.41999816894531,61.0,38.190704345703125,12848200
2011-05-19,61.18000030517578,61.41999816894531,60.810001373291016,61.349998474121094,38.409828186035156,10888100
2011-05-20,60.93000030517578,61.0,60.25,60.47999954223633,37.86515426635742,18552000
2011-05-23,59.08000183105469,59.33000183105469,58.81999969482422,59.08000183105469,36.988643646240234,20519400
2011-05-24,59.56999969482422,59.77000045776367,59.2400016784668,59.41999816894531,37.20149612426758,17309500
2011-05-25,59.2400016784668,59.959999084472656,59.20000076293945,59.79999923706055,37.43941116333008,15848600
2011-05-26,60.060001373291016,60.5099983215332,59.709999084472656,60.36000061035156,37.790008544921875,18511100
2011-05-27,60.68000030517578,60.9900016784668,60.59000015258789,60.79999923706055,38.06549072265625,17160100
2011-05-31,61.810001373291016,62.060001373291016,61.45000076293945,62.060001373291016,38.854339599609375,33441600
2011-06-01,61.720001220703125,61.790000915527344,60.52000045776367,60.59000015258789,37.93402099609375,25264400
2011-06-02,60.880001068115234,61.02000045776367,60.2400016784668,60.900001525878906,38.12809753417969,19489600
2011-06-03,60.279998779296875,61.279998779296875,60.2599983215332,60.93000030517578,38.14688491821289,21376300
2011-06-06,60.779998779296875,60.83000183105469,60.099998474121094,60.13999938964844,37.65228271484375,16339800
2011-06-07,60.900001525878906,61.13999938964844,60.65999984741211,60.689998626708984,37.99662399291992,23850300
2011-06-08,60.2400016784668,60.439998626708984,59.81999969482422,59.90999984741211,37.50828552246094,18499300
2011-06-09,60.11000061035156,60.68000030517578,59.970001220703125,60.529998779296875,37.89645004272461,14991000
2011-06-10,60.0,60.02000045776367,58.95000076293945,59.130001068115234,37.01994323730469,23965600
2011-06-13,59.349998474121094,59.58000183105469,58.88999938964844,59.220001220703125,37.0762825012207,26144800
2011-06-14,60.06999969482422,60.439998626708984,60.02000045776367,60.27000045776367,37.73366928100586,16389900
2011-06-15,59.08000183105469,59.310001373291016,58.150001525878906,58.290000915527344,36.49403762817383,26678400
2011-06-16,58.02000045776367,58.40999984741211,57.59000015258789,58.09000015258789,36.36882019042969,21331500
2011-06-17,58.880001068115234,58.959999084472656,58.5099983215332,58.65999984741211,36.72568893432617,22489900
2011-06-20,58.2400016784668,58.75,58.2400016784668,58.59000015258789,36.68186569213867,16304000
2011-06-21,59.15999984741211,59.88999938964844,59.09000015258789,59.86000061035156,37.47697448730469,17407400
2011-06-22,58.41999816894531,58.77000045776367,58.119998931884766,58.150001525878906,37.11381912231445,20975200
2011-06-23,57.060001373291016,57.68000030517578,56.70000076293945,57.650001525878906,36.794708251953125,22617400
2011-06-24,57.68000030517578,57.70000076293945,57.0099983215332,57.099998474121094,36.443668365478516,18681900
2011-06-27,57.060001373291016,57.720001220703125,56.939998626708984,57.56999969482422,36.74364471435547,16916400
2011-06-28,57.81999969482422,58.310001373291016,57.75,58.2599983215332,37.18402862548828,20936100
2011-06-29,58.900001525878906,59.33000183105469,58.560001373291016,59.279998779296875,37.83502960205078,28707600
2011-06-30,59.56999969482422,60.33000183105469,59.47999954223633,60.13999938964844,38.38392639160156,30800700
2011-07-01,60.04999923706055,60.86000061035156,59.880001068115234,60.79999923706055,38.80516052246094,17093200
2011-07-05,60.540000915527344,60.720001220703125,60.279998779296875,60.439998626708984,38.57538604736328,17598300
2011-07-06,59.93000030517578,60.150001525878906,59.63999938964844,60.060001373291016,38.33285903930664,12980200
2011-07-07,60.40999984741211,60.709999084472656,60.31999969482422,60.58000183105469,38.66475296020508,15687200
2011-07-08,59.91999816894531,60.150001525878906,59.5,59.83000183105469,38.18606948852539,17211100
2011-07-11,58.5099983215332,58.65999984741211,57.90999984741211,58.02000045776367,37.03085708618164,25138000
2011-07-12,57.66999816894531,58.290000915527344,57.560001373291016,57.630001068115234,36.781925201416016,17446900
2011-07-13,58.279998779296875,59.08000183105469,58.150001525878906,58.4900016784668,37.330810546875,22333600
2011-07-14,58.79999923706055,58.91999816894531,57.849998474121094,57.97999954223633,37.00531005859375,24454000
2011-07-15,58.27000045776367,58.4900016784668,57.88999938964844,58.18000030517578,37.132965087890625,20163000
2011-07-18,57.439998626708984,57.61000061035156,56.849998474121094,57.31999969482422,36.584075927734375,23639200
2011-07-19,57.810001373291016,58.31999969482422,57.810001373291016,58.18000030517578,37.132965087890625,20782400
2011-07-20,58.70000076293945,58.95000076293945,58.38999938964844,58.869998931884766,37.57334899902344,15577400
2011-07-21,59.470001220703125,60.220001220703125,59.369998931884766,60.119998931884766,38.371158599853516,26791900
2011-07-22,60.15999984741211,60.25,59.72999954223633,60.18000030517578,38.409454345703125,11854600
2011-07-25,59.79999923706055,60.06999969482422,59.66999816894531,59.79999923706055,38.16692352294922,15580200
2011-07-26,60.119998931884766,60.369998931884766,59.849998474121094,60.15999984741211,38.396690368652344,14454200
2011-07-27,59.77000045776367,59.790000915527344,58.59000015258789,58.70000076293945,37.464847564697266,29604200
2011-07-28,58.61000061035156,59.15999984741211,58.5,58.560001373291016,37.37550354003906,17540500
2011-07-29,58.459999084472656,59.2400016784668,58.220001220703125,58.709999084472656,37.47123336791992,28563800
2011-08-01,59.369998931884766,59.400001525878906,57.5,57.970001220703125,36.99892807006836,26159000
2011-08-02,57.310001373291016,57.810001373291016,56.43000030517578,56.439998626708984,36.02242660522461,25546200
2011-08-03,56.79999923706055,56.88999938964844,55.790000915527344,56.77000045776367,36.2330436706543,36176300
2011-08-04,54.88999938964844,55.0099983215332,52.7400016784668,52.810001373291016,33.70560073852539,39911200
2011-08-05,54.0099983215332,54.209999084472656,51.779998779296875,53.7400016784668,34.299171447753906,61793400
2011-08-08,51.720001220703125,52.40999984741211,49.630001068115234,49.72999954223633,31.73981475830078,53894700
2011-08-09,51.68000030517578,53.08000183105469,50.189998626708984,53.08000183105469,33.87792205810547,55660900
2011-08-10,51.630001068115234,51.68000030517578,49.84000015258789,49.90999984741211,31.854698181152344,43347500
2011-08-11,50.15999984741211,52.68000030517578,50.08000183105469,52.29999923706055,33.38009262084961,35724500
2011-08-12,52.849998474121094,53.310001373291016,52.20000076293945,52.900001525878906,33.763057708740234,26243500
2011-08-15,53.540000915527344,54.13999938964844,53.529998779296875,54.130001068115234,34.54807662963867,20913700
2011-08-16,53.189998626708984,53.959999084472656,52.790000915527344,53.34000015258789,34.04387283325195,23238300
2011-08-17,53.849998474121094,54.29999923706055,53.33000183105469,53.650001525878906,34.24173355102539,20680200
2011-08-18,51.70000076293945,51.81999969482422,50.59000015258789,51.040000915527344,32.57590866088867,32657800
2011-08-19,50.439998626708984,51.689998626708984,50.099998474121094,50.16999816894531,32.02064514160156,29395100
2011-08-22,51.720001220703125,51.7599983215332,50.45000076293945,50.4900016784668,32.22488021850586,23408300
2011-08-23,51.09000015258789,52.18000030517578,50.7599983215332,52.130001068115234,33.27159881591797,24830200
2011-08-24,51.709999084472656,52.45000076293945,51.41999816894531,52.150001525878906,33.284358978271484,18042600
2011-08-25,52.02000045776367,52.22999954223633,50.72999954223633,50.88999938964844,32.48018264770508,18597700
2011-08-26,50.720001220703125,51.86000061035156,50.15999984741211,51.689998626708984,32.990779876708984,26600900
2011-08-29,52.439998626708984,52.95000076293945,52.41999816894531,52.91999816894531,33.775814056396484,18267000
2011-08-30,52.33000183105469,52.849998474121094,51.93000030517578,52.61000061035156,33.57794952392578,16811400
2011-08-31,53.45000076293945,53.900001525878906,53.220001220703125,53.56999969482422,34.190650939941406,29114100
2011-09-01,53.310001373291016,53.79999923706055,52.90999984741211,52.90999984741211,33.76942825317383,21110800
2011-09-02,51.95000076293945,52.27000045776367,51.619998931884766,51.72999954223633,33.016300201416016,23310400
2011-09-06,49.29999923706055,50.060001373291016,49.150001525878906,50.029998779296875,31.931293487548828,27238100
2011-09-07,50.72999954223633,51.529998779296875,50.56999969482422,51.52000045776367,32.882266998291016,18331400
2011-09-08,50.790000915527344,51.38999938964844,50.369998931884766,50.5,32.23126220703125,17412400
2011-09-09,49.529998779296875,49.72999954223633,48.540000915527344,48.75,31.114341735839844,23270800
2011-09-12,47.7599983215332,48.560001373291016,47.40999984741211,48.540000915527344,30.98030662536621,31133200
2011-09-13,48.540000915527344,49.22999954223633,48.369998931884766,49.060001373291016,31.312192916870117,27622400
2011-09-14,49.22999954223633,50.18000030517578,48.40999984741211,49.79999923706055,31.784494400024414,26017000
2011-09-15,50.56999969482422,50.91999816894531,50.209999084472656,50.880001068115234,32.47379684448242,36415500
2011-09-16,50.970001220703125,51.130001068115234,50.36000061035156,50.900001525878906,32.486568450927734,19035400
2011-09-19,49.209999084472656,49.83000183105469,48.900001525878906,49.5,31.5930118560791,22184900
2011-09-20,49.709999084472656,50.2400016784668,49.310001373291016,49.70000076293945,31.720661163330078,27969100
2011-09-21,49.650001525878906,49.84000015258789,48.20000076293945,48.220001220703125,30.77606964111328,74730700
2011-09-22,46.709999084472656,47.0,46.08000183105469,46.65999984741211,29.780412673950195,49431400
2011-09-23,46.29999923706055,47.279998779296875,46.22999954223633,47.189998626708984,30.11867904663086,39581500
2011-09-26,47.5,48.20000076293945,46.79999923706055,48.15999984741211,30.737777709960938,24237700
2011-09-27,49.529998779296875,50.15999984741211,49.060001373291016,49.349998474121094,31.497283935546875,35316000
2011-09-28,49.630001068115234,49.900001525878906,48.45000076293945,48.5099983215332,30.961158752441406,32537000
2011-09-29,49.810001373291016,49.9900016784668,48.75,49.459999084472656,31.567495346069336,29540100
2011-09-30,48.25,48.65999984741211,47.75,47.779998779296875,30.4952392578125,29785700
2011-10-03,47.310001373291016,47.97999954223633,46.5,46.52000045776367,29.69105339050293,31113700
2011-10-04,46.02000045776367,47.310001373291016,45.45000076293945,47.29999923706055,30.188880920410156,37700000
2011-10-05,47.2400016784668,48.08000183105469,46.880001068115234,48.029998779296875,30.654802322387695,33843200
2011-10-06,48.0,49.349998474121094,47.86000061035156,49.31999969482422,31.47813606262207,30835600
2011-10-07,49.56999969482422,49.83000183105469,48.86000061035156,48.97999954223633,31.261133193969727,32306700
2011-10-10,50.150001525878906,50.88999938964844,50.150001525878906,50.849998474121094,32.45465087890625,22300800
2011-10-11,50.16999816894531,50.81999969482422,50.09000015258789,50.7599983215332,32.39720153808594,22967800
2011-10-12,51.45000076293945,52.0,51.369998931884766,51.5,32.869503021240234,40438500
2011-10-13,51.18000030517578,51.56999969482422,50.7400016784668,51.52000045776367,32.882266998291016,16967200
2011-10-14,52.0099983215332,52.209999084472656,51.630001068115234,52.119998931884766,33.26521301269531,16226500
2011-10-17,51.720001220703125,51.7400016784668,50.790000915527344,50.91999816894531,32.49930953979492,15645500
2011-10-18,50.81999969482422,52.02000045776367,50.22999954223633,51.650001525878906,32.96523666381836,27807500
2011-10-19,51.36000061035156,51.540000915527344,50.63999938964844,50.720001220703125,32.37166976928711,18229900
2011-10-20,50.869998931884766,50.939998626708984,50.060001373291016,50.849998474121094,32.45465087890625,23120200
2011-10-21,51.65999984741211,52.11000061035156,51.58000183105469,52.08000183105469,33.239688873291016,21149500
2011-10-24,52.060001373291016,52.95000076293945,52.04999923706055,52.86000061035156,33.737518310546875,16040000
2011-10-25,52.5099983215332,52.58000183105469,51.7599983215332,51.95000076293945,33.156707763671875,25668900
2011-10-26,52.84000015258789,52.95000076293945,51.61000061035156,52.65999984741211,33.60986328125,19159800
2011-10-27,55.060001373291016,55.869998931884766,54.58000183105469,55.56999969482422,35.46714782714844,27559600
2011-10-28,54.869998931884766,55.2599983215332,54.72999954223633,55.25,35.262908935546875,41372400
2011-10-31,53.63999938964844,53.68000030517578,52.369998931884766,52.380001068115234,33.43115234375,29378700
2011-11-01,50.27000045776367,51.310001373291016,50.150001525878906,50.7400016784668,32.38444519042969,34733100
2011-11-02,51.15999984741211,51.560001373291016,50.86000061035156,51.16999816894531,32.65888977050781,24423500
2011-11-03,51.9900016784668,52.650001525878906,51.220001220703125,52.459999084472656,33.482215881347656,23891000
2011-11-04,51.849998474121094,52.040000915527344,51.209999084472656,51.79999923706055,33.060977935791016,23089500
2011-11-07,51.7400016784668,52.11000061035156,51.349998474121094,52.02000045776367,33.20138168334961,21383700
2011-11-08,52.29999923706055,52.79999923706055,51.81999969482422,52.650001525878906,33.603485107421875,22483600
2011-11-09,50.689998626708984,50.84000015258789,49.83000183105469,49.95000076293945,31.880226135253906,28669400
2011-11-10,50.95000076293945,50.9900016784668,50.040000915527344,50.540000915527344,32.25679397583008,25065000
2011-11-11,51.33000183105469,51.959999084472656,51.29999923706055,51.79999923706055,33.060977935791016,19095800
2011-11-14,51.189998626708984,51.33000183105469,50.63999938964844,50.880001068115234,32.47379684448242,16886200
2011-11-15,50.720001220703125,51.060001373291016,50.34000015258789,50.7400016784668,32.38444519042969,23477400
2011-11-16,50.20000076293945,50.66999816894531,49.75,49.77000045776367,31.76534652709961,26147100
2011-11-17,50.0099983215332,50.220001220703125,49.029998779296875,49.22999954223633,31.420692443847656,28385300
2011-11-18,49.810001373291016,49.84000015258789,49.29999923706055,49.400001525878906,31.529191970825195,16813600
2011-11-21,48.38999938964844,48.45000076293945,47.790000915527344,48.150001525878906,30.731388092041016,25465000
2011-11-22,48.099998474121094,48.310001373291016,47.720001220703125,48.0099983215332,30.642040252685547,29937500
2011-11-23,47.40999984741211,47.470001220703125,46.63999938964844,46.689998626708984,29.799556732177734,27206700
2011-11-25,46.599998474121094,47.11000061035156,46.45000076293945,46.45000076293945,29.64638328552246,10871200
2011-11-28,48.470001220703125,48.619998931884766,48.119998931884766,48.43000030517578,30.910091400146484,21753000
2011-11-29,48.65999984741211,49.0,48.470001220703125,48.75,31.114341735839844,23035900
2011-11-30,50.689998626708984,51.29999923706055,50.58000183105469,51.2400016784668,32.70355987548828,43525100
2011-12-01,50.97999954223633,51.36000061035156,50.630001068115234,50.79999923706055,32.4227294921875,19770900
2011-12-02,51.459999084472656,51.47999954223633,50.77000045776367,50.790000915527344,32.41635513305664,17848000
2011-12-05,51.7599983215332,51.810001373291016,51.060001373291016,51.369998931884766,32.786521911621094,18107200
2011-12-06,51.08000183105469,51.470001220703125,50.95000076293945,51.130001068115234,32.63335037231445,21382100
2011-12-07,50.790000915527344,51.70000076293945,50.56999969482422,51.4900016784668,32.86311340332031,29174100
2011-12-08,50.779998779296875,50.86000061035156,49.7400016784668,49.79999923706055,31.784494400024414,26351100
2011-12-09,50.2599983215332,51.06999969482422,50.2400016784668,51.040000915527344,32.57590866088867,20706100
2011-12-12,49.95000076293945,49.959999084472656,49.2599983215332,49.54999923706055,31.62492561340332,23868300
2011-12-13,49.779998779296875,50.13999938964844,48.650001525878906,48.880001068115234,31.197307586669922,33861500
2011-12-14,48.599998474121094,48.779998779296875,48.13999938964844,48.29999923706055,30.827131271362305,28164100
2011-12-15,48.880001068115234,48.95000076293945,48.369998931884766,48.540000915527344,30.98030662536621,25474900
2011-12-16,48.70000076293945,48.849998474121094,48.119998931884766,48.34000015258789,30.8526554107666,28537100
2011-12-19,48.58000183105469,48.66999816894531,47.83000183105469,47.88999938964844,30.565441131591797,21443400
2011-12-20,48.41999816894531,49.040000915527344,48.400001525878906,48.9900016784668,31.643491744995117,34746000
2011-12-21,48.66999816894531,48.790000915527344,48.290000915527344,48.72999954223633,31.47554588317871,27654000
2011-12-22,48.7400016784668,49.189998626708984,48.689998626708984,49.16999816894531,31.75974464416504,25753700
2011-12-23,49.25,49.5099983215332,49.13999938964844,49.5099983215332,31.9793643951416,14901700
2011-12-27,49.34000015258789,49.400001525878906,49.20000076293945,49.290000915527344,31.837249755859375,14440000
2011-12-28,49.150001525878906,49.16999816894531,48.38999938964844,48.400001525878906,31.26239013671875,20384600
2011-12-29,48.54999923706055,49.349998474121094,48.5,49.290000915527344,31.837249755859375,25565500
2011-12-30,49.27000045776367,49.599998474121094,49.22999954223633,49.529998779296875,31.99226951599121,32979100
2012-01-03,50.540000915527344,51.02000045776367,50.5099983215332,50.880001068115234,32.86426544189453,33352000
2012-01-04,50.56999969482422,50.66999816894531,50.20000076293945,50.58000183105469,32.67049789428711,14692800
2012-01-05,49.75,49.900001525878906,49.459999084472656,49.83000183105469,32.18605422973633,16354900
2012-01-06,49.650001525878906,49.68000030517578,49.06999969482422,49.150001525878906,31.7468318939209,28504800
2012-01-09,49.45000076293945,49.45000076293945,48.9900016784668,49.34000015258789,31.869556427001953,12756100
2012-01-10,50.18000030517578,50.220001220703125,49.970001220703125,50.09000015258789,32.35398864746094,13409900
2012-01-11,49.689998626708984,49.970001220703125,49.4900016784668,49.93000030517578,32.250648498535156,13372300
2012-01-12,50.13999938964844,50.25,49.77000045776367,50.13999938964844,32.38629150390625,13774400
2012-01-13,49.56999969482422,49.63999938964844,49.04999923706055,49.599998474121094,32.03749084472656,17154100
2012-01-17,50.25,50.5,50.130001068115234,50.189998626708984,32.418582916259766,19915900
2012-01-18,50.4900016784668,51.06999969482422,50.43000030517578,51.029998779296875,32.961143493652344,15999300
2012-01-19,51.38999938964844,52.189998626708984,51.18000030517578,51.65999984741211,33.36808395385742,17256900
2012-01-20,51.59000015258789,51.93000030517578,51.540000915527344,51.93000030517578,33.54248046875,23922600
2012-01-23,52.02000045776367,52.349998474121094,51.939998626708984,52.130001068115234,33.671661376953125,18529000
2012-01-24,51.58000183105469,51.93000030517578,51.400001525878906,51.84000015258789,33.484344482421875,18320600
2012-01-25,51.599998474121094,52.5099983215332,51.380001068115234,52.380001068115234,33.83313751220703,24497400
2012-01-26,52.880001068115234,52.97999954223633,52.290000915527344,52.400001525878906,33.846065521240234,20276800
2012-01-27,52.2400016784668,52.619998931884766,52.2400016784668,52.4900016784668,33.90420150756836,22868700
2012-01-30,51.650001525878906,51.97999954223633,51.560001373291016,51.869998931884766,33.50372314453125,21139400
2012-01-31,52.41999816894531,52.41999816894531,51.83000183105469,52.13999938964844,33.67812728881836,26358300
2012-02-01,52.84000015258789,53.2400016784668,52.790000915527344,52.959999084472656,34.20777130126953,28274600
2012-02-02,53.08000183105469,53.290000915527344,52.91999816894531,53.06999969482422,34.27882766723633,19337400
2012-02-03,53.41999816894531,53.93000030517578,53.349998474121094,53.900001525878906,34.814937591552734,15187000
2012-02-06,53.369998931884766,53.70000076293945,53.31999969482422,53.63999938964844,34.647003173828125,15349200
2012-02-07,53.68000030517578,54.0099983215332,53.41999816894531,53.970001220703125,34.86014938354492,26462700
2012-02-08,54.099998474121094,54.290000915527344,53.83000183105469,54.15999984741211,34.982872009277344,13873200
2012-02-09,54.369998931884766,54.43000030517578,54.02000045776367,54.29999923706055,35.07329559326172,16265900
2012-02-10,53.29999923706055,53.43000030517578,53.11000061035156,53.27000045776367,34.40800857543945,19405700
2012-02-13,53.93000030517578,54.0,53.66999816894531,53.880001068115234,34.8020133972168,16406900
2012-02-14,53.630001068115234,53.72999954223633,53.11000061035156,53.47999954223633,34.54365921020508,17037300
2012-02-15,53.93000030517578,53.95000076293945,53.459999084472656,53.540000915527344,34.5824089050293,25177100
2012-02-16,53.400001525878906,54.310001373291016,53.349998474121094,54.279998779296875,35.06038284301758,17583900
2012-02-17,54.59000015258789,54.599998474121094,54.220001220703125,54.52000045776367,35.21540451049805,14472400
2012-02-21,54.709999084472656,54.90999984741211,54.45000076293945,54.529998779296875,35.22186279296875,17594800
2012-02-22,54.43000030517578,54.59000015258789,54.25,54.369998931884766,35.11851501464844,15857800
2012-02-23,54.43000030517578,54.86000061035156,54.189998626708984,54.81999969482422,35.409175872802734,12721100
2012-02-24,55.04999923706055,55.310001373291016,55.040000915527344,55.150001525878906,35.622337341308594,25346500
2012-02-27,54.40999984741211,55.0099983215332,54.290000915527344,54.869998931884766,35.44147491455078,20054200
2012-02-28,55.029998779296875,55.400001525878906,54.880001068115234,55.380001068115234,35.77088928222656,16619300
2012-02-29,55.4900016784668,55.63999938964844,54.630001068115234,54.65999984741211,35.30583572387695,33950800
2012-03-01,54.959999084472656,55.349998474121094,54.91999816894531,55.279998779296875,35.706302642822266,20340800
2012-03-02,54.88999938964844,54.93000030517578,54.599998474121094,54.77000045776367,35.37688446044922,14435600
2012-03-05,54.65999984741211,54.66999816894531,54.310001373291016,54.47999954223633,35.18956756591797,10047900
2012-03-06,53.20000076293945,53.25,52.59000015258789,52.7400016784668,34.065673828125,21589300
2012-03-07,53.119998931884766,53.45000076293945,52.79999923706055,53.38999938964844,34.48551559448242,18013000
2012-03-08,54.2400016784668,54.77000045776367,54.09000015258789,54.540000915527344,35.22832489013672,21590500
2012-03-09,54.279998779296875,54.529998779296875,54.15999984741211,54.36000061035156,35.112060546875,23096900
2012-03-12,54.15999984741211,54.290000915527344,53.88999938964844,54.220001220703125,35.021629333496094,13724200
2012-03-13,54.43000030517578,55.11000061035156,54.36000061035156,55.099998474121094,35.59003448486328,24475900
2012-03-14,54.9900016784668,55.06999969482422,54.45000076293945,54.61000061035156,35.273536682128906,18872700
2012-03-15,54.79999923706055,55.20000076293945,54.650001525878906,55.130001068115234,35.609413146972656,13721000
2012-03-16,55.540000915527344,55.720001220703125,55.459999084472656,55.5099983215332,35.85486602783203,15837000
2012-03-19,55.34000015258789,55.90999984741211,55.310001373291016,55.79999923706055,36.04218673706055,17182000
2012-03-20,55.02000045776367,55.220001220703125,54.790000915527344,55.13999938964844,35.61587142944336,14092600
2012-03-21,54.93000030517578,54.959999084472656,54.54999923706055,54.779998779296875,35.38334655761719,16614400
2012-03-22,54.20000076293945,54.5,54.130001068115234,54.400001525878906,35.137901306152344,17106600
2012-03-23,54.349998474121094,54.790000915527344,54.060001373291016,54.779998779296875,35.38334655761719,14777400
2012-03-26,55.189998626708984,55.5099983215332,55.18000030517578,55.47999954223633,35.835487365722656,19961800
2012-03-27,55.560001373291016,55.560001373291016,55.11000061035156,55.130001068115234,35.609413146972656,14826100
2012-03-28,55.150001525878906,55.189998626708984,54.470001220703125,54.75,35.36397171020508,20448500
2012-03-29,54.209999084472656,54.459999084472656,53.970001220703125,54.400001525878906,35.137901306152344,25848400
2012-03-30,54.84000015258789,54.939998626708984,54.5,54.88999938964844,35.45439910888672,22341500
2012-04-02,54.63999938964844,55.68000030517578,54.529998779296875,55.529998779296875,35.8677864074707,25434800
2012-04-03,55.209999084472656,55.2400016784668,54.25,54.560001373291016,35.241241455078125,20840000
2012-04-04,53.4900016784668,53.599998474121094,53.04999923706055,53.34000015258789,34.453216552734375,20326700
2012-04-05,52.869998931884766,53.33000183105469,52.86000061035156,53.02000045776367,34.24652862548828,13507000
2012-04-09,52.459999084472656,52.959999084472656,52.439998626708984,52.790000915527344,34.09796905517578,12950500
2012-04-10,52.61000061035156,52.7599983215332,51.650001525878906,51.65999984741211,33.36808395385742,25615800
2012-04-11,52.650001525878906,52.7400016784668,52.31999969482422,52.380001068115234,33.83313751220703,22972100
2012-04-12,52.630001068115234,53.40999984741211,52.599998474121094,53.34000015258789,34.453216552734375,21024400
2012-04-13,52.869998931884766,52.869998931884766,52.25,52.31999969482422,33.79438018798828,27100500
2012-04-16,52.72999954223633,52.91999816894531,52.290000915527344,52.70000076293945,34.03983688354492,20447400
2012-04-17,53.189998626708984,53.66999816894531,52.9900016784668,53.540000915527344,34.5824089050293,12959800
2012-04-18,53.16999816894531,53.5099983215332,53.08000183105469,53.2599983215332,34.401546478271484,19804600
2012-04-19,53.22999954223633,53.529998779296875,52.66999816894531,52.939998626708984,34.19485092163086,27862900
2012-04-20,53.31999969482422,53.630001068115234,53.290000915527344,53.45000076293945,34.5242805480957,15499300
2012-04-23,52.40999984741211,52.5,52.040000915527344,52.380001068115234,33.83313751220703,23904000
2012-04-24,52.61000061035156,53.04999923706055,52.58000183105469,52.79999923706055,34.10443115234375,14529100
2012-04-25,53.41999816894531,53.58000183105469,53.18000030517578,53.52000045776367,34.56948471069336,21423800
2012-04-26,53.29999923706055,53.93000030517578,53.2400016784668,53.84000015258789,34.77619171142578,13428200
2012-04-27,54.0,54.15999984741211,53.72999954223633,54.060001373291016,34.918296813964844,16016300
2012-04-30,53.81999969482422,53.849998474121094,53.529998779296875,53.75,34.71805191040039,16865300
2012-05-01,53.630001068115234,54.220001220703125,53.58000183105469,53.970001220703125,34.86014938354492,15437300
2012-05-02,53.310001373291016,53.630001068115234,53.099998474121094,53.54999923706055,34.58885955810547,15890700
2012-05-03,53.439998626708984,53.529998779296875,52.97999954223633,53.08000183105469,34.285282135009766,14260300
2012-05-04,52.79999923706055,52.880001068115234,52.220001220703125,52.27000045776367,33.762088775634766,20026500
2012-05-07,52.27000045776367,52.70000076293945,52.22999954223633,52.650001525878906,34.00754165649414,21882700
2012-05-08,52.029998779296875,52.08000183105469,51.290000915527344,51.84000015258789,33.484344482421875,21062600
2012-05-09,50.84000015258789,51.52000045776367,50.61000061035156,51.2400016784668,33.096797943115234,31090500
2012-05-10,51.75,51.81999969482422,51.400001525878906,51.47999954223633,33.2518196105957,15309000
2012-05-11,50.880001068115234,51.61000061035156,50.880001068115234,51.15999984741211,33.04512023925781,14493200
2012-05-14,50.36000061035156,50.58000183105469,50.18000030517578,50.18000030517578,32.412132263183594,22125400
2012-05-15,49.900001525878906,50.150001525878906,49.4900016784668,49.54999923706055,32.00519561767578,18011800
2012-05-16,49.560001373291016,49.81999969482422,49.02000045776367,49.060001373291016,31.688697814941406,23983300
2012-05-17,49.0,49.060001373291016,48.45000076293945,48.459999084472656,31.3011417388916,26475900
2012-05-18,48.68000030517578,48.689998626708984,47.68000030517578,48.11000061035156,31.075082778930664,21407900
2012-05-21,48.5,49.20000076293945,48.380001068115234,49.16999816894531,31.75974464416504,22460000
2012-05-22,49.20000076293945,49.58000183105469,48.779998779296875,48.9900016784668,31.643491744995117,17114800
2012-05-23,48.41999816894531,48.59000015258789,47.75,48.59000015258789,31.385120391845703,42276400
2012-05-24,48.529998779296875,48.65999984741211,47.9900016784668,48.27000045776367,31.178428649902344,27309500
2012-05-25,48.029998779296875,48.349998474121094,48.02000045776367,48.099998474121094,31.06861114501953,13397100
2012-05-29,48.689998626708984,48.939998626708984,48.310001373291016,48.709999084472656,31.462627410888672,22042200
2012-05-30,47.970001220703125,47.97999954223633,47.5099983215332,47.560001373291016,30.719820022583008,19349900
2012-05-31,47.77000045776367,47.91999816894531,47.220001220703125,47.7599983215332,30.849000930786133,41638100
2012-06-01,46.93000030517578,47.13999938964844,46.529998779296875,46.54999923706055,30.06744956970215,34294700
2012-06-04,46.9900016784668,47.13999938964844,46.599998474121094,46.939998626708984,30.31934928894043,19574500
2012-06-05,46.90999984741211,47.31999969482422,46.869998931884766,47.279998779296875,30.53896713256836,20139100
2012-06-06,47.65999984741211,48.619998931884766,47.61000061035156,48.599998474121094,31.391578674316406,19868200
2012-06-07,49.27000045776367,49.290000915527344,48.560001373291016,48.66999816894531,31.436782836914062,18578800
2012-06-08,47.939998626708984,48.560001373291016,47.79999923706055,48.5099983215332,31.33344268798828,14439600
2012-06-11,49.02000045776367,49.040000915527344,47.9900016784668,48.040000915527344,31.02986717224121,19296200
2012-06-12,48.5,48.86000061035156,48.09000015258789,48.84000015258789,31.546602249145508,16053900
2012-06-13,48.470001220703125,48.91999816894531,48.31999969482422,48.45000076293945,31.294696807861328,16202800
2012-06-14,48.41999816894531,48.9900016784668,48.29999923706055,48.810001373291016,31.527219772338867,14670400
2012-06-15,49.099998474121094,49.560001373291016,48.9900016784668,49.5,31.97289276123047,20066100
2012-06-18,49.2400016784668,49.5,49.11000061035156,49.36000061035156,31.882476806640625,19122200
2012-06-19,49.869998931884766,50.5099983215332,49.810001373291016,50.18000030517578,32.412132263183594,23104500
2012-06-20,50.41999816894531,50.83000183105469,50.04999923706055,50.470001220703125,32.599430084228516,27983500
2012-06-21,49.22999954223633,49.33000183105469,47.9900016784668,48.029998779296875,31.746135711669922,25741600
2012-06-22,48.5099983215332,48.56999969482422,48.130001068115234,48.439998626708984,32.01713180541992,16488100
2012-06-25,47.630001068115234,47.650001525878906,47.25,47.36000061035156,31.303287506103516,32410900
2012-06-26,47.619998931884766,47.79999923706055,47.2599983215332,47.66999816894531,31.50819206237793,26606100
2012-06-27,47.84000015258789,48.209999084472656,47.720001220703125,48.119998931884766,31.80560874938965,19727600
2012-06-28,47.779998779296875,48.2599983215332,47.56999969482422,48.220001220703125,31.871728897094727,22778500
2012-06-29,49.72999954223633,49.9900016784668,49.630001068115234,49.959999084472656,33.02179718017578,31235200
2012-07-02,50.099998474121094,50.34000015258789,49.86000061035156,50.290000915527344,33.23992156982422,30092900
2012-07-03,50.33000183105469,50.790000915527344,50.279998779296875,50.75,33.54396057128906,12175100
2012-07-05,49.95000076293945,50.06999969482422,49.66999816894531,49.90999984741211,32.98875427246094,14389900
2012-07-06,49.470001220703125,49.560001373291016,49.13999938964844,49.439998626708984,32.6781005859375,15075800
2012-07-09,49.16999816894531,49.349998474121094,48.970001220703125,49.33000183105469,32.60538864135742,16313700
2012-07-10,49.54999923706055,49.63999938964844,48.880001068115234,49.0,32.38726806640625,20026100
2012-07-11,49.22999954223633,49.36000061035156,48.86000061035156,49.150001525878906,32.48641586303711,19418100
2012-07-12,48.5099983215332,48.810001373291016,48.22999954223633,48.65999984741211,32.16254806518555,21406500
2012-07-13,48.689998626708984,49.439998626708984,48.66999816894531,49.349998474121094,32.61860656738281,12613300
2012-07-16,49.209999084472656,49.4900016784668,48.959999084472656,49.34000015258789,32.611995697021484,12207500
2012-07-17,49.47999954223633,49.61000061035156,48.86000061035156,49.47999954223633,32.70454025268555,17158600
2012-07-18,49.31999969482422,49.91999816894531,49.290000915527344,49.869998931884766,32.96230697631836,13588000
2012-07-19,50.119998931884766,50.41999816894531,50.0,50.33000183105469,33.26634979248047,14039600
2012-07-20,49.400001525878906,49.439998626708984,49.029998779296875,49.150001525878906,32.48641586303711,24165100
2012-07-23,47.84000015258789,48.25,47.65999984741211,48.13999938964844,31.81884002685547,16082900
2012-07-24,48.08000183105469,48.119998931884766,47.290000915527344,47.619998931884766,31.475135803222656,18959800
2012-07-25,48.040000915527344,48.11000061035156,47.630001068115234,47.869998931884766,31.640378952026367,10156700
2012-07-26,49.18000030517578,49.720001220703125,49.060001373291016,49.33000183105469,32.60538864135742,18177000
2012-07-27,49.79999923706055,50.58000183105469,49.689998626708984,50.369998931884766,33.292789459228516,24134200
2012-07-30,50.09000015258789,50.47999954223633,50.08000183105469,50.310001373291016,33.25312805175781,24850000
2012-07-31,50.27000045776367,50.400001525878906,49.97999954223633,50.0,33.048240661621094,38450700
2012-08-01,50.349998474121094,50.45000076293945,49.9900016784668,50.0099983215332,33.05483627319336,17751600
2012-08-02,49.470001220703125,49.900001525878906,48.939998626708984,49.310001373291016,32.5921745300293,23218900
2012-08-03,50.38999938964844,51.130001068115234,50.349998474121094,50.9900016784668,33.70258712768555,26429600
2012-08-06,51.209999084472656,51.52000045776367,51.130001068115234,51.349998474121094,33.94054412841797,15028700
2012-08-07,51.779998779296875,52.04999923706055,51.72999954223633,51.779998779296875,34.22474670410156,17651200
2012-08-08,51.4900016784668,51.86000061035156,51.470001220703125,51.75,34.20492935180664,13491300
2012-08-09,51.630001068115234,51.95000076293945,51.56999969482422,51.779998779296875,34.22474670410156,12183000
2012-08-10,51.369998931884766,51.869998931884766,51.25,51.869998931884766,34.28423309326172,15265100
2012-08-13,51.72999954223633,51.880001068115234,51.45000076293945,51.619998931884766,34.118995666503906,15320400
2012-08-14,51.77000045776367,51.849998474121094,51.619998931884766,51.7400016784668,34.19831085205078,10610200
2012-08-15,51.56999969482422,51.72999954223633,51.52000045776367,51.59000015258789,34.09916687011719,14045700
2012-08-16,51.86000061035156,52.310001373291016,51.70000076293945,52.22999954223633,34.522186279296875,13498000
2012-08-17,52.31999969482422,52.369998931884766,52.08000183105469,52.29999923706055,34.56845474243164,17243500
2012-08-20,52.15999984741211,52.290000915527344,51.939998626708984,52.2400016784668,34.52880096435547,10066600
2012-08-21,52.650001525878906,52.91999816894531,52.380001068115234,52.540000915527344,34.727088928222656,19489800
2012-08-22,52.09000015258789,52.59000015258789,52.040000915527344,52.47999954223633,34.687435150146484,12494200
2012-08-23,52.27000045776367,52.43000030517578,52.06999969482422,52.18000030517578,34.4891357421875,16203200
2012-08-24,51.810001373291016,52.369998931884766,51.709999084472656,52.099998474121094,34.43626403808594,15841400
2012-08-27,52.2400016784668,52.38999938964844,52.060001373291016,52.130001068115234,34.456092834472656,12419900
2012-08-28,51.91999816894531,52.16999816894531,51.83000183105469,52.08000183105469,34.42304229736328,14528900
2012-08-29,52.029998779296875,52.11000061035156,51.84000015258789,51.91999816894531,34.31728744506836,11418300
2012-08-30,51.630001068115234,51.65999984741211,51.150001525878906,51.150001525878906,33.808349609375,24315600
2012-08-31,51.779998779296875,51.939998626708984,51.33000183105469,51.599998474121094,34.10578536987305,26992000
2012-09-04,51.470001220703125,51.529998779296875,51.130001068115234,51.34000015258789,33.933921813964844,23863200
2012-09-05,51.34000015258789,51.43000030517578,51.119998931884766,51.20000076293945,33.84139633178711,17360500
2012-09-06,51.619998931884766,52.61000061035156,51.61000061035156,52.470001220703125,34.68081283569336,23697600
2012-09-07,53.04999923706055,53.400001525878906,53.0099983215332,53.2599983215332,35.202972412109375,17210600
2012-09-10,53.04999923706055,53.20000076293945,52.7599983215332,52.84000015258789,34.92537307739258,12831800
2012-09-11,53.060001373291016,53.59000015258789,53.060001373291016,53.439998626708984,35.32195281982422,15417500
2012-09-12,53.88999938964844,53.91999816894531,53.599998474121094,53.790000915527344,35.55329132080078,14731600
2012-09-13,53.72999954223633,54.86000061035156,53.56999969482422,54.61000061035156,36.09528732299805,21654700
2012-09-14,55.18000030517578,55.58000183105469,55.06999969482422,55.150001525878906,36.45220184326172,36185500
2012-09-17,55.09000015258789,55.20000076293945,54.720001220703125,54.86000061035156,36.260528564453125,14851900
2012-09-18,54.560001373291016,54.7599983215332,54.45000076293945,54.630001068115234,36.10850143432617,16695300
2012-09-19,54.720001220703125,54.970001220703125,54.54999923706055,54.86000061035156,36.260528564453125,17193300
2012-09-20,54.16999816894531,54.540000915527344,54.02000045776367,54.5099983215332,36.0291862487793,21727600
2012-09-21,54.86000061035156,54.900001525878906,54.52000045776367,54.540000915527344,36.049015045166016,21583300
2012-09-24,54.11000061035156,54.47999954223633,54.060001373291016,54.349998474121094,35.923431396484375,16172500
2012-09-25,54.4900016784668,54.7400016784668,53.970001220703125,53.970001220703125,35.67226791381836,22290200
2012-09-26,53.540000915527344,53.61000061035156,53.220001220703125,53.43000030517578,35.31534957885742,22161700
2012-09-27,53.790000915527344,54.2599983215332,53.619998931884766,54.06999969482422,35.73835372924805,20720800
2012-09-28,53.5,53.54999923706055,52.90999984741211,53.0,35.0311279296875,43265100
2012-10-01,53.56999969482422,53.97999954223633,53.36000061035156,53.43000030517578,35.31534957885742,18016800
2012-10-02,53.95000076293945,53.9900016784668,53.459999084472656,53.63999938964844,35.45414352416992,14274000
2012-10-03,53.599998474121094,53.63999938964844,53.29999923706055,53.41999816894531,35.30873489379883,17416800
2012-10-04,53.810001373291016,54.130001068115234,53.70000076293945,54.06999969482422,35.73835372924805,15963600
2012-10-05,54.5099983215332,54.650001525878906,54.040000915527344,54.13999938964844,35.784629821777344,13420500
2012-10-08,53.810001373291016,53.900001525878906,53.709999084472656,53.81999969482422,35.573123931884766,6656000
2012-10-09,53.47999954223633,53.58000183105469,53.040000915527344,53.040000915527344,35.05757141113281,15400300
2012-10-10,53.04999923706055,53.13999938964844,52.720001220703125,52.88999938964844,34.95842742919922,13899400
2012-10-11,53.41999816894531,53.650001525878906,53.150001525878906,53.22999954223633,35.18315505981445,13497700
2012-10-12,53.369998931884766,53.56999969482422,53.09000015258789,53.16999816894531,35.143497467041016,9295500
2012-10-15,53.529998779296875,53.75,53.2599983215332,53.689998626708984,35.48719787597656,21186600
2012-10-16,54.22999954223633,54.619998931884766,54.220001220703125,54.58000183105469,36.07546615600586,19155600
2012-10-17,54.849998474121094,55.150001525878906,54.720001220703125,55.09000015258789,36.41253662109375,15644700
2012-10-18,54.900001525878906,55.22999954223633,54.720001220703125,54.880001068115234,36.273746490478516,18096200
2012-10-19,54.72999954223633,54.7400016784668,54.060001373291016,54.13999938964844,35.784629821777344,19565700
2012-10-22,54.5099983215332,54.599998474121094,54.150001525878906,54.52000045776367,36.03579330444336,14263400
2012-10-23,53.41999816894531,53.470001220703125,53.040000915527344,53.349998474121094,35.26246643066406,18033600
2012-10-24,53.68000030517578,53.7599983215332,53.369998931884766,53.380001068115234,35.28229522705078,11683400
2012-10-25,54.0,54.08000183105469,53.5,53.70000076293945,35.493804931640625,15728800
2012-10-26,53.54999923706055,53.72999954223633,53.369998931884766,53.619998931884766,35.440921783447266,11745100
2012-10-31,53.91999816894531,53.97999954223633,53.439998626708984,53.58000183105469,35.41450119018555,21750700
2012-11-01,53.849998474121094,54.220001220703125,53.779998779296875,54.209999084472656,35.830909729003906,18856700
2012-11-02,54.16999816894531,54.16999816894531,53.61000061035156,53.689998626708984,35.48719787597656,16524400
2012-11-05,53.560001373291016,53.65999984741211,53.38999938964844,53.560001373291016,35.40127182006836,9714000
2012-11-06,53.77000045776367,54.150001525878906,53.75,54.06999969482422,35.73835372924805,11045300
2012-11-07,53.5,53.52000045776367,52.970001220703125,53.2599983215332,35.202972412109375,20992600
2012-11-08,53.060001373291016,53.310001373291016,52.7599983215332,52.779998779296875,34.885711669921875,19833000
2012-11-09,52.5099983215332,53.029998779296875,52.5,52.79999923706055,34.8989372253418,20872100
2012-11-12,52.810001373291016,52.91999816894531,52.630001068115234,52.7599983215332,34.872493743896484,11864800
2012-11-13,52.2599983215332,52.900001525878906,52.209999084472656,52.5,34.70063781738281,14507400
2012-11-14,52.689998626708984,52.7400016784668,51.86000061035156,51.95000076293945,34.33711624145508,20602900
2012-11-15,52.189998626708984,52.36000061035156,51.91999816894531,52.119998931884766,34.44948196411133,15479300
2012-11-16,52.130001068115234,52.209999084472656,51.630001068115234,52.09000015258789,34.429649353027344,18052300
2012-11-19,52.790000915527344,53.220001220703125,52.779998779296875,53.220001220703125,35.176536560058594,15934900
2012-11-20,53.0,53.310001373291016,52.900001525878906,53.29999923706055,35.22941970825195,13642300
2012-11-21,53.349998474121094,53.45000076293945,53.27000045776367,53.38999938964844,35.288909912109375,10368200
2012-11-23,54.20000076293945,54.540000915527344,54.16999816894531,54.540000915527344,36.049015045166016,8397700
2012-11-26,54.2400016784668,54.41999816894531,54.11000061035156,54.40999984741211,35.96308517456055,13682100
2012-11-27,54.290000915527344,54.439998626708984,54.119998931884766,54.13999938964844,35.784629821777344,13987200
2012-11-28,53.83000183105469,54.59000015258789,53.720001220703125,54.529998779296875,36.04239273071289,23549600
2012-11-29,54.959999084472656,55.130001068115234,54.709999084472656,55.0,36.353065490722656,19765500
2012-11-30,55.029998779296875,55.25,54.970001220703125,55.06999969482422,36.399330139160156,23565800
2012-12-03,55.34000015258789,55.369998931884766,55.060001373291016,55.13999938964844,36.44560623168945,22076600
2012-12-04,55.31999969482422,55.400001525878906,55.189998626708984,55.279998779296875,36.53813171386719,18736900
2012-12-05,55.29999923706055,55.599998474121094,55.11000061035156,55.36000061035156,36.591007232666016,22117800
2012-12-06,55.45000076293945,55.5099983215332,55.18000030517578,55.470001220703125,36.66371154785156,12963300
2012-12-07,55.349998474121094,55.5099983215332,53.400001525878906,55.4900016784668,36.67692565917969,11949100
2012-12-10,55.33000183105469,55.58000183105469,55.31999969482422,55.54999923706055,36.71658706665039,17617400
2012-12-11,55.720001220703125,55.95000076293945,55.720001220703125,55.869998931884766,36.9281005859375,15684400
2012-12-12,56.040000915527344,56.369998931884766,55.959999084472656,56.04999923706055,37.04707336425781,18266500
2012-12-13,55.95000076293945,56.099998474121094,55.75,55.880001068115234,36.93470764160156,13693600
2012-12-14,55.939998626708984,56.2599983215332,55.900001525878906,56.08000183105469,37.0669059753418,18514600
2012-12-17,56.040000915527344,56.369998931884766,56.0,56.310001373291016,37.218929290771484,22550700
2012-12-18,55.95000076293945,56.349998474121094,55.869998931884766,56.279998779296875,37.606483459472656,24270800
2012-12-19,56.720001220703125,56.77000045776367,56.459999084472656,56.47999954223633,37.74011993408203,19356300
2012-12-20,56.68000030517578,56.880001068115234,56.540000915527344,56.86000061035156,37.99405288696289,18545600
2012-12-21,56.08000183105469,56.52000045776367,56.060001373291016,56.5099983215332,37.76016616821289,22418300
2012-12-24,56.439998626708984,56.47999954223633,56.25,56.36000061035156,37.659934997558594,7699100
2012-12-26,56.52000045776367,56.56999969482422,56.119998931884766,56.349998474121094,37.653255462646484,11718000
2012-12-27,56.65999984741211,56.68000030517578,56.15999984741211,56.61000061035156,37.826988220214844,14207500
2012-12-28,56.13999938964844,56.29999923706055,55.970001220703125,56.0099983215332,37.42606735229492,18734500
2012-12-31,56.2400016784668,56.869998931884766,56.06999969482422,56.86000061035156,37.99405288696289,22820800
2013-01-02,57.66999816894531,57.779998779296875,57.38999938964844,57.7400016784668,38.58205795288086,26056300
2013-01-03,57.33000183105469,57.540000915527344,57.09000015258789,57.18000030517578,38.207855224609375,23239700
2013-01-04,57.06999969482422,57.540000915527344,57.0099983215332,57.470001220703125,38.401641845703125,15522200
2013-01-07,57.02000045776367,57.279998779296875,56.939998626708984,57.220001220703125,38.23458480834961,14102600
2013-01-08,57.02000045776367,57.08000183105469,56.689998626708984,56.900001525878906,38.02077102661133,15592300
2013-01-09,57.09000015258789,57.27000045776367,57.029998779296875,57.189998626708984,38.214542388916016,12779400
2013-01-10,57.79999923706055,58.0099983215332,57.59000015258789,57.91999816894531,38.70234298706055,17718600
2013-01-11,58.0099983215332,58.11000061035156,57.84000015258789,58.040000915527344,38.78251647949219,12624700
2013-01-14,58.04999923706055,58.150001525878906,57.869998931884766,58.11000061035156,38.82929229736328,9980400
2013-01-15,57.75,58.04999923706055,57.689998626708984,58.02000045776367,38.76915740966797,12534000
2013-01-16,57.619998931884766,57.810001373291016,57.52000045776367,57.7400016784668,38.58205795288086,12907000
2013-01-17,58.13999938964844,58.31999969482422,58.0,58.209999084472656,38.896114349365234,14936200
2013-01-18,58.13999938964844,58.220001220703125,57.88999938964844,58.150001525878906,38.856021881103516,18844000
2013-01-22,58.029998779296875,58.18000030517578,57.83000183105469,58.18000030517578,38.876068115234375,12090100
2013-01-23,58.040000915527344,58.15999984741211,57.880001068115234,58.119998931884766,38.835975646972656,10139900
2013-01-24,58.220001220703125,58.540000915527344,58.189998626708984,58.400001525878906,39.0230827331543,13640100
2013-01-25,58.95000076293945,59.029998779296875,58.70000076293945,59.029998779296875,39.444034576416016,16643500
2013-01-28,58.810001373291016,58.849998474121094,58.540000915527344,58.7400016784668,39.250267028808594,14802900
2013-01-29,58.869998931884766,59.20000076293945,58.849998474121094,59.13999938964844,39.517539978027344,13403300
2013-01-30,59.16999816894531,59.43000030517578,59.130001068115234,59.20000076293945,39.55763244628906,18943400
2013-01-31,59.11000061035156,59.279998779296875,58.939998626708984,58.97999954223633,39.41062927246094,22252200
2013-02-01,59.36000061035156,59.59000015258789,59.209999084472656,59.45000076293945,39.72467803955078,19989200
2013-02-04,58.790000915527344,58.88999938964844,58.2599983215332,58.380001068115234,39.00970458984375,18125200
2013-02-05,58.540000915527344,58.810001373291016,58.4900016784668,58.650001525878906,39.19012451171875,15418900
2013-02-06,58.279998779296875,58.66999816894531,58.2400016784668,58.63999938964844,39.18343734741211,26336000
2013-02-07,58.59000015258789,58.63999938964844,57.86000061035156,58.15999984741211,38.86270523071289,21947700
2013-02-08,58.36000061035156,58.59000015258789,58.36000061035156,58.529998779296875,39.10993957519531,18326200
2013-02-11,58.529998779296875,58.540000915527344,58.25,58.470001220703125,39.069854736328125,12677200
2013-02-12,58.5,58.880001068115234,58.45000076293945,58.7599983215332,39.26362228393555,11534200
2013-02-13,59.040000915527344,59.16999816894531,58.84000015258789,58.900001525878906,39.357181549072266,8955200
2013-02-14,58.380001068115234,58.619998931884766,58.36000061035156,58.58000183105469,39.14334487915039,10409900
2013-02-15,58.65999984741211,58.709999084472656,58.2599983215332,58.43000030517578,39.04311752319336,12095000
2013-02-19,58.93000030517578,59.15999984741211,58.91999816894531,59.119998931884766,39.50417709350586,20173800
2013-02-20,59.25,59.290000915527344,58.529998779296875,58.540000915527344,39.11663055419922,17523500
2013-02-21,57.84000015258789,57.869998931884766,57.400001525878906,57.65999984741211,38.528602600097656,34195200
2013-02-22,58.119998931884766,58.5099983215332,57.95000076293945,58.4900016784668,39.083213806152344,23364000
2013-02-25,58.83000183105469,58.93000030517578,57.02000045776367,57.09000015258789,38.14772415161133,40205000
2013-02-26,57.68000030517578,57.84000015258789,57.189998626708984,57.54999923706055,38.455101013183594,25416500
2013-02-27,57.470001220703125,58.349998474121094,57.400001525878906,58.279998779296875,38.94288635253906,16819600
2013-02-28,58.2599983215332,58.560001373291016,58.150001525878906,58.220001220703125,38.902793884277344,17815100
2013-03-01,57.79999923706055,58.20000076293945,57.58000183105469,58.099998474121094,38.82261276245117,18241800
2013-03-04,57.95000076293945,58.36000061035156,57.849998474121094,58.349998474121094,38.98966598510742,14580300
2013-03-05,58.81999969482422,59.040000915527344,58.79999923706055,58.93000030517578,39.37721633911133,16168000
2013-03-06,59.18000030517578,59.220001220703125,58.81999969482422,59.08000183105469,39.47745895385742,17189600
2013-03-07,59.220001220703125,59.34000015258789,59.18000030517578,59.25,39.59104537963867,11797900
2013-03-08,59.290000915527344,59.41999816894531,59.040000915527344,59.380001068115234,39.67790985107422,23305900
2013-03-11,59.290000915527344,59.560001373291016,59.220001220703125,59.560001373291016,39.798187255859375,10873200
2013-03-12,59.529998779296875,59.599998474121094,59.150001525878906,59.2599983215332,39.59773254394531,16015600
2013-03-13,59.130001068115234,59.33000183105469,58.869998931884766,59.16999816894531,39.53759002685547,20517900
2013-03-14,59.43000030517578,59.810001373291016,59.400001525878906,59.75,39.925140380859375,12158300
2013-03-15,59.91999816894531,59.9900016784668,59.709999084472656,59.869998931884766,40.005332946777344,18191100
2013-03-18,59.119998931884766,59.650001525878906,59.09000015258789,59.209999084472656,39.5643196105957,25132800
2013-03-19,59.36000061035156,59.439998626708984,58.630001068115234,59.029998779296875,39.444034576416016,25745200
2013-03-20,59.439998626708984,59.540000915527344,59.290000915527344,59.38999938964844,39.68458938598633,16134800
2013-03-21,58.900001525878906,59.22999954223633,58.81999969482422,58.849998474121094,39.32375717163086,18106800
2013-03-22,59.18000030517578,59.45000076293945,59.08000183105469,59.36000061035156,39.66455078125,18090400
2013-03-25,59.38999938964844,59.470001220703125,58.470001220703125,58.619998931884766,39.17007827758789,31933000
2013-03-26,58.83000183105469,59.0,58.65999984741211,58.9900016784668,39.41731262207031,15040700
2013-03-27,58.310001373291016,58.720001220703125,58.20000076293945,58.70000076293945,39.22352981567383,14990300
2013-03-28,58.81999969482422,59.040000915527344,58.7400016784668,58.97999954223633,39.41062927246094,28690100
2013-04-01,58.56999969482422,58.619998931884766,58.09000015258789,58.189998626708984,38.882747650146484,24852900
2013-04-02,58.84000015258789,59.099998474121094,58.72999954223633,58.810001373291016,39.297035217285156,19636600
2013-04-03,59.060001373291016,59.13999938964844,58.470001220703125,58.52000045776367,39.10326385498047,16961000
2013-04-04,58.720001220703125,59.099998474121094,58.59000015258789,59.040000915527344,39.45072555541992,14924900
2013-04-05,58.220001220703125,58.779998779296875,58.15999984741211,58.77000045776367,39.27030944824219,18160400
2013-04-08,58.7400016784668,59.0,58.63999938964844,59.0,39.42399215698242,17117700
2013-04-09,58.97999954223633,59.40999984741211,58.75,59.209999084472656,39.5643196105957,17406300
2013-04-10,59.75,60.220001220703125,59.7400016784668,60.09000015258789,40.152339935302734,18195500
2013-04-11,60.470001220703125,60.84000015258789,60.380001068115234,60.560001373291016,40.466407775878906,19865300
2013-04-12,60.279998779296875,60.43000030517578,60.029998779296875,60.40999984741211,40.36616516113281,16777400
2013-04-15,59.869998931884766,59.900001525878906,59.189998626708984,59.220001220703125,39.57099533081055,22699900
2013-04-16,59.900001525878906,60.060001373291016,59.599998474121094,60.060001373291016,40.13228988647461,14675700
2013-04-17,59.34000015258789,59.369998931884766,58.52000045776367,58.810001373291016,39.297035217285156,30730800
2013-04-18,58.91999816894531,58.95000076293945,58.439998626708984,58.630001068115234,39.176761627197266,19211400
2013-04-19,59.0099983215332,59.119998931884766,58.84000015258789,59.099998474121094,39.490814208984375,24725900
2013-04-22,59.099998474121094,59.439998626708984,58.790000915527344,59.349998474121094,39.65786361694336,16899700
2013-04-23,59.84000015258789,60.22999954223633,59.81999969482422,60.189998626708984,40.219154357910156,21257700
2013-04-24,60.52000045776367,60.880001068115234,60.45000076293945,60.709999084472656,40.566619873046875,18269400
2013-04-25,61.0099983215332,61.29999923706055,60.959999084472656,61.029998779296875,40.78044509887695,20079200
2013-04-26,60.959999084472656,61.13999938964844,60.88999938964844,61.08000183105469,40.8138542175293,13910200
2013-04-29,61.36000061035156,61.93000030517578,61.349998474121094,61.86000061035156,41.3350715637207,14721000
2013-04-30,61.84000015258789,61.9900016784668,61.709999084472656,61.939998626708984,41.388511657714844,22261300
2013-05-01,62.0,62.02000045776367,61.439998626708984,61.56999969482422,41.14128112792969,19104600
2013-05-02,61.41999816894531,61.88999938964844,61.36000061035156,61.7599983215332,41.26823425292969,18247200
2013-05-03,62.310001373291016,62.630001068115234,62.279998779296875,62.54999923706055,41.796112060546875,19161200
2013-05-06,62.279998779296875,62.470001220703125,62.220001220703125,62.470001220703125,41.74266815185547,7583700
2013-05-07,62.560001373291016,62.65999984741211,62.36000061035156,62.56999969482422,41.80947494506836,15724500
2013-05-08,62.900001525878906,63.2599983215332,62.900001525878906,63.22999954223633,42.2504997253418,17768200
2013-05-09,62.900001525878906,62.959999084472656,62.369998931884766,62.619998931884766,41.84287643432617,16372400
2013-05-10,62.54999923706055,62.720001220703125,62.34000015258789,62.689998626708984,41.889671325683594,15403400
2013-05-13,62.619998931884766,62.70000076293945,62.459999084472656,62.65999984741211,41.8696174621582,11911400
2013-05-14,62.560001373291016,62.880001068115234,62.54999923706055,62.779998779296875,41.949806213378906,26158800
2013-05-15,62.689998626708984,63.06999969482422,62.68000030517578,63.04999923706055,42.130210876464844,15961600
2013-05-16,62.72999954223633,62.95000076293945,62.4900016784668,62.619998931884766,41.84287643432617,16669100
2013-05-17,62.650001525878906,63.06999969482422,62.59000015258789,63.04999923706055,42.130210876464844,12925700
2013-05-20,63.08000183105469,63.439998626708984,63.06999969482422,63.400001525878906,42.364105224609375,16117200
2013-05-21,63.150001525878906,63.65999984741211,63.029998779296875,63.529998779296875,42.45095443725586,15283700
2013-05-22,63.540000915527344,64.13999938964844,62.70000076293945,62.88999938964844,42.0233039855957,21713500
2013-05-23,61.33000183105469,62.0099983215332,60.9900016784668,61.9900016784668,41.42192840576172,27055200
2013-05-24,61.16999816894531,61.470001220703125,60.9900016784668,61.45000076293945,41.061092376708984,19956800
2013-05-28,61.970001220703125,62.15999984741211,61.470001220703125,61.61000061035156,41.16800308227539,20275800
2013-05-29,61.08000183105469,61.15999984741211,60.72999954223633,61.02000045776367,40.77376174926758,18099400
2013-05-30,61.029998779296875,61.45000076293945,60.9900016784668,61.2599983215332,40.93413543701172,27382900
2013-05-31,60.5099983215332,60.650001525878906,60.029998779296875,60.06999969482422,40.138973236083984,36549400
2013-06-03,60.08000183105469,60.5099983215332,59.77000045776367,60.29999923706055,40.29265594482422,30340700
2013-06-04,60.790000915527344,60.88999938964844,60.20000076293945,60.52000045776367,40.43967056274414,17024400
2013-06-05,59.83000183105469,59.849998474121094,59.150001525878906,59.16999816894531,39.53759002685547,28821600
2013-06-06,59.15999984741211,59.529998779296875,58.869998931884766,59.5,39.75810623168945,24386900
2013-06-07,59.540000915527344,60.310001373291016,59.400001525878906,60.29999923706055,40.29265594482422,19245200
2013-06-10,60.470001220703125,60.4900016784668,60.130001068115234,60.36000061035156,40.332740783691406,14559800
2013-06-11,59.47999954223633,59.95000076293945,59.349998474121094,59.619998931884766,39.838279724121094,16619000
2013-06-12,60.29999923706055,60.36000061035156,59.470001220703125,59.54999923706055,39.79150390625,14378100
2013-06-13,59.689998626708984,60.56999969482422,59.59000015258789,60.459999084472656,40.39957809448242,20158400
2013-06-14,60.0099983215332,60.33000183105469,59.61000061035156,59.79999923706055,39.95855712890625,17334200
2013-06-17,60.869998931884766,61.04999923706055,60.29999923706055,60.65999984741211,40.53321075439453,17560400
2013-06-18,60.869998931884766,61.20000076293945,60.849998474121094,61.09000015258789,40.8205451965332,13168500
2013-06-19,61.040000915527344,61.18000030517578,59.939998626708984,59.95000076293945,40.05878448486328,33232800
2013-06-20,58.709999084472656,58.7400016784668,57.65999984741211,57.75,38.588741302490234,40517100
2013-06-21,58.41999816894531,58.470001220703125,57.43000030517578,57.939998626708984,38.7156982421875,30474300
2013-06-24,56.7400016784668,57.33000183105469,56.439998626708984,57.029998779296875,38.10763168334961,24351500
2013-06-25,57.529998779296875,57.849998474121094,57.099998474121094,57.7599983215332,38.595428466796875,24494900
2013-06-26,58.029998779296875,58.18000030517578,57.779998779296875,57.9900016784668,38.74910354614258,27142000
2013-06-27,57.33000183105469,57.709999084472656,57.33000183105469,57.40999984741211,39.139068603515625,17753800
2013-06-28,57.310001373291016,57.599998474121094,57.09000015258789,57.29999923706055,39.0640754699707,31174100
2013-07-01,57.810001373291016,58.08000183105469,57.75,57.84000015258789,39.43221664428711,15315900
2013-07-02,57.779998779296875,58.09000015258789,57.33000183105469,57.54999923706055,39.23451232910156,13492800
2013-07-03,57.11000061035156,57.68000030517578,57.02000045776367,57.56999969482422,39.24814987182617,11748500
2013-07-05,57.959999084472656,57.97999954223633,57.40999984741211,57.84000015258789,39.43221664428711,10197800
2013-07-08,58.04999923706055,58.31999969482422,58.0,58.20000076293945,39.677642822265625,11993200
2013-07-09,58.63999938964844,58.63999938964844,58.15999984741211,58.52000045776367,39.89581298828125,11624200
2013-07-10,58.5099983215332,59.11000061035156,58.45000076293945,58.689998626708984,40.011714935302734,16162300
2013-07-11,59.779998779296875,60.27000045776367,59.540000915527344,60.209999084472656,41.04795837402344,20284600
2013-07-12,59.77000045776367,59.91999816894531,59.630001068115234,59.810001373291016,40.7752571105957,15189800
2013-07-15,60.029998779296875,60.189998626708984,59.93000030517578,60.18000030517578,41.02750778198242,17063200
2013-07-16,60.130001068115234,60.22999954223633,59.97999954223633,60.13999938964844,41.000240325927734,10894600
2013-07-17,60.619998931884766,60.619998931884766,60.18000030517578,60.31999969482422,41.122955322265625,13744500
2013-07-18,60.4900016784668,60.779998779296875,60.11000061035156,60.720001220703125,41.395652770996094,11036600
2013-07-19,60.5099983215332,60.77000045776367,60.400001525878906,60.66999816894531,41.36155700683594,23299300
2013-07-22,60.810001373291016,61.06999969482422,60.779998779296875,61.0099983215332,41.59335708618164,16518900
2013-07-23,61.209999084472656,61.2599983215332,60.95000076293945,61.13999938964844,41.681976318359375,11132000
2013-07-24,61.369998931884766,61.380001068115234,60.810001373291016,61.060001373291016,41.627445220947266,12887500
2013-07-25,60.5,61.209999084472656,60.4900016784668,61.18000030517578,41.70925521850586,14467100
2013-07-26,60.630001068115234,60.79999923706055,60.29999923706055,60.79999923706055,41.4501953125,15499000
2013-07-29,60.2400016784668,60.34000015258789,60.119998931884766,60.220001220703125,41.054779052734375,11063600
2013-07-30,60.470001220703125,60.5099983215332,60.02000045776367,60.209999084472656,41.04795837402344,10712500
2013-07-31,60.060001373291016,60.75,60.060001373291016,60.349998474121094,41.143394470214844,22989900
2013-08-01,61.119998931884766,61.2599983215332,60.959999084472656,61.16999816894531,41.70243453979492,24484500
2013-08-02,61.22999954223633,61.66999816894531,61.209999084472656,61.66999816894531,42.043304443359375,15475000
2013-08-05,61.400001525878906,61.560001373291016,61.22999954223633,61.540000915527344,41.954689025878906,11483000
2013-08-06,61.689998626708984,61.7400016784668,61.29999923706055,61.45000076293945,41.89332580566406,18325300
2013-08-07,61.20000076293945,61.29999923706055,61.099998474121094,61.18000030517578,41.70925521850586,11989700
2013-08-08,61.52000045776367,61.83000183105469,61.34000015258789,61.72999954223633,42.08420944213867,12612700
2013-08-09,61.650001525878906,61.939998626708984,61.61000061035156,61.84000015258789,42.159210205078125,14951500
2013-08-12,61.5099983215332,61.72999954223633,61.5,61.66999816894531,42.043304443359375,13785000
2013-08-13,61.83000183105469,62.13999938964844,61.4900016784668,62.06999969482422,42.316009521484375,13189100
2013-08-14,62.099998474121094,62.189998626708984,61.9900016784668,62.099998474121094,42.336456298828125,14258600
2013-08-15,61.33000183105469,61.65999984741211,60.939998626708984,61.58000183105469,41.98195266723633,23650000
2013-08-16,61.709999084472656,61.83000183105469,61.59000015258789,61.689998626708984,42.05693817138672,15219600
2013-08-19,61.619998931884766,61.65999984741211,61.209999084472656,61.25,41.75697708129883,13596700
2013-08-20,61.029998779296875,61.33000183105469,60.91999816894531,61.16999816894531,41.70243453979492,12885800
2013-08-21,60.77000045776367,61.0,60.22999954223633,60.45000076293945,41.211585998535156,12755200
2013-08-22,60.900001525878906,61.130001068115234,60.880001068115234,61.040000915527344,41.61381530761719,8041700
2013-08-23,61.380001068115234,61.58000183105469,61.209999084472656,61.56999969482422,41.97513961791992,10141600
2013-08-26,61.279998779296875,61.400001525878906,61.11000061035156,61.119998931884766,41.66835021972656,8471000
2013-08-27,60.43000030517578,60.630001068115234,60.040000915527344,60.08000183105469,40.95933532714844,18839100
2013-08-28,59.75,60.220001220703125,59.68000030517578,60.0099983215332,40.91161346435547,10521700
2013-08-29,59.86000061035156,60.15999984741211,59.79999923706055,59.90999984741211,40.84343719482422,10555800
2013-08-30,59.619998931884766,59.63999938964844,59.15999984741211,59.16999816894531,40.33894348144531,21045300
2013-09-03,60.5099983215332,60.59000015258789,60.040000915527344,60.310001373291016,41.11613845825195,18912700
2013-09-04,60.209999084472656,60.939998626708984,60.150001525878906,60.849998474121094,41.484275817871094,11868800
2013-09-05,60.59000015258789,60.86000061035156,60.58000183105469,60.79999923706055,41.4501953125,10523400
2013-09-06,61.060001373291016,61.310001373291016,60.650001525878906,61.130001068115234,41.675167083740234,16398000
2013-09-09,61.4900016784668,62.0,61.4900016784668,61.970001220703125,42.247825622558594,17398000
2013-09-10,62.47999954223633,62.70000076293945,62.40999984741211,62.66999816894531,42.72505187988281,15972400
2013-09-11,62.41999816894531,62.90999984741211,62.40999984741211,62.88999938964844,42.87503433227539,11864200
2013-09-12,62.56999969482422,62.810001373291016,62.52000045776367,62.529998779296875,42.62959671020508,16745000
2013-09-13,62.61000061035156,62.84000015258789,62.43000030517578,62.83000183105469,42.834136962890625,13590900
2013-09-16,63.650001525878906,63.650001525878906,63.27000045776367,63.31999969482422,43.16819381713867,18909500
2013-09-17,63.16999816894531,63.36000061035156,63.16999816894531,63.36000061035156,43.19546890258789,10370400
2013-09-18,63.40999984741211,65.11000061035156,63.2400016784668,65.05000305175781,44.34761428833008,21359000
2013-09-19,65.06999969482422,65.08000183105469,64.6500015258789,64.73999786376953,44.13627243041992,19195600
2013-09-20,64.62999725341797,64.62999725341797,64.23999786376953,64.2699966430664,43.81584548950195,18878600
2013-09-23,64.29000091552734,64.36000061035156,63.95000076293945,64.25,43.80221176147461,17860700
2013-09-24,64.19999694824219,64.41000366210938,63.97999954223633,64.1500015258789,43.73405075073242,14979200
2013-09-25,64.11000061035156,64.36000061035156,64.01000213623047,64.22000122070312,43.781768798828125,14478100
2013-09-26,64.30000305175781,64.58999633789062,64.25,64.48999786376953,43.96582794189453,15653800
2013-09-27,64.19000244140625,64.41999816894531,64.12999725341797,64.26000213623047,43.80903625488281,17705800
2013-09-30,63.61000061035156,63.970001220703125,63.54999923706055,63.79999923706055,43.49542999267578,22274400
2013-10-01,63.869998931884766,64.30000305175781,63.75,64.13999938964844,43.72722244262695,15392400
2013-10-02,63.90999984741211,64.16000366210938,63.59000015258789,64.12000274658203,43.713584899902344,12620200
2013-10-03,63.9900016784668,64.02999877929688,63.59000015258789,63.70000076293945,43.4272575378418,16212700
2013-10-04,63.61000061035156,63.91999816894531,63.58000183105469,63.849998474121094,43.529518127441406,11699000
2013-10-07,63.060001373291016,63.4900016784668,63.040000915527344,63.189998626708984,43.07956314086914,17360800
2013-10-08,63.220001220703125,63.310001373291016,62.68000030517578,62.70000076293945,42.745506286621094,19635600
2013-10-09,62.93000030517578,63.09000015258789,62.540000915527344,62.970001220703125,42.92958068847656,19659500
2013-10-10,63.5099983215332,64.19999694824219,63.5,64.0999984741211,43.69994354248047,16423300
2013-10-11,64.11000061035156,64.47000122070312,64.06999969482422,64.44000244140625,43.93174362182617,13279100
2013-10-14,64.16999816894531,64.70999908447266,64.12000274658203,64.66000366210938,44.08173370361328,7213800
2013-10-15,64.4000015258789,64.5199966430664,64.27999877929688,64.3499984741211,43.870391845703125,15599400
2013-10-16,64.54000091552734,64.8499984741211,64.48999786376953,64.83000183105469,44.197635650634766,17389900
2013-10-17,65.19000244140625,65.72000122070312,65.12999725341797,65.69000244140625,44.783931732177734,21850200
2013-10-18,65.88999938964844,66.11000061035156,65.77999877929688,66.08000183105469,45.0498161315918,16283000
2013-10-21,65.98999786376953,66.18000030517578,65.93000030517578,66.18000030517578,45.11800003051758,11068000
2013-10-22,66.5199966430664,66.95999908447266,66.5199966430664,66.83999633789062,45.567935943603516,13015200
2013-10-23,66.20999908447266,66.25,65.97000122070312,66.19000244140625,45.12480545043945,13384700
2013-10-24,66.55999755859375,66.69000244140625,66.4000015258789,66.6500015258789,45.43840789794922,11820900
2013-10-25,66.44999694824219,66.47000122070312,66.27999877929688,66.45999908447266,45.30887985229492,16688300
2013-10-28,66.27999877929688,66.4800033569336,66.19000244140625,66.3499984741211,45.233882904052734,9936700
2013-10-29,66.41000366210938,66.51000213623047,66.30999755859375,66.48999786376953,45.32933044433594,12121400
2013-10-30,66.55999755859375,66.58999633789062,65.91999816894531,66.25,45.165714263916016,18774000
2013-10-31,66.06999969482422,66.25,65.77999877929688,65.87999725341797,44.913455963134766,22366900
2013-11-01,65.52999877929688,65.58999633789062,65.19000244140625,65.55999755859375,44.69529342651367,18921000
2013-11-04,65.68000030517578,65.87999725341797,65.55000305175781,65.87999725341797,44.913455963134766,27539500
2013-11-05,65.19999694824219,65.41999816894531,64.98999786376953,65.30999755859375,44.524871826171875,13129600
2013-11-06,65.88999938964844,66.05000305175781,65.75,65.87999725341797,44.913455963134766,16260600
2013-11-07,65.62000274658203,65.66999816894531,64.76000213623047,64.83999633789062,44.20442581176758,22820200
2013-11-08,64.69999694824219,65.23999786376953,64.69000244140625,65.22000122070312,44.46351623535156,15873000
2013-11-11,65.23999786376953,65.37000274658203,65.16000366210938,65.36000061035156,44.5589599609375,14206100
2013-11-12,65.18000030517578,65.31999969482422,64.97000122070312,65.13999938964844,44.408966064453125,13391000
2013-11-13,64.63999938964844,65.41999816894531,64.62000274658203,65.3499984741211,44.55213928222656,12669400
2013-11-14,65.3499984741211,65.7300033569336,65.29000091552734,65.6500015258789,44.756656646728516,14537100
2013-11-15,66.02999877929688,66.31999969482422,65.95999908447266,66.18000030517578,45.11800003051758,25278400
2013-11-18,66.55999755859375,66.5999984741211,66.08999633789062,66.18000030517578,45.11800003051758,12776200
2013-11-19,66.0199966430664,66.19999694824219,65.87999725341797,66.01000213623047,45.00209426879883,10664300
2013-11-20,66.08000183105469,66.22000122070312,65.37999725341797,65.55000305175781,44.688499450683594,18220600
2013-11-21,65.7699966430664,65.97000122070312,65.66000366210938,65.95999908447266,44.967994689941406,15963400
2013-11-22,65.94999694824219,66.2300033569336,65.91000366210938,66.1500015258789,45.0975341796875,18657100
2013-11-25,66.0999984741211,66.11000061035156,65.87000274658203,65.94999694824219,44.961181640625,11835000
2013-11-26,65.81999969482422,66.01000213623047,65.75,65.94999694824219,44.961181640625,14620200
2013-11-27,66.18000030517578,66.29000091552734,66.02999877929688,66.11000061035156,45.07025909423828,9667100
2013-11-29,66.5199966430664,66.58000183105469,66.23999786376953,66.23999786376953,45.15889358520508,13964200
2013-12-02,66.01000213623047,66.11000061035156,65.73999786376953,65.75,44.82484817504883,17686300
2013-12-03,65.41999816894531,65.54000091552734,65.08999633789062,65.29000091552734,44.51123809814453,14776300
2013-12-04,64.52999877929688,65.0,64.5199966430664,64.94000244140625,44.272621154785156,18603800
2013-12-05,64.7300033569336,64.87000274658203,64.4800033569336,64.56999969482422,44.02037811279297,13115500
2013-12-06,65.12999725341797,65.4000015258789,65.01000213623047,65.37000274658203,44.56576156616211,12965100
2013-12-09,65.25,65.41000366210938,65.20999908447266,65.30000305175781,44.5180549621582,11275800
2013-12-10,65.1500015258789,65.29000091552734,65.0,65.19000244140625,44.44306182861328,13978200
2013-12-11,65.19999694824219,65.20999908447266,64.55000305175781,64.58000183105469,44.027191162109375,14151000
2013-12-12,64.27999877929688,64.33999633789062,63.95000076293945,64.11000061035156,43.70676803588867,14118200
2013-12-13,64.0999984741211,64.1500015258789,63.849998474121094,64.06999969482422,43.679500579833984,12214200
2013-12-16,64.51000213623047,64.7300033569336,64.47000122070312,64.52999877929688,43.993099212646484,13338900
2013-12-17,64.36000061035156,64.37999725341797,64.08000183105469,64.25,43.80221176147461,15966500
2013-12-18,64.22000122070312,64.86000061035156,63.5,64.69999694824219,44.491249084472656,28970800
2013-12-19,64.48999786376953,64.80999755859375,64.41999816894531,64.69999694824219,44.491249084472656,20647100
2013-12-20,64.91000366210938,65.18000030517578,64.87999725341797,65.06999969482422,44.74567794799805,18427500
2013-12-23,65.48999786376953,65.76000213623047,65.4000015258789,65.73999786376953,45.20640182495117,15767500
2013-12-24,65.62999725341797,65.87000274658203,65.55999755859375,65.87000274658203,45.29579544067383,6708500
2013-12-26,66.16000366210938,66.27999877929688,66.1500015258789,66.2300033569336,45.543357849121094,8510500
2013-12-27,66.76000213623047,66.7699966430664,66.51000213623047,66.56999969482422,45.77715301513672,18585400
2013-12-30,66.73999786376953,66.91000366210938,66.68000030517578,66.8499984741211,45.96969985961914,14432400
2013-12-31,67.04000091552734,67.36000061035156,67.0,67.0999984741211,46.14161682128906,21704700
2014-01-02,66.20999908447266,66.2699966430664,65.73999786376953,65.91000366210938,45.32331085205078,26240600
2014-01-03,66.0199966430664,66.19000244140625,65.87000274658203,65.9800033569336,45.37144088745117,19270100
2014-01-06,66.05000305175781,66.11000061035156,65.83999633789062,65.9000015258789,45.31642532348633,14737600
2014-01-07,66.16999816894531,66.3499984741211,66.12999725341797,66.2699966430664,45.57085418701172,12075700
2014-01-08,66.31999969482422,66.37000274658203,66.0999984741211,66.25,45.557106018066406,17555600
2014-01-09,66.27999877929688,66.27999877929688,65.80000305175781,66.19999694824219,45.522727966308594,13128600
2014-01-10,66.5,66.8499984741211,66.43000030517578,66.80999755859375,45.94219207763672,19676400
2014-01-13,66.5199966430664,66.68000030517578,66.11000061035156,66.2300033569336,45.543357849121094,19464700
2014-01-14,66.41999816894531,66.80999755859375,66.22000122070312,66.76000213623047,45.90781021118164,12268900
2014-01-15,66.72000122070312,67.08000183105469,66.69000244140625,67.04000091552734,46.10035705566406,12388800
2014-01-16,66.93000030517578,67.01000213623047,66.69999694824219,67.01000213623047,46.07972717285156,21172000
2014-01-17,66.9800033569336,67.02999877929688,66.70999908447266,66.80999755859375,45.94219207763672,22526900
2014-01-21,67.19999694824219,67.22000122070312,66.81999969482422,67.12999725341797,46.1622428894043,18600200
2014-01-22,67.11000061035156,67.16999816894531,66.94999694824219,67.12999725341797,46.1622428894043,12664100
2014-01-23,66.88999938964844,66.91000366210938,66.41000366210938,66.68000030517578,45.85280227661133,17691700
2014-01-24,65.69000244140625,65.69999694824219,64.8499984741211,64.8499984741211,44.594390869140625,25036300
2014-01-27,64.87999725341797,64.93000030517578,64.1500015258789,64.55000305175781,44.38809585571289,21487100
2014-01-28,64.86000061035156,65.18000030517578,64.83000183105469,65.11000061035156,44.7731819152832,15857600
2014-01-29,64.26000213623047,64.72000122070312,64.19000244140625,64.37999725341797,44.27119445800781,21210400
2014-01-30,64.66000366210938,64.80999755859375,64.37999725341797,64.70999908447266,44.49811935424805,14681000
2014-01-31,63.33000183105469,64.0199966430664,63.310001373291016,63.61000061035156,43.741703033447266,39572600
2014-02-03,63.540000915527344,63.619998931884766,62.279998779296875,62.310001373291016,42.84774398803711,45762000
2014-02-04,62.77000045776367,63.06999969482422,62.58000183105469,63.029998779296875,43.34286117553711,26309300
2014-02-05,63.0,63.209999084472656,62.7599983215332,63.15999984741211,43.432254791259766,17503900
2014-02-06,63.720001220703125,64.30999755859375,63.709999084472656,64.27999877929688,44.202430725097656,16589100
2014-02-07,64.62000274658203,65.12999725341797,64.47000122070312,65.12000274658203,44.780059814453125,14500900
2014-02-10,64.93000030517578,64.94000244140625,64.75,64.9000015258789,44.62877655029297,13885400
2014-02-11,65.2699966430664,66.05000305175781,65.25,65.93000030517578,45.337066650390625,18061900
2014-02-12,65.94999694824219,66.11000061035156,65.8499984741211,66.04000091552734,45.412696838378906,14801400
2014-02-13,65.45999908447266,66.27999877929688,65.43000030517578,66.23999786376953,45.550235748291016,17329500
2014-02-14,66.16999816894531,66.55999755859375,66.0999984741211,66.48999786376953,45.722145080566406,18540700
2014-02-18,66.94000244140625,67.13999938964844,66.76000213623047,67.05999755859375,46.114105224609375,16668600
2014-02-19,66.91999816894531,67.22000122070312,66.56999969482422,66.61000061035156,45.804664611816406,13139900
2014-02-20,66.54000091552734,66.93000030517578,66.4000015258789,66.83999633789062,45.96281814575195,14098500
2014-02-21,67.1500015258789,67.33000183105469,66.95999908447266,66.97000122070312,46.05222702026367,12629800
2014-02-24,67.22000122070312,67.87000274658203,67.19000244140625,67.55000305175781,46.45106506347656,22573000
2014-02-25,67.56999969482422,67.76000213623047,67.2699966430664,67.38999938964844,46.34103012084961,16833800
2014-02-26,67.26000213623047,67.33000183105469,66.94000244140625,67.16000366210938,46.18287658691406,14872400
2014-02-27,66.9800033569336,67.41000366210938,66.8499984741211,67.38999938964844,46.34103012084961,11392500
2014-02-28,67.5,67.87000274658203,67.30000305175781,67.51000213623047,46.423561096191406,41960000
2014-03-03,66.37999725341797,66.54000091552734,65.91000366210938,66.08000183105469,45.440208435058594,27783400
2014-03-04,67.4000015258789,67.48999786376953,67.29000091552734,67.38999938964844,46.34103012084961,29272000
2014-03-05,67.29000091552734,67.45999908447266,67.20999908447266,67.33000183105469,46.299781799316406,16872800
2014-03-06,68.0199966430664,68.19000244140625,67.93000030517578,68.02999877929688,46.781131744384766,15087000
2014-03-07,67.91000366210938,67.95999908447266,67.31999969482422,67.66000366210938,46.52669143676758,21133800
2014-03-10,67.20999908447266,67.29000091552734,66.83000183105469,67.23999786376953,46.23788070678711,23329100
2014-03-11,67.11000061035156,67.33999633789062,66.68000030517578,66.75,45.90093231201172,17811900
2014-03-12,66.16000366210938,66.5999984741211,66.01000213623047,66.5,45.7290153503418,14151000
2014-03-13,66.63999938964844,66.69000244140625,65.13999938964844,65.26000213623047,44.876338958740234,35340200
2014-03-14,64.87000274658203,65.43000030517578,64.87000274658203,65.12000274658203,44.780059814453125,24796000
2014-03-17,65.62999725341797,66.0199966430664,65.5999984741211,65.94000244140625,45.343936920166016,24052700
2014-03-18,65.98999786376953,66.4800033569336,65.9800033569336,66.3499984741211,45.62586975097656,19417000
2014-03-19,66.27999877929688,66.30999755859375,65.12000274658203,65.54000091552734,45.068878173828125,22330200
2014-03-20,64.95999908447266,65.41999816894531,64.81999969482422,65.29000091552734,44.89696502685547,18788100
2014-03-21,65.61000061035156,65.80999755859375,65.12000274658203,65.16000366210938,44.80757522583008,17668300
2014-03-24,65.61000061035156,65.6500015258789,64.93000030517578,65.33000183105469,44.924461364746094,17552900
2014-03-25,65.83000183105469,66.19000244140625,65.62999725341797,66.04000091552734,45.412696838378906,20785500
2014-03-26,66.56999969482422,66.5999984741211,66.0199966430664,66.02999877929688,45.40582275390625,27028900
2014-03-27,66.27999877929688,66.48999786376953,66.13999938964844,66.36000061035156,45.63275146484375,22352000
2014-03-28,66.86000061035156,67.05999755859375,66.80000305175781,66.86000061035156,45.9765739440918,13875500
2014-03-31,67.37000274658203,67.47000122070312,67.13999938964844,67.19999694824219,46.21038055419922,24498300
2014-04-01,67.5999984741211,67.66999816894531,67.44000244140625,67.62999725341797,46.50606918334961,13738100
2014-04-02,67.63999938964844,67.9000015258789,67.55999755859375,67.76000213623047,46.595462799072266,15497500
2014-04-03,67.68000030517578,67.7699966430664,67.38999938964844,67.56999969482422,46.464813232421875,14943500
2014-04-04,67.83999633789062,67.94000244140625,67.26000213623047,67.36000061035156,46.32040786743164,20967400
2014-04-07,67.26000213623047,67.36000061035156,66.88999938964844,67.04000091552734,46.10035705566406,16647900
2014-04-08,66.79000091552734,67.13999938964844,66.7300033569336,67.0,46.07284164428711,12246200
2014-04-09,67.55000305175781,67.9000015258789,67.2699966430664,67.86000061035156,46.66423416137695,18492100
2014-04-10,67.55000305175781,67.62000274658203,66.5999984741211,66.66000366210938,45.83904266357422,23677900
2014-04-11,66.3499984741211,66.76000213623047,66.25,66.26000213623047,45.56398391723633,18550700
2014-04-14,66.5999984741211,66.76000213623047,66.31999969482422,66.63999938964844,45.825294494628906,13239000
2014-04-15,66.52999877929688,66.62999725341797,65.68000030517578,66.36000061035156,45.63275146484375,21055100
2014-04-16,66.91000366210938,67.20999908447266,66.7300033569336,67.18000030517578,46.19662857055664,19643900
2014-04-17,67.27999877929688,67.63999938964844,67.12999725341797,67.52999877929688,46.43730926513672,19204100
2014-04-21,67.52999877929688,67.6500015258789,67.41000366210938,67.62000274658203,46.49919128417969,10723800
2014-04-22,67.83000183105469,67.97000122070312,67.76000213623047,67.9000015258789,46.69173812866211,12342500
2014-04-23,67.83999633789062,67.83999633789062,67.62999725341797,67.73999786376953,46.58171081542969,11595300
2014-04-24,67.72000122070312,67.79000091552734,67.27999877929688,67.7300033569336,46.57484817504883,17646700
2014-04-25,67.61000061035156,67.62999725341797,67.19999694824219,67.4000015258789,46.34791564941406,19435900
2014-04-28,67.62000274658203,67.77999877929688,67.13999938964844,67.61000061035156,46.4923210144043,19986000
2014-04-29,67.95999908447266,68.19000244140625,67.88999938964844,68.05000305175781,46.79489517211914,16162500
2014-04-30,68.05000305175781,68.4000015258789,67.95999908447266,68.31999969482422,46.980552673339844,29172800
2014-05-01,68.38999938964844,68.62000274658203,68.30000305175781,68.51000213623047,47.11121368408203,17645400
2014-05-02,68.26000213623047,68.54000091552734,68.19000244140625,68.4000015258789,47.03556442260742,14332800
2014-05-05,67.9000015258789,68.37999725341797,67.76000213623047,68.3499984741211,47.00118637084961,18715300
2014-05-06,68.36000061035156,68.4000015258789,68.16000366210938,68.2300033569336,46.91865921020508,10209100
2014-05-07,68.20999908447266,68.3499984741211,67.94000244140625,68.30999755859375,46.97367477416992,12801700
2014-05-08,68.41000366210938,68.63999938964844,68.22000122070312,68.31999969482422,46.980552673339844,13187500
2014-05-09,68.2699966430664,68.31999969482422,67.9800033569336,68.22000122070312,46.91178512573242,8089900
2014-05-12,68.4800033569336,68.69000244140625,68.41999816894531,68.66999816894531,47.22121810913086,13953600
2014-05-13,68.7699966430664,68.80000305175781,68.61000061035156,68.7699966430664,47.290000915527344,18673500
2014-05-14,68.75,68.9000015258789,68.55000305175781,68.63999938964844,47.20060729980469,15816700
2014-05-15,68.48999786376953,68.52999877929688,68.08000183105469,68.33999633789062,46.99430847167969,20007500
2014-05-16,68.3499984741211,68.48999786376953,68.2300033569336,68.48999786376953,47.09745788574219,12874500
2014-05-19,68.12000274658203,68.4000015258789,68.0999984741211,68.3499984741211,47.00118637084961,9415200
2014-05-20,68.11000061035156,68.1500015258789,67.72000122070312,67.91999816894531,46.70549392700195,13695200
2014-05-21,68.19999694824219,68.47000122070312,68.16999816894531,68.44999694824219,47.0699462890625,10953400
2014-05-22,68.45999908447266,68.61000061035156,68.41000366210938,68.54000091552734,47.131839752197266,8121800
2014-05-23,68.48999786376953,68.79000091552734,68.48999786376953,68.72000122070312,47.255611419677734,7649000
2014-05-27,69.22000122070312,69.26000213623047,68.9800033569336,69.20999908447266,47.59257125854492,9819700
2014-05-28,69.0199966430664,69.05999755859375,68.8499984741211,68.9800033569336,47.43440246582031,8894300
2014-05-29,69.27999877929688,69.4000015258789,69.13999938964844,69.4000015258789,47.72321701049805,16668400
2014-05-30,69.31999969482422,69.44999694824219,69.26000213623047,69.41000366210938,47.730098724365234,15728200
2014-06-02,69.63999938964844,69.63999938964844,69.4000015258789,69.55000305175781,47.826358795166016,8915100
2014-06-03,69.31999969482422,69.41000366210938,69.29000091552734,69.37999725341797,47.70946502685547,9629100
2014-06-04,69.2300033569336,69.43000030517578,69.16000366210938,69.36000061035156,47.69571304321289,10850800
2014-06-05,69.55999755859375,69.9000015258789,69.30999755859375,69.83999633789062,48.025787353515625,11099400
2014-06-06,70.0199966430664,70.22000122070312,69.91000366210938,70.22000122070312,48.28709411621094,11780100
2014-06-09,69.94999694824219,70.19000244140625,69.91999816894531,70.1500015258789,48.23896026611328,12685200
2014-06-10,69.8499984741211,70.0,69.73999786376953,70.0,48.13582229614258,11347600
2014-06-11,69.69000244140625,69.77999877929688,69.56999969482422,69.6500015258789,47.895145416259766,8827200
2014-06-12,69.87000274658203,69.94000244140625,69.55000305175781,69.66999816894531,47.90888977050781,10679500
2014-06-13,69.72000122070312,69.86000061035156,69.55000305175781,69.72000122070312,47.943267822265625,22214700
2014-06-16,69.5999984741211,69.80999755859375,69.55999755859375,69.73999786376953,47.95701599121094,9584600
2014-06-17,69.41000366210938,69.69999694824219,69.38999938964844,69.69000244140625,47.922637939453125,9222700
2014-06-18,69.7699966430664,70.30999755859375,69.54000091552734,70.29000091552734,48.335235595703125,14870300
2014-06-19,70.7300033569336,70.79000091552734,70.54000091552734,70.66999816894531,48.596534729003906,12490400
2014-06-20,70.56999969482422,70.61000061035156,70.41999816894531,70.55000305175781,48.5140266418457,16113100
2014-06-23,70.2300033569336,70.38999938964844,70.04000091552734,70.36000061035156,48.383358001708984,9836000
2014-06-24,70.20999908447266,70.27999877929688,69.83999633789062,69.91999816894531,48.08079528808594,17809900
2014-06-25,67.88999938964844,68.27999877929688,67.87999725341797,68.22000122070312,48.06388854980469,17373100
2014-06-26,68.12000274658203,68.27999877929688,67.66999816894531,68.2699966430664,48.099124908447266,14342000
2014-06-27,68.04000091552734,68.33999633789062,67.97000122070312,68.30999755859375,48.12730407714844,9721300
2014-06-30,68.16000366210938,68.44000244140625,68.1500015258789,68.37000274658203,48.169578552246094,16580700
2014-07-01,68.72000122070312,69.08000183105469,68.68000030517578,68.97000122070312,48.59229278564453,12975000
2014-07-02,68.94999694824219,69.08999633789062,68.87000274658203,69.08000183105469,48.6697998046875,11254400
2014-07-03,69.05999755859375,69.29000091552734,69.02999877929688,69.22000122070312,48.768428802490234,7757300
2014-07-07,68.69000244140625,68.79000091552734,68.58000183105469,68.68000030517578,48.38798141479492,8533400
2014-07-08,68.27999877929688,68.29000091552734,67.77999877929688,67.95999908447266,47.880714416503906,11505200
2014-07-09,67.88999938964844,68.2699966430664,67.8499984741211,68.18000030517578,48.03569793701172,15042700
2014-07-10,66.95999908447266,67.44999694824219,66.91999816894531,67.43000030517578,47.507301330566406,12905700
2014-07-11,67.33999633789062,67.5199966430664,67.16999816894531,67.47000122070312,47.53549575805664,11225800
2014-07-14,68.11000061035156,68.12000274658203,67.94000244140625,67.97000122070312,47.88775634765625,9020800
2014-07-15,68.02999877929688,68.08999633789062,67.5199966430664,67.80000305175781,47.767982482910156,12444500
2014-07-16,68.27999877929688,68.31999969482422,68.11000061035156,68.22000122070312,48.06388854980469,9427600
2014-07-17,67.81999969482422,68.0999984741211,67.30999755859375,67.3499984741211,47.45094680786133,15085100
2014-07-18,67.5199966430664,67.98999786376953,67.4800033569336,67.87999725341797,47.8243522644043,11615300
2014-07-21,67.45999908447266,67.66999816894531,67.31999969482422,67.62999725341797,47.6482048034668,12114800
2014-07-22,67.98999786376953,68.05999755859375,67.88999938964844,67.93000030517578,47.85957717895508,12232800
2014-07-23,68.19999694824219,68.19999694824219,68.0,68.06999969482422,47.95820999145508,8668200
2014-07-24,68.26000213623047,68.31999969482422,68.13999938964844,68.2300033569336,48.07093048095703,6826200
2014-07-25,68.11000061035156,68.1500015258789,67.69000244140625,67.94999694824219,47.8736572265625,8885700
2014-07-28,67.95999908447266,68.05999755859375,67.58000183105469,67.95999908447266,47.880714416503906,8065900
2014-07-29,68.1500015258789,68.19000244140625,67.77999877929688,67.81999969482422,47.782073974609375,9154800
2014-07-30,67.81999969482422,67.95999908447266,67.45999908447266,67.72000122070312,47.71161651611328,11169300
2014-07-31,67.02999877929688,67.12000274658203,66.5199966430664,66.58999633789062,46.91548538208008,26161000
2014-08-01,66.31999969482422,66.56999969482422,66.0,66.12999725341797,46.59139633178711,25398300
2014-08-04,66.41000366210938,66.55999755859375,66.02999877929688,66.44000244140625,46.80980682373047,15220800
2014-08-05,66.06999969482422,66.12000274658203,65.45999908447266,65.58999633789062,46.2109489440918,20914100
2014-08-06,65.08999633789062,65.61000061035156,65.08000183105469,65.43000030517578,46.098209381103516,16592700
2014-08-07,65.56999969482422,65.63999938964844,64.7300033569336,64.9000015258789,45.724815368652344,17344900
2014-08-08,64.83999633789062,65.31999969482422,64.70999908447266,65.27999877929688,45.99253463745117,15434200
2014-08-11,65.56999969482422,65.69000244140625,65.47000122070312,65.52999877929688,46.168678283691406,10497600
2014-08-12,65.43000030517578,65.58000183105469,65.31999969482422,65.4800033569336,46.13344192504883,12398400
2014-08-13,65.87000274658203,65.98999786376953,65.72000122070312,65.8499984741211,46.394126892089844,12378700
2014-08-14,66.0999984741211,66.20999908447266,66.0,66.19999694824219,46.640716552734375,11941600
2014-08-15,66.51000213623047,66.62000274658203,65.5999984741211,66.12999725341797,46.59139633178711,23432900
2014-08-18,66.43000030517578,66.58999633789062,66.38999938964844,66.55999755859375,46.894351959228516,11630700
2014-08-19,66.58999633789062,66.72000122070312,66.55999755859375,66.72000122070312,47.007080078125,8514300
2014-08-20,66.33000183105469,66.5999984741211,66.31999969482422,66.51000213623047,46.859127044677734,11419400
2014-08-21,66.69000244140625,66.88999938964844,66.6500015258789,66.79000091552734,47.056392669677734,8522800
2014-08-22,66.5999984741211,66.6500015258789,66.23999786376953,66.47000122070312,46.83094024658203,9000900
2014-08-25,66.77999877929688,67.08000183105469,66.73999786376953,66.9000015258789,47.13389587402344,13867600
2014-08-26,66.9800033569336,67.19000244140625,66.88999938964844,66.91000366210938,47.14094161987305,22103600
2014-08-27,67.19000244140625,67.19999694824219,66.97000122070312,67.04000091552734,47.2325325012207,10792900
2014-08-28,66.62999725341797,66.79000091552734,66.56999969482422,66.73999786376953,47.02117156982422,10674300
2014-08-29,66.72000122070312,66.7699966430664,66.45999908447266,66.70999908447266,47.00003433227539,19832700
2014-09-02,66.91000366210938,66.91000366210938,66.61000061035156,66.83999633789062,47.091617584228516,14537000
2014-09-03,67.44999694824219,67.47000122070312,67.19000244140625,67.30999755859375,47.422752380371094,15490700
2014-09-04,67.22000122070312,67.41000366210938,66.83000183105469,66.98999786376953,47.197303771972656,11043000
2014-09-05,66.80000305175781,67.0199966430664,66.63999938964844,67.0,47.2043571472168,9374300
2014-09-08,66.5,66.61000061035156,66.16000366210938,66.29000091552734,46.70412063598633,13282600
2014-09-09,66.20999908447266,66.20999908447266,65.87999725341797,66.0999984741211,46.57027053833008,15015000
2014-09-10,66.0999984741211,66.4800033569336,66.02999877929688,66.4800033569336,46.83799362182617,14634800
2014-09-11,66.01000213623047,66.13999938964844,65.83999633789062,66.11000061035156,46.577301025390625,12136700
2014-09-12,66.05000305175781,66.0999984741211,65.83999633789062,66.0199966430664,46.513893127441406,12022900
2014-09-15,65.93000030517578,65.97000122070312,65.76000213623047,65.87999725341797,46.415252685546875,8709500
2014-09-16,65.52999877929688,66.25,65.51000213623047,66.16000366210938,46.61253356933594,14405100
2014-09-17,65.97000122070312,66.0999984741211,65.52999877929688,65.69000244140625,46.28139877319336,19753900
2014-09-18,66.05999755859375,66.26000213623047,66.05000305175781,66.19999694824219,46.640716552734375,14467500
2014-09-19,66.29000091552734,66.30999755859375,65.91999816894531,65.97000122070312,46.47867965698242,11800500
2014-09-22,65.88999938964844,65.9000015258789,65.52999877929688,65.68000030517578,46.274356842041016,29390800
2014-09-23,65.23999786376953,65.44000244140625,65.05000305175781,65.12999725341797,45.88685607910156,18721700
2014-09-24,65.13999938964844,65.51000213623047,64.94999694824219,65.45999908447266,46.11935806274414,12589900
2014-09-25,65.12000274658203,65.12000274658203,64.43000030517578,64.5,45.4429931640625,15639300
2014-09-26,64.70999908447266,64.97000122070312,64.55000305175781,64.7699966430664,45.633216857910156,14040200
2014-09-29,64.08000183105469,64.3499984741211,63.9900016784668,64.16999816894531,45.21049499511719,17351800
2014-09-30,63.9900016784668,64.33000183105469,63.849998474121094,64.12000274658203,45.17527389526367,17807600
2014-10-01,63.75,63.83000183105469,63.22999954223633,63.36000061035156,44.63981628417969,21791100
2014-10-02,63.0099983215332,63.08000183105469,62.099998474121094,62.68000030517578,44.16072463989258,21687600
2014-10-03,62.59000015258789,62.7599983215332,62.43000030517578,62.68000030517578,44.16072463989258,11116900
2014-10-06,63.02000045776367,63.16999816894531,62.66999816894531,63.08000183105469,44.44253921508789,16614000
2014-10-07,62.65999984741211,62.689998626708984,62.0,62.0099983215332,43.68868637084961,15615700
2014-10-08,62.08000183105469,63.09000015258789,61.849998474121094,62.9900016784668,44.3791389465332,18310300
2014-10-09,62.380001068115234,62.5099983215332,61.22999954223633,61.29999923706055,43.18846130371094,23813400
2014-10-10,61.0099983215332,61.18000030517578,60.36000061035156,60.380001068115234,42.540279388427734,26414400
2014-10-13,61.04999923706055,61.20000076293945,60.279998779296875,60.29999923706055,42.48391342163086,16363600
2014-10-14,60.7400016784668,60.95000076293945,60.34000015258789,60.45000076293945,42.589599609375,22292200
2014-10-15,60.04999923706055,60.15999984741211,58.970001220703125,60.09000015258789,42.335968017578125,37303900
2014-10-16,58.68000030517578,60.09000015258789,58.61000061035156,59.529998779296875,41.941410064697266,49006500
2014-10-17,60.459999084472656,60.79999923706055,60.279998779296875,60.63999938964844,42.72345733642578,22794100
2014-10-20,60.56999969482422,61.119998931884766,60.54999923706055,61.02000045776367,42.991188049316406,22996200
2014-10-21,61.34000015258789,61.79999923706055,61.290000915527344,61.75,43.50550842285156,16849600
2014-10-22,61.709999084472656,61.880001068115234,61.25,61.29999923706055,43.18846130371094,13982300
2014-10-23,61.81999969482422,62.209999084472656,61.75,61.88999938964844,43.60413360595703,17097000
2014-10-24,62.060001373291016,62.25,61.869998931884766,62.22999954223633,43.84367370605469,12251100
2014-10-27,61.68000030517578,62.15999984741211,61.59000015258789,61.880001068115234,43.59709167480469,17838400
2014-10-28,62.529998779296875,62.83000183105469,62.45000076293945,62.81999969482422,44.25936508178711,14653100
2014-10-29,63.0,63.119998931884766,62.13999938964844,62.34000015258789,43.92118453979492,21781800
2014-10-30,62.13999938964844,62.97999954223633,62.08000183105469,62.790000915527344,44.23822784423828,14596000
2014-10-31,63.709999084472656,63.97999954223633,63.529998779296875,63.95000076293945,45.05549240112305,22786800
2014-11-03,63.52000045776367,63.61000061035156,63.20000076293945,63.400001525878906,44.668006896972656,14384800
2014-11-04,62.939998626708984,63.06999969482422,62.65999984741211,63.040000915527344,44.41436004638672,12741800
2014-11-05,63.18000030517578,63.25,62.880001068115234,63.15999984741211,44.498905181884766,13033500
2014-11-06,63.02000045776367,63.18000030517578,62.65999984741211,62.81999969482422,44.25936508178711,13624500
2014-11-07,62.61000061035156,62.869998931884766,62.380001068115234,62.849998474121094,44.2805061340332,10950900
2014-11-10,63.09000015258789,63.20000076293945,62.900001525878906,63.130001068115234,44.47776794433594,10235200
2014-11-11,63.290000915527344,63.58000183105469,63.15999984741211,63.5099983215332,44.74549102783203,12372800
2014-11-12,62.810001373291016,63.08000183105469,62.79999923706055,62.970001220703125,44.36504364013672,9970700
2014-11-13,63.040000915527344,63.400001525878906,63.0,63.27000045776367,44.5764045715332,18654700
2014-11-14,62.880001068115234,63.38999938964844,62.869998931884766,63.36000061035156,44.63981628417969,13368600
2014-11-17,62.84000015258789,63.16999816894531,62.810001373291016,63.11000061035156,44.463680267333984,11203700
2014-11-18,63.58000183105469,63.90999984741211,63.540000915527344,63.79999923706055,44.94981384277344,19695400
2014-11-19,63.630001068115234,63.83000183105469,63.34000015258789,63.61000061035156,44.81595230102539,13908800
2014-11-20,62.970001220703125,63.400001525878906,62.95000076293945,63.22999954223633,44.5482292175293,16494400
2014-11-21,64.0199966430664,64.05999755859375,63.56999969482422,63.779998779296875,44.93572235107422,22414400
2014-11-24,64.05999755859375,64.16000366210938,63.93000030517578,64.1500015258789,45.196407318115234,16662600
2014-11-25,64.16000366210938,64.33000183105469,64.0199966430664,64.26000213623047,45.273902893066406,18289600
2014-11-26,64.33999633789062,64.54000091552734,64.23999786376953,64.51000213623047,45.450035095214844,9788000
2014-11-28,64.0999984741211,64.16000366210938,63.939998626708984,63.9900016784668,45.08367919921875,8429300
2014-12-01,64.02999877929688,64.08000183105469,63.72999954223633,63.93000030517578,45.04140090942383,14827800
2014-12-02,64.05999755859375,64.12999725341797,63.91999816894531,64.11000061035156,45.16822814941406,19349300
2014-12-03,63.95000076293945,64.08999633789062,63.86000061035156,64.02999877929688,45.111854553222656,10722400
2014-12-04,63.86000061035156,64.08999633789062,63.61000061035156,63.81999969482422,44.963905334472656,18286400
2014-12-05,63.97999954223633,64.16000366210938,63.810001373291016,63.959999084472656,45.06254196166992,13947000
2014-12-08,63.59000015258789,63.709999084472656,63.349998474121094,63.400001525878906,44.668006896972656,14590200
2014-12-09,62.810001373291016,63.11000061035156,62.619998931884766,63.060001373291016,44.42844772338867,18136300
2014-12-10,62.900001525878906,62.900001525878906,62.15999984741211,62.2599983215332,43.86481857299805,27669700
2014-12-11,62.36000061035156,62.68000030517578,62.11000061035156,62.18000030517578,43.80845642089844,19542600
2014-12-12,62.0099983215332,62.119998931884766,60.939998626708984,60.97999954223633,42.9630012512207,31169600
2014-12-15,61.15999984741211,61.2599983215332,59.779998779296875,59.970001220703125,42.251426696777344,38599900
2014-12-16,60.02000045776367,61.15999984741211,59.91999816894531,60.400001525878906,42.55436325073242,38250500
2014-12-17,60.02000045776367,60.959999084472656,59.9900016784668,60.529998779296875,43.06303787231445,28795300
2014-12-18,61.220001220703125,61.70000076293945,61.119998931884766,61.61000061035156,43.83139419555664,33053700
2014-12-19,61.470001220703125,61.880001068115234,61.33000183105469,61.70000076293945,43.895423889160156,29690700
2014-12-22,61.970001220703125,62.040000915527344,61.75,62.0,44.10886001586914,24782500
2014-12-23,61.869998931884766,61.95000076293945,61.709999084472656,61.79999923706055,43.9665641784668,21929200
2014-12-24,61.880001068115234,62.220001220703125,61.779998779296875,62.08000183105469,44.16576385498047,12379400
2014-12-26,62.27000045776367,62.349998474121094,62.189998626708984,62.2400016784668,44.27959060668945,17681100
2014-12-29,61.709999084472656,62.0099983215332,61.70000076293945,61.790000915527344,43.959449768066406,22005600
2014-12-30,61.439998626708984,61.5,61.20000076293945,61.220001220703125,43.553932189941406,20271600
2014-12-31,61.45000076293945,61.459999084472656,60.810001373291016,60.84000015258789,43.28358459472656,22495000
2015-01-02,61.04999923706055,61.130001068115234,60.459999084472656,60.58000183105469,43.09861755371094,24674800
2015-01-05,59.72999954223633,59.779998779296875,59.0,59.150001525878906,42.081268310546875,28468200
2015-01-06,59.099998474121094,59.310001373291016,58.290000915527344,58.47999954223633,41.60460662841797,21711600
2015-01-07,58.95000076293945,59.22999954223633,58.56999969482422,59.130001068115234,42.067039489746094,19048900
2015-01-08,59.4900016784668,60.13999938964844,59.459999084472656,59.93000030517578,42.636192321777344,16680000
2015-01-09,60.0,60.0,59.34000015258789,59.63999938964844,42.429866790771484,17938200
2015-01-12,59.709999084472656,59.7599983215332,59.209999084472656,59.5,42.33027267456055,18561200
2015-01-13,60.2400016784668,60.38999938964844,59.380001068115234,59.79999923706055,42.543704986572266,15396200
2015-01-14,59.5099983215332,59.75,59.220001220703125,59.630001068115234,42.42275619506836,16051900
2015-01-15,60.349998474121094,60.40999984741211,59.86000061035156,60.0099983215332,42.6931037902832,21885100
2015-01-16,60.08000183105469,60.84000015258789,59.9900016784668,60.790000915527344,43.248016357421875,29675500
2015-01-20,61.27000045776367,61.310001373291016,60.7599983215332,61.0,43.39741516113281,19318000
2015-01-21,60.97999954223633,61.5,60.88999938964844,61.47999954223633,43.73891067504883,26882500
2015-01-22,61.29999923706055,61.869998931884766,61.16999816894531,61.709999084472656,43.90253829956055,15610400
2015-01-23,61.599998474121094,61.77000045776367,61.34000015258789,61.36000061035156,43.65353012084961,19495700
2015-01-26,61.86000061035156,62.34000015258789,61.70000076293945,62.20000076293945,44.25114440917969,18463300
2015-01-27,62.06999969482422,62.41999816894531,61.93000030517578,62.290000915527344,44.31516647338867,20064300
2015-01-28,62.310001373291016,62.380001068115234,61.33000183105469,61.36000061035156,43.65353012084961,20033100
2015-01-29,61.88999938964844,62.25,61.66999816894531,62.20000076293945,44.25114440917969,31207900
2015-01-30,61.59000015258789,61.810001373291016,61.20000076293945,61.220001220703125,43.553932189941406,39271000
2015-02-02,61.630001068115234,62.099998474121094,61.459999084472656,61.959999084472656,44.08039093017578,24878700
2015-02-03,62.34000015258789,63.060001373291016,62.31999969482422,62.95000076293945,44.78472137451172,27679400
2015-02-04,62.619998931884766,62.95000076293945,62.380001068115234,62.43000030517578,44.414764404296875,17454200
2015-02-05,62.84000015258789,63.29999923706055,62.7599983215332,63.290000915527344,45.02659606933594,23933500
2015-02-06,62.689998626708984,62.900001525878906,62.31999969482422,62.5,44.46456527709961,18530100
2015-02-09,61.9900016784668,62.380001068115234,61.9900016784668,62.20000076293945,44.25114440917969,15940500
2015-02-10,62.59000015258789,62.81999969482422,62.310001373291016,62.77000045776367,44.65666580200195,14302500
2015-02-11,62.36000061035156,62.560001373291016,62.119998931884766,62.43000030517578,44.414764404296875,16405400
2015-02-12,62.86000061035156,63.40999984741211,62.86000061035156,63.400001525878906,45.10486602783203,16664700
2015-02-13,63.65999984741211,63.84000015258789,63.650001525878906,63.81999969482422,45.40365982055664,17919100
2015-02-17,63.70000076293945,64.0999984741211,63.540000915527344,63.970001220703125,45.51038360595703,13660300
2015-02-18,64.16000366210938,64.54000091552734,64.04000091552734,64.3499984741211,45.780723571777344,16777800
2015-02-19,64.3499984741211,64.66999816894531,64.30999755859375,64.43000030517578,45.83762741088867,17091000
2015-02-20,64.23999786376953,65.2699966430664,64.12999725341797,65.02999877929688,46.264488220214844,34658700
2015-02-23,64.68000030517578,64.91000366210938,64.62999725341797,64.80000305175781,46.10086441040039,13630900
2015-02-24,64.77999877929688,65.29000091552734,64.66000366210938,65.19999694824219,46.38544464111328,16373400
2015-02-25,65.0999984741211,65.33000183105469,65.0199966430664,65.25,46.42100143432617,10224800
2015-02-26,65.0999984741211,65.23999786376953,64.93000030517578,65.06999969482422,46.292938232421875,12791000
2015-02-27,65.12999725341797,65.3499984741211,65.02999877929688,65.0999984741211,46.31428146362305,22960900
2015-03-02,65.08000183105469,65.22000122070312,64.97000122070312,65.19999694824219,46.38544464111328,21297800
2015-03-03,64.95999908447266,65.05000305175781,64.62999725341797,64.80000305175781,46.10086441040039,12564400
2015-03-04,64.44000244140625,64.58999633789062,64.08000183105469,64.54000091552734,45.915889739990234,15625100
2015-03-05,64.73999786376953,64.88999938964844,64.56999969482422,64.69000244140625,46.022605895996094,15540900
2015-03-06,64.18000030517578,64.31999969482422,63.75,63.810001373291016,45.39655303955078,24040500
2015-03-09,63.779998779296875,63.9900016784668,63.709999084472656,63.90999984741211,45.46769332885742,11909000
2015-03-10,62.86000061035156,62.97999954223633,62.4900016784668,62.52000045776367,44.47879409790039,20980000
2015-03-11,62.630001068115234,62.81999969482422,62.38999938964844,62.68000030517578,44.592628479003906,20000400
2015-03-12,63.400001525878906,63.47999954223633,63.130001068115234,63.459999084472656,45.14754104614258,16362200
2015-03-13,62.95000076293945,63.13999938964844,62.689998626708984,63.09000015258789,44.88431930541992,16277200
2015-03-16,63.529998779296875,63.900001525878906,63.5,63.79999923706055,45.389434814453125,15828700
2015-03-17,63.47999954223633,63.72999954223633,63.29999923706055,63.63999938964844,45.27560043334961,16273300
2015-03-18,63.630001068115234,65.0999984741211,63.61000061035156,65.0,46.2431526184082,28290700
2015-03-19,64.23999786376953,64.41000366210938,64.06999969482422,64.23999786376953,45.70246124267578,20155100
2015-03-20,65.31999969482422,65.9000015258789,65.11000061035156,65.66000366210938,46.71269989013672,28789300
2015-03-23,65.87999725341797,66.12999725341797,65.72000122070312,65.98999786376953,46.947471618652344,13958700
2015-03-24,66.11000061035156,66.20999908447266,65.8499984741211,65.8499984741211,46.847869873046875,18037300
2015-03-25,66.08999633789062,66.19000244140625,65.5,65.54000091552734,46.627323150634766,17853700
2015-03-26,64.9800033569336,65.12000274658203,64.54000091552734,64.97000122070312,46.221805572509766,24344500
2015-03-27,64.9800033569336,65.20999908447266,64.81999969482422,65.13999938964844,46.34275436401367,16596700
2015-03-30,65.12999725341797,65.33000183105469,65.0999984741211,65.18000030517578,46.371212005615234,27480200
2015-03-31,64.13999938964844,64.54000091552734,64.06999969482422,64.16999816894531,45.65266418457031,27717200
2015-04-01,64.66000366210938,64.66000366210938,64.16999816894531,64.62999725341797,45.979915618896484,30907000
2015-04-02,65.01000213623047,65.23999786376953,64.93000030517578,65.19000244140625,46.378326416015625,15597200
2015-04-06,65.58999633789062,66.1500015258789,65.41000366210938,65.8499984741211,46.847869873046875,16304600
2015-04-07,65.94999694824219,66.23999786376953,65.7300033569336,65.76000213623047,46.78384017944336,13742900
2015-04-08,66.4000015258789,66.43000030517578,65.75,66.04000091552734,46.98303985595703,16148300
2015-04-09,66.0999984741211,66.13999938964844,65.80999755859375,66.12999725341797,47.047061920166016,17741100
2015-04-10,65.98999786376953,66.2699966430664,65.93000030517578,66.26000213623047,47.13956069946289,12665800
2015-04-13,65.95999908447266,66.12000274658203,65.72000122070312,65.83999633789062,46.84074783325195,15048700
2015-04-14,66.23999786376953,66.37000274658203,66.12999725341797,66.33000183105469,47.18935775756836,13929800
2015-04-15,66.51000213623047,66.73999786376953,66.22000122070312,66.62999725341797,47.40277862548828,13210600
2015-04-16,66.69999694824219,67.0,66.41000366210938,66.80999755859375,47.530845642089844,17461200
2015-04-17,65.94000244140625,66.04000091552734,65.69000244140625,65.97000122070312,46.93324661254883,18805200
2015-04-20,66.01000213623047,66.2300033569336,65.95999908447266,66.04000091552734,46.98303985595703,12557400
2015-04-21,66.62000274658203,66.79000091552734,66.48999786376953,66.62999725341797,47.40277862548828,10696800
2015-04-22,66.6500015258789,66.77999877929688,66.31999969482422,66.76000213623047,47.49526596069336,8776100
2015-04-23,66.38999938964844,67.11000061035156,66.3499984741211,67.01000213623047,47.67313003540039,12240700
2015-04-24,67.2699966430664,67.51000213623047,66.98999786376953,67.4000015258789,47.95059585571289,11090300
2015-04-27,67.7699966430664,68.05999755859375,67.66000366210938,67.7300033569336,48.185367584228516,18320600
2015-04-28,67.55999755859375,67.83000183105469,67.3499984741211,67.80999755859375,48.24226760864258,13769200
2015-04-29,67.30000305175781,67.5199966430664,66.95999908447266,67.22000122070312,47.822540283203125,19465500
2015-04-30,66.75,66.91999816894531,66.43000030517578,66.51000213623047,47.31741714477539,27726500
2015-05-01,66.86000061035156,67.4000015258789,66.6500015258789,67.25,47.8438720703125,28710200
2015-05-04,67.20999908447266,67.30000305175781,67.05000305175781,67.18000030517578,47.79407501220703,18863100
2015-05-05,66.9000015258789,66.91000366210938,66.08000183105469,66.18000030517578,47.0826530456543,21317400
2015-05-06,66.5999984741211,66.69999694824219,66.06999969482422,66.3499984741211,47.20358657836914,16573500
2015-05-07,66.05999755859375,66.22000122070312,65.8499984741211,66.12999725341797,47.047061920166016,17710600
2015-05-08,67.27999877929688,67.76000213623047,67.26000213623047,67.66000366210938,48.13555908203125,30634400
2015-05-11,67.16000366210938,67.37999725341797,67.04000091552734,67.06999969482422,47.71581268310547,14535400
2015-05-12,66.94999694824219,67.19999694824219,66.83000183105469,67.02999877929688,47.687355041503906,12054200
2015-05-13,67.72000122070312,67.9000015258789,67.43000030517578,67.52999877929688,48.04307174682617,14542800
2015-05-14,68.12999725341797,68.36000061035156,68.0,68.33999633789062,48.61933898925781,18271700
2015-05-15,68.11000061035156,68.4800033569336,67.9800033569336,68.41999816894531,48.676246643066406,14671800
2015-05-18,68.0999984741211,68.25,67.98999786376953,68.19000244140625,48.512630462646484,11873600
2015-05-19,67.91999816894531,68.08999633789062,67.83999633789062,67.93000030517578,48.32765197753906,11406600
2015-05-20,67.9000015258789,68.27999877929688,67.80000305175781,68.05999755859375,48.42013931274414,13862700
2015-05-21,68.16000366210938,68.5199966430664,68.11000061035156,68.41999816894531,48.676246643066406,11439500
2015-05-22,68.06999969482422,68.12999725341797,67.91999816894531,67.9800033569336,48.363224029541016,12172900
2015-05-26,67.36000061035156,67.38999938964844,66.62999725341797,66.76000213623047,47.49526596069336,20327400
2015-05-27,66.83999633789062,67.4800033569336,66.80999755859375,67.41000366210938,47.957706451416016,17786100
2015-05-28,67.05999755859375,67.36000061035156,66.76000213623047,67.29000091552734,47.87233352661133,12744700
2015-05-29,66.94999694824219,67.08000183105469,66.31999969482422,66.63999938964844,47.4099006652832,23778800
2015-06-01,66.80000305175781,66.8499984741211,66.19000244140625,66.45999908447266,47.28184509277344,19068900
2015-06-02,66.63999938964844,67.08999633789062,66.5199966430664,66.7699966430664,47.50239562988281,14239100
2015-06-03,67.02999877929688,67.4800033569336,67.02999877929688,67.13999938964844,47.76561737060547,21307800
2015-06-04,66.69999694824219,67.19000244140625,66.20999908447266,66.41999816894531,47.253387451171875,17187400
2015-06-05,65.47000122070312,65.87999725341797,65.23999786376953,65.62999725341797,46.691341400146484,14624100
2015-06-08,65.52999877929688,65.5999984741211,65.29000091552734,65.54000091552734,46.627323150634766,14677000
2015-06-09,65.19999694824219,65.36000061035156,64.87000274658203,65.18000030517578,46.371212005615234,13114600
2015-06-10,66.1500015258789,66.7300033569336,66.06999969482422,66.55000305175781,47.345882415771484,17291600
2015-06-11,66.80999755859375,66.94999694824219,66.43000030517578,66.7300033569336,47.47393798828125,20555100
2015-06-12,66.04000091552734,66.45999908447266,65.81999969482422,66.19999694824219,47.09687423706055,15305800
2015-06-15,65.38999938964844,65.8499984741211,65.33999633789062,65.80000305175781,46.812294006347656,15121100
2015-06-16,65.47000122070312,65.83999633789062,65.36000061035156,65.77999877929688,46.798065185546875,11991200
2015-06-17,65.54000091552734,65.79000091552734,64.98999786376953,65.62999725341797,46.691341400146484,17100700
2015-06-18,65.83000183105469,66.77999877929688,65.77999877929688,66.22000122070312,47.11110305786133,24587300
2015-06-19,66.16000366210938,66.26000213623047,66.0199966430664,66.05999755859375,46.99726867675781,15281900
2015-06-22,67.33000183105469,67.72000122070312,67.19000244140625,67.30999755859375,47.886558532714844,28716900
2015-06-23,67.41999816894531,67.5999984741211,67.4000015258789,67.48999786376953,48.01461410522461,13661300
2015-06-24,67.12999725341797,67.30000305175781,66.87000274658203,66.91000366210938,47.60199737548828,21326500
2015-06-25,66.06999969482422,66.06999969482422,65.72000122070312,65.7699966430664,47.58100509643555,16402800
2015-06-26,65.87000274658203,66.02999877929688,65.58000183105469,65.73999786376953,47.55929946899414,19240800
2015-06-29,64.43000030517578,64.66999816894531,63.56999969482422,63.720001220703125,46.09794616699219,33747100
2015-06-30,64.37000274658203,64.37999725341797,63.2599983215332,63.4900016784668,45.93155288696289,32195400
2015-07-01,64.2300033569336,64.31999969482422,63.650001525878906,63.900001525878906,46.22815704345703,31824800
2015-07-02,64.08000183105469,64.11000061035156,63.81999969482422,63.97999954223633,46.28603744506836,20988500
2015-07-06,62.63999938964844,63.2400016784668,62.4900016784668,62.689998626708984,45.3527946472168,21103800
2015-07-07,62.25,62.81999969482422,61.43000030517578,62.709999084472656,45.367271423339844,36633400
2015-07-08,61.720001220703125,61.7599983215332,61.119998931884766,61.25,44.3110237121582,32728200
2015-07-09,62.650001525878906,62.720001220703125,62.130001068115234,62.2599983215332,45.04171371459961,19963400
2015-07-10,64.18000030517578,64.38999938964844,63.86000061035156,64.30000305175781,46.51754379272461,28190400
2015-07-13,64.51000213623047,64.66999816894531,64.44000244140625,64.54000091552734,46.691162109375,14287600
2015-07-14,64.79000091552734,65.16000366210938,64.69999694824219,65.08000183105469,47.08184051513672,19816200
2015-07-15,64.91999816894531,65.06999969482422,64.66999816894531,64.83999633789062,46.908203125,14709600
2015-07-16,65.44999694824219,65.55999755859375,65.33999633789062,65.4000015258789,47.31333541870117,20763400
2015-07-17,65.37000274658203,65.37000274658203,65.20999908447266,65.29000091552734,47.23374938964844,14773600
2015-07-20,65.48999786376953,65.61000061035156,65.30999755859375,65.45999908447266,47.35674285888672,8767800
2015-07-21,65.23999786376953,65.37000274658203,65.13999938964844,65.2699966430664,47.219276428222656,14081800
2015-07-22,64.58999633789062,64.80999755859375,64.58999633789062,64.7699966430664,46.8575553894043,10181700
2015-07-23,64.87999725341797,64.9000015258789,64.48999786376953,64.5999984741211,46.73456954956055,10900900
2015-07-24,64.44999694824219,64.47000122070312,63.81999969482422,63.88999938964844,46.22092819213867,13709400
2015-07-27,63.7400016784668,63.75,63.31999969482422,63.41999816894531,45.88091278076172,19026100
2015-07-28,63.869998931884766,64.25,63.56999969482422,64.22000122070312,46.45966720581055,14788100
2015-07-29,64.16999816894531,64.66000366210938,64.12999725341797,64.44999694824219,46.62605285644531,15938900
2015-07-30,64.20999908447266,64.41000366210938,63.91999816894531,64.4000015258789,46.58988952636719,17496700
2015-07-31,64.9800033569336,65.0199966430664,64.58999633789062,64.77999877929688,46.86479949951172,20646900
2015-08-03,64.8499984741211,64.87999725341797,64.41000366210938,64.61000061035156,46.74181365966797,25131600
2015-08-04,64.75,64.86000061035156,64.51000213623047,64.66000366210938,46.77798080444336,13359000
2015-08-05,65.0199966430664,65.19000244140625,64.91999816894531,65.0,47.02395248413086,13602700
2015-08-06,64.87999725341797,64.95999908447266,64.54000091552734,64.7300033569336,46.82862091064453,12451300
2015-08-07,64.38999938964844,64.6500015258789,64.30999755859375,64.61000061035156,46.74181365966797,14351200
2015-08-10,64.77999877929688,65.43000030517578,64.7699966430664,65.4000015258789,47.31333541870117,13702900
2015-08-11,64.5,64.58000183105469,64.12999725341797,64.4000015258789,46.58988952636719,15705800
2015-08-12,63.52000045776367,63.939998626708984,63.150001525878906,63.939998626708984,46.25709915161133,27756600
2015-08-13,63.83000183105469,64.0199966430664,63.650001525878906,63.900001525878906,46.22815704345703,12709600
2015-08-14,63.68000030517578,64.02999877929688,63.619998931884766,64.0,46.30051040649414,16930100
2015-08-17,63.459999084472656,63.88999938964844,63.349998474121094,63.880001068115234,46.21369934082031,8885600
2015-08-18,63.470001220703125,63.599998474121094,63.279998779296875,63.400001525878906,45.866451263427734,10943800
2015-08-19,62.900001525878906,63.130001068115234,62.47999954223633,62.84000015258789,45.46131134033203,16573300
2015-08-20,62.119998931884766,62.220001220703125,61.29999923706055,61.31999969482422,44.36167526245117,32339100
2015-08-21,61.13999938964844,61.29999923706055,59.7599983215332,59.91999816894531,43.348854064941406,47017700
2015-08-24,57.349998474121094,59.119998931884766,56.5099983215332,57.849998474121094,41.851318359375,62952900
2015-08-25,60.380001068115234,60.38999938964844,58.29999923706055,58.400001525878906,42.24921417236328,50627000
2015-08-26,59.68000030517578,59.810001373291016,58.380001068115234,59.779998779296875,43.24756622314453,49202900
2015-08-27,60.06999969482422,60.70000076293945,59.970001220703125,60.5099983215332,43.77568054199219,39984000
2015-08-28,60.11000061035156,60.540000915527344,60.06999969482422,60.41999816894531,43.71057891845703,24230800
2015-08-31,60.040000915527344,60.27000045776367,59.7599983215332,59.970001220703125,43.385032653808594,35806800
2015-09-01,58.25,58.56999969482422,57.77000045776367,57.959999084472656,41.9308967590332,42250400
2015-09-02,58.93000030517578,58.939998626708984,58.20000076293945,58.81999969482422,42.55305480957031,23372700
2015-09-03,59.02000045776367,59.40999984741211,58.81999969482422,58.959999084472656,42.65433883666992,23500600
2015-09-04,57.709999084472656,57.939998626708984,57.34000015258789,57.61000061035156,41.677696228027344,25772900
2015-09-08,59.04999923706055,59.33000183105469,58.86000061035156,59.29999923706055,42.90031814575195,21504500
2015-09-09,60.22999954223633,60.25,59.0,59.060001373291016,42.726680755615234,29179700
2015-09-10,59.11000061035156,59.689998626708984,59.0,59.45000076293945,43.00883102416992,20800900
2015-09-11,59.02000045776367,59.439998626708984,58.90999984741211,59.439998626708984,43.0015983581543,12954100
2015-09-14,58.93000030517578,59.029998779296875,58.720001220703125,58.9900016784668,42.67604446411133,12187400
2015-09-15,58.880001068115234,59.439998626708984,58.790000915527344,59.38999938964844,42.965423583984375,18168800
2015-09-16,59.900001525878906,60.31999969482422,59.810001373291016,60.29999923706055,43.62375259399414,28218500
2015-09-17,59.939998626708984,61.02000045776367,59.91999816894531,60.33000183105469,43.64546203613281,24074700
2015-09-18,59.189998626708984,59.47999954223633,58.790000915527344,58.81999969482422,42.55305480957031,36952900
2015-09-21,59.0,59.11000061035156,58.540000915527344,58.790000915527344,42.53135299682617,17896300
2015-09-22,57.40999984741211,57.56999969482422,56.97999954223633,57.38999938964844,41.51853561401367,29234800
2015-09-23,57.470001220703125,57.52000045776367,56.900001525878906,57.119998931884766,41.323204040527344,17145200
2015-09-24,56.63999938964844,57.09000015258789,56.29999923706055,56.959999084472656,41.20745849609375,22895100
2015-09-25,57.81999969482422,57.939998626708984,57.220001220703125,57.459999084472656,41.56916809082031,21771400
2015-09-28,57.02000045776367,57.060001373291016,56.2400016784668,56.33000183105469,40.75168228149414,18785000
2015-09-29,56.130001068115234,56.36000061035156,55.880001068115234,56.25,40.69381332397461,20216400
2015-09-30,57.150001525878906,57.369998931884766,56.7400016784668,57.31999969482422,41.46788787841797,37769800
2015-10-01,57.66999816894531,57.779998779296875,56.9900016784668,57.5,41.59811019897461,20445200
2015-10-02,57.25,58.4900016784668,57.119998931884766,58.47999954223633,42.30708694458008,20793800
2015-10-05,59.220001220703125,59.66999816894531,59.220001220703125,59.63999938964844,43.14628219604492,27746500
2015-10-06,59.63999938964844,59.95000076293945,59.56999969482422,59.709999084472656,43.196929931640625,18133100
2015-10-07,60.369998931884766,60.619998931884766,59.959999084472656,60.459999084472656,43.7395133972168,20499100
2015-10-08,60.060001373291016,60.939998626708984,60.060001373291016,60.939998626708984,44.08676528930664,16875500
2015-10-09,61.04999923706055,61.189998626708984,60.849998474121094,61.04999923706055,44.16634750366211,16867900
2015-10-12,60.93000030517578,61.02000045776367,60.79999923706055,60.93000030517578,44.07952117919922,9238000
2015-10-13,60.119998931884766,60.630001068115234,60.099998474121094,60.15999984741211,43.52247619628906,19519200
2015-10-14,60.31999969482422,60.5099983215332,60.099998474121094,60.279998779296875,43.60928726196289,20762200
2015-10-15,60.7599983215332,61.34000015258789,60.70000076293945,61.310001373291016,44.35444259643555,21855600
2015-10-16,61.220001220703125,61.31999969482422,61.0099983215332,61.2599983215332,44.31827926635742,23372400
2015-10-19,61.0,61.060001373291016,60.810001373291016,61.04999923706055,44.16634750366211,11784700
2015-10-20,60.779998779296875,60.959999084472656,60.720001220703125,60.79999923706055,43.9854850769043,12930000
2015-10-21,61.16999816894531,61.20000076293945,60.72999954223633,60.77000045776367,43.963775634765625,12731700
2015-10-22,61.11000061035156,61.70000076293945,61.09000015258789,61.45000076293945,44.45572280883789,28347500
2015-10-23,61.9900016784668,62.189998626708984,61.79999923706055,62.060001373291016,44.897029876708984,16648500
2015-10-26,61.970001220703125,61.9900016784668,61.779998779296875,61.83000183105469,44.73063659667969,14032900
2015-10-27,61.369998931884766,61.47999954223633,61.20000076293945,61.290000915527344,44.3399772644043,14566400
2015-10-28,61.540000915527344,62.029998779296875,61.119998931884766,61.689998626708984,44.629337310791016,17326300
2015-10-29,60.959999084472656,61.290000915527344,60.959999084472656,61.2400016784668,44.303802490234375,12843000
2015-10-30,61.2599983215332,61.52000045776367,61.08000183105469,61.11000061035156,44.20975112915039,19115300
2015-11-02,61.439998626708984,61.689998626708984,61.369998931884766,61.689998626708984,44.629337310791016,14749700
2015-11-03,61.290000915527344,61.81999969482422,61.209999084472656,61.66999816894531,44.6148796081543,14282900
2015-11-04,61.720001220703125,61.75,61.150001525878906,61.33000183105469,44.3689079284668,21019300
2015-11-05,61.45000076293945,61.529998779296875,61.06999969482422,61.220001220703125,44.28932571411133,21648100
2015-11-06,60.84000015258789,61.0,60.540000915527344,60.939998626708984,44.08676528930664,17523200
2015-11-09,60.560001373291016,60.630001068115234,60.06999969482422,60.310001373291016,43.63100051879883,23887600
2015-11-10,60.029998779296875,60.290000915527344,59.93000030517578,60.27000045776367,43.6020622253418,14471900
2015-11-11,60.79999923706055,60.84000015258789,60.47999954223633,60.58000183105469,43.826324462890625,14220000
2015-11-12,60.060001373291016,60.290000915527344,59.790000915527344,59.790000915527344,43.25480270385742,31911300
2015-11-13,59.5,59.59000015258789,59.189998626708984,59.290000915527344,42.8930778503418,26248400
2015-11-16,59.34000015258789,60.04999923706055,59.31999969482422,60.040000915527344,43.435665130615234,16939200
2015-11-17,60.29999923706055,60.52000045776367,60.09000015258789,60.20000076293945,43.551414489746094,22458600
2015-11-18,60.38999938964844,60.83000183105469,60.27000045776367,60.75,43.94931411743164,15481000
2015-11-19,61.11000061035156,61.29999923706055,61.02000045776367,61.060001373291016,44.17357635498047,19981100
2015-11-20,61.2400016784668,61.349998474121094,60.880001068115234,60.91999816894531,44.07228469848633,18499800
2015-11-23,60.7599983215332,60.900001525878906,60.41999816894531,60.540000915527344,43.797386169433594,19432800
2015-11-24,60.099998474121094,60.63999938964844,60.060001373291016,60.54999923706055,43.80461883544922,21727000
2015-11-25,60.63999938964844,60.81999969482422,60.47999954223633,60.689998626708984,43.90589904785156,13351700
2015-11-27,60.7599983215332,60.79999923706055,60.650001525878906,60.70000076293945,43.91313934326172,6400400
2015-11-30,60.790000915527344,60.81999969482422,60.59000015258789,60.650001525878906,43.8769645690918,23366700
2015-12-01,61.13999938964844,61.33000183105469,60.97999954223633,61.290000915527344,44.3399772644043,34990700
2015-12-02,61.0099983215332,61.16999816894531,60.560001373291016,60.63999938964844,43.86973571777344,21426000
2015-12-03,60.95000076293945,60.97999954223633,60.099998474121094,60.349998474121094,43.65992736816406,26897100
2015-12-04,60.13999938964844,60.90999984741211,60.11000061035156,60.84000015258789,44.0144157409668,23382100
2015-12-07,60.560001373291016,60.59000015258789,60.22999954223633,60.45000076293945,43.732276916503906,29861700
2015-12-08,59.41999816894531,59.68000030517578,59.2400016784668,59.560001373291016,43.088409423828125,26323000
2015-12-09,59.56999969482422,60.02000045776367,58.9900016784668,59.290000915527344,42.8930778503418,26646700
2015-12-10,59.560001373291016,59.630001068115234,59.220001220703125,59.29999923706055,42.90031814575195,20267800
2015-12-11,58.5,58.59000015258789,58.09000015258789,58.16999816894531,42.08281707763672,29945000
2015-12-14,58.41999816894531,58.5,57.650001525878906,58.2599983215332,42.14793395996094,32246600
2015-12-15,58.619998931884766,58.81999969482422,58.41999816894531,58.54999923706055,42.357730865478516,37876700
2015-12-16,59.220001220703125,59.84000015258789,58.95000076293945,59.72999954223633,43.211387634277344,45167400
2015-12-17,59.65999984741211,59.66999816894531,58.959999084472656,58.970001220703125,42.661582946777344,40456800
2015-12-18,58.689998626708984,58.77000045776367,58.34000015258789,58.349998474121094,42.21303939819336,41659100
2015-12-21,58.5,58.560001373291016,57.84000015258789,58.11000061035156,42.408626556396484,28869600
2015-12-22,58.290000915527344,58.630001068115234,58.09000015258789,58.54999923706055,42.72972869873047,29319500
2015-12-23,59.099998474121094,59.560001373291016,59.06999969482422,59.529998779296875,43.444942474365234,29782200
2015-12-24,59.279998779296875,59.59000015258789,59.279998779296875,59.43000030517578,43.371971130371094,10950500
2015-12-28,59.29999923706055,59.33000183105469,59.099998474121094,59.290000915527344,43.26979446411133,28946900
2015-12-29,59.72999954223633,60.029998779296875,59.709999084472656,59.880001068115234,43.700374603271484,30796100
2015-12-30,59.650001525878906,59.7400016784668,59.47999954223633,59.52000045776367,43.43764877319336,18855500
2015-12-31,59.130001068115234,59.20000076293945,58.720001220703125,58.720001220703125,42.853816986083984,31818900
2016-01-04,57.81999969482422,57.849998474121094,57.150001525878906,57.81999969482422,42.196983337402344,34260200
2016-01-05,57.709999084472656,57.79999923706055,57.33000183105469,57.72999954223633,42.13130569458008,23891500
2016-01-06,56.529998779296875,56.91999816894531,56.45000076293945,56.779998779296875,41.43799591064453,22412600
2016-01-07,55.720001220703125,56.20000076293945,55.529998779296875,55.599998474121094,40.57683181762695,37579400
2016-01-08,55.93000030517578,55.9900016784668,54.84000015258789,54.93000030517578,40.08787155151367,31301100
2016-01-11,55.560001373291016,55.58000183105469,54.66999816894531,55.15999984741211,40.25572204589844,33017900
2016-01-12,55.630001068115234,55.709999084472656,54.95000076293945,55.41999816894531,40.445465087890625,29930200
2016-01-13,55.79999923706055,55.900001525878906,54.40999984741211,54.560001373291016,39.81783676147461,33481800
2016-01-14,54.77000045776367,55.5,54.36000061035156,55.2599983215332,40.328697204589844,35140200
2016-01-15,53.459999084472656,53.849998474121094,53.02000045776367,53.2599983215332,38.869102478027344,60554300
2016-01-19,54.189998626708984,54.220001220703125,53.369998931884766,53.75,39.22670364379883,35709800
2016-01-20,52.65999984741211,52.86000061035156,51.52000045776367,52.529998779296875,38.33635330200195,47944200
2016-01-21,52.31999969482422,53.22999954223633,51.93000030517578,52.91999816894531,38.620967864990234,48974700
2016-01-22,54.20000076293945,54.540000915527344,54.08000183105469,54.47999954223633,39.75945281982422,44855900
2016-01-25,54.060001373291016,54.279998779296875,53.709999084472656,53.75,39.22670364379883,36799400
2016-01-26,54.04999923706055,54.7400016784668,53.97999954223633,54.709999084472656,39.927303314208984,26789300
2016-01-27,54.599998474121094,55.15999984741211,54.150001525878906,54.36000061035156,39.6718864440918,32829200
2016-01-28,54.86000061035156,54.93000030517578,54.04999923706055,54.52000045776367,39.78865051269531,31267000
2016-01-29,54.75,55.52000045776367,54.70000076293945,55.47999954223633,40.489253997802734,37109700
2016-02-01,55.02000045776367,55.58000183105469,54.83000183105469,55.41999816894531,40.445465087890625,31082700
2016-02-02,54.630001068115234,54.630001068115234,53.939998626708984,54.130001068115234,39.504024505615234,29809100
2016-02-03,54.41999816894531,54.59000015258789,53.41999816894531,54.58000183105469,39.83243179321289,36337300
2016-02-04,54.22999954223633,54.84000015258789,54.130001068115234,54.650001525878906,39.88352584838867,28236200
2016-02-05,54.40999984741211,54.47999954223633,53.58000183105469,53.810001373291016,39.27049255371094,31548100
2016-02-08,52.939998626708984,52.959999084472656,52.31999969482422,52.810001373291016,38.54069900512695,37822400
2016-02-09,51.66999816894531,52.43000030517578,51.630001068115234,52.20000076293945,38.09550476074219,34142700
2016-02-10,52.380001068115234,52.779998779296875,52.04999923706055,52.13999938964844,38.05173110961914,32088400
2016-02-11,51.43000030517578,51.650001525878906,50.939998626708984,51.380001068115234,37.4970817565918,41750200
2016-02-12,51.529998779296875,52.290000915527344,51.310001373291016,52.279998779296875,38.153900146484375,38730500
2016-02-16,53.20000076293945,53.369998931884766,52.77000045776367,53.34000015258789,38.927490234375,31605800
2016-02-17,53.790000915527344,54.33000183105469,53.7599983215332,54.2599983215332,39.59889602661133,25594700
2016-02-18,54.4900016784668,54.4900016784668,53.939998626708984,53.97999954223633,39.394554138183594,32694100
2016-02-19,53.56999969482422,53.970001220703125,53.400001525878906,53.91999816894531,39.35077667236328,26685400
2016-02-22,54.31999969482422,54.58000183105469,54.29999923706055,54.529998779296875,39.79594039916992,19217000
2016-02-23,54.18000030517578,54.220001220703125,53.54999923706055,53.63999938964844,39.14642333984375,19709000
2016-02-24,52.75,53.529998779296875,52.4900016784668,53.45000076293945,39.00776672363281,26718800
2016-02-25,53.75,54.099998474121094,53.5,54.09000015258789,39.474830627441406,25167000
2016-02-26,54.369998931884766,54.400001525878906,53.849998474121094,53.95000076293945,39.37265396118164,19604500
2016-02-29,53.84000015258789,54.130001068115234,53.599998474121094,53.630001068115234,39.13912582397461,30315200
2016-03-01,54.40999984741211,55.06999969482422,54.279998779296875,55.029998779296875,40.16084289550781,24585800
2016-03-02,55.0,55.45000076293945,54.880001068115234,55.40999984741211,40.438167572021484,22549400
2016-03-03,55.560001373291016,55.97999954223633,55.5099983215332,55.95000076293945,40.83226013183594,21109600
2016-03-04,56.34000015258789,56.65999984741211,56.209999084472656,56.36000061035156,41.131473541259766,22752200
2016-03-07,55.779998779296875,56.47999954223633,55.7400016784668,56.290000915527344,41.08039093017578,24047500
2016-03-08,56.04999923706055,56.04999923706055,55.66999816894531,55.7400016784668,40.67900848388672,16893200
2016-03-09,55.9900016784668,56.11000061035156,55.810001373291016,55.95000076293945,40.83226013183594,15467400
2016-03-10,56.400001525878906,56.7599983215332,55.41999816894531,55.86000061035156,40.76658248901367,28133500
2016-03-11,56.869998931884766,57.349998474121094,56.81999969482422,57.31999969482422,41.83208084106445,24374600
2016-03-14,57.2400016784668,57.349998474121094,57.06999969482422,57.20000076293945,41.74451446533203,15953300
2016-03-15,56.61000061035156,56.66999816894531,56.45000076293945,56.65999984741211,41.35042190551758,19646300
2016-03-16,56.22999954223633,57.209999084472656,56.22999954223633,57.15999984741211,41.71531295776367,25413000
2016-03-17,57.189998626708984,57.709999084472656,57.0,57.599998474121094,42.03642654418945,17906600
2016-03-18,57.5099983215332,57.689998626708984,57.41999816894531,57.5,41.96345520019531,30733400
2016-03-21,57.36000061035156,57.540000915527344,57.22999954223633,57.40999984741211,41.89776611328125,17625800
2016-03-22,56.95000076293945,57.400001525878906,56.900001525878906,57.310001373291016,41.824790954589844,15926700
2016-03-23,57.15999984741211,57.18000030517578,56.650001525878906,56.72999954223633,41.401512145996094,18291400
2016-03-24,56.02000045776367,56.349998474121094,55.95000076293945,56.349998474121094,41.124183654785156,18326500
2016-03-28,56.7400016784668,56.779998779296875,56.54999923706055,56.689998626708984,41.37230682373047,18491100
2016-03-29,56.41999816894531,57.33000183105469,56.279998779296875,57.29999923706055,41.81749725341797,22376800
2016-03-30,57.790000915527344,58.060001373291016,57.63999938964844,57.72999954223633,42.13130569458008,18999500
2016-03-31,57.459999084472656,57.59000015258789,57.130001068115234,57.15999984741211,41.71531295776367,37335100
2016-04-01,55.9900016784668,56.619998931884766,55.93000030517578,56.54999923706055,41.2701416015625,30396100
2016-04-04,56.70000076293945,56.77000045776367,56.36000061035156,56.43000030517578,41.18256378173828,16977200
2016-04-05,55.41999816894531,55.5,55.2400016784668,55.31999969482422,40.37248611450195,20199600
2016-04-06,55.5099983215332,56.2599983215332,55.41999816894531,56.220001220703125,41.02930450439453,20465500
2016-04-07,55.7599983215332,55.91999816894531,55.27000045776367,55.400001525878906,40.430870056152344,19855600
2016-04-08,56.5099983215332,56.65999984741211,56.31999969482422,56.459999084472656,41.204463958740234,18462800
2016-04-11,56.83000183105469,57.06999969482422,56.47999954223633,56.4900016784668,41.226348876953125,15640400
2016-04-12,56.939998626708984,57.439998626708984,56.61000061035156,57.33000183105469,41.83938217163086,25164700
2016-04-13,58.13999938964844,58.36000061035156,58.0099983215332,58.2400016784668,42.50350570678711,25583900
2016-04-14,58.540000915527344,58.650001525878906,58.33000183105469,58.43000030517578,42.64216613769531,26844400
2016-04-15,58.38999938964844,58.5,58.290000915527344,58.29999923706055,42.54728698730469,17558000
2016-04-18,58.220001220703125,58.86000061035156,58.16999816894531,58.79999923706055,42.91218566894531,20200400
2016-04-19,59.689998626708984,59.939998626708984,59.599998474121094,59.81999969482422,43.65658187866211,24251400
2016-04-20,59.790000915527344,60.15999984741211,59.70000076293945,59.869998931884766,43.693077087402344,14402600
2016-04-21,59.779998779296875,59.83000183105469,59.40999984741211,59.5099983215332,43.43034362792969,19135100
2016-04-22,59.45000076293945,59.63999938964844,59.290000915527344,59.540000915527344,43.45223617553711,17262700
2016-04-25,59.2400016784668,59.290000915527344,59.02000045776367,59.2400016784668,43.23329544067383,13518400
2016-04-26,59.470001220703125,59.560001373291016,59.2599983215332,59.45000076293945,43.38656234741211,15657800
2016-04-27,59.27000045776367,59.61000061035156,59.18000030517578,59.4900016784668,43.41575622558594,13054700
2016-04-28,58.779998779296875,59.2599983215332,58.54999923706055,58.68000030517578,42.824615478515625,25204500
2016-04-29,58.720001220703125,58.810001373291016,58.220001220703125,58.43000030517578,42.64216613769531,27642900
2016-05-02,58.900001525878906,59.06999969482422,58.720001220703125,58.97999954223633,43.043548583984375,25207300
2016-05-03,58.400001525878906,58.40999984741211,57.93000030517578,58.0099983215332,42.335655212402344,25287100
2016-05-04,57.52000045776367,57.61000061035156,57.16999816894531,57.34000015258789,41.8466911315918,20213100
2016-05-05,57.29999923706055,57.45000076293945,57.040000915527344,57.220001220703125,41.75910949707031,21552600
2016-05-06,56.970001220703125,57.40999984741211,56.91999816894531,57.380001068115234,41.87586975097656,21498200
2016-05-09,57.52000045776367,57.630001068115234,57.22999954223633,57.2599983215332,41.788299560546875,17842700
2016-05-10,57.689998626708984,58.08000183105469,57.63999938964844,58.08000183105469,42.38673782348633,21333600
2016-05-11,57.70000076293945,57.93000030517578,57.58000183105469,57.58000183105469,42.021827697753906,20180500
2016-05-12,58.06999969482422,58.09000015258789,57.310001373291016,57.560001373291016,42.00722885131836,17642000
2016-05-13,57.11000061035156,57.36000061035156,56.810001373291016,56.970001220703125,41.57666015625,19052400
2016-05-16,57.15999984741211,57.68000030517578,57.130001068115234,57.650001525878906,42.07292556762695,24500500
2016-05-17,57.54999923706055,57.7400016784668,57.16999816894531,57.22999954223633,41.76640319824219,25116900
2016-05-18,57.290000915527344,57.849998474121094,57.040000915527344,57.25,41.7809944152832,34940400
2016-05-19,56.90999984741211,57.0099983215332,56.66999816894531,56.84000015258789,41.48178482055664,26976000
2016-05-20,57.31999969482422,57.459999084472656,57.189998626708984,57.310001373291016,41.824790954589844,23377800
2016-05-23,57.099998474121094,57.279998779296875,57.0099983215332,57.119998931884766,41.68612289428711,18828700
2016-05-24,57.5099983215332,58.060001373291016,57.5,57.95000076293945,42.29186248779297,28901600
2016-05-25,58.380001068115234,58.68000030517578,58.349998474121094,58.560001373291016,42.73704147338867,35575000
2016-05-26,58.779998779296875,58.849998474121094,58.58000183105469,58.720001220703125,42.853816986083984,21115400
2016-05-27,58.619998931884766,58.75,58.52000045776367,58.65999984741211,42.81001663208008,16066600
2016-05-31,58.900001525878906,58.9900016784668,58.2400016784668,58.380001068115234,42.605674743652344,25438500
2016-06-01,58.099998474121094,58.380001068115234,58.029998779296875,58.33000183105469,42.569183349609375,19567300
2016-06-02,58.0,58.349998474121094,57.93000030517578,58.33000183105469,42.569183349609375,32992100
2016-06-03,58.540000915527344,58.72999954223633,58.22999954223633,58.709999084472656,42.846500396728516,27770200
2016-06-06,58.900001525878906,59.18000030517578,58.849998474121094,59.040000915527344,43.087345123291016,22191900
2016-06-07,59.4900016784668,59.630001068115234,59.41999816894531,59.470001220703125,43.40115737915039,15311700
2016-06-08,59.650001525878906,59.7400016784668,59.540000915527344,59.59000015258789,43.488739013671875,14673400
2016-06-09,58.86000061035156,59.0099983215332,58.68000030517578,58.86000061035156,42.95597457885742,18489100
2016-06-10,57.619998931884766,57.709999084472656,56.9900016784668,57.150001525878906,41.7080192565918,29812900
2016-06-13,56.40999984741211,56.86000061035156,56.15999984741211,56.31999969482422,41.102291107177734,25323100
2016-06-14,55.72999954223633,55.86000061035156,55.119998931884766,55.41999816894531,40.445465087890625,69490000
2016-06-15,55.900001525878906,56.099998474121094,55.66999816894531,55.790000915527344,40.71550369262695,34010400
2016-06-16,55.0,55.95000076293945,54.59000015258789,55.90999984741211,40.80306625366211,27677700
2016-06-17,56.099998474121094,56.599998474121094,55.83000183105469,56.459999084472656,41.204463958740234,51689600
2016-06-20,58.20000076293945,58.27000045776367,57.84000015258789,57.86000061035156,42.22617721557617,38890400
2016-06-21,58.34000015258789,58.779998779296875,58.09000015258789,58.33000183105469,42.569183349609375,37705500
2016-06-22,57.38999938964844,57.66999816894531,57.119998931884766,57.119998931884766,42.543113708496094,45176500
2016-06-23,58.34000015258789,58.79999923706055,57.93000030517578,58.70000076293945,43.719905853271484,33064500
2016-06-24,53.88999938964844,55.09000015258789,53.630001068115234,53.65999984741211,39.966094970703125,85314600
2016-06-27,52.90999984741211,52.939998626708984,51.93000030517578,52.630001068115234,39.198951721191406,58864400
2016-06-28,53.86000061035156,54.040000915527344,53.369998931884766,54.0099983215332,40.22677230834961,45213500
2016-06-29,54.810001373291016,55.189998626708984,54.720001220703125,55.0,40.96413040161133,33914900
2016-06-30,55.11000061035156,55.81999969482422,54.959999084472656,55.81999969482422,41.57487106323242,48143600
2016-07-01,55.84000015258789,56.0,55.7400016784668,55.81999969482422,41.57487106323242,22693400
2016-07-05,55.13999938964844,55.20000076293945,54.58000183105469,54.7400016784668,40.77048873901367,33647400
2016-07-06,54.11000061035156,54.66999816894531,53.77000045776367,54.63999938964844,40.69599914550781,28451400
2016-07-07,54.7400016784668,54.939998626708984,54.25,54.41999816894531,40.53214645385742,24824900
2016-07-08,55.040000915527344,55.34000015258789,54.90999984741211,55.25,41.150333404541016,26189500
2016-07-11,55.9900016784668,56.290000915527344,55.95000076293945,56.060001373291016,41.75362777709961,25474900
2016-07-12,56.86000061035156,57.09000015258789,56.75,56.81999969482422,42.31967544555664,29839000
2016-07-13,56.959999084472656,57.099998474121094,56.709999084472656,56.7599983215332,42.27499008178711,27351600
2016-07-14,57.290000915527344,57.43000030517578,57.16999816894531,57.25,42.63994216918945,28145500
2016-07-15,57.099998474121094,57.130001068115234,56.84000015258789,56.959999084472656,42.42394256591797,29705400
2016-07-18,56.959999084472656,57.27000045776367,56.849998474121094,57.099998474121094,42.52821350097656,17614300
2016-07-19,56.650001525878906,56.7400016784668,56.5,56.650001525878906,42.193058013916016,19896900
2016-07-20,57.0099983215332,57.22999954223633,56.900001525878906,57.15999984741211,42.572906494140625,20885200
2016-07-21,56.97999954223633,57.189998626708984,56.83000183105469,56.93000030517578,42.40160369873047,19635000
2016-07-22,57.04999923706055,57.08000183105469,56.880001068115234,57.040000915527344,42.483524322509766,16069300
2016-07-25,57.08000183105469,57.099998474121094,56.810001373291016,56.970001220703125,42.431392669677734,13277400
2016-07-26,57.189998626708984,57.380001068115234,56.970001220703125,57.209999084472656,42.61014938354492,15025700
2016-07-27,57.47999954223633,57.58000183105469,57.0,57.41999816894531,42.766563415527344,17126900
2016-07-28,57.380001068115234,57.459999084472656,57.08000183105469,57.36000061035156,42.721866607666016,14445300
2016-07-29,57.84000015258789,58.150001525878906,57.709999084472656,58.040000915527344,43.22833251953125,21590400
2016-08-01,57.86000061035156,57.97999954223633,57.59000015258789,57.65999984741211,42.945316314697266,21623700
2016-08-02,57.529998779296875,57.56999969482422,57.150001525878906,57.369998931884766,42.72930908203125,20476100
2016-08-03,56.88999938964844,57.189998626708984,56.849998474121094,57.16999816894531,42.58035659790039,19684400
2016-08-04,57.349998474121094,57.529998779296875,57.2400016784668,57.5,42.82612991333008,16761800
2016-08-05,57.5,57.779998779296875,57.4900016784668,57.7599983215332,43.0197868347168,15143500
2016-08-08,57.86000061035156,57.91999816894531,57.790000915527344,57.880001068115234,43.109161376953125,10326800
2016-08-09,58.13999938964844,58.52000045776367,58.11000061035156,58.34000015258789,43.45177459716797,27514400
2016-08-10,58.720001220703125,58.7599983215332,58.52000045776367,58.540000915527344,43.60074234008789,17539500
2016-08-11,58.81999969482422,59.11000061035156,58.77000045776367,58.959999084472656,43.91354751586914,19675800
2016-08-12,58.9900016784668,59.060001373291016,58.7400016784668,58.810001373291016,43.80183410644531,11331600
2016-08-15,59.0,59.18000030517578,58.9900016784668,59.040000915527344,43.97314453125,9048700
2016-08-16,58.93000030517578,59.11000061035156,58.849998474121094,58.95000076293945,43.906105041503906,14286200
2016-08-17,58.790000915527344,59.09000015258789,58.540000915527344,58.93000030517578,43.89120864868164,12103600
2016-08-18,58.88999938964844,59.22999954223633,58.79999923706055,59.22999954223633,44.11465072631836,17723900
2016-08-19,58.619998931884766,58.81999969482422,58.45000076293945,58.790000915527344,43.78693389892578,12142800
2016-08-22,58.61000061035156,58.88999938964844,58.5,58.849998474121094,43.83161544799805,10095600
2016-08-23,59.2400016784668,59.349998474121094,59.08000183105469,59.099998474121094,44.017822265625,12534100
2016-08-24,59.130001068115234,59.20000076293945,58.88999938964844,58.959999084472656,43.91354751586914,12206600
2016-08-25,58.7599983215332,58.88999938964844,58.66999816894531,58.720001220703125,43.73479461669922,10953500
2016-08-26,58.810001373291016,59.33000183105469,58.11000061035156,58.369998931884766,43.47412109375,19518100
2016-08-29,58.2400016784668,58.58000183105469,58.220001220703125,58.54999923706055,43.60817337036133,10482100
2016-08-30,58.599998474121094,58.689998626708984,58.36000061035156,58.470001220703125,43.54859924316406,10046300
2016-08-31,58.400001525878906,58.529998779296875,58.13999938964844,58.349998474121094,43.459224700927734,20437200
2016-09-01,58.619998931884766,58.779998779296875,58.40999984741211,58.75,43.75714111328125,18389800
2016-09-02,59.29999923706055,59.5,59.11000061035156,59.43000030517578,44.26360321044922,19151600
2016-09-06,59.560001373291016,59.86000061035156,59.540000915527344,59.83000183105469,44.56153106689453,14730600
2016-09-07,59.9900016784668,60.099998474121094,59.75,59.86000061035156,44.58386993408203,17917500
2016-09-08,59.810001373291016,59.97999954223633,59.619998931884766,59.689998626708984,44.457252502441406,15572700
2016-09-09,59.25,59.25,58.5099983215332,58.529998779296875,43.59328842163086,23547000
2016-09-12,58.099998474121094,59.040000915527344,58.04999923706055,59.0099983215332,43.950782775878906,26966800
2016-09-13,58.25,58.36000061035156,57.56999969482422,57.81999969482422,43.06447219848633,24865900
2016-09-14,57.7400016784668,58.060001373291016,57.630001068115234,57.7400016784668,43.0048942565918,16841500
2016-09-15,57.790000915527344,58.349998474121094,57.630001068115234,58.2400016784668,43.37730407714844,20280700
2016-09-16,57.61000061035156,57.63999938964844,57.33000183105469,57.4900016784668,42.81869125366211,47897900
2016-09-19,58.060001373291016,58.13999938964844,57.7400016784668,57.790000915527344,43.04213333129883,24184400
2016-09-20,58.34000015258789,58.38999938964844,58.06999969482422,58.13999938964844,43.30281448364258,23968200
2016-09-21,58.70000076293945,59.220001220703125,58.4900016784668,59.15999984741211,44.06250762939453,28804000
2016-09-22,60.029998779296875,60.15999984741211,59.689998626708984,59.7599983215332,44.50939178466797,27047600
2016-09-23,59.279998779296875,59.45000076293945,59.2400016784668,59.2599983215332,44.13698959350586,19380000
2016-09-26,58.75,58.83000183105469,58.619998931884766,58.709999084472656,43.72735595703125,23824900
2016-09-27,58.470001220703125,59.0,58.40999984741211,58.9900016784668,43.93589401245117,19862100
2016-09-28,58.9900016784668,59.43000030517578,58.79999923706055,59.40999984741211,44.24871063232422,21673400
2016-09-29,59.40999984741211,59.40999984741211,58.470001220703125,58.66999816894531,43.69756317138672,16703800
2016-09-30,58.810001373291016,59.290000915527344,58.72999954223633,59.130001068115234,44.0401725769043,29074600
2016-10-03,58.970001220703125,59.09000015258789,58.84000015258789,58.970001220703125,43.920997619628906,17903600
2016-10-04,59.2400016784668,59.349998474121094,58.72999954223633,58.959999084472656,43.91354751586914,28707500
2016-10-05,59.18000030517578,59.290000915527344,59.040000915527344,59.20000076293945,44.09230041503906,14774300
2016-10-06,58.900001525878906,58.95000076293945,58.72999954223633,58.880001068115234,43.85397720336914,11592200
2016-10-07,58.630001068115234,58.68000030517578,58.119998931884766,58.58000183105469,43.63052749633789,16684900
2016-10-10,58.58000183105469,58.900001525878906,58.58000183105469,58.75,43.75714111328125,7860700
2016-10-11,58.47999954223633,58.5099983215332,57.75,57.91999816894531,43.13895034790039,18434600
2016-10-12,57.84000015258789,57.939998626708984,57.630001068115234,57.790000915527344,43.04213333129883,13537300
2016-10-13,57.150001525878906,57.70000076293945,56.9900016784668,57.56999969482422,42.87827682495117,13090900
2016-10-14,57.959999084472656,58.06999969482422,57.650001525878906,57.66999816894531,42.952754974365234,19288400
2016-10-17,57.540000915527344,57.65999984741211,57.40999984741211,57.5,42.82612991333008,12641000
2016-10-18,58.189998626708984,58.2400016784668,57.97999954223633,58.06999969482422,43.250675201416016,13028000
2016-10-19,58.15999984741211,58.369998931884766,58.119998931884766,58.22999954223633,43.36984634399414,12500100
2016-10-20,58.150001525878906,58.43000030517578,58.09000015258789,58.31999969482422,43.43687438964844,9959000
2016-10-21,57.91999816894531,58.209999084472656,57.86000061035156,58.189998626708984,43.34004592895508,12584900
2016-10-24,58.36000061035156,58.369998931884766,58.04999923706055,58.18000030517578,43.332603454589844,12723000
2016-10-25,58.04999923706055,58.189998626708984,57.90999984741211,58.13999938964844,43.30281448364258,12430400
2016-10-26,57.84000015258789,58.06999969482422,57.77000045776367,57.880001068115234,43.109161376953125,12169500
2016-10-27,58.0099983215332,58.040000915527344,57.75,57.810001373291016,43.057037353515625,9309300
2016-10-28,57.709999084472656,57.91999816894531,57.650001525878906,57.790000915527344,43.04213333129883,15377800
2016-10-31,57.75,57.900001525878906,57.58000183105469,57.81999969482422,43.06447219848633,19266200
2016-11-01,57.959999084472656,57.97999954223633,57.380001068115234,57.56999969482422,42.87827682495117,19495200
2016-11-02,57.529998779296875,57.61000061035156,57.099998474121094,57.18000030517578,42.58780288696289,17538900
2016-11-03,57.380001068115234,57.41999816894531,57.040000915527344,57.119998931884766,42.543113708496094,12959100
2016-11-04,56.7400016784668,56.90999984741211,56.54999923706055,56.56999969482422,42.13347625732422,17423800
2016-11-07,57.279998779296875,57.380001068115234,57.150001525878906,57.349998474121094,42.714412689208984,21383600
2016-11-08,57.18000030517578,57.68000030517578,57.130001068115234,57.5099983215332,42.83359146118164,17403900
2016-11-09,57.06999969482422,57.790000915527344,57.0099983215332,57.560001373291016,42.87082290649414,27175100
2016-11-10,57.529998779296875,57.66999816894531,56.93000030517578,57.400001525878906,42.75165557861328,37382800
2016-11-11,57.150001525878906,57.20000076293945,56.7400016784668,57.04999923706055,42.49098205566406,18430100
2016-11-14,56.630001068115234,56.75,56.47999954223633,56.7400016784668,42.260093688964844,20650900
2016-11-15,56.59000015258789,57.02000045776367,56.529998779296875,56.9900016784668,42.44629669189453,15311700
2016-11-16,56.43000030517578,56.619998931884766,56.34000015258789,56.38999938964844,41.99940872192383,22261200
2016-11-17,56.66999816894531,56.88999938964844,56.619998931884766,56.81999969482422,42.31967544555664,18459300
2016-11-18,56.310001373291016,56.380001068115234,56.099998474121094,56.20000076293945,41.8578987121582,17047300
2016-11-21,56.41999816894531,56.709999084472656,56.40999984741211,56.68000030517578,42.21539306640625,18504500
2016-11-22,56.810001373291016,56.849998474121094,56.58000183105469,56.81999969482422,42.31967544555664,17866500
2016-11-23,56.25,56.619998931884766,56.189998626708984,56.619998931884766,42.170711517333984,13840300
2016-11-25,56.81999969482422,56.83000183105469,56.709999084472656,56.790000915527344,42.297332763671875,7842800
2016-11-28,56.630001068115234,56.689998626708984,56.459999084472656,56.4900016784668,42.07388687133789,13608000
2016-11-29,56.529998779296875,56.97999954223633,56.470001220703125,56.849998474121094,42.342018127441406,14719800
2016-11-30,56.97999954223633,56.9900016784668,56.70000076293945,56.790000915527344,42.297332763671875,23874700
2016-12-01,56.72999954223633,56.7599983215332,56.4900016784668,56.56999969482422,42.13347625732422,22693500
2016-12-02,56.470001220703125,56.84000015258789,56.400001525878906,56.709999084472656,42.23775100708008,16077700
2016-12-05,57.0,57.380001068115234,56.9900016784668,57.27000045776367,42.65482711791992,19686200
2016-12-06,57.33000183105469,57.7400016784668,57.29999923706055,57.65999984741211,42.945316314697266,19217500
2016-12-07,57.880001068115234,58.619998931884766,57.86000061035156,58.52000045776367,43.585838317871094,25749300
2016-12-08,58.52000045776367,58.56999969482422,58.27000045776367,58.470001220703125,43.54859924316406,23427000
2016-12-09,58.470001220703125,58.720001220703125,58.43000030517578,58.720001220703125,43.73479461669922,20886500
2016-12-12,58.5,58.689998626708984,58.38999938964844,58.459999084472656,43.54115676879883,16612700
2016-12-13,58.97999954223633,59.25,58.95000076293945,59.09000015258789,44.010372161865234,22116800
2016-12-14,58.959999084472656,59.09000015258789,58.130001068115234,58.220001220703125,43.36240005493164,26473700
2016-12-15,58.0,58.189998626708984,57.959999084472656,58.09000015258789,43.26556396484375,25317900
2016-12-16,58.04999923706055,58.290000915527344,58.02000045776367,58.130001068115234,43.29535675048828,24359100
2016-12-19,58.15999984741211,58.310001373291016,58.040000915527344,58.040000915527344,43.22833251953125,17705200
2016-12-20,58.11000061035156,58.290000915527344,58.06999969482422,58.2400016784668,43.37730407714844,17813500
2016-12-21,57.650001525878906,57.70000076293945,57.58000183105469,57.65999984741211,43.38932800292969,17793900
2016-12-22,57.619998931884766,57.689998626708984,57.5099983215332,57.529998779296875,43.29150390625,16310200
2016-12-23,57.58000183105469,57.68000030517578,57.540000915527344,57.68000030517578,43.40438461303711,14821600
2016-12-27,57.630001068115234,57.720001220703125,57.599998474121094,57.61000061035156,43.35171127319336,13327700
2016-12-28,57.560001373291016,57.58000183105469,57.310001373291016,57.38999938964844,43.1861572265625,19569400
2016-12-29,57.5,57.65999984741211,57.47999954223633,57.529998779296875,43.29150390625,16406100
2016-12-30,57.970001220703125,57.97999954223633,57.599998474121094,57.72999954223633,43.4420051574707,25266000
2017-01-03,57.95000076293945,58.11000061035156,57.849998474121094,58.09000015258789,43.71289825439453,27938300
2017-01-04,58.400001525878906,58.779998779296875,58.349998474121094,58.75,44.20956039428711,25670000
2017-01-05,58.900001525878906,59.310001373291016,58.900001525878906,59.25,44.5858154296875,22063100
2017-01-06,58.970001220703125,59.11000061035156,58.90999984741211,59.04999923706055,44.43531036376953,22073700
2017-01-09,58.83000183105469,58.9900016784668,58.75,58.959999084472656,44.367584228515625,13962400
2017-01-10,58.91999816894531,59.130001068115234,58.91999816894531,58.970001220703125,44.3751106262207,16296600
2017-01-11,58.849998474121094,59.29999923706055,58.779998779296875,59.279998779296875,44.6083869934082,31352400
2017-01-12,59.36000061035156,59.380001068115234,59.11000061035156,59.369998931884766,44.67610549926758,25127300
2017-01-13,59.41999816894531,59.599998474121094,59.33000183105469,59.59000015258789,44.84166717529297,20901900
2017-01-17,59.40999984741211,59.439998626708984,59.27000045776367,59.369998931884766,44.67610549926758,22524800
2017-01-18,59.189998626708984,59.31999969482422,59.02000045776367,59.20000076293945,44.548194885253906,14581400
2017-01-19,59.099998474121094,59.18000030517578,58.869998931884766,59.04999923706055,44.43531036376953,17619300
2017-01-20,59.2599983215332,59.40999984741211,59.18000030517578,59.38999938964844,44.691162109375,24974100
2017-01-23,59.310001373291016,59.540000915527344,59.18000030517578,59.540000915527344,44.804039001464844,43093600
2017-01-24,59.439998626708984,59.720001220703125,59.41999816894531,59.689998626708984,44.91691207885742,18176000
2017-01-25,60.0099983215332,60.33000183105469,59.9900016784668,60.310001373291016,45.38346862792969,27237600
2017-01-26,60.189998626708984,60.25,59.9900016784668,60.06999969482422,45.20286560058594,20838800
2017-01-27,60.02000045776367,60.04999923706055,59.86000061035156,59.970001220703125,45.12761688232422,13061000
2017-01-30,59.45000076293945,59.58000183105469,59.2599983215332,59.540000915527344,44.804039001464844,19146200
2017-01-31,59.650001525878906,59.7400016784668,59.38999938964844,59.630001068115234,44.871768951416016,29996800
2017-02-01,60.0,60.029998779296875,59.709999084472656,59.869998931884766,45.052364349365234,26726400
2017-02-02,59.93000030517578,59.9900016784668,59.72999954223633,59.900001525878906,45.0749397277832,14796700
2017-02-03,60.0099983215332,60.18000030517578,59.93000030517578,60.13999938964844,45.25553512573242,13963800
2017-02-06,59.52000045776367,59.709999084472656,59.47999954223633,59.709999084472656,44.93196487426758,16220200
2017-02-07,59.58000183105469,59.68000030517578,59.529998779296875,59.650001525878906,44.88682174682617,12123000
2017-02-08,59.59000015258789,59.810001373291016,59.52000045776367,59.75,44.96205520629883,16749200
2017-02-09,59.83000183105469,60.02000045776367,59.75,60.0,45.15019607543945,14299600
2017-02-10,59.93000030517578,60.18000030517578,59.90999984741211,60.13999938964844,45.25553512573242,13212100
2017-02-13,60.38999938964844,60.470001220703125,60.279998779296875,60.380001068115234,45.4361457824707,12694400
2017-02-14,60.16999816894531,60.290000915527344,59.91999816894531,60.290000915527344,45.36841583251953,14256600
2017-02-15,60.029998779296875,60.52000045776367,60.0099983215332,60.52000045776367,45.541500091552734,15460100
2017-02-16,60.540000915527344,60.65999984741211,60.459999084472656,60.65999984741211,45.64684295654297,14416500
2017-02-17,60.31999969482422,60.52000045776367,60.27000045776367,60.5,45.52644729614258,14938000
2017-02-21,60.439998626708984,60.70000076293945,60.41999816894531,60.70000076293945,45.676944732666016,11550300
2017-02-22,60.38999938964844,60.7400016784668,60.38999938964844,60.70000076293945,45.676944732666016,17129400
2017-02-23,60.880001068115234,60.93000030517578,60.66999816894531,60.83000183105469,45.77476501464844,12410600
2017-02-24,60.16999816894531,60.43000030517578,60.13999938964844,60.38999938964844,45.44366455078125,16198700
2017-02-27,60.189998626708984,60.439998626708984,60.18000030517578,60.43000030517578,45.47377395629883,14039000
2017-02-28,60.31999969482422,60.52000045776367,60.22999954223633,60.34000015258789,45.40605163574219,20439100
2017-03-01,60.75,61.119998931884766,60.72999954223633,60.970001220703125,45.8801155090332,20198000
2017-03-02,60.709999084472656,60.779998779296875,60.560001373291016,60.56999969482422,45.57912063598633,16452800
2017-03-03,60.70000076293945,61.0,60.61000061035156,60.93000030517578,45.85002517700195,19149100
2017-03-06,60.72999954223633,60.75,60.56999969482422,60.7400016784668,45.7070426940918,10965800
2017-03-07,60.470001220703125,60.630001068115234,60.380001068115234,60.529998779296875,45.54901885986328,16308800
2017-03-08,60.4900016784668,60.54999923706055,60.25,60.310001373291016,45.38346862792969,11568200
2017-03-09,60.470001220703125,60.56999969482422,60.380001068115234,60.540000915527344,45.55655288696289,13369300
2017-03-10,60.959999084472656,61.119998931884766,60.849998474121094,61.04999923706055,45.9403190612793,18987900
2017-03-13,61.20000076293945,61.380001068115234,61.189998626708984,61.369998931884766,46.18111801147461,19718700
2017-03-14,60.91999816894531,60.970001220703125,60.790000915527344,60.900001525878906,45.827449798583984,15953500
2017-03-15,61.029998779296875,61.779998779296875,61.02000045776367,61.77000045776367,46.482120513916016,22841100
2017-03-16,62.099998474121094,62.130001068115234,61.93000030517578,62.06999969482422,46.7078742980957,24380100
2017-03-17,62.18000030517578,62.349998474121094,62.060001373291016,62.22999954223633,46.828269958496094,20697400
2017-03-20,62.25,62.34000015258789,62.02000045776367,62.099998474121094,46.73044967651367,13484400
2017-03-21,62.58000183105469,62.630001068115234,61.779998779296875,61.81999969482422,46.51975631713867,23331500
2017-03-22,61.619998931884766,61.88999938964844,61.56999969482422,61.83000183105469,46.52726745605469,14492800
2017-03-23,61.72999954223633,62.099998474121094,61.72999954223633,61.970001220703125,46.63262176513672,25394800
2017-03-24,62.11000061035156,62.27000045776367,62.040000915527344,62.13999938964844,46.76054382324219,25264500
2017-03-27,62.09000015258789,62.380001068115234,62.02000045776367,62.29999923706055,46.880950927734375,30294500
2017-03-28,62.38999938964844,62.650001525878906,62.36000061035156,62.599998474121094,47.10669708251953,23196000
2017-03-29,62.290000915527344,62.630001068115234,62.279998779296875,62.599998474121094,47.10669708251953,19090800
2017-03-30,62.43000030517578,65.36000061035156,62.31999969482422,62.380001068115234,46.9411506652832,16049800
2017-03-31,62.11000061035156,62.36000061035156,62.04999923706055,62.290000915527344,46.87342071533203,30871700
2017-04-03,62.189998626708984,62.2400016784668,61.7599983215332,62.20000076293945,46.805702209472656,32855200
2017-04-04,61.93000030517578,62.18000030517578,61.849998474121094,62.18000030517578,46.790653228759766,16793800
2017-04-05,62.130001068115234,62.290000915527344,61.83000183105469,61.849998474121094,46.542320251464844,22710400
2017-04-06,61.880001068115234,61.97999954223633,61.75,61.86000061035156,46.54985046386719,17795900
2017-04-07,61.75,61.93000030517578,61.7400016784668,61.81999969482422,46.51975631713867,15848900
2017-04-10,61.72999954223633,61.849998474121094,61.68000030517578,61.75,46.46706771850586,11321500
2017-04-11,62.0,62.06999969482422,61.619998931884766,62.040000915527344,46.685302734375,18663100
2017-04-12,61.95000076293945,62.029998779296875,61.720001220703125,61.9900016784668,46.647682189941406,25045600
2017-04-13,61.70000076293945,61.779998779296875,61.529998779296875,61.59000015258789,46.3466682434082,16760100
2017-04-17,61.849998474121094,62.02000045776367,61.84000015258789,61.970001220703125,46.63262176513672,15573500
2017-04-18,61.54999923706055,61.689998626708984,61.349998474121094,61.689998626708984,46.42192077636719,21171100
2017-04-19,61.7599983215332,61.79999923706055,61.369998931884766,61.439998626708984,46.23379898071289,13263100
2017-04-20,61.959999084472656,62.099998474121094,61.91999816894531,61.93000030517578,46.602516174316406,20485300
2017-04-21,61.93000030517578,62.02000045776367,61.84000015258789,61.970001220703125,46.63262176513672,18989800
2017-04-24,63.40999984741211,63.61000061035156,63.380001068115234,63.540000915527344,47.814048767089844,32694900
2017-04-25,63.849998474121094,64.08000183105469,63.779998779296875,63.9900016784668,48.15267562866211,24975200
2017-04-26,63.810001373291016,64.02999877929688,63.810001373291016,63.810001373291016,48.01723098754883,20489600
2017-04-27,63.91999816894531,63.91999816894531,63.75,63.869998931884766,48.062374114990234,13855700
2017-04-28,63.88999938964844,63.90999984741211,63.77000045776367,63.79999923706055,48.00970458984375,25361200
2017-05-01,63.9900016784668,64.19999694824219,63.90999984741211,64.05999755859375,48.20534896850586,22211300
2017-05-02,64.25,64.41999816894531,64.19000244140625,64.38999938964844,48.453678131103516,23500000
2017-05-03,64.22000122070312,64.33000183105469,64.0999984741211,64.26000213623047,48.35585403442383,12811000
2017-05-04,64.4800033569336,64.88999938964844,64.43000030517578,64.87000274658203,48.814884185791016,16359700
2017-05-05,64.94000244140625,65.58999633789062,64.91999816894531,65.58999633789062,49.3566780090332,18990900
2017-05-08,65.11000061035156,65.11000061035156,64.95999908447266,65.0999984741211,48.98796081542969,19823800
2017-05-09,64.9800033569336,65.04000091552734,64.80999755859375,64.94000244140625,48.86756134033203,28186600
2017-05-10,64.9800033569336,65.04000091552734,64.88999938964844,65.04000091552734,48.94281768798828,18524300
2017-05-11,64.7699966430664,64.9000015258789,64.61000061035156,64.87999725341797,48.82240676879883,18381600
2017-05-12,64.94000244140625,65.23999786376953,64.94000244140625,65.23999786376953,49.09330368041992,27683000
2017-05-15,65.37999725341797,65.56999969482422,65.36000061035156,65.56999969482422,49.34162902832031,20493900
2017-05-16,65.94999694824219,66.0,65.86000061035156,65.98999786376953,49.657691955566406,21931200
2017-05-17,65.66999816894531,65.75,65.22000122070312,65.23999786376953,49.09330368041992,30198700
2017-05-18,65.08000183105469,65.4000015258789,65.0199966430664,65.3499984741211,49.17607879638672,19242600
2017-05-19,65.80999755859375,66.12000274658203,65.77999877929688,66.11000061035156,49.74797439575195,34855500
2017-05-22,66.18000030517578,66.30999755859375,66.11000061035156,66.19000244140625,49.808189392089844,14692600
2017-05-23,66.33999633789062,66.37999725341797,66.11000061035156,66.19999694824219,49.81570816040039,12489200
2017-05-24,66.0199966430664,66.25,65.9800033569336,66.23999786376953,49.84580993652344,15075500
2017-05-25,66.23999786376953,66.33999633789062,66.1500015258789,66.23999786376953,49.84580993652344,13265300
2017-05-26,65.87000274658203,66.05999755859375,65.8499984741211,66.05000305175781,49.70283889770508,25971500
2017-05-30,65.87000274658203,66.02999877929688,65.8499984741211,65.9800033569336,49.65015411376953,14415300
2017-05-31,66.31999969482422,66.37999725341797,66.02999877929688,66.05999755859375,49.710357666015625,31167900
2017-06-01,66.30999755859375,66.51000213623047,66.25,66.48999786376953,50.03392791748047,25610000
2017-06-02,66.95999908447266,67.23999786376953,66.86000061035156,67.22000122070312,50.5832633972168,22765300
2017-06-05,66.86000061035156,66.9000015258789,66.7699966430664,66.8499984741211,50.304840087890625,14304500
2017-06-06,66.58000183105469,66.70999908447266,66.55999755859375,66.66000366210938,50.16185760498047,11387200
2017-06-07,66.7699966430664,66.87999725341797,66.44999694824219,66.68000030517578,50.176910400390625,15346400
2017-06-08,66.41999816894531,66.56999969482422,66.33999633789062,66.55999755859375,50.08662033081055,15425200
2017-06-09,66.22000122070312,66.45999908447266,66.05999755859375,66.30999755859375,49.89847946166992,20807900
2017-06-12,66.12000274658203,66.19000244140625,65.9800033569336,66.05999755859375,49.710357666015625,17937200
2017-06-13,66.47000122070312,66.61000061035156,66.37999725341797,66.56999969482422,50.09413528442383,19123700
2017-06-14,66.94999694824219,66.95999908447266,66.30000305175781,66.5199966430664,50.0565071105957,18739500
2017-06-15,65.51000213623047,65.87000274658203,65.48999786376953,65.83000183105469,49.53729248046875,22870900
2017-06-16,66.1500015258789,66.41000366210938,66.06999969482422,66.38999938964844,49.95868682861328,24571500
2017-06-19,66.63999938964844,66.79000091552734,66.5999984741211,66.66000366210938,50.16185760498047,26706100
2017-06-20,65.41999816894531,65.43000030517578,64.91999816894531,65.06999969482422,49.75811004638672,23798500
2017-06-21,64.91999816894531,65.05000305175781,64.83000183105469,64.98999786376953,49.696929931640625,10989000
2017-06-22,64.97000122070312,65.0999984741211,64.88999938964844,64.9800033569336,49.68928909301758,13521700
2017-06-23,64.98999786376953,65.25,64.9000015258789,65.13999938964844,49.81163024902344,15138700
2017-06-26,65.55999755859375,65.62000274658203,65.22000122070312,65.25,49.895748138427734,21872800
2017-06-27,65.27999877929688,65.44000244140625,65.16999816894531,65.23999786376953,49.88810348510742,17466000
2017-06-28,65.48999786376953,65.87000274658203,65.45999908447266,65.80999755859375,50.323970794677734,26317300
2017-06-29,65.61000061035156,65.62000274658203,64.87999725341797,65.16000366210938,49.82693099975586,35923300
2017-06-30,65.33000183105469,65.3499984741211,64.83000183105469,65.19999694824219,49.857513427734375,28866100
2017-07-03,65.12000274658203,65.27999877929688,65.0999984741211,65.12000274658203,49.796348571777344,9564300
2017-07-05,64.93000030517578,65.16000366210938,64.81999969482422,65.12000274658203,49.796348571777344,26253300
2017-07-06,64.69999694824219,64.97000122070312,64.62999725341797,64.83000183105469,49.574588775634766,22874100
2017-07-07,64.6500015258789,64.91999816894531,64.55999755859375,64.83999633789062,49.58222579956055,18885700
2017-07-10,64.80000305175781,65.0199966430664,64.76000213623047,65.0,49.70458221435547,10674800
2017-07-11,64.83000183105469,65.16000366210938,64.73999786376953,65.1500015258789,49.81928253173828,13584000
2017-07-12,65.55000305175781,65.75,65.52999877929688,65.66999816894531,50.216922760009766,15995600
2017-07-13,65.75,65.91000366210938,65.66000366210938,65.86000061035156,50.362213134765625,22520700
2017-07-14,66.05000305175781,66.33000183105469,66.0,66.31999969482422,50.71397018432617,14145100
2017-07-17,66.19000244140625,66.27999877929688,66.12000274658203,66.19000244140625,50.61456298828125,10326100
2017-07-18,66.12999725341797,66.25,66.08000183105469,66.25,50.660438537597656,11718200
2017-07-19,66.36000061035156,66.54000091552734,66.3499984741211,66.54000091552734,50.88219451904297,12542300
2017-07-20,66.70999908447266,66.8499984741211,66.5999984741211,66.80999755859375,51.08865737915039,13792700
2017-07-21,66.45999908447266,66.55000305175781,66.23999786376953,66.55000305175781,50.88985061645508,18391200
2017-07-24,66.25,66.38999938964844,66.08000183105469,66.37000274658203,50.7522087097168,17486100
2017-07-25,66.70999908447266,66.73999786376953,66.44000244140625,66.45999908447266,50.82102584838867,12297600
2017-07-26,66.6500015258789,66.9800033569336,66.54000091552734,66.87000274658203,51.13453674316406,19186700
2017-07-27,67.0,67.04000091552734,66.5,66.72000122070312,51.019840240478516,13754400
2017-07-28,66.55000305175781,66.80000305175781,66.4800033569336,66.79000091552734,51.0733642578125,15080800
2017-07-31,66.87999725341797,67.01000213623047,66.7300033569336,66.93000030517578,51.180423736572266,20998800
2017-08-01,67.44000244140625,67.54000091552734,67.30000305175781,67.30000305175781,51.46335983276367,16206800
2017-08-02,67.33999633789062,67.41999816894531,67.16000366210938,67.33000183105469,51.48630905151367,8948300
2017-08-03,67.30999755859375,67.48999786376953,67.26000213623047,67.37000274658203,51.516883850097656,11245900
2017-08-04,67.44000244140625,67.51000213623047,67.19999694824219,67.45999908447266,51.58570861816406,14178000
2017-08-07,67.31999969482422,67.5,67.31999969482422,67.48999786376953,51.608646392822266,11865600
2017-08-08,67.37000274658203,67.45999908447266,67.08999633789062,67.12999725341797,51.333351135253906,13510100
2017-08-09,66.7300033569336,67.05000305175781,66.69000244140625,67.0199966430664,51.249244689941406,15080100
2017-08-10,66.62000274658203,66.62000274658203,66.01000213623047,66.06999969482422,50.522796630859375,28825100
2017-08-11,66.02999877929688,66.12999725341797,65.86000061035156,65.94999694824219,50.4310302734375,27456400
2017-08-14,66.43000030517578,66.5999984741211,66.4000015258789,66.43000030517578,50.79808044433594,13311500
2017-08-15,66.3499984741211,66.41999816894531,66.13999938964844,66.37999725341797,50.75984191894531,13212200
2017-08-16,66.5999984741211,66.83999633789062,66.58000183105469,66.76000213623047,51.05043029785156,14030700
2017-08-17,66.5199966430664,66.62999725341797,66.01000213623047,66.01000213623047,50.4769172668457,18647700
2017-08-18,66.12000274658203,66.33000183105469,65.98999786376953,66.19000244140625,50.61456298828125,16347200
2017-08-21,66.16000366210938,66.2699966430664,66.0,66.16999816894531,50.599266052246094,11760800
2017-08-22,66.30999755859375,66.5199966430664,66.29000091552734,66.48999786376953,50.84395217895508,11528800
2017-08-23,66.30000305175781,66.51000213623047,66.29000091552734,66.5,50.85161209106445,13007000
2017-08-24,66.5199966430664,66.58999633789062,66.33999633789062,66.3499984741211,50.736907958984375,13150600
2017-08-25,66.58999633789062,66.91000366210938,66.56999969482422,66.75,51.04277801513672,14942000
2017-08-28,66.81999969482422,66.8499984741211,66.70999908447266,66.75,51.04277801513672,13422100
2017-08-29,66.37999725341797,66.6500015258789,66.36000061035156,66.4800033569336,50.8363151550293,11536900
2017-08-30,66.37000274658203,66.44999694824219,66.27999877929688,66.38999938964844,50.76749801635742,10510300
2017-08-31,66.6500015258789,66.94999694824219,66.62000274658203,66.9000015258789,51.15748977661133,20277900
2017-09-01,67.1500015258789,67.16999816894531,66.94999694824219,66.98999786376953,51.22629928588867,15541800
2017-09-05,66.98999786376953,66.98999786376953,66.33000183105469,66.54000091552734,50.88219451904297,18682300
2017-09-06,66.9000015258789,67.0999984741211,66.81999969482422,66.94999694824219,51.195716857910156,21335800
2017-09-07,67.5,67.52999877929688,67.33000183105469,67.5,51.61629104614258,14599300
2017-09-08,67.66000366210938,67.69000244140625,67.51000213623047,67.51000213623047,51.62393569946289,16168800
2017-09-11,67.95999908447266,68.16000366210938,67.94999694824219,68.04000091552734,52.029232025146484,19127300
2017-09-12,68.04000091552734,68.29000091552734,68.04000091552734,68.25,52.189815521240234,11803000
2017-09-13,68.11000061035156,68.1500015258789,67.81999969482422,67.87999725341797,51.90687561035156,14672800
2017-09-14,67.76000213623047,68.01000213623047,67.73999786376953,68.0,51.99863052368164,14862300
2017-09-15,68.05999755859375,68.0999984741211,67.94000244140625,68.05999755859375,52.044525146484375,16315500
2017-09-18,68.2300033569336,68.33999633789062,68.02999877929688,68.1500015258789,52.113338470458984,13594900
2017-09-19,68.43000030517578,68.48999786376953,68.30000305175781,68.47000122070312,52.358036041259766,8877200
2017-09-20,68.48999786376953,68.70999908447266,68.0,68.31999969482422,52.24333572387695,15309700
2017-09-21,68.16000366210938,68.27999877929688,68.08999633789062,68.18000030517578,52.13628387451172,10250100
2017-09-22,68.37999725341797,68.5,68.31999969482422,68.38999938964844,52.2968635559082,8442800
2017-09-25,68.11000061035156,68.2699966430664,67.87000274658203,68.0,51.99863052368164,13473900
2017-09-26,67.88999938964844,67.94000244140625,67.63999938964844,67.8499984741211,51.88393783569336,20026600
2017-09-27,67.76000213623047,68.0,67.72000122070312,67.9000015258789,51.92216873168945,17751800
2017-09-28,67.9000015258789,68.18000030517578,67.9000015258789,68.08000183105469,52.0598030090332,11704000
2017-09-29,68.08000183105469,68.55000305175781,68.08000183105469,68.4800033569336,52.36568832397461,24981400
2017-10-02,68.2699966430664,68.48999786376953,68.23999786376953,68.41999816894531,52.31979751586914,16475600
2017-10-03,68.45999908447266,68.66000366210938,68.43000030517578,68.6500015258789,52.49568557739258,12073300
2017-10-04,68.47000122070312,68.58999633789062,68.45999908447266,68.5199966430664,52.396270751953125,12518600
2017-10-05,68.38999938964844,68.51000213623047,68.3499984741211,68.4800033569336,52.36568832397461,11871200
2017-10-06,68.16999816894531,68.44000244140625,68.13999938964844,68.43000030517578,52.32745361328125,16923300
2017-10-09,68.5199966430664,68.54000091552734,68.38999938964844,68.44999694824219,52.342750549316406,5155600
2017-10-10,68.8499984741211,69.11000061035156,68.79000091552734,69.0999984741211,52.83979034423828,16626700
2017-10-11,69.06999969482422,69.29000091552734,69.05999755859375,69.2699966430664,52.96977996826172,16732400
2017-10-12,69.1500015258789,69.33000183105469,69.08999633789062,69.20999908447266,52.923912048339844,10774000
2017-10-13,69.5999984741211,69.66000366210938,69.51000213623047,69.56999969482422,53.19919967651367,12928900
2017-10-16,69.56999969482422,69.62000274658203,69.47000122070312,69.5199966430664,53.16096115112305,8800600
2017-10-17,69.3499984741211,69.38999938964844,69.20999908447266,69.33999633789062,53.0233154296875,8286800
2017-10-18,69.44999694824219,69.56999969482422,69.36000061035156,69.54000091552734,53.17625427246094,11793200
2017-10-19,69.2300033569336,69.43000030517578,69.19000244140625,69.43000030517578,53.092132568359375,10368300
2017-10-20,69.37999725341797,69.37999725341797,69.2300033569336,69.33999633789062,53.0233154296875,12636300
2017-10-23,69.37000274658203,69.4000015258789,69.13999938964844,69.19000244140625,52.90861892700195,8422200
2017-10-24,69.27999877929688,69.44000244140625,69.19999694824219,69.30000305175781,52.99273681640625,10586500
2017-10-25,69.2699966430664,69.30999755859375,68.7699966430664,69.02999877929688,52.78626251220703,11495500
2017-10-26,69.20999908447266,69.26000213623047,69.01000213623047,69.0199966430664,52.77861022949219,12355500
2017-10-27,68.9800033569336,69.19999694824219,68.88999938964844,69.18000030517578,52.90096664428711,18853800
2017-10-30,69.22000122070312,69.36000061035156,69.19999694824219,69.33999633789062,53.0233154296875,14308400
2017-10-31,69.4800033569336,69.66999816894531,69.4000015258789,69.62999725341797,53.24507522583008,24418400
2017-11-01,69.93000030517578,70.0,69.66999816894531,69.69999694824219,53.2985954284668,23674500
2017-11-02,69.6500015258789,69.91000366210938,69.62999725341797,69.91000366210938,53.45918655395508,20430900
2017-11-03,69.80000305175781,69.80000305175781,69.55999755859375,69.80000305175781,53.375083923339844,14078700
2017-11-06,69.61000061035156,69.91999816894531,69.5999984741211,69.9000015258789,53.45154571533203,11959000
2017-11-07,69.7699966430664,69.86000061035156,69.45999908447266,69.63999938964844,53.25272750854492,13024200
2017-11-08,69.75,69.9800033569336,69.70999908447266,69.87000274658203,53.42860412597656,15924200
2017-11-09,69.29000091552734,69.5,69.04000091552734,69.47000122070312,53.12273025512695,22577000
2017-11-10,69.23999786376953,69.36000061035156,69.12999725341797,69.27999877929688,52.97743225097656,11070800
2017-11-13,68.58999633789062,69.0199966430664,68.58000183105469,68.98999786376953,52.75567626953125,13605200
2017-11-14,68.86000061035156,68.98999786376953,68.69999694824219,68.94000244140625,52.71743392944336,13850100
2017-11-15,68.37000274658203,68.68000030517578,68.27999877929688,68.61000061035156,52.46510314941406,18547300
2017-11-16,69.05000305175781,69.23999786376953,68.97000122070312,69.16000366210938,52.885684967041016,17372500
2017-11-17,68.97000122070312,69.02999877929688,68.83999633789062,68.91000366210938,52.69450759887695,24773400
2017-11-20,69.12999725341797,69.2699966430664,69.05999755859375,69.05999755859375,52.809200286865234,20689600
2017-11-21,69.52999877929688,69.66999816894531,69.48999786376953,69.58000183105469,53.20684051513672,17104800
2017-11-22,69.87000274658203,69.91999816894531,69.55000305175781,69.7699966430664,53.35212707519531,17943200
2017-11-24,70.3499984741211,70.38999938964844,70.25,70.33999633789062,53.78800582885742,11732300
2017-11-27,70.19999694824219,70.26000213623047,69.91999816894531,69.91999816894531,53.46683883666992,17066500
2017-11-28,70.13999938964844,70.33999633789062,70.01000213623047,70.31999969482422,53.772701263427734,19389400
2017-11-29,70.37000274658203,70.43000030517578,69.94000244140625,70.04000091552734,53.55860137939453,19328300
2017-11-30,70.33000183105469,70.41000366210938,70.05000305175781,70.11000061035156,53.612125396728516,24443400
2017-12-01,69.76000213623047,70.01000213623047,69.4800033569336,69.83000183105469,53.39802932739258,33370400
2017-12-04,69.6500015258789,69.98999786376953,69.56999969482422,69.58000183105469,53.20684051513672,19355500
2017-12-05,69.47000122070312,69.73999786376953,69.41999816894531,69.43000030517578,53.092132568359375,15853700
2017-12-06,69.33000183105469,69.43000030517578,69.18000030517578,69.29000091552734,52.98509216308594,12481600
2017-12-07,69.54000091552734,69.63999938964844,69.2699966430664,69.47000122070312,53.12273025512695,16966100
2017-12-08,69.79000091552734,69.87999725341797,69.62999725341797,69.83999633789062,53.405662536621094,19106800
2017-12-11,69.9800033569336,70.04000091552734,69.87999725341797,70.0199966430664,53.543304443359375,20038600
2017-12-12,70.11000061035156,70.16999816894531,69.91000366210938,70.11000061035156,53.612125396728516,16514700
2017-12-13,70.22000122070312,70.51000213623047,70.16999816894531,70.37999725341797,53.8185920715332,25920500
2017-12-14,70.33000183105469,70.36000061035156,69.94999694824219,69.98999786376953,53.520362854003906,27424600
2017-12-15,69.91999816894531,70.06999969482422,69.76000213623047,69.97000122070312,53.50506591796875,32906900
2017-12-18,70.72000122070312,70.95999908447266,70.69999694824219,70.80000305175781,54.139774322509766,38998500
2017-12-19,69.94999694824219,69.9800033569336,69.69000244140625,69.80000305175781,53.941158294677734,37373700
2017-12-20,69.87000274658203,69.91000366210938,69.62999725341797,69.68000030517578,53.848419189453125,18729500
2017-12-21,69.7699966430664,70.11000061035156,69.75,69.93000030517578,54.04161071777344,22930000
2017-12-22,69.9000015258789,70.12000274658203,69.86000061035156,70.11000061035156,54.18071746826172,18767000
2017-12-26,69.9800033569336,70.16999816894531,69.91999816894531,70.08999633789062,54.16526412963867,15995000
2017-12-27,70.19000244140625,70.33000183105469,70.0999984741211,70.22000122070312,54.26572799682617,19835400
2017-12-28,70.4000015258789,70.45999908447266,70.22000122070312,70.26000213623047,54.296634674072266,20811200
2017-12-29,70.56999969482422,70.58000183105469,70.26000213623047,70.30999755859375,54.33527755737305,16214700
2018-01-02,70.52999877929688,70.8499984741211,70.41999816894531,70.83000183105469,54.73712921142578,26530000
2018-01-03,70.88999938964844,71.26000213623047,70.8499984741211,71.16999816894531,54.9998779296875,33384900
2018-01-04,71.86000061035156,72.05999755859375,71.80999755859375,71.94999694824219,55.6026496887207,23974400
2018-01-05,72.1500015258789,72.4000015258789,72.06999969482422,72.3499984741211,55.911781311035156,17483800
2018-01-08,72.26000213623047,72.3499984741211,72.18000030517578,72.33000183105469,55.896324157714844,21733700
2018-01-09,72.33999633789062,72.44000244140625,72.12000274658203,72.41000366210938,55.95814514160156,19138900
2018-01-10,72.41999816894531,72.44999694824219,72.22000122070312,72.2699966430664,55.84995651245117,18118900
2018-01-11,72.47000122070312,72.77999877929688,72.41000366210938,72.7699966430664,56.236351013183594,17314400
2018-01-12,73.02999877929688,73.51000213623047,72.95999908447266,73.5,56.80049514770508,22694300
2018-01-16,73.70999908447266,73.83999633789062,73.33999633789062,73.43000030517578,56.74641799926758,24617800
2018-01-17,73.62999725341797,74.08000183105469,73.47000122070312,73.80999755859375,57.04006576538086,21424400
2018-01-18,73.61000061035156,73.80000305175781,73.48999786376953,73.72000122070312,56.97051239013672,19094600
2018-01-19,74.08999633789062,74.13999938964844,73.86000061035156,74.12999725341797,57.287357330322266,19622600
2018-01-22,74.19000244140625,74.54000091552734,74.1500015258789,74.51000213623047,57.58101272583008,14992500
2018-01-23,74.5999984741211,74.80000305175781,74.51000213623047,74.75,57.7664909362793,15575400
2018-01-24,75.16000366210938,75.2300033569336,74.62999725341797,74.87999725341797,57.86696243286133,24383800
2018-01-25,75.18000030517578,75.20999908447266,74.44000244140625,74.58999633789062,57.64283752441406,23272500
2018-01-26,74.9800033569336,75.2699966430664,74.93000030517578,75.25,58.15289306640625,19192600
2018-01-29,74.6500015258789,74.72000122070312,74.41999816894531,74.55999755859375,57.619651794433594,26906700
2018-01-30,74.31999969482422,74.37000274658203,73.8499984741211,73.94000244140625,57.14052963256836,113986300
2018-01-31,74.19000244140625,74.2300033569336,73.70999908447266,73.83999633789062,57.0632438659668,38465500
2018-02-01,73.72000122070312,74.19000244140625,73.68000030517578,74.05000305175781,57.22554016113281,30876200
2018-02-02,73.33000183105469,73.33000183105469,72.47000122070312,72.55000305175781,56.06633758544922,36590600
2018-02-05,71.63999938964844,71.97000122070312,69.30999755859375,69.51000213623047,53.7170295715332,78968000
2018-02-06,69.41999816894531,71.06999969482422,69.26000213623047,70.87999725341797,54.7757682800293,84302300
2018-02-07,70.25,70.86000061035156,69.98999786376953,70.12999725341797,54.1961669921875,44411300
2018-02-08,70.16999816894531,70.19999694824219,68.27999877929688,68.30000305175781,52.781959533691406,59223600
2018-02-09,68.75,68.95999908447266,66.88999938964844,68.58999633789062,53.006065368652344,67466800
2018-02-12,69.0999984741211,69.77999877929688,68.87999725341797,69.63999938964844,53.817508697509766,37528600
2018-02-13,69.08999633789062,69.5,69.06999969482422,69.43000030517578,53.655208587646484,20574300
2018-02-14,69.01000213623047,70.69999694824219,68.9800033569336,70.66000366210938,54.605751037597656,31475400
2018-02-15,71.05999755859375,71.20999908447266,70.51000213623047,71.0999984741211,54.94579315185547,31600600
2018-02-16,71.20999908447266,71.72000122070312,71.18000030517578,71.41999816894531,55.19306945800781,23606400
2018-02-20,70.87999725341797,71.19999694824219,70.58000183105469,70.75,54.6753044128418,25286900
2018-02-21,70.94999694824219,71.4000015258789,70.37999725341797,70.41000366210938,54.41256332397461,30247700
2018-02-22,70.70999908447266,71.0999984741211,70.54000091552734,70.77999877929688,54.69847869873047,20537000
2018-02-23,71.04000091552734,71.43000030517578,70.9000015258789,71.33999633789062,55.131263732910156,30298500
2018-02-26,71.63999938964844,72.02999877929688,71.38999938964844,72.01000213623047,55.64903259277344,21007200
2018-02-27,71.55999755859375,71.63999938964844,70.9000015258789,70.94000244140625,54.82212829589844,22449300
2018-02-28,71.04000091552734,71.08000183105469,70.16999816894531,70.2699966430664,54.304351806640625,31642500
2018-03-01,69.69999694824219,70.04000091552734,68.75,69.08999633789062,53.3924674987793,51282100
2018-03-02,68.8499984741211,69.44000244140625,68.56999969482422,69.41999816894531,53.647491455078125,35512000
2018-03-05,68.91000366210938,69.83999633789062,68.88999938964844,69.79000091552734,53.933414459228516,18968500
2018-03-06,70.3499984741211,70.38999938964844,70.01000213623047,70.19999694824219,54.25026321411133,20996900
2018-03-07,69.86000061035156,70.22000122070312,69.66000366210938,70.18000030517578,54.234806060791016,14492500
2018-03-08,70.37999725341797,70.48999786376953,70.0999984741211,70.33000183105469,54.35073471069336,14883300
2018-03-09,70.43000030517578,70.79000091552734,70.31999969482422,70.77999877929688,54.69847869873047,17319800
2018-03-12,70.86000061035156,71.01000213623047,70.70999908447266,70.86000061035156,54.76030731201172,12801300
2018-03-13,71.0999984741211,71.1500015258789,70.26000213623047,70.38999938964844,54.3970947265625,19138100
2018-03-14,70.93000030517578,70.9800033569336,70.30999755859375,70.55999755859375,54.528465270996094,13670800
2018-03-15,70.55999755859375,70.8499984741211,70.4000015258789,70.5199966430664,54.49755859375,21712300
2018-03-16,70.38999938964844,70.66000366210938,70.36000061035156,70.47000122070312,54.45893478393555,16119900
2018-03-19,70.20999908447266,70.22000122070312,69.52999877929688,69.9000015258789,54.0184326171875,24159700
2018-03-20,69.81999969482422,70.04000091552734,69.72000122070312,69.88999938964844,54.01070022583008,20578800
2018-03-21,69.77999877929688,70.27999877929688,69.70999908447266,70.0,54.0957145690918,17479200
2018-03-22,69.29000091552734,69.44000244140625,68.68000030517578,68.69999694824219,53.09107971191406,42084300
2018-03-23,68.81999969482422,68.91999816894531,67.91000366210938,67.94000244140625,52.503746032714844,44983200
2018-03-26,68.9800033569336,69.20999908447266,68.29000091552734,69.16000366210938,53.44657516479492,31279000
2018-03-27,69.5,69.56999969482422,68.38999938964844,68.6500015258789,53.05243682861328,36493900
2018-03-28,69.08000183105469,69.55999755859375,68.77999877929688,69.05000305175781,53.361549377441406,35737600
2018-03-29,69.55000305175781,69.9800033569336,69.37000274658203,69.68000030517578,53.848419189453125,34745000
2018-04-02,69.41000366210938,69.58000183105469,68.25,68.72000122070312,53.106529235839844,52362500
2018-04-03,69.08999633789062,69.26000213623047,68.73999786376953,69.16000366210938,53.44657516479492,30413600
2018-04-04,68.3499984741211,69.43000030517578,68.31999969482422,69.4000015258789,53.63203048706055,26041500
2018-04-05,69.7300033569336,70.05000305175781,69.69000244140625,69.86000061035156,53.987510681152344,22625800
2018-04-06,69.80999755859375,70.05999755859375,69.16999816894531,69.4000015258789,53.63203048706055,24999600
2018-04-09,70.06999969482422,70.44000244140625,69.86000061035156,69.97000122070312,54.0725212097168,18498700
2018-04-10,70.66999816894531,70.88999938964844,70.5199966430664,70.72000122070312,54.652130126953125,19233800
2018-04-11,70.56999969482422,70.86000061035156,70.4000015258789,70.44999694824219,54.443458557128906,21099100
2018-04-12,70.54000091552734,70.81999969482422,70.5,70.72000122070312,54.652130126953125,18012500
2018-04-13,70.95999908447266,70.97000122070312,70.55000305175781,70.79000091552734,54.70621871948242,14515400
2018-04-16,70.97000122070312,71.0,70.73999786376953,70.9000015258789,54.791221618652344,15678300
2018-04-17,71.02999877929688,71.36000061035156,70.95999908447266,71.22000122070312,55.038516998291016,17545600
2018-04-18,71.5199966430664,71.69000244140625,71.44999694824219,71.58999633789062,55.32444763183594,17035100
2018-04-19,71.51000213623047,71.61000061035156,71.11000061035156,71.31999969482422,55.11580276489258,20004000
2018-04-20,71.08999633789062,71.1500015258789,70.91000366210938,71.05000305175781,54.907142639160156,27586500
2018-04-23,70.98999786376953,71.06999969482422,70.7699966430664,70.95999908447266,54.83759689331055,17696000
2018-04-24,71.08999633789062,71.18000030517578,70.45999908447266,70.66999816894531,54.61347961425781,22013400
2018-04-25,70.41000366210938,70.63999938964844,70.19000244140625,70.55000305175781,54.5207633972168,18280700
2018-04-26,70.9000015258789,71.01000213623047,70.72000122070312,70.9000015258789,54.791221618652344,23697700
2018-04-27,70.87999725341797,71.05000305175781,70.69000244140625,70.97000122070312,54.84531784057617,15395400
2018-04-30,70.88999938964844,71.13999938964844,70.69000244140625,70.73999786376953,54.66758346557617,21883700
2018-05-01,70.66000366210938,70.72000122070312,70.16999816894531,70.48999786376953,54.47438049316406,17308000
2018-05-02,70.8499984741211,70.94000244140625,70.41000366210938,70.45999908447266,54.45119094848633,16409400
2018-05-03,70.58000183105469,70.7699966430664,70.05000305175781,70.68000030517578,54.621212005615234,19854600
2018-05-04,70.16999816894531,71.0,70.12999725341797,70.93000030517578,54.81441879272461,17022600
2018-05-07,70.87999725341797,71.12000274658203,70.80999755859375,70.94000244140625,54.82212829589844,8172600
2018-05-08,70.69000244140625,70.94999694824219,70.55999755859375,70.94999694824219,54.82986831665039,12400300
2018-05-09,70.8499984741211,71.19999694824219,70.79000091552734,71.12000274658203,54.961238861083984,15414000
2018-05-10,71.33999633789062,71.58000183105469,71.20999908447266,71.58000183105469,55.316734313964844,18107500
2018-05-11,71.80000305175781,71.91000366210938,71.68000030517578,71.7699966430664,55.463558197021484,19083700
2018-05-14,72.02999877929688,72.0999984741211,71.81999969482422,71.9000015258789,55.56401443481445,17790300
2018-05-15,71.27999877929688,71.5199966430664,71.0999984741211,71.37999725341797,55.162166595458984,18330100
2018-05-16,71.30999755859375,71.52999877929688,71.2300033569336,71.4800033569336,55.23945999145508,13758300
2018-05-17,71.51000213623047,71.70999908447266,71.38999938964844,71.58999633789062,55.32444763183594,16191300
2018-05-18,71.37999725341797,71.44999694824219,71.2300033569336,71.33000183105469,55.123531341552734,21815600
2018-05-21,71.69000244140625,71.77999877929688,71.5999984741211,71.77999877929688,55.47127914428711,13441700
2018-05-22,71.87999725341797,71.94000244140625,71.61000061035156,71.69000244140625,55.40172576904297,12897900
2018-05-23,70.77999877929688,70.91999816894531,70.55999755859375,70.9000015258789,54.791221618652344,23332600
2018-05-24,70.77999877929688,70.80999755859375,70.20999908447266,70.68000030517578,54.621212005615234,21542400
2018-05-25,70.16999816894531,70.31999969482422,70.02999877929688,70.22000122070312,54.26572799682617,17225600
2018-05-29,69.13999938964844,69.37999725341797,68.52999877929688,68.79000091552734,53.16062927246094,57008900
2018-05-30,69.37999725341797,69.88999938964844,69.19000244140625,69.83999633789062,53.97206115722656,25531900
2018-05-31,69.62999725341797,69.69999694824219,69.11000061035156,69.4000015258789,53.63203048706055,47992800
2018-06-01,69.91999816894531,70.0199966430664,69.63999938964844,70.0,54.0957145690918,39232600
2018-06-04,70.45999908447266,70.54000091552734,70.18000030517578,70.20999908447266,54.25800323486328,18561900
2018-06-05,70.22000122070312,70.25,69.91999816894531,70.0999984741211,54.1729850769043,16641000
2018-06-06,70.3499984741211,70.7300033569336,70.18000030517578,70.7300033569336,54.659854888916016,25445400
2018-06-07,70.79000091552734,70.81999969482422,70.19999694824219,70.33000183105469,54.35073471069336,25977000
2018-06-08,70.2699966430664,70.5,70.08999633789062,70.41000366210938,54.41256332397461,23206300
2018-06-11,70.66999816894531,71.02999877929688,70.61000061035156,70.86000061035156,54.76030731201172,26145100
2018-06-12,70.72000122070312,70.76000213623047,70.3499984741211,70.41000366210938,54.41256332397461,22706300
2018-06-13,70.63999938964844,70.70999908447266,70.22000122070312,70.51000213623047,54.489830017089844,20486700
2018-06-14,70.51000213623047,70.72000122070312,70.31999969482422,70.36000061035156,54.37392044067383,24099000
2018-06-15,70.02999877929688,70.04000091552734,69.7300033569336,70.0,54.0957145690918,31433500
2018-06-18,69.2300033569336,69.5199966430664,69.13999938964844,69.5,53.70930862426758,30778500
2018-06-19,67.16000366210938,67.56999969482422,67.05999755859375,67.5199966430664,53.2159309387207,30397600
2018-06-20,67.77999877929688,67.83000183105469,67.4000015258789,67.56999969482422,53.255332946777344,38687300
2018-06-21,67.38999938964844,67.38999938964844,67.0199966430664,67.08999633789062,52.87702178955078,23793400
2018-06-22,67.94999694824219,68.12999725341797,67.66000366210938,67.80000305175781,53.436614990234375,26146100
2018-06-25,67.31999969482422,67.38999938964844,66.68000030517578,66.86000061035156,52.69575500488281,39388300
2018-06-26,67.08000183105469,67.11000061035156,66.70999908447266,66.9800033569336,52.79033660888672,23117500
2018-06-27,67.04000091552734,67.30000305175781,66.31999969482422,66.3499984741211,52.29380416870117,29616800
2018-06-28,66.33000183105469,66.68000030517578,66.19000244140625,66.5999984741211,52.4908332824707,21384800
2018-06-29,67.12000274658203,67.37000274658203,66.91000366210938,66.97000122070312,52.782447814941406,32031400
2018-07-02,66.0199966430664,66.43000030517578,66.0,66.36000061035156,52.30167007446289,39167900
2018-07-03,66.88999938964844,66.98999786376953,66.52999877929688,66.55999755859375,52.45929718017578,14919900
2018-07-05,67.16999816894531,67.2699966430664,66.97000122070312,67.22000122070312,52.97948455810547,18593200
2018-07-06,67.30999755859375,67.72000122070312,67.23999786376953,67.58000183105469,53.26321792602539,16641600
2018-07-09,68.12000274658203,68.25,67.94999694824219,68.2300033569336,53.7755241394043,20682100
2018-07-10,68.11000061035156,68.2699966430664,68.06999969482422,68.19999694824219,53.75187683105469,18981400
2018-07-11,67.43000030517578,67.61000061035156,66.86000061035156,67.05999755859375,52.85337829589844,30172400
2018-07-12,67.41999816894531,67.6500015258789,67.30000305175781,67.58000183105469,53.26321792602539,18810600
2018-07-13,67.61000061035156,67.81999969482422,67.47000122070312,67.79000091552734,53.4287223815918,17206900
2018-07-16,67.7699966430664,67.86000061035156,67.6500015258789,67.76000213623047,53.40508270263672,15422200
2018-07-17,67.58000183105469,67.95999908447266,67.54000091552734,67.87999725341797,53.499664306640625,16965000
2018-07-18,67.83000183105469,68.04000091552734,67.72000122070312,67.88999938964844,53.507545471191406,13712400
2018-07-19,67.54000091552734,67.87999725341797,67.47000122070312,67.75,53.3972053527832,26316500
2018-07-20,67.7699966430664,68.18000030517578,67.76000213623047,68.06999969482422,53.649417877197266,28610200
2018-07-23,68.06999969482422,68.13999938964844,67.94000244140625,68.06999969482422,53.649417877197266,10192900
2018-07-24,68.63999938964844,68.80000305175781,68.36000061035156,68.47000122070312,53.96466827392578,17645500
2018-07-25,68.45999908447266,69.08999633789062,68.23999786376953,68.9800033569336,54.36662673950195,29698900
2018-07-26,68.72000122070312,68.8499984741211,68.5999984741211,68.66999816894531,54.12229537963867,23009400
2018-07-27,68.97000122070312,69.11000061035156,68.7300033569336,68.80000305175781,54.22476577758789,28911800
2018-07-30,69.04000091552734,69.08999633789062,68.7699966430664,68.79000091552734,54.21687698364258,17630300
2018-07-31,69.04000091552734,69.0999984741211,68.75,68.87999725341797,54.28781509399414,25087500
2018-08-01,68.7699966430664,68.80000305175781,68.44000244140625,68.52999877929688,54.011959075927734,25402700
2018-08-02,67.79000091552734,68.08000183105469,67.72000122070312,68.08000183105469,53.65729522705078,24343200
2018-08-03,67.81999969482422,68.1500015258789,67.77999877929688,68.12000274658203,53.68882369995117,14176200
2018-08-06,67.69999694824219,67.93000030517578,67.58000183105469,67.83000183105469,53.46024703979492,12077900
2018-08-07,68.51000213623047,68.54000091552734,68.30000305175781,68.36000061035156,53.87797546386719,17495500
2018-08-08,68.27999877929688,68.43000030517578,68.12999725341797,68.30000305175781,53.8306884765625,13812800
2018-08-09,68.31999969482422,68.38999938964844,68.05999755859375,68.0999984741211,53.67306137084961,11964700
2018-08-10,66.86000061035156,66.98999786376953,66.61000061035156,66.73999786376953,52.601165771484375,28624600
2018-08-13,66.6500015258789,66.77999877929688,66.3499984741211,66.5,52.412017822265625,24817700
2018-08-14,66.58999633789062,66.6500015258789,66.37000274658203,66.48999786376953,52.40412902832031,22596700
2018-08-15,65.61000061035156,65.69000244140625,65.1500015258789,65.52999877929688,51.64751052856445,41602700
2018-08-16,65.95999908447266,66.23999786376953,65.93000030517578,65.98999786376953,52.01005554199219,23297100
2018-08-17,65.97000122070312,66.55000305175781,65.91000366210938,66.37999725341797,52.31742858886719,25722900
2018-08-20,66.63999938964844,66.81999969482422,66.62000274658203,66.73999786376953,52.601165771484375,16229300
2018-08-21,67.16999816894531,67.36000061035156,66.98999786376953,67.1500015258789,52.92431640625,15670100
2018-08-22,67.44999694824219,67.52999877929688,67.33000183105469,67.41000366210938,53.12923049926758,13217500
2018-08-23,67.06999969482422,67.22000122070312,66.87000274658203,66.93000030517578,52.750919342041016,22030700
2018-08-24,67.2300033569336,67.45999908447266,67.13999938964844,67.31999969482422,53.058292388916016,21816600
2018-08-27,67.91000366210938,68.2699966430664,67.87000274658203,68.22000122070312,53.76763916015625,24820300
2018-08-28,68.38999938964844,68.44999694824219,68.12000274658203,68.16000366210938,53.72034454345703,19866800
2018-08-29,68.16000366210938,68.54000091552734,68.08000183105469,68.52999877929688,54.011959075927734,18107700
2018-08-30,67.94999694824219,68.05000305175781,67.70999908447266,67.87999725341797,53.499664306640625,20743000
2018-08-31,67.45999908447266,67.69000244140625,67.08000183105469,67.33999633789062,53.07406997680664,30945900
2018-09-04,66.5,66.77999877929688,66.41999816894531,66.7699966430664,52.62481689453125,25303400
2018-09-05,66.33999633789062,66.41999816894531,65.95999908447266,66.16000366210938,52.144046783447266,26850800
2018-09-06,66.05999755859375,66.22000122070312,65.6500015258789,65.95999908447266,51.98641586303711,25557900
2018-09-07,65.33000183105469,65.62999725341797,65.23999786376953,65.43000030517578,51.56869888305664,22989400
2018-09-10,65.94999694824219,65.98999786376953,65.75,65.83000183105469,51.88395690917969,15646700
2018-09-11,65.5,65.91000366210938,65.4000015258789,65.88999938964844,51.93124008178711,17652700
2018-09-12,65.95999908447266,66.33000183105469,65.91000366210938,66.16999816894531,52.15192794799805,19372500
2018-09-13,66.80999755859375,66.87000274658203,66.48999786376953,66.66000366210938,52.53811264038086,26009600
2018-09-14,66.86000061035156,66.94000244140625,66.5999984741211,66.76000213623047,52.6169319152832,21047500
2018-09-17,67.08999633789062,67.20999908447266,66.80999755859375,66.81999969482422,52.66422653198242,13679100
2018-09-18,67.30999755859375,67.62000274658203,67.30000305175781,67.5199966430664,53.2159309387207,20734400
2018-09-19,67.58999633789062,67.86000061035156,67.58999633789062,67.76000213623047,53.40508270263672,15330300
2018-09-20,68.47000122070312,68.68000030517578,68.29000091552734,68.5999984741211,54.06713104248047,24625300
2018-09-21,68.58000183105469,68.73999786376953,68.5199966430664,68.62999725341797,54.09077072143555,19003300
2018-09-24,68.63999938964844,68.66000366210938,68.31999969482422,68.31999969482422,53.8464469909668,20382700
2018-09-25,68.8499984741211,68.88999938964844,68.63999938964844,68.66000366210938,54.11442565917969,19623000
2018-09-26,68.62999725341797,69.12999725341797,68.62000274658203,68.69000244140625,54.13806915283203,26899900
2018-09-27,68.55999755859375,68.86000061035156,68.4800033569336,68.55000305175781,54.0277214050293,21555300
2018-09-28,67.93000030517578,68.2699966430664,67.8499984741211,67.98999786376953,53.58635711669922,37330500
2018-10-01,68.20999908447266,68.31999969482422,68.05000305175781,68.06999969482422,53.649417877197266,27922300
2018-10-02,67.55000305175781,67.77999877929688,67.47000122070312,67.72000122070312,53.373558044433594,18689200
2018-10-03,67.83999633789062,67.87999725341797,67.54000091552734,67.5999984741211,53.27898025512695,19372300
2018-10-04,67.16999816894531,67.19999694824219,66.5,66.80999755859375,52.65634536743164,38671500
2018-10-05,66.6500015258789,66.70999908447266,66.16000366210938,66.41000366210938,52.34107971191406,28116900
2018-10-08,65.69000244140625,66.11000061035156,65.54000091552734,66.08999633789062,52.08887481689453,24471300
2018-10-09,65.4000015258789,66.01000213623047,65.31999969482422,65.91999816894531,51.954898834228516,23011200
2018-10-10,65.68000030517578,65.68000030517578,64.37999725341797,64.5199966430664,50.851478576660156,64586200
2018-10-11,64.33000183105469,64.54000091552734,63.189998626708984,63.619998931884766,50.14213562011719,119275100
2018-10-12,64.11000061035156,64.13999938964844,63.18000030517578,63.849998474121094,50.32341003417969,66647600
2018-10-15,63.689998626708984,64.04000091552734,63.5099983215332,63.70000076293945,50.2051887512207,32702300
2018-10-16,64.52999877929688,64.91999816894531,64.43000030517578,64.79000091552734,51.06427764892578,35959100
2018-10-17,64.58999633789062,64.66999816894531,64.12000274658203,64.41999816894531,50.77267074584961,26566600
2018-10-18,64.16999816894531,64.25,63.18000030517578,63.380001068115234,49.9529914855957,48286500
2018-10-19,63.720001220703125,64.0999984741211,63.70000076293945,63.7400016784668,50.236717224121094,31924100
2018-10-22,63.79999923706055,63.849998474121094,63.27000045776367,63.459999084472656,50.01603317260742,28641300
2018-10-23,62.41999816894531,63.130001068115234,62.04999923706055,62.86000061035156,49.543148040771484,54694300
2018-10-24,62.5,62.540000915527344,61.040000915527344,61.08000183105469,48.14024353027344,62942300
2018-10-25,61.58000183105469,62.16999816894531,61.34000015258789,61.849998474121094,48.74711608886719,47758100
2018-10-26,61.09000015258789,61.83000183105469,60.58000183105469,61.43000030517578,48.41609191894531,72008800
2018-10-29,62.099998474121094,62.22999954223633,60.77000045776367,61.2599983215332,48.2821044921875,60675300
2018-10-30,61.38999938964844,62.0099983215332,61.29999923706055,62.0,48.86534118652344,50851500
2018-10-31,62.5099983215332,62.79999923706055,62.400001525878906,62.459999084472656,49.227882385253906,49348900
2018-11-01,63.0,63.27000045776367,62.7599983215332,63.2599983215332,49.858402252197266,42760200
2018-11-02,63.83000183105469,63.91999816894531,62.97999954223633,63.349998474121094,49.929344177246094,39087900
2018-11-05,63.38999938964844,63.5099983215332,63.15999984741211,63.349998474121094,49.929344177246094,23002700
2018-11-06,63.369998931884766,63.65999984741211,63.310001373291016,63.61000061035156,50.13426971435547,18973700
2018-11-07,64.19000244140625,64.5,63.97999954223633,64.45999908447266,50.8041877746582,34148400
2018-11-08,64.22000122070312,64.3499984741211,63.689998626708984,63.83000183105469,50.30765914916992,31336600
2018-11-09,63.40999984741211,63.52000045776367,63.11000061035156,63.40999984741211,49.97663116455078,27581700
2018-11-12,62.970001220703125,62.9900016784668,62.290000915527344,62.369998931884766,49.15696334838867,31068900
2018-11-13,62.529998779296875,63.08000183105469,62.369998931884766,62.63999938964844,49.3697509765625,37193900
2018-11-14,63.08000183105469,63.130001068115234,62.34000015258789,62.689998626708984,49.40915298461914,51506100
2018-11-15,62.279998779296875,63.02000045776367,61.970001220703125,62.88999938964844,49.56679153442383,54666300
2018-11-16,62.47999954223633,63.029998779296875,62.380001068115234,62.959999084472656,49.621952056884766,30723600
2018-11-19,62.91999816894531,62.95000076293945,62.25,62.40999984741211,49.1884765625,30409700
2018-11-20,61.56999969482422,61.83000183105469,61.18000030517578,61.33000183105469,48.33728790283203,41209700
2018-11-21,62.09000015258789,62.439998626708984,61.9900016784668,62.189998626708984,49.01509094238281,32720600
2018-11-23,61.65999984741211,61.97999954223633,61.65999984741211,61.779998779296875,48.69194412231445,13336500
2018-11-26,62.560001373291016,62.77000045776367,62.5,62.709999084472656,49.4249267578125,31007400
2018-11-27,62.34000015258789,62.5099983215332,62.15999984741211,62.470001220703125,49.235774993896484,38111400
2018-11-28,62.560001373291016,63.40999984741211,62.279998779296875,63.36000061035156,49.937225341796875,40600800
2018-11-29,62.9900016784668,63.25,62.83000183105469,63.040000915527344,49.68501281738281,31259700
2018-11-30,62.68000030517578,62.84000015258789,62.4900016784668,62.77000045776367,49.47221374511719,32068600
2018-12-03,63.75,63.75,63.36000061035156,63.599998474121094,50.126373291015625,43673900
2018-12-04,63.279998779296875,63.34000015258789,61.88999938964844,61.95000076293945,48.8259391784668,50079600
2018-12-06,60.900001525878906,61.41999816894531,60.22999954223633,61.369998931884766,48.368797302246094,78905500
2018-12-07,61.459999084472656,61.70000076293945,60.61000061035156,60.75,47.88015365600586,54090300
2018-12-10,60.4900016784668,60.599998474121094,59.65999984741211,60.279998779296875,47.50971984863281,61630500
2018-12-11,60.900001525878906,60.91999816894531,60.11000061035156,60.470001220703125,47.65946960449219,71163600
2018-12-12,61.41999816894531,61.779998779296875,61.36000061035156,61.36000061035156,48.360923767089844,45925600
2018-12-13,61.47999954223633,61.630001068115234,61.189998626708984,61.25,48.27422332763672,44498200
2018-12-14,60.59000015258789,60.849998474121094,60.40999984741211,60.459999084472656,47.65159225463867,50416200
2018-12-17,60.45000076293945,60.52000045776367,59.72999954223633,59.97999954223633,47.27326965332031,58508500
2018-12-18,59.619998931884766,59.81999969482422,59.20000076293945,59.38999938964844,47.31151580810547,48896500
2018-12-19,59.63999938964844,60.099998474121094,58.58000183105469,58.81999969482422,46.85743713378906,68491500
2018-12-20,58.900001525878906,59.06999969482422,58.349998474121094,58.58000183105469,46.66624450683594,97602600
2018-12-21,58.16999816894531,58.5099983215332,57.47999954223633,57.560001373291016,45.85369110107422,93622500
2018-12-24,57.560001373291016,57.790000915527344,56.84000015258789,56.88999938964844,45.3199462890625,47120300
2018-12-26,57.25,58.29999923706055,56.77000045776367,58.209999084472656,46.371490478515625,69827600
2018-12-27,57.54999923706055,58.380001068115234,57.11000061035156,58.380001068115234,46.506919860839844,76591200
2018-12-28,58.959999084472656,58.9900016784668,58.52000045776367,58.689998626708984,46.75387191772461,68541800
2018-12-31,59.02000045776367,59.060001373291016,58.58000183105469,58.779998779296875,46.825565338134766,62878800
