date,open,high,low,close,adjclose,volume
2002-07-30,81.94000244140625,82.12000274658203,81.69999694824219,81.7699966430664,40.00058364868164,41300
2002-07-31,82.05000305175781,82.58000183105469,82.05000305175781,82.5199966430664,40.367462158203125,32600
2002-08-01,82.54000091552734,82.9000015258789,82.5199966430664,82.86000061035156,40.53382873535156,71400
2002-08-02,83.0199966430664,83.69999694824219,82.9000015258789,83.5,40.84686279296875,120300
2002-08-05,83.68000030517578,83.91999816894531,83.52999877929688,83.91999816894531,41.052330017089844,159300
2002-08-06,83.51000213623047,83.51000213623047,83.02999877929688,83.23999786376953,40.719688415527344,90100
2002-08-07,83.19000244140625,83.6500015258789,83.0999984741211,83.5,40.84686279296875,38100
2002-08-08,83.33000183105469,83.4000015258789,83.08999633789062,83.20999908447266,40.70502853393555,142600
2002-08-09,83.31999969482422,83.87999725341797,83.31999969482422,83.83000183105469,41.00831985473633,99600
2002-08-12,84.0999984741211,84.27999877929688,83.94999694824219,84.0,41.09148406982422,38100
2002-08-13,84.31999969482422,84.73999786376953,84.05999755859375,84.66999816894531,41.41922378540039,109300
2002-08-14,84.98999786376953,85.2300033569336,84.36000061035156,84.41999816894531,41.29691696166992,146100
2002-08-15,84.0,84.33000183105469,83.75,83.93000030517578,41.0572624206543,60500
2002-08-16,84.25,84.2699966430664,83.2699966430664,83.37999725341797,40.78818893432617,55800
2002-08-19,83.51000213623047,83.51000213623047,83.12999725341797,83.45999908447266,40.82733917236328,41600
2002-08-20,83.80000305175781,84.2300033569336,83.69999694824219,84.2300033569336,41.20399475097656,56900
2002-08-21,83.77999877929688,84.04000091552734,83.69999694824219,84.0199966430664,41.10126876831055,37900
2002-08-22,83.80000305175781,83.80000305175781,83.5,83.56999969482422,40.88109588623047,43600
2002-08-23,83.72000122070312,84.0,83.66000366210938,83.94999694824219,41.067012786865234,26500
2002-08-26,83.91999816894531,84.19999694824219,83.87000274658203,83.98999786376953,41.08658981323242,27800
2002-08-27,83.75,83.93000030517578,83.56999969482422,83.73999786376953,40.964263916015625,38800
2002-08-28,84.08999633789062,84.16999816894531,84.0,84.05000305175781,41.115970611572266,40200
2002-08-29,84.56999969482422,84.58999633789062,84.33000183105469,84.44000244140625,41.306724548339844,101500
2002-08-30,84.58000183105469,84.63999938964844,84.30000305175781,84.5999984741211,41.384986877441406,28900
2002-09-03,85.08999633789062,85.5999984741211,85.0,85.2300033569336,41.836578369140625,110700
2002-09-04,85.16000366210938,85.44999694824219,85.08000183105469,85.19999694824219,41.82187271118164,77300
2002-09-05,85.5999984741211,85.6500015258789,85.19000244140625,85.54000091552734,41.9887580871582,57900
2002-09-06,85.08999633789062,85.25,84.83999633789062,84.87999725341797,41.66475296020508,32200
2002-09-09,84.94000244140625,85.1500015258789,84.75,84.76000213623047,41.605873107910156,88800
2002-09-10,84.70999908447266,85.20999908447266,84.66000366210938,85.05999755859375,41.75310134887695,21400
2002-09-11,84.61000061035156,84.75,84.48999786376953,84.75,41.600990295410156,77500
2002-09-12,84.80000305175781,85.2300033569336,84.80000305175781,85.19000244140625,41.81697463989258,39900
2002-09-13,85.37999725341797,85.6500015258789,85.29000091552734,85.58999633789062,42.01329040527344,125900
2002-09-16,85.70999908447266,85.91999816894531,85.62000274658203,85.62000274658203,42.028053283691406,108700
2002-09-17,85.4000015258789,85.95999908447266,85.4000015258789,85.9000015258789,42.16547393798828,30400
2002-09-18,85.91999816894531,86.22000122070312,85.91000366210938,86.0,42.21455764770508,76400
2002-09-19,86.41999816894531,86.47000122070312,86.12000274658203,86.43000030517578,42.425601959228516,61100
2002-09-20,86.30000305175781,86.4800033569336,86.19999694824219,86.4000015258789,42.410892486572266,128600
2002-09-23,86.87999725341797,87.05999755859375,86.72000122070312,86.88999938964844,42.651451110839844,293700
2002-09-24,87.05999755859375,87.44999694824219,86.87999725341797,87.19999694824219,42.8036003112793,158200
2002-09-25,86.69999694824219,86.98999786376953,86.4000015258789,86.54000091552734,42.47959518432617,88900
2002-09-26,86.33000183105469,86.58999633789062,86.05999755859375,86.4800033569336,42.45018005371094,256100
2002-09-27,86.58000183105469,87.05000305175781,86.51000213623047,87.05000305175781,42.729976654052734,199400
2002-09-30,87.4000015258789,87.69999694824219,87.30999755859375,87.55999755859375,42.98033142089844,97200
2002-10-01,86.76000213623047,87.0199966430664,86.54000091552734,86.54000091552734,42.60514831542969,150100
2002-10-02,86.56999969482422,86.86000061035156,86.37999725341797,86.83000183105469,42.74795150756836,43000
2002-10-03,86.8499984741211,86.87000274658203,86.41999816894531,86.77999877929688,42.72333908081055,37500
2002-10-04,86.16999816894531,86.95999908447266,86.16000366210938,86.87000274658203,42.767616271972656,61400
2002-10-07,87.18000030517578,87.26000213623047,86.94999694824219,87.20999908447266,42.93502426147461,80300
2002-10-08,86.93000030517578,87.5,86.87000274658203,87.05000305175781,42.85624313354492,134600
2002-10-09,87.44000244140625,87.48999786376953,87.16999816894531,87.48999786376953,43.072898864746094,94500
2002-10-10,87.4000015258789,87.47000122070312,86.9000015258789,86.98999786376953,42.826683044433594,120400
2002-10-11,86.68000030517578,86.7699966430664,86.18000030517578,86.37000274658203,42.52145004272461,133600
2002-10-14,86.5999984741211,86.5999984741211,86.12999725341797,86.30000305175781,42.487037658691406,51300
2002-10-15,85.33999633789062,85.58000183105469,84.80000305175781,84.8499984741211,41.77313232421875,167000
2002-10-16,84.93000030517578,85.22000122070312,84.80999755859375,84.8499984741211,41.77313232421875,124200
2002-10-17,84.22000122070312,84.54000091552734,84.22000122070312,84.4000015258789,41.551605224609375,205300
2002-10-18,84.41000366210938,84.70999908447266,83.87999725341797,84.6500015258789,41.674678802490234,98600
2002-10-21,84.69999694824219,84.69999694824219,83.9800033569336,84.0,41.35466766357422,572300
2002-10-22,84.05000305175781,84.18000030517578,83.87000274658203,83.95999908447266,41.33498764038086,197500
2002-10-23,84.19999694824219,84.5,84.05000305175781,84.13999938964844,41.42359924316406,64300
2002-10-24,84.05000305175781,84.70999908447266,83.91999816894531,84.54000091552734,41.62052536010742,41800
2002-10-25,84.95999908447266,84.95999908447266,84.7300033569336,84.91000366210938,41.802677154541016,566500
2002-10-28,85.11000061035156,85.22000122070312,85.0,85.01000213623047,41.85188293457031,22100
2002-10-29,85.41999816894531,86.11000061035156,85.33000183105469,85.77999877929688,42.231014251708984,118300
2002-10-30,85.62999725341797,85.9800033569336,85.58000183105469,85.7699966430664,42.226078033447266,53000
2002-10-31,85.6500015258789,86.69999694824219,85.61000061035156,86.20999908447266,42.442684173583984,71100
2002-11-01,85.7300033569336,85.76000213623047,85.08999633789062,85.4000015258789,42.18827438354492,63400
2002-11-04,84.94999694824219,85.12999725341797,84.80999755859375,85.12999725341797,42.05486297607422,85000
2002-11-05,85.0,85.0,84.75,84.9000015258789,41.9412956237793,426300
2002-11-06,84.66000366210938,85.6500015258789,84.66000366210938,85.18000030517578,42.07962417602539,135100
2002-11-07,85.68000030517578,86.06999969482422,85.55000305175781,86.01000213623047,42.48963165283203,68000
2002-11-08,86.08999633789062,86.22000122070312,85.98999786376953,86.22000122070312,42.59336471557617,27300
2002-11-11,86.0999984741211,86.44000244140625,86.0999984741211,86.44000244140625,42.70207214355469,52100
2002-11-12,86.45999908447266,86.48999786376953,86.12000274658203,86.16999816894531,42.56866455078125,48200
2002-11-13,86.12999725341797,86.37000274658203,86.0999984741211,86.2699966430664,42.61809539794922,330200
2002-11-14,85.66000366210938,85.70999908447266,85.19000244140625,85.19000244140625,42.084571838378906,71800
2002-11-15,84.9000015258789,85.25,84.6500015258789,85.25,42.11419677734375,40900
2002-11-18,85.12999725341797,85.44000244140625,85.05000305175781,85.33000183105469,42.1536750793457,35300
2002-11-19,85.62000274658203,85.66999816894531,85.31999969482422,85.4000015258789,42.18827438354492,11000
2002-11-20,85.58999633789062,85.5999984741211,84.80999755859375,84.93000030517578,41.95612716674805,251800
2002-11-21,84.56999969482422,84.6500015258789,84.23999786376953,84.44000244140625,41.71403884887695,95000
2002-11-22,84.55000305175781,84.55999755859375,84.26000213623047,84.33999633789062,41.664634704589844,144800
2002-11-25,84.5,84.51000213623047,84.19999694824219,84.20999908447266,41.60042190551758,49700
2002-11-26,84.54000091552734,84.9800033569336,84.45999908447266,84.97000122070312,41.975833892822266,103800
2002-11-27,84.56999969482422,84.61000061035156,83.75,84.0,41.496707916259766,324900
2002-11-29,83.97000122070312,84.16000366210938,83.88999938964844,84.12000274658203,41.55595397949219,15000
2002-12-02,83.0,83.6500015258789,82.98999786376953,83.56999969482422,41.541011810302734,78000
2002-12-03,83.81999969482422,83.81999969482422,83.4000015258789,83.55999755859375,41.536067962646484,38200
2002-12-04,83.94000244140625,83.9800033569336,83.73999786376953,83.8499984741211,41.68023681640625,135600
2002-12-05,83.63999938964844,84.22000122070312,83.63999938964844,84.08000183105469,41.79457473754883,194900
2002-12-06,84.81999969482422,84.81999969482422,84.1500015258789,84.41999816894531,41.96356964111328,194800
2002-12-09,84.5,84.79000091552734,84.41000366210938,84.73999786376953,42.12261199951172,143900
2002-12-10,84.69999694824219,84.79000091552734,84.54000091552734,84.66999816894531,42.08783721923828,154600
2002-12-11,84.95999908447266,85.13999938964844,84.79000091552734,84.94999694824219,42.227012634277344,287200
2002-12-12,84.9000015258789,85.12999725341797,84.81999969482422,85.0199966430664,42.261802673339844,69800
2002-12-13,84.9800033569336,84.9800033569336,84.56999969482422,84.70999908447266,42.10771942138672,32400
2002-12-16,84.79000091552734,84.80000305175781,84.33000183105469,84.36000061035156,41.933746337890625,37600
2002-12-17,84.6500015258789,84.6500015258789,84.38999938964844,84.55999755859375,42.03316116333008,73700
2002-12-18,84.87999725341797,85.08000183105469,84.83999633789062,85.08000183105469,42.29166030883789,106600
2002-12-19,85.20999908447266,85.5999984741211,85.08999633789062,85.5199966430664,42.5103874206543,187800
2002-12-20,85.45999908447266,85.58000183105469,85.37000274658203,85.5199966430664,42.5103874206543,79900
2002-12-23,85.37000274658203,85.52999877929688,85.22000122070312,85.47000122070312,42.48552322387695,109300
2002-12-24,85.83000183105469,85.87999725341797,85.77999877929688,85.79000091552734,42.644588470458984,37400
2002-12-26,85.80000305175781,85.91999816894531,85.69000244140625,85.91999816894531,42.70916748046875,85200
2002-12-27,86.2699966430664,86.54000091552734,86.1500015258789,86.43000030517578,42.96268081665039,149600
2002-12-30,86.44000244140625,86.76000213623047,86.41000366210938,86.58999633789062,43.042236328125,60700
2002-12-31,86.2699966430664,86.45999908447266,86.08000183105469,86.1500015258789,43.030250549316406,194300
2003-01-02,85.5999984741211,85.73999786376953,84.73999786376953,84.79000091552734,42.350975036621094,106700
2003-01-03,84.69999694824219,84.93000030517578,84.5999984741211,84.93000030517578,42.420867919921875,518400
2003-01-06,84.80000305175781,84.80000305175781,84.51000213623047,84.72000122070312,42.31596374511719,214500
2003-01-07,84.72000122070312,85.04000091552734,84.68000030517578,84.98999786376953,42.450836181640625,101700
2003-01-08,85.16999816894531,85.30000305175781,85.12000274658203,85.19000244140625,42.55073547363281,162600
2003-01-09,84.58000183105469,84.62000274658203,84.05999755859375,84.16000366210938,42.03630065917969,98000
2003-01-10,84.55999755859375,84.61000061035156,84.0199966430664,84.25,42.08122634887695,235800
2003-01-13,84.19999694824219,84.45999908447266,84.13999938964844,84.4000015258789,42.156185150146484,219700
2003-01-14,84.5999984741211,84.69000244140625,84.54000091552734,84.5999984741211,42.25602722167969,204500
2003-01-15,84.76000213623047,85.04000091552734,84.72000122070312,84.79000091552734,42.350975036621094,239000
2003-01-16,84.66000366210938,84.80000305175781,84.31999969482422,84.76000213623047,42.33598709106445,205700
2003-01-17,85.1500015258789,85.22000122070312,85.05999755859375,85.11000061035156,42.510772705078125,60100
2003-01-21,84.93000030517578,85.4000015258789,84.93000030517578,85.4000015258789,42.655616760253906,82600
2003-01-22,85.55000305175781,85.75,85.44999694824219,85.75,42.8304328918457,120500
2003-01-23,85.43000030517578,85.70999908447266,85.43000030517578,85.56999969482422,42.740501403808594,78300
2003-01-24,85.80000305175781,86.02999877929688,85.69000244140625,85.73999786376953,42.825435638427734,209400
2003-01-27,85.62999725341797,85.69000244140625,85.4000015258789,85.4800033569336,42.695613861083984,413800
2003-01-28,85.44000244140625,85.5,85.12000274658203,85.48999786376953,42.700584411621094,1596500
2003-01-29,85.52999877929688,85.52999877929688,85.0,85.12000274658203,42.51578903198242,83200
2003-01-30,85.0,85.51000213623047,84.94000244140625,85.44999694824219,42.680625915527344,31700
2003-01-31,85.62000274658203,85.62000274658203,85.25,85.48999786376953,42.700584411621094,44000
2003-02-03,85.25,85.30000305175781,84.86000061035156,85.08000183105469,42.6344108581543,57400
2003-02-04,85.38999938964844,85.41999816894531,85.22000122070312,85.36000061035156,42.77473449707031,88700
2003-02-05,85.26000213623047,85.41000366210938,84.80000305175781,85.02999877929688,42.609405517578125,138100
2003-02-06,85.27999877929688,85.43000030517578,85.25,85.36000061035156,42.77473449707031,92500
2003-02-07,85.08999633789062,85.48999786376953,85.0199966430664,85.4000015258789,42.794795989990234,44200
2003-02-10,85.4000015258789,85.4800033569336,85.12000274658203,85.23999786376953,42.714603424072266,29100
2003-02-11,85.16000366210938,85.3499984741211,85.0199966430664,85.31999969482422,42.75468826293945,272100
2003-02-12,85.45999908447266,85.69000244140625,85.37999725341797,85.69000244140625,42.94010543823242,50300
2003-02-13,85.80000305175781,86.26000213623047,85.73999786376953,86.0,43.09547805786133,107100
2003-02-14,85.80999755859375,85.9000015258789,85.5,85.69999694824219,42.94514083862305,51300
2003-02-18,85.5199966430664,85.69999694824219,85.37000274658203,85.69999694824219,42.94514083862305,62600
2003-02-19,85.80000305175781,86.05999755859375,85.80000305175781,86.0199966430664,43.1054801940918,34600
2003-02-20,86.0199966430664,86.3499984741211,85.97000122070312,86.31999969482422,43.25580596923828,59400
2003-02-21,86.2699966430664,86.29000091552734,85.97000122070312,86.0,43.09547805786133,21500
2003-02-24,86.29000091552734,86.37000274658203,86.13999938964844,86.33999633789062,43.26585388183594,47000
2003-02-25,86.55999755859375,86.76000213623047,86.44999694824219,86.45999908447266,43.32600402832031,72800
2003-02-26,86.51000213623047,86.77999877929688,86.44999694824219,86.72000122070312,43.45625686645508,52900
2003-02-27,86.69999694824219,86.83000183105469,86.5199966430664,86.80000305175781,43.496360778808594,209300
2003-02-28,86.75,87.1500015258789,86.61000061035156,87.08999633789062,43.64165496826172,80700
2003-03-03,86.80999755859375,87.08000183105469,86.77999877929688,87.02999877929688,43.73212814331055,24800
2003-03-04,87.0199966430664,87.23999786376953,86.97000122070312,87.19999694824219,43.81755065917969,41100
2003-03-05,87.37999725341797,87.44000244140625,87.12000274658203,87.36000061035156,43.89793395996094,50500
2003-03-06,87.37000274658203,87.38999938964844,87.06999969482422,87.18000030517578,43.8075065612793,83600
2003-03-07,87.72000122070312,87.7300033569336,87.22000122070312,87.47000122070312,43.95320510864258,79800
2003-03-10,87.66000366210938,87.81999969482422,87.66000366210938,87.76000213623047,44.09891891479492,58500
2003-03-11,87.77999877929688,87.86000061035156,87.58999633789062,87.73999786376953,44.0888786315918,61200
2003-03-12,87.66999816894531,87.69000244140625,87.5,87.54000091552734,43.988372802734375,51600
2003-03-13,86.94000244140625,87.08000183105469,86.55000305175781,86.56999969482422,43.50099182128906,326900
2003-03-14,86.75,86.93000030517578,86.66000366210938,86.8499984741211,43.64167404174805,50800
2003-03-17,87.0999984741211,87.0999984741211,86.11000061035156,86.16999816894531,43.29997634887695,98700
2003-03-18,86.25,86.3499984741211,85.69999694824219,85.69999694824219,43.06382751464844,203900
2003-03-19,85.6500015258789,85.69999694824219,85.2699966430664,85.29000091552734,42.857757568359375,152800
2003-03-20,85.5999984741211,85.69999694824219,85.04000091552734,85.3499984741211,42.8879280090332,170600
2003-03-21,85.12999725341797,85.12999725341797,84.52999877929688,84.56999969482422,42.49596405029297,148800
2003-03-24,85.25,85.4800033569336,85.18000030517578,85.38999938964844,42.90803146362305,45800
2003-03-25,85.5,85.6500015258789,85.11000061035156,85.4000015258789,42.913055419921875,107500
2003-03-26,85.4000015258789,85.5999984741211,85.33999633789062,85.5999984741211,43.013572692871094,75400
2003-03-27,85.79000091552734,85.87999725341797,85.56999969482422,85.76000213623047,43.093929290771484,45800
2003-03-28,86.02999877929688,86.05000305175781,85.8499984741211,85.9000015258789,43.16427993774414,144700
2003-03-31,86.30000305175781,86.58999633789062,86.30000305175781,86.5199966430664,43.47579574584961,99300
2003-04-01,86.2300033569336,86.2699966430664,85.19999694824219,86.16000366210938,43.41987609863281,36500
2003-04-02,85.5999984741211,85.72000122070312,85.41999816894531,85.55000305175781,43.11249923706055,147400
2003-04-03,85.48999786376953,85.77999877929688,85.45999908447266,85.69999694824219,43.188079833984375,170400
2003-04-04,85.54000091552734,85.76000213623047,85.44999694824219,85.55000305175781,43.11249923706055,26400
2003-04-07,84.8499984741211,85.3499984741211,84.76000213623047,85.3499984741211,43.01172637939453,62300
2003-04-08,85.37999725341797,85.66999816894531,85.37999725341797,85.66999816894531,43.17298889160156,41500
2003-04-09,85.72000122070312,85.9800033569336,85.5,85.95999908447266,43.319122314453125,101000
2003-04-10,85.87000274658203,85.98999786376953,85.69000244140625,85.7300033569336,43.203216552734375,77900
2003-04-11,85.30000305175781,85.62000274658203,85.19999694824219,85.51000213623047,43.092323303222656,102800
2003-04-14,85.4800033569336,85.4800033569336,85.12999725341797,85.2699966430664,42.97140121459961,107700
2003-04-15,85.5999984741211,85.63999938964844,85.33999633789062,85.56999969482422,43.12256622314453,27600
2003-04-16,85.48999786376953,85.79000091552734,85.48999786376953,85.76000213623047,43.218353271484375,23700
2003-04-17,85.94999694824219,85.95999908447266,84.75,85.6500015258789,43.162906646728516,20600
2003-04-21,85.36000061035156,85.48999786376953,85.19000244140625,85.48999786376953,43.08226776123047,24300
2003-04-22,85.7300033569336,85.81999969482422,85.41000366210938,85.51000213623047,43.092323303222656,24200
2003-04-23,85.5199966430664,85.58999633789062,85.37999725341797,85.47000122070312,43.07215118408203,75600
2003-04-24,85.75,86.12999725341797,85.75,85.97000122070312,43.32417678833008,87400
2003-04-25,86.01000213623047,86.2300033569336,85.98999786376953,86.11000061035156,43.39468765258789,325600
2003-04-28,86.3499984741211,86.3499984741211,86.0,86.0199966430664,43.3493537902832,41300
2003-04-29,85.83999633789062,85.94000244140625,85.66000366210938,85.87000274658203,43.27376174926758,54900
2003-04-30,85.8499984741211,86.41000366210938,85.80000305175781,86.38999938964844,43.535797119140625,113200
2003-05-01,86.23999786376953,86.44000244140625,86.0,86.12000274658203,43.572265625,77200
2003-05-02,86.04000091552734,86.13999938964844,85.62999725341797,85.6500015258789,43.33446502685547,158900
2003-05-05,85.66000366210938,85.98999786376953,85.5199966430664,85.91999816894531,43.47103500366211,76900
2003-05-06,85.95999908447266,86.45999908447266,85.80000305175781,86.44999694824219,43.73917770385742,74900
2003-05-07,86.69999694824219,87.1500015258789,86.69999694824219,87.05000305175781,44.04277420043945,159400
2003-05-08,87.30000305175781,87.56999969482422,87.05999755859375,87.13999938964844,44.08831787109375,113200
2003-05-09,87.0199966430664,87.30000305175781,86.97000122070312,87.27999877929688,44.15913009643555,82800
2003-05-12,87.80000305175781,87.80999755859375,87.4000015258789,87.6500015258789,44.34634780883789,36300
2003-05-13,87.37000274658203,87.7300033569336,87.36000061035156,87.7300033569336,44.38679885864258,120300
2003-05-14,87.91000366210938,88.29000091552734,87.72000122070312,88.20999908447266,44.62969207763672,177500
2003-05-15,87.88999938964844,88.30000305175781,87.83000183105469,88.12000274658203,44.584197998046875,68500
2003-05-16,88.4000015258789,88.61000061035156,88.20999908447266,88.58999633789062,44.8219108581543,137800
2003-05-19,88.91999816894531,88.91999816894531,88.44999694824219,88.56999969482422,44.81185531616211,69000
2003-05-20,88.44999694824219,89.16000366210938,88.44000244140625,89.16000366210938,45.11032485961914,130900
2003-05-21,88.83999633789062,89.36000061035156,88.83999633789062,88.87999725341797,44.968658447265625,83500
2003-05-22,89.08000183105469,89.30000305175781,89.01000213623047,89.30000305175781,45.18112564086914,414300
2003-05-23,89.36000061035156,89.5,89.13999938964844,89.19999694824219,45.130531311035156,82200
2003-05-27,89.26000213623047,89.3499984741211,88.8499984741211,88.87000274658203,44.96357345581055,176200
2003-05-28,88.66999816894531,88.97000122070312,88.47000122070312,88.88999938964844,44.97370529174805,204400
2003-05-29,89.12000274658203,89.38999938964844,89.08000183105469,89.36000061035156,45.211544036865234,97800
2003-05-30,89.20999908447266,89.36000061035156,88.88999938964844,89.30999755859375,45.186214447021484,165000
2003-06-02,88.69999694824219,88.76000213623047,88.51000213623047,88.72000122070312,45.01064682006836,165700
2003-06-03,88.97000122070312,89.44000244140625,88.97000122070312,89.30999755859375,45.30999755859375,77000
2003-06-04,89.48999786376953,89.62999725341797,89.2699966430664,89.56999969482422,45.441898345947266,183600
2003-06-05,89.76000213623047,89.81999969482422,89.19000244140625,89.25,45.279544830322266,61500
2003-06-06,88.97000122070312,89.19000244140625,88.83999633789062,89.1500015258789,45.22883224487305,110900
2003-06-09,89.52999877929688,89.68000030517578,89.37000274658203,89.63999938964844,45.477439880371094,48800
2003-06-10,89.9000015258789,90.19999694824219,89.9000015258789,90.13999938964844,45.73109436035156,65600
2003-06-11,90.20999908447266,90.37000274658203,89.94000244140625,89.94999694824219,45.634708404541016,79600
2003-06-12,90.08000183105469,90.4800033569336,90.02999877929688,90.30000305175781,45.81227111816406,50100
2003-06-13,90.5199966430664,90.76000213623047,90.47000122070312,90.62999725341797,45.979705810546875,75200
2003-06-16,90.80000305175781,90.80000305175781,90.13999938964844,90.16000366210938,45.74127197265625,161200
2003-06-17,89.95999908447266,90.0199966430664,89.62000274658203,89.66999816894531,45.49262619018555,135200
2003-06-18,89.44000244140625,89.5,89.0999984741211,89.12999725341797,45.218666076660156,252300
2003-06-19,89.13999938964844,89.37999725341797,88.8499984741211,89.26000213623047,45.28461837768555,202600
2003-06-20,89.0199966430664,89.16999816894531,88.86000061035156,89.12000274658203,45.213600158691406,61300
2003-06-23,89.12000274658203,89.58999633789062,89.0999984741211,89.45999908447266,45.38610076904297,38100
2003-06-24,89.56999969482422,89.91000366210938,89.41999816894531,89.87999725341797,45.59920120239258,132200
2003-06-25,90.16000366210938,90.16000366210938,89.01000213623047,89.19999694824219,45.25416564941406,164700
2003-06-26,88.86000061035156,88.86000061035156,88.2300033569336,88.31999969482422,44.807762145996094,470200
2003-06-27,88.47000122070312,88.5,87.88999938964844,88.23999786376953,44.76716232299805,244200
2003-06-30,88.2300033569336,88.48999786376953,88.12000274658203,88.44999694824219,44.87370300292969,126500
2003-07-01,88.2300033569336,88.55999755859375,87.93000030517578,88.0199966430664,44.992801666259766,167200
2003-07-02,87.52999877929688,88.20999908447266,87.52999877929688,88.11000061035156,45.038795471191406,86900
2003-07-03,88.0199966430664,88.06999969482422,87.48999786376953,87.55000305175781,44.75254440307617,205300
2003-07-07,87.16000366210938,87.36000061035156,87.05999755859375,87.08000183105469,44.51231002807617,196100
2003-07-08,87.37999725341797,87.4000015258789,86.91000366210938,87.11000061035156,44.527645111083984,156700
2003-07-09,87.33000183105469,87.45999908447266,87.12999725341797,87.2699966430664,44.60942840576172,90600
2003-07-10,87.5199966430664,87.62999725341797,87.27999877929688,87.47000122070312,44.711669921875,292800
2003-07-11,87.33999633789062,87.79000091552734,87.33999633789062,87.77999877929688,44.87014389038086,37900
2003-07-14,87.66999816894531,87.86000061035156,87.25,87.2699966430664,44.60942840576172,187400
2003-07-15,87.16000366210938,87.25,85.88999938964844,86.08000183105469,44.00113296508789,530600
2003-07-16,85.5199966430664,86.12999725341797,85.5199966430664,86.11000061035156,44.016456604003906,304400
2003-07-17,85.47000122070312,85.97000122070312,85.45999908447266,85.93000030517578,43.92446517944336,173800
2003-07-18,85.81999969482422,85.9000015258789,85.68000030517578,85.70999908447266,43.812015533447266,182600
2003-07-21,85.44000244140625,85.5999984741211,84.4000015258789,84.58999633789062,43.239498138427734,497800
2003-07-22,84.68000030517578,84.93000030517578,84.4800033569336,84.88999938964844,43.39284896850586,121500
2003-07-23,85.25,85.5,85.08000183105469,85.1500015258789,43.52574920654297,209400
2003-07-24,84.80000305175781,84.88999938964844,84.6500015258789,84.81999969482422,43.35707092285156,186300
2003-07-25,84.9000015258789,85.30999755859375,84.63999938964844,84.70999908447266,43.30084991455078,34700
2003-07-28,84.44999694824219,84.47000122070312,84.05999755859375,84.08999633789062,42.98391342163086,124100
2003-07-29,83.97000122070312,84.6500015258789,83.2699966430664,83.2699966430664,42.56475830078125,297800
2003-07-30,83.69999694824219,84.31999969482422,83.6500015258789,83.94000244140625,42.907257080078125,158600
2003-07-31,83.5,83.72000122070312,82.69999694824219,83.37999725341797,42.621009826660156,241800
2003-08-01,82.70999908447266,83.33000183105469,82.63999938964844,83.0,42.79475784301758,160400
2003-08-04,83.08999633789062,83.66000366210938,83.0,83.61000061035156,43.109275817871094,498600
2003-08-05,83.55000305175781,83.76000213623047,82.83000183105469,83.05000305175781,42.820533752441406,169300
2003-08-06,83.26000213623047,84.04000091552734,83.22000122070312,83.9000015258789,43.25879669189453,338000
2003-08-07,84.16999816894531,84.2300033569336,83.69000244140625,84.19999694824219,43.41346740722656,292400
2003-08-08,84.37000274658203,84.75,84.0999984741211,84.19000244140625,43.408321380615234,235900
2003-08-11,84.05000305175781,84.05000305175781,83.55999755859375,83.83999633789062,43.22786331176758,150300
2003-08-12,83.86000061035156,84.0999984741211,83.5999984741211,83.69000244140625,43.150508880615234,197500
2003-08-13,83.25,83.30000305175781,82.66999816894531,82.76000213623047,42.6710319519043,346200
2003-08-14,82.5,82.94999694824219,82.16000366210938,82.93000030517578,42.75868225097656,314300
2003-08-15,83.0999984741211,83.0999984741211,82.9000015258789,82.9000015258789,42.743202209472656,10700
2003-08-18,83.13999938964844,83.22000122070312,82.87000274658203,83.1500015258789,42.87209701538086,137700
2003-08-19,83.08000183105469,83.80999755859375,83.0,83.80999755859375,43.21240997314453,162100
2003-08-20,83.86000061035156,83.9000015258789,83.22000122070312,83.41000366210938,43.00615310668945,99000
2003-08-21,83.25,83.4000015258789,82.66999816894531,83.0999984741211,42.8463020324707,129800
2003-08-22,82.87999725341797,83.2300033569336,82.8499984741211,83.16000366210938,42.87725067138672,241900
2003-08-25,83.0999984741211,83.30000305175781,82.6500015258789,82.80000305175781,42.69160461425781,99600
2003-08-26,82.54000091552734,83.0999984741211,82.5,83.0999984741211,42.8463020324707,87500
2003-08-27,83.16000366210938,83.16000366210938,82.66000366210938,82.9000015258789,42.743202209472656,50800
2003-08-28,83.05999755859375,83.55000305175781,83.05999755859375,83.4800033569336,43.042236328125,64600
2003-08-29,83.51000213623047,83.52999877929688,83.05999755859375,83.25,42.92363739013672,62600
2003-09-02,82.4000015258789,82.69999694824219,82.1500015258789,82.1500015258789,42.74879455566406,118000
2003-09-03,82.26000213623047,82.4000015258789,82.19000244140625,82.36000061035156,42.85809326171875,105600
2003-09-04,82.5999984741211,82.94999694824219,82.41000366210938,82.88999938964844,43.13385772705078,145000
2003-09-05,83.62000274658203,84.0,83.37999725341797,83.94000244140625,43.68031311035156,130000
2003-09-08,83.80999755859375,84.37000274658203,83.55000305175781,83.55000305175781,43.47732162475586,224000
2003-09-09,83.76000213623047,83.98999786376953,83.48999786376953,83.94999694824219,43.68549346923828,69300
2003-09-10,84.0999984741211,84.58000183105469,84.0199966430664,84.5199966430664,43.98208236694336,136800
2003-09-11,84.27999877929688,84.30000305175781,84.05000305175781,84.22000122070312,43.82597351074219,79200
2003-09-12,84.69999694824219,85.02999877929688,84.52999877929688,84.55999755859375,44.002899169921875,146000
2003-09-15,84.45999908447266,84.81999969482422,84.25,84.70999908447266,44.0809326171875,125700
2003-09-16,84.58000183105469,84.7699966430664,84.36000061035156,84.63999938964844,44.0445671081543,80100
2003-09-17,84.77999877929688,85.23999786376953,84.6500015258789,85.11000061035156,44.28911590576172,177100
2003-09-18,85.12000274658203,85.18000030517578,84.68000030517578,85.0999984741211,44.283878326416016,132200
2003-09-19,85.05000305175781,85.18000030517578,84.87999725341797,85.0999984741211,44.283878326416016,195200
2003-09-22,84.66000366210938,84.77999877929688,84.25,84.7300033569336,44.09136199951172,249500
2003-09-23,84.61000061035156,84.95999908447266,84.5199966430664,84.93000030517578,44.19544219970703,96300
2003-09-24,84.87000274658203,85.51000213623047,84.80999755859375,85.36000061035156,44.41919708251953,258000
2003-09-25,85.44999694824219,85.66000366210938,85.33999633789062,85.4800033569336,44.48167037963867,314800
2003-09-26,85.73999786376953,86.1500015258789,85.66999816894531,86.12999725341797,44.81989288330078,281300
2003-09-29,85.9000015258789,86.06999969482422,85.72000122070312,85.76000213623047,44.627342224121094,97500
2003-09-30,85.94000244140625,86.87999725341797,85.94000244140625,86.58999633789062,45.05925369262695,450400
2003-10-01,86.2699966430664,86.45999908447266,86.05000305175781,86.23999786376953,45.25920867919922,102100
2003-10-02,85.7300033569336,86.1500015258789,85.55999755859375,85.93000030517578,45.09650421142578,163500
2003-10-03,85.16999816894531,85.16999816894531,84.6500015258789,84.73999786376953,44.47198486328125,319500
2003-10-06,84.56999969482422,85.11000061035156,84.56999969482422,84.98999786376953,44.603214263916016,89900
2003-10-07,84.93000030517578,84.94999694824219,84.45999908447266,84.5,44.346046447753906,93000
2003-10-08,84.33999633789062,84.80000305175781,84.33999633789062,84.6500015258789,44.424766540527344,116100
2003-10-09,84.16999816894531,84.4000015258789,84.0999984741211,84.37999725341797,44.2830924987793,173700
2003-10-10,84.6500015258789,84.80000305175781,84.56999969482422,84.62999725341797,44.41426086425781,73400
2003-10-13,84.75,84.75,84.3499984741211,84.5,44.346046447753906,62100
2003-10-14,84.18000030517578,84.43000030517578,84.08000183105469,84.16000366210938,44.167598724365234,118700
2003-10-15,83.83999633789062,83.93000030517578,83.6500015258789,83.86000061035156,44.01018142700195,62800
2003-10-16,83.95999908447266,84.1500015258789,83.37000274658203,83.4000015258789,43.768760681152344,89600
2003-10-17,83.56999969482422,83.9000015258789,83.43000030517578,83.8499984741211,44.00495147705078,84800
2003-10-20,83.75,84.13999938964844,83.66000366210938,83.91000366210938,44.03639602661133,90700
2003-10-21,84.16000366210938,84.31999969482422,84.0,84.05999755859375,44.11517333984375,213400
2003-10-22,84.51000213623047,84.76000213623047,84.37000274658203,84.66999816894531,44.435272216796875,167300
2003-10-23,84.69999694824219,84.75,84.23999786376953,84.4000015258789,44.293582916259766,146700
2003-10-24,84.75,85.1500015258789,84.62000274658203,84.98999786376953,44.603214263916016,136500
2003-10-27,84.80999755859375,85.0,84.62999725341797,84.76000213623047,44.48250961303711,171300
2003-10-28,84.66000366210938,85.2699966430664,84.44000244140625,85.16000366210938,44.692440032958984,174300
2003-10-29,85.0199966430664,85.05000305175781,84.61000061035156,84.61000061035156,44.40377426147461,111400
2003-10-30,84.1500015258789,84.41000366210938,84.06999969482422,84.30000305175781,44.241119384765625,302000
2003-10-31,84.44999694824219,84.66000366210938,84.41000366210938,84.5999984741211,44.398555755615234,77600
2003-11-03,84.05999755859375,84.0999984741211,83.7300033569336,84.0,44.22949981689453,133500
2003-11-04,84.16000366210938,84.30999755859375,84.08999633789062,84.30000305175781,44.38750457763672,84700
2003-11-05,84.23999786376953,84.29000091552734,83.91999816894531,84.0,44.22949981689453,172900
2003-11-06,83.75,83.7699966430664,83.52999877929688,83.56999969482422,44.00309753417969,143700
2003-11-07,83.31999969482422,83.5,83.22000122070312,83.43000030517578,43.92935562133789,112900
2003-11-10,83.5,83.66999816894531,83.2699966430664,83.4000015258789,43.91358184814453,97800
2003-11-11,83.30000305175781,83.75,83.30000305175781,83.52999877929688,43.98197937011719,27300
2003-11-12,83.58000183105469,83.80999755859375,83.58000183105469,83.80000305175781,44.12421417236328,80200
2003-11-13,84.12000274658203,84.55000305175781,84.11000061035156,84.52999877929688,44.50858688354492,134700
2003-11-14,84.55999755859375,85.0,84.55999755859375,84.98999786376953,44.750797271728516,70000
2003-11-17,85.08000183105469,85.36000061035156,85.08000183105469,85.08999633789062,44.803436279296875,113300
2003-11-18,84.94000244140625,85.44000244140625,84.87000274658203,85.44000244140625,44.98771667480469,95700
2003-11-19,85.5,85.52999877929688,84.81999969482422,84.86000061035156,44.682334899902344,524800
2003-11-20,85.31999969482422,85.38999938964844,84.98999786376953,85.38999938964844,44.96139907836914,59600
2003-11-21,85.4800033569336,85.55000305175781,85.33999633789062,85.3499984741211,44.94036102294922,237400
2003-11-24,85.08999633789062,85.12999725341797,84.80000305175781,84.9000015258789,44.703392028808594,164400
2003-11-25,84.97000122070312,85.26000213623047,84.97000122070312,85.11000061035156,44.81397247314453,126400
2003-11-26,85.01000213623047,85.1500015258789,84.80000305175781,84.9000015258789,44.703392028808594,56800
2003-11-28,84.58000183105469,84.58000183105469,84.33000183105469,84.33999633789062,44.40856170654297,121400
2003-12-01,83.72000122070312,83.75,83.2699966430664,83.5999984741211,44.137176513671875,201100
2003-12-02,83.66000366210938,83.83999633789062,83.4000015258789,83.83999633789062,44.26388168334961,278700
2003-12-03,83.80000305175781,83.94000244140625,83.51000213623047,83.62000274658203,44.14775085449219,119300
2003-12-04,83.6500015258789,83.94999694824219,83.58999633789062,83.80000305175781,44.242794036865234,78000
2003-12-05,84.5199966430664,85.0,84.41999816894531,84.81999969482422,44.781253814697266,1858200
2003-12-08,84.81999969482422,84.81999969482422,84.44999694824219,84.5,44.61233901977539,107200
2003-12-09,84.72000122070312,84.8499984741211,83.9000015258789,84.08000183105469,44.39063262939453,282800
2003-12-10,84.37999725341797,84.38999938964844,84.05000305175781,84.29000091552734,44.501441955566406,158200
2003-12-11,84.1500015258789,84.87999725341797,84.0199966430664,84.80000305175781,44.770687103271484,52200
2003-12-12,84.87000274658203,85.16000366210938,84.7699966430664,84.80000305175781,44.770687103271484,96700
2003-12-15,84.76000213623047,84.94999694824219,84.56999969482422,84.76000213623047,44.74957275390625,204500
2003-12-16,84.81999969482422,84.94999694824219,84.58999633789062,84.93000030517578,45.28814697265625,79000
2003-12-17,85.23999786376953,85.43000030517578,85.08999633789062,85.1500015258789,45.40545654296875,92600
2003-12-18,85.16000366210938,85.47000122070312,85.08000183105469,85.44000244140625,45.56013107299805,71900
2003-12-19,85.30999755859375,85.44999694824219,85.16000366210938,85.44999694824219,45.565460205078125,342100
2003-12-22,85.52999877929688,85.56999969482422,85.13999938964844,85.22000122070312,45.4428596496582,80500
2003-12-23,85.08999633789062,85.12000274658203,84.63999938964844,84.63999938964844,45.133544921875,87400
2003-12-24,84.94000244140625,85.18000030517578,84.87000274658203,85.16999816894531,45.41615295410156,33900
2003-12-26,85.36000061035156,85.45999908447266,85.31999969482422,85.44000244140625,45.56013107299805,120800
2003-12-29,85.12000274658203,85.19999694824219,84.91999816894531,84.91999816894531,45.2828369140625,88300
2003-12-30,84.75,84.94999694824219,84.62999725341797,84.83000183105469,45.234840393066406,86500
2003-12-31,84.5999984741211,84.7300033569336,84.5,84.69999694824219,45.31455612182617,182200
2004-01-02,84.5199966430664,84.5199966430664,83.75,84.0199966430664,44.950775146484375,259700
2004-01-05,83.80000305175781,84.01000213623047,83.72000122070312,83.94999694824219,44.91332244873047,210700
2004-01-06,84.0999984741211,84.69000244140625,84.0999984741211,84.58000183105469,45.2503776550293,144300
2004-01-07,84.52999877929688,84.93000030517578,84.48999786376953,84.7699966430664,45.35199737548828,66500
2004-01-08,84.69999694824219,84.88999938964844,84.5999984741211,84.7699966430664,45.35199737548828,140000
2004-01-09,85.69999694824219,85.81999969482422,85.55000305175781,85.7699966430664,45.887027740478516,914600
2004-01-12,85.69999694824219,86.1500015258789,85.62999725341797,85.7699966430664,45.887027740478516,136000
2004-01-13,85.76000213623047,86.25,85.6500015258789,86.2300033569336,46.13315200805664,77200
2004-01-14,86.0999984741211,86.44000244140625,85.98999786376953,86.4000015258789,46.224090576171875,114200
2004-01-15,86.4000015258789,86.87000274658203,86.12000274658203,86.44999694824219,46.25083923339844,472900
2004-01-16,86.62000274658203,86.62000274658203,86.0,86.08999633789062,46.05820846557617,64400
2004-01-20,85.87999725341797,86.22000122070312,85.83999633789062,85.94000244140625,45.97798156738281,86900
2004-01-21,86.08999633789062,86.2300033569336,85.9000015258789,86.19000244140625,46.11171340942383,248700
2004-01-22,86.31999969482422,86.55999755859375,86.16000366210938,86.55999755859375,46.30966567993164,176000
2004-01-23,86.66999816894531,86.77999877929688,85.81999969482422,85.91000366210938,45.96194839477539,344900
2004-01-26,85.9000015258789,85.9000015258789,85.4800033569336,85.55000305175781,45.76934051513672,283700
2004-01-27,85.52999877929688,85.91999816894531,85.52999877929688,85.88999938964844,45.95119094848633,138100
2004-01-28,85.86000061035156,86.2300033569336,84.77999877929688,85.2699966430664,45.6195182800293,805400
2004-01-29,85.04000091552734,85.25,84.86000061035156,85.16999816894531,45.56601333618164,155100
2004-01-30,85.4800033569336,85.5999984741211,85.27999877929688,85.55999755859375,45.774627685546875,110000
2004-02-02,85.22000122070312,85.66999816894531,85.1500015258789,85.22000122070312,45.72909164428711,78600
2004-02-03,85.4800033569336,85.55000305175781,85.33000183105469,85.55000305175781,45.90614700317383,89200
2004-02-04,85.45999908447266,85.45999908447266,85.25,85.41000366210938,45.830989837646484,126100
2004-02-05,85.37999725341797,85.5,85.0,85.08999633789062,45.65929412841797,209700
2004-02-06,85.5999984741211,85.75,85.5199966430664,85.61000061035156,45.938331604003906,297000
2004-02-09,85.80999755859375,85.9000015258789,85.69999694824219,85.80999755859375,46.04564666748047,176000
2004-02-10,85.69999694824219,85.75,85.51000213623047,85.56999969482422,45.91687774658203,344200
2004-02-11,85.47000122070312,86.30000305175781,85.37999725341797,86.0199966430664,46.15835189819336,202200
2004-02-12,86.0999984741211,86.19999694824219,85.83000183105469,85.97000122070312,46.13148880004883,109000
2004-02-13,86.20999908447266,86.4000015258789,86.08000183105469,86.19000244140625,46.249549865722656,205900
2004-02-17,86.31999969482422,86.31999969482422,86.0999984741211,86.19000244140625,46.249549865722656,48000
2004-02-18,86.5199966430664,86.5199966430664,86.11000061035156,86.16999816894531,46.23881530761719,74200
2004-02-19,86.0199966430664,86.25,85.9800033569336,86.2300033569336,46.271060943603516,39700
2004-02-20,86.18000030517578,86.19999694824219,85.81999969482422,85.94000244140625,46.115421295166016,62300
2004-02-23,86.0199966430664,86.26000213623047,85.95999908447266,86.22000122070312,46.26566696166992,230200
2004-02-24,86.36000061035156,86.55999755859375,86.26000213623047,86.37000274658203,46.346160888671875,299600
2004-02-25,86.47000122070312,86.54000091552734,86.4000015258789,86.47000122070312,46.399803161621094,108700
2004-02-26,86.31999969482422,86.38999938964844,86.19999694824219,86.33999633789062,46.3300666809082,169800
2004-02-27,86.56999969482422,86.73999786376953,86.44000244140625,86.68000030517578,46.51248550415039,161900
2004-03-01,86.6500015258789,86.7300033569336,86.36000061035156,86.5199966430664,46.56149673461914,284600
2004-03-02,86.29000091552734,86.30999755859375,85.86000061035156,86.0199966430664,46.29240417480469,284500
2004-03-03,85.87000274658203,85.9800033569336,85.69999694824219,85.94000244140625,46.24935531616211,270400
2004-03-04,85.9000015258789,86.20999908447266,85.83000183105469,86.20999908447266,46.39464569091797,383700
2004-03-05,87.44999694824219,87.5,87.2300033569336,87.27999877929688,46.970428466796875,904800
2004-03-08,87.69000244140625,87.77999877929688,87.58999633789062,87.7699966430664,47.23417663574219,208400
2004-03-09,87.76000213623047,88.13999938964844,87.7300033569336,88.0999984741211,47.41177749633789,254300
2004-03-10,87.94000244140625,88.16000366210938,87.91999816894531,88.08999633789062,47.40637969970703,245100
2004-03-11,88.30999755859375,88.33000183105469,87.72000122070312,88.0999984741211,47.41177749633789,486800
2004-03-12,88.05000305175781,88.16999816894531,87.81999969482422,87.83000183105469,47.26645278930664,245600
2004-03-15,87.8499984741211,88.02999877929688,87.70999908447266,87.87999725341797,47.29338073730469,432800
2004-03-16,87.75,88.37000274658203,87.63999938964844,88.30999755859375,47.5247802734375,178400
2004-03-17,88.55000305175781,88.55000305175781,88.16000366210938,88.25,47.49247741699219,522300
2004-03-18,88.06999969482422,88.27999877929688,87.9000015258789,87.97000122070312,47.341766357421875,207200
2004-03-19,87.91000366210938,87.97000122070312,87.73999786376953,87.8499984741211,47.2772102355957,329500
2004-03-22,88.0,88.2300033569336,87.94999694824219,88.18000030517578,47.454837799072266,87300
2004-03-23,88.13999938964844,88.30999755859375,88.0999984741211,88.30999755859375,47.5247802734375,200400
2004-03-24,88.2699966430664,88.33000183105469,88.16999816894531,88.25,47.49247741699219,397900
2004-03-25,88.0999984741211,88.19999694824219,88.0199966430664,88.12999725341797,47.42791748046875,71000
2004-03-26,88.05000305175781,88.05000305175781,87.44000244140625,87.56999969482422,47.12650680541992,316200
2004-03-29,87.22000122070312,87.23999786376953,87.04000091552734,87.19999694824219,46.92739486694336,196500
2004-03-30,87.44999694824219,87.44999694824219,87.1500015258789,87.2300033569336,46.94355010986328,78500
2004-03-31,87.30999755859375,87.62000274658203,87.29000091552734,87.55000305175781,47.115779876708984,222000
2004-04-01,87.22000122070312,87.25,86.87999725341797,87.08000183105469,47.000267028808594,438500
2004-04-02,85.69999694824219,85.80000305175781,85.3499984741211,85.47000122070312,46.131263732910156,321800
2004-04-05,85.12999725341797,85.19999694824219,84.9000015258789,85.05000305175781,45.90457534790039,214500
2004-04-06,85.30000305175781,85.41000366210938,85.19999694824219,85.3499984741211,46.066524505615234,87400
2004-04-07,85.37999725341797,85.58999633789062,85.30000305175781,85.36000061035156,46.0718994140625,144100
2004-04-08,85.2699966430664,85.41000366210938,85.19000244140625,85.19999694824219,45.98554992675781,43200
2004-04-12,85.01000213623047,85.01000213623047,84.83000183105469,84.93000030517578,45.839805603027344,98900
2004-04-13,84.44000244140625,84.56999969482422,84.2699966430664,84.2699966430664,45.483604431152344,382100
2004-04-14,83.69999694824219,84.22000122070312,83.69999694824219,84.20999908447266,45.45122146606445,473900
2004-04-15,84.0999984741211,84.2699966430664,83.94999694824219,84.08999633789062,45.386470794677734,128200
2004-04-16,84.36000061035156,84.48999786376953,84.19999694824219,84.4000015258789,45.553775787353516,135900
2004-04-19,84.51000213623047,84.55999755859375,84.1500015258789,84.18000030517578,45.43500900268555,211700
2004-04-20,84.08000183105469,84.19999694824219,83.56999969482422,83.56999969482422,45.10578155517578,395700
2004-04-21,83.62000274658203,83.94000244140625,83.62000274658203,83.73999786376953,45.19755554199219,340300
2004-04-22,84.05999755859375,84.19999694824219,83.9000015258789,84.06999969482422,45.375648498535156,1074000
2004-04-23,83.7699966430664,83.83999633789062,83.58999633789062,83.72000122070312,45.186763763427734,94800
2004-04-26,83.62000274658203,83.77999877929688,83.62000274658203,83.70999908447266,45.18133544921875,51700
2004-04-27,83.88999938964844,84.04000091552734,83.66999816894531,84.04000091552734,45.359458923339844,65700
2004-04-28,83.8499984741211,83.95999908447266,83.44000244140625,83.48999786376953,45.06260299682617,86800
2004-04-29,83.56999969482422,83.69999694824219,83.11000061035156,83.30000305175781,44.960060119628906,197000
2004-04-30,83.36000061035156,83.56999969482422,83.20999908447266,83.5,45.06797409057617,57000
2004-05-03,83.16000366210938,83.33000183105469,83.12000274658203,83.19999694824219,45.05067443847656,69400
2004-05-04,83.4000015258789,83.6500015258789,82.95999908447266,82.95999908447266,44.92070770263672,588700
2004-05-05,83.25,83.25,82.76000213623047,82.7699966430664,44.817840576171875,290200
2004-05-06,82.76000213623047,82.83000183105469,82.6500015258789,82.69000244140625,44.77450180053711,256000
2004-05-07,81.9800033569336,81.9800033569336,81.5199966430664,81.66999816894531,44.22221755981445,428400
2004-05-10,81.70999908447266,81.83999633789062,81.55000305175781,81.6500015258789,44.21141815185547,275300
2004-05-11,81.66999816894531,81.8499984741211,81.62000274658203,81.80999755859375,44.298004150390625,132400
2004-05-12,81.7699966430664,81.91000366210938,81.5999984741211,81.69000244140625,44.23306655883789,74100
2004-05-13,81.5,81.54000091552734,81.30999755859375,81.44000244140625,44.09767532348633,143200
2004-05-14,81.5999984741211,81.93000030517578,81.56999969482422,81.8499984741211,44.319679260253906,186900
2004-05-17,82.22000122070312,82.44000244140625,82.22000122070312,82.37999725341797,44.60667419433594,623700
2004-05-18,82.18000030517578,82.25,82.05999755859375,82.22000122070312,44.520042419433594,148000
2004-05-19,81.83000183105469,81.94999694824219,81.76000213623047,81.83999633789062,44.31425094604492,59200
2004-05-20,82.19999694824219,82.29000091552734,82.05000305175781,82.25,44.53628158569336,136900
2004-05-21,82.47000122070312,82.47000122070312,82.0,82.06999969482422,44.438785552978516,212800
2004-05-24,82.0999984741211,82.1500015258789,81.94000244140625,82.12999725341797,44.471290588378906,64000
2004-05-25,82.2699966430664,82.33999633789062,82.13999938964844,82.16000366210938,44.487545013427734,74600
2004-05-26,82.43000030517578,82.61000061035156,82.33999633789062,82.56999969482422,44.70954132080078,131000
2004-05-27,82.91000366210938,83.05000305175781,82.77999877929688,83.0199966430664,44.953224182128906,577000
2004-05-28,82.93000030517578,83.0199966430664,82.58999633789062,82.79000091552734,44.828651428222656,59800
2004-06-01,82.26000213623047,82.30000305175781,81.91000366210938,82.0999984741211,44.605384826660156,188900
2004-06-02,82.08000183105469,82.16999816894531,81.94999694824219,81.95999908447266,44.529327392578125,141200
2004-06-03,81.9800033569336,82.16000366210938,81.9000015258789,82.08999633789062,44.59994125366211,165000
2004-06-04,82.12000274658203,82.12000274658203,81.72000122070312,81.75,44.415225982666016,157000
2004-06-07,81.68000030517578,81.87999725341797,81.55999755859375,81.87000274658203,44.48039627075195,119600
2004-06-08,81.68000030517578,81.8499984741211,81.56999969482422,81.8499984741211,44.46954345703125,627400
2004-06-09,81.62999725341797,81.7300033569336,81.41000366210938,81.61000061035156,44.33916473388672,146000
2004-06-10,81.56999969482422,81.76000213623047,81.45999908447266,81.69999694824219,44.38804244995117,156600
2004-06-14,81.5,81.55000305175781,81.25,81.30000305175781,44.17073440551758,185900
2004-06-15,81.9000015258789,82.47000122070312,81.83000183105469,82.37999725341797,44.757530212402344,423700
2004-06-16,82.08000183105469,82.2699966430664,82.01000213623047,82.19999694824219,44.65973663330078,55100
2004-06-17,82.02999877929688,82.43000030517578,81.94999694824219,82.43000030517578,44.784690856933594,91500
2004-06-18,82.44000244140625,82.4800033569336,82.25,82.26000213623047,44.69233322143555,114600
2004-06-21,82.4000015258789,82.47000122070312,82.2699966430664,82.38999938964844,44.7629280090332,44300
2004-06-22,82.33999633789062,82.36000061035156,82.25,82.27999877929688,44.70317459106445,209400
2004-06-23,82.18000030517578,82.41999816894531,82.16999816894531,82.4000015258789,44.76836395263672,149000
2004-06-24,82.75,82.88999938964844,82.6500015258789,82.72000122070312,44.942195892333984,188800
2004-06-25,82.62000274658203,82.7699966430664,82.5999984741211,82.76000213623047,44.963966369628906,61200
2004-06-28,82.44999694824219,82.5,82.13999938964844,82.1500015258789,44.63256072998047,102800
2004-06-29,82.22000122070312,82.54000091552734,82.0999984741211,82.54000091552734,44.84440612792969,103600
2004-06-30,82.66000366210938,83.11000061035156,82.61000061035156,83.05000305175781,45.121517181396484,452200
2004-07-01,82.7699966430664,83.0199966430664,82.56999969482422,82.94000244140625,45.210391998291016,115500
2004-07-02,83.72000122070312,83.83999633789062,83.44999694824219,83.6500015258789,45.597389221191406,146900
2004-07-06,83.66000366210938,83.7300033569336,83.45999908447266,83.48999786376953,45.510169982910156,107100
2004-07-07,83.5,83.66000366210938,83.45999908447266,83.52999877929688,45.5319709777832,61500
2004-07-08,83.58999633789062,83.75,83.51000213623047,83.54000091552734,45.53743362426758,186500
2004-07-09,83.63999938964844,83.72000122070312,83.55000305175781,83.68000030517578,45.61374282836914,192300
2004-07-12,83.7300033569336,83.83999633789062,83.72000122070312,83.77999877929688,45.66823196411133,182400
2004-07-13,83.58999633789062,83.62000274658203,83.41000366210938,83.5999984741211,45.57016372680664,84200
2004-07-14,83.54000091552734,83.62999725341797,83.5,83.55999755859375,45.54829406738281,252300
2004-07-15,83.55999755859375,83.5999984741211,83.44999694824219,83.5199966430664,45.52650833129883,77600
2004-07-16,83.91999816894531,84.33000183105469,83.91999816894531,84.33000183105469,45.968074798583984,225800
2004-07-19,84.2300033569336,84.33999633789062,84.20999908447266,84.30999755859375,45.95711898803711,44700
2004-07-20,84.12000274658203,84.25,83.72000122070312,83.76000213623047,45.6573371887207,111200
2004-07-21,83.55000305175781,83.62000274658203,83.33999633789062,83.58000183105469,45.55924606323242,98800
2004-07-22,83.69000244140625,83.80999755859375,83.62999725341797,83.68000030517578,45.61374282836914,54400
2004-07-23,83.69999694824219,83.9000015258789,83.69999694824219,83.87999725341797,45.72276306152344,54000
2004-07-26,83.69000244140625,83.73999786376953,83.58000183105469,83.58999633789062,45.564666748046875,65300
2004-07-27,83.56999969482422,83.56999969482422,82.97000122070312,83.0,45.24308395385742,73800
2004-07-28,82.86000061035156,83.1500015258789,82.7699966430664,83.12999725341797,45.31391143798828,83600
2004-07-29,83.08999633789062,83.22000122070312,83.05000305175781,83.20999908447266,45.35749053955078,39600
2004-07-30,83.5199966430664,83.80000305175781,83.51000213623047,83.77999877929688,45.66823196411133,64700
2004-08-02,83.76000213623047,83.76000213623047,83.5199966430664,83.58999633789062,45.71363067626953,226300
2004-08-03,83.58999633789062,83.87999725341797,83.58999633789062,83.79000091552734,45.823028564453125,167700
2004-08-04,83.79000091552734,84.0,83.70999908447266,83.73999786376953,45.79566192626953,103100
2004-08-05,83.9000015258789,84.06999969482422,83.9000015258789,83.98999786376953,45.93242263793945,130000
2004-08-06,85.05000305175781,85.19999694824219,84.86000061035156,85.13999938964844,46.561275482177734,235700
2004-08-09,85.0,85.04000091552734,84.8499984741211,84.86000061035156,46.40818405151367,96100
2004-08-10,84.97000122070312,85.04000091552734,84.48999786376953,84.51000213623047,46.21677017211914,151600
2004-08-11,84.55000305175781,84.80000305175781,84.5199966430664,84.80000305175781,46.375396728515625,174900
2004-08-12,84.69999694824219,84.95999908447266,84.5999984741211,84.91000366210938,46.43552017211914,80100
2004-08-13,85.19999694824219,85.29000091552734,85.05999755859375,85.05999755859375,46.51754379272461,78300
2004-08-16,85.02999877929688,85.04000091552734,84.79000091552734,84.97000122070312,46.46830749511719,304300
2004-08-17,85.04000091552734,85.37000274658203,85.01000213623047,85.37000274658203,46.68704605102539,66400
2004-08-18,85.5,85.55000305175781,85.04000091552734,85.08999633789062,46.533935546875,79600
2004-08-19,85.11000061035156,85.31999969482422,85.0199966430664,85.30000305175781,46.64878845214844,61800
2004-08-20,85.2300033569336,85.33000183105469,85.12000274658203,85.12999725341797,46.55583190917969,36700
2004-08-23,84.91999816894531,84.95999908447266,84.80999755859375,84.83999633789062,46.397239685058594,73100
2004-08-24,84.75,84.93000030517578,84.69999694824219,84.91999816894531,46.44099044799805,94300
2004-08-25,84.9800033569336,85.16999816894531,84.93000030517578,84.93000030517578,46.44643020629883,88900
2004-08-26,85.13999938964844,85.30000305175781,85.01000213623047,85.30000305175781,46.64878845214844,98700
2004-08-27,85.27999877929688,85.4000015258789,85.18000030517578,85.19999694824219,46.59410858154297,62200
2004-08-30,85.36000061035156,85.54000091552734,85.29000091552734,85.5,46.7581901550293,41400
2004-08-31,85.58000183105469,85.98999786376953,85.5199966430664,85.87000274658203,46.96052932739258,127600
2004-09-01,85.69999694824219,85.75,85.3499984741211,85.58999633789062,46.9528923034668,209500
2004-09-02,85.58000183105469,85.58000183105469,85.12000274658203,85.12999725341797,46.70051193237305,107100
2004-09-03,84.9000015258789,84.95999908447266,84.66000366210938,84.9000015258789,46.5743293762207,211800
2004-09-07,84.83000183105469,84.97000122070312,84.7300033569336,84.94999694824219,46.60177230834961,53300
2004-09-08,84.80000305175781,85.47000122070312,84.73999786376953,85.44000244140625,46.87053680419922,142700
2004-09-09,85.48999786376953,85.66000366210938,85.25,85.29000091552734,46.78827667236328,105300
2004-09-10,85.58000183105469,85.6500015258789,85.43000030517578,85.45999908447266,46.88157653808594,150300
2004-09-13,85.5199966430664,85.69000244140625,85.44000244140625,85.66999816894531,46.99674987792969,90300
2004-09-14,85.62999725341797,85.77999877929688,85.4800033569336,85.69000244140625,47.00772476196289,119500
2004-09-15,85.6500015258789,85.68000030517578,85.5,85.5999984741211,46.958316802978516,66900
2004-09-16,85.6500015258789,86.18000030517578,85.6500015258789,86.06999969482422,47.216156005859375,249500
2004-09-17,86.0,86.12999725341797,85.7699966430664,85.7699966430664,47.05160903930664,142100
2004-09-20,86.01000213623047,86.29000091552734,86.01000213623047,86.26000213623047,47.3204345703125,181200
2004-09-21,86.16999816894531,86.4000015258789,85.95999908447266,86.31999969482422,47.35331726074219,81700
2004-09-22,86.25,86.70999908447266,86.22000122070312,86.66999816894531,47.54532241821289,93600
2004-09-23,86.72000122070312,86.75,86.31999969482422,86.37000274658203,47.38075256347656,246700
2004-09-24,86.29000091552734,86.37000274658203,86.11000061035156,86.36000061035156,47.375247955322266,93100
2004-09-27,86.52999877929688,86.63999938964844,86.44000244140625,86.5999984741211,47.50691223144531,201200
2004-09-28,86.5999984741211,86.69000244140625,86.37000274658203,86.51000213623047,47.45756912231445,202800
2004-09-29,86.16000366210938,86.18000030517578,85.94999694824219,85.97000122070312,47.161312103271484,226100
2004-09-30,85.69999694824219,85.9000015258789,85.5199966430664,85.87999725341797,47.111934661865234,175000
2004-10-01,85.3499984741211,85.38999938964844,85.12999725341797,85.27999877929688,46.92319107055664,270200
2004-10-04,85.01000213623047,85.3499984741211,85.0,85.30999755859375,46.939697265625,278100
2004-10-05,85.30999755859375,85.4000015258789,85.20999908447266,85.30999755859375,46.939697265625,220000
2004-10-06,85.2699966430664,85.2699966430664,84.97000122070312,85.02999877929688,46.785640716552734,137100
2004-10-07,85.01000213623047,85.05999755859375,84.83000183105469,84.87999725341797,46.703121185302734,130500
2004-10-08,85.58000183105469,85.68000030517578,85.48999786376953,85.5999984741211,47.09927749633789,123400
2004-10-11,85.55999755859375,85.75,85.55000305175781,85.73999786376953,47.17629623413086,48800
2004-10-12,85.8499984741211,85.87999725341797,85.7300033569336,85.73999786376953,47.17629623413086,142700
2004-10-13,85.66999816894531,86.05999755859375,85.61000061035156,86.05000305175781,47.34687423706055,130600
2004-10-14,86.06999969482422,86.4000015258789,85.98999786376953,86.3499984741211,47.51194763183594,81300
2004-10-15,86.20999908447266,86.2699966430664,85.79000091552734,86.05999755859375,47.35236740112305,195100
2004-10-18,86.1500015258789,86.20999908447266,85.94000244140625,86.19000244140625,47.423912048339844,207800
2004-10-19,85.87999725341797,86.25,85.8499984741211,86.16000366210938,47.40739059448242,65300
2004-10-20,86.44999694824219,86.55999755859375,86.33000183105469,86.55000305175781,47.62199401855469,110700
2004-10-21,86.45999908447266,86.75,86.43000030517578,86.43000030517578,47.55592727661133,156600
2004-10-22,86.43000030517578,86.66999816894531,86.31999969482422,86.66999816894531,47.68800354003906,64100
2004-10-25,86.80000305175781,86.87000274658203,86.69000244140625,86.7699966430664,47.743038177490234,172300
2004-10-26,86.75,86.80999755859375,86.58000183105469,86.62000274658203,47.66050338745117,37400
2004-10-27,86.72000122070312,86.80000305175781,86.01000213623047,86.08999633789062,47.36890411376953,126800
2004-10-28,85.94000244140625,86.31999969482422,85.86000061035156,86.22000122070312,47.440425872802734,49500
2004-10-29,86.20999908447266,86.47000122070312,86.0999984741211,86.47000122070312,47.5779914855957,341100
2004-11-01,86.05999755859375,86.1500015258789,85.73999786376953,85.77999877929688,47.34339904785156,128800
2004-11-02,85.80999755859375,86.0,85.70999908447266,85.98999786376953,47.459312438964844,191300
2004-11-03,85.5199966430664,86.0,85.44999694824219,85.95999908447266,47.442771911621094,139800
2004-11-04,86.0999984741211,86.16999816894531,85.87000274658203,85.91000366210938,47.415164947509766,435100
2004-11-05,85.30999755859375,85.37000274658203,85.08000183105469,85.2699966430664,47.06193161010742,886400
2004-11-08,85.16999816894531,85.19999694824219,85.02999877929688,85.1500015258789,46.99570846557617,300600
2004-11-09,85.16000366210938,85.26000213623047,85.0999984741211,85.16999816894531,47.00677490234375,95000
2004-11-10,85.08000183105469,85.19000244140625,84.80000305175781,85.0,46.91292190551758,118700
2004-11-11,85.19999694824219,85.19999694824219,84.9800033569336,84.9800033569336,46.90184020996094,94500
2004-11-12,85.16000366210938,85.41999816894531,85.05999755859375,85.30000305175781,47.0784912109375,154700
2004-11-15,85.30000305175781,85.4000015258789,85.19000244140625,85.33999633789062,47.10055923461914,144700
2004-11-16,85.22000122070312,85.2699966430664,85.1500015258789,85.25,47.05091094970703,125900
2004-11-17,85.25,85.73999786376953,85.22000122070312,85.69999694824219,47.29924774169922,199600
2004-11-18,85.58000183105469,85.81999969482422,85.56999969482422,85.7699966430664,47.33791732788086,110100
2004-11-19,85.69999694824219,85.75,85.16000366210938,85.30000305175781,47.0784912109375,2162100
2004-11-22,85.25,85.43000030517578,85.23999786376953,85.36000061035156,47.11162185668945,168100
2004-11-23,85.2699966430664,85.58999633789062,85.20999908447266,85.27999877929688,47.06743240356445,183600
2004-11-24,85.33999633789062,85.4000015258789,85.25,85.4000015258789,47.133644104003906,51900
2004-11-26,85.05000305175781,85.12999725341797,85.0199966430664,85.08999633789062,46.96257400512695,62600
2004-11-29,84.73999786376953,84.77999877929688,84.51000213623047,84.58000183105469,46.68107986450195,455700
2004-11-30,84.47000122070312,84.62000274658203,84.4000015258789,84.5,46.6369743347168,182100
2004-12-01,84.45999908447266,84.45999908447266,84.0999984741211,84.20999908447266,46.621456146240234,257600
2004-12-02,84.04000091552734,84.16999816894531,83.87999725341797,84.0199966430664,46.51631164550781,886300
2004-12-03,84.83000183105469,85.08000183105469,84.75,84.86000061035156,46.981319427490234,224100
2004-12-06,84.9800033569336,85.11000061035156,84.87999725341797,85.0199966430664,47.069908142089844,325500
2004-12-07,84.94999694824219,85.05999755859375,84.8499984741211,85.01000213623047,47.06436538696289,1053000
2004-12-08,85.19999694824219,85.66000366210938,85.19999694824219,85.63999938964844,47.41313171386719,158500
2004-12-09,85.58000183105469,85.79000091552734,85.37000274658203,85.44000244140625,47.302433013916016,169400
2004-12-10,85.58000183105469,85.69999694824219,85.4800033569336,85.56999969482422,47.3743896484375,191900
2004-12-13,85.5,85.77999877929688,85.47000122070312,85.62999725341797,47.40762710571289,141800
2004-12-14,85.5,85.80999755859375,85.41000366210938,85.77999877929688,47.49065017700195,190900
2004-12-15,85.94999694824219,86.08999633789062,85.87999725341797,86.08999633789062,47.66230392456055,95000
2004-12-16,85.91999816894531,85.91999816894531,85.43000030517578,85.43000030517578,47.296875,478500
2004-12-17,85.19999694824219,85.5,85.19999694824219,85.31999969482422,47.23598098754883,163600
2004-12-20,85.5199966430664,85.5199966430664,85.33000183105469,85.41999816894531,47.29136276245117,62900
2004-12-21,85.43000030517578,85.56999969482422,85.30999755859375,85.54000091552734,47.357791900634766,168400
2004-12-22,85.58000183105469,85.58000183105469,85.30999755859375,85.44999694824219,47.30793762207031,465100
2004-12-23,85.41000366210938,85.44000244140625,85.30000305175781,85.33999633789062,47.24705123901367,66400
2004-12-27,85.0999984741211,85.16000366210938,84.83000183105469,84.9800033569336,47.0477180480957,165200
2004-12-28,84.94000244140625,85.01000213623047,84.66999816894531,84.97000122070312,47.042179107666016,366800
2004-12-29,85.05000305175781,85.05000305175781,84.73999786376953,84.80000305175781,46.94810104370117,127800
2004-12-30,84.91000366210938,85.18000030517578,84.81999969482422,85.12000274658203,47.125240325927734,135000
2004-12-31,84.9800033569336,85.16999816894531,84.94999694824219,84.94999694824219,47.18138122558594,151300
2005-01-03,84.91999816894531,85.16000366210938,84.83000183105469,85.12000274658203,47.2757682800293,323400
2005-01-04,85.12000274658203,85.12000274658203,84.58000183105469,84.58999633789062,46.98142623901367,1181000
2005-01-05,84.68000030517578,84.87000274658203,84.61000061035156,84.7300033569336,47.059165954589844,369000
2005-01-06,84.63999938964844,84.9000015258789,84.63999938964844,84.80999755859375,47.10358810424805,389100
2005-01-07,84.94000244140625,85.0,84.69999694824219,84.73999786376953,47.06471252441406,182400
2005-01-10,84.80999755859375,84.83999633789062,84.63999938964844,84.7300033569336,47.059165954589844,226300
2005-01-11,84.80000305175781,84.94999694824219,84.72000122070312,84.9000015258789,47.15361022949219,483900
2005-01-12,84.87000274658203,85.08999633789062,84.80000305175781,85.02999877929688,47.22578430175781,100600
2005-01-13,85.12000274658203,85.38999938964844,84.97000122070312,85.37000274658203,47.414615631103516,101600
2005-01-14,85.16999816894531,85.44000244140625,85.0999984741211,85.31999969482422,47.386844635009766,510300
2005-01-18,85.13999938964844,85.31999969482422,85.02999877929688,85.29000091552734,47.37018585205078,215100
2005-01-19,85.30000305175781,85.37000274658203,85.16000366210938,85.33999633789062,47.39794158935547,95500
2005-01-20,85.27999877929688,85.5,85.22000122070312,85.48999786376953,47.48128890991211,151800
2005-01-21,85.44999694824219,85.66999816894531,85.38999938964844,85.66000366210938,47.575706481933594,324700
2005-01-24,85.66000366210938,85.7300033569336,85.5199966430664,85.6500015258789,47.570125579833984,217000
2005-01-25,85.5999984741211,85.66000366210938,85.26000213623047,85.33000183105469,47.39241409301758,270900
2005-01-26,85.38999938964844,85.47000122070312,85.30000305175781,85.3499984741211,47.403507232666016,674400
2005-01-27,85.20999908447266,85.22000122070312,85.13999938964844,85.22000122070312,47.331329345703125,60300
2005-01-28,85.44000244140625,85.68000030517578,85.44000244140625,85.66000366210938,47.575706481933594,103200
2005-01-31,85.58999633789062,85.69999694824219,85.47000122070312,85.69000244140625,47.59235763549805,74900
2005-02-01,85.41999816894531,85.48999786376953,85.29000091552734,85.37000274658203,47.559471130371094,115300
2005-02-02,85.41000366210938,85.41999816894531,85.22000122070312,85.37999725341797,47.5650634765625,220900
2005-02-03,85.05999755859375,85.23999786376953,85.05999755859375,85.23999786376953,47.4870719909668,65000
2005-02-04,85.5999984741211,85.9000015258789,85.5999984741211,85.68000030517578,47.73217010498047,414100
2005-02-07,85.7300033569336,85.87999725341797,85.66000366210938,85.8499984741211,47.82688903808594,149600
2005-02-08,85.83000183105469,86.04000091552734,85.72000122070312,85.93000030517578,47.87144470214844,120800
2005-02-09,85.91000366210938,86.3499984741211,85.91000366210938,86.3499984741211,48.10545349121094,325200
2005-02-10,86.16999816894531,86.19000244140625,85.80999755859375,85.80999755859375,47.80461120605469,175800
2005-02-11,85.7699966430664,85.87000274658203,85.63999938964844,85.69999694824219,47.74330520629883,176400
2005-02-14,85.66999816894531,85.87000274658203,85.61000061035156,85.80999755859375,47.80461120605469,129200
2005-02-15,85.69999694824219,85.80000305175781,85.62000274658203,85.68000030517578,47.73217010498047,130000
2005-02-16,85.62999725341797,85.69999694824219,85.29000091552734,85.37000274658203,47.559471130371094,64900
2005-02-17,85.16000366210938,85.31999969482422,85.12000274658203,85.18000030517578,47.45363235473633,128000
2005-02-18,84.80000305175781,84.94999694824219,84.66999816894531,84.75,47.21409606933594,243900
2005-02-22,84.80000305175781,84.87000274658203,84.68000030517578,84.76000213623047,47.219669342041016,104700
2005-02-23,85.02999877929688,85.05000305175781,84.66000366210938,84.83000183105469,47.258636474609375,258300
2005-02-24,85.01000213623047,85.01000213623047,84.6500015258789,84.69000244140625,47.1806526184082,142500
2005-02-25,84.75,84.87999725341797,84.62999725341797,84.80999755859375,47.247520446777344,425500
2005-02-28,84.6500015258789,84.77999877929688,84.1500015258789,84.26000213623047,46.94110107421875,397900
2005-03-01,83.9800033569336,84.12999725341797,83.88999938964844,84.02999877929688,46.941654205322266,300500
2005-03-02,83.97000122070312,84.11000061035156,83.93000030517578,84.0199966430664,46.936126708984375,149600
2005-03-03,84.12999725341797,84.18000030517578,83.94000244140625,83.97000122070312,46.90811538696289,598500
2005-03-04,84.23999786376953,84.44999694824219,84.19999694824219,84.3499984741211,47.12038803100586,179400
2005-03-07,84.38999938964844,84.5,84.36000061035156,84.37000274658203,47.13160705566406,163100
2005-03-08,84.1500015258789,84.16000366210938,83.94000244140625,83.97000122070312,46.90811538696289,696200
2005-03-09,83.69999694824219,83.69999694824219,83.25,83.33000183105469,46.550628662109375,262300
2005-03-10,83.4000015258789,83.6500015258789,83.20999908447266,83.4800033569336,46.63440704345703,262300
2005-03-11,83.33999633789062,83.4000015258789,83.11000061035156,83.12999725341797,46.43888854980469,203400
2005-03-14,83.04000091552734,83.33000183105469,83.0199966430664,83.33000183105469,46.550628662109375,192300
2005-03-15,83.48999786376953,83.48999786376953,83.06999969482422,83.16999816894531,46.461219787597656,99600
2005-03-16,83.3499984741211,83.68000030517578,83.27999877929688,83.36000061035156,46.56737518310547,223700
2005-03-17,83.69000244140625,83.80000305175781,83.55000305175781,83.68000030517578,46.74613952636719,342100
2005-03-18,83.5199966430664,83.54000091552734,83.37999725341797,83.47000122070312,46.62882614135742,200300
2005-03-21,83.41999816894531,83.44999694824219,83.33000183105469,83.37000274658203,46.572994232177734,448200
2005-03-22,83.58000183105469,83.66000366210938,82.76000213623047,82.76000213623047,46.23222351074219,302800
2005-03-23,82.58000183105469,83.0199966430664,82.58000183105469,82.94999694824219,46.33831787109375,355900
2005-03-24,82.98999786376953,83.0999984741211,82.91999816894531,83.0199966430664,46.37745666503906,132000
2005-03-28,82.81999969482422,82.8499984741211,82.69999694824219,82.75,46.226627349853516,68500
2005-03-29,82.91000366210938,83.0999984741211,82.91000366210938,83.08999633789062,46.41653060913086,349300
2005-03-30,83.04000091552734,83.29000091552734,83.0199966430664,83.27999877929688,46.52271270751953,244500
2005-03-31,83.62000274658203,83.69000244140625,83.45999908447266,83.69000244140625,46.75174331665039,675000
2005-04-01,83.69000244140625,83.7300033569336,83.08000183105469,83.58000183105469,46.846435546875,367200
2005-04-04,83.48999786376953,83.79000091552734,83.47000122070312,83.54000091552734,46.82406234741211,135900
2005-04-05,83.55000305175781,83.6500015258789,83.44000244140625,83.55000305175781,46.82965087890625,75100
2005-04-06,83.7300033569336,83.80000305175781,83.69000244140625,83.80000305175781,46.96979522705078,51200
2005-04-07,83.83000183105469,84.0,83.45999908447266,83.4800033569336,46.79039001464844,196500
2005-04-08,83.44999694824219,83.58000183105469,83.30999755859375,83.56999969482422,46.84084701538086,86300
2005-04-11,83.55000305175781,83.81999969482422,83.48999786376953,83.81999969482422,46.98098373413086,41900
2005-04-12,83.69999694824219,84.2699966430664,83.62999725341797,84.26000213623047,47.227569580078125,146100
2005-04-13,84.37000274658203,84.43000030517578,84.0999984741211,84.30000305175781,47.25001525878906,171500
2005-04-14,84.37999725341797,84.5199966430664,84.25,84.5199966430664,47.37331771850586,194700
2005-04-15,84.72000122070312,85.06999969482422,84.51000213623047,85.06999969482422,47.68162155151367,177900
2005-04-18,85.12999725341797,85.16000366210938,84.87000274658203,84.88999938964844,47.5806999206543,326100
2005-04-19,84.95999908447266,85.37999725341797,84.94000244140625,85.37999725341797,47.855369567871094,107600
2005-04-20,84.87999725341797,85.37999725341797,84.87999725341797,85.33000183105469,47.82733154296875,229300
2005-04-21,85.0,85.16999816894531,84.70999908447266,84.72000122070312,47.485435485839844,565200
2005-04-22,85.01000213623047,85.13999938964844,84.87999725341797,85.08000183105469,47.68719482421875,74800
2005-04-25,85.06999969482422,85.12000274658203,85.0,85.08000183105469,47.68719482421875,79100
2005-04-26,85.19000244140625,85.19999694824219,84.86000061035156,85.04000091552734,47.6647834777832,119600
2005-04-27,85.27999877929688,85.44999694824219,85.18000030517578,85.30000305175781,47.810489654541016,123700
2005-04-28,85.43000030517578,85.81999969482422,85.37000274658203,85.81999969482422,48.10197067260742,103300
2005-04-29,85.5999984741211,85.87999725341797,85.4800033569336,85.51000213623047,47.92822265625,174200
2005-05-02,85.30999755859375,85.37999725341797,85.12999725341797,85.33000183105469,47.9771614074707,141400
2005-05-03,85.38999938964844,85.51000213623047,85.18000030517578,85.44000244140625,48.03895568847656,259200
2005-05-04,85.25,85.5,85.19999694824219,85.41999816894531,48.02775955200195,114500
2005-05-05,85.5199966430664,85.80000305175781,85.36000061035156,85.69000244140625,48.17955780029297,108000
2005-05-06,85.18000030517578,85.27999877929688,84.98999786376953,85.08000183105469,47.83658218383789,591000
2005-05-09,85.02999877929688,85.08999633789062,84.94999694824219,85.06999969482422,47.830963134765625,32900
2005-05-10,85.16999816894531,85.38999938964844,85.16000366210938,85.37000274658203,47.99959182739258,101300
2005-05-11,85.52999877929688,85.69999694824219,85.41999816894531,85.4800033569336,48.06147384643555,408600
2005-05-12,85.30000305175781,85.62000274658203,85.19999694824219,85.55999755859375,48.106468200683594,546800
2005-05-13,85.76000213623047,85.9000015258789,85.62999725341797,85.77999877929688,48.230133056640625,214400
2005-05-16,85.9000015258789,85.91999816894531,85.75,85.79000091552734,48.23577117919922,111900
2005-05-17,85.93000030517578,86.01000213623047,85.87000274658203,85.9000015258789,48.29759979248047,112800
2005-05-18,86.2300033569336,86.30000305175781,86.05999755859375,86.18000030517578,48.45504379272461,93000
2005-05-19,86.13999938964844,86.2300033569336,85.91999816894531,85.91999816894531,48.3088493347168,116200
2005-05-20,85.91999816894531,85.97000122070312,85.83000183105469,85.91000366210938,48.303226470947266,70400
2005-05-23,86.05000305175781,86.37000274658203,86.0199966430664,86.30000305175781,48.522544860839844,163800
2005-05-24,86.52999877929688,86.58000183105469,86.31999969482422,86.52999877929688,48.6518440246582,188900
2005-05-25,86.69999694824219,86.69999694824219,86.20999908447266,86.22000122070312,48.47754669189453,150000
2005-05-26,86.22000122070312,86.43000030517578,86.16999816894531,86.2699966430664,48.50564956665039,181400
2005-05-27,86.33999633789062,86.41999816894531,86.22000122070312,86.36000061035156,48.556270599365234,69600
2005-05-31,86.61000061035156,86.80999755859375,86.61000061035156,86.80999755859375,48.80929946899414,122600
2005-06-01,86.70999908447266,87.12999725341797,86.6500015258789,87.08000183105469,49.110408782958984,781400
2005-06-02,87.01000213623047,87.18000030517578,86.95999908447266,87.05000305175781,49.0934944152832,154500
2005-06-03,87.4800033569336,87.48999786376953,86.55000305175781,86.55000305175781,48.81153106689453,245300
2005-06-06,86.62000274658203,86.83999633789062,86.52999877929688,86.77999877929688,48.941261291503906,311700
2005-06-07,87.0199966430664,87.0999984741211,86.77999877929688,87.02999877929688,49.082252502441406,111200
2005-06-08,87.01000213623047,87.02999877929688,86.83999633789062,86.87000274658203,48.99199295043945,104600
2005-06-09,86.66000366210938,86.8499984741211,86.45999908447266,86.81999969482422,48.9637451171875,783400
2005-06-10,86.55000305175781,86.55000305175781,86.26000213623047,86.2699966430664,48.65361404418945,200900
2005-06-13,86.12999725341797,86.16999816894531,85.97000122070312,86.04000091552734,48.52389907836914,276400
2005-06-14,86.02999877929688,86.02999877929688,85.80999755859375,85.94000244140625,48.46751022338867,301500
2005-06-15,85.80000305175781,85.91000366210938,85.69999694824219,85.91000366210938,48.450592041015625,116700
2005-06-16,85.87000274658203,86.19000244140625,85.7699966430664,86.18000030517578,48.602840423583984,215700
2005-06-17,86.02999877929688,86.18000030517578,85.94000244140625,86.08000183105469,48.54644012451172,149000
2005-06-20,85.81999969482422,85.94999694824219,85.73999786376953,85.94999694824219,48.47315216064453,178800
2005-06-21,86.05000305175781,86.25,85.98999786376953,86.22000122070312,48.62542724609375,217900
2005-06-22,86.62999725341797,86.94999694824219,86.44999694824219,86.87000274658203,48.99199295043945,487300
2005-06-23,86.75,86.81999969482422,86.62000274658203,86.77999877929688,48.941261291503906,169200
2005-06-24,86.98999786376953,87.05000305175781,86.88999938964844,86.98999786376953,49.059688568115234,67500
2005-06-27,87.05999755859375,87.13999938964844,86.9800033569336,87.05999755859375,49.099143981933594,880800
2005-06-28,86.94999694824219,86.94999694824219,86.66000366210938,86.69000244140625,48.89048385620117,168000
2005-06-29,86.91999816894531,86.91999816894531,86.52999877929688,86.66000366210938,48.873592376708984,350300
2005-06-30,86.66000366210938,87.0,86.5999984741211,86.95999908447266,49.042755126953125,299500
2005-07-01,86.48999786376953,86.54000091552734,85.83999633789062,85.94999694824219,48.62075424194336,270000
2005-07-05,85.69000244140625,85.83000183105469,85.55999755859375,85.5999984741211,48.42273712158203,142200
2005-07-06,85.7300033569336,85.81999969482422,85.62999725341797,85.77999877929688,48.52455139160156,299700
2005-07-07,86.16999816894531,86.20999908447266,85.95999908447266,85.9800033569336,48.637760162353516,209900
2005-07-08,86.05999755859375,86.05999755859375,85.55000305175781,85.66999816894531,48.46236801147461,157300
2005-07-11,85.43000030517578,85.66999816894531,85.3499984741211,85.62999725341797,48.439720153808594,171300
2005-07-12,85.5,85.58999633789062,85.4000015258789,85.41000366210938,48.315284729003906,123700
2005-07-13,85.41000366210938,85.43000030517578,85.27999877929688,85.33000183105469,48.27003860473633,108300
2005-07-14,85.37999725341797,85.4000015258789,85.1500015258789,85.22000122070312,48.20779800415039,236000
2005-07-15,85.16000366210938,85.30000305175781,85.13999938964844,85.23999786376953,48.21910095214844,318800
2005-07-18,85.20999908447266,85.29000091552734,85.02999877929688,85.0999984741211,48.139923095703125,182700
2005-07-19,85.12000274658203,85.31999969482422,85.05999755859375,85.22000122070312,48.20779800415039,156600
2005-07-20,85.23999786376953,85.47000122070312,84.93000030517578,85.37999725341797,48.29832077026367,341100
2005-07-21,85.06999969482422,85.08999633789062,84.7300033569336,84.75,47.941898345947266,509200
2005-07-22,85.0,85.19999694824219,84.9000015258789,85.1500015258789,48.16818618774414,368100
2005-07-25,85.08000183105469,85.20999908447266,84.95999908447266,85.0,48.083351135253906,125600
2005-07-26,85.0199966430664,85.0999984741211,85.0,85.05999755859375,48.117313385009766,90800
2005-07-27,84.9000015258789,85.0,84.86000061035156,84.94000244140625,48.049407958984375,64600
2005-07-28,85.01000213623047,85.33999633789062,85.01000213623047,85.30999755859375,48.25865936279297,142900
2005-07-29,85.06999969482422,85.13999938964844,84.75,84.80000305175781,47.97024154663086,205800
2005-08-01,84.45999908447266,84.45999908447266,84.19999694824219,84.36000061035156,47.874298095703125,109700
2005-08-02,84.3499984741211,84.4800033569336,84.26000213623047,84.27999877929688,47.828887939453125,337600
2005-08-03,84.41000366210938,84.55000305175781,84.37000274658203,84.48999786376953,47.94806671142578,129600
2005-08-04,84.5,84.58999633789062,84.33999633789062,84.43000030517578,47.914024353027344,179300
2005-08-05,84.08000183105469,84.08000183105469,83.91000366210938,83.9800033569336,47.65865707397461,160100
2005-08-08,83.94999694824219,84.0,83.75,83.76000213623047,47.53382873535156,146800
2005-08-09,83.80999755859375,84.0,83.70999908447266,84.0,47.670013427734375,293300
2005-08-10,84.11000061035156,84.13999938964844,83.87000274658203,83.95999908447266,47.647308349609375,91900
2005-08-11,84.06999969482422,84.33999633789062,83.95999908447266,84.31999969482422,47.85163497924805,278200
2005-08-12,84.37000274658203,84.7699966430664,84.33000183105469,84.66000366210938,48.04458236694336,130600
2005-08-15,84.69000244140625,84.69000244140625,84.54000091552734,84.55000305175781,47.98214340209961,147200
2005-08-16,84.80999755859375,84.97000122070312,84.77999877929688,84.94999694824219,48.20914840698242,214800
2005-08-17,84.80000305175781,84.87000274658203,84.54000091552734,84.62000274658203,48.02182388305664,138400
2005-08-18,84.80000305175781,85.08000183105469,84.7699966430664,85.06999969482422,48.27726745605469,247800
2005-08-19,84.86000061035156,85.05999755859375,84.83000183105469,85.0199966430664,48.248844146728516,76000
2005-08-22,84.91000366210938,85.1500015258789,84.76000213623047,85.08999633789062,48.288551330566406,1267300
2005-08-23,85.0999984741211,85.30000305175781,85.02999877929688,85.25,48.379390716552734,90400
2005-08-24,85.36000061035156,85.37999725341797,85.1500015258789,85.29000091552734,48.402076721191406,80500
2005-08-25,85.30000305175781,85.4000015258789,85.19999694824219,85.33999633789062,48.43046951293945,202000
2005-08-26,85.38999938964844,85.43000030517578,85.11000061035156,85.19999694824219,48.35102844238281,100500
2005-08-29,85.37000274658203,85.37999725341797,85.16000366210938,85.26000213623047,48.385047912597656,176500
2005-08-30,85.43000030517578,85.79000091552734,85.3499984741211,85.66000366210938,48.612098693847656,168900
2005-08-31,85.86000061035156,86.25,85.8499984741211,86.22000122070312,48.92988586425781,290100
2005-09-01,85.9000015258789,86.19999694824219,85.8499984741211,86.02999877929688,48.97769546508789,242800
2005-09-02,85.97000122070312,86.16000366210938,85.91000366210938,86.05000305175781,48.989070892333984,71800
2005-09-06,86.02999877929688,86.04000091552734,85.69999694824219,85.77999877929688,48.835330963134766,142800
2005-09-07,85.66999816894531,85.69000244140625,85.38999938964844,85.5,48.67591857910156,125000
2005-09-08,85.62999725341797,85.6500015258789,85.44999694824219,85.5,48.67591857910156,264600
2005-09-09,85.63999938964844,85.73999786376953,85.5,85.56999969482422,48.7158088684082,79400
2005-09-12,85.37999725341797,85.4000015258789,85.1500015258789,85.30000305175781,48.56208419799805,103600
2005-09-13,85.48999786376953,85.6500015258789,85.4800033569336,85.55999755859375,48.71010208129883,120800
2005-09-14,85.58999633789062,85.62000274658203,85.33000183105469,85.37999725341797,48.60763168334961,108000
2005-09-15,85.41000366210938,85.41000366210938,85.0199966430664,85.12000274658203,48.459590911865234,97600
2005-09-16,85.01000213623047,85.05000305175781,84.7300033569336,84.79000091552734,48.2717399597168,224800
2005-09-19,84.80999755859375,85.01000213623047,84.73999786376953,84.95999908447266,48.3685302734375,203400
2005-09-20,84.93000030517578,84.98999786376953,84.6500015258789,84.88999938964844,48.32866287231445,124000
2005-09-21,85.25,85.33999633789062,85.19000244140625,85.27999877929688,48.55067825317383,101500
2005-09-22,85.33000183105469,85.37999725341797,85.22000122070312,85.33999633789062,48.58485412597656,124700
2005-09-23,85.19000244140625,85.19000244140625,84.87000274658203,84.87000274658203,48.31730270385742,101200
2005-09-26,84.62000274658203,84.75,84.55999755859375,84.6500015258789,48.192039489746094,69300
2005-09-27,84.70999908447266,84.8499984741211,84.48999786376953,84.69999694824219,48.22050857543945,93400
2005-09-28,84.63999938964844,84.91999816894531,84.58000183105469,84.87000274658203,48.31730270385742,71000
2005-09-29,84.72000122070312,84.73999786376953,84.61000061035156,84.68000030517578,48.20913314819336,116200
2005-09-30,84.68000030517578,84.7300033569336,84.38999938964844,84.44000244140625,48.07246398925781,145900
2005-10-03,84.16000366210938,84.16000366210938,83.80000305175781,83.83999633789062,47.887977600097656,138400
2005-10-04,84.0,84.05999755859375,83.83999633789062,83.87999725341797,47.91082000732422,151200
2005-10-05,84.04000091552734,84.16999816894531,83.94000244140625,84.08000183105469,48.025089263916016,130300
2005-10-06,84.05000305175781,84.11000061035156,83.91999816894531,83.97000122070312,47.96221160888672,218100
2005-10-07,83.76000213623047,84.16000366210938,83.72000122070312,84.08000183105469,48.025089263916016,59900
2005-10-10,84.30000305175781,84.33999633789062,84.0,84.0999984741211,48.036502838134766,42900
2005-10-11,84.04000091552734,84.06999969482422,83.83000183105469,83.94000244140625,47.94512176513672,105800
2005-10-12,83.91999816894531,83.93000030517578,83.55999755859375,83.62000274658203,47.762332916259766,139500
2005-10-13,83.45999908447266,83.55000305175781,83.3499984741211,83.48999786376953,47.688026428222656,303100
2005-10-14,83.66999816894531,83.69000244140625,83.25,83.48999786376953,47.688026428222656,134300
2005-10-17,83.4800033569336,83.58999633789062,83.33999633789062,83.38999938964844,47.63094711303711,153000
2005-10-18,83.4800033569336,83.52999877929688,83.4000015258789,83.51000213623047,47.699485778808594,81700
2005-10-19,83.69999694824219,83.7699966430664,83.55999755859375,83.61000061035156,47.75662612915039,68100
2005-10-20,83.5,83.69000244140625,83.41999816894531,83.66000366210938,47.78516387939453,111500
2005-10-21,83.73999786376953,84.08000183105469,83.7300033569336,84.02999877929688,47.9964714050293,92500
2005-10-24,83.94999694824219,83.97000122070312,83.58000183105469,83.66999816894531,47.790931701660156,343300
2005-10-25,83.7300033569336,83.80999755859375,83.18000030517578,83.27999877929688,47.568111419677734,190500
2005-10-26,83.05999755859375,83.11000061035156,82.87999725341797,82.95999908447266,47.38533020019531,148700
2005-10-27,83.12000274658203,83.2300033569336,82.95999908447266,83.1500015258789,47.49386978149414,245800
2005-10-28,83.19999694824219,83.25,82.87999725341797,83.05999755859375,47.4425048828125,784300
2005-10-31,83.05999755859375,83.26000213623047,83.05000305175781,83.12000274658203,47.47676086425781,123300
2005-11-01,82.9000015258789,82.91000366210938,82.68000030517578,82.77999877929688,47.446922302246094,144000
2005-11-02,82.6500015258789,82.83999633789062,82.55000305175781,82.61000061035156,47.3494758605957,85800
2005-11-03,82.69000244140625,82.69000244140625,82.30000305175781,82.31999969482422,47.18324661254883,201600
2005-11-04,82.38999938964844,82.5,82.1500015258789,82.27999877929688,47.16035079956055,156200
2005-11-07,82.4800033569336,82.5,82.31999969482422,82.43000030517578,47.24629592895508,132400
2005-11-08,82.69999694824219,82.88999938964844,82.69999694824219,82.83999633789062,47.48130798339844,71200
2005-11-09,82.6500015258789,82.73999786376953,82.37999725341797,82.4000015258789,47.2291259765625,124300
2005-11-10,82.5999984741211,82.88999938964844,82.55000305175781,82.87000274658203,47.4985466003418,102700
2005-11-11,83.0,83.0199966430664,82.80000305175781,82.97000122070312,47.55583953857422,72600
2005-11-14,82.83000183105469,82.87000274658203,82.45999908447266,82.5999984741211,47.343746185302734,199700
2005-11-15,82.5999984741211,82.91000366210938,82.5999984741211,82.87999725341797,47.504241943359375,194100
2005-11-16,83.0,83.33000183105469,83.0,83.30000305175781,47.74497985839844,102500
2005-11-17,83.2300033569336,83.5999984741211,83.16999816894531,83.45999908447266,47.83666229248047,99900
2005-11-18,83.26000213623047,83.41000366210938,83.20999908447266,83.26000213623047,47.722042083740234,100000
2005-11-21,83.41999816894531,83.55000305175781,83.33000183105469,83.41999816894531,47.813716888427734,274600
2005-11-22,83.4800033569336,83.75,83.41000366210938,83.70999908447266,47.97998046875,186700
2005-11-23,83.68000030517578,83.75,83.4000015258789,83.48999786376953,47.85386657714844,177200
2005-11-25,83.62999725341797,83.73999786376953,83.58999633789062,83.73999786376953,47.99715805053711,31400
2005-11-28,83.72000122070312,83.93000030517578,83.69999694824219,83.8499984741211,48.060203552246094,158300
2005-11-29,83.83999633789062,83.83999633789062,83.37999725341797,83.38999938964844,47.79655838012695,86300
2005-11-30,83.54000091552734,83.54000091552734,83.23999786376953,83.3499984741211,47.77366256713867,46100
2005-12-01,83.0999984741211,83.23999786376953,82.75,82.87999725341797,47.666099548339844,321100
2005-12-02,82.88999938964844,82.97000122070312,82.80000305175781,82.94999694824219,47.70635986328125,343200
2005-12-05,82.83999633789062,82.83999633789062,82.5999984741211,82.69999694824219,47.56257629394531,305700
2005-12-06,82.80999755859375,83.16999816894531,82.80999755859375,83.08999633789062,47.786865234375,1021700
2005-12-07,83.0999984741211,83.13999938964844,82.91999816894531,83.04000091552734,47.75810623168945,73000
2005-12-08,83.1500015258789,83.43000030517578,83.0999984741211,83.4000015258789,47.96514129638672,70600
2005-12-09,83.16999816894531,83.23999786376953,82.94000244140625,83.02999877929688,47.75238037109375,66100
2005-12-12,83.0999984741211,83.0999984741211,82.80000305175781,82.83999633789062,47.64305877685547,592500
2005-12-13,83.05000305175781,83.0999984741211,82.9000015258789,83.04000091552734,47.75810623168945,210700
2005-12-14,83.37000274658203,83.5999984741211,83.29000091552734,83.55999755859375,48.05714416503906,83300
2005-12-15,83.43000030517578,83.47000122070312,83.18000030517578,83.44999694824219,47.993900299072266,116500
2005-12-16,83.69999694824219,83.72000122070312,83.4800033569336,83.5999984741211,48.08018112182617,420400
2005-12-19,83.5,83.69999694824219,83.44000244140625,83.6500015258789,48.10892868041992,143600
2005-12-20,83.51000213623047,83.56999969482422,83.4000015258789,83.51000213623047,48.02841567993164,103600
2005-12-21,83.41000366210938,83.45999908447266,83.3499984741211,83.4000015258789,47.96514129638672,143700
2005-12-22,83.5199966430664,83.7699966430664,83.5199966430664,83.7300033569336,48.15492630004883,124500
2005-12-23,83.69000244140625,84.12000274658203,83.61000061035156,83.93000030517578,48.26996612548828,84100
2005-12-27,83.93000030517578,84.33000183105469,83.91000366210938,84.33000183105469,48.50004196166992,178300
2005-12-28,83.95999908447266,84.02999877929688,83.75,83.77999877929688,48.35116195678711,558000
2005-12-29,83.91999816894531,83.93000030517578,83.68000030517578,83.87999725341797,48.40882873535156,159100
2005-12-30,84.02999877929688,84.08999633789062,83.75,83.91000366210938,48.426170349121094,166900
2006-01-03,83.69000244140625,84.02999877929688,83.62000274658203,83.9000015258789,48.420379638671875,299500
2006-01-04,83.91000366210938,84.12000274658203,83.80999755859375,84.05000305175781,48.50698471069336,112300
2006-01-05,84.04000091552734,84.11000061035156,83.93000030517578,84.06999969482422,48.518463134765625,159700
2006-01-06,84.0199966430664,84.05000305175781,83.86000061035156,83.95999908447266,48.454994201660156,179100
2006-01-09,83.91999816894531,84.0,83.80999755859375,84.0,48.47808837890625,78600
2006-01-10,83.81999969482422,83.87999725341797,83.61000061035156,83.66000366210938,48.281890869140625,140500
2006-01-11,83.77999877929688,83.77999877929688,83.43000030517578,83.44999694824219,48.16065979003906,384300
2006-01-12,83.62999725341797,83.79000091552734,83.52999877929688,83.75,48.33381652832031,97800
2006-01-13,83.9000015258789,84.16000366210938,83.81999969482422,84.12000274658203,48.54731750488281,96200
2006-01-17,84.05999755859375,84.2699966430664,84.0199966430664,84.22000122070312,48.60505294799805,166600
2006-01-18,84.31999969482422,84.33999633789062,84.11000061035156,84.25,48.62235641479492,125900
2006-01-19,84.04000091552734,84.16999816894531,83.94999694824219,84.04000091552734,48.501155853271484,108600
2006-01-20,84.1500015258789,84.18000030517578,83.97000122070312,84.18000030517578,48.58195495605469,98000
2006-01-23,83.93000030517578,84.22000122070312,83.88999938964844,84.16000366210938,48.570457458496094,79100
2006-01-24,84.0199966430664,84.11000061035156,83.91000366210938,84.0199966430664,48.48963928222656,66200
2006-01-25,83.87000274658203,83.87000274658203,83.47000122070312,83.5,48.18952560424805,95500
2006-01-26,83.37999725341797,83.41999816894531,83.19999694824219,83.31999969482422,48.08563995361328,77100
2006-01-27,83.5199966430664,83.5199966430664,83.1500015258789,83.37999725341797,48.120269775390625,114600
2006-01-30,83.27999877929688,83.31999969482422,83.12999725341797,83.19999694824219,48.016353607177734,125400
2006-01-31,83.29000091552734,83.38999938964844,83.11000061035156,83.31999969482422,48.08563995361328,255700
2006-02-01,83.0,83.05000305175781,82.76000213623047,82.80000305175781,47.937442779541016,474200
2006-02-02,82.86000061035156,82.9800033569336,82.77999877929688,82.80000305175781,47.937442779541016,94800
2006-02-03,82.68000030517578,83.08999633789062,82.56999969482422,83.05000305175781,48.08214569091797,283800
2006-02-06,83.0,83.02999877929688,82.91999816894531,82.93000030517578,48.012718200683594,53300
2006-02-07,83.05000305175781,83.05999755859375,82.79000091552734,82.83000183105469,47.954803466796875,228800
2006-02-08,82.94999694824219,82.95999908447266,82.69999694824219,82.77999877929688,47.92584228515625,62000
2006-02-09,82.80000305175781,82.94999694824219,82.66999816894531,82.86000061035156,47.97214126586914,96600
2006-02-10,83.05000305175781,83.06999969482422,82.52999877929688,82.62000274658203,47.833194732666016,102900
2006-02-13,82.69999694824219,82.69999694824219,82.56999969482422,82.62000274658203,47.833194732666016,66000
2006-02-14,82.52999877929688,82.62000274658203,82.41000366210938,82.5,47.76377868652344,77100
2006-02-15,82.69999694824219,82.73999786376953,82.45999908447266,82.6500015258789,47.850608825683594,75200
2006-02-16,82.68000030517578,82.68000030517578,82.51000213623047,82.61000061035156,47.82744216918945,248200
2006-02-17,82.91999816894531,83.01000213623047,82.83999633789062,82.88999938964844,47.989540100097656,199200
2006-02-21,82.9000015258789,82.94000244140625,82.7699966430664,82.79000091552734,47.93161392211914,164200
2006-02-22,82.94999694824219,83.0999984741211,82.9000015258789,83.0999984741211,48.11111068725586,115700
2006-02-23,82.94999694824219,82.95999908447266,82.76000213623047,82.9000015258789,47.99533462524414,73300
2006-02-24,82.95999908447266,82.95999908447266,82.72000122070312,82.80000305175781,47.937442779541016,343300
2006-02-27,82.86000061035156,82.86000061035156,82.61000061035156,82.63999938964844,47.84480667114258,287700
2006-02-28,82.79000091552734,83.01000213623047,82.7699966430664,82.97000122070312,48.03587341308594,95900
2006-03-01,82.63999938964844,82.7300033569336,82.44999694824219,82.54000091552734,47.94117736816406,227000
2006-03-02,82.30999755859375,82.41000366210938,82.0999984741211,82.20999908447266,47.74953079223633,113300
2006-03-03,82.16000366210938,82.16000366210938,81.9800033569336,82.01000213623047,47.633331298828125,76500
2006-03-06,81.7699966430664,81.91000366210938,81.6500015258789,81.75,47.4823112487793,350700
2006-03-07,81.6500015258789,81.83000183105469,81.5999984741211,81.79000091552734,47.505584716796875,130300
2006-03-08,81.79000091552734,81.83999633789062,81.70999908447266,81.83000183105469,47.52880859375,84500
2006-03-09,81.80000305175781,81.91000366210938,81.70999908447266,81.91000366210938,47.57527542114258,507200
2006-03-10,81.73999786376953,81.79000091552734,81.54000091552734,81.75,47.4823112487793,408500
2006-03-13,81.6500015258789,81.7300033569336,81.55000305175781,81.68000030517578,47.44165802001953,246900
2006-03-14,81.9000015258789,82.19999694824219,81.81999969482422,82.1500015258789,47.71466827392578,122700
2006-03-15,81.9800033569336,82.11000061035156,81.9000015258789,82.0,47.62753677368164,118400
2006-03-16,82.12000274658203,82.55000305175781,82.11000061035156,82.5199966430664,47.92957305908203,174900
2006-03-17,82.41000366210938,82.45999908447266,82.30000305175781,82.3499984741211,47.83079528808594,111300
2006-03-20,82.56999969482422,82.5999984741211,82.43000030517578,82.51000213623047,47.923789978027344,240100
2006-03-21,82.45999908447266,82.45999908447266,82.05000305175781,82.16999816894531,47.72627258300781,96800
2006-03-22,82.30000305175781,82.36000061035156,82.16000366210938,82.2699966430664,47.784332275390625,131500
2006-03-23,82.31999969482422,82.31999969482422,81.98999786376953,82.05999755859375,47.66241455078125,109700
2006-03-24,82.11000061035156,82.51000213623047,82.04000091552734,82.41999816894531,47.871490478515625,68800
2006-03-27,82.31999969482422,82.37999725341797,82.18000030517578,82.23999786376953,47.766910552978516,79700
2006-03-28,82.1500015258789,82.18000030517578,81.75,81.83999633789062,47.53461837768555,125600
2006-03-29,81.7699966430664,81.9000015258789,81.63999938964844,81.76000213623047,47.4881591796875,58100
2006-03-30,81.63999938964844,81.66000366210938,81.3499984741211,81.5199966430664,47.34873580932617,100800
2006-03-31,81.58999633789062,81.66000366210938,81.43000030517578,81.58000183105469,47.383609771728516,87400
2006-04-03,81.08999633789062,81.26000213623047,81.05000305175781,81.2300033569336,47.3311767578125,244300
2006-04-04,81.29000091552734,81.36000061035156,81.13999938964844,81.23999786376953,47.33696746826172,127200
2006-04-05,81.47000122070312,81.4800033569336,81.31999969482422,81.43000030517578,47.44767761230469,101800
2006-04-06,81.30000305175781,81.31999969482422,81.12000274658203,81.19999694824219,47.31367874145508,289900
2006-04-07,81.0199966430664,81.06999969482422,80.73999786376953,80.83000183105469,47.09805679321289,129700
2006-04-10,80.9000015258789,80.94999694824219,80.80000305175781,80.93000030517578,47.15635681152344,118300
2006-04-11,81.08000183105469,81.13999938964844,80.94999694824219,81.08000183105469,47.24374771118164,154100
2006-04-12,81.0999984741211,81.19000244140625,80.80000305175781,80.88999938964844,47.1330451965332,201600
2006-04-13,80.5999984741211,80.69999694824219,80.44000244140625,80.45999908447266,46.88249588012695,175800
2006-04-17,80.68000030517578,80.83999633789062,80.54000091552734,80.7699966430664,47.0630989074707,162200
2006-04-18,80.94999694824219,81.12000274658203,80.7699966430664,81.02999877929688,47.21461486816406,276200
2006-04-19,80.79000091552734,80.81999969482422,80.62000274658203,80.80000305175781,47.0805778503418,128600
2006-04-20,80.7699966430664,80.80999755859375,80.62000274658203,80.7300033569336,47.03980255126953,128400
2006-04-21,80.83000183105469,80.91999816894531,80.6500015258789,80.9000015258789,47.13887023925781,108500
2006-04-24,80.88999938964844,81.13999938964844,80.8499984741211,81.0,47.19711685180664,118800
2006-04-25,80.97000122070312,80.97000122070312,80.4800033569336,80.48999786376953,46.899986267089844,241400
2006-04-26,80.5,80.5199966430664,80.3499984741211,80.44999694824219,46.87664031982422,76300
2006-04-27,80.4000015258789,80.79000091552734,80.33999633789062,80.66999816894531,47.00483703613281,132900
2006-04-28,80.68000030517578,80.80999755859375,80.55000305175781,80.80999755859375,47.08641815185547,70700
2006-05-01,80.27999877929688,80.3499984741211,80.01000213623047,80.08000183105469,46.8314323425293,169700
2006-05-02,80.11000061035156,80.2699966430664,80.02999877929688,80.20999908447266,46.907447814941406,87900
2006-05-03,80.20999908447266,80.2300033569336,79.91000366210938,80.0999984741211,46.843101501464844,116600
2006-05-04,80.16999816894531,80.16999816894531,79.9800033569336,80.05000305175781,46.81390380859375,193200
2006-05-05,80.31999969482422,80.41000366210938,80.1500015258789,80.23999786376953,46.92501449584961,85200
2006-05-08,80.33999633789062,80.3499984741211,80.13999938964844,80.27999877929688,46.94843292236328,82400
2006-05-09,80.25,80.2699966430664,80.12000274658203,80.25,46.930843353271484,59600
2006-05-10,80.37999725341797,80.5,80.16000366210938,80.29000091552734,46.954254150390625,98600
2006-05-11,80.18000030517578,80.18000030517578,80.0,80.1500015258789,46.87237548828125,203700
2006-05-12,79.87999725341797,80.0199966430664,79.80999755859375,79.8499984741211,46.696929931640625,134700
2006-05-15,79.83999633789062,80.19999694824219,79.83999633789062,80.0199966430664,46.796348571777344,106100
2006-05-16,80.22000122070312,80.41999816894531,80.13999938964844,80.31999969482422,46.971824645996094,86200
2006-05-17,80.06999969482422,80.19000244140625,79.94000244140625,80.08999633789062,46.83729553222656,245300
2006-05-18,80.41999816894531,80.66000366210938,80.33000183105469,80.66000366210938,47.17062759399414,168500
2006-05-19,80.58999633789062,80.83999633789062,80.4800033569336,80.61000061035156,47.14140701293945,223600
2006-05-22,80.91999816894531,81.01000213623047,80.69999694824219,80.72000122070312,47.205692291259766,189000
2006-05-23,80.56999969482422,80.72000122070312,80.5,80.69000244140625,47.18815231323242,102500
2006-05-24,80.95999908447266,81.0,80.77999877929688,80.80999755859375,47.25835037231445,171700
2006-05-25,80.87000274658203,80.91999816894531,80.62999725341797,80.68000030517578,47.18232345581055,181600
2006-05-26,80.73999786376953,80.94999694824219,80.72000122070312,80.75,47.22328186035156,178000
2006-05-30,80.70999908447266,80.75,80.55000305175781,80.68000030517578,47.18232345581055,95600
2006-05-31,80.7699966430664,80.7699966430664,80.37000274658203,80.43000030517578,47.03612518310547,110900
2006-06-01,80.06999969482422,80.30000305175781,80.04000091552734,80.2699966430664,47.11481475830078,96100
2006-06-02,80.77999877929688,80.91999816894531,80.62000274658203,80.88999938964844,47.478675842285156,403900
2006-06-05,80.86000061035156,80.87999725341797,80.66999816894531,80.7300033569336,47.38478469848633,100200
2006-06-06,80.66999816894531,80.8499984741211,80.5999984741211,80.80000305175781,47.42585754394531,96600
2006-06-07,80.68000030517578,80.7699966430664,80.58000183105469,80.69000244140625,47.361297607421875,141900
2006-06-08,80.81999969482422,81.0999984741211,80.73999786376953,80.80000305175781,47.42585754394531,152600
2006-06-09,80.8499984741211,81.06999969482422,80.83000183105469,81.0,47.5432243347168,73900
2006-06-12,80.94000244140625,81.01000213623047,80.86000061035156,80.95999908447266,47.51975631713867,122500
2006-06-13,81.11000061035156,81.1500015258789,80.94000244140625,81.06999969482422,47.58436965942383,111600
2006-06-14,80.83999633789062,80.9000015258789,80.52999877929688,80.52999877929688,47.267372131347656,165500
2006-06-15,80.47000122070312,80.5,80.33000183105469,80.3499984741211,47.161773681640625,112200
2006-06-16,80.52999877929688,80.52999877929688,80.22000122070312,80.30000305175781,47.13237762451172,126100
2006-06-19,80.25,80.27999877929688,80.0999984741211,80.20999908447266,47.07958221435547,67200
2006-06-20,80.22000122070312,80.22000122070312,80.08000183105469,80.1500015258789,47.0443229675293,105200
2006-06-21,80.2300033569336,80.2300033569336,80.0999984741211,80.13999938964844,47.03847122192383,180600
2006-06-22,80.05999755859375,80.08000183105469,79.87999725341797,79.87999725341797,46.88584899902344,112600
2006-06-23,79.9000015258789,79.97000122070312,79.7300033569336,79.80999755859375,46.84478759765625,167600
2006-06-26,79.83999633789062,79.8499984741211,79.68000030517578,79.76000213623047,46.81538772583008,264400
2006-06-27,79.83000183105469,80.0,79.80000305175781,79.97000122070312,46.93870162963867,231900
2006-06-28,79.87999725341797,79.94000244140625,79.68000030517578,79.70999908447266,46.786094665527344,229700
2006-06-29,79.8499984741211,80.06999969482422,79.83999633789062,80.04000091552734,46.97977066040039,328400
2006-06-30,80.12999725341797,80.41999816894531,80.0199966430664,80.31999969482422,47.144142150878906,125400
2006-07-03,80.02999877929688,80.05000305175781,79.87000274658203,79.97000122070312,47.12176513671875,41200
2006-07-05,79.83000183105469,79.83000183105469,79.58000183105469,79.68000030517578,46.95084762573242,1712900
2006-07-06,79.73999786376953,79.93000030517578,79.70999908447266,79.93000030517578,47.098121643066406,132400
2006-07-07,80.12999725341797,80.26000213623047,80.0199966430664,80.18000030517578,47.2454719543457,274600
2006-07-10,80.12000274658203,80.25,80.08999633789062,80.23999786376953,47.28082275390625,133200
2006-07-11,80.3499984741211,80.4800033569336,80.30999755859375,80.33000183105469,47.3338737487793,167200
2006-07-12,80.19999694824219,80.4000015258789,80.16999816894531,80.4000015258789,47.3751106262207,114300
2006-07-13,80.41999816894531,80.58999633789062,80.3499984741211,80.58000183105469,47.48120880126953,343800
2006-07-14,80.58000183105469,80.69000244140625,80.5199966430664,80.63999938964844,47.51654052734375,397600
2006-07-17,80.55000305175781,80.62999725341797,80.44000244140625,80.56999969482422,47.47526550292969,153400
2006-07-18,80.43000030517578,80.43000030517578,80.19000244140625,80.26000213623047,47.292625427246094,182100
2006-07-19,80.0999984741211,80.77999877929688,80.0999984741211,80.7699966430664,47.593116760253906,235300
2006-07-20,80.68000030517578,80.94999694824219,80.6500015258789,80.94000244140625,47.69329071044922,297600
2006-07-21,81.05000305175781,81.05999755859375,80.79000091552734,80.88999938964844,47.663841247558594,288300
2006-07-24,80.91999816894531,80.94999694824219,80.81999969482422,80.88999938964844,47.663841247558594,361000
2006-07-25,80.7699966430664,80.94000244140625,80.70999908447266,80.80999755859375,47.61668014526367,176500
2006-07-26,80.79000091552734,81.05999755859375,80.76000213623047,81.01000213623047,47.73457336425781,157700
2006-07-27,81.11000061035156,81.11000061035156,80.9000015258789,81.0,47.72863006591797,74200
2006-07-28,81.23999786376953,81.31999969482422,81.18000030517578,81.22000122070312,47.858306884765625,89400
2006-07-31,81.26000213623047,81.3499984741211,81.18000030517578,81.3499984741211,47.934906005859375,89700
2006-08-01,80.94999694824219,81.05000305175781,80.86000061035156,81.05000305175781,47.94612503051758,97600
2006-08-02,81.05000305175781,81.19999694824219,80.94999694824219,81.12000274658203,47.98755645751953,91200
2006-08-03,81.12000274658203,81.2699966430664,81.0199966430664,81.13999938964844,47.99940490722656,111500
2006-08-04,81.55000305175781,81.56999969482422,81.41999816894531,81.54000091552734,48.23597717285156,157100
2006-08-07,81.4800033569336,81.48999786376953,81.37000274658203,81.43000030517578,48.1709098815918,172600
2006-08-08,81.41999816894531,81.55000305175781,81.33000183105469,81.44000244140625,48.17685317993164,118200
2006-08-09,81.20999908447266,81.41000366210938,81.20999908447266,81.4000015258789,48.15321350097656,110700
2006-08-10,81.41999816894531,81.41999816894531,81.19000244140625,81.41999816894531,48.16499710083008,166700
2006-08-11,81.20999908447266,81.25,81.12999725341797,81.16000366210938,48.011199951171875,192000
2006-08-14,81.08000183105469,81.11000061035156,81.0,81.0199966430664,47.928382873535156,191700
2006-08-15,81.33999633789062,81.4800033569336,81.30000305175781,81.41000366210938,48.15910720825195,147200
2006-08-16,81.7300033569336,81.80999755859375,81.66000366210938,81.75,48.360233306884766,182600
2006-08-17,81.9000015258789,81.9000015258789,81.68000030517578,81.7300033569336,48.3484001159668,300000
2006-08-18,81.83000183105469,81.97000122070312,81.7699966430664,81.94999694824219,48.47852325439453,344300
2006-08-21,81.98999786376953,82.05000305175781,81.95999908447266,82.05000305175781,48.53770065307617,83800
2006-08-22,82.0199966430664,82.16000366210938,82.0,82.08000183105469,48.55546951293945,187200
2006-08-23,82.01000213623047,82.05999755859375,81.87999725341797,82.0,48.50815200805664,239800
2006-08-24,82.13999938964844,82.16999816894531,82.05999755859375,82.08000183105469,48.55546951293945,111400
2006-08-25,82.08000183105469,82.23999786376953,82.02999877929688,82.19000244140625,48.620506286621094,96900
2006-08-28,82.1500015258789,82.19000244140625,82.08000183105469,82.18000030517578,48.614601135253906,106000
2006-08-29,81.97000122070312,82.25,81.87999725341797,82.25,48.656002044677734,248600
2006-08-30,82.2699966430664,82.4000015258789,82.26000213623047,82.3499984741211,48.715179443359375,131800
2006-08-31,82.41999816894531,82.55000305175781,82.38999938964844,82.45999908447266,48.780208587646484,171200
2006-09-01,82.1500015258789,82.30999755859375,82.05000305175781,82.2699966430664,48.85266876220703,252800
2006-09-05,82.16000366210938,82.16000366210938,81.95999908447266,82.0,48.692352294921875,284800
2006-09-06,81.77999877929688,81.94999694824219,81.72000122070312,81.94000244140625,48.65674591064453,334400
2006-09-07,81.83000183105469,82.05000305175781,81.75,82.0,48.692352294921875,135200
2006-09-08,82.08000183105469,82.19999694824219,82.05000305175781,82.08000183105469,48.73981857299805,66000
2006-09-11,82.04000091552734,82.0999984741211,81.83999633789062,81.93000030517578,48.650779724121094,196600
2006-09-12,81.87000274658203,82.16000366210938,81.81999969482422,82.16000366210938,48.787353515625,111000
2006-09-13,82.23999786376953,82.31999969482422,82.16000366210938,82.23999786376953,48.83484649658203,114000
2006-09-14,82.0999984741211,82.26000213623047,82.01000213623047,82.08000183105469,48.73981857299805,69600
2006-09-15,82.20999908447266,82.29000091552734,81.98999786376953,82.02999877929688,48.71015167236328,110900
2006-09-18,81.7300033569336,81.94999694824219,81.7300033569336,81.91000366210938,48.638912200927734,188000
2006-09-19,82.23999786376953,82.44000244140625,82.22000122070312,82.4000015258789,48.92985534667969,128400
2006-09-20,82.58999633789062,82.58999633789062,82.36000061035156,82.41999816894531,48.94175338745117,112200
2006-09-21,82.41000366210938,83.0199966430664,82.41000366210938,83.01000213623047,49.29213333129883,114600
2006-09-22,83.12000274658203,83.2699966430664,83.0999984741211,83.26000213623047,49.44053649902344,327000
2006-09-25,83.4000015258789,83.56999969482422,83.30000305175781,83.54000091552734,49.60683822631836,286200
2006-09-26,83.45999908447266,83.45999908447266,83.23999786376953,83.33000183105469,49.48210525512695,276800
2006-09-27,83.55000305175781,83.55000305175781,83.20999908447266,83.30999755859375,49.470245361328125,233800
2006-09-28,83.23999786376953,83.26000213623047,83.08999633789062,83.2300033569336,49.42275619506836,160800
2006-09-29,83.31999969482422,83.3499984741211,82.94999694824219,83.13999938964844,49.369293212890625,259000
2006-10-02,82.80000305175781,83.04000091552734,82.75,82.97000122070312,49.456329345703125,337500
2006-10-03,83.04000091552734,83.05000305175781,82.87999725341797,82.95999908447266,49.450382232666016,135400
2006-10-04,83.0999984741211,83.33999633789062,83.06999969482422,83.33999633789062,49.676876068115234,136000
2006-10-05,83.25,83.25,82.94999694824219,83.05000305175781,49.50397872924805,139800
2006-10-06,82.9000015258789,82.9000015258789,82.5,82.5999984741211,49.23576354980469,624700
2006-10-09,82.69999694824219,82.83999633789062,82.56999969482422,82.69999694824219,49.29536437988281,898300
2006-10-10,82.41000366210938,82.44000244140625,82.16000366210938,82.19999694824219,48.997310638427734,1711900
2006-10-11,82.4000015258789,82.41000366210938,81.98999786376953,82.0999984741211,48.937721252441406,502600
2006-10-12,82.1500015258789,82.26000213623047,82.06999969482422,82.1500015258789,48.96754837036133,230000
2006-10-13,82.04000091552734,82.04000091552734,81.9000015258789,82.01000213623047,48.884063720703125,1280200
2006-10-16,82.13999938964844,82.1500015258789,82.0199966430664,82.1500015258789,48.96754837036133,240400
2006-10-17,82.33999633789062,82.44999694824219,82.12000274658203,82.23999786376953,49.02119445800781,300300
2006-10-18,82.20999908447266,82.29000091552734,82.12000274658203,82.22000122070312,49.00926971435547,294600
2006-10-19,82.11000061035156,82.25,82.02999877929688,82.1500015258789,48.96754837036133,175500
2006-10-20,82.19999694824219,82.19999694824219,82.0999984741211,82.12999725341797,48.955596923828125,69200
2006-10-23,81.9800033569336,81.98999786376953,81.80000305175781,81.9000015258789,48.81850051879883,356600
2006-10-24,81.91999816894531,82.01000213623047,81.91000366210938,82.01000213623047,48.884063720703125,203700
2006-10-25,82.02999877929688,82.31999969482422,81.9800033569336,82.30999755859375,49.06294250488281,127200
2006-10-26,82.52999877929688,82.5999984741211,82.43000030517578,82.58999633789062,49.22981643676758,115900
2006-10-27,82.83999633789062,82.87000274658203,82.69999694824219,82.86000061035156,49.3907470703125,249000
2006-10-30,82.87000274658203,82.91000366210938,82.75,82.9000015258789,49.414588928222656,128800
2006-10-31,82.97000122070312,83.2699966430664,82.9000015258789,83.2699966430664,49.635093688964844,266600
2006-11-01,83.04000091552734,83.52999877929688,82.9000015258789,83.25,49.807430267333984,396400
2006-11-02,83.12999725341797,83.12999725341797,82.97000122070312,83.0199966430664,49.66984176635742,163200
2006-11-03,82.58000183105469,82.6500015258789,82.3499984741211,82.38999938964844,49.29293441772461,271800
2006-11-06,82.37999725341797,82.4800033569336,82.30000305175781,82.47000122070312,49.340797424316406,227000
2006-11-07,82.72000122070312,82.88999938964844,82.69999694824219,82.75,49.508323669433594,203300
2006-11-08,82.80999755859375,82.94999694824219,82.70999908447266,82.93000030517578,49.61599349975586,146200
2006-11-09,82.86000061035156,82.95999908447266,82.83999633789062,82.91999816894531,49.610015869140625,211000
2006-11-10,83.0,83.19999694824219,83.0,83.0999984741211,49.717689514160156,111300
2006-11-13,83.12000274658203,83.12000274658203,82.88999938964844,83.05999755859375,49.693782806396484,153600
2006-11-14,83.2300033569336,83.33999633789062,83.19000244140625,83.2300033569336,49.795501708984375,222800
2006-11-15,83.16000366210938,83.16000366210938,82.94000244140625,83.0,49.657859802246094,237100
2006-11-16,83.19000244140625,83.19000244140625,82.72000122070312,82.79000091552734,49.5322265625,497900
2006-11-17,82.91000366210938,83.22000122070312,82.81999969482422,83.08999633789062,49.71173095703125,362400
2006-11-20,83.19000244140625,83.19000244140625,83.04000091552734,83.13999938964844,49.74164962768555,178200
2006-11-21,83.22000122070312,83.30000305175781,83.08000183105469,83.26000213623047,49.81342697143555,413200
2006-11-22,83.3499984741211,83.44999694824219,83.29000091552734,83.38999938964844,49.891258239746094,133400
2006-11-24,83.62000274658203,83.62000274658203,83.45999908447266,83.4800033569336,49.94502639770508,119200
2006-11-27,83.33999633789062,83.56999969482422,83.23999786376953,83.55999755859375,49.992916107177734,708600
2006-11-28,83.70999908447266,83.79000091552734,83.5199966430664,83.70999908447266,50.082645416259766,470600
2006-11-29,83.91999816894531,83.91999816894531,83.58999633789062,83.61000061035156,50.022804260253906,335500
2006-11-30,83.87000274658203,84.06999969482422,83.80000305175781,84.05000305175781,50.286067962646484,418500
2006-12-01,83.72000122070312,84.08000183105469,83.66000366210938,83.94000244140625,50.40260696411133,289800
2006-12-04,83.83999633789062,83.95999908447266,83.77999877929688,83.93000030517578,50.39659881591797,208200
2006-12-05,83.87000274658203,84.0,83.7300033569336,83.81999969482422,50.33050537109375,1133300
2006-12-06,83.79000091552734,83.80000305175781,83.62999725341797,83.69000244140625,50.25247573852539,156800
2006-12-07,83.75,83.75,83.56999969482422,83.66000366210938,50.23442840576172,138200
2006-12-08,83.63999938964844,83.63999938964844,83.23999786376953,83.27999877929688,50.00627136230469,277000
2006-12-11,83.51000213623047,83.55999755859375,83.43000030517578,83.54000091552734,50.16236877441406,167800
2006-12-12,83.56999969482422,83.7300033569336,83.5,83.69000244140625,50.25247573852539,360000
2006-12-13,83.37000274658203,83.41999816894531,83.16000366210938,83.26000213623047,49.99424743652344,188300
2006-12-14,83.2300033569336,83.2300033569336,83.06999969482422,83.12999725341797,49.91618347167969,314000
2006-12-15,83.5999984741211,83.6500015258789,83.0999984741211,83.1500015258789,49.92821502685547,215600
2006-12-18,83.18000030517578,83.2300033569336,83.0999984741211,83.19000244140625,49.95221710205078,111600
2006-12-19,83.18000030517578,83.26000213623047,83.0999984741211,83.16999816894531,49.940216064453125,174000
2006-12-20,83.11000061035156,83.20999908447266,83.11000061035156,83.1500015258789,49.92821502685547,139300
2006-12-21,83.26000213623047,83.52999877929688,83.16000366210938,83.44999694824219,50.10834884643555,624200
2006-12-22,83.27999877929688,83.33999633789062,83.04000091552734,83.06999969482422,49.88016891479492,268500
2006-12-26,83.18000030517578,83.29000091552734,83.05000305175781,83.12999725341797,49.91618347167969,144500
2006-12-27,83.01000213623047,83.01000213623047,82.62000274658203,82.66999816894531,49.78310012817383,193400
2006-12-28,82.80000305175781,82.80000305175781,82.30000305175781,82.4800033569336,49.668701171875,185100
2006-12-29,82.43000030517578,82.48999786376953,82.30999755859375,82.44000244140625,49.644596099853516,272100
2007-01-03,82.70999908447266,82.80000305175781,82.4800033569336,82.68000030517578,49.789146423339844,1210700
2007-01-04,82.83000183105469,82.9800033569336,82.7300033569336,82.9800033569336,49.96977996826172,171200
2007-01-05,82.58000183105469,82.80999755859375,82.5199966430664,82.70999908447266,49.807186126708984,201000
2007-01-08,82.72000122070312,82.7699966430664,82.66000366210938,82.7699966430664,49.84330749511719,163800
2007-01-09,82.81999969482422,82.83000183105469,82.69999694824219,82.75,49.831295013427734,168600
2007-01-10,82.62000274658203,82.69000244140625,82.55999755859375,82.61000061035156,49.74699783325195,95900
2007-01-11,82.55000305175781,82.55000305175781,82.29000091552734,82.38999938964844,49.6145133972168,361700
2007-01-12,82.29000091552734,82.30000305175781,82.11000061035156,82.22000122070312,49.512107849121094,161000
2007-01-16,82.30000305175781,82.37999725341797,82.26000213623047,82.37999725341797,49.60847473144531,162600
2007-01-17,82.33000183105469,82.36000061035156,82.13999938964844,82.22000122070312,49.512107849121094,141300
2007-01-18,82.22000122070312,82.33999633789062,82.08999633789062,82.33000183105469,49.578369140625,225400
2007-01-19,82.26000213623047,82.37000274658203,82.1500015258789,82.19999694824219,49.50006103515625,270800
2007-01-22,82.30000305175781,82.37999725341797,82.2699966430664,82.3499984741211,49.59041976928711,119000
2007-01-23,82.23999786376953,82.29000091552734,82.06999969482422,82.11000061035156,49.44588851928711,412800
2007-01-24,82.12999725341797,82.1500015258789,82.06999969482422,82.12000274658203,49.45191955566406,138400
2007-01-25,82.05000305175781,82.05000305175781,81.75,81.80000305175781,49.259212493896484,201700
2007-01-26,81.7300033569336,81.88999938964844,81.6500015258789,81.79000091552734,49.25315856933594,441300
2007-01-29,81.91999816894531,81.91999816894531,81.6500015258789,81.7300033569336,49.21706771850586,161700
2007-01-30,81.77999877929688,81.83000183105469,81.75,81.80999755859375,49.265220642089844,200500
2007-01-31,81.75,82.13999938964844,81.75,82.11000061035156,49.44588851928711,412200
2007-02-01,82.01000213623047,82.05999755859375,81.69999694824219,81.73999786376953,49.41020965576172,238600
2007-02-02,81.79000091552734,81.9000015258789,81.73999786376953,81.80999755859375,49.452518463134766,163500
2007-02-05,81.87999725341797,81.94000244140625,81.86000061035156,81.9000015258789,49.506919860839844,216000
2007-02-06,81.86000061035156,82.1500015258789,81.83000183105469,82.12999725341797,49.64596176147461,238100
2007-02-07,82.2300033569336,82.31999969482422,82.18000030517578,82.30999755859375,49.754783630371094,155000
2007-02-08,82.26000213623047,82.4000015258789,82.19999694824219,82.33000183105469,49.7668571472168,447600
2007-02-09,82.18000030517578,82.19000244140625,82.01000213623047,82.08000183105469,49.615753173828125,237400
2007-02-12,82.05000305175781,82.0999984741211,81.91000366210938,81.97000122070312,49.549251556396484,146900
2007-02-13,81.97000122070312,81.98999786376953,81.86000061035156,81.91000366210938,49.51295852661133,204800
2007-02-14,82.05000305175781,82.43000030517578,82.05000305175781,82.37999725341797,49.797061920166016,192600
2007-02-15,82.58999633789062,82.6500015258789,82.51000213623047,82.51000213623047,49.875709533691406,317000
2007-02-16,82.61000061035156,82.69000244140625,82.55999755859375,82.5999984741211,49.93004608154297,308900
2007-02-20,82.58999633789062,82.73999786376953,82.58999633789062,82.69999694824219,49.990501403808594,152900
2007-02-21,82.55000305175781,82.69000244140625,82.55000305175781,82.69000244140625,49.98445510864258,173000
2007-02-22,82.55000305175781,82.55999755859375,82.41000366210938,82.4800033569336,49.857566833496094,135000
2007-02-23,82.58999633789062,82.87999725341797,82.58000183105469,82.80999755859375,50.05702209472656,111700
2007-02-26,82.98999786376953,83.0999984741211,82.91999816894531,83.06999969482422,50.21417999267578,160900
2007-02-27,83.29000091552734,84.06999969482422,83.19999694824219,83.7699966430664,50.63727951049805,496500
2007-02-28,83.61000061035156,83.69999694824219,83.4000015258789,83.4800033569336,50.46200942993164,228100
2007-03-01,83.56999969482422,83.58999633789062,83.19999694824219,83.27999877929688,50.50749969482422,500500
2007-03-02,83.41999816894531,83.61000061035156,83.30999755859375,83.55000305175781,50.6712646484375,249000
2007-03-05,83.72000122070312,83.72000122070312,83.45999908447266,83.5999984741211,50.70157241821289,298800
2007-03-06,83.36000061035156,83.61000061035156,83.36000061035156,83.48999786376953,50.63484191894531,302200
2007-03-07,83.44000244140625,83.66999816894531,83.41999816894531,83.63999938964844,50.725852966308594,265500
2007-03-08,83.51000213623047,83.68000030517578,83.48999786376953,83.62999725341797,50.71980667114258,170300
2007-03-09,83.12000274658203,83.27999877929688,83.11000061035156,83.16000366210938,50.43470001220703,333800
2007-03-12,83.30000305175781,83.44000244140625,83.2699966430664,83.38999938964844,50.57421112060547,253300
2007-03-13,83.69000244140625,83.80000305175781,83.51000213623047,83.76000213623047,50.79861831665039,196000
2007-03-14,83.69000244140625,83.93000030517578,83.61000061035156,83.6500015258789,50.731910705566406,267900
2007-03-15,83.55999755859375,83.62000274658203,83.48999786376953,83.55999755859375,50.67729949951172,338900
2007-03-16,83.44000244140625,83.58999633789062,83.41000366210938,83.55000305175781,50.6712646484375,340500
2007-03-19,83.41000366210938,83.44000244140625,83.33999633789062,83.44000244140625,50.604522705078125,238200
2007-03-20,83.63999938964844,83.63999938964844,83.5199966430664,83.55999755859375,50.67729949951172,169400
2007-03-21,83.45999908447266,83.77999877929688,83.30000305175781,83.68000030517578,50.75008773803711,369800
2007-03-22,83.61000061035156,83.61000061035156,83.31999969482422,83.4000015258789,50.58024978637695,236500
2007-03-23,83.51000213623047,83.5199966430664,83.20999908447266,83.2699966430664,50.50141143798828,163400
2007-03-26,83.18000030517578,83.5,83.1500015258789,83.33999633789062,50.543888092041016,142100
2007-03-27,83.27999877929688,83.37000274658203,83.2300033569336,83.31999969482422,50.5317268371582,165900
2007-03-28,83.47000122070312,83.5999984741211,83.2300033569336,83.30999755859375,50.525691986083984,240500
2007-03-29,83.19999694824219,83.26000213623047,83.1500015258789,83.19000244140625,50.452919006347656,121400
2007-03-30,83.20999908447266,83.5199966430664,82.94999694824219,83.08999633789062,50.392250061035156,464400
2007-04-02,82.94999694824219,82.95999908447266,82.80000305175781,82.86000061035156,50.44828796386719,156600
2007-04-03,82.79000091552734,82.83999633789062,82.75,82.79000091552734,50.405662536621094,257400
2007-04-04,82.91999816894531,83.0,82.81999969482422,82.91999816894531,50.48482894897461,182300
2007-04-05,82.81999969482422,82.91000366210938,82.70999908447266,82.70999908447266,50.356937408447266,161200
2007-04-09,82.38999938964844,82.4000015258789,82.30000305175781,82.33000183105469,50.125606536865234,198900
2007-04-10,82.5,82.56999969482422,82.47000122070312,82.5,50.229095458984375,97600
2007-04-11,82.58000183105469,82.62000274658203,82.4000015258789,82.4000015258789,50.16820526123047,150700
2007-04-12,82.52999877929688,82.56999969482422,82.43000030517578,82.4800033569336,50.216957092285156,111200
2007-04-13,82.52999877929688,82.52999877929688,82.27999877929688,82.33999633789062,50.13167953491211,139100
2007-04-16,82.47000122070312,82.5,82.37000274658203,82.43000030517578,50.186527252197266,262300
2007-04-17,82.58999633789062,82.80000305175781,82.58999633789062,82.77999877929688,50.39959716796875,1080400
2007-04-18,82.87000274658203,83.02999877929688,82.87000274658203,82.97000122070312,50.515262603759766,252500
2007-04-19,83.06999969482422,83.08999633789062,82.8499984741211,82.95999908447266,50.5091552734375,153600
2007-04-20,82.9800033569336,82.9800033569336,82.81999969482422,82.87000274658203,50.45438766479492,88800
2007-04-23,82.91999816894531,83.12000274658203,82.83999633789062,83.04000091552734,50.557861328125,90500
2007-04-24,83.11000061035156,83.30000305175781,83.0999984741211,83.19999694824219,50.65526580810547,660500
2007-04-25,83.16999816894531,83.30000305175781,83.11000061035156,83.1500015258789,50.62483596801758,537400
2007-04-26,83.0999984741211,83.11000061035156,82.88999938964844,82.91000366210938,50.47870635986328,307600
2007-04-27,82.97000122070312,82.98999786376953,82.86000061035156,82.91000366210938,50.47870635986328,180000
2007-04-30,83.08000183105469,83.29000091552734,83.06999969482422,83.2699966430664,50.6978874206543,171500
2007-05-01,83.04000091552734,83.08000183105469,82.7699966430664,82.95999908447266,50.70034408569336,158900
2007-05-02,82.98999786376953,82.98999786376953,82.86000061035156,82.86000061035156,50.63924026489258,167000
2007-05-03,82.80000305175781,82.87000274658203,82.66000366210938,82.7699966430664,50.58419418334961,113200
2007-05-04,82.94000244140625,83.0,82.88999938964844,82.9800033569336,50.712581634521484,144800
2007-05-07,83.01000213623047,83.05000305175781,82.94999694824219,83.05000305175781,50.7553596496582,104500
2007-05-08,83.12999725341797,83.12999725341797,83.02999877929688,83.05000305175781,50.7553596496582,158900
2007-05-09,83.0199966430664,83.05000305175781,82.7699966430664,82.77999877929688,50.59036636352539,201600
2007-05-10,82.83000183105469,83.01000213623047,82.80999755859375,82.98999786376953,50.718650817871094,153100
2007-05-11,83.08999633789062,83.12999725341797,82.77999877929688,82.81999969482422,50.61478805541992,178000
2007-05-14,82.83000183105469,82.8499984741211,82.69999694824219,82.69999694824219,50.54145431518555,142400
2007-05-15,82.83000183105469,82.8499984741211,82.56999969482422,82.69000244140625,50.53533935546875,168400
2007-05-16,82.66999816894531,82.72000122070312,82.61000061035156,82.63999938964844,50.504798889160156,191300
2007-05-17,82.54000091552734,82.58000183105469,82.37999725341797,82.41999816894531,50.37031173706055,263500
2007-05-18,82.33999633789062,82.41999816894531,82.12999725341797,82.18000030517578,50.22364807128906,236400
2007-05-21,82.16000366210938,82.29000091552734,82.0999984741211,82.29000091552734,50.29087829589844,222000
2007-05-22,82.19999694824219,82.26000213623047,82.0,82.05999755859375,50.15032958984375,217000
2007-05-23,82.11000061035156,82.11000061035156,81.8499984741211,81.9000015258789,50.05255889892578,228100
2007-05-24,81.9000015258789,82.01000213623047,81.70999908447266,82.01000213623047,50.119773864746094,153300
2007-05-25,81.88999938964844,82.01000213623047,81.86000061035156,81.91999816894531,50.06477737426758,183900
2007-05-29,81.9000015258789,81.93000030517578,81.75,81.75,49.96086120605469,152800
2007-05-30,82.04000091552734,82.04000091552734,81.80999755859375,81.83000183105469,50.009765625,245600
2007-05-31,81.91000366210938,81.91000366210938,81.63999938964844,81.80000305175781,49.99140930175781,235100
2007-06-01,81.30999755859375,81.33000183105469,81.08000183105469,81.12000274658203,49.77607345581055,230300
2007-06-04,81.22000122070312,81.27999877929688,81.12000274658203,81.25,49.855838775634766,139200
2007-06-05,81.16000366210938,81.19999694824219,80.91999816894531,80.98999786376953,49.69627380371094,351500
2007-06-06,80.98999786376953,81.12999725341797,80.98999786376953,81.02999877929688,49.72084045410156,266800
2007-06-07,80.70999908447266,80.7300033569336,80.20999908447266,80.22000122070312,49.22379684448242,472300
2007-06-08,80.16000366210938,80.37999725341797,80.08000183105469,80.37000274658203,49.31584167480469,409900
2007-06-11,80.16999816894531,80.31999969482422,80.12000274658203,80.16000366210938,49.186988830566406,198300
2007-06-12,79.86000061035156,79.93000030517578,79.5199966430664,79.58999633789062,48.83723068237305,698800
2007-06-13,79.62999725341797,79.91999816894531,79.5999984741211,79.8499984741211,48.99676513671875,514600
2007-06-14,79.8499984741211,80.05000305175781,79.77999877929688,79.87000274658203,49.00901412963867,207300
2007-06-15,79.94999694824219,80.22000122070312,79.87000274658203,80.22000122070312,49.22379684448242,594800
2007-06-18,80.19000244140625,80.29000091552734,80.01000213623047,80.18000030517578,49.199249267578125,413500
2007-06-19,80.41999816894531,80.68000030517578,80.31999969482422,80.56999969482422,49.438594818115234,460100
2007-06-20,80.47000122070312,80.48999786376953,80.2699966430664,80.30999755859375,49.279022216796875,152900
2007-06-21,80.33000183105469,80.41999816894531,80.19000244140625,80.20999908447266,49.21762466430664,276700
2007-06-22,80.11000061035156,80.45999908447266,80.02999877929688,80.44999694824219,49.364898681640625,246000
2007-06-25,80.69000244140625,80.77999877929688,80.55000305175781,80.70999908447266,49.524444580078125,253200
2007-06-26,80.7699966430664,80.80000305175781,80.58000183105469,80.7300033569336,49.53676223754883,141000
2007-06-27,80.93000030517578,81.01000213623047,80.68000030517578,80.72000122070312,49.530582427978516,218600
2007-06-28,80.76000213623047,80.80999755859375,80.56999969482422,80.66999816894531,49.4998779296875,436800
2007-06-29,80.93000030517578,81.13999938964844,80.7699966430664,81.08999633789062,49.75762939453125,374700
2007-07-02,80.76000213623047,80.97000122070312,80.6500015258789,80.9000015258789,49.83340072631836,1030600
2007-07-03,80.9000015258789,80.98999786376953,80.6500015258789,80.66000366210938,49.685569763183594,169200
2007-07-05,80.44000244140625,80.5,80.11000061035156,80.20999908447266,49.40834426879883,269000
2007-07-06,80.04000091552734,80.0999984741211,79.93000030517578,80.0199966430664,49.291343688964844,468100
2007-07-09,80.16999816894531,80.30999755859375,80.08999633789062,80.30999755859375,49.469993591308594,118900
2007-07-10,80.58999633789062,80.86000061035156,80.5,80.86000061035156,49.808773040771484,191300
2007-07-11,80.80999755859375,80.88999938964844,80.5199966430664,80.58000183105469,49.63629150390625,218100
2007-07-12,80.62000274658203,80.72000122070312,80.27999877929688,80.3499984741211,49.494632720947266,309700
2007-07-13,80.55999755859375,80.5999984741211,80.29000091552734,80.52999877929688,49.60549545288086,157400
2007-07-16,80.5199966430664,80.8499984741211,80.5199966430664,80.8499984741211,49.802608489990234,154100
2007-07-17,80.69000244140625,80.80999755859375,80.52999877929688,80.68000030517578,49.69790267944336,136600
2007-07-18,80.75,81.13999938964844,80.7300033569336,80.97000122070312,49.87653350830078,215700
2007-07-19,80.7699966430664,80.97000122070312,80.75,80.95999908447266,49.8703498840332,200600
2007-07-20,81.16000366210938,81.51000213623047,81.11000061035156,81.36000061035156,50.11676025390625,463300
2007-07-23,81.30000305175781,81.43000030517578,81.26000213623047,81.33000183105469,50.09828567504883,327500
2007-07-24,81.45999908447266,81.61000061035156,81.37000274658203,81.55000305175781,50.233829498291016,251200
2007-07-25,81.56999969482422,81.76000213623047,81.52999877929688,81.66000366210938,50.301578521728516,409500
2007-07-26,82.08999633789062,82.5,82.01000213623047,82.30999755859375,50.70195007324219,391800
2007-07-27,82.30999755859375,82.56999969482422,82.18000030517578,82.47000122070312,50.800537109375,305800
2007-07-30,82.4800033569336,82.5199966430664,82.19999694824219,82.26000213623047,50.671165466308594,279600
2007-07-31,82.2300033569336,82.62000274658203,82.1500015258789,82.5999984741211,50.880592346191406,417200
2007-08-01,82.16999816894531,82.4000015258789,82.04000091552734,82.05000305175781,50.73960876464844,195100
2007-08-02,82.0999984741211,82.2300033569336,81.95999908447266,82.11000061035156,50.776737213134766,212100
2007-08-03,82.26000213623047,82.63999938964844,81.91000366210938,82.63999938964844,51.10447311401367,950100
2007-08-06,82.44999694824219,82.69000244140625,82.25,82.30999755859375,50.900394439697266,267900
2007-08-07,82.37000274658203,82.55999755859375,82.08000183105469,82.30000305175781,50.89417266845703,567300
2007-08-08,82.04000091552734,82.04000091552734,81.61000061035156,81.7300033569336,50.54172134399414,314600
2007-08-09,82.29000091552734,82.29000091552734,81.87999725341797,82.19000244140625,50.82617950439453,235600
2007-08-10,82.4000015258789,82.4000015258789,81.93000030517578,82.06999969482422,50.751949310302734,685000
2007-08-13,82.0,82.23999786376953,81.94999694824219,82.19999694824219,50.83235549926758,154400
2007-08-14,81.97000122070312,82.51000213623047,81.97000122070312,82.5,51.01788330078125,530100
2007-08-15,82.70999908447266,82.81999969482422,82.44000244140625,82.6500015258789,51.11064529418945,902100
2007-08-16,82.88999938964844,83.47000122070312,82.87000274658203,82.97000122070312,51.30853271484375,900500
2007-08-17,82.94999694824219,83.06999969482422,82.87000274658203,83.02999877929688,51.34564971923828,308400
2007-08-20,83.13999938964844,83.44000244140625,83.05000305175781,83.20999908447266,51.45693588256836,926600
2007-08-21,83.48999786376953,83.63999938964844,83.33000183105469,83.56999969482422,51.679542541503906,459200
2007-08-22,83.1500015258789,83.43000030517578,83.12999725341797,83.30000305175781,51.5125846862793,197000
2007-08-23,83.23999786376953,83.5,83.16999816894531,83.33000183105469,51.531131744384766,234900
2007-08-24,83.45999908447266,83.47000122070312,83.20999908447266,83.36000061035156,51.54973220825195,123400
2007-08-27,83.47000122070312,83.62999725341797,83.36000061035156,83.58999633789062,51.69190216064453,120000
2007-08-28,83.69000244140625,84.05000305175781,83.69000244140625,84.0199966430664,51.95782470703125,274400
2007-08-29,83.94000244140625,84.16999816894531,83.69999694824219,83.69999694824219,51.759944915771484,507600
2007-08-30,84.04000091552734,84.19999694824219,83.94999694824219,84.12000274658203,52.019691467285156,201800
2007-08-31,83.83999633789062,84.41999816894531,83.76000213623047,84.13999938964844,52.03207015991211,261500
2007-09-04,83.83999633789062,84.0,83.44000244140625,83.6500015258789,51.9351921081543,281800
2007-09-05,83.77999877929688,84.20999908447266,83.77999877929688,84.16999816894531,52.258026123046875,313300
2007-09-06,84.12999725341797,84.19999694824219,83.93000030517578,83.98999786376953,52.146263122558594,267100
2007-09-07,84.52999877929688,84.88999938964844,84.48999786376953,84.88999938964844,52.70506286621094,410800
2007-09-10,84.87000274658203,85.2300033569336,84.79000091552734,85.08000183105469,52.82302474975586,238000
2007-09-11,84.9800033569336,85.08999633789062,84.80999755859375,84.9000015258789,52.711273193359375,123200
2007-09-12,84.79000091552734,84.83999633789062,84.56999969482422,84.69000244140625,52.58086013793945,147900
2007-09-13,84.47000122070312,84.47000122070312,84.0999984741211,84.19000244140625,52.27045822143555,178500
2007-09-14,84.66999816894531,84.66999816894531,84.12999725341797,84.30000305175781,52.338783264160156,160700
2007-09-17,84.25,84.37000274658203,84.13999938964844,84.3499984741211,52.369781494140625,237900
2007-09-18,84.1500015258789,84.47000122070312,83.91000366210938,84.26000213623047,52.313880920410156,344700
2007-09-19,84.08999633789062,84.12999725341797,83.7699966430664,83.95999908447266,52.12764358520508,1369300
2007-09-20,83.68000030517578,83.73999786376953,83.01000213623047,83.01000213623047,51.537811279296875,685800
2007-09-21,83.22000122070312,83.5,83.22000122070312,83.43000030517578,51.7985954284668,754900
2007-09-24,83.45999908447266,83.58000183105469,83.37000274658203,83.54000091552734,51.8669319152832,236300
2007-09-25,83.80999755859375,83.91999816894531,83.54000091552734,83.55000305175781,51.87310028076172,225500
2007-09-26,83.44999694824219,83.66000366210938,83.3499984741211,83.58000183105469,51.891719818115234,151100
2007-09-27,83.66999816894531,83.95999908447266,83.61000061035156,83.8499984741211,52.05936050415039,437100
2007-09-28,84.04000091552734,84.18000030517578,83.73999786376953,83.87999725341797,52.077980041503906,185600
2007-10-01,83.62999725341797,83.77999877929688,83.5199966430664,83.66999816894531,52.14033889770508,510600
2007-10-02,83.6500015258789,83.9800033569336,83.58999633789062,83.8499984741211,52.25246047973633,205900
2007-10-03,84.06999969482422,84.0999984741211,83.66999816894531,83.79000091552734,52.215065002441406,1232800
2007-10-04,83.70999908447266,83.97000122070312,83.70999908447266,83.94000244140625,52.30854415893555,120300
2007-10-05,83.47000122070312,83.5,83.12000274658203,83.19999694824219,51.84743118286133,1173000
2007-10-08,83.30000305175781,83.79000091552734,83.08000183105469,83.5,52.03437805175781,129100
2007-10-09,83.27999877929688,83.45999908447266,83.11000061035156,83.23999786376953,51.87232208251953,184000
2007-10-10,83.16000366210938,83.44000244140625,83.05999755859375,83.31999969482422,51.92219543457031,298700
2007-10-11,83.01000213623047,83.3499984741211,82.8499984741211,83.33000183105469,51.92841720581055,264100
2007-10-12,82.94000244140625,83.33999633789062,82.94000244140625,83.05000305175781,51.7539176940918,151400
2007-10-15,82.86000061035156,83.19999694824219,82.83999633789062,83.12999725341797,51.80381393432617,196200
2007-10-16,83.2699966430664,83.38999938964844,83.16000366210938,83.36000061035156,51.947105407714844,205200
2007-10-17,83.4000015258789,84.27999877929688,83.37000274658203,83.87000274658203,52.264949798583984,201200
2007-10-18,84.13999938964844,84.26000213623047,84.05999755859375,84.19000244140625,52.4643440246582,193200
2007-10-19,84.33000183105469,84.94000244140625,84.33000183105469,84.91000366210938,52.91306686401367,270500
2007-10-22,84.87999725341797,84.88999938964844,84.58000183105469,84.75,52.813358306884766,218900
2007-10-23,84.58999633789062,84.83999633789062,84.5,84.7300033569336,52.80084991455078,368300
2007-10-24,84.93000030517578,85.33999633789062,84.91999816894531,85.16000366210938,53.0688362121582,273300
2007-10-25,85.2300033569336,85.27999877929688,85.05999755859375,85.08999633789062,53.02521896362305,169800
2007-10-26,84.83999633789062,85.16999816894531,84.76000213623047,84.87999725341797,52.894325256347656,189500
2007-10-29,84.88999938964844,85.05000305175781,84.81999969482422,84.94999694824219,52.93796157836914,171500
2007-10-30,85.0,85.04000091552734,84.8499984741211,85.04000091552734,52.994022369384766,118400
2007-10-31,84.83000183105469,84.9800033569336,84.45999908447266,84.47000122070312,52.638824462890625,313300
2007-11-01,84.33999633789062,85.01000213623047,84.33999633789062,84.86000061035156,53.068485260009766,219100
2007-11-02,84.6500015258789,85.30999755859375,84.6500015258789,85.08999633789062,53.212345123291016,337600
2007-11-05,85.22000122070312,85.27999877929688,84.91000366210938,84.98999786376953,53.14978790283203,172100
2007-11-06,84.87000274658203,85.18000030517578,84.77999877929688,84.83999633789062,53.055965423583984,184100
2007-11-07,85.0199966430664,85.22000122070312,84.9000015258789,85.1500015258789,53.24979782104492,299700
2007-11-08,85.2300033569336,85.52999877929688,85.16000366210938,85.33999633789062,53.36861038208008,1078400
2007-11-09,85.5999984741211,85.86000061035156,85.56999969482422,85.8499984741211,53.687599182128906,276700
2007-11-12,85.97000122070312,86.0,85.7699966430664,86.0,53.781410217285156,117900
2007-11-13,85.73999786376953,85.73999786376953,85.44999694824219,85.55999755859375,53.5062141418457,125300
2007-11-14,85.2300033569336,85.62000274658203,85.2300033569336,85.62000274658203,53.54375076293945,96400
2007-11-15,85.73999786376953,86.20999908447266,85.69999694824219,86.0999984741211,53.843929290771484,210400
2007-11-16,86.11000061035156,86.33999633789062,86.0199966430664,86.0999984741211,53.843929290771484,742300
2007-11-19,86.19999694824219,86.80999755859375,86.0999984741211,86.72000122070312,54.23162078857422,503500
2007-11-20,86.68000030517578,86.8499984741211,86.33000183105469,86.48999786376953,54.08777618408203,378500
2007-11-21,87.05000305175781,87.22000122070312,86.91000366210938,87.16999816894531,54.51307678222656,317600
2007-11-23,86.94999694824219,87.2300033569336,86.68000030517578,86.91000366210938,54.35047149658203,216700
2007-11-26,87.1500015258789,88.25,87.0199966430664,88.0999984741211,55.094661712646484,637600
2007-11-27,87.66999816894531,88.04000091552734,87.02999877929688,87.27999877929688,54.58184051513672,353300
2007-11-28,87.23999786376953,87.36000061035156,86.86000061035156,86.97000122070312,54.387962341308594,159600
2007-11-29,87.44000244140625,87.75,87.33000183105469,87.45999908447266,54.69438171386719,145300
2007-11-30,86.91999816894531,87.58000183105469,86.69999694824219,87.58000183105469,54.769439697265625,395100
2007-12-03,88.05000305175781,88.05000305175781,87.4000015258789,87.62999725341797,54.98590087890625,214700
2007-12-04,87.83999633789062,87.86000061035156,87.37000274658203,87.70999908447266,55.0361328125,196800
2007-12-05,87.41000366210938,87.66999816894531,87.27999877929688,87.37999725341797,54.829063415527344,284600
2007-12-06,87.19999694824219,87.27999877929688,86.80999755859375,86.91999816894531,54.540401458740234,217900
2007-12-07,86.7300033569336,86.7300033569336,86.19999694824219,86.36000061035156,54.189056396484375,193000
2007-12-10,86.41999816894531,86.47000122070312,85.93000030517578,86.16000366210938,54.06354522705078,257800
2007-12-11,86.27999877929688,87.33999633789062,86.27999877929688,87.33999633789062,54.80397033691406,318800
2007-12-12,86.19000244140625,86.8499984741211,86.0,86.61000061035156,54.345916748046875,470500
2007-12-13,86.41000366210938,86.47000122070312,85.97000122070312,85.97000122070312,53.94431686401367,221000
2007-12-14,85.83000183105469,85.91999816894531,85.62000274658203,85.72000122070312,53.787452697753906,240100
2007-12-17,85.9000015258789,86.27999877929688,85.80000305175781,86.2300033569336,54.10746765136719,191000
2007-12-18,86.30999755859375,86.69000244140625,86.2300033569336,86.4000015258789,54.2141227722168,644300
2007-12-19,86.80999755859375,87.19999694824219,86.30000305175781,87.08999633789062,54.64712905883789,411600
2007-12-20,87.04000091552734,87.30999755859375,86.91000366210938,86.94999694824219,54.55923843383789,308600
2007-12-21,86.88999938964844,86.91999816894531,86.2699966430664,86.31999969482422,54.16389465332031,560200
2007-12-24,86.08000183105469,86.22000122070312,85.97000122070312,86.06999969482422,54.007083892822266,197400
2007-12-26,85.9800033569336,86.25,85.58999633789062,85.66000366210938,53.74979782104492,135700
2007-12-27,86.37999725341797,86.37999725341797,85.6500015258789,85.91999816894531,54.11066436767578,211000
2007-12-28,86.22000122070312,86.70999908447266,86.16000366210938,86.61000061035156,54.54521560668945,302900
2007-12-31,86.72000122070312,87.12999725341797,86.6500015258789,87.01000213623047,54.797149658203125,181100
2008-01-02,86.98999786376953,87.7300033569336,86.94000244140625,87.62999725341797,55.187557220458984,564700
2008-01-03,87.5,87.83999633789062,87.30999755859375,87.80999755859375,55.30094909667969,198600
2008-01-04,88.0,88.23999786376953,87.94999694824219,88.04000091552734,55.44580078125,368700
2008-01-07,87.87000274658203,88.30000305175781,87.87000274658203,88.19999694824219,55.54656219482422,341100
2008-01-08,88.08999633789062,88.41999816894531,87.87000274658203,88.38999938964844,55.66622543334961,293200
2008-01-09,88.44000244140625,88.72000122070312,88.2300033569336,88.25,55.57802963256836,335600
2008-01-10,88.43000030517578,88.47000122070312,87.91000366210938,88.01000213623047,55.426918029785156,258300
2008-01-11,88.12000274658203,88.58999633789062,88.05000305175781,88.56999969482422,55.77959060668945,310100
2008-01-14,88.5199966430664,88.6500015258789,88.4000015258789,88.61000061035156,55.80476760864258,347000
2008-01-15,88.9000015258789,89.19999694824219,88.79000091552734,89.19000244140625,56.17007064819336,353700
2008-01-16,89.23999786376953,89.7300033569336,88.80000305175781,89.0199966430664,56.06294631958008,459400
2008-01-17,89.01000213623047,89.79000091552734,88.93000030517578,89.73999786376953,56.51642990112305,608600
2008-01-18,89.48999786376953,89.69999694824219,89.30999755859375,89.61000061035156,56.434566497802734,628100
2008-01-22,90.80000305175781,90.80000305175781,89.87999725341797,90.61000061035156,57.06435775756836,863800
2008-01-23,91.76000213623047,91.77999877929688,90.12000274658203,90.19000244140625,56.79979705810547,1417600
2008-01-24,89.91000366210938,90.12999725341797,89.36000061035156,89.37000274658203,56.283447265625,398500
2008-01-25,89.0,90.19999694824219,88.97000122070312,90.19999694824219,56.806121826171875,442600
2008-01-28,89.93000030517578,90.11000061035156,89.77999877929688,89.87000274658203,56.598289489746094,254900
2008-01-29,89.69000244140625,89.7300033569336,89.31999969482422,89.51000213623047,56.371604919433594,433100
2008-01-30,89.33999633789062,89.6500015258789,89.01000213623047,89.47000122070312,56.34639358520508,694000
2008-01-31,90.19000244140625,90.19000244140625,89.63999938964844,89.93000030517578,56.636104583740234,384900
2008-02-01,90.04000091552734,90.12000274658203,89.55999755859375,89.94000244140625,56.819976806640625,597500
2008-02-04,89.4000015258789,89.62000274658203,89.33000183105469,89.44000244140625,56.504058837890625,442300
2008-02-05,90.05999755859375,90.19000244140625,89.79000091552734,90.06999969482422,56.902069091796875,234400
2008-02-06,89.79000091552734,89.94000244140625,89.66000366210938,89.91000366210938,56.800987243652344,161700
2008-02-07,89.97000122070312,89.9800033569336,88.68000030517578,88.9000015258789,56.16291046142578,246500
2008-02-08,89.38999938964844,89.69000244140625,89.2699966430664,89.6500015258789,56.63672637939453,219300
2008-02-11,89.80000305175781,90.05000305175781,89.66000366210938,89.8499984741211,56.76300811767578,200000
2008-02-12,89.45999908447266,89.70999908447266,89.18000030517578,89.66000366210938,56.643035888671875,425500
2008-02-13,89.27999877929688,89.6500015258789,89.25,89.27999877929688,56.40296936035156,310900
2008-02-14,89.0199966430664,89.16000366210938,88.55999755859375,88.79000091552734,56.09341049194336,477900
2008-02-15,88.93000030517578,89.1500015258789,88.81999969482422,88.9800033569336,56.21342468261719,512000
2008-02-19,88.5199966430664,88.79000091552734,88.19000244140625,88.33999633789062,55.809085845947266,564300
2008-02-20,88.19000244140625,88.54000091552734,88.08999633789062,88.26000213623047,55.75859451293945,496700
2008-02-21,88.5,89.22000122070312,88.5,89.16999816894531,56.33347702026367,361900
2008-02-22,89.12000274658203,89.38999938964844,88.83999633789062,88.91999816894531,56.17557144165039,237200
2008-02-25,88.75,88.91999816894531,88.23999786376953,88.33000183105469,55.80280685424805,175400
2008-02-26,88.4800033569336,88.70999908447266,88.4000015258789,88.55000305175781,55.94179916381836,259700
2008-02-27,89.05000305175781,89.08000183105469,88.43000030517578,88.76000213623047,56.074485778808594,201600
2008-02-28,89.5,89.80000305175781,89.30000305175781,89.80000305175781,56.73150634765625,289500
2008-02-29,90.25,90.80999755859375,90.1500015258789,90.76000213623047,57.337928771972656,420700
2008-03-03,90.29000091552734,90.44000244140625,90.01000213623047,90.25,57.192230224609375,480300
2008-03-04,90.3499984741211,90.6500015258789,89.81999969482422,89.91000366210938,56.97672653198242,305600
2008-03-05,90.11000061035156,90.12999725341797,89.43000030517578,89.5199966430664,56.72957229614258,358300
2008-03-06,89.86000061035156,90.36000061035156,89.81999969482422,90.23999786376953,57.18587112426758,292600
2008-03-07,90.77999877929688,90.8499984741211,90.12000274658203,90.55000305175781,57.38233184814453,414000
2008-03-10,90.72000122070312,91.33999633789062,90.62999725341797,91.19999694824219,57.794212341308594,200300
2008-03-11,90.4800033569336,90.5,90.0199966430664,90.20999908447266,57.166839599609375,350800
2008-03-12,90.43000030517578,91.30000305175781,90.29000091552734,91.25,57.825931549072266,289800
2008-03-13,91.47000122070312,91.52999877929688,90.5199966430664,90.7699966430664,57.521732330322266,626400
2008-03-14,91.16000366210938,91.88999938964844,91.16000366210938,91.70999908447266,58.117393493652344,301700
2008-03-17,91.66999816894531,92.58999633789062,91.66999816894531,92.16999816894531,58.40894317626953,569100
2008-03-18,92.05999755859375,92.05999755859375,91.41999816894531,91.54000091552734,58.00970458984375,333400
2008-03-19,91.44999694824219,92.4000015258789,91.41999816894531,92.33000183105469,58.51034164428711,1370400
2008-03-20,92.47000122070312,92.55999755859375,92.08000183105469,92.52999877929688,58.6370735168457,626300
2008-03-24,91.61000061035156,91.61000061035156,90.9000015258789,90.9000015258789,57.60410690307617,898300
2008-03-25,91.19000244140625,91.37000274658203,91.04000091552734,91.22000122070312,57.80685806274414,314600
2008-03-26,91.45999908447266,91.58999633789062,91.16999816894531,91.29000091552734,57.85129165649414,615400
2008-03-27,91.19000244140625,91.51000213623047,90.9800033569336,91.16999816894531,57.775264739990234,345100
2008-03-28,91.27999877929688,91.63999938964844,91.08999633789062,91.52999877929688,58.00333786010742,131800
2008-03-31,91.91999816894531,91.97000122070312,91.62000274658203,91.69000244140625,58.10470199584961,431000
2008-04-01,91.54000091552734,91.54000091552734,90.37000274658203,90.58000183105469,57.596702575683594,786700
2008-04-02,90.31999969482422,90.5999984741211,90.08000183105469,90.27999877929688,57.40591049194336,734700
2008-04-03,90.5999984741211,90.5999984741211,90.13999938964844,90.27999877929688,57.40591049194336,560200
2008-04-04,90.75,91.0,90.73999786376953,90.97000122070312,57.844703674316406,421800
2008-04-07,90.47000122070312,90.63999938964844,90.05999755859375,90.37000274658203,57.46315002441406,330400
2008-04-08,90.62999725341797,90.6500015258789,90.29000091552734,90.37999725341797,57.469505310058594,469900
2008-04-09,90.55000305175781,91.08000183105469,90.43000030517578,90.91999816894531,57.8128547668457,761000
2008-04-10,90.91999816894531,91.02999877929688,90.36000061035156,90.55999755859375,57.583988189697266,199700
2008-04-11,90.94999694824219,91.08999633789062,90.83000183105469,90.94999694824219,57.831966400146484,716400
2008-04-14,90.94000244140625,91.08999633789062,90.66000366210938,90.72000122070312,57.685691833496094,246000
2008-04-15,90.44000244140625,90.5999984741211,90.19000244140625,90.30999755859375,57.42504119873047,273700
2008-04-16,90.25,90.3499984741211,89.45999908447266,89.69999694824219,57.03713607788086,1116400
2008-04-17,89.66999816894531,89.7699966430664,89.18000030517578,89.48999786376953,56.903594970703125,815000
2008-04-18,88.93000030517578,89.47000122070312,88.6500015258789,89.4000015258789,56.84636306762695,2284800
2008-04-21,89.2699966430664,89.5199966430664,89.1500015258789,89.41000366210938,56.8527717590332,303600
2008-04-22,89.33999633789062,89.66999816894531,89.25,89.4800033569336,56.89725112915039,427900
2008-04-23,89.43000030517578,89.5,89.12999725341797,89.38999938964844,56.84003829956055,191300
2008-04-24,88.79000091552734,89.0199966430664,88.54000091552734,88.69000244140625,56.39490509033203,306600
2008-04-25,88.51000213623047,88.75,88.27999877929688,88.56999969482422,56.318580627441406,211400
2008-04-28,88.5,88.80999755859375,88.45999908447266,88.7300033569336,56.42033386230469,167800
2008-04-29,88.9000015258789,89.12000274658203,88.7699966430664,88.88999938964844,56.5220947265625,144300
2008-04-30,88.86000061035156,89.26000213623047,88.58000183105469,89.16999816894531,56.70011901855469,168700
2008-05-01,89.30000305175781,89.37000274658203,88.69999694824219,88.87999725341797,56.6937370300293,336700
2008-05-02,88.29000091552734,88.5,88.08000183105469,88.16000366210938,56.234474182128906,341700
2008-05-05,88.36000061035156,88.41000366210938,88.0,88.29000091552734,56.31741714477539,158800
2008-05-06,88.47000122070312,88.58000183105469,87.93000030517578,88.01000213623047,56.13882827758789,557400
2008-05-07,87.91000366210938,88.4000015258789,87.80999755859375,88.36000061035156,56.362022399902344,361300
2008-05-08,88.52999877929688,88.93000030517578,88.4800033569336,88.93000030517578,56.725677490234375,445600
2008-05-09,89.1500015258789,89.20999908447266,88.87999725341797,89.02999877929688,56.78944396972656,236600
2008-05-12,88.94999694824219,89.2300033569336,88.83000183105469,88.87999725341797,56.6937370300293,112200
2008-05-13,88.36000061035156,88.55999755859375,88.08000183105469,88.13999938964844,56.22171401977539,458800
2008-05-14,88.37999725341797,88.37999725341797,87.77999877929688,88.11000061035156,56.202537536621094,174400
2008-05-15,88.02999877929688,88.63999938964844,88.02999877929688,88.5999984741211,56.51513671875,269100
2008-05-16,88.4000015258789,88.9000015258789,88.37000274658203,88.44999694824219,56.419498443603516,318100
2008-05-19,88.55000305175781,88.68000030517578,88.2300033569336,88.6500015258789,56.54701614379883,163600
2008-05-20,88.8499984741211,88.95999908447266,88.63999938964844,88.91999816894531,56.719268798828125,230400
2008-05-21,88.61000061035156,88.94000244140625,88.55999755859375,88.70999908447266,56.58534622192383,183100
2008-05-22,88.37000274658203,88.37999725341797,87.8499984741211,88.12999725341797,56.21534729003906,223800
2008-05-23,88.30999755859375,88.6500015258789,88.30000305175781,88.5199966430664,56.464107513427734,413200
2008-05-27,88.08999633789062,88.31999969482422,87.95999908447266,88.08999633789062,56.18982696533203,258900
2008-05-28,87.76000213623047,87.81999969482422,87.4000015258789,87.43000030517578,55.768821716308594,197900
2008-05-29,87.2300033569336,87.2300033569336,86.76000213623047,87.0199966430664,55.50732421875,387600
2008-05-30,87.3499984741211,87.4800033569336,87.23999786376953,87.30999755859375,55.69229507446289,2838400
2008-06-02,87.5,87.66000366210938,86.19000244140625,87.5199966430664,56.02324295043945,240300
2008-06-03,87.36000061035156,88.16999816894531,87.18000030517578,87.9800033569336,56.317649841308594,561500
2008-06-04,88.19000244140625,88.19999694824219,87.55999755859375,87.66000366210938,56.112892150878906,462400
2008-06-05,87.41000366210938,87.44999694824219,87.12000274658203,87.19999694824219,55.818416595458984,1079400
2008-06-06,87.69999694824219,88.05000305175781,87.52999877929688,87.95999908447266,56.30488586425781,250000
2008-06-09,87.5199966430664,87.7300033569336,87.19999694824219,87.33000183105469,55.90162658691406,288000
2008-06-10,87.12000274658203,87.20999908447266,86.68000030517578,86.80999755859375,55.568721771240234,221200
2008-06-11,86.98999786376953,87.33999633789062,86.72000122070312,86.9000015258789,55.62635803222656,247100
2008-06-12,86.5199966430664,86.5199966430664,86.0,86.13999938964844,55.13987350463867,546800
2008-06-13,86.13999938964844,86.43000030517578,85.86000061035156,85.94000244140625,55.01189422607422,579300
2008-06-16,86.12999725341797,86.16000366210938,85.80000305175781,85.94999694824219,55.01822280883789,180600
2008-06-17,86.11000061035156,86.31999969482422,85.93000030517578,86.23999786376953,55.20387268066406,266600
2008-06-18,86.38999938964844,86.77999877929688,86.3499984741211,86.70999908447266,55.50479507446289,296200
2008-06-19,86.5199966430664,86.61000061035156,86.19000244140625,86.20999908447266,55.184669494628906,152900
2008-06-20,86.69000244140625,86.83999633789062,86.47000122070312,86.61000061035156,55.44071578979492,318300
2008-06-23,86.70999908447266,86.8499984741211,86.45999908447266,86.56999969482422,55.41510009765625,472000
2008-06-24,86.80000305175781,87.1500015258789,86.75,87.02999877929688,55.709598541259766,273400
2008-06-25,87.01000213623047,87.08000183105469,86.55999755859375,87.0199966430664,55.703182220458984,254200
2008-06-26,87.02999877929688,87.61000061035156,87.02999877929688,87.51000213623047,56.01676559448242,320500
2008-06-27,87.62000274658203,88.05000305175781,87.5199966430664,87.94000244140625,56.292110443115234,173000
2008-06-30,87.83999633789062,88.04000091552734,87.7300033569336,88.0,56.330509185791016,240500
2008-07-01,88.01000213623047,88.11000061035156,87.47000122070312,87.47000122070312,56.1776237487793,355300
2008-07-02,87.55000305175781,87.80000305175781,87.48999786376953,87.68000030517578,56.31251907348633,469800
2008-07-03,87.56999969482422,87.87999725341797,87.44999694824219,87.70999908447266,56.331756591796875,261800
2008-07-07,87.7699966430664,88.44999694824219,87.54000091552734,88.12000274658203,56.59510040283203,507900
2008-07-08,88.18000030517578,88.47000122070312,88.1500015258789,88.33999633789062,56.73635482788086,206400
2008-07-09,88.3499984741211,88.83000183105469,88.25,88.76000213623047,57.00615310668945,308200
2008-07-10,88.80000305175781,88.94000244140625,88.41000366210938,88.79000091552734,57.025390625,291100
2008-07-11,88.79000091552734,88.88999938964844,87.8499984741211,87.95999908447266,56.49237060546875,378000
2008-07-14,88.01000213623047,88.63999938964844,88.0,88.43000030517578,56.79420852661133,296400
2008-07-15,88.62000274658203,89.0999984741211,88.54000091552734,88.75,56.99971008300781,506300
2008-07-16,88.44999694824219,88.5,87.94000244140625,87.94000244140625,56.47947692871094,309500
2008-07-17,87.9000015258789,88.08999633789062,87.36000061035156,87.5199966430664,56.209774017333984,266400
2008-07-18,87.55000305175781,87.7300033569336,87.1500015258789,87.22000122070312,56.017066955566406,365500
2008-07-21,87.16999816894531,87.41999816894531,87.05000305175781,87.41999816894531,56.14554214477539,264600
2008-07-22,87.33999633789062,87.37999725341797,87.01000213623047,87.12000274658203,55.95281982421875,263000
2008-07-23,86.94999694824219,87.05999755859375,86.69000244140625,86.9800033569336,55.86293029785156,550000
2008-07-24,87.08999633789062,87.77999877929688,87.06999969482422,87.7300033569336,56.34465026855469,276300
2008-07-25,87.51000213623047,87.63999938964844,87.0999984741211,87.22000122070312,56.017066955566406,296900
2008-07-28,87.51000213623047,87.87999725341797,87.4800033569336,87.72000122070312,56.33818435668945,363000
2008-07-29,87.58000183105469,87.62000274658203,87.30000305175781,87.47000122070312,56.1776237487793,190000
2008-07-30,87.2699966430664,87.80000305175781,87.1500015258789,87.63999938964844,56.28683853149414,274900
2008-07-31,88.11000061035156,88.33999633789062,88.04000091552734,88.33999633789062,56.73635482788086,275000
2008-08-01,87.7300033569336,88.0999984741211,87.70999908447266,88.08000183105469,56.76479721069336,308500
2008-08-04,87.91999816894531,88.19999694824219,87.8499984741211,88.0199966430664,56.726097106933594,367500
2008-08-05,87.94000244140625,88.04000091552734,87.56999969482422,87.56999969482422,56.436100006103516,355600
2008-08-06,87.56999969482422,87.61000061035156,87.19999694824219,87.5999984741211,56.455440521240234,272400
2008-08-07,87.97000122070312,88.5999984741211,87.86000061035156,88.41999816894531,56.98384094238281,341200
2008-08-08,88.51000213623047,88.54000091552734,88.22000122070312,88.37999725341797,56.9581184387207,202800
2008-08-11,88.26000213623047,88.26000213623047,87.66999816894531,87.94999694824219,56.680973052978516,412500
2008-08-12,88.2699966430664,88.58000183105469,88.23999786376953,88.55999755859375,57.07410430908203,302200
2008-08-13,88.69999694824219,88.72000122070312,88.19999694824219,88.37000274658203,56.9516487121582,210100
2008-08-14,88.63999938964844,88.77999877929688,88.45999908447266,88.63999938964844,57.12565612792969,303000
2008-08-15,88.87999725341797,89.11000061035156,88.83000183105469,88.97000122070312,57.338356018066406,292500
2008-08-18,88.95999908447266,89.2300033569336,88.87999725341797,89.19000244140625,57.48012924194336,381000
2008-08-19,89.29000091552734,89.31999969482422,88.95999908447266,89.05999755859375,57.3963508605957,373400
2008-08-20,89.22000122070312,89.44999694824219,89.13999938964844,89.31999969482422,57.56389617919922,487300
2008-08-21,89.37000274658203,89.37000274658203,88.94000244140625,89.12999725341797,57.441410064697266,279900
2008-08-22,88.95999908447266,88.95999908447266,88.69999694824219,88.87000274658203,57.273895263671875,157200
2008-08-25,89.37999725341797,89.55000305175781,89.3499984741211,89.45999908447266,57.65412139892578,232700
2008-08-26,89.36000061035156,89.48999786376953,89.19000244140625,89.48999786376953,57.67348098754883,166900
2008-08-27,89.11000061035156,89.6500015258789,89.11000061035156,89.62000274658203,57.75723648071289,255700
2008-08-28,89.37000274658203,89.58999633789062,89.19999694824219,89.48999786376953,57.67348098754883,201600
2008-08-29,89.29000091552734,89.41999816894531,89.0999984741211,89.37999725341797,57.602542877197266,496900
2008-09-02,88.88999938964844,89.58999633789062,88.69999694824219,89.56999969482422,57.916194915771484,349200
2008-09-03,89.55999755859375,89.9000015258789,89.52999877929688,89.79000091552734,58.05842590332031,410300
2008-09-04,89.95999908447266,90.27999877929688,89.8499984741211,90.23999786376953,58.34934997558594,460500
2008-09-05,90.47000122070312,90.63999938964844,90.0,90.04000091552734,58.220096588134766,363400
2008-09-08,89.43000030517578,90.08000183105469,89.23999786376953,90.05000305175781,58.226497650146484,418500
2008-09-09,89.87999725341797,90.52999877929688,89.73999786376953,90.45999908447266,58.49164581298828,323800
2008-09-10,89.93000030517578,90.3499984741211,89.87000274658203,90.2300033569336,58.342926025390625,248900
2008-09-11,90.48999786376953,90.54000091552734,90.0,90.06999969482422,58.239444732666016,393500
2008-09-12,90.16999816894531,90.19999694824219,89.47000122070312,89.62000274658203,57.948490142822266,358300
2008-09-15,90.97000122070312,91.41000366210938,90.62000274658203,91.33999633789062,59.06065368652344,526200
2008-09-16,92.62999725341797,92.63999938964844,91.02999877929688,91.08000183105469,58.892494201660156,810900
2008-09-17,91.66999816894531,92.11000061035156,91.31999969482422,91.9000015258789,59.4227294921875,829800
2008-09-18,91.4000015258789,91.93000030517578,90.79000091552734,90.81999969482422,58.72443771362305,687700
2008-09-19,89.05999755859375,89.75,89.05999755859375,89.19999694824219,57.67684555053711,1339500
2008-09-22,88.63999938964844,89.11000061035156,88.4800033569336,89.01000213623047,57.55403518676758,785800
2008-09-23,89.13999938964844,89.29000091552734,88.72000122070312,89.01000213623047,57.55403518676758,455500
2008-09-24,89.33000183105469,89.54000091552734,89.01000213623047,89.23999786376953,57.702796936035156,415400
2008-09-25,89.19999694824219,89.19999694824219,88.44999694824219,88.97000122070312,57.52823257446289,427200
2008-09-26,89.13999938964844,89.29000091552734,88.83000183105469,88.91000366210938,57.48944854736328,310600
2008-09-29,89.48999786376953,91.06999969482422,89.48999786376953,90.1500015258789,58.29115676879883,528000
2008-09-30,90.29000091552734,90.29000091552734,88.77999877929688,88.95999908447266,57.521732330322266,477900
2008-10-01,89.13999938964844,89.80000305175781,88.7699966430664,89.27999877929688,57.92727279663086,349200
2008-10-02,89.43000030517578,89.91999816894531,89.31999969482422,89.77999877929688,58.251705169677734,298000
2008-10-03,89.87999725341797,90.19999694824219,89.0,90.12000274658203,58.47226333618164,505400
2008-10-06,90.44000244140625,91.31999969482422,90.43000030517578,90.8499984741211,58.945919036865234,1065200
2008-10-07,90.44000244140625,91.05000305175781,90.2699966430664,90.77999877929688,58.900508880615234,825400
2008-10-08,91.06999969482422,91.2300033569336,88.51000213623047,89.62000274658203,58.14787292480469,869200
2008-10-09,88.66999816894531,88.79000091552734,88.23999786376953,88.72000122070312,57.563907623291016,577200
2008-10-10,88.44999694824219,88.44999694824219,87.41000366210938,87.68000030517578,56.88908767700195,1154600
2008-10-13,87.26000213623047,87.76000213623047,86.87000274658203,87.08000183105469,56.49980926513672,478400
2008-10-14,87.05000305175781,87.4000015258789,86.62000274658203,86.66999816894531,56.23381042480469,736700
2008-10-15,86.66000366210938,87.37999725341797,86.58999633789062,87.37999725341797,56.69447708129883,247200
2008-10-16,87.11000061035156,87.58999633789062,87.05000305175781,87.4000015258789,56.70745086669922,330400
2008-10-17,87.9000015258789,87.94999694824219,86.94000244140625,87.94999694824219,57.064300537109375,445800
2008-10-20,87.48999786376953,88.0999984741211,87.29000091552734,88.04000091552734,57.122711181640625,315900
2008-10-21,88.58999633789062,89.12999725341797,88.18000030517578,88.97000122070312,57.726097106933594,225500
2008-10-22,89.11000061035156,89.6500015258789,89.05999755859375,89.6500015258789,58.16733169555664,347700
2008-10-23,89.91000366210938,90.1500015258789,89.29000091552734,89.7699966430664,58.245147705078125,330000
2008-10-24,90.4000015258789,90.4000015258789,89.16999816894531,89.38999938964844,57.99860763549805,1924600
2008-10-27,89.45999908447266,89.68000030517578,88.91000366210938,89.33999633789062,57.96619415283203,213700
2008-10-28,88.9000015258789,89.33000183105469,88.30999755859375,88.62000274658203,57.49899673461914,278100
2008-10-29,88.69000244140625,89.04000091552734,88.31999969482422,88.75,57.5833740234375,255400
2008-10-30,88.05999755859375,88.30999755859375,87.83000183105469,88.06999969482422,57.14219665527344,406300
2008-10-31,88.43000030517578,88.7300033569336,87.58999633789062,87.88999938964844,57.0253791809082,264100
2008-11-03,87.69999694824219,87.8499984741211,87.38999938964844,87.70999908447266,57.116546630859375,1942300
2008-11-04,87.73999786376953,88.87999725341797,87.73999786376953,88.76000213623047,57.800357818603516,269700
2008-11-05,88.77999877929688,89.2300033569336,88.66999816894531,89.2300033569336,58.10639953613281,286500
2008-11-06,88.80000305175781,89.16999816894531,88.5,88.95999908447266,57.93057632446289,173000
2008-11-07,88.7300033569336,88.8499984741211,88.44000244140625,88.63999938964844,57.72214126586914,212300
2008-11-10,88.54000091552734,88.97000122070312,88.29000091552734,88.7300033569336,57.780765533447266,205400
2008-11-11,88.72000122070312,89.37000274658203,88.72000122070312,89.05999755859375,57.99567413330078,130100
2008-11-12,89.27999877929688,89.75,89.25,89.61000061035156,58.353824615478516,266900
2008-11-13,89.48999786376953,89.94999694824219,88.87999725341797,88.95999908447266,57.93057632446289,300500
2008-11-14,89.7300033569336,90.05999755859375,89.52999877929688,89.83999633789062,58.50360870361328,324100
2008-11-17,89.8499984741211,90.30000305175781,89.80000305175781,90.22000122070312,58.75103759765625,473100
2008-11-18,90.5999984741211,91.1500015258789,90.41999816894531,90.91999816894531,59.20687484741211,543600
2008-11-19,91.30000305175781,92.05000305175781,91.08999633789062,91.9000015258789,59.845069885253906,432400
2008-11-20,93.11000061035156,93.75,92.61000061035156,93.75,61.04977035522461,727900
2008-11-21,92.73999786376953,93.12000274658203,92.43000030517578,92.88999938964844,60.48975372314453,791300
2008-11-24,92.5199966430664,92.5999984741211,91.70999908447266,92.0199966430664,59.92319869995117,611600
2008-11-25,93.20999908447266,95.69999694824219,92.8499984741211,93.5999984741211,60.95210266113281,411600
2008-11-26,93.7300033569336,94.23999786376953,93.69000244140625,94.16999816894531,61.32334899902344,483400
2008-11-28,94.05000305175781,94.5199966430664,94.01000213623047,94.36000061035156,61.446990966796875,134000
2008-12-01,95.05000305175781,96.08000183105469,94.63999938964844,95.31999969482422,62.27875518798828,663900
2008-12-02,95.26000213623047,95.87000274658203,95.16999816894531,95.81999969482422,62.60544204711914,278300
2008-12-03,95.7699966430664,96.12000274658203,95.19999694824219,95.97000122070312,62.70342254638672,352200
2008-12-04,96.16999816894531,96.79000091552734,95.87000274658203,96.56999969482422,63.09545135498047,443800
2008-12-05,96.25,96.66000366210938,95.41999816894531,95.55000305175781,62.428985595703125,557500
2008-12-08,95.5,95.70999908447266,95.06999969482422,95.19000244140625,62.193824768066406,523400
2008-12-09,95.37999725341797,96.20999908447266,95.06999969482422,96.0,62.723026275634766,1421700
2008-12-10,95.48999786376953,95.91000366210938,95.27999877929688,95.91000366210938,62.66420364379883,737000
2008-12-11,96.04000091552734,96.55999755859375,95.62999725341797,96.48999786376953,63.04316329956055,327500
2008-12-12,96.4800033569336,96.7699966430664,95.48999786376953,96.76000213623047,63.21958923339844,281300
2008-12-15,96.83999633789062,97.23999786376953,96.70999908447266,96.97000122070312,63.356788635253906,328900
2008-12-16,98.51000213623047,98.62999725341797,96.63999938964844,98.51000213623047,64.36299133300781,406000
2008-12-17,99.77999877929688,100.0199966430664,99.01000213623047,99.18000030517578,64.80071258544922,667900
2008-12-18,99.94999694824219,100.30999755859375,99.66999816894531,99.8499984741211,65.2385025024414,477700
2008-12-19,99.44000244140625,99.98999786376953,99.44000244140625,99.5199966430664,65.02288055419922,598000
2008-12-22,99.55999755859375,99.72000122070312,99.1500015258789,99.26000213623047,64.85295867919922,804200
2008-12-23,99.0999984741211,99.55000305175781,99.0,99.20999908447266,64.82032775878906,324500
2008-12-24,99.16000366210938,99.44000244140625,99.05000305175781,99.11000061035156,64.75499725341797,129200
2008-12-26,99.51000213623047,99.63999938964844,99.19999694824219,99.63999938964844,65.10125732421875,181100
2008-12-29,99.44999694824219,99.91999816894531,99.37999725341797,99.48999786376953,65.24488067626953,211900
2008-12-30,99.2300033569336,99.63999938964844,99.0999984741211,99.62999725341797,65.33670806884766,201300
2008-12-31,99.37000274658203,99.58000183105469,98.19999694824219,98.52999877929688,64.61536407470703,404600
2009-01-02,98.77999877929688,98.95999908447266,96.94000244140625,97.12000274658203,63.690673828125,455200
2009-01-05,96.70999908447266,97.30000305175781,96.44999694824219,96.94999694824219,63.57914733886719,1383500
2009-01-06,96.20999908447266,97.08000183105469,96.0,96.88999938964844,63.53987121582031,900800
2009-01-07,96.73999786376953,97.13999938964844,96.55000305175781,96.91000366210938,63.55295944213867,296700
2009-01-08,97.01000213623047,97.52999877929688,96.86000061035156,97.16999816894531,63.72344207763672,262600
2009-01-09,97.0,97.94999694824219,97.0,97.62000274658203,64.01860046386719,278700
2009-01-12,97.37999725341797,98.30999755859375,97.33999633789062,98.2300033569336,64.4185791015625,747700
2009-01-13,97.9800033569336,98.36000061035156,97.91000366210938,98.30000305175781,64.46446990966797,157700
2009-01-14,98.72000122070312,99.22000122070312,98.69999694824219,98.8499984741211,64.8252182006836,321100
2009-01-15,98.97000122070312,99.12000274658203,98.58999633789062,98.7699966430664,64.77273559570312,414500
2009-01-16,97.55000305175781,98.5,97.47000122070312,97.86000061035156,64.17595672607422,288800
2009-01-20,96.80999755859375,98.05000305175781,96.75,97.70999908447266,64.07759857177734,357200
2009-01-21,97.0999984741211,97.55000305175781,96.62000274658203,96.83999633789062,63.50700759887695,484100
2009-01-22,96.72000122070312,96.7699966430664,95.9000015258789,96.19999694824219,63.08734130859375,262600
2009-01-23,95.86000061035156,96.22000122070312,95.55999755859375,96.22000122070312,63.100460052490234,361900
2009-01-26,95.8499984741211,96.11000061035156,95.55999755859375,95.9800033569336,62.94309997558594,324900
2009-01-27,95.91000366210938,96.75,95.8499984741211,96.61000061035156,63.35616683959961,269300
2009-01-28,96.75,96.81999969482422,95.58000183105469,95.98999786376953,62.94960021972656,266200
2009-01-29,95.51000213623047,95.73999786376953,94.4800033569336,94.73999786376953,62.12989807128906,325900
2009-01-30,95.0199966430664,95.1500015258789,94.62000274658203,94.69999694824219,62.10369110107422,296900
2009-02-02,94.80000305175781,95.37000274658203,94.47000122070312,95.19999694824219,62.60740661621094,347600
2009-02-03,94.83999633789062,94.94000244140625,94.19999694824219,94.37999725341797,62.068145751953125,436000
2009-02-04,94.1500015258789,94.25,93.5,93.9000015258789,61.752479553222656,325000
2009-02-05,94.02999877929688,94.45999908447266,93.73999786376953,94.12000274658203,61.89710998535156,641800
2009-02-06,94.0,94.02999877929688,93.5,93.55000305175781,61.52232360839844,667000
2009-02-09,93.5199966430664,93.58000183105469,93.12000274658203,93.36000061035156,61.39737319946289,468300
2009-02-10,94.0999984741211,94.8499984741211,93.9800033569336,94.61000061035156,62.21937942504883,437400
2009-02-11,94.86000061035156,95.48999786376953,94.81999969482422,95.33999633789062,62.6994743347168,316800
2009-02-12,95.58000183105469,95.77999877929688,95.20999908447266,95.30999755859375,62.67973709106445,379900
2009-02-13,94.91000366210938,95.02999877929688,94.41999816894531,94.55999755859375,62.1865348815918,304100
2009-02-17,95.55999755859375,96.22000122070312,95.55999755859375,96.1500015258789,63.2321891784668,416200
2009-02-18,96.13999938964844,96.19000244140625,95.33999633789062,95.44999694824219,62.771793365478516,422300
2009-02-19,94.55999755859375,95.29000091552734,94.55999755859375,94.91999816894531,62.42330551147461,229300
2009-02-20,95.4800033569336,95.87000274658203,95.12999725341797,95.19000244140625,62.600860595703125,338800
2009-02-23,94.83000183105469,95.31999969482422,94.69000244140625,95.27999877929688,62.659976959228516,440600
2009-02-24,95.43000030517578,95.79000091552734,94.8499984741211,94.91999816894531,62.42330551147461,557000
2009-02-25,94.87000274658203,95.12999725341797,93.97000122070312,94.05999755859375,61.857688903808594,428700
2009-02-26,93.83000183105469,94.05999755859375,93.66000366210938,93.81999969482422,61.699859619140625,224800
2009-02-27,94.06999969482422,94.27999877929688,93.55999755859375,93.73999786376953,61.64722442626953,288300
2009-03-02,93.97000122070312,94.62999725341797,93.9000015258789,94.43000030517578,62.265777587890625,500400
2009-03-03,93.9000015258789,94.61000061035156,93.77999877929688,94.30999755859375,62.18661880493164,528400
2009-03-04,93.47000122070312,93.87000274658203,93.44000244140625,93.83000183105469,61.8701057434082,331600
2009-03-05,94.51000213623047,95.05000305175781,94.19000244140625,94.93000030517578,62.595420837402344,475000
2009-03-06,94.45999908447266,95.18000030517578,94.45999908447266,94.4800033569336,62.298763275146484,414800
2009-03-09,94.62999725341797,94.76000213623047,94.0999984741211,94.5199966430664,62.32509231567383,224900
2009-03-10,94.05000305175781,94.1500015258789,93.7300033569336,93.83000183105469,61.8701057434082,244500
2009-03-11,93.62999725341797,94.5,93.55999755859375,94.5,62.31191635131836,320700
2009-03-12,94.56999969482422,95.0999984741211,94.4000015258789,94.7699966430664,62.48994064331055,271100
2009-03-13,94.5,95.0999984741211,94.30000305175781,94.69999694824219,62.44375991821289,553200
2009-03-16,94.06999969482422,94.38999938964844,94.0199966430664,94.16000366210938,62.087745666503906,512100
2009-03-17,94.45999908447266,94.62999725341797,93.79000091552734,93.9800033569336,61.96904754638672,222200
2009-03-18,94.1500015258789,97.5,94.1500015258789,97.19999694824219,64.09226989746094,751400
2009-03-19,97.51000213623047,97.68000030517578,96.8499984741211,96.87000274658203,63.87465286254883,711100
2009-03-20,97.04000091552734,97.20999908447266,96.69999694824219,96.87000274658203,63.87465286254883,231400
2009-03-23,96.80999755859375,97.0999984741211,96.48999786376953,96.54000091552734,63.657127380371094,285100
2009-03-24,96.41000366210938,96.80999755859375,96.0,96.4000015258789,63.564754486083984,810500
2009-03-25,96.16999816894531,96.41999816894531,95.66999816894531,95.81999969482422,63.18230438232422,443500
2009-03-26,95.83000183105469,96.33999633789062,95.6500015258789,96.06999969482422,63.347137451171875,507900
2009-03-27,96.27999877929688,96.4000015258789,95.81999969482422,96.01000213623047,63.30754852294922,394200
2009-03-30,96.55000305175781,96.66999816894531,96.11000061035156,96.41999816894531,63.57794952392578,321200
2009-03-31,96.41999816894531,96.69999694824219,96.41000366210938,96.58999633789062,63.690006256103516,1150800
2009-04-01,96.56999969482422,96.72000122070312,96.22000122070312,96.55000305175781,63.8460693359375,230200
2009-04-02,96.22000122070312,96.29000091552734,95.69999694824219,95.91999816894531,63.42946243286133,552400
2009-04-03,95.51000213623047,95.73999786376953,94.79000091552734,94.81999969482422,62.70206069946289,1177200
2009-04-06,94.97000122070312,95.04000091552734,94.54000091552734,94.5999984741211,62.556583404541016,363600
2009-04-07,94.81999969482422,95.01000213623047,94.66999816894531,94.83999633789062,62.71530532836914,289700
2009-04-08,94.9800033569336,95.30999755859375,94.8499984741211,95.30999755859375,63.026100158691406,250800
2009-04-09,94.72000122070312,95.16000366210938,94.5999984741211,94.75,62.65576171875,249600
2009-04-13,95.16000366210938,95.45999908447266,95.11000061035156,95.30999755859375,63.026100158691406,207300
2009-04-14,95.55999755859375,95.91000366210938,95.41999816894531,95.80000305175781,63.350154876708984,254000
2009-04-15,95.93000030517578,96.01000213623047,95.5,95.88999938964844,63.409664154052734,238500
2009-04-16,95.68000030517578,95.80000305175781,95.3499984741211,95.51000213623047,63.15837478637695,240100
2009-04-17,95.23999786376953,95.27999877929688,94.6500015258789,94.73999786376953,62.64915466308594,239400
2009-04-20,95.0999984741211,95.5,95.08000183105469,95.4000015258789,63.08561706542969,277700
2009-04-21,95.79000091552734,95.86000061035156,94.9000015258789,95.02999877929688,62.840965270996094,218500
2009-04-22,95.13999938964844,95.19000244140625,94.5,94.80000305175781,62.68885040283203,160900
2009-04-23,94.69999694824219,94.9000015258789,94.43000030517578,94.77999877929688,62.675636291503906,238200
2009-04-24,94.51000213623047,94.6500015258789,94.23999786376953,94.41000366210938,62.43093490600586,253500
2009-04-27,94.80000305175781,94.94999694824219,94.44999694824219,94.80000305175781,62.68885040283203,207500
2009-04-28,95.11000061035156,95.12000274658203,94.19999694824219,94.33999633789062,62.384639739990234,283800
2009-04-29,94.3499984741211,94.55000305175781,93.51000213623047,93.83000183105469,62.04741668701172,454400
2009-04-30,93.58999633789062,93.79000091552734,93.29000091552734,93.66999816894531,61.94160842895508,410500
2009-05-01,93.16000366210938,93.20999908447266,92.83000183105469,93.08999633789062,61.74263381958008,562700
2009-05-04,93.1500015258789,93.36000061035156,92.95999908447266,93.18000030517578,61.802330017089844,516400
2009-05-05,93.19000244140625,93.36000061035156,92.97000122070312,93.16000366210938,61.7890510559082,245000
2009-05-06,93.08000183105469,93.55000305175781,93.01000213623047,93.19999694824219,61.81560516357422,442600
2009-05-07,92.68000030517578,92.97000122070312,92.25,92.41999816894531,61.29825210571289,489800
2009-05-08,92.51000213623047,92.80000305175781,92.41000366210938,92.52999877929688,61.37124252319336,399900
2009-05-11,93.1500015258789,93.44999694824219,92.98999786376953,93.4000015258789,61.948265075683594,698000
2009-05-12,93.2300033569336,93.4800033569336,93.08999633789062,93.33999633789062,61.908451080322266,206800
2009-05-13,93.56999969482422,93.86000061035156,93.55999755859375,93.7699966430664,62.193668365478516,287500
2009-05-14,93.70999908447266,93.83000183105469,93.55000305175781,93.77999877929688,62.20029830932617,186500
2009-05-15,93.62999725341797,93.69999694824219,93.4000015258789,93.55000305175781,62.04773712158203,254100
2009-05-18,93.61000061035156,93.68000030517578,92.95999908447266,93.0,61.682987213134766,456100
2009-05-19,92.80000305175781,92.93000030517578,92.58999633789062,92.87000274658203,61.59674072265625,268900
2009-05-20,92.87999725341797,93.29000091552734,92.7300033569336,93.16000366210938,61.7890510559082,408600
2009-05-21,93.45999908447266,93.45999908447266,92.05999755859375,92.13999938964844,61.112548828125,374900
2009-05-22,91.73999786376953,92.01000213623047,91.45999908447266,91.5999984741211,60.754356384277344,382200
2009-05-26,91.87000274658203,91.98999786376953,90.97000122070312,90.98999786376953,60.349822998046875,519900
2009-05-27,91.0,91.05999755859375,89.87999725341797,89.95999908447266,59.66666030883789,733500
2009-05-28,90.61000061035156,90.62999725341797,89.70999908447266,90.43000030517578,59.978363037109375,660100
2009-05-29,90.47000122070312,91.54000091552734,90.44999694824219,91.44999694824219,60.65489196777344,1119300
2009-06-01,90.26000213623047,90.3499984741211,89.43000030517578,89.69000244140625,59.665000915527344,970300
2009-06-02,89.91999816894531,90.04000091552734,89.44999694824219,89.98999786376953,59.864601135253906,1903800
2009-06-03,90.27999877929688,90.63999938964844,90.13999938964844,90.54000091552734,60.230438232421875,568800
2009-06-04,89.9800033569336,90.08999633789062,89.33999633789062,89.48999786376953,59.53200149536133,591100
2009-06-05,88.68000030517578,89.13999938964844,88.41000366210938,88.5999984741211,58.93996047973633,1273900
2009-06-08,88.70999908447266,88.83999633789062,88.08000183105469,88.1500015258789,58.64054870605469,1135800
2009-06-09,88.55000305175781,88.79000091552734,88.29000091552734,88.52999877929688,58.89338302612305,1127200
2009-06-10,88.2699966430664,88.4800033569336,87.69999694824219,88.0,58.5407829284668,1406500
2009-06-11,87.9800033569336,88.94999694824219,87.81999969482422,88.5999984741211,58.93996047973633,781400
2009-06-12,88.72000122070312,89.29000091552734,88.72000122070312,89.06999969482422,59.25252151489258,608300
2009-06-15,89.41000366210938,89.62000274658203,89.30000305175781,89.47000122070312,59.518680572509766,531500
2009-06-16,89.44000244140625,90.0,89.29000091552734,89.97000122070312,59.85124206542969,403000
2009-06-17,90.0,90.4000015258789,89.7300033569336,89.7300033569336,59.691680908203125,594800
2009-06-18,89.2300033569336,89.41999816894531,88.54000091552734,88.63999938964844,58.966556549072266,1015500
2009-06-19,88.51000213623047,89.06999969482422,88.44000244140625,89.05000305175781,59.23923110961914,850900
2009-06-22,89.41000366210938,89.63999938964844,89.30000305175781,89.52999877929688,59.55852127075195,1218000
2009-06-23,89.55999755859375,89.94999694824219,89.43000030517578,89.81999969482422,59.751495361328125,492200
2009-06-24,89.87000274658203,90.31999969482422,89.4800033569336,89.4800033569336,59.52534866333008,687600
2009-06-25,89.69999694824219,90.5999984741211,89.48999786376953,90.5999984741211,60.27041244506836,790700
2009-06-26,90.66999816894531,90.9000015258789,90.5,90.72000122070312,60.35019302368164,263700
2009-06-29,90.97000122070312,91.08999633789062,90.72000122070312,90.91000366210938,60.476600646972656,903200
2009-06-30,90.45999908447266,90.98999786376953,90.31999969482422,90.66999816894531,60.31697463989258,608800
2009-07-01,90.05000305175781,90.36000061035156,89.87999725341797,90.36000061035156,60.27825927734375,394100
2009-07-02,90.52999877929688,90.87999725341797,90.52999877929688,90.66000366210938,60.478424072265625,431700
2009-07-06,90.51000213623047,90.7699966430664,90.41000366210938,90.72000122070312,60.5184326171875,472200
2009-07-07,90.58000183105469,91.08999633789062,90.58000183105469,91.08000183105469,60.75856399536133,741600
2009-07-08,91.16000366210938,92.27999877929688,91.08000183105469,92.12999725341797,61.458961486816406,658900
2009-07-09,91.5999984741211,91.73999786376953,91.25,91.58999633789062,61.09879684448242,668900
2009-07-10,91.95999908447266,92.3499984741211,91.81999969482422,92.16000366210938,61.479068756103516,400300
2009-07-13,92.20999908447266,92.30999755859375,91.75,91.83000183105469,61.25886917114258,327400
2009-07-14,91.30999755859375,91.56999969482422,91.06999969482422,91.22000122070312,60.85197448730469,942100
2009-07-15,90.73999786376953,90.81999969482422,90.04000091552734,90.04000091552734,60.06479263305664,714400
2009-07-16,90.6500015258789,90.88999938964844,90.5199966430664,90.58000183105469,60.425045013427734,194900
2009-07-17,90.19000244140625,90.37999725341797,89.97000122070312,89.97000122070312,60.0180549621582,616000
2009-07-20,89.75,90.61000061035156,89.70999908447266,90.30000305175781,60.238243103027344,335400
2009-07-21,90.08999633789062,91.37000274658203,90.08000183105469,91.30999755859375,60.912025451660156,837700
2009-07-22,91.19999694824219,91.19999694824219,90.6500015258789,90.7699966430664,60.551795959472656,298300
2009-07-23,90.76000213623047,90.77999877929688,89.70999908447266,89.88999938964844,59.96474838256836,518100
2009-07-24,89.8499984741211,90.12000274658203,89.83000183105469,90.08000183105469,60.09150314331055,292400
2009-07-27,89.58999633789062,89.81999969482422,89.37999725341797,89.66000366210938,59.81128692626953,326800
2009-07-28,89.83999633789062,90.31999969482422,89.58000183105469,89.83999633789062,59.931365966796875,299300
2009-07-29,90.23999786376953,90.2699966430664,89.55000305175781,89.9000015258789,59.971435546875,265200
2009-07-30,89.72000122070312,90.30000305175781,89.55000305175781,90.26000213623047,60.211570739746094,367400
2009-07-31,90.6500015258789,91.23999786376953,90.45999908447266,91.16999816894531,60.81862258911133,631800
2009-08-03,90.37000274658203,90.4000015258789,89.69999694824219,89.94000244140625,60.17238235473633,453700
2009-08-04,90.16999816894531,90.23999786376953,89.3499984741211,89.68000030517578,59.99836730957031,552000
2009-08-05,89.27999877929688,89.95999908447266,89.12999725341797,89.16999816894531,59.65715026855469,393900
2009-08-06,89.12999725341797,89.5,88.97000122070312,89.16999816894531,59.65715026855469,311200
2009-08-07,88.66000366210938,88.76000213623047,88.47000122070312,88.58000183105469,59.262474060058594,507200
2009-08-10,88.69000244140625,89.18000030517578,88.5999984741211,89.1500015258789,59.643836975097656,1487700
2009-08-11,89.4800033569336,89.7699966430664,89.38999938964844,89.7699966430664,60.058597564697266,327400
2009-08-12,89.8499984741211,89.91999816894531,89.13999938964844,89.5199966430664,59.89131546020508,624700
2009-08-13,89.79000091552734,90.38999938964844,89.69999694824219,90.22000122070312,60.35962677001953,614700
2009-08-14,90.43000030517578,90.97000122070312,90.41999816894531,90.5,60.54700469970703,695000
2009-08-17,90.87000274658203,91.16999816894531,90.8499984741211,91.12000274658203,60.961795806884766,572900
2009-08-18,91.12999725341797,91.1500015258789,90.77999877929688,90.80000305175781,60.747711181640625,514700
2009-08-19,91.43000030517578,91.44999694824219,90.94000244140625,91.13999938964844,60.97515106201172,495400
2009-08-20,91.23999786376953,91.43000030517578,90.97000122070312,91.37999725341797,61.135719299316406,542900
2009-08-21,91.30999755859375,91.37999725341797,90.41999816894531,90.44999694824219,60.51353454589844,435100
2009-08-24,90.23999786376953,91.04000091552734,90.2300033569336,91.01000213623047,60.88816833496094,369100
2009-08-25,90.93000030517578,91.33000183105469,90.72000122070312,91.25,61.04874801635742,315800
2009-08-26,91.33000183105469,91.43000030517578,91.13999938964844,91.37000274658203,61.12908172607422,219600
2009-08-27,91.08999633789062,91.44999694824219,91.01000213623047,91.12000274658203,60.961795806884766,378700
2009-08-28,90.93000030517578,91.38999938964844,90.86000061035156,91.33000183105469,61.1022834777832,303500
2009-08-31,91.41000366210938,91.69999694824219,91.26000213623047,91.5999984741211,61.28289031982422,483700
2009-09-01,91.12999725341797,91.77999877929688,90.9800033569336,91.58000183105469,61.4419059753418,464500
2009-09-02,91.70999908447266,92.12999725341797,91.61000061035156,92.08000183105469,61.77737808227539,381900
2009-09-03,91.83000183105469,92.02999877929688,91.7300033569336,91.75,61.555999755859375,246400
2009-09-04,91.69999694824219,91.81999969482422,91.16999816894531,91.19999694824219,61.18699645996094,521400
2009-09-08,90.98999786376953,91.43000030517578,90.95999908447266,90.98999786376953,61.046077728271484,408700
2009-09-09,90.86000061035156,91.08999633789062,90.66000366210938,91.06999969482422,61.09976577758789,568400
2009-09-10,91.41000366210938,92.06999969482422,91.37000274658203,91.75,61.555999755859375,626900
2009-09-11,92.1500015258789,92.44999694824219,91.95999908447266,92.0199966430664,61.737117767333984,1319500
2009-09-14,91.76000213623047,91.88999938964844,91.43000030517578,91.4800033569336,61.374820709228516,477100
2009-09-15,91.12000274658203,91.47000122070312,91.12000274658203,91.29000091552734,61.24732971191406,710100
2009-09-16,91.41999816894531,91.44999694824219,90.9800033569336,91.22000122070312,61.20038986206055,743200
2009-09-17,91.27999877929688,91.68000030517578,91.0,91.66999816894531,61.502315521240234,846500
2009-09-18,91.38999938964844,91.52999877929688,91.04000091552734,91.18000030517578,61.17353057861328,910200
2009-09-21,91.33999633789062,91.5199966430664,91.0,91.12000274658203,61.13334274291992,617200
2009-09-22,91.05000305175781,91.36000061035156,91.04000091552734,91.36000061035156,61.29433059692383,438800
2009-09-23,91.1500015258789,91.61000061035156,90.9000015258789,91.55999755859375,61.42850875854492,794500
2009-09-24,91.5999984741211,91.93000030517578,91.4800033569336,91.80999755859375,61.59620666503906,501200
2009-09-25,91.87000274658203,92.20999908447266,91.66999816894531,92.18000030517578,61.84446716308594,454100
2009-09-28,92.0999984741211,92.43000030517578,92.05000305175781,92.33999633789062,61.95180892944336,514000
2009-09-29,92.0999984741211,92.44999694824219,91.98999786376953,92.30000305175781,61.924930572509766,276400
2009-09-30,92.20999908447266,92.48999786376953,92.16000366210938,92.37000274658203,61.971900939941406,670900
2009-10-01,92.44999694824219,92.94999694824219,92.33000183105469,92.80999755859375,62.43814468383789,1762800
2009-10-02,93.20999908447266,93.2300033569336,92.69000244140625,92.7699966430664,62.411231994628906,936600
2009-10-05,93.02999877929688,93.05999755859375,92.69999694824219,92.76000213623047,62.40447998046875,509100
2009-10-06,92.6500015258789,92.69000244140625,92.44000244140625,92.45999908447266,62.20268249511719,382300
2009-10-07,92.80000305175781,93.13999938964844,92.77999877929688,93.05000305175781,62.599613189697266,269500
2009-10-08,93.16999816894531,93.19999694824219,92.61000061035156,92.70999908447266,62.370914459228516,422200
2009-10-09,92.26000213623047,92.44000244140625,91.62000274658203,91.81999969482422,61.772159576416016,543800
2009-10-12,91.81999969482422,92.20999908447266,91.77999877929688,92.08999633789062,61.95378875732422,464800
2009-10-13,92.25,92.36000061035156,92.06999969482422,92.30000305175781,62.09502410888672,489200
2009-10-14,91.76000213623047,92.0,91.51000213623047,91.66999816894531,61.671226501464844,523400
2009-10-15,91.30000305175781,91.75,91.2300033569336,91.37000274658203,61.469356536865234,826100
2009-10-16,91.55000305175781,91.79000091552734,91.33999633789062,91.79000091552734,61.75192642211914,765300
2009-10-19,91.62000274658203,91.93000030517578,91.55999755859375,91.93000030517578,61.84612274169922,487000
2009-10-20,92.18000030517578,92.33000183105469,92.06999969482422,92.13999938964844,61.9874267578125,640800
2009-10-21,91.86000061035156,91.94000244140625,91.56999969482422,91.93000030517578,61.84612274169922,406400
2009-10-22,91.54000091552734,91.83000183105469,91.51000213623047,91.66000366210938,61.66450119018555,421300
2009-10-23,91.29000091552734,91.45999908447266,91.19999694824219,91.20999908447266,61.36176300048828,424800
2009-10-26,91.0199966430664,91.0999984741211,90.62999725341797,90.69000244140625,61.01191329956055,762500
2009-10-27,90.87999725341797,91.5,90.87999725341797,91.47000122070312,61.53670120239258,669800
2009-10-28,91.4800033569336,91.94000244140625,91.44000244140625,91.75,61.725074768066406,684100
2009-10-29,91.48999786376953,91.52999877929688,91.08000183105469,91.30999755859375,61.429046630859375,351200
2009-10-30,91.58000183105469,92.0,91.55000305175781,91.98999786376953,61.8864860534668,600100
2009-11-02,91.27999877929688,91.27999877929688,90.88999938964844,90.9800033569336,61.72367858886719,671100
2009-11-03,91.2300033569336,91.2300033569336,90.5999984741211,90.7699966430664,61.58121109008789,353000
2009-11-04,90.4800033569336,90.69999694824219,90.2300033569336,90.5199966430664,61.411643981933594,497700
2009-11-05,90.41000366210938,90.5999984741211,90.29000091552734,90.54000091552734,61.4251708984375,147600
2009-11-06,90.75,90.83000183105469,90.43000030517578,90.80999755859375,61.60830307006836,327300
2009-11-09,90.7699966430664,90.97000122070312,90.73999786376953,90.8499984741211,61.635501861572266,531500
2009-11-10,91.08000183105469,91.16000366210938,90.75,90.91999816894531,61.68300247192383,523000
2009-11-11,91.19999694824219,91.41999816894531,91.05000305175781,91.18000030517578,61.85941696166992,275600
2009-11-12,90.97000122070312,91.23999786376953,90.62000274658203,91.20999908447266,61.87971496582031,374500
2009-11-13,91.19999694824219,91.30000305175781,91.06999969482422,91.27999877929688,61.92725372314453,229300
2009-11-16,91.45999908447266,91.88999938964844,91.37000274658203,91.7699966430664,62.259620666503906,514800
2009-11-17,91.69999694824219,92.02999877929688,91.5999984741211,91.97000122070312,62.395347595214844,506000
2009-11-18,91.81999969482422,91.91000366210938,91.62000274658203,91.73999786376953,62.23933410644531,285300
2009-11-19,91.86000061035156,92.08999633789062,91.7699966430664,91.8499984741211,62.313941955566406,378200
2009-11-20,91.9000015258789,91.9800033569336,91.69999694824219,91.83999633789062,62.30711364746094,304200
2009-11-23,91.61000061035156,91.75,91.45999908447266,91.70999908447266,62.218963623046875,505100
2009-11-24,91.9000015258789,92.26000213623047,91.80000305175781,92.18000030517578,62.537784576416016,753800
2009-11-25,92.11000061035156,92.54000091552734,91.9800033569336,92.48999786376953,62.74812698364258,431200
2009-11-27,92.9000015258789,93.0,92.7300033569336,92.91000366210938,63.03307342529297,412200
2009-11-30,92.87999725341797,93.12000274658203,92.72000122070312,93.05999755859375,63.13481140136719,404100
2009-12-01,92.61000061035156,92.66000366210938,92.30000305175781,92.33999633789062,62.78669357299805,529600
2009-12-02,92.26000213623047,92.41000366210938,92.0199966430664,92.1500015258789,62.65748596191406,463800
2009-12-03,91.5999984741211,91.77999877929688,91.56999969482422,91.72000122070312,62.36507797241211,463500
2009-12-04,90.95999908447266,91.13999938964844,90.79000091552734,91.04000091552734,61.902793884277344,756700
2009-12-07,91.05999755859375,91.37000274658203,91.04000091552734,91.29000091552734,62.07270050048828,399100
2009-12-08,91.73999786376953,91.87999725341797,91.5,91.61000061035156,62.29030990600586,502200
2009-12-09,91.6500015258789,91.80000305175781,91.37000274658203,91.43000030517578,62.167945861816406,721800
2009-12-10,91.25,91.27999877929688,90.8499984741211,91.12000274658203,61.957122802734375,423200
2009-12-11,90.80999755859375,90.80999755859375,90.4800033569336,90.66999816894531,61.65114974975586,454000
2009-12-14,90.73999786376953,90.86000061035156,90.62999725341797,90.66999816894531,61.65114974975586,195200
2009-12-15,90.30999755859375,90.47000122070312,90.19999694824219,90.37999725341797,61.45394515991211,326000
2009-12-16,90.54000091552734,90.69999694824219,90.27999877929688,90.37999725341797,61.45394515991211,761500
2009-12-17,90.9000015258789,91.18000030517578,90.7300033569336,91.18000030517578,61.99796676635742,468800
2009-12-18,90.9800033569336,91.12999725341797,90.69999694824219,90.7300033569336,61.69197463989258,517600
2009-12-21,90.31999969482422,90.33000183105469,89.75,89.80000305175781,61.05962371826172,609900
2009-12-22,89.55000305175781,89.58999633789062,89.33000183105469,89.4000015258789,60.787654876708984,366700
2009-12-23,89.56999969482422,89.77999877929688,89.3499984741211,89.36000061035156,60.76042175292969,351400
2009-12-24,89.30000305175781,89.36000061035156,89.04000091552734,89.04000091552734,60.54283142089844,160200
2009-12-28,88.94999694824219,88.97000122070312,88.79000091552734,88.80000305175781,60.37964630126953,1181400
2009-12-29,88.73999786376953,88.93000030517578,88.62999725341797,88.87000274658203,60.53905487060547,428800
2009-12-30,88.91999816894531,89.05999755859375,88.80999755859375,89.02999877929688,60.64805603027344,473100
2009-12-31,88.58999633789062,88.95999908447266,88.29000091552734,88.5999984741211,60.35511779785156,304300
2010-01-04,88.73999786376953,88.94999694824219,88.62999725341797,88.81999969482422,60.50494384765625,619100
2010-01-05,89.05999755859375,89.3499984741211,89.05999755859375,89.20999908447266,60.77064895629883,1547500
2010-01-06,89.1500015258789,89.19999694824219,88.77999877929688,88.8499984741211,60.52542495727539,365500
2010-01-07,88.87000274658203,89.05000305175781,88.80999755859375,88.8499984741211,60.52542495727539,390900
2010-01-08,89.12999725341797,89.13999938964844,88.81999969482422,88.95999908447266,60.60039520263672,382500
2010-01-11,89.01000213623047,89.1500015258789,88.93000030517578,89.0199966430664,60.64124298095703,653600
2010-01-12,89.5999984741211,89.72000122070312,89.4800033569336,89.66000366210938,61.077213287353516,403000
2010-01-13,89.4800033569336,89.66999816894531,89.19999694824219,89.2300033569336,60.784271240234375,281900
2010-01-14,89.48999786376953,89.7699966430664,89.38999938964844,89.6500015258789,61.0704231262207,511700
2010-01-15,89.9800033569336,90.1500015258789,89.95999908447266,90.05000305175781,61.34286880493164,429200
2010-01-19,89.86000061035156,89.95999908447266,89.70999908447266,89.88999938964844,61.23392868041992,411900
2010-01-20,90.13999938964844,90.31999969482422,90.12999725341797,90.19999694824219,61.445064544677734,228800
2010-01-21,90.08000183105469,90.5999984741211,90.05999755859375,90.52999877929688,61.66985321044922,349200
2010-01-22,90.45999908447266,90.68000030517578,90.43000030517578,90.61000061035156,61.724334716796875,272900
2010-01-25,90.41000366210938,90.52999877929688,90.4000015258789,90.41000366210938,61.588111877441406,1699000
2010-01-26,90.69000244140625,90.70999908447266,90.41999816894531,90.58999633789062,61.710716247558594,490600
2010-01-27,90.63999938964844,90.80999755859375,90.30000305175781,90.37999725341797,61.567649841308594,342100
2010-01-28,90.08999633789062,90.44999694824219,90.08999633789062,90.3499984741211,61.54722213745117,318100
2010-01-29,90.26000213623047,90.69999694824219,90.1500015258789,90.69999694824219,61.785667419433594,396700
2010-02-01,90.26000213623047,90.26000213623047,89.98999786376953,90.08999633789062,61.57381057739258,634300
2010-02-02,90.12999725341797,90.25,90.0999984741211,90.23999786376953,61.67630386352539,426000
2010-02-03,89.9800033569336,90.05000305175781,89.77999877929688,89.80999755859375,61.382415771484375,435300
2010-02-04,90.19999694824219,90.58999633789062,90.19999694824219,90.55000305175781,61.88821029663086,503400
2010-02-05,90.48999786376953,91.0,90.43000030517578,90.83999633789062,62.086421966552734,694700
2010-02-08,90.68000030517578,90.77999877929688,90.55999755859375,90.76000213623047,62.0317268371582,257600
2010-02-09,90.5199966430664,90.7300033569336,90.25,90.2699966430664,61.69679260253906,481200
2010-02-10,90.41000366210938,90.45999908447266,89.88999938964844,90.0199966430664,61.52595138549805,496200
2010-02-11,90.02999877929688,90.02999877929688,89.66999816894531,89.91000366210938,61.45076370239258,496900
2010-02-12,90.19999694824219,90.2699966430664,90.0999984741211,90.12000274658203,61.594329833984375,219800
2010-02-16,89.94000244140625,90.3499984741211,89.91000366210938,90.31999969482422,61.73102569580078,175400
2010-02-17,90.08999633789062,90.22000122070312,89.68000030517578,89.83999633789062,61.40291213989258,358000
2010-02-18,89.9000015258789,89.9000015258789,89.30999755859375,89.5199966430664,61.1842041015625,474300
2010-02-19,89.45999908447266,89.56999969482422,89.26000213623047,89.56999969482422,61.21845626831055,527900
2010-02-22,89.44000244140625,89.58000183105469,89.41999816894531,89.5,61.17056655883789,349700
2010-02-23,89.61000061035156,90.2300033569336,89.58000183105469,90.18000030517578,61.63529586791992,557200
2010-02-24,90.20999908447266,90.37999725341797,90.05000305175781,90.2300033569336,61.6694221496582,394300
2010-02-25,90.56999969482422,90.62000274658203,90.41999816894531,90.55999755859375,61.89502716064453,256600
2010-02-26,90.62000274658203,90.91000366210938,90.61000061035156,90.69999694824219,61.99070739746094,609900
2010-03-01,90.55999755859375,90.62000274658203,90.4000015258789,90.55000305175781,62.0551643371582,468600
2010-03-02,90.36000061035156,90.62000274658203,90.31999969482422,90.5999984741211,62.089385986328125,417900
2010-03-03,90.41000366210938,90.55999755859375,90.30000305175781,90.51000213623047,62.027748107910156,476700
2010-03-04,90.47000122070312,90.77999877929688,90.37000274658203,90.66999816894531,62.137351989746094,431100
2010-03-05,90.30999755859375,90.33000183105469,90.05000305175781,90.23999786376953,61.84271240234375,549900
2010-03-08,90.01000213623047,90.08000183105469,89.97000122070312,90.0,61.67821502685547,399800
2010-03-09,90.18000030517578,90.2300033569336,90.0,90.2300033569336,61.8358154296875,350500
2010-03-10,89.93000030517578,90.0999984741211,89.87999725341797,90.08000183105469,61.733009338378906,329800
2010-03-11,89.91000366210938,90.13999938964844,89.8499984741211,90.0,61.67821502685547,283100
2010-03-12,89.80000305175781,90.25,89.79000091552734,90.13999938964844,61.774139404296875,276400
2010-03-15,90.12999725341797,90.19999694824219,89.97000122070312,90.13999938964844,61.774139404296875,190100
2010-03-16,90.16000366210938,90.52999877929688,90.12999725341797,90.48999786376953,62.01401138305664,388200
2010-03-17,90.55999755859375,90.62999725341797,90.44999694824219,90.5999984741211,62.089385986328125,288300
2010-03-18,90.52999877929688,90.58999633789062,90.33000183105469,90.36000061035156,61.92490768432617,202600
2010-03-19,90.23999786376953,90.5199966430664,90.2300033569336,90.23999786376953,61.84271240234375,171300
2010-03-22,90.45999908447266,90.54000091552734,90.38999938964844,90.54000091552734,62.04829025268555,338100
2010-03-23,90.51000213623047,90.5999984741211,90.3499984741211,90.3499984741211,61.91807556152344,244100
2010-03-24,89.87000274658203,89.98999786376953,89.31999969482422,89.44999694824219,61.301265716552734,531300
2010-03-25,89.2699966430664,89.37000274658203,88.81999969482422,89.12000274658203,61.07509231567383,601900
2010-03-26,89.02999877929688,89.36000061035156,89.0199966430664,89.33000183105469,61.21906280517578,734100
2010-03-29,89.30000305175781,89.37000274658203,89.0999984741211,89.19999694824219,61.1300163269043,521400
2010-03-30,89.19000244140625,89.29000091552734,89.0199966430664,89.29000091552734,61.191593170166016,246500
2010-03-31,89.45999908447266,89.58000183105469,89.3499984741211,89.5,61.33552551269531,398900
2010-04-01,89.11000061035156,89.16000366210938,88.94000244140625,89.05999755859375,61.208438873291016,397600
2010-04-05,88.44000244140625,88.52999877929688,88.12000274658203,88.26000213623047,60.65863800048828,656100
2010-04-06,88.55999755859375,88.5999984741211,88.37000274658203,88.5199966430664,60.837276458740234,566100
2010-04-07,88.51000213623047,89.16999816894531,88.48999786376953,89.06999969482422,61.21525955200195,562000
2010-04-08,89.16000366210938,89.30999755859375,88.91999816894531,88.97000122070312,61.146522521972656,465400
2010-04-09,88.8499984741211,89.0999984741211,88.75,89.06999969482422,61.21525955200195,314600
2010-04-12,89.20999908447266,89.41000366210938,89.12000274658203,89.30999755859375,61.38020324707031,402000
2010-04-13,89.52999877929688,89.58999633789062,89.33000183105469,89.4800033569336,61.49705123901367,309100
2010-04-14,89.4800033569336,89.56999969482422,89.19999694824219,89.23999786376953,61.33213424682617,315800
2010-04-15,89.11000061035156,89.47000122070312,89.06999969482422,89.38999938964844,61.43524932861328,299900
2010-04-16,89.54000091552734,89.95999908447266,89.43000030517578,89.93000030517578,61.806304931640625,409900
2010-04-19,89.8499984741211,89.87999725341797,89.63999938964844,89.70999908447266,61.655147552490234,215300
2010-04-20,89.66999816894531,89.75,89.55000305175781,89.75,61.6826057434082,171300
2010-04-21,89.83999633789062,90.08000183105469,89.75,90.04000091552734,61.88198471069336,446500
2010-04-22,90.1500015258789,90.25,89.80000305175781,89.83000183105469,61.737613677978516,169300
2010-04-23,89.61000061035156,89.68000030517578,89.48999786376953,89.58000183105469,61.56573486328125,174200
2010-04-26,89.77999877929688,89.80999755859375,89.55000305175781,89.63999938964844,61.60699462890625,161900
2010-04-27,90.05000305175781,90.54000091552734,89.94999694824219,90.4800033569336,62.18434143066406,442800
2010-04-28,90.16000366210938,90.29000091552734,89.86000061035156,90.0199966430664,61.868167877197266,409700
2010-04-29,90.01000213623047,90.2300033569336,89.88999938964844,90.16999816894531,61.97124481201172,350500
2010-04-30,90.27999877929688,90.7300033569336,90.2699966430664,90.72000122070312,62.3492317199707,423200
2010-05-03,90.16999816894531,90.27999877929688,90.11000061035156,90.20999908447266,62.18592071533203,300500
2010-05-04,90.76000213623047,90.88999938964844,90.61000061035156,90.81999969482422,62.606388092041016,355000
2010-05-05,91.18000030517578,91.58999633789062,90.9800033569336,91.16999816894531,62.84765625,672000
2010-05-06,91.23999786376953,93.05999755859375,91.0999984741211,92.16999816894531,63.53700256347656,902400
2010-05-07,91.93000030517578,92.75,91.77999877929688,91.91999816894531,63.364662170410156,3856500
2010-05-10,90.98999786376953,91.41000366210938,90.9800033569336,91.22000122070312,62.88216781616211,836200
2010-05-11,91.41000366210938,91.45999908447266,91.02999877929688,91.33000183105469,62.95796203613281,891400
2010-05-12,91.22000122070312,91.33999633789062,91.04000091552734,91.0999984741211,62.79940414428711,424000
2010-05-13,91.3499984741211,91.43000030517578,90.88999938964844,91.3499984741211,62.971763610839844,420300
2010-05-14,91.76000213623047,92.20999908447266,91.69999694824219,91.94000244140625,63.378456115722656,488700
2010-05-17,91.93000030517578,92.33000183105469,91.69999694824219,91.73999786376953,63.240596771240234,535100
2010-05-18,91.77999877929688,92.4800033569336,91.73999786376953,92.41000366210938,63.70244598388672,1711400
2010-05-19,92.43000030517578,92.88999938964844,92.37999725341797,92.48999786376953,63.75764465332031,839700
2010-05-20,93.20999908447266,93.62999725341797,93.05000305175781,93.38999938964844,64.37800598144531,1221600
2010-05-21,94.13999938964844,94.20999908447266,93.2699966430664,93.44000244140625,64.41249084472656,1196200
2010-05-24,93.5199966430664,93.66999816894531,93.33000183105469,93.44000244140625,64.41249084472656,2949400
2010-05-25,94.02999877929688,94.19999694824219,93.62000274658203,93.76000213623047,64.633056640625,1064000
2010-05-26,93.45999908447266,93.5999984741211,93.11000061035156,93.56999969482422,64.5020980834961,551600
2010-05-27,92.87999725341797,92.9000015258789,92.56999969482422,92.68000030517578,63.8885612487793,522800
2010-05-28,92.9000015258789,93.13999938964844,92.72000122070312,93.0999984741211,64.17808532714844,511700
2010-06-01,93.16000366210938,93.19000244140625,92.7300033569336,92.95999908447266,64.26104736328125,978900
2010-06-02,92.91999816894531,93.02999877929688,92.38999938964844,92.43000030517578,63.8946647644043,519100
2010-06-03,92.13999938964844,92.55999755859375,92.08000183105469,92.30000305175781,63.80483627319336,274300
2010-06-04,93.19000244140625,93.61000061035156,93.08999633789062,93.58000183105469,64.68968200683594,728300
2010-06-07,93.47000122070312,93.9800033569336,93.41999816894531,93.95999908447266,64.9522933959961,413800
2010-06-08,93.68000030517578,93.91999816894531,93.62999725341797,93.66999816894531,64.75187683105469,604300
2010-06-09,93.41000366210938,93.79000091552734,93.30000305175781,93.68000030517578,64.7587890625,264000
2010-06-10,93.29000091552734,93.33000183105469,92.7699966430664,92.80999755859375,64.15738677978516,655200
2010-06-11,93.23999786376953,93.55999755859375,93.0,93.4000015258789,64.56520080566406,404800
2010-06-14,92.93000030517578,93.33000183105469,92.80999755859375,93.31999969482422,64.50995635986328,627700
2010-06-15,93.33999633789062,93.43000030517578,92.9000015258789,93.02999877929688,64.30945587158203,1114400
2010-06-16,93.30999755859375,93.37000274658203,93.0199966430664,93.29000091552734,64.48918914794922,621900
2010-06-17,93.38999938964844,93.87000274658203,93.38999938964844,93.7300033569336,64.7933578491211,792500
2010-06-18,93.66999816894531,93.70999908447266,93.52999877929688,93.54000091552734,64.66204833984375,463400
2010-06-21,93.02999877929688,93.51000213623047,93.0,93.47000122070312,64.6136245727539,569100
2010-06-22,93.54000091552734,94.06999969482422,93.48999786376953,94.02999877929688,65.000732421875,549200
2010-06-23,94.12000274658203,94.52999877929688,94.0999984741211,94.37999725341797,65.2426986694336,632500
2010-06-24,94.56999969482422,94.66000366210938,94.16999816894531,94.30000305175781,65.18738555908203,1075100
2010-06-25,94.20999908447266,94.68000030517578,94.19000244140625,94.44999694824219,65.29106140136719,455400
2010-06-28,94.77999877929688,95.12999725341797,94.77999877929688,95.12000274658203,65.75425720214844,924300
2010-06-29,95.33999633789062,95.5999984741211,95.30000305175781,95.52999877929688,66.03768157958984,920400
2010-06-30,95.61000061035156,95.66999816894531,95.33000183105469,95.66999816894531,66.13442993164062,891500
2010-07-01,95.43000030517578,95.83999633789062,95.33999633789062,95.37999725341797,66.10535430908203,1293700
2010-07-02,95.20999908447266,95.41999816894531,95.08000183105469,95.20999908447266,65.9875259399414,1072400
2010-07-06,95.16000366210938,95.56999969482422,95.05000305175781,95.44000244140625,66.14689636230469,914100
2010-07-07,95.51000213623047,95.5199966430664,95.11000061035156,95.13999938964844,65.93899536132812,473900
2010-07-08,94.8499984741211,95.04000091552734,94.70999908447266,94.91000366210938,65.77952575683594,508400
2010-07-09,94.77999877929688,94.86000061035156,94.66000366210938,94.66000366210938,65.60630798339844,439800
2010-07-12,94.81999969482422,95.05999755859375,94.75,94.81999969482422,65.71723937988281,685200
2010-07-13,94.62999725341797,94.66999816894531,94.33000183105469,94.3499984741211,65.39148712158203,679700
2010-07-14,94.68000030517578,94.9800033569336,94.5,94.81999969482422,65.71723937988281,566500
2010-07-15,95.0199966430664,95.48999786376953,95.0199966430664,95.30999755859375,66.05681610107422,703600
2010-07-16,95.38999938964844,95.91999816894531,95.38999938964844,95.86000061035156,66.4380111694336,864200
2010-07-19,95.72000122070312,95.83999633789062,95.5199966430664,95.61000061035156,66.26470947265625,489800
2010-07-20,95.9000015258789,96.11000061035156,95.69000244140625,95.70999908447266,66.33402252197266,895900
2010-07-21,95.77999877929688,96.41000366210938,95.7699966430664,96.31999969482422,66.75676727294922,470700
2010-07-22,96.05000305175781,96.05000305175781,95.77999877929688,95.79000091552734,66.38947296142578,656800
2010-07-23,95.86000061035156,95.93000030517578,95.1500015258789,95.4800033569336,66.17462158203125,799500
2010-07-26,95.44000244140625,95.55000305175781,95.2300033569336,95.44999694824219,66.15388488769531,626300
2010-07-27,95.13999938964844,95.36000061035156,95.0999984741211,95.12000274658203,65.92516326904297,528200
2010-07-28,95.18000030517578,95.61000061035156,95.0999984741211,95.52999877929688,66.20927429199219,933000
2010-07-29,95.48999786376953,95.91999816894531,95.43000030517578,95.7300033569336,66.34788513183594,737300
2010-07-30,96.2300033569336,96.3499984741211,96.02999877929688,96.29000091552734,66.7359848022461,563600
2010-08-02,95.79000091552734,95.91999816894531,95.68000030517578,95.73999786376953,66.5296401977539,1160900
2010-08-03,96.02999877929688,96.26000213623047,95.98999786376953,96.19000244140625,66.84233856201172,911900
2010-08-04,96.1500015258789,96.16999816894531,95.79000091552734,95.79000091552734,66.56439208984375,777600
2010-08-05,96.12000274658203,96.29000091552734,96.02999877929688,96.25,66.8840103149414,817400
2010-08-06,96.68000030517578,96.88999938964844,96.52999877929688,96.87999725341797,67.32183837890625,438400
2010-08-09,96.75,96.87999725341797,96.69999694824219,96.86000061035156,67.30792999267578,464800
2010-08-10,96.80999755859375,97.41999816894531,96.72000122070312,97.3499984741211,67.6484375,641200
2010-08-11,97.69999694824219,97.93000030517578,97.63999938964844,97.9000015258789,68.0306167602539,911200
2010-08-12,97.95999908447266,97.97000122070312,97.55000305175781,97.6500015258789,67.85687255859375,1701100
2010-08-13,97.83999633789062,98.08999633789062,97.77999877929688,98.06999969482422,68.14876556396484,705800
2010-08-16,98.66000366210938,98.80999755859375,98.54000091552734,98.77999877929688,68.64210510253906,1453200
2010-08-17,98.5199966430664,98.54000091552734,98.0999984741211,98.27999877929688,68.29466247558594,774300
2010-08-18,98.54000091552734,98.66000366210938,98.13999938964844,98.18000030517578,68.22515869140625,1148600
2010-08-19,98.1500015258789,98.7699966430664,98.12000274658203,98.62000274658203,68.53091430664062,684100
2010-08-20,98.61000061035156,98.68000030517578,98.25,98.30000305175781,68.30855560302734,306000
2010-08-23,98.26000213623047,98.5,98.16000366210938,98.43000030517578,68.39886474609375,575600
2010-08-24,98.97000122070312,99.38999938964844,98.83999633789062,99.20999908447266,68.94096374511719,973400
2010-08-25,99.47000122070312,99.66000366210938,98.66999816894531,98.76000213623047,68.62821960449219,690100
2010-08-26,98.80999755859375,99.20999908447266,98.70999908447266,99.20999908447266,68.94096374511719,845000
2010-08-27,98.77999877929688,99.12999725341797,97.9000015258789,98.06999969482422,68.14876556396484,1014100
2010-08-30,98.38999938964844,98.83000183105469,98.30999755859375,98.81999969482422,68.66993713378906,463500
2010-08-31,99.22000122070312,99.33999633789062,99.01000213623047,99.26000213623047,68.97567749023438,1276700
2010-09-01,98.63999938964844,98.69000244140625,97.91999816894531,98.30000305175781,68.47897338867188,1268700
2010-09-02,98.06999969482422,98.08999633789062,97.83000183105469,97.88999938964844,68.19339752197266,1273500
2010-09-03,97.12000274658203,97.5,97.08000183105469,97.33000183105469,67.80326080322266,1308300
2010-09-07,97.8499984741211,98.12999725341797,97.7300033569336,98.0999984741211,68.33969116210938,778200
2010-09-08,97.83999633789062,98.0,97.62000274658203,97.83000183105469,68.15153503417969,1124900
2010-09-09,97.38999938964844,97.47000122070312,97.01000213623047,97.05999755859375,67.61511993408203,929300
2010-09-10,96.79000091552734,96.9000015258789,96.58000183105469,96.77999877929688,67.42010498046875,725300
2010-09-13,96.72000122070312,97.30000305175781,96.72000122070312,97.23999786376953,67.74056243896484,1450100
2010-09-14,97.41999816894531,97.79000091552734,97.41000366210938,97.7300033569336,68.0818862915039,590900
2010-09-15,97.5999984741211,97.83000183105469,97.33999633789062,97.38999938964844,67.84501647949219,900600
2010-09-16,97.27999877929688,97.36000061035156,96.86000061035156,97.05000305175781,67.60816955566406,2902900
2010-09-17,97.33999633789062,97.54000091552734,97.16999816894531,97.2699966430664,67.76140594482422,1738600
2010-09-20,97.41999816894531,97.56999969482422,97.20999908447266,97.56999969482422,67.97040557861328,619900
2010-09-21,97.8499984741211,98.48999786376953,97.51000213623047,98.4800033569336,68.60435485839844,1279500
2010-09-22,98.76000213623047,99.0199966430664,98.55999755859375,98.62999725341797,68.70884704589844,978800
2010-09-23,99.13999938964844,99.13999938964844,98.55000305175781,98.7699966430664,68.80640411376953,514000
2010-09-24,98.36000061035156,98.45999908447266,98.23999786376953,98.27999877929688,68.46500396728516,1317500
2010-09-27,98.63999938964844,99.05000305175781,98.63999938964844,99.04000091552734,68.99452209472656,782100
2010-09-28,99.06999969482422,99.5,99.05999755859375,99.37000274658203,69.224365234375,776000
2010-09-29,99.38999938964844,99.44000244140625,99.08000183105469,99.12999725341797,69.05718994140625,820400
2010-09-30,99.05999755859375,99.06999969482422,98.4000015258789,99.01000213623047,68.9736328125,813200
2010-10-01,98.51000213623047,98.94999694824219,98.37999725341797,98.83000183105469,69.01057434082031,846600
2010-10-04,99.02999877929688,99.23999786376953,98.95999908447266,99.18000030517578,69.25499725341797,1260800
2010-10-05,99.23999786376953,99.30000305175781,99.08999633789062,99.19999694824219,69.26898193359375,1092900
2010-10-06,99.87999725341797,100.12000274658203,99.75,99.83999633789062,69.7157974243164,614400
2010-10-07,99.91999816894531,100.05999755859375,99.83000183105469,99.94000244140625,69.78567504882812,534700
2010-10-08,100.19999694824219,100.37999725341797,99.97000122070312,99.9800033569336,69.81363677978516,868200
2010-10-11,100.12000274658203,100.19999694824219,99.95999908447266,100.08000183105469,69.8833999633789,400300
2010-10-12,100.0999984741211,100.26000213623047,99.7300033569336,99.79000091552734,69.68096160888672,991900
2010-10-13,99.4800033569336,99.83000183105469,99.31999969482422,99.79000091552734,69.68096160888672,473800
2010-10-14,99.75,99.80999755859375,99.1500015258789,99.22000122070312,69.28295135498047,955100
2010-10-15,99.08000183105469,99.1500015258789,98.62000274658203,98.79000091552734,68.98265838623047,807100
2010-10-18,99.2300033569336,99.48999786376953,99.08999633789062,99.26000213623047,69.31085205078125,1149600
2010-10-19,99.12999725341797,99.73999786376953,99.11000061035156,99.5999984741211,69.54824829101562,763700
2010-10-20,99.37000274658203,99.76000213623047,99.29000091552734,99.54000091552734,69.50633239746094,615100
2010-10-21,99.37000274658203,99.45999908447266,98.98999786376953,98.98999786376953,69.122314453125,594300
2010-10-22,98.87999725341797,99.11000061035156,98.87000274658203,99.0199966430664,69.14323425292969,643600
2010-10-25,99.4000015258789,99.5,98.94999694824219,98.98999786376953,69.122314453125,1436800
2010-10-26,98.66999816894531,98.72000122070312,98.33000183105469,98.33000183105469,68.66146087646484,831800
2010-10-27,98.12000274658203,98.19000244140625,97.75,97.76000213623047,68.26346588134766,1223500
2010-10-28,98.12999725341797,98.41999816894531,98.08000183105469,98.33000183105469,68.66146087646484,738700
2010-10-29,98.54000091552734,98.83999633789062,98.48999786376953,98.7699966430664,68.96871185302734,768600
2010-11-01,98.83999633789062,98.83999633789062,98.30000305175781,98.37000274658203,68.85322570800781,1042700
2010-11-02,98.62000274658203,98.7300033569336,98.55999755859375,98.69999694824219,69.08423614501953,356700
2010-11-03,99.02999877929688,99.19000244140625,98.41999816894531,99.0199966430664,69.30816650390625,912000
2010-11-04,99.5999984741211,99.94999694824219,99.5999984741211,99.81999969482422,69.86811828613281,1092500
2010-11-05,99.68000030517578,99.8499984741211,99.4000015258789,99.4000015258789,69.57414245605469,1108100
2010-11-08,99.55000305175781,99.66999816894531,99.31999969482422,99.43000030517578,69.59518432617188,469400
2010-11-09,99.43000030517578,99.4800033569336,98.55999755859375,98.58999633789062,69.0071792602539,744600
2010-11-10,98.6500015258789,99.04000091552734,98.05999755859375,98.95999908447266,69.26615142822266,1298900
2010-11-11,99.0199966430664,99.06999969482422,98.58000183105469,98.8499984741211,69.18920135498047,403500
2010-11-12,98.61000061035156,98.80000305175781,98.0199966430664,98.02999877929688,68.6152114868164,2041400
2010-11-15,97.45999908447266,97.7300033569336,96.76000213623047,96.7699966430664,67.73328399658203,1174200
2010-11-16,97.19999694824219,97.54000091552734,96.6500015258789,97.48999786376953,68.23722076416016,954600
2010-11-17,97.5199966430664,97.7699966430664,97.08999633789062,97.20999908447266,68.04130554199219,580200
2010-11-18,96.95999908447266,97.05000305175781,96.5999984741211,96.9800033569336,67.88023376464844,2968200
2010-11-19,96.97000122070312,97.19000244140625,96.91999816894531,97.18000030517578,68.02027893066406,530600
2010-11-22,97.4800033569336,97.70999908447266,97.37000274658203,97.69999694824219,68.38423156738281,495400
2010-11-23,98.08999633789062,98.2300033569336,97.79000091552734,97.9000015258789,68.52422332763672,659400
2010-11-24,97.48999786376953,97.54000091552734,96.77999877929688,96.8499984741211,67.78931427001953,1112700
2010-11-26,97.11000061035156,97.27999877929688,97.0199966430664,97.2699966430664,68.08324432373047,210100
2010-11-29,97.55000305175781,97.61000061035156,97.30000305175781,97.4800033569336,68.23029327392578,527800
2010-11-30,98.01000213623047,98.02999877929688,97.55999755859375,97.6500015258789,68.34928894042969,874200
2010-12-01,96.41000366210938,96.68000030517578,96.08000183105469,96.12999725341797,67.45042419433594,1967700
2010-12-02,96.06999969482422,96.3499984741211,95.87000274658203,95.88999938964844,67.28205871582031,983500
2010-12-03,96.5,96.54000091552734,95.80000305175781,95.9000015258789,67.28904724121094,374500
2010-12-06,96.36000061035156,96.51000213623047,96.16999816894531,96.5,67.71004486083984,902000
2010-12-07,95.6500015258789,95.73999786376953,94.66999816894531,94.9000015258789,66.58732604980469,1335700
2010-12-08,94.25,94.29000091552734,93.43000030517578,94.08999633789062,66.01902770996094,2155300
2010-12-09,94.33000183105469,94.51000213623047,93.9000015258789,94.29000091552734,66.15937805175781,1664700
2010-12-10,93.9800033569336,94.08999633789062,93.48999786376953,93.48999786376953,65.59801483154297,1002400
2010-12-13,93.3499984741211,94.05999755859375,93.20999908447266,93.79000091552734,65.80854034423828,1323400
2010-12-14,93.4000015258789,93.62000274658203,92.5,92.80000305175781,65.11392211914062,1878500
2010-12-15,93.04000091552734,93.20999908447266,92.0999984741211,92.41999816894531,64.84730529785156,1871900
2010-12-16,92.45999908447266,92.98999786376953,92.05999755859375,92.97000122070312,65.2331771850586,1351000
2010-12-17,93.19999694824219,93.87000274658203,93.12000274658203,93.7699966430664,65.7944564819336,1361700
2010-12-20,94.12000274658203,94.36000061035156,93.55000305175781,93.76000213623047,65.78750610351562,804000
2010-12-21,93.91999816894531,93.97000122070312,93.47000122070312,93.95999908447266,65.9278564453125,848500
2010-12-22,93.91000366210938,93.94999694824219,93.56999969482422,93.69999694824219,65.74537658691406,308900
2010-12-23,93.54000091552734,93.54000091552734,93.23999786376953,93.37000274658203,65.51383209228516,540600
2010-12-27,93.37000274658203,93.7699966430664,93.12000274658203,93.7300033569336,65.76644134521484,407100
2010-12-28,93.31999969482422,93.37000274658203,92.5,92.5,65.07561492919922,955200
2010-12-29,92.61000061035156,93.69999694824219,92.47000122070312,93.54000091552734,65.8072738647461,1362200
2010-12-30,93.36000061035156,93.48999786376953,93.04000091552734,93.3499984741211,65.6735610961914,529800
2010-12-31,93.43000030517578,94.1500015258789,93.41000366210938,93.81999969482422,66.00425720214844,674300
2011-01-03,93.19000244140625,93.79000091552734,93.04000091552734,93.52999877929688,65.80018615722656,1396100
2011-01-04,93.6500015258789,93.87999725341797,93.4800033569336,93.75,65.95496368408203,1234100
2011-01-05,93.05999755859375,93.16999816894531,92.55000305175781,92.73999786376953,65.24444580078125,1111900
2011-01-06,93.01000213623047,93.29000091552734,92.83999633789062,93.22000122070312,65.58207702636719,1452400
2011-01-07,93.30000305175781,94.01000213623047,93.18000030517578,93.83999633789062,66.0182876586914,736500
2011-01-10,94.01000213623047,94.16000366210938,93.81999969482422,94.16000366210938,66.24345397949219,1096400
2011-01-11,94.04000091552734,94.04000091552734,93.55999755859375,93.79000091552734,65.98314666748047,760400
2011-01-12,93.41000366210938,93.69000244140625,93.23999786376953,93.5199966430664,65.79312896728516,753000
2011-01-13,93.48999786376953,94.1500015258789,93.45999908447266,94.1500015258789,66.23641204833984,1051500
2011-01-14,94.33000183105469,94.43000030517578,93.86000061035156,93.88999938964844,66.0534896850586,734500
2011-01-18,93.68000030517578,93.83999633789062,93.33999633789062,93.66000366210938,65.89170837402344,1063800
2011-01-19,93.62000274658203,93.97000122070312,93.61000061035156,93.9000015258789,66.06049346923828,732200
2011-01-20,93.48999786376953,93.55999755859375,92.94000244140625,93.16999816894531,65.54693603515625,697000
2011-01-21,93.0999984741211,93.4800033569336,92.9800033569336,93.4800033569336,65.76507568359375,523900
2011-01-24,93.5199966430664,93.66000366210938,93.43000030517578,93.48999786376953,65.77204895019531,497800
2011-01-25,93.66999816894531,94.18000030517578,93.41000366210938,93.95999908447266,66.1027603149414,1126500
2011-01-26,93.76000213623047,93.7699966430664,93.30000305175781,93.38999938964844,65.70172119140625,869900
2011-01-27,93.47000122070312,93.80000305175781,93.26000213623047,93.73999786376953,65.94795989990234,531500
2011-01-28,93.51000213623047,94.31999969482422,93.48999786376953,94.16999816894531,66.25045776367188,1056600
2011-01-31,94.06999969482422,94.20999908447266,93.69000244140625,93.80000305175781,65.99016571044922,555100
2011-02-01,93.25,93.36000061035156,93.0199966430664,93.12999725341797,65.68334197998047,1009200
2011-02-02,93.37000274658203,93.41999816894531,92.76000213623047,92.91000366210938,65.52822875976562,1120000
2011-02-03,92.58999633789062,92.7699966430664,92.33999633789062,92.37999725341797,65.1544189453125,1310900
2011-02-04,92.13999938964844,92.2699966430664,91.6500015258789,91.80999755859375,64.7524185180664,1523900
2011-02-07,91.56999969482422,91.80000305175781,91.45999908447266,91.7699966430664,64.72412872314453,850700
2011-02-08,91.69999694824219,91.77999877929688,91.06999969482422,91.13999938964844,64.27983856201172,997200
2011-02-09,91.31999969482422,91.8499984741211,91.0999984741211,91.66000366210938,64.64659118652344,786000
2011-02-10,91.55999755859375,91.69999694824219,91.27999877929688,91.36000061035156,64.43502044677734,617000
2011-02-11,91.76000213623047,92.0199966430664,91.5999984741211,91.77999877929688,64.73123931884766,1492700
2011-02-14,91.6500015258789,92.0199966430664,91.6500015258789,91.80999755859375,64.7524185180664,1311100
2011-02-15,91.77999877929688,92.04000091552734,91.75,92.0199966430664,64.9004898071289,603700
2011-02-16,91.91999816894531,92.16000366210938,91.68000030517578,91.88999938964844,64.80882263183594,620100
2011-02-17,92.23999786376953,92.37999725341797,92.11000061035156,92.2300033569336,65.0486068725586,776500
2011-02-18,91.98999786376953,92.22000122070312,91.86000061035156,92.20999908447266,65.03450775146484,418400
2011-02-22,92.5199966430664,93.11000061035156,92.47000122070312,93.0999984741211,65.6622085571289,1383500
2011-02-23,93.08000183105469,93.25,92.80000305175781,92.87000274658203,65.5,651700
2011-02-24,93.1500015258789,93.3499984741211,93.0,93.11000061035156,65.66923522949219,508800
2011-02-25,93.08000183105469,93.41000366210938,93.08000183105469,93.41000366210938,65.88084411621094,571900
2011-02-28,93.41999816894531,93.48999786376953,93.33000183105469,93.37000274658203,65.85261535644531,372400
2011-03-01,92.7300033569336,93.30000305175781,92.69000244140625,93.26000213623047,65.92754364013672,530800
2011-03-02,93.0999984741211,93.29000091552734,92.7699966430664,92.7699966430664,65.58114624023438,425400
2011-03-03,92.44999694824219,92.5,92.12000274658203,92.13999938964844,65.13581848144531,616800
2011-03-04,92.36000061035156,92.81999969482422,92.33000183105469,92.80000305175781,65.6023941040039,637300
2011-03-07,92.41000366210938,92.9000015258789,92.36000061035156,92.56999969482422,65.43978881835938,489600
2011-03-08,92.5199966430664,92.62000274658203,92.33999633789062,92.3499984741211,65.28427124023438,538100
2011-03-09,92.55999755859375,93.05999755859375,92.44000244140625,92.88999938964844,65.66596984863281,626000
2011-03-10,93.13999938964844,93.68000030517578,93.0,93.68000030517578,66.22445678710938,1576500
2011-03-11,93.69000244140625,93.7300033569336,93.33000183105469,93.45999908447266,66.06895446777344,690300
2011-03-14,93.73999786376953,93.9800033569336,93.66999816894531,93.66999816894531,66.2174301147461,806200
2011-03-15,94.52999877929688,94.66000366210938,93.97000122070312,94.01000213623047,66.45777130126953,1661100
2011-03-16,94.4800033569336,95.29000091552734,94.31999969482422,94.80999755859375,67.02327728271484,1588800
2011-03-17,94.52999877929688,94.72000122070312,94.26000213623047,94.5199966430664,66.81828308105469,639900
2011-03-18,94.2300033569336,94.5199966430664,94.19999694824219,94.45999908447266,66.77587127685547,1513200
2011-03-21,94.1500015258789,94.18000030517578,93.73999786376953,93.97000122070312,66.42951202392578,1029000
2011-03-22,93.80000305175781,94.02999877929688,93.77999877929688,94.0199966430664,66.46483612060547,573500
2011-03-23,94.29000091552734,94.33000183105469,93.77999877929688,93.9000015258789,66.37999725341797,696900
2011-03-24,93.62999725341797,93.76000213623047,93.37999725341797,93.41999816894531,66.04067993164062,1098100
2011-03-25,93.58000183105469,93.62000274658203,93.0999984741211,93.16999816894531,65.86390686035156,782400
2011-03-28,93.04000091552734,93.27999877929688,92.94999694824219,93.19999694824219,65.88513946533203,634900
2011-03-29,93.08999633789062,93.33000183105469,92.80000305175781,92.93000030517578,65.69428253173828,1047300
2011-03-30,92.94999694824219,93.27999877929688,92.91999816894531,93.25,65.9205093383789,773500
2011-03-31,93.41000366210938,93.44000244140625,92.97000122070312,93.01000213623047,65.75084686279297,1093100
2011-04-01,92.54000091552734,92.95999908447266,92.51000213623047,92.95999908447266,65.89116668701172,1062700
2011-04-04,93.08999633789062,93.30999755859375,93.0199966430664,93.16999816894531,66.04000091552734,886100
2011-04-05,93.02999877929688,93.08999633789062,92.61000061035156,92.69999694824219,65.70685577392578,777000
2011-04-06,92.58000183105469,92.58000183105469,92.26000213623047,92.30000305175781,65.42340087890625,857500
2011-04-07,92.31999969482422,92.4800033569336,92.12000274658203,92.30999755859375,65.43047332763672,743800
2011-04-08,92.01000213623047,92.20999908447266,91.94000244140625,92.04000091552734,65.23905944824219,595100
2011-04-11,92.06999969482422,92.2699966430664,91.95999908447266,92.16000366210938,65.32414245605469,364200
2011-04-12,92.55000305175781,92.87000274658203,92.52999877929688,92.68000030517578,65.69274139404297,1055400
2011-04-13,92.48999786376953,93.04000091552734,92.45999908447266,93.04000091552734,65.9478988647461,678700
2011-04-14,93.19000244140625,93.19000244140625,92.7300033569336,92.7300033569336,65.72814178466797,1036300
2011-04-15,93.2699966430664,93.44999694824219,93.1500015258789,93.41000366210938,66.2101058959961,881400
2011-04-18,93.33999633789062,93.75,93.13999938964844,93.63999938964844,66.37317657470703,902400
2011-04-19,93.62999725341797,93.8499984741211,93.5999984741211,93.76000213623047,66.45818328857422,532000
2011-04-20,93.62999725341797,93.6500015258789,93.36000061035156,93.38999938964844,66.1958999633789,708200
2011-04-21,93.47000122070312,93.69000244140625,93.43000030517578,93.45999908447266,66.24562072753906,670600
2011-04-25,93.56999969482422,93.81999969482422,93.5199966430664,93.79000091552734,66.4794692993164,826200
2011-04-26,93.9000015258789,94.19000244140625,93.8499984741211,94.19000244140625,66.7629623413086,519700
2011-04-27,93.87000274658203,93.97000122070312,93.66000366210938,93.91999816894531,66.57162475585938,1379500
2011-04-28,94.18000030517578,94.3499984741211,94.0,94.27999877929688,66.82685852050781,975600
2011-04-29,94.1500015258789,94.4800033569336,94.11000061035156,94.47000122070312,66.96147918701172,436000
2011-05-02,94.13999938964844,94.38999938964844,94.08000183105469,94.19999694824219,66.94085693359375,632300
2011-05-03,94.41000366210938,94.5,94.2699966430664,94.44999694824219,67.1185302734375,1660700
2011-05-04,94.45999908447266,94.77999877929688,94.45999908447266,94.69000244140625,67.28907012939453,1169500
2011-05-05,94.9000015258789,95.19000244140625,94.8499984741211,95.16000366210938,67.62309265136719,898400
2011-05-06,94.7699966430664,95.38999938964844,94.72000122070312,95.20999908447266,67.65858459472656,1034800
2011-05-09,95.2300033569336,95.38999938964844,95.20999908447266,95.3499984741211,67.75806427001953,559600
2011-05-10,95.13999938964844,95.19999694824219,94.86000061035156,94.88999938964844,67.43122863769531,661600
2011-05-11,94.8499984741211,95.2699966430664,94.76000213623047,95.2300033569336,67.6728286743164,611100
2011-05-12,95.26000213623047,95.3499984741211,94.87999725341797,95.0199966430664,67.52352142333984,652000
2011-05-13,95.2699966430664,95.70999908447266,95.2300033569336,95.38999938964844,67.78650665283203,494100
2011-05-16,95.41999816894531,95.63999938964844,95.26000213623047,95.62000274658203,67.9499282836914,590800
2011-05-17,95.83000183105469,95.97000122070312,95.70999908447266,95.9000015258789,68.14895629882812,986400
2011-05-18,95.80000305175781,95.83000183105469,95.3499984741211,95.3499984741211,67.75806427001953,790700
2011-05-19,94.98999786376953,95.48999786376953,94.94999694824219,95.44999694824219,67.82914733886719,718000
2011-05-20,95.44999694824219,95.70999908447266,95.44000244140625,95.68000030517578,67.9925765991211,669600
2011-05-23,96.05999755859375,96.08999633789062,95.76000213623047,95.80999755859375,68.0849838256836,928000
2011-05-24,95.69000244140625,95.9800033569336,95.63999938964844,95.91000366210938,68.15603637695312,639300
2011-05-25,96.0199966430664,96.08000183105469,95.80000305175781,95.91999816894531,68.16314697265625,1345600
2011-05-26,96.05000305175781,96.44999694824219,96.0199966430664,96.44999694824219,68.53975677490234,806200
2011-05-27,96.33999633789062,96.51000213623047,96.30999755859375,96.44000244140625,68.53265380859375,943800
2011-05-31,96.2699966430664,96.62999725341797,96.22000122070312,96.58999633789062,68.63927459716797,2917900
2011-06-01,96.69999694824219,97.16999816894531,96.66000366210938,97.13999938964844,69.20496368408203,2997200
2011-06-02,96.75,97.0,96.55000305175781,96.55999755859375,68.79176330566406,1744400
2011-06-03,97.19000244140625,97.19000244140625,96.68000030517578,96.94000244140625,69.0624771118164,1531200
2011-06-06,96.70999908447266,96.97000122070312,96.62999725341797,96.87999725341797,69.01972198486328,1106900
2011-06-07,96.68000030517578,97.08000183105469,96.51000213623047,97.05999755859375,69.14797973632812,1710300
2011-06-08,97.12000274658203,97.41000366210938,97.08000183105469,97.2699966430664,69.29756164550781,1471600
2011-06-09,97.30000305175781,97.37999725341797,96.77999877929688,96.87999725341797,69.01972198486328,1016900
2011-06-10,97.11000061035156,97.37999725341797,97.0999984741211,97.19000244140625,69.24055480957031,1020500
2011-06-13,96.95999908447266,97.31999969482422,96.9000015258789,96.9800033569336,69.09091186523438,1009900
2011-06-14,96.47000122070312,96.55000305175781,96.19999694824219,96.20999908447266,68.54240417480469,2088800
2011-06-15,96.44999694824219,97.26000213623047,96.44999694824219,97.25,69.28334045410156,1352300
2011-06-16,97.37999725341797,97.66999816894531,97.22000122070312,97.5199966430664,69.47567749023438,1958400
2011-06-17,97.30999755859375,97.51000213623047,97.23999786376953,97.44999694824219,69.42576599121094,998000
2011-06-20,97.58000183105469,97.58000183105469,97.16000366210938,97.30000305175781,69.31893157958984,774100
2011-06-21,97.2300033569336,97.33000183105469,97.0,97.16999816894531,69.22631072998047,1064900
2011-06-22,97.38999938964844,97.44999694824219,96.98999786376953,97.12999725341797,69.19778442382812,1119300
2011-06-23,97.55999755859375,97.87000274658203,97.55999755859375,97.63999938964844,69.5611572265625,1264700
2011-06-24,97.69000244140625,98.19000244140625,97.66999816894531,98.05000305175781,69.85325622558594,997200
2011-06-27,98.12999725341797,98.1500015258789,97.62000274658203,97.66999816894531,69.58253479003906,1185700
2011-06-28,97.5199966430664,97.55000305175781,96.58999633789062,96.7699966430664,68.94132995605469,1315300
2011-06-29,96.58000183105469,96.66999816894531,96.12999725341797,96.19000244140625,68.52816772460938,1376300
2011-06-30,96.4000015258789,96.41000366210938,95.5199966430664,95.86000061035156,68.29302215576172,1948200
2011-07-01,95.76000213623047,95.80000305175781,95.25,95.38999938964844,68.12234497070312,1921800
2011-07-05,95.79000091552734,96.0199966430664,95.73999786376953,95.98999786376953,68.55082702636719,2896800
2011-07-06,96.2300033569336,96.4000015258789,96.08000183105469,96.16000366210938,68.67225646972656,1234900
2011-07-07,95.83000183105469,95.86000061035156,95.6500015258789,95.79000091552734,68.40802764892578,1289100
2011-07-08,96.58000183105469,96.9000015258789,96.54000091552734,96.80999755859375,69.13646697998047,1278100
2011-07-11,97.25,97.55999755859375,97.12999725341797,97.55000305175781,69.66493225097656,1158800
2011-07-12,97.69000244140625,97.72000122070312,97.36000061035156,97.69000244140625,69.76488494873047,1205400
2011-07-13,97.48999786376953,97.86000061035156,97.30000305175781,97.8499984741211,69.87914276123047,1247900
2011-07-14,97.48999786376953,97.72000122070312,97.27999877929688,97.29000091552734,69.47920989990234,959000
2011-07-15,97.1500015258789,97.73999786376953,97.12999725341797,97.69000244140625,69.76488494873047,874200
2011-07-18,97.77999877929688,97.9000015258789,97.55999755859375,97.62999725341797,69.72206115722656,883600
2011-07-19,97.52999877929688,98.0,97.44000244140625,98.0,69.98623657226562,1211400
2011-07-20,97.70999908447266,97.77999877929688,97.47000122070312,97.5199966430664,69.64350128173828,752900
2011-07-21,97.29000091552734,97.4000015258789,96.79000091552734,96.9800033569336,69.25782775878906,1211000
2011-07-22,97.19000244140625,97.36000061035156,97.13999938964844,97.3499984741211,69.52207946777344,813700
2011-07-25,97.0,97.5199966430664,96.91999816894531,97.04000091552734,69.30065155029297,1541700
2011-07-26,97.19000244140625,97.56999969482422,97.1500015258789,97.44999694824219,69.59346008300781,655600
2011-07-27,97.30999755859375,97.54000091552734,97.06999969482422,97.29000091552734,69.47920989990234,1066600
2011-07-28,97.58999633789062,97.63999938964844,97.4000015258789,97.4800033569336,69.6149673461914,671500
2011-07-29,98.02999877929688,98.79000091552734,98.0,98.66000366210938,70.45758819580078,1602200
2011-08-01,98.30999755859375,98.98999786376953,98.30000305175781,98.77999877929688,70.71389770507812,2389600
2011-08-02,99.12000274658203,99.79000091552734,98.94000244140625,99.69000244140625,71.36532592773438,2287600
2011-08-03,99.69000244140625,100.12999725341797,99.58999633789062,99.7699966430664,71.42257690429688,1922600
2011-08-04,99.91000366210938,101.11000061035156,99.87000274658203,101.08999633789062,72.36756134033203,2813700
2011-08-05,100.30000305175781,100.9000015258789,99.79000091552734,99.91999816894531,71.52998352050781,3041500
2011-08-08,100.61000061035156,101.63999938964844,100.54000091552734,101.51000213623047,72.66820526123047,5178100
2011-08-09,101.20999908447266,103.76000213623047,101.0,102.0999984741211,73.09060668945312,3768400
2011-08-10,102.8499984741211,103.69000244140625,102.4800033569336,103.44999694824219,74.05701446533203,2768900
2011-08-11,102.7699966430664,103.02999877929688,101.66999816894531,101.93000030517578,72.96892547607422,2344700
2011-08-12,102.25,102.69000244140625,102.12999725341797,102.63999938964844,73.47708129882812,1176300
2011-08-15,102.52999877929688,102.72000122070312,102.25,102.26000213623047,73.2051010131836,986300
2011-08-16,102.30999755859375,103.02999877929688,102.29000091552734,102.7300033569336,73.54154968261719,2025400
2011-08-17,102.91000366210938,103.44999694824219,102.62000274658203,103.44999694824219,74.05701446533203,826200
2011-08-18,104.13999938964844,104.72000122070312,103.75,103.98999786376953,74.4435806274414,2211800
2011-08-19,103.97000122070312,104.0999984741211,103.62000274658203,104.0999984741211,74.5223388671875,683200
2011-08-22,103.63999938964844,103.94999694824219,103.58000183105469,103.91000366210938,74.38631439208984,913600
2011-08-23,103.5999984741211,104.12999725341797,103.45999908447266,103.48999786376953,74.08564758300781,1414200
2011-08-24,103.33000183105469,103.3499984741211,102.37999725341797,102.37999725341797,73.29104614257812,1089800
2011-08-25,102.6500015258789,103.12000274658203,102.55999755859375,103.01000213623047,73.7420425415039,1391200
2011-08-26,103.47000122070312,103.7699966430664,103.0199966430664,103.33999633789062,73.97830200195312,1080300
2011-08-29,102.52999877929688,102.8499984741211,102.52999877929688,102.66000366210938,73.49146270751953,1106000
2011-08-30,103.19000244140625,103.58000183105469,103.16000366210938,103.37000274658203,73.999755859375,693800
2011-08-31,103.61000061035156,103.62000274658203,102.9800033569336,103.0,73.73490142822266,1069300
2011-09-01,103.05000305175781,103.5999984741211,102.5,103.58999633789062,74.32242584228516,1566800
2011-09-02,104.25,104.66000366210938,104.01000213623047,104.54000091552734,75.0040283203125,1137900
2011-09-06,105.01000213623047,105.05999755859375,104.58000183105469,104.68000030517578,75.10454559326172,1200500
2011-09-07,104.2699966430664,104.48999786376953,104.04000091552734,104.12000274658203,74.70274353027344,945800
2011-09-08,104.44999694824219,104.66000366210938,104.19000244140625,104.62999725341797,75.06868743896484,935700
2011-09-09,104.81999969482422,105.29000091552734,104.73999786376953,105.13999938964844,75.4345474243164,1014200
2011-09-12,105.04000091552734,105.18000030517578,104.80000305175781,104.81999969482422,75.20494842529297,2177800
2011-09-13,104.70999908447266,104.80999755859375,104.41999816894531,104.51000213623047,74.9825210571289,932600
2011-09-14,104.51000213623047,104.80999755859375,104.30000305175781,104.56999969482422,75.02560424804688,1214000
2011-09-15,103.79000091552734,103.9800033569336,103.5999984741211,103.79000091552734,74.46598815917969,1037900
2011-09-16,103.58999633789062,104.0199966430664,103.55000305175781,103.98999786376953,74.6094741821289,699000
2011-09-19,104.76000213623047,105.02999877929688,104.69999694824219,104.83999633789062,75.21934509277344,896500
2011-09-20,104.81999969482422,104.9800033569336,104.70999908447266,104.9800033569336,75.31974029541016,1005000
2011-09-21,104.94000244140625,105.56999969482422,104.79000091552734,105.43000030517578,75.64266204833984,929500
2011-09-22,106.30999755859375,106.66000366210938,106.0,106.41000366210938,76.34575653076172,3436500
2011-09-23,106.3499984741211,106.44000244140625,105.5199966430664,105.52999877929688,75.7143783569336,1764700
2011-09-26,105.33999633789062,105.5,105.0,105.08999633789062,75.39864349365234,1214800
2011-09-27,104.33000183105469,104.51000213623047,104.16999816894531,104.38999938964844,74.89645385742188,1159700
2011-09-28,104.30999755859375,104.41000366210938,103.80000305175781,104.41000366210938,74.91078186035156,1270500
2011-09-29,104.2300033569336,104.69999694824219,104.0999984741211,104.41000366210938,74.91078186035156,1096000
2011-09-30,105.06999969482422,105.16999816894531,104.69999694824219,105.06999969482422,75.38432312011719,1604500
2011-10-03,105.08000183105469,105.83000183105469,104.97000122070312,105.83000183105469,76.08238220214844,2105600
2011-10-04,106.05999755859375,106.26000213623047,105.29000091552734,105.29000091552734,75.69418334960938,2056100
2011-10-05,105.18000030517578,105.23999786376953,104.76000213623047,104.8499984741211,75.37788391113281,1174300
2011-10-06,104.58000183105469,104.70999908447266,104.08999633789062,104.12000274658203,74.8530502319336,1336400
2011-10-07,103.58000183105469,103.87999725341797,103.25,103.58000183105469,74.4648208618164,2276300
2011-10-10,102.69000244140625,102.93000030517578,102.12999725341797,102.48999786376953,73.68122100830078,803900
2011-10-11,102.9800033569336,103.06999969482422,102.72000122070312,102.83000183105469,73.9256591796875,978400
2011-10-12,102.41000366210938,102.6500015258789,102.05000305175781,102.4800033569336,73.67399597167969,2324400
2011-10-13,102.80000305175781,103.23999786376953,102.69999694824219,102.88999938964844,73.9687728881836,1474100
2011-10-14,102.36000061035156,102.58999633789062,102.2300033569336,102.37999725341797,73.60216522216797,703100
2011-10-17,102.55999755859375,103.08000183105469,102.55999755859375,103.05000305175781,74.08380126953125,1274600
2011-10-18,103.16000366210938,103.44999694824219,102.70999908447266,102.94000244140625,74.00476837158203,912600
2011-10-19,102.80999755859375,103.29000091552734,102.73999786376953,103.0999984741211,74.11978912353516,733400
2011-10-20,102.97000122070312,103.44999694824219,102.61000061035156,102.88999938964844,73.9687728881836,700200
2011-10-21,102.80000305175781,102.98999786376953,102.5199966430664,102.69999694824219,73.83222961425781,1276000
2011-10-24,102.76000213623047,102.80999755859375,102.52999877929688,102.6500015258789,73.79627227783203,1381500
2011-10-25,102.55999755859375,103.56999969482422,102.55000305175781,103.52999877929688,74.42888641357422,1020200
2011-10-26,103.23999786376953,103.48999786376953,102.75,102.7699966430664,73.88257598876953,989900
2011-10-27,102.13999938964844,102.31999969482422,101.36000061035156,101.52999877929688,72.9910888671875,1636600
2011-10-28,101.9000015258789,102.2699966430664,101.87999725341797,102.13999938964844,73.4295883178711,936300
2011-10-31,102.79000091552734,103.51000213623047,102.73999786376953,103.51000213623047,74.41452026367188,1182700
2011-11-01,104.2300033569336,104.58000183105469,103.86000061035156,104.54000091552734,75.30699920654297,2251700
2011-11-02,103.9000015258789,104.4000015258789,103.81999969482422,104.29000091552734,75.12696838378906,1088000
2011-11-03,103.80000305175781,104.16999816894531,103.70999908447266,103.80000305175781,74.77400970458984,739700
2011-11-04,103.81999969482422,104.20999908447266,103.76000213623047,104.11000061035156,74.99730682373047,735400
2011-11-07,104.05000305175781,104.6500015258789,103.97000122070312,104.2300033569336,75.0837631225586,844100
2011-11-08,104.11000061035156,104.4000015258789,103.69000244140625,103.76000213623047,74.74519348144531,418300
2011-11-09,104.62999725341797,104.88999938964844,103.7699966430664,104.68000030517578,75.40789031982422,760300
2011-11-10,104.25,104.52999877929688,103.83999633789062,104.16999816894531,75.0405044555664,664200
2011-11-11,103.88999938964844,103.91000366210938,103.58000183105469,103.69000244140625,74.6947250366211,323600
2011-11-14,104.08000183105469,104.41000366210938,104.02999877929688,104.33999633789062,75.16294860839844,586500
2011-11-15,104.4000015258789,104.66999816894531,104.08999633789062,104.19999694824219,75.06216430664062,480100
2011-11-16,104.51000213623047,104.5999984741211,104.23999786376953,104.58000183105469,75.33582305908203,335200
2011-11-17,104.41000366210938,105.01000213623047,104.33000183105469,104.79000091552734,75.48712921142578,805500
2011-11-18,104.61000061035156,104.70999908447266,104.25,104.4000015258789,75.20619201660156,1883100
2011-11-21,104.75,104.91000366210938,104.63999938964844,104.69000244140625,75.4151382446289,692300
2011-11-22,104.79000091552734,105.02999877929688,104.55999755859375,105.01000213623047,75.64562225341797,2619500
2011-11-23,104.77999877929688,105.43000030517578,104.70999908447266,105.37000274658203,75.90496063232422,2189500
2011-11-25,104.9800033569336,104.9800033569336,104.68000030517578,104.69999694824219,75.42229461669922,466700
2011-11-28,103.95999908447266,104.83999633789062,103.91999816894531,104.70999908447266,75.42955017089844,1286600
2011-11-29,104.38999938964844,104.76000213623047,104.12999725341797,104.51000213623047,75.2854232788086,602100
2011-11-30,104.02999877929688,104.19999694824219,103.80999755859375,103.9000015258789,74.84600830078125,962800
2011-12-01,103.5,103.87999725341797,103.29000091552734,103.66999816894531,74.82438659667969,1027100
2011-12-02,103.48999786376953,104.16999816894531,103.47000122070312,104.12999725341797,75.15637969970703,892400
2011-12-05,103.56999969482422,104.20999908447266,103.56999969482422,104.06999969482422,75.11311340332031,979100
2011-12-06,103.7699966430664,104.0199966430664,103.6500015258789,103.80000305175781,74.91822814941406,543000
2011-12-07,104.01000213623047,104.3499984741211,103.91000366210938,104.2699966430664,75.25740051269531,739300
2011-12-08,104.2300033569336,104.80999755859375,104.12000274658203,104.80000305175781,75.63992309570312,658200
2011-12-09,104.70999908447266,104.7699966430664,104.08000183105469,104.08000183105469,75.12029266357422,961100
2011-12-12,104.47000122070312,104.68000030517578,104.37000274658203,104.44000244140625,75.380126953125,1068900
2011-12-13,104.23999786376953,105.01000213623047,104.1500015258789,104.91999816894531,75.72654724121094,512500
2011-12-14,105.0199966430664,105.37999725341797,104.91000366210938,105.36000061035156,76.04413604736328,760100
2011-12-15,105.05000305175781,105.37000274658203,105.02999877929688,105.2699966430664,75.97915649414062,968900
2011-12-16,105.43000030517578,105.9000015258789,105.43000030517578,105.77999877929688,76.34732055664062,748700
2011-12-19,105.75,106.18000030517578,105.68000030517578,106.13999938964844,76.6070556640625,1126600
2011-12-20,105.69999694824219,105.69999694824219,105.18000030517578,105.18000030517578,75.91415405273438,1365000
2011-12-21,105.31999969482422,105.37000274658203,104.83000183105469,104.83999633789062,75.6688232421875,479000
2011-12-22,105.1500015258789,105.31999969482422,104.94000244140625,104.97000122070312,75.76264190673828,731900
2011-12-23,104.72000122070312,104.77999877929688,104.37999725341797,104.54000091552734,75.45223999023438,435500
2011-12-27,104.43000030517578,104.44000244140625,104.25,104.41000366210938,75.49496459960938,616500
2011-12-28,104.58000183105469,105.18000030517578,104.54000091552734,105.06999969482422,75.97216796875,919900
2011-12-29,105.02999877929688,105.31999969482422,104.91000366210938,105.19999694824219,76.0661849975586,556000
2011-12-30,105.33000183105469,106.04000091552734,105.27999877929688,105.56999969482422,76.33369445800781,1230000
2012-01-03,104.9000015258789,105.19000244140625,104.7699966430664,104.9000015258789,75.84928894042969,1297700
2012-01-04,104.88999938964844,104.93000030517578,104.44999694824219,104.56999969482422,75.61064147949219,1789000
2012-01-05,104.66000366210938,105.01000213623047,104.5199966430664,104.58999633789062,75.62509155273438,1311300
2012-01-06,104.72000122070312,105.05999755859375,104.72000122070312,105.0,75.92156219482422,998200
2012-01-09,104.94000244140625,105.2699966430664,104.9000015258789,105.0199966430664,75.93601989746094,379900
2012-01-10,104.73999786376953,105.01000213623047,104.69000244140625,104.80999755859375,75.7841796875,1636100
2012-01-11,105.08000183105469,105.44999694824219,105.08000183105469,105.41999816894531,76.22525787353516,931600
2012-01-12,105.36000061035156,105.41000366210938,105.08999633789062,105.19999694824219,76.0661849975586,685000
2012-01-13,105.69999694824219,105.91000366210938,105.63999938964844,105.66999816894531,76.40605926513672,554000
2012-01-17,105.62000274658203,105.83000183105469,105.5999984741211,105.7699966430664,76.47830963134766,1158100
2012-01-18,105.91999816894531,105.91999816894531,105.38999938964844,105.44000244140625,76.23971557617188,455200
2012-01-19,105.2300033569336,105.30000305175781,104.69000244140625,104.80999755859375,75.7841796875,1587200
2012-01-20,104.61000061035156,104.77999877929688,104.41999816894531,104.44999694824219,75.52388763427734,650600
2012-01-23,104.13999938964844,104.31999969482422,104.0,104.22000122070312,75.3575439453125,734000
2012-01-24,104.33999633789062,104.33999633789062,104.05000305175781,104.33999633789062,75.44434356689453,1388100
2012-01-25,104.27999877929688,105.44000244140625,104.2300033569336,104.83999633789062,75.80587005615234,1149200
2012-01-26,105.12000274658203,105.45999908447266,105.12000274658203,105.4000015258789,76.21075439453125,1055000
2012-01-27,105.55999755859375,105.75,105.37000274658203,105.72000122070312,76.44217681884766,767600
2012-01-30,106.0999984741211,106.30999755859375,106.0199966430664,106.08000183105469,76.70244598388672,1152400
2012-01-31,105.93000030517578,106.48999786376953,105.93000030517578,106.4800033569336,76.99168395996094,1001800
2012-02-01,106.04000091552734,106.08000183105469,105.83999633789062,105.91999816894531,76.72440338134766,1698800
2012-02-02,105.9800033569336,106.12999725341797,105.87999725341797,106.06999969482422,76.83307647705078,839900
2012-02-03,105.27999877929688,105.41000366210938,105.08999633789062,105.2300033569336,76.22462463378906,1112600
2012-02-06,105.2699966430664,105.58999633789062,105.1500015258789,105.5199966430664,76.43462371826172,2968500
2012-02-07,105.06999969482422,105.1500015258789,104.76000213623047,104.83999633789062,75.94208526611328,1164900
2012-02-08,104.83000183105469,105.0,104.7300033569336,104.88999938964844,75.97833251953125,404800
2012-02-09,104.69999694824219,104.80000305175781,104.37999725341797,104.6500015258789,75.80448150634766,1802500
2012-02-10,105.1500015258789,105.33999633789062,105.0199966430664,105.23999786376953,76.23184967041016,1322600
2012-02-13,105.04000091552734,105.30000305175781,105.0,105.16999816894531,76.18114471435547,299300
2012-02-14,105.31999969482422,105.55000305175781,105.2300033569336,105.38999938964844,76.3404541015625,615500
2012-02-15,105.36000061035156,105.68000030517578,105.3499984741211,105.47000122070312,76.3984375,344100
2012-02-16,105.20999908447266,105.33999633789062,104.80999755859375,104.98999786376953,76.0507583618164,1540500
2012-02-17,104.66999816894531,104.91999816894531,104.63999938964844,104.87999725341797,75.97109985351562,653600
2012-02-21,104.66999816894531,104.70999908447266,104.37000274658203,104.5,75.69581604003906,635300
2012-02-22,104.66000366210938,105.0,104.66000366210938,104.91000366210938,75.99281311035156,538200
2012-02-23,104.81999969482422,105.19000244140625,104.68000030517578,105.05999755859375,76.10144805908203,805900
2012-02-24,105.12999725341797,105.20999908447266,105.05999755859375,105.13999938964844,76.15938568115234,360100
2012-02-27,105.5999984741211,105.66000366210938,105.44999694824219,105.48999786376953,76.4129409790039,588600
2012-02-28,105.69000244140625,105.80000305175781,105.45999908447266,105.54000091552734,76.44915008544922,817900
2012-02-29,105.5,105.52999877929688,104.98999786376953,105.12000274658203,76.14493560791016,787500
2012-03-01,104.4800033569336,104.63999938964844,104.33999633789062,104.61000061035156,75.89825439453125,1185200
2012-03-02,104.7300033569336,105.0999984741211,104.7300033569336,105.02999877929688,76.20297241210938,360100
2012-03-05,104.94000244140625,105.08999633789062,104.77999877929688,104.81999969482422,76.05062866210938,1406100
2012-03-06,105.2300033569336,105.41999816894531,105.19999694824219,105.26000213623047,76.3698501586914,605800
2012-03-07,105.20999908447266,105.25,105.01000213623047,105.05999755859375,76.22476196289062,436100
2012-03-08,104.97000122070312,105.06999969482422,104.70999908447266,104.75,75.99980926513672,329900
2012-03-09,104.62999725341797,104.70999908447266,104.43000030517578,104.66999816894531,75.9417495727539,286800
2012-03-12,104.86000061035156,104.9000015258789,104.63999938964844,104.63999938964844,75.9200210571289,503100
2012-03-13,104.4000015258789,104.44000244140625,103.87000274658203,103.88999938964844,75.37584686279297,618600
2012-03-14,103.38999938964844,103.44000244140625,102.62000274658203,102.69999694824219,74.51248168945312,1733100
2012-03-15,102.56999969482422,102.9000015258789,102.56999969482422,102.66999816894531,74.49069213867188,2302300
2012-03-16,102.23999786376953,102.6500015258789,102.1500015258789,102.63999938964844,74.4688720703125,681200
2012-03-19,102.5,102.55999755859375,101.83000183105469,102.01000213623047,74.01183319091797,1133200
2012-03-20,102.11000061035156,102.25,101.7699966430664,102.05999755859375,74.04812622070312,769100
2012-03-21,102.2699966430664,102.62999725341797,102.26000213623047,102.58000183105469,74.42544555664062,458100
2012-03-22,102.81999969482422,102.9000015258789,102.62999725341797,102.70999908447266,74.51972198486328,326200
2012-03-23,102.9800033569336,103.25,102.94999694824219,103.08999633789062,74.79540252685547,396100
2012-03-26,103.0199966430664,103.12999725341797,102.66999816894531,102.97000122070312,74.7083740234375,471700
2012-03-27,103.16000366210938,103.61000061035156,103.13999938964844,103.54000091552734,75.12190246582031,579200
2012-03-28,103.36000061035156,103.73999786376953,103.36000061035156,103.36000061035156,74.9913330078125,314700
2012-03-29,103.7300033569336,103.79000091552734,103.56999969482422,103.79000091552734,75.30331420898438,727700
2012-03-30,103.7699966430664,103.91000366210938,103.1500015258789,103.27999877929688,74.93328094482422,502600
2012-04-02,103.52999877929688,103.54000091552734,103.25,103.3499984741211,75.11280059814453,1433800
2012-04-03,103.51000213623047,103.69000244140625,102.51000213623047,102.58999633789062,74.56044006347656,833100
2012-04-04,103.01000213623047,103.12000274658203,102.9000015258789,103.11000061035156,74.9383316040039,461300
2012-04-05,103.56999969482422,103.5999984741211,103.29000091552734,103.56999969482422,75.27268981933594,456400
2012-04-09,104.66000366210938,104.76000213623047,104.52999877929688,104.62999725341797,76.04308319091797,573700
2012-04-10,104.80000305175781,105.19999694824219,104.72000122070312,105.12000274658203,76.39915466308594,900500
2012-04-11,104.70999908447266,104.83000183105469,104.61000061035156,104.70999908447266,76.10122680664062,435000
2012-04-12,104.79000091552734,104.81999969482422,104.47000122070312,104.5,75.9486083984375,451500
2012-04-13,104.9000015258789,105.1500015258789,104.87000274658203,105.12999725341797,76.40647888183594,461400
2012-04-16,105.08999633789062,105.41999816894531,105.05000305175781,105.0999984741211,76.38468933105469,1179600
2012-04-17,104.97000122070312,105.08000183105469,104.87999725341797,104.98999786376953,76.30467987060547,923400
2012-04-18,105.13999938964844,105.2300033569336,105.08000183105469,105.19999694824219,76.45732879638672,502900
2012-04-19,105.30999755859375,105.4000015258789,105.2699966430664,105.31999969482422,76.54452514648438,408800
2012-04-20,105.12999725341797,105.33000183105469,105.06999969482422,105.33000183105469,76.55182647705078,377500
2012-04-23,105.5999984741211,105.72000122070312,105.51000213623047,105.54000091552734,76.70442962646484,746600
2012-04-24,105.43000030517578,105.45999908447266,105.25,105.2699966430664,76.50817108154297,506100
2012-04-25,105.0199966430664,105.31999969482422,104.7699966430664,105.13999938964844,76.41370391845703,681200
2012-04-26,105.5,105.52999877929688,105.30999755859375,105.48999786376953,76.6680908203125,314300
2012-04-27,105.41999816894531,105.61000061035156,105.41000366210938,105.5999984741211,76.7480697631836,368100
2012-04-30,105.69000244140625,105.80999755859375,105.63999938964844,105.69000244140625,76.8134536743164,1820300
2012-05-01,105.66000366210938,105.69999694824219,105.22000122070312,105.33000183105469,76.67371368408203,864100
2012-05-02,105.56999969482422,105.61000061035156,105.38999938964844,105.52999877929688,76.8192367553711,1030200
2012-05-03,105.30999755859375,105.58000183105469,105.30999755859375,105.5199966430664,76.81200408935547,360000
2012-05-04,105.68000030517578,105.94000244140625,105.66999816894531,105.94000244140625,77.11771392822266,814100
2012-05-07,105.9800033569336,106.04000091552734,105.87000274658203,105.91000366210938,77.09591674804688,490800
2012-05-08,106.12000274658203,106.37999725341797,106.0999984741211,106.1500015258789,77.27055358886719,522300
2012-05-09,106.44000244140625,106.5,106.13999938964844,106.23999786376953,77.33610534667969,961400
2012-05-10,106.0,106.12999725341797,105.8499984741211,106.08999633789062,77.22694396972656,347000
2012-05-11,106.44000244140625,106.47000122070312,106.2699966430664,106.44000244140625,77.4817123413086,403500
2012-05-14,106.87999725341797,107.0,106.7300033569336,106.91000366210938,77.82379150390625,650200
2012-05-15,106.83999633789062,107.0,106.76000213623047,106.94000244140625,77.8457260131836,922100
2012-05-16,106.6500015258789,107.08000183105469,106.62000274658203,107.0199966430664,77.9039077758789,761600
2012-05-17,106.91999816894531,107.43000030517578,106.9000015258789,107.41999816894531,78.19505310058594,764000
2012-05-18,107.0999984741211,107.44000244140625,107.06999969482422,107.3499984741211,78.1441421508789,831900
2012-05-21,107.18000030517578,107.26000213623047,107.06999969482422,107.06999969482422,77.94027709960938,791600
2012-05-22,106.79000091552734,106.94000244140625,106.62999725341797,106.83999633789062,77.77285766601562,538300
2012-05-23,107.12999725341797,107.4000015258789,107.08000183105469,107.12000274658203,77.97673034667969,658000
2012-05-24,106.95999908447266,107.04000091552734,106.8499984741211,106.88999938964844,77.80924987792969,417700
2012-05-25,107.11000061035156,107.25,107.05999755859375,107.19999694824219,78.03491973876953,370400
2012-05-29,107.26000213623047,107.47000122070312,107.11000061035156,107.11000061035156,77.96939849853516,865400
2012-05-30,107.8499984741211,108.20999908447266,107.80999755859375,108.12999725341797,78.71195220947266,645600
2012-05-31,108.33999633789062,108.88999938964844,108.30000305175781,108.55000305175781,79.01762390136719,2994300
2012-06-01,109.05999755859375,109.37000274658203,108.91000366210938,109.30999755859375,79.69642639160156,2186400
2012-06-04,108.83999633789062,108.98999786376953,108.63999938964844,108.68000030517578,79.23709869384766,849500
2012-06-05,108.51000213623047,108.6500015258789,108.30999755859375,108.31999969482422,78.9746322631836,836700
2012-06-06,108.29000091552734,108.31999969482422,107.58000183105469,107.61000061035156,78.45700073242188,1492800
2012-06-07,107.58000183105469,107.94000244140625,107.51000213623047,107.87000274658203,78.64653015136719,631800
2012-06-08,108.38999938964844,108.43000030517578,107.86000061035156,107.94999694824219,78.70487213134766,468000
2012-06-11,107.70999908447266,108.31999969482422,107.70999908447266,108.23999786376953,78.91630554199219,1050900
2012-06-12,107.91999816894531,108.0999984741211,107.63999938964844,107.66000366210938,78.49346160888672,569700
2012-06-13,107.8499984741211,108.30999755859375,107.70999908447266,108.2300033569336,78.90901947021484,1332100
2012-06-14,108.16000366210938,108.25,107.83000183105469,107.94000244140625,78.69757843017578,802600
2012-06-15,108.38999938964844,108.54000091552734,108.26000213623047,108.44000244140625,79.06208801269531,769400
2012-06-18,108.45999908447266,108.52999877929688,108.23999786376953,108.41000366210938,79.040283203125,718800
2012-06-19,108.16999816894531,108.20999908447266,107.87999725341797,108.04000091552734,78.77046966552734,1536800
2012-06-20,107.69999694824219,108.12000274658203,107.52999877929688,107.81999969482422,78.61006927490234,913100
2012-06-21,107.93000030517578,108.19999694824219,107.87000274658203,108.05000305175781,78.77777862548828,1655900
2012-06-22,107.62999725341797,107.81999969482422,107.56999969482422,107.58000183105469,78.43511199951172,1770300
2012-06-25,107.98999786376953,108.18000030517578,107.9800033569336,108.16999816894531,78.86532592773438,594900
2012-06-26,107.9000015258789,108.12000274658203,107.81999969482422,107.93000030517578,78.69029235839844,2395600
2012-06-27,108.06999969482422,108.12000274658203,107.8499984741211,108.08000183105469,78.79962158203125,3445300
2012-06-28,108.47000122070312,108.54000091552734,108.3499984741211,108.43000030517578,79.05482482910156,413400
2012-06-29,107.81999969482422,108.04000091552734,107.77999877929688,107.93000030517578,78.69029235839844,646900
2012-07-02,108.0,108.54000091552734,107.9800033569336,108.2699966430664,79.05536651611328,1580800
2012-07-03,108.25,108.2699966430664,107.94999694824219,108.0,78.85819244384766,588000
2012-07-05,108.13999938964844,108.36000061035156,108.08000183105469,108.29000091552734,79.0699462890625,1602600
2012-07-06,108.62000274658203,108.76000213623047,108.55999755859375,108.66999816894531,79.34742736816406,1146900
2012-07-09,108.7699966430664,108.98999786376953,108.73999786376953,108.97000122070312,79.56644439697266,495300
2012-07-10,108.88999938964844,109.08000183105469,108.86000061035156,109.0199966430664,79.60298156738281,631900
2012-07-11,109.06999969482422,109.33999633789062,108.87999725341797,108.91999816894531,79.5300064086914,825800
2012-07-12,109.08000183105469,109.19999694824219,109.04000091552734,109.16999816894531,79.71251678466797,840400
2012-07-13,109.12999725341797,109.12999725341797,108.91000366210938,109.08000183105469,79.64678192138672,307900
2012-07-16,109.41999816894531,109.54000091552734,109.27999877929688,109.31999969482422,79.8220443725586,349400
2012-07-17,109.1500015258789,109.30000305175781,109.0,109.04000091552734,79.61766052246094,637900
2012-07-18,109.22000122070312,109.27999877929688,109.12999725341797,109.1500015258789,79.69790649414062,606000
2012-07-19,109.05999755859375,109.19999694824219,108.94000244140625,108.98999786376953,79.58110809326172,949100
2012-07-20,109.29000091552734,109.5,109.29000091552734,109.41999816894531,79.89508056640625,250900
2012-07-23,109.73999786376953,109.7699966430664,109.5199966430664,109.5999984741211,80.02651977539062,1675600
2012-07-24,109.44000244140625,109.88999938964844,109.41999816894531,109.80999755859375,80.17986297607422,905500
2012-07-25,109.76000213623047,109.87999725341797,109.69000244140625,109.87000274658203,80.22364807128906,1246800
2012-07-26,109.66000366210938,109.73999786376953,109.5,109.52999877929688,79.97538757324219,742000
2012-07-27,109.18000030517578,109.18000030517578,108.36000061035156,108.73999786376953,79.39857482910156,1072300
2012-07-30,108.77999877929688,109.12000274658203,108.70999908447266,109.08999633789062,79.65412139892578,666000
2012-07-31,109.26000213623047,109.31999969482422,108.94000244140625,109.27999877929688,79.79277038574219,2209700
2012-08-01,108.83999633789062,109.05000305175781,108.55000305175781,108.72000122070312,79.50179290771484,977300
2012-08-02,109.05000305175781,109.27999877929688,108.93000030517578,108.9800033569336,79.69189453125,620000
2012-08-03,108.5199966430664,108.62999725341797,108.19000244140625,108.41000366210938,79.27510070800781,765500
2012-08-06,108.4800033569336,108.66000366210938,108.43000030517578,108.4800033569336,79.32630920410156,850800
2012-08-07,107.9800033569336,108.0199966430664,107.79000091552734,107.91000366210938,78.90946960449219,1228200
2012-08-08,107.94999694824219,108.05999755859375,107.68000030517578,107.76000213623047,78.79978942871094,862800
2012-08-09,107.62999725341797,107.83000183105469,107.41999816894531,107.68000030517578,78.74127960205078,833700
2012-08-10,108.13999938964844,108.18000030517578,107.68000030517578,107.98999786376953,78.96794891357422,466900
2012-08-13,108.0999984741211,108.19000244140625,107.91999816894531,107.91999816894531,78.91682434082031,729500
2012-08-14,107.5,107.62999725341797,107.38999938964844,107.38999938964844,78.52922058105469,642100
2012-08-15,107.13999938964844,107.20999908447266,106.80000305175781,106.8499984741211,78.13436889648438,934600
2012-08-16,106.87999725341797,106.9800033569336,106.43000030517578,106.58999633789062,77.9442367553711,861400
2012-08-17,106.68000030517578,106.9000015258789,106.68000030517578,106.72000122070312,78.03929138183594,784300
2012-08-20,106.69999694824219,106.91999816894531,106.68000030517578,106.77999877929688,78.08316040039062,1000100
2012-08-21,106.66999816894531,106.88999938964844,106.41999816894531,106.87000274658203,78.14891815185547,684500
2012-08-22,107.26000213623047,107.69999694824219,107.18000030517578,107.69999694824219,78.75588989257812,730600
2012-08-23,107.86000061035156,108.01000213623047,107.69999694824219,107.88999938964844,78.89485168457031,440200
2012-08-24,108.06999969482422,108.13999938964844,107.80000305175781,107.83999633789062,78.85826873779297,311500
2012-08-27,108.01000213623047,108.12999725341797,107.9800033569336,108.12000274658203,79.06304168701172,467400
2012-08-28,108.19000244140625,108.37000274658203,108.13999938964844,108.16000366210938,79.09233093261719,615000
2012-08-29,108.16000366210938,108.16000366210938,107.91999816894531,108.08999633789062,79.04110717773438,764700
2012-08-30,108.3499984741211,108.44999694824219,108.27999877929688,108.29000091552734,79.18730163574219,642200
2012-08-31,108.29000091552734,108.98999786376953,108.22000122070312,108.98999786376953,79.69924926757812,912700
2012-09-04,108.5999984741211,108.83000183105469,108.5199966430664,108.58999633789062,79.5168685913086,1200200
2012-09-05,108.55999755859375,108.68000030517578,108.44000244140625,108.55000305175781,79.48762512207031,782300
2012-09-06,108.05999755859375,108.08000183105469,107.79000091552734,107.80999755859375,78.94570922851562,1376700
2012-09-07,108.52999877929688,108.56999969482422,107.94999694824219,107.94999694824219,79.04823303222656,2748500
2012-09-10,108.04000091552734,108.0999984741211,107.81999969482422,108.0,79.08484649658203,1614100
2012-09-11,107.93000030517578,107.94999694824219,107.70999908447266,107.80000305175781,78.93836975097656,375200
2012-09-12,107.38999938964844,107.80000305175781,107.19999694824219,107.2699966430664,78.5503158569336,660700
2012-09-13,107.55999755859375,107.7699966430664,106.7699966430664,107.58000183105469,78.77732849121094,1458700
2012-09-14,106.9800033569336,107.58000183105469,106.41999816894531,106.56999969482422,78.03775787353516,1050800
2012-09-17,106.66999816894531,106.95999908447266,106.6500015258789,106.79000091552734,78.1988296508789,745300
2012-09-18,107.22000122070312,107.27999877929688,107.01000213623047,107.05999755859375,78.39657592773438,578700
2012-09-19,107.36000061035156,107.41000366210938,107.18000030517578,107.30999755859375,78.57960510253906,437200
2012-09-20,107.69000244140625,107.73999786376953,107.23999786376953,107.37000274658203,78.6235580444336,422300
2012-09-21,107.26000213623047,107.61000061035156,107.2300033569336,107.5999984741211,78.79196166992188,682000
2012-09-24,107.73999786376953,107.93000030517578,107.73999786376953,107.83999633789062,78.9676742553711,943800
2012-09-25,107.94999694824219,108.25,107.69999694824219,108.23999786376953,79.26065063476562,471900
2012-09-26,108.48999786376953,108.69000244140625,108.43000030517578,108.69000244140625,79.59012603759766,444600
2012-09-27,108.43000030517578,108.54000091552734,108.31999969482422,108.45999908447266,79.42171478271484,295400
2012-09-28,108.58000183105469,108.69999694824219,108.36000061035156,108.45999908447266,79.42171478271484,612500
2012-10-01,108.41000366210938,108.54000091552734,108.2300033569336,108.5199966430664,79.56908416748047,1213500
2012-10-02,108.30000305175781,108.55999755859375,108.29000091552734,108.44999694824219,79.5177001953125,846500
2012-10-03,108.44000244140625,108.55999755859375,108.30000305175781,108.55999755859375,79.5984115600586,938000
2012-10-04,108.31999969482422,108.41999816894531,108.08999633789062,108.12999725341797,79.28316497802734,376700
2012-10-05,107.76000213623047,107.80999755859375,107.56999969482422,107.63999938964844,78.92385864257812,805200
2012-10-08,107.87999725341797,108.01000213623047,107.86000061035156,107.98999786376953,79.18046569824219,403700
2012-10-09,107.69999694824219,107.94999694824219,107.68000030517578,107.7699966430664,79.01914978027344,387200
2012-10-10,107.5999984741211,108.06999969482422,107.52999877929688,108.02999877929688,79.20982360839844,318100
2012-10-11,107.69000244140625,108.13999938964844,107.62999725341797,108.12999725341797,79.28316497802734,1217500
2012-10-12,108.20999908447266,108.37999725341797,108.11000061035156,108.13999938964844,79.29048919677734,427900
2012-10-15,108.18000030517578,108.25,108.05999755859375,108.16999816894531,79.31246948242188,635000
2012-10-16,107.93000030517578,107.93000030517578,107.66000366210938,107.66000366210938,78.93851470947266,585500
2012-10-17,107.33999633789062,107.37999725341797,106.94000244140625,106.9800033569336,78.4399642944336,597300
2012-10-18,107.08000183105469,107.18000030517578,106.75,106.79000091552734,78.30065155029297,1157500
2012-10-19,106.94999694824219,107.33999633789062,106.91999816894531,107.23999786376953,78.63050079345703,808100
2012-10-22,107.02999877929688,107.12999725341797,106.87999725341797,106.87999725341797,78.36660766601562,760000
2012-10-23,107.19999694824219,107.38999938964844,107.19999694824219,107.38999938964844,78.74054718017578,414600
2012-10-24,107.1500015258789,107.31999969482422,107.08999633789062,107.16000366210938,78.57191467285156,682400
2012-10-25,106.6500015258789,107.04000091552734,106.58999633789062,106.7699966430664,78.28598022460938,437300
2012-10-26,107.13999938964844,107.45999908447266,107.11000061035156,107.44999694824219,78.7845230102539,414800
2012-10-31,107.69000244140625,107.9800033569336,107.6500015258789,107.88999938964844,79.10710144042969,728100
2012-11-01,107.63999938964844,107.68000030517578,107.4000015258789,107.52999877929688,78.94926452636719,918300
2012-11-02,107.29000091552734,107.63999938964844,107.25,107.62000274658203,79.01541137695312,527200
2012-11-05,107.83999633789062,107.98999786376953,107.80999755859375,107.87999725341797,79.20630645751953,805400
2012-11-06,107.79000091552734,107.86000061035156,107.37000274658203,107.38999938964844,78.84651947021484,486000
2012-11-07,108.33000183105469,108.54000091552734,108.19999694824219,108.29000091552734,79.50727081298828,979800
2012-11-08,108.2699966430664,108.79000091552734,108.1500015258789,108.7699966430664,79.85967254638672,514700
2012-11-09,108.70999908447266,108.81999969482422,108.55000305175781,108.77999877929688,79.86705017089844,368200
2012-11-12,108.77999877929688,108.87000274658203,108.69999694824219,108.8499984741211,79.91845703125,267900
2012-11-13,108.98999786376953,109.0,108.80999755859375,108.9800033569336,80.01396942138672,1608900
2012-11-14,108.69999694824219,109.02999877929688,108.66999816894531,109.01000213623047,80.03595733642578,1477300
2012-11-15,108.79000091552734,109.06999969482422,108.7699966430664,108.95999908447266,79.99921417236328,1448500
2012-11-16,108.94000244140625,109.19999694824219,108.91000366210938,109.02999877929688,80.05059814453125,578100
2012-11-19,108.72000122070312,108.81999969482422,108.68000030517578,108.80999755859375,79.88909912109375,712300
2012-11-20,108.63999938964844,108.69999694824219,108.36000061035156,108.36000061035156,79.55865478515625,970700
2012-11-21,108.19999694824219,108.27999877929688,108.16000366210938,108.19999694824219,79.44125366210938,291500
2012-11-23,108.19999694824219,108.20999908447266,108.12999725341797,108.13999938964844,79.39717864990234,466000
2012-11-26,108.4000015258789,108.5199966430664,108.29000091552734,108.31999969482422,79.52934265136719,1522400
2012-11-27,108.38999938964844,108.58000183105469,108.33000183105469,108.56999969482422,79.71288299560547,579100
2012-11-28,108.7699966430664,108.87000274658203,108.66000366210938,108.70999908447266,79.81568145751953,1057500
2012-11-29,108.70999908447266,108.86000061035156,108.6500015258789,108.81999969482422,79.89640045166016,814200
2012-11-30,108.9000015258789,108.91000366210938,108.76000213623047,108.80000305175781,79.88172149658203,557800
2012-12-03,108.44000244140625,108.63999938964844,108.37000274658203,108.62000274658203,79.85011291503906,750400
2012-12-04,108.69000244140625,108.81999969482422,108.66000366210938,108.80999755859375,79.98981475830078,479300
2012-12-05,108.91999816894531,109.05999755859375,108.87000274658203,108.9000015258789,80.05595397949219,505500
2012-12-06,109.0999984741211,109.1500015258789,108.94999694824219,108.95999908447266,80.10009002685547,443700
2012-12-07,108.69000244140625,108.86000061035156,108.62999725341797,108.6500015258789,79.87218475341797,515700
2012-12-10,108.79000091552734,108.81999969482422,108.6500015258789,108.75,79.9457015991211,707500
2012-12-11,108.51000213623047,108.55000305175781,108.41999816894531,108.54000091552734,79.7913589477539,734300
2012-12-12,108.41999816894531,108.5999984741211,108.08000183105469,108.08000183105469,79.45317077636719,1165600
2012-12-13,107.94999694824219,108.0999984741211,107.80000305175781,107.87000274658203,79.29879760742188,862900
2012-12-14,108.0,108.1500015258789,108.0,108.11000061035156,79.4752197265625,380700
2012-12-17,108.01000213623047,108.02999877929688,107.51000213623047,107.54000091552734,79.05620574951172,660100
2012-12-18,107.4800033569336,107.54000091552734,107.0,107.12000274658203,78.74742126464844,846400
2012-12-19,107.2699966430664,107.52999877929688,107.22000122070312,107.2699966430664,78.85771942138672,675300
2012-12-20,107.41999816894531,107.58000183105469,107.29000091552734,107.33999633789062,78.90919494628906,377100
2012-12-21,107.73999786376953,107.80999755859375,107.61000061035156,107.62999725341797,79.1223373413086,499200
2012-12-24,107.55000305175781,107.58000183105469,107.5,107.5199966430664,79.04150390625,903400
2012-12-26,107.48999786376953,107.63999938964844,107.4800033569336,107.58999633789062,79.20420837402344,780000
2012-12-27,107.54000091552734,108.0199966430664,107.5199966430664,107.80999755859375,79.36613464355469,446700
2012-12-28,108.01000213623047,108.06999969482422,107.9000015258789,108.05999755859375,79.5501708984375,552200
2012-12-31,107.91000366210938,107.95999908447266,107.44999694824219,107.48999786376953,79.13056182861328,1742800
2013-01-02,107.0,107.1500015258789,106.94999694824219,107.0,78.76984405517578,2561300
2013-01-03,107.02999877929688,107.05000305175781,106.44000244140625,106.44999694824219,78.3649673461914,2131900
2013-01-04,106.33999633789062,106.5,106.20999908447266,106.5,78.40177917480469,975400
2013-01-07,106.5,106.5999984741211,106.41999816894531,106.55999755859375,78.44595336914062,1387400
2013-01-08,106.70999908447266,106.83999633789062,106.69000244140625,106.81999969482422,78.63732147216797,364200
2013-01-09,106.8499984741211,106.9800033569336,106.73999786376953,106.87999725341797,78.68146514892578,517700
2013-01-10,106.58000183105469,106.7699966430664,106.52999877929688,106.56999969482422,78.45329284667969,689100
2013-01-11,106.41000366210938,106.91000366210938,106.37000274658203,106.91000366210938,78.70359802246094,553900
2013-01-14,107.0199966430664,107.05999755859375,106.8499984741211,106.87000274658203,78.67413330078125,971700
2013-01-15,107.22000122070312,107.2699966430664,107.08999633789062,107.12999725341797,78.86551666259766,428800
2013-01-16,107.30000305175781,107.33999633789062,107.1500015258789,107.2699966430664,78.96859741210938,534000
2013-01-17,106.83999633789062,106.91000366210938,106.66999816894531,106.77999877929688,78.60790252685547,436100
2013-01-18,106.95999908447266,107.12999725341797,106.93000030517578,107.08000183105469,78.8287582397461,560100
2013-01-22,106.87000274658203,107.22000122070312,106.8499984741211,107.16999816894531,78.89500427246094,595400
2013-01-23,107.25,107.3499984741211,107.1500015258789,107.22000122070312,78.93182373046875,603600
2013-01-24,107.13999938964844,107.16000366210938,106.91000366210938,107.04000091552734,78.79927825927734,376300
2013-01-25,106.52999877929688,106.62999725341797,106.26000213623047,106.33000183105469,78.276611328125,570600
2013-01-28,105.88999938964844,106.13999938964844,105.88999938964844,106.11000061035156,78.11467742919922,1328000
2013-01-29,106.1500015258789,106.31999969482422,105.93000030517578,105.94999694824219,77.99689483642578,480600
2013-01-30,105.87000274658203,106.02999877929688,105.72000122070312,106.01000213623047,78.041015625,453200
2013-01-31,106.11000061035156,106.11000061035156,105.93000030517578,106.0999984741211,78.10729217529297,902500
2013-02-01,106.41000366210938,106.43000030517578,105.55999755859375,105.5999984741211,77.84192657470703,2587800
2013-02-04,105.93000030517578,106.2699966430664,105.88999938964844,106.20999908447266,78.29158020019531,693400
2013-02-05,105.80999755859375,105.87999725341797,105.7300033569336,105.83000183105469,78.0114517211914,797700
2013-02-06,106.05999755859375,106.19999694824219,105.94999694824219,106.1500015258789,78.24732208251953,816800
2013-02-07,106.1500015258789,106.44999694824219,106.13999938964844,106.19999694824219,78.28421783447266,970000
2013-02-08,106.22000122070312,106.31999969482422,105.97000122070312,106.27999877929688,78.34324645996094,952800
2013-02-11,106.19999694824219,106.30999755859375,106.16999816894531,106.16999816894531,78.26211547851562,558800
2013-02-12,106.01000213623047,106.16999816894531,105.9800033569336,106.05999755859375,78.18102264404297,531500
2013-02-13,105.72000122070312,105.87000274658203,105.63999938964844,105.69000244140625,77.90828704833984,610700
2013-02-14,105.94999694824219,106.1500015258789,105.80999755859375,106.13999938964844,78.23997497558594,988000
2013-02-15,106.04000091552734,106.0999984741211,105.8499984741211,106.04000091552734,78.1662826538086,681700
2013-02-19,106.19000244140625,106.20999908447266,105.86000061035156,105.87000274658203,78.04092407226562,498800
2013-02-20,105.83000183105469,106.12000274658203,105.79000091552734,106.0999984741211,78.21051025390625,869900
2013-02-21,106.33000183105469,106.5,106.27999877929688,106.30999755859375,78.36528015136719,681000
2013-02-22,106.33999633789062,106.4800033569336,106.33000183105469,106.44000244140625,78.46111297607422,412800
2013-02-25,106.16999816894531,107.26000213623047,106.16000366210938,107.26000213623047,79.06558990478516,2909000
2013-02-26,107.05999755859375,107.37999725341797,106.9800033569336,107.05999755859375,78.91815948486328,860900
2013-02-27,107.33999633789062,107.37000274658203,106.91999816894531,107.01000213623047,78.8813247680664,398800
2013-02-28,107.12000274658203,107.16999816894531,106.98999786376953,107.16000366210938,78.99188232421875,534400
2013-03-01,107.19000244140625,107.33000183105469,107.11000061035156,107.30000305175781,79.18891143798828,876500
2013-03-04,107.22000122070312,107.26000213623047,107.05000305175781,107.05000305175781,79.00439453125,572600
2013-03-05,106.97000122070312,107.01000213623047,106.81999969482422,106.94000244140625,78.92324829101562,224700
2013-03-06,106.62000274658203,106.77999877929688,106.5999984741211,106.5999984741211,78.67230987548828,1091700
2013-03-07,106.41000366210938,106.43000030517578,106.16999816894531,106.19000244140625,78.36973571777344,804500
2013-03-08,105.63999938964844,105.83999633789062,105.56999969482422,105.6500015258789,77.97118377685547,1651900
2013-03-11,105.75,105.80000305175781,105.6500015258789,105.69999694824219,78.00812530517578,1465800
2013-03-12,105.86000061035156,106.05000305175781,105.8499984741211,105.98999786376953,78.22210693359375,525300
2013-03-13,105.80000305175781,106.01000213623047,105.72000122070312,105.9000015258789,78.15567779541016,1116500
2013-03-14,105.69000244140625,106.01000213623047,105.66000366210938,105.93000030517578,78.17784118652344,557400
2013-03-15,105.98999786376953,106.31999969482422,105.98999786376953,106.30000305175781,78.45089721679688,1184700
2013-03-18,106.68000030517578,106.69000244140625,106.48999786376953,106.6500015258789,78.7092056274414,1442000
2013-03-19,106.7699966430664,107.11000061035156,106.73999786376953,106.9800033569336,78.95272827148438,545300
2013-03-20,106.69999694824219,106.83000183105469,106.55999755859375,106.56999969482422,78.65016174316406,742800
2013-03-21,106.8499984741211,106.86000061035156,106.68000030517578,106.8499984741211,78.85681915283203,669700
2013-03-22,106.91999816894531,106.94999694824219,106.68000030517578,106.88999938964844,78.88639831542969,297000
2013-03-25,106.70999908447266,107.12000274658203,106.68000030517578,106.97000122070312,78.94532775878906,319500
2013-03-26,106.75,107.12000274658203,106.7300033569336,107.08000183105469,79.02655792236328,546300
2013-03-27,107.45999908447266,107.66000366210938,107.45999908447266,107.54000091552734,79.36604309082031,623700
2013-03-28,107.43000030517578,107.56999969482422,107.31999969482422,107.33999633789062,79.21846008300781,378400
2013-04-01,107.22000122070312,107.55000305175781,107.22000122070312,107.4800033569336,79.42906188964844,2471100
2013-04-02,107.31999969482422,107.3499984741211,107.22000122070312,107.2699966430664,79.2738265991211,984900
2013-04-03,107.41000366210938,107.81999969482422,107.41000366210938,107.72000122070312,79.60645294189453,1234000
2013-04-04,107.91000366210938,108.16000366210938,107.87999725341797,108.1500015258789,79.9242172241211,584800
2013-04-05,108.52999877929688,108.69999694824219,108.43000030517578,108.48999786376953,80.17546844482422,663800
2013-04-08,108.43000030517578,108.51000213623047,108.12999725341797,108.13999938964844,79.91677856445312,858200
2013-04-09,108.31999969482422,108.37999725341797,108.12000274658203,108.18000030517578,79.9464111328125,507800
2013-04-10,107.94000244140625,107.97000122070312,107.70999908447266,107.7300033569336,79.61380767822266,340900
2013-04-11,107.8499984741211,107.97000122070312,107.79000091552734,107.8499984741211,79.70247650146484,1132200
2013-04-12,108.25,108.44999694824219,108.12999725341797,108.44999694824219,80.1458740234375,827700
2013-04-15,108.4000015258789,108.69000244140625,108.36000061035156,108.69000244140625,80.32327270507812,587300
2013-04-16,108.3499984741211,108.51000213623047,108.33000183105469,108.37999725341797,80.09419250488281,1226700
2013-04-17,108.44000244140625,108.80999755859375,108.4000015258789,108.58000183105469,80.24199676513672,988300
2013-04-18,108.66000366210938,108.76000213623047,108.56999969482422,108.63999938964844,80.28630065917969,705600
2013-04-19,108.58000183105469,108.58000183105469,108.48999786376953,108.58000183105469,80.24199676513672,750500
2013-04-22,108.62999725341797,108.75,108.58000183105469,108.63999938964844,80.28630065917969,379900
2013-04-23,108.7699966430664,109.04000091552734,108.54000091552734,108.56999969482422,80.23455810546875,449800
2013-04-24,108.55999755859375,108.69000244140625,108.55000305175781,108.62000274658203,80.27146911621094,279400
2013-04-25,108.47000122070312,108.54000091552734,108.38999938964844,108.5,80.18286895751953,293300
2013-04-26,108.77999877929688,108.91999816894531,108.75,108.88999938964844,80.47102355957031,433300
2013-04-29,108.95999908447266,108.98999786376953,108.83000183105469,108.8499984741211,80.44148254394531,810000
2013-04-30,109.01000213623047,109.13999938964844,108.79000091552734,108.83000183105469,80.42671203613281,752700
2013-05-01,108.91999816894531,109.16999816894531,108.91999816894531,109.05000305175781,80.68938446044922,803600
2013-05-02,108.98999786376953,109.05999755859375,108.93000030517578,109.05000305175781,80.68938446044922,921300
2013-05-03,108.47000122070312,108.5,108.05000305175781,108.12000274658203,80.00123596191406,879500
2013-05-06,108.1500015258789,108.19000244140625,107.88999938964844,107.9800033569336,79.89765167236328,434000
2013-05-07,107.80999755859375,107.94000244140625,107.80999755859375,107.83000183105469,79.78667449951172,544000
2013-05-08,107.93000030517578,108.08999633789062,107.9000015258789,107.95999908447266,79.88285827636719,1114400
2013-05-09,108.04000091552734,108.23999786376953,107.91000366210938,107.94000244140625,79.86804962158203,587300
2013-05-10,107.75,107.75,107.08000183105469,107.33000183105469,79.41674041748047,529700
2013-05-13,107.0999984741211,107.16999816894531,107.06999969482422,107.13999938964844,79.27615356445312,417600
2013-05-14,107.27999877929688,107.31999969482422,106.66999816894531,106.70999908447266,78.95794677734375,876900
2013-05-15,107.02999877929688,107.12999725341797,106.7300033569336,106.98999786376953,79.1651382446289,768200
2013-05-16,107.23999786376953,107.62000274658203,107.22000122070312,107.5,79.54248809814453,697900
2013-05-17,107.33000183105469,107.37000274658203,106.9000015258789,106.91999816894531,79.11334228515625,365800
2013-05-20,107.08999633789062,107.12000274658203,106.7300033569336,106.83999633789062,79.05413818359375,1440000
2013-05-21,106.80000305175781,107.13999938964844,106.58000183105469,107.12000274658203,79.26129913330078,530600
2013-05-22,107.19999694824219,107.43000030517578,106.22000122070312,106.2699966430664,78.63238525390625,1797400
2013-05-23,106.61000061035156,106.63999938964844,106.12999725341797,106.37999725341797,78.71378326416016,950100
2013-05-24,106.5,106.68000030517578,106.36000061035156,106.41999816894531,78.74333953857422,349800
2013-05-28,106.08000183105469,106.1500015258789,105.1500015258789,105.16999816894531,77.81843566894531,1157000
2013-05-29,105.25,105.5999984741211,105.19000244140625,105.5999984741211,78.13664245605469,1588400
2013-05-30,105.56999969482422,105.75,105.41000366210938,105.61000061035156,78.14405059814453,578000
2013-05-31,105.70999908447266,105.75,104.83000183105469,105.31999969482422,77.92943572998047,1639400
2013-06-03,104.9800033569336,105.83999633789062,104.22000122070312,105.33000183105469,78.04205322265625,3269200
2013-06-04,105.08999633789062,105.31999969482422,105.01000213623047,105.05999755859375,77.84196472167969,1235100
2013-06-05,105.29000091552734,105.61000061035156,105.25,105.56999969482422,78.21985626220703,1298900
2013-06-06,105.4800033569336,106.33000183105469,105.30000305175781,105.69999694824219,78.31620788574219,2471900
2013-06-07,105.3499984741211,105.55000305175781,104.87999725341797,104.87999725341797,77.7086181640625,652300
2013-06-10,104.68000030517578,104.80999755859375,104.47000122070312,104.62000274658203,77.51602935791016,694600
2013-06-11,104.25,104.87999725341797,104.19000244140625,104.87999725341797,77.7086181640625,756100
2013-06-12,104.48999786376953,104.94999694824219,104.41000366210938,104.41000366210938,77.36038970947266,528700
2013-06-13,104.66999816894531,105.31999969482422,104.66000366210938,105.19999694824219,77.94576263427734,1180100
2013-06-14,105.41000366210938,105.63999938964844,105.2699966430664,105.33999633789062,78.04950714111328,599700
2013-06-17,105.45999908447266,105.4800033569336,105.0199966430664,105.08999633789062,77.8642349243164,478400
2013-06-18,104.8499984741211,105.12000274658203,104.79000091552734,105.02999877929688,77.81981658935547,429000
2013-06-19,105.08999633789062,107.58999633789062,103.4800033569336,103.58999633789062,76.75286102294922,1281500
2013-06-20,103.22000122070312,103.43000030517578,102.80999755859375,103.12000274658203,76.40462493896484,1982500
2013-06-21,102.91000366210938,103.0,102.0199966430664,102.02999877929688,75.59700775146484,1777200
2013-06-24,101.26000213623047,102.19999694824219,101.25,101.77999877929688,75.41178894042969,2731500
2013-06-25,102.05999755859375,102.12000274658203,101.55999755859375,101.66000366210938,75.32290649414062,772000
2013-06-26,102.23999786376953,102.30999755859375,101.76000213623047,102.06999969482422,75.62664031982422,1015300
2013-06-27,102.48999786376953,102.66000366210938,102.22000122070312,102.62000274658203,76.03416442871094,949000
2013-06-28,102.12999725341797,102.55999755859375,101.97000122070312,102.5,75.94522857666016,1017700
2013-07-01,102.20999908447266,102.4800033569336,102.02999877929688,102.4000015258789,75.97413635253906,1127100
2013-07-02,102.41999816894531,102.56999969482422,102.27999877929688,102.44000244140625,76.00386047363281,385400
2013-07-03,102.44999694824219,102.6500015258789,102.2300033569336,102.23999786376953,75.85546875,1233200
2013-07-05,100.88999938964844,100.93000030517578,100.44999694824219,100.5199966430664,74.57930755615234,924100
2013-07-08,100.86000061035156,101.19000244140625,100.83999633789062,101.11000061035156,75.01708221435547,1137200
2013-07-09,101.27999877929688,101.38999938964844,101.19999694824219,101.27999877929688,75.14323425292969,558400
2013-07-10,101.23999786376953,101.37999725341797,100.9000015258789,100.91999816894531,74.8761215209961,1005500
2013-07-11,101.66000366210938,101.93000030517578,101.56999969482422,101.93000030517578,75.62544250488281,818700
2013-07-12,102.20999908447266,102.30999755859375,101.68000030517578,101.8499984741211,75.56610870361328,1919500
2013-07-15,101.97000122070312,102.16999816894531,101.94000244140625,102.16999816894531,75.80352783203125,563700
2013-07-16,102.16000366210938,102.31999969482422,102.0999984741211,102.22000122070312,75.84060668945312,713300
2013-07-17,102.80999755859375,102.8499984741211,102.5199966430664,102.66999816894531,76.17452239990234,696300
2013-07-18,102.63999938964844,102.63999938964844,102.19000244140625,102.19000244140625,75.81843566894531,717800
2013-07-19,102.44999694824219,102.76000213623047,102.44000244140625,102.75,76.23385620117188,459500
2013-07-22,102.73999786376953,102.86000061035156,102.66999816894531,102.73999786376953,76.22644805908203,450300
2013-07-23,102.51000213623047,102.6500015258789,102.38999938964844,102.62000274658203,76.13741302490234,13316500
2013-07-24,102.0,102.11000061035156,101.6500015258789,101.93000030517578,75.62544250488281,837400
2013-07-25,101.62000274658203,102.08999633789062,101.5999984741211,102.08000183105469,75.73680877685547,712300
2013-07-26,102.18000030517578,102.23999786376953,102.05999755859375,102.16999816894531,75.80352783203125,544900
2013-07-29,102.04000091552734,102.08999633789062,101.8499984741211,101.95999908447266,75.64767456054688,420300
2013-07-30,102.05999755859375,102.0999984741211,101.80999755859375,101.93000030517578,75.62544250488281,306800
2013-07-31,101.22000122070312,102.08000183105469,101.13999938964844,102.0,75.67739868164062,930500
2013-08-01,101.48999786376953,101.52999877929688,100.86000061035156,100.95999908447266,75.00946807861328,1177300
2013-08-02,101.4800033569336,101.81999969482422,101.41999816894531,101.81999969482422,75.6484146118164,4360000
2013-08-05,101.61000061035156,101.6500015258789,101.41000366210938,101.5,75.4106674194336,390400
2013-08-06,101.44000244140625,101.58999633789062,101.38999938964844,101.52999877929688,75.43299102783203,257000
2013-08-07,101.6500015258789,101.95999908447266,101.62999725341797,101.9000015258789,75.70787048339844,493200
2013-08-08,102.04000091552734,102.1500015258789,101.93000030517578,102.05000305175781,75.81929016113281,804900
2013-08-09,101.9000015258789,102.12999725341797,101.87999725341797,102.12000274658203,75.87133026123047,557600
2013-08-12,102.2699966430664,102.2699966430664,101.87999725341797,101.91999816894531,75.72271728515625,400400
2013-08-13,101.30000305175781,101.30000305175781,100.91999816894531,101.0,75.03919219970703,566500
2013-08-14,101.0,101.1500015258789,100.97000122070312,101.08999633789062,75.10608673095703,1672300
2013-08-15,100.52999877929688,100.86000061035156,100.30000305175781,100.52999877929688,74.6900405883789,15452300
2013-08-16,100.55999755859375,100.55999755859375,99.8499984741211,100.13999938964844,74.40026092529297,1066900
2013-08-19,99.86000061035156,99.91999816894531,99.61000061035156,99.70999908447266,74.08078002929688,892200
2013-08-20,100.06999969482422,100.2699966430664,100.05000305175781,100.25,74.4819564819336,1221100
2013-08-21,100.0,100.25,99.58000183105469,99.62000274658203,74.01390838623047,945100
2013-08-22,99.54000091552734,99.75,99.33000183105469,99.58000183105469,73.98416137695312,755100
2013-08-23,99.5,100.20999908447266,99.41000366210938,100.13999938964844,74.40026092529297,991100
2013-08-26,100.36000061035156,100.38999938964844,100.1500015258789,100.33999633789062,74.54885864257812,512600
2013-08-27,100.68000030517578,100.97000122070312,100.52999877929688,100.91000366210938,74.97235107421875,532500
2013-08-28,100.62000274658203,100.6500015258789,100.30000305175781,100.5,74.66766357421875,761700
2013-08-29,100.20999908447266,100.7300033569336,100.16000366210938,100.5999984741211,74.74202728271484,470900
2013-08-30,100.66999816894531,100.72000122070312,100.41000366210938,100.41000366210938,74.600830078125,1038200
2013-09-03,99.83000183105469,99.91999816894531,99.2699966430664,99.69000244140625,74.17745208740234,796000
2013-09-04,99.75,99.79000091552734,99.29000091552734,99.36000061035156,73.93193054199219,824400
2013-09-05,99.02999877929688,99.11000061035156,98.5999984741211,98.5999984741211,73.36639404296875,1722700
2013-09-06,99.30999755859375,99.58999633789062,99.04000091552734,99.19999694824219,73.81283569335938,1033900
2013-09-09,99.58999633789062,99.62999725341797,99.3499984741211,99.4000015258789,73.96160888671875,764300
2013-09-10,99.05000305175781,99.2699966430664,98.94000244140625,98.94000244140625,73.61944580078125,1895300
2013-09-11,99.26000213623047,99.45999908447266,99.0,99.44000244140625,73.9914779663086,885300
2013-09-12,99.72000122070312,99.81999969482422,99.41000366210938,99.44999694824219,73.99884796142578,796800
2013-09-13,99.47000122070312,99.69000244140625,99.44999694824219,99.58000183105469,74.09563446044922,1166500
2013-09-16,100.4800033569336,100.5,99.76000213623047,99.80000305175781,74.25932312011719,1855200
2013-09-17,100.05000305175781,100.05999755859375,99.80000305175781,100.0,74.40813446044922,943300
2013-09-18,99.9000015258789,101.48999786376953,99.58999633789062,101.23999786376953,75.3307876586914,1341800
2013-09-19,101.2300033569336,101.2300033569336,100.0,100.88999938964844,75.0703353881836,1592800
2013-09-20,100.95999908447266,101.1500015258789,100.83000183105469,100.98999786376953,75.14472961425781,300600
2013-09-23,101.08999633789062,101.37999725341797,101.08999633789062,101.37000274658203,75.42753601074219,2003200
2013-09-24,101.45999908447266,101.80000305175781,101.41000366210938,101.73999786376953,75.70286560058594,1149800
2013-09-25,101.69999694824219,102.04000091552734,101.66999816894531,102.0199966430664,75.9111557006836,569900
2013-09-26,101.7699966430664,101.87000274658203,101.66999816894531,101.80000305175781,75.7475357055664,568100
2013-09-27,101.83999633789062,102.1500015258789,101.83999633789062,101.94000244140625,75.85166931152344,2349400
2013-09-30,102.05999755859375,102.11000061035156,101.83999633789062,102.11000061035156,75.9781494140625,3785200
2013-10-01,101.8499984741211,101.88999938964844,101.66000366210938,101.7300033569336,75.80902862548828,1937000
2013-10-02,101.87000274658203,102.1500015258789,101.86000061035156,101.9000015258789,75.93568420410156,799900
2013-10-03,101.83000183105469,102.27999877929688,101.77999877929688,102.04000091552734,76.03999328613281,651800
2013-10-04,101.91999816894531,101.95999908447266,101.63999938964844,101.76000213623047,75.83133697509766,1160900
2013-10-07,102.05999755859375,102.08000183105469,101.80999755859375,101.8499984741211,75.89842987060547,454400
2013-10-08,101.80000305175781,102.0,101.69999694824219,101.80000305175781,75.86119079589844,818100
2013-10-09,101.79000091552734,101.83000183105469,101.54000091552734,101.62000274658203,75.72698974609375,506500
2013-10-10,101.2699966430664,101.4800033569336,101.19000244140625,101.4000015258789,75.56307983398438,649100
2013-10-11,101.69000244140625,101.83000183105469,101.5,101.55000305175781,75.67484283447266,850100
2013-10-14,101.55000305175781,101.69000244140625,101.12999725341797,101.20999908447266,75.42147064208984,183200
2013-10-15,101.41000366210938,101.45999908447266,101.16999816894531,101.2300033569336,75.43639373779297,368100
2013-10-16,101.12999725341797,101.7300033569336,101.0,101.72000122070312,75.80156707763672,2339600
2013-10-17,102.0999984741211,102.41000366210938,102.04000091552734,102.30000305175781,76.23373413085938,2950500
2013-10-18,102.43000030517578,102.45999908447266,102.27999877929688,102.30999755859375,76.24120330810547,582600
2013-10-21,102.27999877929688,102.29000091552734,102.11000061035156,102.23999786376953,76.1889877319336,321700
2013-10-22,102.75,102.97000122070312,102.72000122070312,102.94999694824219,76.71819305419922,484700
2013-10-23,103.0199966430664,103.30999755859375,103.0199966430664,103.12999725341797,76.85224914550781,280800
2013-10-24,103.20999908447266,103.2300033569336,102.91000366210938,102.91999816894531,76.69578552246094,591200
2013-10-25,103.01000213623047,103.13999938964844,102.9800033569336,103.0999984741211,76.82987213134766,552800
2013-10-28,103.0,103.12000274658203,102.95999908447266,103.0,76.75536346435547,600800
2013-10-29,102.91000366210938,103.13999938964844,102.87999725341797,103.13999938964844,76.85977172851562,274700
2013-10-30,103.19999694824219,103.4000015258789,102.76000213623047,102.87000274658203,76.65849304199219,1753100
2013-10-31,103.11000061035156,103.12999725341797,102.55999755859375,102.75,76.56913757324219,893000
2013-11-01,102.37999725341797,102.41999816894531,101.98999786376953,102.0199966430664,76.14441680908203,680100
2013-11-04,102.20999908447266,102.31999969482422,102.16999816894531,102.22000122070312,76.29366302490234,437000
2013-11-05,101.93000030517578,101.98999786376953,101.66999816894531,101.76000213623047,75.95033264160156,656900
2013-11-06,101.91999816894531,102.11000061035156,101.91999816894531,102.06999969482422,76.18174743652344,692700
2013-11-07,102.16000366210938,102.41999816894531,102.12999725341797,102.33999633789062,76.38329315185547,415000
2013-11-08,101.33000183105469,101.4000015258789,101.16000366210938,101.19000244140625,75.52494049072266,2497700
2013-11-11,101.25,101.26000213623047,101.13999938964844,101.13999938964844,75.48755645751953,144000
2013-11-12,101.08999633789062,101.25,100.9800033569336,101.05000305175781,75.42047882080078,1052100
2013-11-13,101.36000061035156,101.5199966430664,101.31999969482422,101.47000122070312,75.73390197753906,1122700
2013-11-14,101.55000305175781,101.98999786376953,101.55000305175781,101.95999908447266,76.09960174560547,694100
2013-11-15,101.97000122070312,101.98999786376953,101.79000091552734,101.87999725341797,76.03990936279297,359200
2013-11-18,101.94000244140625,102.2699966430664,101.94000244140625,102.23999786376953,76.30862426757812,2853000
2013-11-19,102.04000091552734,102.0999984741211,101.83000183105469,101.86000061035156,76.02493286132812,559100
2013-11-20,101.87999725341797,102.11000061035156,101.26000213623047,101.30000305175781,75.6070556640625,1562700
2013-11-21,101.08999633789062,101.44000244140625,100.95999908447266,101.38999938964844,75.67420959472656,804800
2013-11-22,101.48999786376953,101.70999908447266,101.44999694824219,101.68000030517578,75.89064025878906,807900
2013-11-25,101.62999725341797,101.83999633789062,101.61000061035156,101.76000213623047,75.95033264160156,487400
2013-11-26,101.8499984741211,102.08000183105469,101.80999755859375,101.9800033569336,76.11454772949219,425400
2013-11-27,101.94000244140625,101.94999694824219,101.5,101.75,75.94285583496094,476900
2013-11-29,101.55999755859375,101.7699966430664,101.55000305175781,101.69000244140625,75.89811706542969,652100
2013-12-02,101.30000305175781,101.33000183105469,101.01000213623047,101.08999633789062,75.57217407226562,2912200
2013-12-03,101.3499984741211,101.44000244140625,101.2300033569336,101.2699966430664,75.70674133300781,477200
2013-12-04,100.7699966430664,100.93000030517578,100.70999908447266,100.80999755859375,75.36286163330078,943600
2013-12-05,100.6500015258789,100.77999877929688,100.51000213623047,100.55999755859375,75.17596435546875,374100
2013-12-06,100.5,100.80999755859375,100.45999908447266,100.6500015258789,75.24323272705078,415600
2013-12-09,100.70999908447266,100.8499984741211,100.6500015258789,100.7699966430664,75.33296203613281,540900
2013-12-10,101.0999984741211,101.2300033569336,100.97000122070312,101.19000244140625,75.64693450927734,334700
2013-12-11,101.02999877929688,101.11000061035156,100.80000305175781,100.80000305175781,75.35537719726562,371700
2013-12-12,100.61000061035156,100.69000244140625,100.4800033569336,100.51000213623047,75.13856506347656,1156200
2013-12-13,100.66000366210938,100.72000122070312,100.55000305175781,100.66000366210938,75.2507095336914,434000
2013-12-16,100.86000061035156,100.87000274658203,100.5199966430664,100.61000061035156,75.21334075927734,572400
2013-12-17,100.5999984741211,100.93000030517578,100.5999984741211,100.93000030517578,75.45256042480469,694800
2013-12-18,100.6500015258789,101.04000091552734,100.1500015258789,100.55000305175781,75.16846466064453,1997700
2013-12-19,100.11000061035156,100.22000122070312,100.0,100.12999725341797,74.8545150756836,978700
2013-12-20,100.26000213623047,100.45999908447266,100.18000030517578,100.44000244140625,75.08625793457031,510500
2013-12-23,100.27999877929688,100.37999725341797,100.0999984741211,100.12000274658203,74.84703063964844,5238400
2013-12-24,99.83999633789062,99.91000366210938,99.69999694824219,99.7300033569336,74.55547332763672,770600
2013-12-26,99.48999786376953,99.55999755859375,99.43000030517578,99.4800033569336,74.4910659790039,787500
2013-12-27,99.47000122070312,99.5999984741211,99.37999725341797,99.41999816894531,74.44617462158203,640400
2013-12-30,99.55000305175781,99.69999694824219,99.54000091552734,99.69000244140625,74.64834594726562,1328000
2013-12-31,99.51000213623047,99.62999725341797,99.18000030517578,99.23999786376953,74.31134796142578,1553600
2014-01-02,99.38999938964844,99.68000030517578,99.37999725341797,99.62999725341797,74.60345458984375,1161800
2014-01-03,99.51000213623047,99.73999786376953,99.4800033569336,99.56999969482422,74.55846405029297,637500
2014-01-06,99.66000366210938,99.97000122070312,99.66000366210938,99.8499984741211,74.76811981201172,666200
2014-01-07,99.91999816894531,100.05000305175781,99.8499984741211,100.01000213623047,74.8879165649414,1055700
2014-01-08,99.68000030517578,99.73999786376953,99.45999908447266,99.5199966430664,74.52099609375,1216700
2014-01-09,99.66999816894531,99.83000183105469,99.5,99.77999877929688,74.71568298339844,806100
2014-01-10,100.30000305175781,100.66999816894531,100.29000091552734,100.62000274658203,75.3447036743164,713300
2014-01-13,100.72000122070312,100.97000122070312,100.69999694824219,100.91000366210938,75.56188201904297,581600
2014-01-14,100.69999694824219,100.77999877929688,100.51000213623047,100.52999877929688,75.27735900878906,366700
2014-01-15,100.26000213623047,100.48999786376953,100.2300033569336,100.44000244140625,75.2099380493164,997300
2014-01-16,100.68000030517578,100.7699966430664,100.61000061035156,100.72000122070312,75.4195556640625,333300
2014-01-17,100.69999694824219,100.95999908447266,100.61000061035156,100.95999908447266,75.59927368164062,754400
2014-01-21,100.80000305175781,100.91999816894531,100.77999877929688,100.8499984741211,75.51692962646484,1927100
2014-01-22,100.62000274658203,100.7300033569336,100.55000305175781,100.56999969482422,75.3072509765625,1150900
2014-01-23,100.9000015258789,101.37999725341797,100.9000015258789,101.25,75.81643676757812,1080200
2014-01-24,101.5999984741211,101.75,101.44999694824219,101.66000366210938,76.12345886230469,564300
2014-01-27,101.48999786376953,101.69000244140625,101.33000183105469,101.3499984741211,75.89129638671875,758600
2014-01-28,101.48999786376953,101.51000213623047,101.30999755859375,101.5,76.0036392211914,452700
2014-01-29,101.80999755859375,102.12999725341797,101.62000274658203,101.9800033569336,76.36308288574219,1420200
2014-01-30,101.73999786376953,101.91000366210938,101.63999938964844,101.87999725341797,76.28821563720703,685400
2014-01-31,102.20999908447266,102.27999877929688,102.05000305175781,102.27999877929688,76.58772277832031,670500
2014-02-03,101.95999908447266,102.66999816894531,101.86000061035156,102.66000366210938,77.00402069091797,4629800
2014-02-04,102.31999969482422,102.38999938964844,102.23999786376953,102.3499984741211,76.77147674560547,2617300
2014-02-05,102.20999908447266,102.25,101.9800033569336,101.9800033569336,76.49394989013672,817600
2014-02-06,101.86000061035156,101.87999725341797,101.70999908447266,101.79000091552734,76.3514633178711,885900
2014-02-07,101.87999725341797,102.20999908447266,101.86000061035156,102.05999755859375,76.55396270751953,1065800
2014-02-10,101.94999694824219,102.13999938964844,101.94999694824219,102.11000061035156,76.59149932861328,589300
2014-02-11,101.75,101.81999969482422,101.61000061035156,101.66000366210938,76.25392150878906,625800
2014-02-12,101.5199966430664,101.5199966430664,101.27999877929688,101.41999816894531,76.07391357421875,743500
2014-02-13,101.79000091552734,101.91999816894531,101.7300033569336,101.9000015258789,76.43396759033203,941400
2014-02-14,101.8499984741211,101.9000015258789,101.72000122070312,101.83000183105469,76.3814468383789,463400
2014-02-18,101.9800033569336,102.16999816894531,101.93000030517578,102.08000183105469,76.56898498535156,1003600
2014-02-19,102.29000091552734,102.30999755859375,101.83000183105469,101.87999725341797,76.41896057128906,907200
2014-02-20,101.76000213623047,101.94000244140625,101.56999969482422,101.7699966430664,76.33641815185547,842900
2014-02-21,101.66000366210938,101.91000366210938,101.63999938964844,101.9000015258789,76.43396759033203,405000
2014-02-24,101.9000015258789,101.91000366210938,101.6500015258789,101.80000305175781,76.35896301269531,1531100
2014-02-25,101.98999786376953,102.16999816894531,101.94999694824219,102.1500015258789,76.62144470214844,402600
2014-02-26,102.1500015258789,102.44999694824219,102.11000061035156,102.44999694824219,76.84649658203125,486000
2014-02-27,102.51000213623047,102.63999938964844,102.4800033569336,102.56999969482422,76.93651580810547,559400
2014-02-28,102.37999725341797,102.55999755859375,102.16000366210938,102.47000122070312,76.86151123046875,609900
2014-03-03,102.5999984741211,102.83000183105469,102.43000030517578,102.80999755859375,77.24164581298828,2540500
2014-03-04,102.44000244140625,102.44000244140625,102.0,102.0199966430664,76.64817810058594,1080200
2014-03-05,101.87999725341797,102.13999938964844,101.80999755859375,102.12999725341797,76.73077392578125,614700
2014-03-06,101.69000244140625,101.80999755859375,101.61000061035156,101.69000244140625,76.40025329589844,534700
2014-03-07,101.16999816894531,101.37000274658203,101.1500015258789,101.25,76.06959533691406,645100
2014-03-10,101.27999877929688,101.43000030517578,101.25,101.36000061035156,76.15226745605469,1013900
2014-03-11,101.31999969482422,101.54000091552734,101.2300033569336,101.45999908447266,76.22738647460938,1571000
2014-03-12,101.7699966430664,101.91999816894531,101.69000244140625,101.86000061035156,76.52792358398438,819000
2014-03-13,101.58999633789062,102.47000122070312,101.58000183105469,102.45999908447266,76.97871398925781,1638900
2014-03-14,102.5999984741211,102.61000061035156,102.29000091552734,102.47000122070312,76.9862289428711,1314400
2014-03-17,102.26000213623047,102.33000183105469,102.04000091552734,102.05999755859375,76.67817687988281,1085400
2014-03-18,102.08000183105469,102.30999755859375,102.05999755859375,102.30999755859375,76.86598205566406,861200
2014-03-19,102.16000366210938,102.22000122070312,101.20999908447266,101.36000061035156,76.15226745605469,1355500
2014-03-20,101.31999969482422,101.45999908447266,101.2300033569336,101.37999725341797,76.16731262207031,1748100
2014-03-21,101.37000274658203,101.5999984741211,101.36000061035156,101.56999969482422,76.31007385253906,466500
2014-03-24,101.31999969482422,101.70999908447266,101.30999755859375,101.61000061035156,76.34014892578125,1222600
2014-03-25,101.52999877929688,101.70999908447266,101.44999694824219,101.55000305175781,76.29503631591797,739400
2014-03-26,101.58999633789062,101.9800033569336,101.58000183105469,101.9800033569336,76.61805725097656,830000
2014-03-27,101.83999633789062,102.19000244140625,101.83999633789062,102.08000183105469,76.6932144165039,303600
2014-03-28,101.9800033569336,102.02999877929688,101.63999938964844,101.72000122070312,76.42274475097656,661600
2014-03-31,101.44999694824219,101.76000213623047,101.37999725341797,101.7300033569336,76.4302749633789,1982900
2014-04-01,101.4000015258789,101.41999816894531,101.26000213623047,101.33000183105469,76.27217864990234,2562600
2014-04-02,101.05000305175781,101.08000183105469,100.86000061035156,100.88999938964844,75.94100189208984,806800
2014-04-03,100.97000122070312,101.12000274658203,100.91000366210938,100.95999908447266,75.99369812011719,298000
2014-04-04,101.25,101.62999725341797,101.25,101.58000183105469,76.46041107177734,731900
2014-04-07,101.73999786376953,101.91999816894531,101.72000122070312,101.81999969482422,76.64104461669922,1751700
2014-04-08,101.80000305175781,102.0,101.66000366210938,101.95999908447266,76.74637603759766,666100
2014-04-09,101.72000122070312,102.06999969482422,101.62999725341797,101.93000030517578,76.72383880615234,1350500
2014-04-10,102.0,102.58999633789062,102.0,102.36000061035156,77.0475082397461,1056600
2014-04-11,102.62000274658203,102.6500015258789,102.44000244140625,102.56999969482422,77.20555877685547,918500
2014-04-14,102.44000244140625,102.52999877929688,102.30000305175781,102.41000366210938,77.0851058959961,1468600
2014-04-15,102.33000183105469,102.73999786376953,102.26000213623047,102.52999877929688,77.17546844482422,614300
2014-04-16,102.27999877929688,102.43000030517578,102.25,102.37000274658203,77.05501556396484,1405500
2014-04-17,102.30999755859375,102.30999755859375,101.6500015258789,101.79000091552734,76.618408203125,584600
2014-04-21,101.87999725341797,101.95999908447266,101.70999908447266,101.7699966430664,76.6033935546875,1021100
2014-04-22,101.61000061035156,101.75,101.5199966430664,101.7300033569336,76.57328796386719,482800
2014-04-23,101.87999725341797,102.06999969482422,101.83999633789062,101.98999786376953,76.76897430419922,306400
2014-04-24,101.76000213623047,102.04000091552734,101.75,101.95999908447266,76.74637603759766,345700
2014-04-25,102.12999725341797,102.33999633789062,102.08000183105469,102.0999984741211,76.8517837524414,388900
2014-04-28,102.06999969482422,102.16999816894531,101.80999755859375,101.94999694824219,76.7388687133789,574900
2014-04-29,101.79000091552734,102.04000091552734,101.76000213623047,102.04000091552734,76.80663299560547,760100
2014-04-30,102.18000030517578,102.36000061035156,102.0,102.30999755859375,77.0097885131836,544700
2014-05-01,102.18000030517578,102.61000061035156,102.11000061035156,102.41000366210938,77.23155975341797,21829500
2014-05-02,102.11000061035156,102.73999786376953,102.0,102.55999755859375,77.34468841552734,1343700
2014-05-05,102.70999908447266,102.70999908447266,102.41999816894531,102.5,77.2994155883789,929400
2014-05-06,102.5199966430664,102.6500015258789,102.44999694824219,102.62000274658203,77.38996124267578,566300
2014-05-07,102.55999755859375,102.7699966430664,102.41999816894531,102.69999694824219,77.45025634765625,1107600
2014-05-08,102.80000305175781,102.9800033569336,102.6500015258789,102.80999755859375,77.53321838378906,1444300
2014-05-09,102.63999938964844,102.80000305175781,102.63999938964844,102.7300033569336,77.47289276123047,354500
2014-05-12,102.54000091552734,102.61000061035156,102.41000366210938,102.45999908447266,77.269287109375,759600
2014-05-13,102.72000122070312,102.86000061035156,102.68000030517578,102.86000061035156,77.5709228515625,603700
2014-05-14,103.11000061035156,103.4800033569336,103.06999969482422,103.33000183105469,77.92536163330078,635400
2014-05-15,103.5,103.88999938964844,103.33000183105469,103.69999694824219,78.20438385009766,1347300
2014-05-16,103.52999877929688,103.66999816894531,103.45999908447266,103.4800033569336,78.03850555419922,452600
2014-05-19,103.61000061035156,103.73999786376953,103.3499984741211,103.3499984741211,77.94046020507812,325400
2014-05-20,103.38999938964844,103.76000213623047,103.38999938964844,103.6500015258789,78.1667251586914,34764400
2014-05-21,103.41000366210938,103.51000213623047,103.27999877929688,103.48999786376953,78.04605865478516,881700
2014-05-22,103.43000030517578,103.4800033569336,103.27999877929688,103.37999725341797,77.96302795410156,678800
2014-05-23,103.52999877929688,103.62000274658203,103.47000122070312,103.58999633789062,78.12141418457031,486800
2014-05-27,103.5,103.63999938964844,103.33999633789062,103.62000274658203,78.14408111572266,997000
2014-05-28,103.95999908447266,104.26000213623047,103.94000244140625,104.19000244140625,78.57392120361328,968200
2014-05-29,104.30999755859375,104.52999877929688,104.05999755859375,104.05999755859375,78.47587585449219,753100
2014-05-30,103.91000366210938,104.0999984741211,103.7699966430664,103.9800033569336,78.41558837890625,902400
2014-06-02,103.52999877929688,103.68000030517578,103.2300033569336,103.33000183105469,78.05673217773438,2032800
2014-06-03,103.18000030517578,103.18000030517578,102.80000305175781,102.80999755859375,77.66394805908203,1563600
2014-06-04,102.91000366210938,102.91999816894531,102.66999816894531,102.7300033569336,77.6034927368164,1566600
2014-06-05,102.68000030517578,103.0,102.68000030517578,102.87999725341797,77.71680450439453,1585800
2014-06-06,103.0999984741211,103.19999694824219,102.7699966430664,102.80000305175781,77.65637969970703,940600
2014-06-09,102.69000244140625,102.70999908447266,102.55000305175781,102.6500015258789,77.54305267333984,816500
2014-06-10,102.52999877929688,102.55999755859375,102.4000015258789,102.47000122070312,77.40708923339844,1207100
2014-06-11,102.56999969482422,102.69999694824219,102.47000122070312,102.61000061035156,77.5128402709961,814800
2014-06-12,102.6500015258789,103.05999755859375,102.55999755859375,103.01000213623047,77.81501770019531,1319500
2014-06-13,102.54000091552734,102.94000244140625,102.52999877929688,102.80999755859375,77.66394805908203,752900
2014-06-16,102.81999969482422,102.94999694824219,102.73999786376953,102.80999755859375,77.66394805908203,1401000
2014-06-17,102.62000274658203,102.66000366210938,102.36000061035156,102.37999725341797,77.33906555175781,33268500
2014-06-18,102.62999725341797,102.91999816894531,102.41999816894531,102.91999816894531,77.74698638916016,1472200
2014-06-19,103.08000183105469,103.16000366210938,102.55999755859375,102.66000366210938,77.5506362915039,1055000
2014-06-20,102.56999969482422,102.79000091552734,102.52999877929688,102.77999877929688,77.6412353515625,577000
2014-06-23,102.91999816894531,102.95999908447266,102.70999908447266,102.70999908447266,77.58839416503906,764200
2014-06-24,102.9800033569336,103.12999725341797,102.79000091552734,103.12999725341797,77.9056167602539,443800
2014-06-25,103.4000015258789,103.47000122070312,103.19999694824219,103.2300033569336,77.98119354248047,977500
2014-06-26,103.41999816894531,103.62000274658203,103.4000015258789,103.5,78.18512725830078,822300
2014-06-27,103.62000274658203,103.7300033569336,103.5,103.5,78.18512725830078,933200
2014-06-30,103.61000061035156,103.68000030517578,103.43000030517578,103.58000183105469,78.24559783935547,1268900
2014-07-01,103.13999938964844,103.26000213623047,103.02999877929688,103.05000305175781,77.98978424072266,17393000
2014-07-02,102.83999633789062,102.8499984741211,102.5999984741211,102.62999725341797,77.67192077636719,1779100
2014-07-03,102.22000122070312,102.45999908447266,102.19999694824219,102.41999816894531,77.5129623413086,1079900
2014-07-07,102.54000091552734,102.73999786376953,102.54000091552734,102.66999816894531,77.70217895507812,1031000
2014-07-08,102.98999786376953,103.19000244140625,102.94999694824219,103.13999938964844,78.05794525146484,491500
2014-07-09,103.05000305175781,103.27999877929688,102.80000305175781,103.16000366210938,78.07310485839844,1113900
2014-07-10,103.5199966430664,103.63999938964844,103.33999633789062,103.37999725341797,78.23951721191406,728600
2014-07-11,103.5,103.6500015258789,103.45999908447266,103.55000305175781,78.36820983886719,688600
2014-07-14,103.47000122070312,103.47000122070312,103.29000091552734,103.31999969482422,78.19412231445312,974800
2014-07-15,103.29000091552734,103.55999755859375,103.12999725341797,103.2300033569336,78.12602233886719,933500
2014-07-16,103.26000213623047,103.41999816894531,103.19999694824219,103.37999725341797,78.23951721191406,15784300
2014-07-17,103.69999694824219,104.05000305175781,103.54000091552734,103.9800033569336,78.69363403320312,1367400
2014-07-18,103.87999725341797,103.93000030517578,103.62999725341797,103.7699966430664,78.53469848632812,386900
2014-07-21,103.83999633789062,104.04000091552734,103.80000305175781,103.80000305175781,78.55741119384766,339600
2014-07-22,103.83999633789062,103.93000030517578,103.68000030517578,103.93000030517578,78.65583038330078,484200
2014-07-23,104.02999877929688,104.05000305175781,103.88999938964844,103.91999816894531,78.64816284179688,523600
2014-07-24,103.61000061035156,103.6500015258789,103.48999786376953,103.5,78.33033752441406,600900
2014-07-25,103.7699966430664,103.93000030517578,103.69999694824219,103.9000015258789,78.63306427001953,781400
2014-07-28,103.77999877929688,103.9000015258789,103.63999938964844,103.77999877929688,78.54229736328125,1448000
2014-07-29,103.9000015258789,103.94999694824219,103.72000122070312,103.91999816894531,78.64816284179688,465700
2014-07-30,103.48999786376953,103.5,103.0999984741211,103.19000244140625,78.09579467773438,1067500
2014-07-31,102.93000030517578,103.30000305175781,102.87999725341797,103.16000366210938,78.07310485839844,1506500
2014-08-01,103.2699966430664,103.66999816894531,103.05000305175781,103.56999969482422,78.53255462646484,3466800
2014-08-04,103.66999816894531,103.7699966430664,103.58999633789062,103.62999725341797,78.57804107666016,1672600
2014-08-05,103.5,103.7699966430664,103.36000061035156,103.68000030517578,78.61595153808594,1013000
2014-08-06,103.98999786376953,103.98999786376953,103.73999786376953,103.7699966430664,78.6841812133789,1139100
2014-08-07,103.81999969482422,104.23999786376953,103.69000244140625,104.23999786376953,79.04056549072266,1386100
2014-08-08,104.41000366210938,104.56999969482422,104.11000061035156,104.1500015258789,78.97232055664062,913900
2014-08-11,104.18000030517578,104.2300033569336,104.01000213623047,104.0999984741211,78.93445587158203,419800
2014-08-12,104.13999938964844,104.19999694824219,103.94999694824219,103.94999694824219,78.82069396972656,416300
2014-08-13,104.11000061035156,104.33999633789062,104.05999755859375,104.29000091552734,79.07845306396484,732400
2014-08-14,104.48999786376953,104.55000305175781,104.30999755859375,104.5,79.23772430419922,638800
2014-08-15,104.48999786376953,105.2300033569336,104.44999694824219,104.91999816894531,79.55620574951172,1570700
2014-08-18,104.69000244140625,104.73999786376953,104.54000091552734,104.58999633789062,79.30593872070312,13822300
2014-08-19,104.80999755859375,104.80999755859375,104.43000030517578,104.4800033569336,79.22257232666016,769900
2014-08-20,104.41000366210938,104.45999908447266,104.12000274658203,104.16999816894531,78.98750305175781,1052200
2014-08-21,104.19000244140625,104.44000244140625,104.19000244140625,104.38999938964844,79.1543197631836,630300
2014-08-22,104.36000061035156,104.45999908447266,104.06999969482422,104.4000015258789,79.16190338134766,1393400
2014-08-25,104.4000015258789,104.5,104.30000305175781,104.4800033569336,79.22257232666016,837500
2014-08-26,104.61000061035156,104.62999725341797,104.43000030517578,104.45999908447266,79.2073745727539,590200
2014-08-27,104.63999938964844,104.76000213623047,104.54000091552734,104.75,79.4272689819336,881300
2014-08-28,105.0199966430664,105.04000091552734,104.80999755859375,104.88999938964844,79.5334243774414,938400
2014-08-29,104.87000274658203,105.04000091552734,104.80999755859375,104.9000015258789,79.5410385131836,1407100
2014-09-02,104.30000305175781,104.30999755859375,104.05000305175781,104.05000305175781,79.0328598022461,2058600
2014-09-03,103.93000030517578,104.23999786376953,103.87000274658203,104.19999694824219,79.14680480957031,1456900
2014-09-04,104.08000183105469,104.16000366210938,103.7699966430664,103.83000183105469,78.86578369140625,1994400
2014-09-05,104.18000030517578,104.23999786376953,103.80999755859375,103.86000061035156,78.88859558105469,1098400
2014-09-08,104.12999725341797,104.18000030517578,103.66999816894531,103.75,78.80497741699219,1340900
2014-09-09,103.52999877929688,103.6500015258789,103.45999908447266,103.51000213623047,78.62271118164062,1205900
2014-09-10,103.33000183105469,103.37999725341797,103.2300033569336,103.25,78.42522430419922,1311800
2014-09-11,103.4000015258789,103.45999908447266,103.0999984741211,103.12000274658203,78.32653045654297,1224800
2014-09-12,102.87999725341797,102.94000244140625,102.68000030517578,102.7300033569336,78.03020477294922,2178400
2014-09-15,102.87000274658203,102.97000122070312,102.83000183105469,102.91999816894531,78.17452239990234,1505400
2014-09-16,103.04000091552734,103.1500015258789,102.87000274658203,102.88999938964844,78.15177917480469,24978400
2014-09-17,103.05000305175781,103.2699966430664,102.62000274658203,102.62999725341797,77.95426940917969,2704700
2014-09-18,102.62999725341797,102.6500015258789,102.44999694824219,102.55999755859375,77.90107727050781,556800
2014-09-19,102.7300033569336,102.9800033569336,102.58000183105469,102.94999694824219,78.19734191894531,920600
2014-09-22,103.05000305175781,103.2300033569336,102.98999786376953,103.16999816894531,78.36447143554688,1932600
2014-09-23,103.26000213623047,103.38999938964844,103.16999816894531,103.38999938964844,78.53155517578125,963700
2014-09-24,103.33000183105469,103.41000366210938,103.06999969482422,103.0999984741211,78.31126403808594,485300
2014-09-25,103.25,103.61000061035156,103.25,103.5999984741211,78.6910400390625,399000
2014-09-26,103.4800033569336,103.48999786376953,103.26000213623047,103.37999725341797,78.52391815185547,716100
2014-09-29,103.7300033569336,103.77999877929688,103.63999938964844,103.70999908447266,78.77458953857422,2344500
2014-09-30,103.5999984741211,103.7699966430664,103.54000091552734,103.62000274658203,78.70630645751953,1544600
2014-10-01,103.83999633789062,104.30999755859375,103.83999633789062,104.30000305175781,79.3675537109375,3346000
2014-10-02,104.25,104.37999725341797,103.97000122070312,103.98999786376953,79.13163757324219,2084100
2014-10-03,103.7300033569336,103.97000122070312,103.61000061035156,103.95999908447266,79.10880279541016,1159100
2014-10-06,103.97000122070312,104.26000213623047,103.87999725341797,104.12999725341797,79.23812866210938,1201700
2014-10-07,104.45999908447266,104.77999877929688,104.33999633789062,104.73999786376953,79.70237731933594,1429800
2014-10-08,104.80999755859375,105.12999725341797,104.48999786376953,105.11000061035156,79.98387145996094,2701900
2014-10-09,105.04000091552734,105.18000030517578,104.91000366210938,104.93000030517578,79.84688568115234,5848000
2014-10-10,105.0999984741211,105.38999938964844,105.02999877929688,105.33999633789062,80.15890502929688,4675300
2014-10-13,105.5199966430664,105.94000244140625,105.44000244140625,105.88999938964844,80.57744598388672,2074300
2014-10-14,105.91000366210938,106.12999725341797,105.7699966430664,106.0999984741211,80.73723602294922,2196700
2014-10-15,107.5,108.87999725341797,106.44999694824219,106.69999694824219,81.19380187988281,2196800
2014-10-16,107.23999786376953,107.31999969482422,106.25,106.41000366210938,80.9731674194336,1786700
2014-10-17,106.13999938964844,106.26000213623047,105.87999725341797,106.0999984741211,80.73723602294922,1143300
2014-10-20,106.38999938964844,106.41999816894531,106.11000061035156,106.25,80.8514175415039,1562200
2014-10-21,106.0,106.19999694824219,105.91000366210938,105.95999908447266,80.63070678710938,1973200
2014-10-22,105.83999633789062,105.95999908447266,105.72000122070312,105.93000030517578,80.60784912109375,951800
2014-10-23,105.62999725341797,105.68000030517578,105.30999755859375,105.48999786376953,80.27310943603516,1281700
2014-10-24,105.5999984741211,105.81999969482422,105.5199966430664,105.58000183105469,80.34148406982422,678800
2014-10-27,105.55000305175781,105.79000091552734,105.55000305175781,105.69000244140625,80.42526245117188,872500
2014-10-28,105.58000183105469,105.61000061035156,105.37000274658203,105.43000030517578,80.22740936279297,771500
2014-10-29,105.29000091552734,105.3499984741211,104.73999786376953,105.08000183105469,79.96109771728516,1453100
2014-10-30,105.27999877929688,105.44000244140625,105.13999938964844,105.19000244140625,80.04480743408203,1363500
2014-10-31,105.12000274658203,105.16000366210938,104.88999938964844,105.0199966430664,79.9154281616211,886900
2014-11-03,104.69999694824219,104.8499984741211,104.44999694824219,104.80000305175781,79.88567352294922,2348900
2014-11-04,104.87999725341797,105.05000305175781,104.75,104.79000091552734,79.8780746459961,3854700
2014-11-05,104.63999938964844,104.83000183105469,104.62000274658203,104.81999969482422,79.90096282958984,1079700
2014-11-06,104.62000274658203,104.79000091552734,104.48999786376953,104.5,79.656982421875,1026100
2014-11-07,104.7699966430664,105.18000030517578,104.76000213623047,105.16999816894531,80.16775512695312,994200
2014-11-10,105.16000366210938,105.16000366210938,104.7300033569336,104.73999786376953,79.83990478515625,1427900
2014-11-11,104.73999786376953,104.7699966430664,104.62000274658203,104.75,79.84756469726562,1220800
2014-11-12,104.98999786376953,105.05999755859375,104.68000030517578,104.70999908447266,79.81712341308594,658300
2014-11-13,104.83999633789062,104.94999694824219,104.72000122070312,104.87999725341797,79.94674682617188,743400
2014-11-14,104.75,105.16000366210938,104.69999694824219,105.0999984741211,80.11433410644531,629800
2014-11-17,105.25,105.25,104.91000366210938,104.9800033569336,80.02288818359375,496500
2014-11-18,105.01000213623047,105.12999725341797,104.9800033569336,105.0999984741211,80.11433410644531,510100
2014-11-19,104.81999969482422,105.11000061035156,104.7699966430664,104.81999969482422,79.90096282958984,560000
2014-11-20,105.22000122070312,105.22000122070312,104.88999938964844,105.01000213623047,80.0457763671875,811500
2014-11-21,105.04000091552734,105.22000122070312,105.01000213623047,105.22000122070312,80.20581817626953,855800
2014-11-24,105.04000091552734,105.3499984741211,104.98999786376953,105.33999633789062,80.29727172851562,13802400
2014-11-25,105.29000091552734,105.62999725341797,105.25,105.5999984741211,80.49549102783203,1244600
2014-11-26,105.81999969482422,105.9000015258789,105.73999786376953,105.77999877929688,80.63274383544922,523300
2014-11-28,106.06999969482422,106.19999694824219,106.0,106.19000244140625,80.94518280029297,367300
2014-12-01,106.30999755859375,106.37000274658203,105.75,105.75,80.74671173095703,2063400
2014-12-02,105.43000030517578,105.5,105.26000213623047,105.27999877929688,80.3878173828125,990600
2014-12-03,105.22000122070312,105.3499984741211,105.1500015258789,105.31999969482422,80.41836547851562,851900
2014-12-04,105.33999633789062,105.69000244140625,105.26000213623047,105.69000244140625,80.70085144042969,968300
2014-12-05,105.27999877929688,105.30999755859375,104.93000030517578,105.0999984741211,80.25038146972656,1035900
2014-12-08,105.0999984741211,105.62999725341797,105.08999633789062,105.44999694824219,80.51761627197266,858300
2014-12-09,105.91999816894531,106.12000274658203,105.73999786376953,105.83999633789062,80.81541442871094,945900
2014-12-10,105.79000091552734,106.37000274658203,105.77999877929688,106.31999969482422,81.18195343017578,996800
2014-12-11,106.0999984741211,106.25,105.91000366210938,106.13999938964844,81.04449462890625,15223600
2014-12-12,106.62000274658203,107.0199966430664,106.47000122070312,107.01000213623047,81.70878601074219,7233700
2014-12-15,106.62999725341797,106.94999694824219,106.5,106.62000274658203,81.41106414794922,1248100
2014-12-16,107.27999877929688,107.27999877929688,106.76000213623047,107.16000366210938,81.8233413696289,10633800
2014-12-17,106.9800033569336,107.19999694824219,106.38999938964844,106.41999816894531,81.2583236694336,2086100
2014-12-18,105.86000061035156,105.94999694824219,105.7300033569336,105.81999969482422,80.80017852783203,4833300
2014-12-19,105.98999786376953,106.20999908447266,105.91000366210938,106.20999908447266,81.09791564941406,847800
2014-12-22,106.12000274658203,106.30000305175781,106.05000305175781,106.20999908447266,81.09791564941406,2366700
2014-12-23,105.91000366210938,105.9800033569336,105.31999969482422,105.33000183105469,80.426025390625,1360300
2014-12-24,105.02999877929688,105.27999877929688,104.94000244140625,105.25,80.48409271240234,1098200
2014-12-26,105.44000244140625,105.44000244140625,105.25,105.38999938964844,80.5912094116211,373600
2014-12-29,105.58000183105469,105.83000183105469,105.55999755859375,105.75,80.8664779663086,2447300
2014-12-30,106.01000213623047,106.08000183105469,105.80999755859375,105.87000274658203,80.95823669433594,1194700
2014-12-31,105.94000244140625,106.08000183105469,105.93000030517578,105.98999786376953,81.04998016357422,1010400
2015-01-02,106.08999633789062,106.66000366210938,106.05999755859375,106.52999877929688,81.46292877197266,2028600
2015-01-05,106.70999908447266,107.25,106.66000366210938,107.18000030517578,81.95997619628906,1521700
2015-01-06,107.62999725341797,108.47000122070312,107.52999877929688,107.9000015258789,82.51061248779297,1890200
2015-01-07,107.58999633789062,108.01000213623047,107.45999908447266,107.87999725341797,82.49528503417969,1558000
2015-01-08,107.52999877929688,107.56999969482422,107.30999755859375,107.44000244140625,82.15882873535156,1671000
2015-01-09,107.56999969482422,108.0999984741211,107.45999908447266,107.97000122070312,82.56410217285156,1107800
2015-01-12,108.08000183105469,108.44000244140625,108.0199966430664,108.3499984741211,82.85467529296875,2700900
2015-01-13,108.2300033569336,108.63999938964844,108.12000274658203,108.44999694824219,82.93114471435547,1038800
2015-01-14,109.19999694824219,109.3499984741211,108.87999725341797,108.94999694824219,83.31352233886719,1545800
2015-01-15,109.01000213623047,109.9000015258789,108.94000244140625,109.87999725341797,84.02469635009766,1374100
2015-01-16,109.63999938964844,109.73999786376953,109.05999755859375,109.06999969482422,83.40522003173828,1689100
2015-01-20,109.29000091552734,109.66000366210938,109.16000366210938,109.31999969482422,83.596435546875,1346200
2015-01-21,109.38999938964844,109.52999877929688,108.75,108.80000305175781,83.19880676269531,2298200
2015-01-22,109.06999969482422,109.0999984741211,108.4000015258789,108.52999877929688,82.99231719970703,1330800
2015-01-23,108.93000030517578,109.27999877929688,108.93000030517578,109.23999786376953,83.5352554321289,1248200
2015-01-26,109.16000366210938,109.2699966430664,108.9000015258789,108.98999786376953,83.34410858154297,1546200
2015-01-27,109.58999633789062,109.70999908447266,109.0199966430664,109.13999938964844,83.45879364013672,863300
2015-01-28,109.18000030517578,110.12999725341797,109.18000030517578,109.9800033569336,84.10106658935547,3346300
2015-01-29,109.66999816894531,109.80000305175781,109.41999816894531,109.58999633789062,83.8028793334961,1393400
2015-01-30,110.5199966430664,110.58999633789062,110.06999969482422,110.55000305175781,84.5369873046875,2219800
2015-02-02,109.94999694824219,110.4000015258789,109.93000030517578,110.2300033569336,84.4312973022461,11544700
2015-02-03,109.7300033569336,109.73999786376953,109.29000091552734,109.30000305175781,83.71900939941406,1465200
2015-02-04,108.95999908447266,109.54000091552734,108.87999725341797,109.4800033569336,83.8568344116211,1655500
2015-02-05,109.2300033569336,109.2699966430664,108.97000122070312,109.08000183105469,83.55046081542969,1392700
2015-02-06,108.37000274658203,108.47000122070312,107.8499984741211,107.86000061035156,82.61599731445312,2016700
2015-02-09,108.19999694824219,108.20999908447266,107.80000305175781,107.80999755859375,82.57769012451172,1599900
2015-02-10,107.62999725341797,107.73999786376953,107.45999908447266,107.54000091552734,82.37088012695312,1244500
2015-02-11,107.6500015258789,107.75,107.31999969482422,107.5,82.34026336669922,1286100
2015-02-12,107.4800033569336,107.80999755859375,107.45999908447266,107.54000091552734,82.37088012695312,1845200
2015-02-13,107.5,107.55000305175781,107.16999816894531,107.18000030517578,82.09510803222656,1302400
2015-02-17,107.05999755859375,107.1500015258789,106.25,106.41999816894531,81.5130386352539,2170100
2015-02-18,106.5,107.20999908447266,106.4000015258789,106.93000030517578,81.90365600585938,8204600
2015-02-19,106.83000183105469,107.05999755859375,106.55999755859375,106.66000366210938,81.69685363769531,1459500
2015-02-20,107.02999877929688,107.20999908447266,106.38999938964844,106.5999984741211,81.65093231201172,1893000
2015-02-23,106.88999938964844,107.12000274658203,106.8499984741211,107.08999633789062,82.02619171142578,818200
2015-02-24,106.94000244140625,107.80999755859375,106.70999908447266,107.80000305175781,82.57001495361328,1180900
2015-02-25,107.77999877929688,107.94999694824219,107.62999725341797,107.9000015258789,82.64665985107422,595300
2015-02-26,107.73999786376953,107.86000061035156,107.25,107.26000213623047,82.15641784667969,865900
2015-02-27,107.51000213623047,107.68000030517578,107.2300033569336,107.63999938964844,82.4474868774414,2901700
2015-03-02,107.37999725341797,107.41000366210938,106.6500015258789,106.66999816894531,81.83373260498047,10270800
2015-03-03,106.63999938964844,106.80999755859375,106.4000015258789,106.44000244140625,81.65728759765625,1224400
2015-03-04,106.62999725341797,106.72000122070312,106.37000274658203,106.5199966430664,81.71868896484375,1871100
2015-03-05,106.54000091552734,106.75,106.36000061035156,106.58000183105469,81.76468658447266,2253200
2015-03-06,105.83999633789062,105.86000061035156,105.44000244140625,105.48999786376953,80.92852020263672,1734000
2015-03-09,105.9000015258789,105.9800033569336,105.75,105.9800033569336,81.3044204711914,1218100
2015-03-10,106.44999694824219,106.58999633789062,106.29000091552734,106.43000030517578,81.6496353149414,1309200
2015-03-11,106.38999938964844,106.70999908447266,106.33000183105469,106.62000274658203,81.79540252685547,945700
2015-03-12,107.01000213623047,107.05999755859375,106.55000305175781,106.72000122070312,81.87213897705078,916800
2015-03-13,106.61000061035156,106.93000030517578,106.5,106.55999755859375,81.74937438964844,846900
2015-03-16,106.95999908447266,107.0999984741211,106.75,106.93000030517578,82.03321838378906,639400
2015-03-17,107.16999816894531,107.19999694824219,107.0199966430664,107.1500015258789,82.20198059082031,768500
2015-03-18,107.44999694824219,108.4800033569336,107.12999725341797,108.37999725341797,83.14563751220703,1963600
2015-03-19,108.12999725341797,108.29000091552734,107.7300033569336,107.87000274658203,82.75434875488281,985600
2015-03-20,108.2300033569336,108.30999755859375,108.12000274658203,108.30999755859375,83.09185791015625,1194800
2015-03-23,108.41000366210938,108.5,108.19999694824219,108.44999694824219,83.19930267333984,795100
2015-03-24,108.45999908447266,108.77999877929688,108.37000274658203,108.77999877929688,83.45243072509766,584500
2015-03-25,108.79000091552734,108.83999633789062,108.30999755859375,108.30999755859375,83.09185791015625,1240200
2015-03-26,108.13999938964844,108.1500015258789,107.61000061035156,107.69999694824219,82.62398529052734,928300
2015-03-27,107.91000366210938,108.19999694824219,107.91000366210938,108.12000274658203,82.94615936279297,2492500
2015-03-30,108.16000366210938,108.23999786376953,107.97000122070312,108.11000061035156,82.93849182128906,2017700
2015-03-31,108.0999984741211,108.4000015258789,108.0199966430664,108.38999938964844,83.15328216552734,2137200
2015-04-01,108.55000305175781,108.8499984741211,108.52999877929688,108.7300033569336,83.5489730834961,2570100
2015-04-02,108.70999908447266,108.7300033569336,108.38999938964844,108.41999816894531,83.31080627441406,1126400
2015-04-06,108.94999694824219,109.04000091552734,108.48999786376953,108.55999755859375,83.41837310791016,1268500
2015-04-07,108.43000030517578,108.69000244140625,108.31999969482422,108.6500015258789,83.487548828125,750700
2015-04-08,108.66999816894531,108.69000244140625,108.33000183105469,108.55000305175781,83.41072082519531,886400
2015-04-09,108.4800033569336,108.48999786376953,108.01000213623047,108.11000061035156,83.0726089477539,890600
2015-04-10,108.31999969482422,108.37999725341797,108.05999755859375,108.08000183105469,83.04955291748047,789700
2015-04-13,108.13999938964844,108.37000274658203,108.12000274658203,108.30000305175781,83.21856689453125,624800
2015-04-14,108.80000305175781,108.97000122070312,108.52999877929688,108.62000274658203,83.46450805664062,825400
2015-04-15,108.79000091552734,108.8499984741211,108.62999725341797,108.68000030517578,83.51061248779297,566400
2015-04-16,108.73999786376953,108.9000015258789,108.43000030517578,108.76000213623047,83.57205963134766,903300
2015-04-17,108.66999816894531,109.12000274658203,108.5999984741211,108.9800033569336,83.74113464355469,1945700
2015-04-20,108.93000030517578,108.95999908447266,108.6500015258789,108.77999877929688,83.58741760253906,878100
2015-04-21,108.69999694824219,108.72000122070312,108.5,108.55000305175781,83.41072082519531,811000
2015-04-22,108.4800033569336,108.4800033569336,107.9000015258789,107.91999816894531,82.92662811279297,725100
2015-04-23,107.98999786376953,108.37999725341797,107.93000030517578,108.25,83.18018341064453,918700
2015-04-24,108.41999816894531,108.66000366210938,108.41000366210938,108.62999725341797,83.47212982177734,739100
2015-04-27,108.51000213623047,108.62000274658203,108.30000305175781,108.45999908447266,83.34154510498047,854400
2015-04-28,108.19999694824219,108.44000244140625,107.91999816894531,107.95999908447266,82.95733642578125,1101100
2015-04-29,107.44999694824219,107.7300033569336,107.30999755859375,107.55999755859375,82.64997863769531,1118000
2015-04-30,107.18000030517578,107.62000274658203,106.95999908447266,107.52999877929688,82.62689971923828,2650600
2015-05-01,107.05000305175781,107.16000366210938,106.69999694824219,106.77999877929688,82.1751708984375,1854300
2015-05-04,106.87000274658203,107.0199966430664,106.55000305175781,106.55999755859375,82.00587463378906,2784900
2015-05-05,106.62000274658203,106.62000274658203,106.12000274658203,106.37999725341797,81.86737060546875,2050800
2015-05-06,106.19999694824219,106.2699966430664,105.73999786376953,105.86000061035156,81.46722412109375,1802100
2015-05-07,106.05000305175781,106.41999816894531,105.97000122070312,106.30999755859375,81.81349182128906,2201300
2015-05-08,106.95999908447266,107.04000091552734,106.5999984741211,106.72000122070312,82.12902069091797,1004300
2015-05-11,106.38999938964844,106.38999938964844,105.63999938964844,105.66999816894531,81.32093048095703,1324400
2015-05-12,105.5,105.97000122070312,105.4000015258789,105.75,81.38246154785156,1431000
2015-05-13,106.1500015258789,106.1500015258789,105.55999755859375,105.61000061035156,81.27481842041016,1221200
2015-05-14,105.75,106.08000183105469,105.75,105.97000122070312,81.55184173583984,617500
2015-05-15,106.27999877929688,106.80000305175781,106.2300033569336,106.7300033569336,82.13671875,854900
2015-05-18,106.30000305175781,106.38999938964844,105.98999786376953,106.01000213623047,81.58262634277344,1000400
2015-05-19,105.52999877929688,105.9800033569336,105.41999816894531,105.54000091552734,81.22093200683594,1240400
2015-05-20,105.80000305175781,106.06999969482422,105.62000274658203,105.7699966430664,81.3979263305664,1682600
2015-05-21,106.0999984741211,106.41999816894531,106.02999877929688,106.4000015258789,81.88273620605469,836700
2015-05-22,106.19999694824219,106.27999877929688,105.94000244140625,106.16000366210938,81.69806671142578,852300
2015-05-26,106.20999908447266,106.81999969482422,106.16999816894531,106.81999969482422,82.20599365234375,1925600
2015-05-27,106.68000030517578,106.83999633789062,106.45999908447266,106.76000213623047,82.15979766845703,1015000
2015-05-28,106.75,106.94999694824219,106.66000366210938,106.86000061035156,82.23674774169922,1068200
2015-05-29,107.05000305175781,107.19000244140625,106.91000366210938,106.91999816894531,82.28292083740234,1148500
2015-06-01,106.7300033569336,106.80999755859375,106.1500015258789,106.27999877929688,81.91988372802734,2161700
2015-06-02,105.87999725341797,105.91000366210938,105.47000122070312,105.54000091552734,81.3495101928711,1484500
2015-06-03,105.13999938964844,105.13999938964844,104.58000183105469,104.63999938964844,80.65577697753906,1703400
2015-06-04,104.86000061035156,105.30000305175781,104.86000061035156,105.1500015258789,81.04886627197266,1594800
2015-06-05,104.41000366210938,104.70999908447266,104.20999908447266,104.38999938964844,80.46307373046875,1384900
2015-06-08,104.66000366210938,104.73999786376953,104.52999877929688,104.54000091552734,80.57868194580078,877800
2015-06-09,104.44999694824219,104.48999786376953,104.08000183105469,104.19999694824219,80.31666564941406,822400
2015-06-10,104.02999877929688,104.08999633789062,103.76000213623047,103.80000305175781,80.00830078125,967000
2015-06-11,104.16000366210938,104.62999725341797,104.0199966430664,104.62000274658203,80.64034271240234,3069700
2015-06-12,104.44000244140625,104.98999786376953,104.41999816894531,104.55999755859375,80.59416961669922,1578100
2015-06-15,105.08999633789062,105.1500015258789,104.70999908447266,104.80999755859375,80.7868423461914,1478800
2015-06-16,105.04000091552734,105.23999786376953,104.88999938964844,105.20999908447266,81.09513092041016,779000
2015-06-17,105.05999755859375,105.37999725341797,104.58000183105469,105.2699966430664,81.14131927490234,1994000
2015-06-18,105.12999725341797,105.29000091552734,104.79000091552734,105.19000244140625,81.0797348022461,1481600
2015-06-19,105.58000183105469,105.77999877929688,105.51000213623047,105.75,81.51129913330078,1849600
2015-06-22,105.27999877929688,105.31999969482422,104.81999969482422,104.86000061035156,80.82534790039062,860300
2015-06-23,104.4800033569336,104.91000366210938,104.43000030517578,104.54000091552734,80.57868194580078,925000
2015-06-24,104.72000122070312,104.9000015258789,104.52999877929688,104.8499984741211,80.81765747070312,1176500
2015-06-25,104.58999633789062,104.7699966430664,104.43000030517578,104.58999633789062,80.61722564697266,919800
2015-06-26,104.19000244140625,104.29000091552734,103.97000122070312,104.08999633789062,80.23185729980469,1441500
2015-06-29,104.75,105.4000015258789,104.61000061035156,105.30000305175781,81.16447448730469,1500900
2015-06-30,104.8499984741211,105.37000274658203,104.8499984741211,105.01000213623047,80.9410171508789,1599400
2015-07-01,104.4000015258789,104.51000213623047,104.1500015258789,104.30000305175781,80.51792907714844,3738800
2015-07-02,104.66000366210938,104.86000061035156,104.58999633789062,104.66999816894531,80.80353546142578,1924600
2015-07-06,105.45999908447266,105.55999755859375,105.0199966430664,105.41000366210938,81.37484741210938,1723300
2015-07-07,105.9800033569336,106.30999755859375,105.63999938964844,105.69000244140625,81.59099578857422,2083900
2015-07-08,105.9000015258789,106.23999786376953,105.79000091552734,106.11000061035156,81.91521453857422,1991200
2015-07-09,105.58999633789062,105.72000122070312,105.3499984741211,105.37000274658203,81.34391021728516,1206900
2015-07-10,104.69000244140625,104.97000122070312,104.45999908447266,104.63999938964844,80.78038787841797,3719900
2015-07-13,104.18000030517578,104.58999633789062,104.18000030517578,104.36000061035156,80.56427001953125,1322300
2015-07-14,104.63999938964844,104.72000122070312,104.54000091552734,104.69000244140625,80.8189926147461,1321600
2015-07-15,104.56999969482422,105.16999816894531,104.55999755859375,105.08999633789062,81.12777709960938,1239500
2015-07-16,104.81999969482422,105.16999816894531,104.75,105.05000305175781,81.09693908691406,811400
2015-07-17,104.94999694824219,105.16000366210938,104.94000244140625,105.05999755859375,81.1045913696289,881300
2015-07-20,104.87999725341797,104.91999816894531,104.66999816894531,104.8499984741211,80.9425277709961,842500
2015-07-21,104.73999786376953,105.19000244140625,104.69999694824219,105.13999938964844,81.1663818359375,676600
2015-07-22,105.16999816894531,105.43000030517578,105.16000366210938,105.2699966430664,81.26668548583984,523800
2015-07-23,105.16999816894531,105.69999694824219,105.13999938964844,105.69999694824219,81.59867858886719,1064800
2015-07-24,105.77999877929688,105.8499984741211,105.61000061035156,105.80000305175781,81.67589569091797,1098400
2015-07-27,106.18000030517578,106.2300033569336,106.0,106.1500015258789,81.94605255126953,1392600
2015-07-28,105.88999938964844,105.98999786376953,105.80000305175781,105.8499984741211,81.7145004272461,6205200
2015-07-29,105.75,106.08999633789062,105.55000305175781,105.69999694824219,81.59867858886719,2107300
2015-07-30,105.62999725341797,105.8499984741211,105.55999755859375,105.81999969482422,81.69136047363281,683200
2015-07-31,106.3499984741211,106.5199966430664,106.23999786376953,106.44000244140625,82.16999053955078,1113000
2015-08-03,106.30000305175781,106.69999694824219,106.26000213623047,106.5999984741211,82.4205093383789,2627700
2015-08-04,106.44999694824219,106.5,105.98999786376953,106.05000305175781,81.99528503417969,1036000
2015-08-05,105.80000305175781,105.81999969482422,105.48999786376953,105.63999938964844,81.67825317382812,1283300
2015-08-06,105.80000305175781,106.05999755859375,105.75,106.01000213623047,81.9643325805664,731700
2015-08-07,106.0999984741211,106.45999908447266,106.04000091552734,106.43000030517578,82.28904724121094,1533700
2015-08-10,106.08000183105469,106.19000244140625,105.87000274658203,105.98999786376953,81.9488525390625,1123900
2015-08-11,106.55999755859375,106.93000030517578,106.55000305175781,106.69000244140625,82.49007415771484,2263800
2015-08-12,106.86000061035156,107.22000122070312,106.63999938964844,106.6500015258789,82.45909881591797,1765700
2015-08-13,106.41000366210938,106.63999938964844,106.27999877929688,106.37000274658203,82.24263000488281,1626500
2015-08-14,106.18000030517578,106.44000244140625,106.08000183105469,106.26000213623047,82.15757751464844,612500
2015-08-17,106.62000274658203,106.69999694824219,106.43000030517578,106.44999694824219,82.30447387695312,905300
2015-08-18,106.2699966430664,106.48999786376953,106.23999786376953,106.27999877929688,82.17306518554688,690400
2015-08-19,106.06999969482422,107.01000213623047,106.05999755859375,106.93000030517578,82.6756591796875,1444500
2015-08-20,107.08999633789062,107.30999755859375,107.01000213623047,107.22000122070312,82.89983367919922,1933300
2015-08-21,107.37000274658203,107.70999908447266,107.25,107.6500015258789,83.23225402832031,2123600
2015-08-24,108.5,108.76000213623047,107.58000183105469,107.83000183105469,83.37149047851562,3074800
2015-08-25,107.41000366210938,107.41999816894531,106.8499984741211,107.23999786376953,82.91529846191406,2925500
2015-08-26,106.75,107.2300033569336,106.48999786376953,106.58000183105469,82.40498352050781,3512900
2015-08-27,106.43000030517578,106.70999908447266,106.33000183105469,106.5199966430664,82.3586196899414,1414100
2015-08-28,106.94999694824219,107.02999877929688,106.45999908447266,106.54000091552734,82.37409973144531,1998000
2015-08-31,106.91999816894531,106.94999694824219,106.33000183105469,106.36000061035156,82.23489379882812,5431600
2015-09-01,106.48999786376953,106.69999694824219,106.37999725341797,106.66999816894531,82.60430908203125,3749700
2015-09-02,106.43000030517578,106.66999816894531,106.33000183105469,106.37999725341797,82.37973022460938,2441700
2015-09-03,106.63999938964844,106.69000244140625,106.37000274658203,106.63999938964844,82.5810775756836,1791300
2015-09-04,106.83999633789062,107.08000183105469,106.62000274658203,106.97000122070312,82.83663177490234,1421300
2015-09-08,106.5199966430664,106.62999725341797,106.41999816894531,106.5,82.47266387939453,1583500
2015-09-09,106.08999633789062,106.68000030517578,106.05999755859375,106.54000091552734,82.50365447998047,1397200
2015-09-10,106.44999694824219,106.45999908447266,106.16999816894531,106.30000305175781,82.3177719116211,1601600
2015-09-11,106.5199966430664,106.70999908447266,106.4800033569336,106.58000183105469,82.53456115722656,1069000
2015-09-14,106.80000305175781,106.80999755859375,106.55999755859375,106.68000030517578,82.61199951171875,897500
2015-09-15,106.47000122070312,106.51000213623047,105.81999969482422,105.83999633789062,81.96155548095703,1903000
2015-09-16,105.77999877929688,106.0199966430664,105.69999694824219,105.80999755859375,81.93830871582031,1305300
2015-09-17,105.76000213623047,106.69999694824219,105.76000213623047,106.69000244140625,82.61980438232422,2394300
2015-09-18,106.97000122070312,107.20999908447266,106.8499984741211,107.19000244140625,83.00698852539062,2074200
2015-09-21,106.80000305175781,107.19000244140625,106.4800033569336,106.58000183105469,82.53456115722656,1591700
2015-09-22,106.98999786376953,107.30000305175781,106.91000366210938,107.11000061035156,82.94503784179688,1395500
2015-09-23,107.02999877929688,107.12000274658203,106.8499984741211,106.98999786376953,82.85211181640625,1364300
2015-09-24,107.43000030517578,107.54000091552734,107.12000274658203,107.1500015258789,82.97602844238281,1393000
2015-09-25,106.83000183105469,106.95999908447266,106.70999908447266,106.87000274658203,82.75919342041016,1564000
2015-09-28,107.0199966430664,107.4800033569336,106.97000122070312,107.4800033569336,83.23152923583984,1926000
2015-09-29,107.56999969482422,107.93000030517578,107.4800033569336,107.8499984741211,83.51807403564453,2460900
2015-09-30,107.62000274658203,107.9000015258789,107.58999633789062,107.87000274658203,83.53356170654297,2676000
2015-10-01,107.9000015258789,108.05000305175781,107.75,107.79000091552734,83.5987319946289,10101300
2015-10-02,108.75,108.97000122070312,108.12999725341797,108.30999755859375,84.00203704833984,3320200
2015-10-05,108.08000183105469,108.08000183105469,107.66999816894531,107.70999908447266,83.53665161132812,3034900
2015-10-06,107.62999725341797,107.9800033569336,107.58999633789062,107.93000030517578,83.70730590820312,2104000
2015-10-07,107.66999816894531,107.80999755859375,107.5199966430664,107.66000366210938,83.4979476928711,2338000
2015-10-08,107.69999694824219,107.79000091552734,107.27999877929688,107.37999725341797,83.28073120117188,2176800
2015-10-09,107.33000183105469,107.52999877929688,107.27999877929688,107.44000244140625,83.32727813720703,1069400
2015-10-12,107.6500015258789,107.81999969482422,107.55999755859375,107.80000305175781,83.60649871826172,1336300
2015-10-13,107.87999725341797,107.94000244140625,107.62000274658203,107.9000015258789,83.68401336669922,1849700
2015-10-14,108.27999877929688,108.51000213623047,108.05999755859375,108.48999786376953,84.14160919189453,1359600
2015-10-15,108.30999755859375,108.33999633789062,108.05000305175781,108.12000274658203,83.85468292236328,1075500
2015-10-16,108.2300033569336,108.2300033569336,107.97000122070312,108.02999877929688,83.78484344482422,1773000
2015-10-19,108.02999877929688,108.05000305175781,107.75,107.9800033569336,83.74606323242188,1744500
2015-10-20,107.66999816894531,107.7300033569336,107.55999755859375,107.61000061035156,83.45911407470703,1134500
2015-10-21,107.80999755859375,108.05000305175781,107.80999755859375,107.9800033569336,83.74606323242188,6576500
2015-10-22,108.02999877929688,108.19999694824219,107.8499984741211,108.08999633789062,83.83138275146484,2411400
2015-10-23,107.62000274658203,107.62000274658203,107.44999694824219,107.4800033569336,83.35829162597656,2029600
2015-10-26,107.66000366210938,107.80000305175781,107.62999725341797,107.76000213623047,83.57544708251953,3131500
2015-10-27,108.0,108.19000244140625,107.94000244140625,108.02999877929688,83.78484344482422,1373100
2015-10-28,107.9800033569336,108.0,107.33000183105469,107.47000122070312,83.35050964355469,2058200
2015-10-29,107.20999908447266,107.22000122070312,106.79000091552734,106.80999755859375,82.8386459350586,1772400
2015-10-30,106.88999938964844,107.08000183105469,106.8499984741211,107.0199966430664,83.00150299072266,3424800
2015-11-02,106.62999725341797,106.69999694824219,106.5199966430664,106.55000305175781,82.76302337646484,5313500
2015-11-03,106.45999908447266,106.5199966430664,106.22000122070312,106.2699966430664,82.54557037353516,1941700
2015-11-04,106.30000305175781,106.47000122070312,106.05999755859375,106.16000366210938,82.46012878417969,1933200
2015-11-05,106.16000366210938,106.19000244140625,105.93000030517578,106.08999633789062,82.40579986572266,1554600
2015-11-06,105.44000244140625,105.5199966430664,105.2300033569336,105.37000274658203,81.84648132324219,2968600
2015-11-09,105.04000091552734,105.3499984741211,105.0199966430664,105.19000244140625,81.70664978027344,3223900
2015-11-10,105.36000061035156,105.58000183105469,105.25,105.38999938964844,81.86202239990234,1467900
2015-11-11,105.29000091552734,105.38999938964844,105.25,105.33999633789062,81.8232192993164,1638100
2015-11-12,105.3499984741211,105.58000183105469,105.3499984741211,105.4000015258789,81.86979675292969,2399100
2015-11-13,105.62000274658203,105.83000183105469,105.62000274658203,105.80000305175781,82.18053436279297,2665300
2015-11-16,105.98999786376953,106.08999633789062,105.81999969482422,105.94000244140625,82.28923034667969,1412800
2015-11-17,105.62000274658203,106.05999755859375,105.54000091552734,105.91000366210938,82.26593017578125,1180000
2015-11-18,105.79000091552734,105.97000122070312,105.68000030517578,105.86000061035156,82.22711944580078,941500
2015-11-19,106.12000274658203,106.19999694824219,106.02999877929688,106.08999633789062,82.40579986572266,1967200
2015-11-20,106.1500015258789,106.2300033569336,105.94999694824219,105.94999694824219,82.29698181152344,1287900
2015-11-23,105.88999938964844,106.18000030517578,105.8499984741211,106.08999633789062,82.40579986572266,1377100
2015-11-24,106.1500015258789,106.31999969482422,106.12000274658203,106.19000244140625,82.48342895507812,1094500
2015-11-25,106.25,106.31999969482422,106.08999633789062,106.25,82.53006744384766,752400
2015-11-27,106.3499984741211,106.44000244140625,106.33999633789062,106.36000061035156,82.61550903320312,759600
2015-11-30,106.3499984741211,106.41999816894531,106.33999633789062,106.4000015258789,82.64653778076172,2266900
2015-12-01,106.23999786376953,106.80999755859375,106.23999786376953,106.80000305175781,83.08611297607422,2805800
2015-12-02,106.55999755859375,106.62999725341797,106.36000061035156,106.5,82.85272979736328,1579000
2015-12-03,106.02999877929688,106.04000091552734,105.16999816894531,105.37999725341797,81.98137664794922,2750500
2015-12-04,105.58999633789062,105.87999725341797,105.48999786376953,105.7699966430664,82.28479766845703,2231500
2015-12-07,105.83000183105469,106.3499984741211,105.80000305175781,106.11000061035156,82.54931640625,1954000
2015-12-08,106.37000274658203,106.37000274658203,106.05000305175781,106.16999816894531,82.59601593017578,1519900
2015-12-09,106.11000061035156,106.45999908447266,105.87000274658203,106.33000183105469,82.72051239013672,3711100
2015-12-10,106.37000274658203,106.37999725341797,106.08999633789062,106.0999984741211,82.54153442382812,1545000
2015-12-11,106.61000061035156,107.08999633789062,106.58000183105469,106.94999694824219,83.20277404785156,3352900
2015-12-14,106.5,106.63999938964844,106.16000366210938,106.16000366210938,82.58821868896484,2204400
2015-12-15,105.76000213623047,105.98999786376953,105.72000122070312,105.88999938964844,82.37811279296875,1591000
2015-12-16,105.69000244140625,105.9800033569336,105.4000015258789,105.61000061035156,82.16033935546875,1911800
2015-12-17,105.76000213623047,106.11000061035156,105.76000213623047,106.05000305175781,82.5026626586914,1202600
2015-12-18,106.30000305175781,106.54000091552734,106.20999908447266,106.43000030517578,82.79827117919922,4396700
2015-12-21,106.38999938964844,106.61000061035156,106.38999938964844,106.4800033569336,82.83714294433594,1603200
2015-12-22,106.30000305175781,106.36000061035156,106.08000183105469,106.18000030517578,82.6037368774414,1411800
2015-12-23,105.9000015258789,105.98999786376953,105.80000305175781,105.94000244140625,82.41705322265625,1380800
2015-12-24,105.86000061035156,105.97000122070312,105.77999877929688,105.97000122070312,82.56822967529297,654200
2015-12-28,105.94000244140625,106.16000366210938,105.87999725341797,105.98999786376953,82.58381652832031,2198300
2015-12-29,105.87999725341797,105.87999725341797,105.3499984741211,105.43000030517578,82.14747619628906,1752500
2015-12-30,105.3499984741211,105.58999633789062,105.27999877929688,105.47000122070312,82.17864227294922,1358100
2015-12-31,105.63999938964844,105.79000091552734,105.5,105.58999633789062,82.27207946777344,1906000
2016-01-04,106.08999633789062,106.4000015258789,105.98999786376953,106.04000091552734,82.62272644042969,6183700
2016-01-05,105.97000122070312,106.19999694824219,105.83000183105469,106.01000213623047,82.59934997558594,2122800
2016-01-06,106.45999908447266,106.66999816894531,106.37000274658203,106.6500015258789,83.09805297851562,1906100
2016-01-07,106.79000091552734,106.87999725341797,106.41999816894531,106.87999725341797,83.27728271484375,3106000
2016-01-08,106.77999877929688,107.19999694824219,106.69000244140625,107.1500015258789,83.48763275146484,1783200
2016-01-11,106.77999877929688,107.05000305175781,106.69999694824219,106.80999755859375,83.22273254394531,4816100
2016-01-12,106.7699966430664,107.52999877929688,106.69999694824219,107.29000091552734,83.5967025756836,8962500
2016-01-13,107.22000122070312,107.86000061035156,107.12999725341797,107.70999908447266,83.92394256591797,2664100
2016-01-14,107.5999984741211,107.80000305175781,107.23999786376953,107.48999786376953,83.75251770019531,2597300
2016-01-15,108.16999816894531,108.19000244140625,107.88999938964844,107.98999786376953,84.14210510253906,4334300
2016-01-19,107.81999969482422,108.08999633789062,107.72000122070312,107.8499984741211,84.03305053710938,4896500
2016-01-20,108.37000274658203,108.77999877929688,108.30000305175781,108.37999725341797,84.4460220336914,4949100
2016-01-21,108.5199966430664,108.62999725341797,108.04000091552734,108.11000061035156,84.23560333251953,2385700
2016-01-22,107.75,107.95999908447266,107.62000274658203,107.87000274658203,84.04864501953125,1735600
2016-01-25,108.11000061035156,108.23999786376953,108.0,108.2300033569336,84.32913970947266,1190900
2016-01-26,108.2300033569336,108.43000030517578,108.12999725341797,108.30999755859375,84.39142608642578,1288000
2016-01-27,108.2300033569336,108.41999816894531,107.8499984741211,108.38999938964844,84.45380401611328,1802300
2016-01-28,108.2300033569336,108.58999633789062,108.18000030517578,108.52999877929688,84.56290435791016,2222900
2016-01-29,108.91000366210938,109.18000030517578,108.77999877929688,109.11000061035156,85.01476287841797,3805500
2016-02-01,108.80999755859375,108.94999694824219,108.55999755859375,108.69999694824219,84.81895446777344,6813000
2016-02-02,109.22000122070312,109.55000305175781,109.20999908447266,109.47000122070312,85.41975402832031,4141600
2016-02-03,109.37000274658203,110.06999969482422,109.31999969482422,109.3499984741211,85.32616424560547,12145000
2016-02-04,109.4800033569336,109.6500015258789,109.29000091552734,109.61000061035156,85.52900695800781,2431100
2016-02-05,109.4000015258789,109.81999969482422,109.30999755859375,109.75,85.63822937011719,1440200
2016-02-08,110.13999938964844,110.6500015258789,110.08000183105469,110.56999969482422,86.278076171875,2824800
2016-02-09,110.91999816894531,110.91999816894531,110.48999786376953,110.58999633789062,86.2936782836914,2679600
2016-02-10,110.56999969482422,110.95999908447266,110.30999755859375,110.91999816894531,86.55125427246094,2027200
2016-02-11,111.73999786376953,112.01000213623047,111.30000305175781,111.43000030517578,86.9491958618164,3743000
2016-02-12,110.94000244140625,111.08999633789062,110.37999725341797,110.58000183105469,86.28594207763672,3258700
2016-02-16,110.37999725341797,110.4000015258789,110.11000061035156,110.25,86.02838897705078,2816800
2016-02-17,110.0199966430664,110.04000091552734,109.66999816894531,109.9800033569336,85.81768035888672,4856500
2016-02-18,109.87999725341797,110.54000091552734,109.87999725341797,110.48999786376953,86.21566009521484,3125700
2016-02-19,110.38999938964844,110.62999725341797,110.29000091552734,110.48999786376953,86.21566009521484,1340000
2016-02-22,110.37999725341797,110.47000122070312,110.30000305175781,110.37999725341797,86.12986755371094,1012200
2016-02-23,110.08999633789062,110.69999694824219,110.04000091552734,110.5999984741211,86.30152130126953,2257800
2016-02-24,111.0199966430664,111.38999938964844,110.48999786376953,110.5999984741211,86.30152130126953,2947700
2016-02-25,110.91999816894531,111.16000366210938,110.69999694824219,110.93000030517578,86.55900573730469,1983600
2016-02-26,110.3499984741211,110.5,110.2300033569336,110.38999938964844,86.1376724243164,2957900
2016-02-29,110.4000015258789,110.62999725341797,110.33999633789062,110.56999969482422,86.278076171875,3861600
2016-03-01,110.54000091552734,110.54000091552734,109.5,109.55000305175781,85.60377502441406,5901200
2016-03-02,109.2699966430664,109.4000015258789,109.16000366210938,109.36000061035156,85.45525360107422,3011200
2016-03-03,109.33999633789062,109.62000274658203,109.25,109.48999786376953,85.55683135986328,2093000
2016-03-04,109.2699966430664,109.44000244140625,108.93000030517578,109.12000274658203,85.26771545410156,1781200
2016-03-07,108.94999694824219,108.9800033569336,108.80999755859375,108.9000015258789,85.09586334228516,2349400
2016-03-08,109.54000091552734,109.75,109.45999908447266,109.52999877929688,85.58811950683594,1747600
2016-03-09,109.19000244140625,109.31999969482422,108.9800033569336,109.0999984741211,85.25212860107422,1537800
2016-03-10,109.11000061035156,109.23999786376953,108.54000091552734,108.70999908447266,84.94732666015625,2798700
2016-03-11,108.7300033569336,108.7300033569336,108.30999755859375,108.4000015258789,84.70513153076172,1785000
2016-03-14,108.54000091552734,108.69000244140625,108.43000030517578,108.4800033569336,84.76765441894531,2661800
2016-03-15,108.70999908447266,108.80000305175781,108.43000030517578,108.45999908447266,84.75201416015625,2960800
2016-03-16,108.30999755859375,110.95999908447266,108.19999694824219,109.02999877929688,85.19743347167969,2052300
2016-03-17,109.1500015258789,109.2699966430664,109.06999969482422,109.1500015258789,85.29117584228516,2745500
2016-03-18,109.30000305175781,109.47000122070312,109.20999908447266,109.33999633789062,85.43964385986328,2434600
2016-03-21,109.0999984741211,109.18000030517578,108.98999786376953,109.02999877929688,85.19743347167969,1725000
2016-03-22,109.27999877929688,109.30000305175781,108.7699966430664,108.80000305175781,85.01768493652344,1437700
2016-03-23,108.91999816894531,109.4000015258789,108.91999816894531,109.30000305175781,85.40839385986328,1405400
2016-03-24,109.4800033569336,109.58000183105469,109.01000213623047,109.19000244140625,85.32241821289062,1548200
2016-03-28,109.30999755859375,109.5199966430664,109.2300033569336,109.3499984741211,85.44749450683594,1291400
2016-03-29,109.5999984741211,110.08999633789062,109.52999877929688,110.08999633789062,86.02570343017578,2981000
2016-03-30,109.83999633789062,110.0199966430664,109.61000061035156,109.94000244140625,85.90849304199219,2808800
2016-03-31,110.06999969482422,110.44000244140625,109.91999816894531,110.33999633789062,86.22105407714844,3759100
2016-04-01,110.18000030517578,110.30999755859375,109.91000366210938,110.13999938964844,86.19602966308594,5489100
2016-04-04,110.25,110.33999633789062,110.11000061035156,110.2699966430664,86.29774475097656,3035600
2016-04-05,110.68000030517578,110.76000213623047,110.55000305175781,110.70999908447266,86.64210510253906,1951500
2016-04-06,110.56999969482422,110.66000366210938,110.33000183105469,110.47000122070312,86.45426177978516,1646000
2016-04-07,110.77999877929688,111.08999633789062,110.73999786376953,111.04000091552734,86.90037536621094,2069600
2016-04-08,110.80999755859375,110.88999938964844,110.68000030517578,110.87000274658203,86.76731872558594,1309500
2016-04-11,110.5999984741211,110.91999816894531,110.56999969482422,110.8499984741211,86.75167846679688,879600
2016-04-12,110.54000091552734,110.66000366210938,110.33000183105469,110.41000366210938,86.40727996826172,1363200
2016-04-13,110.25,110.55999755859375,110.22000122070312,110.48999786376953,86.46993255615234,1466400
2016-04-14,110.2699966430664,110.41999816894531,110.13999938964844,110.2300033569336,86.26643371582031,1403900
2016-04-15,110.3499984741211,110.66000366210938,110.30999755859375,110.55999755859375,86.52471923828125,1657800
2016-04-18,110.4800033569336,110.4800033569336,110.27999877929688,110.44999694824219,86.43862915039062,1297800
2016-04-19,110.30000305175781,110.38999938964844,110.12999725341797,110.2699966430664,86.29774475097656,1219600
2016-04-20,110.27999877929688,110.44999694824219,109.68000030517578,109.70999908447266,85.85955047607422,1939800
2016-04-21,109.47000122070312,109.66000366210938,109.4000015258789,109.52999877929688,85.71862030029297,1636600
2016-04-22,109.52999877929688,109.58999633789062,109.33999633789062,109.41000366210938,85.62474060058594,952100
2016-04-25,109.36000061035156,109.5,109.27999877929688,109.29000091552734,85.53081512451172,1416300
2016-04-26,109.23999786376953,109.25,109.0,109.05999755859375,85.3508071899414,1127100
2016-04-27,109.3499984741211,109.76000213623047,109.19000244140625,109.66000366210938,85.82035827636719,1734000
2016-04-28,109.68000030517578,110.06999969482422,109.62999725341797,110.04000091552734,86.11775207519531,2807300
2016-04-29,109.81999969482422,110.0999984741211,109.72000122070312,110.0,86.08647155761719,2858500
2016-05-02,109.66000366210938,109.79000091552734,109.51000213623047,109.5199966430664,85.83647155761719,2226800
2016-05-03,110.13999938964844,110.2699966430664,110.08000183105469,110.16999816894531,86.34587097167969,2330900
2016-05-04,110.19000244140625,110.38999938964844,110.0,110.37000274658203,86.50263214111328,1176900
2016-05-05,110.33000183105469,110.66999816894531,110.13999938964844,110.66999816894531,86.73773956298828,1257500
2016-05-06,110.58999633789062,110.63999938964844,110.29000091552734,110.41000366210938,86.53398132324219,1675600
2016-05-09,110.55000305175781,110.62999725341797,110.45999908447266,110.62000274658203,86.6985092163086,1459900
2016-05-10,110.56999969482422,110.6500015258789,110.4800033569336,110.5999984741211,86.68290710449219,1506900
2016-05-11,110.55000305175781,110.88999938964844,110.48999786376953,110.7699966430664,86.81614685058594,1606800
2016-05-12,110.44000244140625,110.5999984741211,110.36000061035156,110.47000122070312,86.58096313476562,1261500
2016-05-13,110.54000091552734,110.91999816894531,110.48999786376953,110.88999938964844,86.91014862060547,5007300
2016-05-16,110.62000274658203,110.62000274658203,110.44999694824219,110.48999786376953,86.59667205810547,1708100
2016-05-17,110.41000366210938,110.56999969482422,110.33000183105469,110.33999633789062,86.47908782958984,1158700
2016-05-18,110.0999984741211,110.12000274658203,109.31999969482422,109.44999694824219,85.78157043457031,2946500
2016-05-19,109.56999969482422,109.7300033569336,109.51000213623047,109.55999755859375,85.86776733398438,1345000
2016-05-20,109.58000183105469,109.73999786376953,109.4800033569336,109.62999725341797,85.92262268066406,1059400
2016-05-23,109.72000122070312,109.80000305175781,109.56999969482422,109.69999694824219,85.97749328613281,892300
2016-05-24,109.51000213623047,109.62999725341797,109.36000061035156,109.5199966430664,85.83647155761719,965200
2016-05-25,109.48999786376953,109.62999725341797,109.41999816894531,109.47000122070312,85.79723358154297,890300
2016-05-26,109.6500015258789,109.9000015258789,109.58000183105469,109.80999755859375,86.06373596191406,998200
2016-05-27,109.8499984741211,109.88999938964844,109.47000122070312,109.5999984741211,85.8991470336914,1995300
2016-05-31,109.33000183105469,109.83999633789062,109.33000183105469,109.7300033569336,86.00103759765625,1734700
2016-06-01,109.8499984741211,109.9000015258789,109.4800033569336,109.52999877929688,85.97200012207031,2786400
2016-06-02,109.69999694824219,109.94999694824219,109.69999694824219,109.87000274658203,86.23881530761719,5038500
2016-06-03,110.72000122070312,110.91000366210938,110.69000244140625,110.88999938964844,87.03948974609375,1971300
2016-06-06,110.66000366210938,110.80999755859375,110.56999969482422,110.5999984741211,86.81185150146484,1715700
2016-06-07,110.80999755859375,110.88999938964844,110.75,110.76000213623047,86.93744659423828,2672900
2016-06-08,110.83999633789062,110.94000244140625,110.79000091552734,110.88999938964844,87.03948974609375,1284200
2016-06-09,111.20999908447266,111.25,111.05000305175781,111.05999755859375,87.17292022705078,1328400
2016-06-10,111.38999938964844,111.58000183105469,111.2699966430664,111.44999694824219,87.47901916503906,1878900
2016-06-13,111.6500015258789,111.75,111.4800033569336,111.66999816894531,87.6517562866211,1026200
2016-06-14,111.95999908447266,111.95999908447266,111.61000061035156,111.63999938964844,87.62813568115234,1390600
2016-06-15,111.63999938964844,112.0999984741211,111.63999938964844,111.9800033569336,87.89502716064453,2377600
2016-06-16,112.27999877929688,112.52999877929688,111.98999786376953,112.0999984741211,87.98922729492188,3088700
2016-06-17,112.0,112.0,111.63999938964844,111.72000122070312,87.69096374511719,3140900
2016-06-20,111.2300033569336,111.30999755859375,111.16000366210938,111.23999786376953,87.3141860961914,1956500
2016-06-21,111.22000122070312,111.36000061035156,110.97000122070312,110.98999786376953,87.1179428100586,1494500
2016-06-22,110.98999786376953,111.2300033569336,110.95999908447266,111.20999908447266,87.29063415527344,1378700
2016-06-23,110.75,110.9800033569336,110.6500015258789,110.68000030517578,86.87464904785156,1715000
2016-06-24,112.47000122070312,112.4800033569336,112.08999633789062,112.20999908447266,88.07555389404297,4390000
2016-06-27,112.95999908447266,113.23999786376953,112.9000015258789,113.18000030517578,88.83692932128906,4493700
2016-06-28,113.1500015258789,113.2300033569336,112.94999694824219,113.16000366210938,88.82122039794922,1799700
2016-06-29,113.06999969482422,113.16000366210938,112.69000244140625,112.69999694824219,88.46015930175781,2670900
2016-06-30,112.87999725341797,113.19999694824219,112.72000122070312,112.94999694824219,88.65638732910156,5690800
2016-07-01,113.30000305175781,113.31999969482422,112.87000274658203,113.08999633789062,88.89063262939453,5292300
2016-07-05,113.51000213623047,113.91000366210938,113.47000122070312,113.70999908447266,89.3779296875,2926300
2016-07-06,113.81999969482422,113.83999633789062,113.55000305175781,113.7300033569336,89.3936996459961,1921600
2016-07-07,113.5199966430664,113.7699966430664,113.31999969482422,113.58000183105469,89.2757797241211,1323000
2016-07-08,113.58999633789062,113.83000183105469,113.41999816894531,113.80000305175781,89.44869232177734,2097900
2016-07-11,113.4800033569336,113.58000183105469,113.19999694824219,113.19999694824219,88.97706604003906,2728800
2016-07-12,112.73999786376953,112.83000183105469,112.37999725341797,112.52999877929688,88.45044708251953,4116200
2016-07-13,112.86000061035156,113.0199966430664,112.77999877929688,112.81999969482422,88.67838287353516,3077200
2016-07-14,112.19999694824219,112.48999786376953,112.18000030517578,112.3499984741211,88.30899810791016,2761900
2016-07-15,112.02999877929688,112.0999984741211,111.80000305175781,111.91999816894531,87.97100067138672,2811600
2016-07-18,112.0999984741211,112.19999694824219,111.77999877929688,111.88999938964844,87.94742584228516,4173500
2016-07-19,112.16000366210938,112.29000091552734,112.05999755859375,112.19000244140625,88.18321990966797,4171900
2016-07-20,112.02999877929688,112.02999877929688,111.8499984741211,111.95999908447266,88.0024642944336,2213700
2016-07-21,111.68000030517578,112.25,111.66000366210938,112.20999908447266,88.19893646240234,1944700
2016-07-22,111.95999908447266,112.31999969482422,111.91999816894531,112.12000274658203,88.12818145751953,1140000
2016-07-25,112.08999633789062,112.2300033569336,112.01000213623047,112.02999877929688,88.05744934082031,889100
2016-07-26,112.19999694824219,112.19999694824219,111.88999938964844,112.0999984741211,88.11250305175781,1694100
2016-07-27,112.23999786376953,112.58000183105469,112.11000061035156,112.58000183105469,88.4897689819336,1962700
2016-07-28,112.4000015258789,112.73999786376953,112.36000061035156,112.63999938964844,88.53697204589844,1220200
2016-07-29,112.8499984741211,113.0999984741211,112.76000213623047,113.06999969482422,88.87492370605469,2386800
2016-08-01,112.55999755859375,112.7699966430664,112.4800033569336,112.5199966430664,88.56632995605469,2479100
2016-08-02,112.0199966430664,112.4800033569336,112.0199966430664,112.25,88.35382843017578,2920500
2016-08-03,112.31999969482422,112.3499984741211,112.0199966430664,112.30999755859375,88.40103912353516,1148600
2016-08-04,112.55000305175781,112.80000305175781,112.54000091552734,112.58000183105469,88.61359405517578,1065000
2016-08-05,112.26000213623047,112.36000061035156,111.87000274658203,111.87999725341797,88.06259155273438,2368100
2016-08-08,111.75,111.98999786376953,111.63999938964844,111.81999969482422,88.015380859375,1304000
2016-08-09,111.94999694824219,112.26000213623047,111.88999938964844,112.22000122070312,88.33021545410156,1817000
2016-08-10,112.27999877929688,112.5999984741211,112.26000213623047,112.5199966430664,88.56632995605469,1262500
2016-08-11,112.43000030517578,112.5,111.87000274658203,111.9800033569336,88.1413345336914,1823600
2016-08-12,112.54000091552734,112.69999694824219,112.3499984741211,112.37999725341797,88.45613861083984,1377100
2016-08-15,112.20999908447266,112.27999877929688,112.02999877929688,112.05000305175781,88.19644165039062,1031800
2016-08-16,111.94999694824219,112.05000305175781,111.7699966430664,111.86000061035156,88.04686737060547,1433500
2016-08-17,111.88999938964844,112.19000244140625,111.75,112.04000091552734,88.18853759765625,1733900
2016-08-18,112.12000274658203,112.31999969482422,111.94999694824219,112.23999786376953,88.34597778320312,1245600
2016-08-19,111.93000030517578,112.04000091552734,111.72000122070312,111.86000061035156,88.04686737060547,1396700
2016-08-22,112.11000061035156,112.19999694824219,111.98999786376953,112.11000061035156,88.2436294555664,1084600
2016-08-23,112.19000244140625,112.30000305175781,112.0,112.0999984741211,88.23576354980469,939900
2016-08-24,112.19000244140625,112.22000122070312,111.97000122070312,112.05999755859375,88.20433044433594,1345600
2016-08-25,111.95999908447266,112.08000183105469,111.86000061035156,111.87999725341797,88.06259155273438,1037700
2016-08-26,112.05000305175781,112.31999969482422,111.37000274658203,111.44999694824219,87.72417449951172,1988300
2016-08-29,111.6500015258789,111.9800033569336,111.63999938964844,111.91000366210938,88.08621215820312,1497400
2016-08-30,111.95999908447266,112.0,111.83999633789062,111.9000015258789,88.078369140625,2498400
2016-08-31,111.91000366210938,112.05000305175781,111.7699966430664,111.7699966430664,87.9759750366211,2008100
2016-09-01,111.33000183105469,111.81999969482422,111.2699966430664,111.79000091552734,88.11392211914062,1775900
2016-09-02,111.58000183105469,111.66999816894531,111.30999755859375,111.5,87.88539123535156,1550100
2016-09-06,111.47000122070312,112.0999984741211,111.41999816894531,112.0199966430664,88.29525756835938,1284000
2016-09-07,112.18000030517578,112.26000213623047,112.0199966430664,112.08000183105469,88.3425521850586,836800
2016-09-08,111.87000274658203,111.97000122070312,111.4000015258789,111.52999877929688,87.90900421142578,1287300
2016-09-09,111.12999725341797,111.1500015258789,110.94999694824219,111.0,87.49124908447266,1700700
2016-09-12,110.87999725341797,111.19000244140625,110.83999633789062,111.0999984741211,87.57012939453125,1446600
2016-09-13,111.18000030517578,111.19000244140625,110.44000244140625,110.69000244140625,87.24694061279297,1993700
2016-09-14,110.70999908447266,111.08999633789062,110.70999908447266,110.94000244140625,87.44397735595703,1062100
2016-09-15,110.87999725341797,111.05000305175781,110.66999816894531,110.97000122070312,87.4676284790039,994100
2016-09-16,111.0999984741211,111.16999816894531,110.94999694824219,111.08999633789062,87.56220245361328,833600
2016-09-19,110.98999786376953,111.08000183105469,110.9000015258789,110.9000015258789,87.4124755859375,490400
2016-09-20,111.02999877929688,111.22000122070312,110.98999786376953,111.06999969482422,87.54644775390625,1177800
2016-09-21,110.94999694824219,111.30000305175781,110.83000183105469,111.25,87.68833923339844,1108300
2016-09-22,111.44000244140625,111.70999908447266,111.41000366210938,111.58000183105469,87.94841003417969,1012300
2016-09-23,111.52999877929688,111.69999694824219,111.5,111.62999725341797,87.9878158569336,952500
2016-09-26,111.77999877929688,112.05000305175781,111.76000213623047,111.94999694824219,88.24006652832031,764000
2016-09-27,112.2699966430664,112.2699966430664,112.02999877929688,112.13999938964844,88.38984680175781,1583700
2016-09-28,112.19000244140625,112.30000305175781,112.05000305175781,112.08999633789062,88.35039520263672,594800
2016-09-29,111.88999938964844,112.33000183105469,111.81999969482422,112.16000366210938,88.40562438964844,1123900
2016-09-30,112.16999816894531,112.19999694824219,111.72000122070312,111.87999725341797,88.18494415283203,1774600
2016-10-03,111.69999694824219,111.7300033569336,111.44999694824219,111.47000122070312,87.97969055175781,3112000
2016-10-04,111.33000183105469,111.43000030517578,110.94999694824219,110.95999908447266,87.5771484375,3949600
2016-10-05,110.91000366210938,110.94999694824219,110.58999633789062,110.70999908447266,87.37982177734375,1490600
2016-10-06,110.58999633789062,110.7699966430664,110.45999908447266,110.4800033569336,87.19830322265625,1577400
2016-10-07,110.58000183105469,110.72000122070312,110.37999725341797,110.63999938964844,87.32460021972656,1601100
2016-10-10,110.4000015258789,110.4000015258789,110.18000030517578,110.3499984741211,87.09571075439453,1067000
2016-10-11,110.33000183105469,110.51000213623047,110.19999694824219,110.31999969482422,87.072021484375,1942600
2016-10-12,110.2300033569336,110.31999969482422,110.0999984741211,110.31999969482422,87.072021484375,1037800
2016-10-13,110.51000213623047,110.69000244140625,110.51000213623047,110.55000305175781,87.25358581542969,1188400
2016-10-14,110.2699966430664,110.56999969482422,110.18000030517578,110.20999908447266,86.98519134521484,2105300
2016-10-17,110.31999969482422,110.55000305175781,110.31999969482422,110.44999694824219,87.17461395263672,1490800
2016-10-18,110.30999755859375,110.66999816894531,110.30000305175781,110.66999816894531,87.34825134277344,1484400
2016-10-19,110.51000213623047,110.80000305175781,110.51000213623047,110.72000122070312,87.38777160644531,1264200
2016-10-20,110.87999725341797,110.87999725341797,110.58000183105469,110.62000274658203,87.30878448486328,979900
2016-10-21,110.77999877929688,110.77999877929688,110.58999633789062,110.73999786376953,87.40353393554688,571100
2016-10-24,110.80999755859375,110.80999755859375,110.45999908447266,110.58999633789062,87.28512573242188,900800
2016-10-25,110.44999694824219,110.73999786376953,110.43000030517578,110.56999969482422,87.26933288574219,735100
2016-10-26,110.41000366210938,110.45999908447266,110.29000091552734,110.33000183105469,87.0799331665039,1136600
2016-10-27,109.94999694824219,110.0,109.72000122070312,109.94999694824219,86.77999114990234,3668500
2016-10-28,109.8499984741211,110.05999755859375,109.80000305175781,109.97000122070312,86.79578399658203,1313200
2016-10-31,110.0999984741211,110.13999938964844,109.95999908447266,110.05999755859375,86.86679077148438,4413900
2016-11-01,109.58999633789062,110.12000274658203,109.52999877929688,109.91000366210938,86.87000274658203,2004000
2016-11-02,110.11000061035156,110.43000030517578,110.02999877929688,110.23999786376953,87.13082122802734,1455900
2016-11-03,110.08000183105469,110.2300033569336,110.01000213623047,110.16999816894531,87.07548522949219,686600
2016-11-04,110.30000305175781,110.55999755859375,110.27999877929688,110.51000213623047,87.34420013427734,1699800
2016-11-07,110.0999984741211,110.16999816894531,110.01000213623047,110.05000305175781,86.98062133789062,2617900
2016-11-08,110.06999969482422,110.11000061035156,109.61000061035156,109.66000366210938,86.67237091064453,1182200
2016-11-09,109.16000366210938,109.16000366210938,107.91000366210938,107.98999786376953,85.35244750976562,6381300
2016-11-10,107.66999816894531,108.02999877929688,107.31999969482422,107.33999633789062,84.8387222290039,5445300
2016-11-11,107.55000305175781,107.63999938964844,107.08000183105469,107.12000274658203,84.66482543945312,2482900
2016-11-14,106.5,106.9000015258789,106.27999877929688,106.5,84.17481994628906,3753800
2016-11-15,106.48999786376953,106.69000244140625,106.41999816894531,106.5,84.17481994628906,1391700
2016-11-16,106.2699966430664,106.66999816894531,106.2699966430664,106.5999984741211,84.25384521484375,2765700
2016-11-17,106.41999816894531,106.4800033569336,106.05000305175781,106.12999725341797,83.88236236572266,2499200
2016-11-18,106.0999984741211,106.20999908447266,105.55999755859375,105.66000366210938,83.51093292236328,4093700
2016-11-21,105.73999786376953,105.88999938964844,105.62999725341797,105.75,83.58203887939453,1364300
2016-11-22,105.88999938964844,106.08000183105469,105.75,105.8499984741211,83.66101837158203,1744700
2016-11-23,105.25,105.58999633789062,105.0,105.47000122070312,83.36072540283203,4607100
2016-11-25,105.51000213623047,105.55999755859375,105.23999786376953,105.37999725341797,83.28958129882812,948200
2016-11-28,105.7300033569336,105.9000015258789,105.62000274658203,105.86000061035156,83.66898345947266,2474800
2016-11-29,105.68000030517578,106.0,105.61000061035156,105.97000122070312,83.75591278076172,1745000
2016-11-30,105.29000091552734,105.52999877929688,105.16999816894531,105.26000213623047,83.19471740722656,3362500
2016-12-01,104.62000274658203,104.80999755859375,104.30999755859375,104.70999908447266,82.87738800048828,3467600
2016-12-02,104.93000030517578,105.31999969482422,104.93000030517578,105.18000030517578,83.24932861328125,1660400
2016-12-05,104.83000183105469,105.4000015258789,104.70999908447266,105.13999938964844,83.2176513671875,2281600
2016-12-06,105.16999816894531,105.27999877929688,105.08000183105469,105.18000030517578,83.24932861328125,989400
2016-12-07,105.37000274658203,105.58000183105469,105.36000061035156,105.52999877929688,83.5263671875,1237600
2016-12-08,105.19000244140625,105.26000213623047,105.02999877929688,105.12999725341797,83.20975494384766,1357500
2016-12-09,105.08000183105469,105.19999694824219,104.54000091552734,104.58999633789062,82.7823715209961,3261000
2016-12-12,104.5199966430664,104.72000122070312,104.37000274658203,104.61000061035156,82.7982177734375,1538200
2016-12-13,104.79000091552734,104.86000061035156,104.4800033569336,104.66999816894531,82.84568786621094,1993500
2016-12-14,105.0199966430664,105.0999984741211,103.77999877929688,103.80000305175781,82.15709686279297,3941000
2016-12-15,103.77999877929688,103.81999969482422,103.43000030517578,103.51000213623047,81.92755126953125,1999200
2016-12-16,103.69000244140625,103.95999908447266,103.45999908447266,103.63999938964844,82.03048706054688,1811800
2016-12-19,104.0,104.16999816894531,103.87999725341797,104.12000274658203,82.41040802001953,1691800
2016-12-20,103.75,103.95999908447266,103.68000030517578,103.9000015258789,82.23625183105469,969400
2016-12-21,104.0,104.12999725341797,103.94000244140625,104.06999969482422,82.37079620361328,1870500
2016-12-22,103.79000091552734,103.94999694824219,103.70999908447266,103.86000061035156,82.3351058959961,1872100
2016-12-23,103.97000122070312,104.08000183105469,103.94000244140625,103.95999908447266,82.41438293457031,830400
2016-12-27,103.70999908447266,103.80999755859375,103.69999694824219,103.80999755859375,82.29548645019531,1148800
2016-12-28,103.86000061035156,104.30000305175781,103.79000091552734,104.19000244140625,82.59674835205078,1369800
2016-12-29,104.36000061035156,104.66000366210938,104.36000061035156,104.51000213623047,82.85040283203125,1328600
2016-12-30,104.55999755859375,104.95999908447266,104.52999877929688,104.81999969482422,83.0961685180664,2439500
2017-01-03,104.3499984741211,104.88999938964844,104.29000091552734,104.7699966430664,83.05648803710938,3230500
2017-01-04,104.7300033569336,104.94000244140625,104.62000274658203,104.88999938964844,83.1516342163086,1523000
2017-01-05,105.0999984741211,105.68000030517578,105.02999877929688,105.56999969482422,83.69071960449219,3344400
2017-01-06,105.18000030517578,105.37999725341797,105.04000091552734,105.08999633789062,83.3101806640625,1601400
2017-01-09,105.47000122070312,105.52999877929688,105.36000061035156,105.48999786376953,83.6273422241211,1275000
2017-01-10,105.44000244140625,105.5999984741211,105.38999938964844,105.44000244140625,83.587646484375,1352700
2017-01-11,105.5,105.93000030517578,105.30999755859375,105.55999755859375,83.68281555175781,1833700
2017-01-12,105.81999969482422,106.02999877929688,105.58999633789062,105.62000274658203,83.73036193847656,1544700
2017-01-13,105.37000274658203,105.55999755859375,105.05000305175781,105.38999938964844,83.54808044433594,1833200
2017-01-17,105.97000122070312,106.02999877929688,105.7300033569336,105.91999816894531,83.96817779541016,1656800
2017-01-18,105.5999984741211,105.69000244140625,105.12999725341797,105.16999816894531,83.37361907958984,3640400
2017-01-19,104.83000183105469,104.88999938964844,104.55999755859375,104.7699966430664,83.05648803710938,1840000
2017-01-20,104.63999938964844,104.91999816894531,104.4800033569336,104.81999969482422,83.0961685180664,1306400
2017-01-23,105.01000213623047,105.56999969482422,104.83999633789062,105.37000274658203,83.53218078613281,1720200
2017-01-24,105.13999938964844,105.27999877929688,104.83000183105469,104.97000122070312,83.2150650024414,1344000
2017-01-25,104.55000305175781,104.68000030517578,104.30999755859375,104.44999694824219,82.8028335571289,1816000
2017-01-26,104.41000366210938,104.62000274658203,104.18000030517578,104.58999633789062,82.91383361816406,2212900
2017-01-27,104.6500015258789,104.80000305175781,104.63999938964844,104.72000122070312,83.01696014404297,2285200
2017-01-30,104.73999786376953,104.94999694824219,104.69000244140625,104.69000244140625,82.99308776855469,1909300
2017-01-31,104.79000091552734,105.22000122070312,104.79000091552734,105.05000305175781,83.27852630615234,1411700
2017-02-01,104.55999755859375,104.8499984741211,104.38999938964844,104.69000244140625,83.11892700195312,2055100
2017-02-02,105.02999877929688,105.0999984741211,104.72000122070312,104.7300033569336,83.15067291259766,1423500
2017-02-03,105.0,105.22000122070312,104.62000274658203,104.80999755859375,83.21416473388672,1711100
2017-02-06,105.23999786376953,105.41000366210938,105.0,105.30999755859375,83.61117553710938,1500500
2017-02-07,105.25,105.69000244140625,105.18000030517578,105.5,83.76204681396484,1540600
2017-02-08,105.5,106.0,105.5,105.93000030517578,84.10344696044922,3182200
2017-02-09,105.93000030517578,105.93000030517578,105.27999877929688,105.30000305175781,83.60319519042969,1530200
2017-02-10,105.06999969482422,105.30999755859375,105.06999969482422,105.2300033569336,83.54772186279297,1646400
2017-02-13,105.0,105.08000183105469,104.87999725341797,105.06999969482422,83.42057037353516,1045200
2017-02-14,105.0199966430664,105.0999984741211,104.45999908447266,104.69000244140625,83.11892700195312,2318100
2017-02-15,104.33000183105469,104.55999755859375,104.31999969482422,104.48999786376953,82.96012878417969,2750900
2017-02-16,104.5999984741211,105.01000213623047,104.5999984741211,104.91000366210938,83.2936019897461,2459800
2017-02-17,105.19999694824219,105.31999969482422,105.12000274658203,105.19000244140625,83.51587677001953,2237700
2017-02-21,104.94000244140625,105.27999877929688,104.91999816894531,105.13999938964844,83.4761962890625,2832700
2017-02-22,105.36000061035156,105.41999816894531,104.95999908447266,105.30999755859375,83.61117553710938,2812800
2017-02-23,105.5,105.58999633789062,105.43000030517578,105.58999633789062,83.83349609375,1842700
2017-02-24,105.94000244140625,106.16000366210938,105.81999969482422,106.08000183105469,84.22244262695312,2677000
2017-02-27,105.98999786376953,106.0,105.63999938964844,105.69999694824219,83.92080688476562,3292600
2017-02-28,105.75,105.91000366210938,105.62999725341797,105.6500015258789,83.88108825683594,2482500
2017-03-01,104.70999908447266,104.80000305175781,104.6500015258789,104.7699966430664,83.29676055908203,2249000
2017-03-02,104.55999755859375,104.5999984741211,104.33000183105469,104.47000122070312,83.05823516845703,2023300
2017-03-03,104.5,104.58000183105469,104.26000213623047,104.56999969482422,83.13775634765625,2509000
2017-03-06,104.58999633789062,104.5999984741211,104.43000030517578,104.55000305175781,83.12184143066406,1401700
2017-03-07,104.43000030517578,104.4800033569336,104.3499984741211,104.4000015258789,83.00260925292969,1596300
2017-03-08,103.91999816894531,104.1500015258789,103.9000015258789,104.05000305175781,82.72431945800781,2392800
2017-03-09,103.94000244140625,103.9800033569336,103.69999694824219,103.76000213623047,82.49373626708984,2322900
2017-03-10,103.9800033569336,104.01000213623047,103.75,103.9800033569336,82.66865539550781,1333000
2017-03-13,103.80999755859375,103.91999816894531,103.69000244140625,103.72000122070312,82.46199798583984,1342600
2017-03-14,103.7699966430664,103.94000244140625,103.75,103.83000183105469,82.54942321777344,864600
2017-03-15,103.98999786376953,104.73999786376953,103.91999816894531,104.73999786376953,83.27288055419922,3701900
2017-03-16,104.48999786376953,104.62000274658203,104.41999816894531,104.44999694824219,83.04231262207031,2749900
2017-03-17,104.58000183105469,104.81999969482422,104.55999755859375,104.7300033569336,83.26494598388672,1186700
2017-03-20,104.75,105.01000213623047,104.75,104.9800033569336,83.46367645263672,1362700
2017-03-21,104.91000366210938,105.37000274658203,104.91000366210938,105.33000183105469,83.7419662475586,1407000
2017-03-22,105.52999877929688,105.7300033569336,105.44999694824219,105.52999877929688,83.90099334716797,2231300
2017-03-23,105.58999633789062,105.63999938964844,105.23999786376953,105.41999816894531,83.81350708007812,2584700
2017-03-24,105.38999938964844,105.61000061035156,105.3499984741211,105.4800033569336,83.86123657226562,2540000
2017-03-27,105.91999816894531,105.95999908447266,105.66999816894531,105.73999786376953,84.06795501708984,2614000
2017-03-28,105.86000061035156,105.86000061035156,105.37000274658203,105.37999725341797,83.78170013427734,1356800
2017-03-29,105.55999755859375,105.72000122070312,105.55999755859375,105.68000030517578,84.02024841308594,1860400
2017-03-30,105.62999725341797,105.63999938964844,105.36000061035156,105.37999725341797,83.78170013427734,1487800
2017-03-31,105.52999877929688,105.62999725341797,105.44999694824219,105.58999633789062,83.94873046875,1698500
2017-04-03,105.55999755859375,106.0,105.52999877929688,105.94999694824219,84.36196899414062,4175500
2017-04-04,105.91999816894531,106.0199966430664,105.80000305175781,105.80000305175781,84.24248504638672,1319600
2017-04-05,105.66999816894531,106.0999984741211,105.62000274658203,106.0,84.40174102783203,2551100
2017-04-06,106.02999877929688,106.0999984741211,105.80000305175781,105.93000030517578,84.34603118896484,1496300
2017-04-07,106.19000244140625,106.31999969482422,105.61000061035156,105.61000061035156,84.09123992919922,1185400
2017-04-10,105.75,105.91999816894531,105.69999694824219,105.80000305175781,84.24248504638672,1752500
2017-04-11,106.05000305175781,106.4000015258789,106.02999877929688,106.29000091552734,84.63269805908203,2219200
2017-04-12,106.37000274658203,106.68000030517578,106.29000091552734,106.62000274658203,84.89542388916016,2273600
2017-04-13,106.80000305175781,107.01000213623047,106.61000061035156,106.94000244140625,85.15021514892578,1868200
2017-04-17,106.94999694824219,107.04000091552734,106.68000030517578,106.7699966430664,85.01487731933594,1110500
2017-04-18,107.05999755859375,107.47000122070312,107.0,107.37999725341797,85.50059509277344,1678400
2017-04-19,107.12000274658203,107.16999816894531,106.98999786376953,107.0999984741211,85.2776107788086,1750000
2017-04-20,106.93000030517578,107.01000213623047,106.72000122070312,106.86000061035156,85.08650207519531,1694700
2017-04-21,106.95999908447266,107.12000274658203,106.87999725341797,106.91000366210938,85.1263427734375,2792500
2017-04-24,106.43000030517578,106.69000244140625,106.37000274658203,106.69000244140625,84.951171875,3558000
2017-04-25,106.3499984741211,106.47000122070312,106.08999633789062,106.13999938964844,84.51322937011719,1985700
2017-04-26,106.13999938964844,106.41999816894531,106.12000274658203,106.41999816894531,84.73616790771484,1314400
2017-04-27,106.37999725341797,106.62000274658203,106.33000183105469,106.48999786376953,84.79193878173828,1988200
2017-04-28,106.31999969482422,106.6500015258789,106.2699966430664,106.5999984741211,84.87952423095703,5489800
2017-05-01,106.31999969482422,106.48999786376953,106.05000305175781,106.20999908447266,84.69606018066406,2044400
2017-05-02,106.16000366210938,106.48999786376953,106.13999938964844,106.43000030517578,84.87153625488281,1585300
2017-05-03,106.44999694824219,106.48999786376953,106.1500015258789,106.20999908447266,84.69606018066406,1861300
2017-05-04,105.8499984741211,105.98999786376953,105.81999969482422,105.97000122070312,84.50469207763672,1237100
2017-05-05,105.9800033569336,106.0199966430664,105.80000305175781,105.98999786376953,84.52064514160156,980000
2017-05-08,105.88999938964844,105.88999938964844,105.66999816894531,105.7300033569336,84.31334686279297,4887400
2017-05-09,105.58999633789062,105.66000366210938,105.47000122070312,105.61000061035156,84.2176513671875,1457900
2017-05-10,105.83999633789062,105.86000061035156,105.5,105.56999969482422,84.18574523925781,995500
2017-05-11,105.41000366210938,105.69999694824219,105.41000366210938,105.6500015258789,84.24956512451172,1088800
2017-05-12,106.05999755859375,106.27999877929688,106.05999755859375,106.19000244140625,84.68014526367188,2005600
2017-05-15,106.13999938964844,106.16999816894531,106.05000305175781,106.12000274658203,84.62430572509766,672200
2017-05-16,106.11000061035156,106.41000366210938,106.11000061035156,106.26000213623047,84.7359848022461,1314500
2017-05-17,106.80000305175781,107.16999816894531,106.7300033569336,107.11000061035156,85.41378021240234,5644700
2017-05-18,107.19999694824219,107.25,106.97000122070312,107.08000183105469,85.38985443115234,1715200
2017-05-19,106.97000122070312,107.06999969482422,106.80000305175781,107.05000305175781,85.3659439086914,3503100
2017-05-22,106.93000030517578,107.01000213623047,106.87999725341797,106.93000030517578,85.2702407836914,1425800
2017-05-23,107.05000305175781,107.05000305175781,106.5999984741211,106.6500015258789,85.04696655273438,2984700
2017-05-24,106.6500015258789,106.93000030517578,106.55000305175781,106.87000274658203,85.22236633300781,1776300
2017-05-25,106.93000030517578,106.9800033569336,106.80000305175781,106.93000030517578,85.2702407836914,1361000
2017-05-26,107.02999877929688,107.08000183105469,106.94000244140625,107.0,85.32608032226562,1016600
2017-05-30,107.18000030517578,107.2699966430664,107.0999984741211,107.2699966430664,85.5413589477539,2335200
2017-05-31,107.22000122070312,107.4000015258789,107.16000366210938,107.31999969482422,85.58123779296875,1752300
2017-06-01,106.94000244140625,107.12000274658203,106.9000015258789,107.0999984741211,85.53655242919922,1769300
2017-06-02,107.5,107.69000244140625,107.41000366210938,107.56999969482422,85.91187286376953,1803200
2017-06-05,107.4000015258789,107.48999786376953,107.37000274658203,107.38999938964844,85.76815032958984,1414900
2017-06-06,107.77999877929688,107.83000183105469,107.66000366210938,107.7300033569336,86.03972625732422,2078900
2017-06-07,107.62000274658203,107.70999908447266,107.43000030517578,107.52999877929688,85.87994384765625,1795800
2017-06-08,107.43000030517578,107.43000030517578,107.16999816894531,107.36000061035156,85.74417114257812,3863000
2017-06-09,107.1500015258789,107.33999633789062,107.11000061035156,107.26000213623047,85.66429901123047,1203400
2017-06-12,107.12000274658203,107.44999694824219,107.12000274658203,107.23999786376953,85.64832305908203,766700
2017-06-13,107.13999938964844,107.31999969482422,107.13999938964844,107.27999877929688,85.6803207397461,682300
2017-06-14,107.91999816894531,108.16999816894531,107.70999908447266,107.83999633789062,86.12755584716797,3712100
2017-06-15,107.69000244140625,107.72000122070312,107.56999969482422,107.6500015258789,85.97579193115234,2000400
2017-06-16,107.66999816894531,107.83000183105469,107.66999816894531,107.70999908447266,86.02368927001953,3460300
2017-06-19,107.58999633789062,107.62999725341797,107.41000366210938,107.41000366210938,85.78409576416016,1105900
2017-06-20,107.5,107.76000213623047,107.5,107.68000030517578,85.9997329711914,1252000
2017-06-21,107.55999755859375,107.73999786376953,107.54000091552734,107.66999816894531,85.99173736572266,1159800
2017-06-22,107.83000183105469,107.86000061035156,107.63999938964844,107.7699966430664,86.07162475585938,1160100
2017-06-23,107.72000122070312,107.83999633789062,107.66999816894531,107.80000305175781,86.09561920166016,1581000
2017-06-26,107.9000015258789,108.01000213623047,107.87999725341797,107.88999938964844,86.16747283935547,3625000
2017-06-27,107.5199966430664,107.55000305175781,107.26000213623047,107.36000061035156,85.74417114257812,1755200
2017-06-28,107.30999755859375,107.30999755859375,107.08999633789062,107.26000213623047,85.66429901123047,1530900
2017-06-29,106.69999694824219,106.97000122070312,106.63999938964844,106.86000061035156,85.3448257446289,1997200
2017-06-30,106.83999633789062,106.83999633789062,106.54000091552734,106.61000061035156,85.14520263671875,1909600
2017-07-03,106.44999694824219,106.45999908447266,106.01000213623047,106.05999755859375,84.83243560791016,1255300
2017-07-05,106.04000091552734,106.26000213623047,105.9800033569336,106.13999938964844,84.89645385742188,10477800
2017-07-06,105.94000244140625,105.97000122070312,105.7300033569336,105.94000244140625,84.73641967773438,1794300
2017-07-07,105.80999755859375,105.88999938964844,105.72000122070312,105.7699966430664,84.60050201416016,1799900
2017-07-10,105.83999633789062,106.01000213623047,105.83000183105469,105.91000366210938,84.71245574951172,1247700
2017-07-11,105.87000274658203,106.08000183105469,105.83999633789062,106.05000305175781,84.82440948486328,1112600
2017-07-12,106.44999694824219,106.51000213623047,106.31999969482422,106.36000061035156,85.07234954833984,2451700
2017-07-13,106.3499984741211,106.3499984741211,106.05000305175781,106.25,84.98440551757812,2095900
2017-07-14,106.69000244140625,106.73999786376953,106.37999725341797,106.4000015258789,85.10437774658203,1260400
2017-07-17,106.45999908447266,106.61000061035156,106.4000015258789,106.52999877929688,85.20838165283203,1289200
2017-07-18,106.87000274658203,106.97000122070312,106.77999877929688,106.91999816894531,85.52027130126953,1776100
2017-07-19,106.93000030517578,107.01000213623047,106.8499984741211,106.91999816894531,85.52027130126953,2466000
2017-07-20,107.0999984741211,107.16000366210938,106.91000366210938,106.94999694824219,85.54427337646484,2317200
2017-07-21,107.1500015258789,107.2699966430664,107.12000274658203,107.13999938964844,85.69630432128906,1664200
2017-07-24,107.08000183105469,107.1500015258789,106.98999786376953,107.06999969482422,85.64030456542969,2342700
2017-07-25,106.69999694824219,106.69999694824219,106.44000244140625,106.47000122070312,85.16033935546875,2513600
2017-07-26,106.47000122070312,106.91999816894531,106.41000366210938,106.80999755859375,85.4322738647461,3010400
2017-07-27,106.5999984741211,106.7300033569336,106.5199966430664,106.63999938964844,85.29633331298828,1853000
2017-07-28,106.62999725341797,106.8499984741211,106.5999984741211,106.81999969482422,85.4403305053711,1001600
2017-07-31,106.76000213623047,106.86000061035156,106.69000244140625,106.8499984741211,85.46429443359375,921800
2017-08-01,106.5199966430664,106.98999786376953,106.47000122070312,106.94999694824219,85.67658996582031,1958300
2017-08-02,106.9000015258789,107.05000305175781,106.83999633789062,106.8499984741211,85.59651184082031,516100
2017-08-03,107.06999969482422,107.25,106.9800033569336,107.22000122070312,85.8929443359375,1576200
2017-08-04,106.97000122070312,106.97000122070312,106.69999694824219,106.93000030517578,85.66058349609375,1266100
2017-08-07,106.87999725341797,107.0,106.81999969482422,106.98999786376953,85.70866394042969,554100
2017-08-08,106.94999694824219,106.95999908447266,106.7300033569336,106.9000015258789,85.63655090332031,1277800
2017-08-09,107.29000091552734,107.31999969482422,107.02999877929688,107.02999877929688,85.74071502685547,1268000
2017-08-10,107.23999786376953,107.47000122070312,107.22000122070312,107.43000030517578,86.06114196777344,1412000
2017-08-11,107.37000274658203,107.62000274658203,107.31999969482422,107.55000305175781,86.15727996826172,911000
2017-08-14,107.33999633789062,107.44999694824219,107.25,107.29000091552734,85.94903564453125,1386100
2017-08-15,106.86000061035156,107.05999755859375,106.83000183105469,106.97000122070312,85.6926498413086,1146300
2017-08-16,106.87000274658203,107.33000183105469,106.8499984741211,107.16999816894531,85.85289001464844,2160100
2017-08-17,107.20999908447266,107.58999633789062,107.16999816894531,107.55000305175781,86.15727996826172,1637300
2017-08-18,107.73999786376953,107.80999755859375,107.41000366210938,107.56999969482422,86.17328643798828,1235700
2017-08-21,107.5999984741211,107.70999908447266,107.55999755859375,107.63999938964844,86.2293930053711,718800
2017-08-22,107.54000091552734,107.54000091552734,107.37000274658203,107.43000030517578,86.06114196777344,984500
2017-08-23,107.66000366210938,107.80000305175781,107.56999969482422,107.80000305175781,86.35755157470703,1246100
2017-08-24,107.62999725341797,107.75,107.56999969482422,107.62999725341797,86.22135162353516,2520900
2017-08-25,107.63999938964844,107.87000274658203,107.56999969482422,107.80999755859375,86.36555480957031,1007500
2017-08-28,107.76000213623047,107.91999816894531,107.72000122070312,107.91000366210938,86.44564056396484,921700
2017-08-29,108.41000366210938,108.43000030517578,108.04000091552734,108.16000366210938,86.6459732055664,1590200
2017-08-30,107.98999786376953,108.12999725341797,107.98999786376953,108.06999969482422,86.57379913330078,1299900
2017-08-31,108.08000183105469,108.25,108.06999969482422,108.23999786376953,86.71002197265625,1023600
2017-09-01,107.95999908447266,107.98999786376953,107.69999694824219,107.76000213623047,86.45488739013672,3460000
2017-09-05,108.16000366210938,108.5199966430664,108.12999725341797,108.51000213623047,87.05659484863281,3054800
2017-09-06,108.4800033569336,108.55000305175781,108.12999725341797,108.25,86.8480224609375,1601500
2017-09-07,108.3499984741211,108.80999755859375,108.3499984741211,108.72000122070312,87.22509002685547,4292500
2017-09-08,108.68000030517578,108.68000030517578,108.5,108.63999938964844,87.16088104248047,1249100
2017-09-11,108.19999694824219,108.23999786376953,108.0199966430664,108.0199966430664,86.6634750366211,2206200
2017-09-12,107.8499984741211,107.8499984741211,107.66000366210938,107.76000213623047,86.45488739013672,3167800
2017-09-13,107.77999877929688,107.77999877929688,107.5199966430664,107.54000091552734,86.27835083007812,1590900
2017-09-14,107.43000030517578,107.58000183105469,107.4000015258789,107.55999755859375,86.29443359375,1377700
2017-09-15,107.56999969482422,107.69000244140625,107.37999725341797,107.69000244140625,86.39872741699219,1477000
2017-09-18,107.26000213623047,107.36000061035156,107.16999816894531,107.2699966430664,86.06178283691406,3032500
2017-09-19,107.30000305175781,107.3499984741211,107.12000274658203,107.1500015258789,85.96549987792969,673300
2017-09-20,107.25,107.2699966430664,106.7699966430664,106.94000244140625,85.7969970703125,2397500
2017-09-21,106.98999786376953,107.12999725341797,106.80000305175781,106.80000305175781,85.68465423583984,2390000
2017-09-22,107.13999938964844,107.16000366210938,106.95999908447266,106.98999786376953,85.83712005615234,826600
2017-09-25,107.11000061035156,107.38999938964844,107.0,107.30999755859375,86.09383392333984,1927000
2017-09-26,107.20999908447266,107.27999877929688,107.12000274658203,107.22000122070312,86.02169036865234,1061000
2017-09-27,106.69000244140625,106.83000183105469,106.63999938964844,106.66999816894531,85.58039855957031,4039100
2017-09-28,106.54000091552734,106.7300033569336,106.4800033569336,106.6500015258789,85.56432342529297,1873300
2017-09-29,106.76000213623047,106.7699966430664,106.45999908447266,106.5199966430664,85.46006774902344,2037800
2017-10-02,106.41999816894531,106.47000122070312,106.23999786376953,106.23999786376953,85.36283111572266,3221600
2017-10-03,106.2699966430664,106.43000030517578,106.23999786376953,106.38999938964844,85.48333740234375,2521700
2017-10-04,106.48999786376953,106.48999786376953,106.26000213623047,106.36000061035156,85.4592514038086,2198300
2017-10-05,106.4000015258789,106.45999908447266,106.19000244140625,106.25,85.37081146240234,1779900
2017-10-06,105.97000122070312,106.23999786376953,105.8499984741211,106.12000274658203,85.26643371582031,2350600
2017-10-09,106.20999908447266,106.27999877929688,106.13999938964844,106.23999786376953,85.36283111572266,893100
2017-10-10,106.30000305175781,106.52999877929688,106.25,106.27999877929688,85.39497375488281,1123100
2017-10-11,106.43000030517578,106.44000244140625,106.27999877929688,106.4000015258789,85.49138641357422,2841200
2017-10-12,106.47000122070312,106.54000091552734,106.36000061035156,106.5,85.57171630859375,1349300
2017-10-13,106.81999969482422,106.91999816894531,106.69000244140625,106.86000061035156,85.86099243164062,1521700
2017-10-16,106.66999816894531,106.79000091552734,106.56999969482422,106.68000030517578,85.71636962890625,1666100
2017-10-17,106.5199966430664,106.68000030517578,106.5,106.63999938964844,85.68416595458984,673800
2017-10-18,106.30999755859375,106.41000366210938,106.2699966430664,106.37000274658203,85.4673080444336,1788500
2017-10-19,106.66000366210938,106.69999694824219,106.41000366210938,106.4800033569336,85.55564880371094,1518700
2017-10-20,106.13999938964844,106.20999908447266,106.0,106.04000091552734,85.20211029052734,2651400
2017-10-23,106.08999633789062,106.20999908447266,106.08999633789062,106.13999938964844,85.2824935913086,709800
2017-10-24,105.87999725341797,105.95999908447266,105.76000213623047,105.81999969482422,85.02538299560547,1605600
2017-10-25,105.47000122070312,105.73999786376953,105.47000122070312,105.6500015258789,84.88876342773438,1838800
2017-10-26,105.75,105.7699966430664,105.5,105.51000213623047,84.77627563476562,2062400
2017-10-27,105.62000274658203,105.86000061035156,105.54000091552734,105.8499984741211,85.04946899414062,1315000
2017-10-30,106.08999633789062,106.23999786376953,106.02999877929688,106.2300033569336,85.35480499267578,1692700
2017-10-31,106.23999786376953,106.25,106.13999938964844,106.16000366210938,85.2985610961914,1178000
2017-11-01,105.91999816894531,106.22000122070312,105.91999816894531,106.05999755859375,85.35005950927734,1321500
2017-11-02,106.18000030517578,106.3499984741211,106.12000274658203,106.19999694824219,85.46270751953125,1997900
2017-11-03,106.33999633789062,106.4000015258789,106.1500015258789,106.37000274658203,85.59954071044922,2532400
2017-11-06,106.47000122070312,106.55999755859375,106.4000015258789,106.5,85.70411682128906,858400
2017-11-07,106.5199966430664,106.62000274658203,106.45999908447266,106.54000091552734,85.73629760742188,734800
2017-11-08,106.58999633789062,106.62999725341797,106.37999725341797,106.41000366210938,85.63172912597656,947800
2017-11-09,106.2699966430664,106.45999908447266,106.2300033569336,106.37000274658203,85.59954071044922,925900
2017-11-10,106.0,106.02999877929688,105.79000091552734,105.83000183105469,85.16497802734375,1862000
2017-11-13,105.91000366210938,105.95999908447266,105.7699966430664,105.77999877929688,85.12472534179688,868300
2017-11-14,105.80999755859375,106.0,105.79000091552734,105.93000030517578,85.24544525146484,1629200
2017-11-15,106.27999877929688,106.3499984741211,106.08999633789062,106.30999755859375,85.55121612548828,1933100
2017-11-16,106.13999938964844,106.19999694824219,106.0199966430664,106.04000091552734,85.33393859863281,1749200
2017-11-17,106.2300033569336,106.27999877929688,106.0999984741211,106.18000030517578,85.44661712646484,941200
2017-11-20,106.05000305175781,106.1500015258789,105.94999694824219,106.01000213623047,85.30984497070312,1153400
2017-11-21,106.18000030517578,106.2300033569336,105.94999694824219,106.02999877929688,85.32593536376953,835600
2017-11-22,106.13999938964844,106.41999816894531,106.0999984741211,106.37000274658203,85.59954071044922,1657900
2017-11-24,106.2699966430664,106.33999633789062,106.23999786376953,106.27999877929688,85.52709197998047,614400
2017-11-27,106.33000183105469,106.41999816894531,106.19000244140625,106.3499984741211,85.5833969116211,1927500
2017-11-28,106.51000213623047,106.55000305175781,106.27999877929688,106.37000274658203,85.59954071044922,1388000
2017-11-29,106.0199966430664,106.08000183105469,105.87999725341797,106.02999877929688,85.32593536376953,3193600
2017-11-30,105.95999908447266,106.01000213623047,105.58999633789062,105.69999694824219,85.06036376953125,3306400
2017-12-01,105.69999694824219,106.33999633789062,105.5,105.93000030517578,85.37469482421875,4341500
2017-12-04,105.6500015258789,105.87999725341797,105.63999938964844,105.87999725341797,85.33436584472656,2356200
2017-12-05,105.70999908447266,105.98999786376953,105.69000244140625,105.95999908447266,85.39883422851562,1586000
2017-12-06,106.19999694824219,106.30999755859375,106.16000366210938,106.18000030517578,85.57615661621094,1459000
2017-12-07,106.18000030517578,106.2699966430664,105.86000061035156,105.98999786376953,85.42301940917969,1953400
2017-12-08,105.97000122070312,106.0199966430664,105.83000183105469,105.91000366210938,85.35855865478516,2519500
2017-12-11,105.97000122070312,106.0199966430664,105.80999755859375,105.83999633789062,85.30217742919922,702200
2017-12-12,105.73999786376953,105.76000213623047,105.5999984741211,105.75,85.2296142578125,2557500
2017-12-13,105.9000015258789,106.22000122070312,105.79000091552734,106.18000030517578,85.57615661621094,1477800
2017-12-14,105.98999786376953,106.2300033569336,105.86000061035156,106.13999938964844,85.54390716552734,982100
2017-12-15,105.9800033569336,106.16999816894531,105.91999816894531,106.12000274658203,85.52784729003906,1845200
2017-12-18,106.02999877929688,106.05999755859375,105.83999633789062,105.87999725341797,85.33436584472656,1610300
2017-12-19,105.62000274658203,105.62999725341797,105.25,105.4000015258789,84.94752502441406,4535100
2017-12-20,105.0999984741211,105.29000091552734,105.04000091552734,105.08999633789062,84.69768524169922,3027000
2017-12-21,104.94000244140625,105.01000213623047,104.87000274658203,105.0,84.75740051269531,2098800
2017-12-22,104.98999786376953,105.04000091552734,104.94999694824219,105.04000091552734,84.78966522216797,696900
2017-12-26,105.05000305175781,105.19999694824219,105.02999877929688,105.08000183105469,84.82201385498047,2584800
2017-12-27,105.2300033569336,105.56999969482422,105.2300033569336,105.52999877929688,85.18521118164062,2291500
2017-12-28,105.43000030517578,105.4800033569336,105.33999633789062,105.4000015258789,85.08028411865234,1540500
2017-12-29,105.47000122070312,105.63999938964844,105.45999908447266,105.56999969482422,85.2175064086914,1849600
2018-01-02,105.44000244140625,105.47000122070312,105.08999633789062,105.22000122070312,84.9349365234375,3902000
2018-01-03,105.3499984741211,105.41000366210938,105.22000122070312,105.33000183105469,85.0237808227539,2135900
2018-01-04,105.0999984741211,105.29000091552734,105.0199966430664,105.27999877929688,84.98344421386719,2430000
2018-01-05,105.27999877929688,105.31999969482422,105.05999755859375,105.1500015258789,84.87848663330078,2163600
2018-01-08,105.19999694824219,105.22000122070312,105.01000213623047,105.0999984741211,84.83814239501953,2450600
2018-01-09,104.91999816894531,104.91999816894531,104.58000183105469,104.5999984741211,84.4344711303711,5924200
2018-01-10,104.29000091552734,104.62000274658203,104.2300033569336,104.56999969482422,84.41029357910156,2142500
2018-01-11,104.5199966430664,104.7300033569336,104.41999816894531,104.63999938964844,84.4668197631836,1798700
2018-01-12,104.41999816894531,104.61000061035156,104.4000015258789,104.56999969482422,84.41029357910156,1430700
2018-01-16,104.73999786376953,104.76000213623047,104.4800033569336,104.62000274658203,84.4506607055664,5927500
2018-01-17,104.45999908447266,104.62999725341797,104.31999969482422,104.38999938964844,84.26493072509766,2186100
2018-01-18,104.11000061035156,104.20999908447266,103.9800033569336,104.05999755859375,83.99858856201172,3326100
2018-01-19,104.0,104.0,103.7300033569336,103.79000091552734,83.78069305419922,2921600
2018-01-22,103.87000274658203,103.94999694824219,103.66999816894531,103.75,83.74838256835938,8047400
2018-01-23,103.98999786376953,104.11000061035156,103.9000015258789,104.05000305175781,83.99051666259766,1780100
2018-01-24,103.87000274658203,103.94999694824219,103.7300033569336,103.8499984741211,83.82908630371094,1952200
2018-01-25,103.73999786376953,104.08999633789062,103.62000274658203,104.08000183105469,84.0147705078125,3342000
2018-01-26,103.95999908447266,103.95999908447266,103.66000366210938,103.7699966430664,83.7645263671875,3324500
2018-01-29,103.5,103.55000305175781,103.30999755859375,103.51000213623047,83.55467224121094,2328200
2018-01-30,103.41999816894531,103.4800033569336,103.22000122070312,103.2699966430664,83.3609390258789,2346900
2018-01-31,103.44000244140625,103.48999786376953,103.0199966430664,103.30000305175781,83.38511657714844,2966400
2018-02-01,103.0999984741211,103.0999984741211,102.56999969482422,102.5999984741211,82.9549789428711,8958300
2018-02-02,102.29000091552734,102.37000274658203,102.11000061035156,102.22000122070312,82.64768981933594,5753500
2018-02-05,102.25,103.30999755859375,102.08999633789062,103.05999755859375,83.32686614990234,6902000
2018-02-06,102.94999694824219,103.04000091552734,102.61000061035156,102.61000061035156,82.96308898925781,5382900
2018-02-07,102.75,102.7699966430664,102.19000244140625,102.30999755859375,82.72052764892578,4773700
2018-02-08,102.02999877929688,102.52999877929688,101.88999938964844,102.4000015258789,82.7933120727539,5685300
2018-02-09,102.11000061035156,102.80999755859375,102.11000061035156,102.22000122070312,82.64768981933594,4376900
2018-02-12,102.22000122070312,102.36000061035156,102.08000183105469,102.19000244140625,82.62355041503906,2836300
2018-02-13,102.2699966430664,102.38999938964844,102.18000030517578,102.36000061035156,82.76094818115234,2698100
2018-02-14,102.05999755859375,102.05999755859375,101.62999725341797,101.73999786376953,82.25965118408203,4141900
2018-02-15,101.76000213623047,101.95999908447266,101.73999786376953,101.7699966430664,82.28388214111328,3057300
2018-02-16,102.08999633789062,102.18000030517578,101.95999908447266,102.01000213623047,82.47793579101562,2277800
2018-02-20,101.80999755859375,101.95999908447266,101.72000122070312,101.9000015258789,82.38900756835938,2138300
2018-02-21,102.0,102.0,101.47000122070312,101.5999984741211,82.14645385742188,2253900
2018-02-22,101.76000213623047,101.87000274658203,101.69999694824219,101.73999786376953,82.25965118408203,4411800
2018-02-23,102.01000213623047,102.20999908447266,101.9800033569336,102.12999725341797,82.57499694824219,4484700
2018-02-26,102.36000061035156,102.44999694824219,102.19999694824219,102.25,82.67204284667969,2725600
2018-02-27,102.29000091552734,102.33000183105469,101.73999786376953,101.93000030517578,82.41327667236328,3308900
2018-02-28,102.05000305175781,102.19000244140625,101.97000122070312,102.16999816894531,82.60731506347656,2521400
2018-03-01,102.16000366210938,102.61000061035156,102.02999877929688,102.44999694824219,82.96286010742188,5352600
2018-03-02,102.31999969482422,102.33000183105469,102.01000213623047,102.06999969482422,82.65512084960938,2140800
2018-03-05,102.3499984741211,102.3499984741211,101.81999969482422,101.94000244140625,82.5498275756836,2059300
2018-03-06,101.97000122070312,102.1500015258789,101.91999816894531,101.93000030517578,82.541748046875,2331300
2018-03-07,102.16000366210938,102.22000122070312,101.91999816894531,101.93000030517578,82.541748046875,1258100
2018-03-08,102.06999969482422,102.23999786376953,102.0199966430664,102.13999938964844,82.71177673339844,1636700
2018-03-09,101.88999938964844,102.0,101.7699966430664,101.91999816894531,82.53363037109375,1604500
2018-03-12,102.0,102.16999816894531,101.94000244140625,102.16000366210938,82.72798156738281,1885700
2018-03-13,102.31999969482422,102.37999725341797,102.12999725341797,102.33000183105469,82.86566162109375,1742100
2018-03-14,102.2699966430664,102.66000366210938,102.25,102.52999877929688,83.02759552001953,2598900
2018-03-15,102.51000213623047,102.62000274658203,102.38999938964844,102.48999786376953,82.99524688720703,2758000
2018-03-16,102.36000061035156,102.38999938964844,102.23999786376953,102.37000274658203,82.8980484008789,3595300
2018-03-19,102.1500015258789,102.45999908447266,102.13999938964844,102.2699966430664,82.81704711914062,2825000
2018-03-20,102.08999633789062,102.16000366210938,102.04000091552734,102.06999969482422,82.65512084960938,2600600
2018-03-21,101.94000244140625,102.22000122070312,101.68000030517578,102.13999938964844,82.71177673339844,3365600
2018-03-22,102.5199966430664,102.7699966430664,102.38999938964844,102.55999755859375,83.05189514160156,5026500
2018-03-23,102.45999908447266,102.75,102.45999908447266,102.69999694824219,83.1652603149414,2519000
2018-03-26,102.5199966430664,102.6500015258789,102.38999938964844,102.41999816894531,82.93851470947266,4184900
2018-03-27,102.52999877929688,103.05000305175781,102.5199966430664,103.0,83.4081802368164,3495900
2018-03-28,103.20999908447266,103.26000213623047,102.88999938964844,102.9800033569336,83.39199829101562,2762500
2018-03-29,103.01000213623047,103.30999755859375,103.01000213623047,103.19000244140625,83.56206512451172,2572100
2018-04-02,102.94000244140625,103.33999633789062,102.88999938964844,103.12000274658203,83.64729309082031,2748800
2018-04-03,102.95999908447266,103.0,102.75,102.79000091552734,83.37958526611328,4229600
2018-04-04,103.0,103.0,102.68000030517578,102.7300033569336,83.33086395263672,2216900
2018-04-05,102.56999969482422,102.61000061035156,102.43000030517578,102.47000122070312,83.11998748779297,1789300
2018-04-06,102.80000305175781,102.95999908447266,102.66000366210938,102.91999816894531,83.48503112792969,2651200
2018-04-09,102.73999786376953,102.94000244140625,102.6500015258789,102.94000244140625,83.501220703125,2071100
2018-04-10,102.80999755859375,102.87000274658203,102.68000030517578,102.76000213623047,83.35520935058594,1622400
2018-04-11,102.95999908447266,103.0,102.76000213623047,102.86000061035156,83.43630981445312,2520600
2018-04-12,102.72000122070312,102.7300033569336,102.45999908447266,102.48999786376953,83.13621520996094,2188600
2018-04-13,102.4000015258789,102.62999725341797,102.4000015258789,102.58000183105469,83.2092514038086,2937700
2018-04-16,102.33000183105469,102.55000305175781,102.30999755859375,102.52999877929688,83.16864013671875,1637400
2018-04-17,102.4800033569336,102.66000366210938,102.44000244140625,102.58999633789062,83.21732330322266,1301800
2018-04-18,102.37999725341797,102.5,102.19000244140625,102.19000244140625,82.89286804199219,2127600
2018-04-19,101.94999694824219,102.0199966430664,101.79000091552734,101.91000366210938,82.66572570800781,3181500
2018-04-20,101.77999877929688,101.83999633789062,101.56999969482422,101.56999969482422,82.38992309570312,2309400
2018-04-23,101.4800033569336,101.52999877929688,101.33999633789062,101.47000122070312,82.3088150024414,5022800
2018-04-24,101.33000183105469,101.44999694824219,101.26000213623047,101.3499984741211,82.21149444580078,3178800
2018-04-25,101.19000244140625,101.25,101.05999755859375,101.12999725341797,82.03302764892578,3295800
2018-04-26,101.37000274658203,101.45999908447266,101.30999755859375,101.41999816894531,82.26828002929688,1989500
2018-04-27,101.51000213623047,101.6500015258789,101.5,101.58999633789062,82.40615844726562,2409300
2018-04-30,101.63999938964844,101.80999755859375,101.62000274658203,101.69999694824219,82.49539947509766,3504400
2018-05-01,101.5,101.5,101.30999755859375,101.3499984741211,82.3661880493164,1894000
2018-05-02,101.38999938964844,101.51000213623047,101.30000305175781,101.37000274658203,82.38238525390625,3852600
2018-05-03,101.58000183105469,101.7699966430664,101.55999755859375,101.62999725341797,82.59371948242188,6026900
2018-05-04,101.75,101.79000091552734,101.48999786376953,101.63999938964844,82.60186004638672,2370500
2018-05-07,101.62999725341797,101.66000366210938,101.54000091552734,101.58999633789062,82.56120300292969,1854900
2018-05-08,101.43000030517578,101.5199966430664,101.31999969482422,101.41999816894531,82.42308044433594,1654600
2018-05-09,101.19000244140625,101.30000305175781,101.16000366210938,101.19000244140625,82.23614501953125,2838400
2018-05-10,101.43000030517578,101.4800033569336,101.30000305175781,101.4000015258789,82.40680694580078,4183700
2018-05-11,101.47000122070312,101.47000122070312,101.30000305175781,101.41000366210938,82.4149398803711,2816300
2018-05-14,101.25,101.27999877929688,101.18000030517578,101.19000244140625,82.23614501953125,4762000
2018-05-15,100.80000305175781,100.80000305175781,100.48999786376953,100.62999725341797,81.78102111816406,6812500
2018-05-16,100.5,100.69999694824219,100.41999816894531,100.41999816894531,81.61038970947266,4784200
2018-05-17,100.45999908447266,100.5199966430664,100.33000183105469,100.36000061035156,81.5616226196289,1702300
2018-05-18,100.55000305175781,100.80999755859375,100.55000305175781,100.75,81.87858581542969,2642300
2018-05-21,100.69999694824219,100.83000183105469,100.63999938964844,100.81999969482422,81.93544006347656,2845100
2018-05-22,100.81999969482422,100.83000183105469,100.69000244140625,100.77999877929688,81.90293884277344,1977000
2018-05-23,101.08999633789062,101.30000305175781,101.06999969482422,101.23999786376953,82.27677917480469,5102500
2018-05-24,101.47000122070312,101.63999938964844,101.43000030517578,101.5,82.48808288574219,2994100
2018-05-25,101.80999755859375,101.91000366210938,101.76000213623047,101.9000015258789,82.81314849853516,2838400
2018-05-29,102.3499984741211,103.19999694824219,102.23999786376953,103.0,83.70708465576172,11256200
2018-05-30,102.56999969482422,102.72000122070312,102.37999725341797,102.55999755859375,83.3495101928711,4512200
2018-05-31,102.56999969482422,102.73999786376953,102.33999633789062,102.51000213623047,83.30889892578125,5321700
2018-06-01,101.8499984741211,102.08999633789062,101.7699966430664,101.93000030517578,83.00112915039062,7891000
2018-06-04,101.81999969482422,101.83000183105469,101.56999969482422,101.56999969482422,82.70795440673828,3131800
2018-06-05,101.83999633789062,101.97000122070312,101.72000122070312,101.83000183105469,82.91970825195312,4305500
2018-06-06,101.55999755859375,101.58999633789062,101.36000061035156,101.41999816894531,82.58580017089844,3910500
2018-06-07,101.41999816894531,102.12999725341797,101.38999938964844,101.8499984741211,82.9358901977539,4400400
2018-06-08,101.73999786376953,101.86000061035156,101.68000030517578,101.70999908447266,82.82196807861328,7342800
2018-06-11,101.52999877929688,101.63999938964844,101.51000213623047,101.61000061035156,82.74049377441406,1875800
2018-06-12,101.47000122070312,101.5999984741211,101.44999694824219,101.55000305175781,82.69165802001953,1664800
2018-06-13,101.58000183105469,101.6500015258789,101.16000366210938,101.43000030517578,82.59396362304688,3294700
2018-06-14,101.62000274658203,101.76000213623047,101.54000091552734,101.75,82.85453033447266,3626400
2018-06-15,101.97000122070312,102.0999984741211,101.80000305175781,101.83000183105469,82.91970825195312,5826500
2018-06-18,101.95999908447266,101.9800033569336,101.80000305175781,101.87999725341797,82.96038055419922,4600500
2018-06-19,102.18000030517578,102.27999877929688,102.08999633789062,102.1500015258789,83.18021392822266,4172800
2018-06-20,102.11000061035156,102.12999725341797,101.80999755859375,101.81999969482422,82.91152954101562,3059000
2018-06-21,101.9800033569336,102.16999816894531,101.9800033569336,102.08999633789062,83.13135528564453,2680500
2018-06-22,101.95999908447266,102.16000366210938,101.94999694824219,102.11000061035156,83.14766693115234,2309500
2018-06-25,102.22000122070312,102.4000015258789,102.20999908447266,102.25,83.26170349121094,8110800
2018-06-26,102.2699966430664,102.36000061035156,102.20999908447266,102.30000305175781,83.30238342285156,3873200
2018-06-27,102.55999755859375,102.7300033569336,102.4800033569336,102.69000244140625,83.61994171142578,3044200
2018-06-28,102.68000030517578,102.70999908447266,102.51000213623047,102.58999633789062,83.53849029541016,3705600
2018-06-29,102.58000183105469,102.68000030517578,102.5,102.51000213623047,83.4734115600586,2721200
2018-07-02,102.41999816894531,102.44999694824219,102.22000122070312,102.25,83.41629791259766,3911500
2018-07-03,102.29000091552734,102.51000213623047,102.27999877929688,102.51000213623047,83.6283950805664,1463800
2018-07-05,102.4800033569336,102.63999938964844,102.45999908447266,102.5199966430664,83.63654327392578,1682300
2018-07-06,102.63999938964844,102.70999908447266,102.5199966430664,102.61000061035156,83.7099609375,3206500
2018-07-09,102.37000274658203,102.44000244140625,102.33000183105469,102.3499984741211,83.49783325195312,2258800
2018-07-10,102.25,102.36000061035156,102.20999908447266,102.2699966430664,83.43257904052734,4461100
2018-07-11,102.45999908447266,102.51000213623047,102.31999969482422,102.4800033569336,83.60392761230469,2198700
2018-07-12,102.3499984741211,102.4800033569336,102.33000183105469,102.44000244140625,83.57130432128906,1385900
2018-07-13,102.55000305175781,102.63999938964844,102.4800033569336,102.61000061035156,83.7099609375,2891800
2018-07-16,102.38999938964844,102.4800033569336,102.26000213623047,102.44000244140625,83.57130432128906,1782600
2018-07-17,102.5,102.5,102.3499984741211,102.37999725341797,83.5223617553711,1034700
2018-07-18,102.43000030517578,102.44999694824219,102.2699966430664,102.30000305175781,83.45706939697266,1355300
2018-07-19,102.37000274658203,102.66999816894531,102.3499984741211,102.58000183105469,83.68549346923828,4201700
2018-07-20,102.45999908447266,102.45999908447266,102.18000030517578,102.22000122070312,83.39177703857422,3362700
2018-07-23,102.0999984741211,102.11000061035156,101.69999694824219,101.72000122070312,82.98392486572266,5285700
2018-07-24,101.69999694824219,101.83999633789062,101.62999725341797,101.79000091552734,83.0410385131836,3293800
2018-07-25,101.91000366210938,101.9800033569336,101.66000366210938,101.72000122070312,82.98392486572266,2403800
2018-07-26,101.81999969482422,101.87000274658203,101.58999633789062,101.61000061035156,82.89415740966797,2598200
2018-07-27,101.83999633789062,101.83999633789062,101.68000030517578,101.7699966430664,83.02461242675781,1435100
2018-07-30,101.56999969482422,101.76000213623047,101.55999755859375,101.63999938964844,82.91860961914062,3832700
2018-07-31,101.80000305175781,101.83000183105469,101.70999908447266,101.77999877929688,83.03280639648438,3053600
2018-08-01,101.26000213623047,101.41000366210938,101.19000244140625,101.33999633789062,82.836669921875,5366800
2018-08-02,101.41000366210938,101.4800033569336,101.31999969482422,101.45999908447266,82.93473815917969,3370800
2018-08-03,101.54000091552734,101.75,101.52999877929688,101.72000122070312,83.14730834960938,2174800
2018-08-06,101.79000091552734,101.94999694824219,101.76000213623047,101.7699966430664,83.18807220458984,3867200
2018-08-07,101.70999908447266,101.70999908447266,101.54000091552734,101.55999755859375,83.01648712158203,2181400
2018-08-08,101.58999633789062,101.70999908447266,101.58000183105469,101.6500015258789,83.09008026123047,2777900
2018-08-09,101.80999755859375,101.93000030517578,101.79000091552734,101.93000030517578,83.31895446777344,4318000
2018-08-10,102.19999694824219,102.5,102.16999816894531,102.37000274658203,83.6786117553711,4327800
2018-08-13,102.30999755859375,102.45999908447266,102.2300033569336,102.33999633789062,83.65409088134766,1764700
2018-08-14,102.31999969482422,102.33000183105469,102.19000244140625,102.23999786376953,83.5723648071289,2487600
2018-08-15,102.45999908447266,102.68000030517578,102.43000030517578,102.48999786376953,83.77667236328125,4810700
2018-08-16,102.51000213623047,102.5199966430664,102.27999877929688,102.45999908447266,83.7521743774414,2594400
2018-08-17,102.55000305175781,102.63999938964844,102.4000015258789,102.5,83.78485870361328,3043400
2018-08-20,102.69999694824219,102.86000061035156,102.68000030517578,102.81999969482422,84.04642486572266,2901100
2018-08-21,102.7300033569336,102.7300033569336,102.61000061035156,102.68000030517578,83.93197631835938,2516700
2018-08-22,102.95999908447266,102.95999908447266,102.7699966430664,102.87000274658203,84.08734130859375,2396500
2018-08-23,102.91000366210938,102.94999694824219,102.83000183105469,102.86000061035156,84.07914733886719,871000
2018-08-24,102.68000030517578,102.91000366210938,102.63999938964844,102.88999938964844,84.10364532470703,1296600
2018-08-27,102.75,102.77999877929688,102.63999938964844,102.66000366210938,83.9156494140625,1851900
2018-08-28,102.4800033569336,102.5199966430664,102.38999938964844,102.43000030517578,83.72761535644531,1506300
2018-08-29,102.45999908447266,102.47000122070312,102.30000305175781,102.4000015258789,83.70314025878906,1420400
2018-08-30,102.54000091552734,102.68000030517578,102.51000213623047,102.58999633789062,83.8584213256836,2780900
2018-08-31,102.81999969482422,102.83000183105469,102.5999984741211,102.61000061035156,83.87479400634766,2132200
2018-09-04,102.26000213623047,102.31999969482422,102.12000274658203,102.16999816894531,83.68310546875,3419500
2018-09-05,102.1500015258789,102.2300033569336,102.05000305175781,102.16000366210938,83.67493438720703,1332300
2018-09-06,102.22000122070312,102.44999694824219,102.20999908447266,102.37000274658203,83.8469467163086,1656700
2018-09-07,102.01000213623047,102.04000091552734,101.87000274658203,101.91000366210938,83.47015380859375,4405000
2018-09-10,101.88999938964844,102.01000213623047,101.88999938964844,101.97000122070312,83.51932525634766,3110800
2018-09-11,101.7699966430664,101.80000305175781,101.5999984741211,101.5999984741211,83.21627044677734,3360500
2018-09-12,101.76000213623047,101.80999755859375,101.72000122070312,101.72000122070312,83.31454467773438,1398800
2018-09-13,101.86000061035156,101.86000061035156,101.69000244140625,101.70999908447266,83.30633544921875,1281600
2018-09-14,101.51000213623047,101.62000274658203,101.45999908447266,101.5199966430664,83.15071868896484,3749900
2018-09-17,101.41000366210938,101.58000183105469,101.37999725341797,101.54000091552734,83.16712951660156,3808400
2018-09-18,101.41000366210938,101.41999816894531,101.08999633789062,101.12000274658203,82.82311248779297,4972900
2018-09-19,101.05999755859375,101.06999969482422,100.80000305175781,100.94999694824219,82.68386840820312,5515900
2018-09-20,100.83000183105469,101.05999755859375,100.80000305175781,100.95999908447266,82.6920394897461,2973500
2018-09-21,100.9000015258789,101.05999755859375,100.9000015258789,101.0,82.72482299804688,1024100
2018-09-24,100.8499984741211,101.01000213623047,100.83999633789062,100.88999938964844,82.6347427368164,2389800
2018-09-25,100.7699966430664,100.80999755859375,100.68000030517578,100.79000091552734,82.55282592773438,2878300
2018-09-26,100.88999938964844,101.13999938964844,100.83999633789062,101.12000274658203,82.82311248779297,2502900
2018-09-27,101.05000305175781,101.1500015258789,100.98999786376953,101.12000274658203,82.82311248779297,6342800
2018-09-28,101.29000091552734,101.30000305175781,101.12999725341797,101.16999816894531,82.86404418945312,3931000
2018-10-01,100.83000183105469,100.88999938964844,100.70999908447266,100.70999908447266,82.65394592285156,6408000
2018-10-02,100.86000061035156,101.04000091552734,100.86000061035156,100.97000122070312,82.86736297607422,2915000
2018-10-03,100.77999877929688,100.79000091552734,100.08999633789062,100.22000122070312,82.25178527832031,6612700
2018-10-04,99.9800033569336,100.12999725341797,99.87999725341797,99.95999908447266,82.03846740722656,6427500
2018-10-05,99.81999969482422,99.91000366210938,99.5999984741211,99.72000122070312,81.84144592285156,5676600
2018-10-08,99.81999969482422,99.86000061035156,99.73999786376953,99.76000213623047,81.8742904663086,1947800
2018-10-09,99.79000091552734,99.94999694824219,99.76000213623047,99.94999694824219,82.03024291992188,3066300
2018-10-10,99.70999908447266,100.02999877929688,99.66999816894531,100.0,82.07124328613281,3001900
2018-10-11,100.22000122070312,100.55000305175781,100.08999633789062,100.41000366210938,82.40777587890625,5821500
2018-10-12,100.29000091552734,100.52999877929688,100.23999786376953,100.29000091552734,82.30927276611328,2647900
2018-10-15,100.38999938964844,100.44000244140625,100.26000213623047,100.3499984741211,82.35844421386719,1860000
2018-10-16,100.2699966430664,100.3499984741211,100.19999694824219,100.33999633789062,82.350341796875,2703900
2018-10-17,100.31999969482422,100.41999816894531,100.05000305175781,100.05000305175781,82.11225891113281,3336200
2018-10-18,100.0,100.4000015258789,99.94999694824219,100.2300033569336,82.26001739501953,2587700
2018-10-19,100.22000122070312,100.23999786376953,100.02999877929688,100.11000061035156,82.16148376464844,5531900
2018-10-22,100.22000122070312,100.26000213623047,100.12000274658203,100.12999725341797,82.17791748046875,1690100
2018-10-23,100.6500015258789,100.79000091552734,100.33999633789062,100.38999938964844,82.39134216308594,4420100
2018-10-24,100.66999816894531,100.95999908447266,100.5999984741211,100.93000030517578,82.83450317382812,4881200
2018-10-25,100.75,100.81999969482422,100.5999984741211,100.69000244140625,82.63755798339844,3559900
2018-10-26,101.06999969482422,101.30000305175781,101.04000091552734,101.13999938964844,83.00685119628906,4220800
2018-10-29,101.01000213623047,101.23999786376953,100.8499984741211,101.12999725341797,82.99861145019531,3766900
2018-10-30,100.94000244140625,101.05999755859375,100.87000274658203,100.91000366210938,82.818115234375,5746600
2018-10-31,100.61000061035156,100.73999786376953,100.55000305175781,100.66000366210938,82.61293029785156,3956700
2018-11-01,100.36000061035156,100.56999969482422,100.33000183105469,100.52999877929688,82.6836929321289,4834300
2018-11-02,100.29000091552734,100.31999969482422,99.93000030517578,99.97000122070312,82.22306823730469,5250900
2018-11-05,100.16000366210938,100.19999694824219,100.02999877929688,100.02999877929688,82.27242279052734,2446700
2018-11-06,100.0999984741211,100.0999984741211,99.91000366210938,99.91999816894531,82.18193817138672,2456700
2018-11-07,100.08999633789062,100.16999816894531,99.91000366210938,99.91999816894531,82.18193817138672,3297600
2018-11-08,100.0,100.0199966430664,99.75,99.77999877929688,82.06683349609375,2188900
2018-11-09,99.93000030517578,100.22000122070312,99.91999816894531,100.16999816894531,82.38756561279297,2772700
2018-11-12,100.37999725341797,100.51000213623047,100.33000183105469,100.47000122070312,82.63431549072266,3704900
2018-11-13,100.41999816894531,100.58000183105469,100.3499984741211,100.55000305175781,82.70011901855469,3265000
2018-11-14,100.43000030517578,100.95999908447266,100.38999938964844,100.76000213623047,82.8728256225586,4626400
2018-11-15,101.01000213623047,101.05999755859375,100.70999908447266,100.83000183105469,82.93038177490234,2621300
2018-11-16,101.05999755859375,101.18000030517578,100.9800033569336,101.13999938964844,83.18533325195312,7226700
2018-11-19,101.05999755859375,101.31999969482422,101.05999755859375,101.29000091552734,83.30874633789062,3447800
2018-11-20,101.31999969482422,101.41999816894531,101.2300033569336,101.2699966430664,83.29227447509766,3658600
2018-11-21,101.18000030517578,101.25,101.06999969482422,101.25,83.27584075927734,1897000
2018-11-23,101.45999908447266,101.47000122070312,101.30999755859375,101.30999755859375,83.32518768310547,531200
2018-11-26,101.19000244140625,101.2300033569336,101.12999725341797,101.2300033569336,83.2593994140625,2345600
2018-11-27,101.19999694824219,101.4000015258789,101.19000244140625,101.33000183105469,83.34166717529297,2334400
2018-11-28,101.25,101.45999908447266,101.16999816894531,101.31999969482422,83.3333969116211,3582500
2018-11-29,101.58999633789062,101.7300033569336,101.45999908447266,101.58000183105469,83.54725646972656,4313000
2018-11-30,101.7300033569336,101.81999969482422,101.66000366210938,101.77999877929688,83.71176147460938,3069700
2018-12-03,101.44000244140625,101.79000091552734,101.41000366210938,101.79000091552734,83.89470672607422,6008500
2018-12-04,101.97000122070312,102.45999908447266,101.94000244140625,102.26000213623047,84.2820816040039,7748800
2018-12-06,102.6500015258789,102.97000122070312,102.5,102.5199966430664,84.49640655517578,9429900
2018-12-07,102.48999786376953,102.86000061035156,102.36000061035156,102.81999969482422,84.74365234375,7319100
2018-12-10,102.83999633789062,103.04000091552734,102.70999908447266,102.87999725341797,84.79308319091797,9045700
2018-12-11,102.63999938964844,102.8499984741211,102.5,102.62000274658203,84.57881927490234,5290100
2018-12-12,102.44999694824219,102.5,102.30999755859375,102.33999633789062,84.34803771972656,3727200
2018-12-13,102.45999908447266,102.5,102.33999633789062,102.4000015258789,84.3974838256836,4116000
2018-12-14,102.56999969482422,102.72000122070312,102.5199966430664,102.55999755859375,84.52933502197266,3530000
2018-12-17,102.66000366210938,102.93000030517578,102.6500015258789,102.86000061035156,84.77660369873047,7627000
2018-12-18,102.75,102.94999694824219,102.68000030517578,102.9000015258789,84.98561096191406,4461400
2018-12-19,103.01000213623047,103.4800033569336,102.77999877929688,103.26000213623047,85.28287506103516,7710900
2018-12-20,103.44999694824219,103.47000122070312,103.08999633789062,103.12999725341797,85.17548370361328,9245200
2018-12-21,103.19999694824219,103.2300033569336,103.05999755859375,103.22000122070312,85.24990844726562,4918800
2018-12-24,103.37999725341797,103.48999786376953,103.26000213623047,103.4800033569336,85.46458435058594,6373000
2018-12-26,103.47000122070312,103.62000274658203,102.94999694824219,102.98999786376953,85.05992126464844,5477700
2018-12-27,103.43000030517578,103.62999725341797,103.2300033569336,103.25,85.27462005615234,4602100
2018-12-28,103.41999816894531,103.81999969482422,103.38999938964844,103.80999755859375,85.73716735839844,4543100
2018-12-31,103.69000244140625,104.66000366210938,103.62999725341797,104.19999694824219,86.05923461914062,7227500
