date,open,high,low,close,adjclose,volume
2000-01-03,96.1875,96.1875,90.75,94.75,79.75653076171875,36345200
2000-01-04,92.0,93.5,87.9375,88.25,74.28518676757812,33786600
2000-01-05,87.5,89.625,84.25,86.0,72.39117431640625,42496600
2000-01-06,86.875,88.0,79.75,80.09375,67.4195556640625,37134800
2000-01-07,82.9375,90.0,82.5,90.0,75.75820922851562,28138200
2000-01-10,91.0,93.9375,89.9375,92.5,77.8625717163086,29675600
2000-01-11,91.75,92.875,87.0,88.0,74.0746841430664,32546600
2000-01-12,89.0,89.2421875,86.0,86.0625,72.44380950927734,29050000
2000-01-13,88.5,91.5,87.078125,91.25,76.81043243408203,25165200
2000-01-14,93.0,93.625,92.0,93.375,78.59912872314453,21898600
2000-01-18,92.0625,94.4375,91.4375,93.875,79.02005767822266,16752400
2000-01-19,93.4921875,96.0,92.4296875,96.0,80.80877685546875,19006000
2000-01-20,95.5,96.875,94.0078125,95.0625,80.01960754394531,25958000
2000-01-21,96.5,96.5625,95.0625,96.25,81.01921844482422,18698200
2000-01-24,97.4375,97.625,90.96875,91.625,77.12609100341797,28340400
2000-01-25,91.875,94.1171875,89.40625,93.0,78.28350830078125,33276200
2000-01-26,93.25,93.3125,89.0,89.25,75.12689971923828,23095600
2000-01-27,91.75,92.5,87.625,90.5625,76.23175811767578,30739200
2000-01-28,90.0,90.46875,84.75,86.0,72.39117431640625,35313800
2000-01-31,85.875,90.0,83.5,89.6875,75.49517822265625,36014600
2000-02-01,89.53125,92.5,88.4375,92.09375,77.52062225341797,26417600
2000-02-02,92.25,94.71875,92.09375,92.875,78.17826843261719,26169200
2000-02-03,94.3125,96.625,92.28125,96.5,81.22967529296875,30579800
2000-02-04,97.0,98.2421875,96.21875,97.15625,81.78205871582031,26640000
2000-02-07,97.25,98.625,96.25,98.5,82.91315460205078,17761000
2000-02-08,99.375,102.875,99.375,102.625,86.38542175292969,21999400
2000-02-09,102.0625,102.1953125,98.75,99.0,83.33402252197266,27258200
2000-02-10,99.8125,102.25,98.5546875,102.25,86.06977081298828,26341600
2000-02-11,102.0625,102.0625,98.0,99.875,84.070556640625,24876000
2000-02-14,99.9921875,100.0,97.75,99.75,83.96536254882812,22814600
2000-02-15,98.9375,100.625,95.875,100.46875,84.57034301757812,30572800
2000-02-16,99.90625,101.6875,99.3125,100.0,84.1758041381836,25310600
2000-02-17,101.1875,103.25,99.625,102.125,85.96453094482422,30080200
2000-02-18,102.625,103.0,98.4375,98.4375,82.86058807373047,25271200
2000-02-22,99.0,99.9375,96.25,98.75,83.12360382080078,37226200
2000-02-23,99.6796875,105.0,99.15625,104.25,87.7532958984375,32170800
2000-02-24,104.875,106.8046875,102.0,106.5,89.6472396850586,48868200
2000-02-25,106.1875,107.5,103.875,104.0625,87.59542846679688,32617600
2000-02-28,103.25,105.6875,100.5,104.0,87.54285430908203,38216200
2000-02-29,105.75,107.09375,104.9375,106.75,89.85765838623047,23978600
2000-03-01,107.25,108.5625,106.5,107.625,90.59422302246094,24468400
2000-03-02,108.0625,108.1875,104.75,105.1328125,88.49638366699219,32739200
2000-03-03,108.0,111.125,107.0,111.0625,93.48772430419922,32017200
2000-03-06,111.75,113.21875,110.25,111.9375,94.22425842285156,23268400
2000-03-07,113.8125,113.875,108.75,110.25,92.80384063720703,39471000
2000-03-08,111.0,112.0,106.28125,111.25,93.64559173583984,43512600
2000-03-09,111.21875,115.5,109.09375,115.0,96.80216979980469,30101400
2000-03-10,114.875,116.4375,113.5078125,114.5,96.38130950927734,29750600
2000-03-13,110.0,114.125,109.53125,111.5,93.85600280761719,37544200
2000-03-14,112.75,113.375,105.0,107.375,90.38377380371094,39106800
2000-03-15,106.5,107.0,101.875,102.875,86.59586334228516,51202600
2000-03-16,105.375,109.25,101.0,108.75,91.5411605834961,55282200
2000-03-17,108.0,111.0625,107.9375,110.8125,93.27730560302734,31422400
2000-03-20,111.0,111.5,106.25,107.6875,90.64684295654297,21167200
2000-03-21,106.125,111.9375,103.5625,111.75,94.0664291381836,33435100
2000-03-22,113.5,115.96875,111.125,114.0,95.96039581298828,24370200
2000-03-23,114.484375,117.75,113.5625,116.0,97.64398956298828,19227400
2000-03-24,117.484375,120.5,115.015625,117.5625,98.95915222167969,22063000
2000-03-27,118.0,119.5,117.125,117.75,99.11699676513672,11752600
2000-03-28,116.984375,117.8125,113.125,114.75,96.59172821044922,18336300
2000-03-29,115.375,115.4375,110.0,110.0,92.59336853027344,27189500
2000-03-30,107.25,112.75,103.5,107.25,90.27854919433594,42328700
2000-03-31,108.140625,110.625,104.0,109.5,92.17249298095703,31349900
2000-04-03,107.765625,109.125,100.75,102.9375,86.64849853515625,31551300
2000-04-04,103.625,103.9375,88.3125,101.9375,85.80670928955078,66213000
2000-04-05,97.5,103.9375,96.25,100.125,84.28099060058594,37631500
2000-04-06,102.375,103.875,99.75,102.5,86.28021240234375,30499900
2000-04-07,104.125,107.375,102.625,106.625,89.7524185180664,20645500
2000-04-10,107.625,107.6875,99.25,100.125,84.28099060058594,26988200
2000-04-11,97.125,101.5,95.0625,97.75,82.2818832397461,34497100
2000-04-12,97.625,98.75,90.25,92.0,77.44172668457031,34824400
2000-04-13,92.8125,96.0,88.0,88.0,74.0746841430664,46330500
2000-04-14,86.0625,88.5,78.0,80.375,67.65630340576172,60851300
2000-04-17,78.015625,90.0,78.0,89.625,75.44255828857422,55398500
2000-04-18,89.484375,93.0,87.375,92.0,77.44172668457031,36260900
2000-04-19,92.5,93.625,89.0625,89.1875,75.07426452636719,28082500
2000-04-20,90.375,90.96875,86.0625,87.25,73.4433822631836,21255600
2000-04-24,83.4375,85.25,79.875,84.75,71.33898162841797,31190900
2000-04-25,86.5,90.5,86.0,90.46875,76.15282440185547,28663200
2000-04-26,90.625,92.421875,87.125,87.375,73.54859161376953,25688300
2000-04-27,84.0,92.484375,82.25,91.25,76.81043243408203,37010400
2000-04-28,93.5625,94.75,92.125,94.75,79.75653076171875,24828400
2000-05-01,95.75,96.875,94.25,95.625,80.49311828613281,23205700
2000-05-02,94.875,95.625,89.75,90.125,75.86341857910156,20307900
2000-05-03,89.5,90.25,85.515625,89.125,75.02165985107422,26589700
2000-05-04,89.0,90.75,87.625,89.3125,75.17948913574219,17750700
2000-05-05,88.125,92.3125,88.03125,91.4375,76.96826171875,20571200
2000-05-08,90.5,90.75,87.75,87.875,73.969482421875,13903000
2000-05-09,88.5,89.125,84.3125,86.0,72.39117431640625,19825800
2000-05-10,84.375,84.984375,79.5,79.75,67.13021850585938,34847500
2000-05-11,82.75,85.25,80.875,84.625,71.2337646484375,24709700
2000-05-12,85.375,87.5625,84.0,84.625,71.2337646484375,17832000
2000-05-15,84.8125,88.625,82.625,88.3125,74.3377456665039,17950800
2000-05-16,90.0,91.5,88.0625,90.8125,76.442138671875,23758800
2000-05-17,89.25,90.5,87.75,88.9375,74.86383056640625,20339400
2000-05-18,89.0,89.359375,85.375,85.75,72.1807861328125,19063000
2000-05-19,83.75,85.0,81.3125,81.6875,68.7610855102539,28178100
2000-05-22,81.625,82.25,75.578125,81.625,68.70849609375,43879800
2000-05-23,81.375,82.625,74.25,74.8125,62.974021911621094,31898500
2000-05-24,75.0,79.875,72.25,79.5,66.91978454589844,49476000
2000-05-25,80.25,82.25,76.5,77.75,65.44672393798828,29632700
2000-05-26,77.75,79.25,75.75,77.75,65.44672393798828,18203200
2000-05-30,80.0,85.9375,80.0,85.5625,72.02293395996094,31590400
2000-05-31,84.46875,86.671875,82.75,83.125,69.97109985351562,29675400
2000-06-01,85.1875,88.375,84.0,87.375,73.54859161376953,28993500
2000-06-02,92.625,93.9375,82.5,93.625,78.80957794189453,31677200
2000-06-05,92.25,95.3125,91.875,93.859375,79.0068588256836,23784300
2000-06-06,93.1875,95.0,90.875,91.25,76.81043243408203,23200500
2000-06-07,91.5625,94.0,89.5625,93.6875,78.86222076416016,22524400
2000-06-08,94.625,94.875,91.625,93.25,78.49392700195312,19313800
2000-06-09,94.75,94.75,93.0,93.75,78.91481018066406,17014600
2000-06-12,94.3125,94.3125,90.0,90.75,76.38955688476562,16484700
2000-06-13,90.5,94.625,89.359375,94.25,79.335693359375,25187900
2000-06-14,94.875,94.875,91.5,92.125,77.54692840576172,20274500
2000-06-15,91.875,93.875,90.875,93.75,78.91481018066406,18807800
2000-06-16,94.75,95.3125,93.0625,94.25,79.335693359375,21203400
2000-06-19,94.015625,98.25,92.6875,98.0,82.49230194091797,20042500
2000-06-20,98.25,99.6875,97.1875,97.625,82.17660522460938,20988300
2000-06-21,96.8125,99.71875,96.6875,98.875,83.2288589477539,20880600
2000-06-22,98.625,99.0,94.5,95.25,80.17742919921875,21526700
2000-06-23,95.0,95.5,91.375,91.5,77.0208511352539,24888100
2000-06-26,93.0625,94.421875,92.0,94.0,79.12525939941406,22169200
2000-06-27,93.765625,95.0625,92.375,92.875,78.17826843261719,14786000
2000-06-28,92.984375,95.5,92.5,94.0,79.12525939941406,19259800
2000-06-29,92.9375,93.375,90.625,91.640625,77.13924407958984,21355800
2000-06-30,91.8125,93.953125,91.3125,93.4375,78.65176391601562,15153100
2000-07-03,93.5,95.25,93.25,95.25,80.17742919921875,5212000
2000-07-05,93.625,93.96875,90.875,91.5625,77.07345581054688,16489000
2000-07-06,91.5625,94.75,90.0625,94.0,79.12525939941406,23594700
2000-07-07,95.0,97.0,94.4375,95.9375,80.75614929199219,16603200
2000-07-10,94.6875,95.875,94.0,94.484375,79.53295135498047,12659400
2000-07-11,94.0625,95.75,92.8125,95.0,79.96701049804688,14374600
2000-07-12,95.4375,97.75,94.625,97.25,81.86099243164062,18252600
2000-07-13,97.9375,99.75,97.125,98.5,82.91315460205078,19566700
2000-07-14,100.25,101.125,98.8125,100.625,84.70191192626953,17219400
2000-07-17,100.9375,102.0625,99.875,101.75,85.64884185791016,13140500
2000-07-18,100.375,100.78125,98.359375,99.5,83.75493621826172,20684000
2000-07-19,98.3125,98.9375,95.65625,97.25,81.86099243164062,21828500
2000-07-20,97.875,100.5,97.265625,100.375,84.4914321899414,19521200
2000-07-21,98.4375,99.515625,97.0,97.0,81.65050506591797,14411400
2000-07-24,97.9375,99.0,94.25,95.0,79.96701049804688,18579200
2000-07-25,95.625,97.0,93.8125,95.75,80.59832763671875,19065700
2000-07-26,95.5,96.125,93.25,95.625,80.49311828613281,20318700
2000-07-27,93.9375,95.0625,91.5625,91.875,77.33650207519531,26141800
2000-07-28,92.1875,92.875,86.0,86.875,73.12776184082031,36485600
2000-07-31,87.625,90.125,85.71875,89.4375,75.28472900390625,27609900
2000-08-01,89.8125,89.984375,87.6875,88.25,74.28518676757812,15751800
2000-08-02,87.875,90.390625,86.5,86.6875,72.96991729736328,23578200
2000-08-03,84.25,91.25,83.3125,90.4375,76.12644958496094,35874700
2000-08-04,92.0,92.765625,89.125,90.125,75.86341857910156,22283400
2000-08-07,90.875,93.03125,90.25,92.25,77.6521987915039,15103300
2000-08-08,92.0625,94.25,91.5,94.125,79.23048400878906,14832300
2000-08-09,93.6875,94.4375,91.375,91.625,77.12609100341797,18649800
2000-08-10,91.8125,92.234375,89.5,89.8125,75.60038757324219,15336200
2000-08-11,89.25,91.109375,87.875,91.0625,76.65257263183594,21050600
2000-08-14,91.375,93.0,90.203125,93.0,78.28350830078125,12539300
2000-08-15,92.75,93.984375,92.0,93.0,78.28350830078125,14090300
2000-08-16,93.4375,94.6875,92.0,93.9375,79.07264709472656,15245300
2000-08-17,92.9375,95.875,92.875,95.75,80.59832763671875,14492400
2000-08-18,95.9375,96.625,94.6875,95.25,80.17742919921875,14706700
2000-08-21,96.0,96.859375,94.375,95.5,80.38789367675781,13560100
2000-08-22,96.0,97.359375,95.265625,95.5,80.38789367675781,14878200
2000-08-23,94.6875,97.4375,93.828125,97.0625,81.70311737060547,21396400
2000-08-24,97.4375,98.6875,96.0625,98.5625,82.9658203125,13567700
2000-08-25,98.484375,99.953125,97.0,98.03125,82.51860046386719,11764700
2000-08-28,98.25,99.84375,97.9375,98.5,82.91315460205078,12314200
2000-08-29,98.625,99.171875,97.859375,99.0,83.33402252197266,11162800
2000-08-30,98.3125,99.5,97.765625,98.875,83.2288589477539,10545300
2000-08-31,99.625,102.0,98.875,101.625,85.54361724853516,15588700
2000-09-01,103.0,103.515625,101.1875,102.625,86.38542175292969,14071900
2000-09-05,101.625,101.75,99.421875,99.5,83.75493621826172,16348300
2000-09-06,99.25,99.484375,95.5,96.0,80.80877685546875,20964900
2000-09-07,96.8125,99.421875,96.5625,98.125,82.59746551513672,16669700
2000-09-08,97.765625,98.0,94.765625,95.125,80.07221984863281,23475200
2000-09-11,94.5,96.125,92.0,92.8125,78.12568664550781,27262100
2000-09-12,93.5,94.6875,90.84375,91.375,76.9156265258789,24256000
2000-09-13,90.25,93.875,90.0,93.5,78.70435333251953,34093100
2000-09-14,95.25,95.9375,92.640625,93.0,78.28350830078125,28615300
2000-09-15,93.125,93.625,90.6875,91.3125,76.86304473876953,24994600
2000-09-18,91.8125,93.0,88.0,89.875,75.65300750732422,29218500
2000-09-19,90.75,93.78125,89.875,93.1875,78.44132232666016,27568700
2000-09-20,93.375,95.234375,91.3125,94.625,79.65135192871094,33123200
2000-09-21,93.75,94.484375,87.0,87.75,73.86428833007812,25031400
2000-09-22,87.625,93.25,87.5,92.9375,78.23088836669922,33710100
2000-09-25,93.625,94.25,90.0,90.46875,76.15282440185547,20560800
2000-09-26,90.765625,92.5,88.921875,89.4375,75.28472900390625,26011200
2000-09-27,90.625,91.1875,88.0,89.5625,75.38994598388672,28482900
2000-09-28,88.71875,93.0,88.71875,91.5625,77.07345581054688,29050000
2000-09-29,92.0,92.453125,88.6875,88.75,74.70600891113281,27198800
2000-10-02,90.25,90.25,86.0,86.75,73.02249908447266,24968200
2000-10-03,88.0625,88.8125,83.265625,84.0,70.70770263671875,35731200
2000-10-04,83.5,86.859375,82.125,85.625,72.0755386352539,37672100
2000-10-05,85.25,87.1875,84.5625,85.875,72.28595733642578,23443100
2000-10-06,85.5625,86.5625,81.25,83.0,69.86593627929688,36335800
2000-10-09,82.5625,83.8125,79.375,82.625,69.55026245117188,28834600
2000-10-10,81.8125,83.3125,77.875,78.3125,65.92015838623047,35283200
2000-10-11,76.875,80.453125,76.0625,77.0625,64.86797332763672,48462600
2000-10-12,79.25,79.5625,74.40625,75.125,63.237056732177734,53223600
2000-10-13,74.6875,81.625,74.625,81.25,68.39285278320312,42410200
2000-10-16,81.125,82.3125,79.75,82.0,69.02416229248047,27644900
2000-10-17,83.125,83.171875,78.0,78.25,65.8675765991211,52101400
2000-10-18,76.75,81.1875,74.5625,78.0,65.6571273803711,64354400
2000-10-19,82.390625,85.109375,81.4375,85.0625,71.60203552246094,44278900
2000-10-20,84.5,87.875,84.390625,86.3125,72.65423583984375,40692200
2000-10-23,86.1875,87.5,84.125,86.1875,72.54901123046875,28989200
2000-10-24,86.4375,87.0,82.375,82.5,69.44501495361328,31466200
2000-10-25,81.25,82.0,76.890625,77.875,65.55191802978516,48635400
2000-10-26,78.1875,80.0,73.625,79.875,67.23540496826172,69991300
2000-10-27,80.859375,81.859375,77.484375,79.71875,67.1039047241211,51046400
2000-10-30,78.1875,79.875,75.703125,76.765625,64.6180648803711,35496700
2000-10-31,78.0,82.5625,77.875,81.703125,68.77425384521484,43863800
2000-11-01,80.3125,82.8125,79.1875,81.0,68.18238830566406,45186400
2000-11-02,82.1875,83.25,81.0625,82.0,69.02416229248047,26594300
2000-11-03,82.875,83.9375,81.640625,83.0625,69.91850280761719,29837100
2000-11-06,83.625,84.125,82.0,82.4375,69.39237976074219,23485800
2000-11-07,81.4375,82.46875,80.25,82.125,69.12938690185547,24334400
2000-11-08,82.125,82.25,75.625,75.703125,63.72370147705078,40338200
2000-11-09,74.75,76.9375,73.0,75.6875,63.71057891845703,64955900
2000-11-10,74.25,75.6875,71.75,71.75,60.396121978759766,49235500
2000-11-13,70.953125,74.1875,68.265625,71.859375,60.48822021484375,75023400
2000-11-14,73.0,76.0,72.75,75.84375,63.84205627441406,44829500
2000-11-15,75.5625,78.0625,74.796875,77.375,65.13101959228516,37760900
2000-11-16,75.375,77.0,72.875,72.875,61.343116760253906,33898700
2000-11-17,73.1875,75.1875,71.0,72.828125,61.30365753173828,49913800
2000-11-20,70.9375,72.0625,69.25,69.859375,58.804691314697266,46862300
2000-11-21,70.1875,71.125,68.4375,69.75,58.712623596191406,42128600
2000-11-22,68.4375,70.125,66.5,66.625,56.08213424682617,56623700
2000-11-24,68.375,70.625,68.171875,70.4375,59.29135513305664,19987900
2000-11-27,72.5625,72.9375,68.75,69.5625,58.55479049682617,35416600
2000-11-28,68.9375,69.9375,65.3125,65.453125,55.095680236816406,48812700
2000-11-29,65.8125,66.75,62.5,62.9375,52.97813034057617,66189300
2000-11-30,61.75,64.25,60.5,62.984375,53.0175895690918,74792600
2000-12-01,64.0625,66.765625,62.125,64.0,53.87248611450195,57112500
2000-12-04,64.125,65.359375,61.75,65.0,54.71429443359375,49106300
2000-12-05,66.0625,71.0,65.5,70.6875,59.50177764892578,76531800
2000-12-06,70.59375,72.296875,67.75,68.0,57.23954391479492,63352100
2000-12-07,67.0,68.984375,65.5,66.5,55.97687911987305,41481100
2000-12-08,71.09375,73.5,67.625,68.0,57.23954391479492,65856900
2000-12-11,72.0625,74.78125,70.953125,74.375,62.60575485229492,51829800
2000-12-12,73.5,73.875,71.3125,71.65625,60.31721115112305,31054500
2000-12-13,73.4375,73.5,68.3125,68.734375,57.857688903808594,51661600
2000-12-14,68.515625,69.6875,65.25,65.375,55.02994155883789,41562700
2000-12-15,64.25,65.625,62.5625,63.875,53.76728820800781,59026100
2000-12-18,65.15625,65.96875,62.5625,64.0,53.87248611450195,42950000
2000-12-19,63.453125,65.859375,58.75,59.125,49.76893615722656,80489200
2000-12-20,57.3125,58.375,54.75,55.734375,46.91486358642578,81432100
2000-12-21,55.015625,58.75,54.25,56.0625,47.19105911254883,85875600
2000-12-22,57.625,60.75,57.5,60.5,50.926353454589844,57240000
2000-12-26,60.59375,61.921875,58.0,60.875,51.24202346801758,37082800
2000-12-27,59.6875,62.1875,58.9375,61.5625,51.82070541381836,33955500
2000-12-28,60.78125,62.484375,60.25,61.4375,51.71549987792969,30996900
2000-12-29,61.5625,62.234375,58.0,58.375,49.13761901855469,49191000
2001-01-02,58.5625,58.6875,52.4375,53.4375,44.981441497802734,62514100
2001-01-03,52.1875,65.25,52.15625,62.4375,52.55725860595703,118175700
2001-01-04,61.625,63.625,60.234375,61.3125,51.61026382446289,58465400
2001-01-05,61.3125,61.3125,56.0,56.625,47.664554595947266,68782000
2001-01-08,56.3125,57.5,53.515625,57.25,48.19065475463867,55576500
2001-01-09,57.75,59.125,56.625,57.25,48.19065475463867,53318900
2001-01-10,56.125,60.375,55.75,60.1875,50.66331481933594,74258300
2001-01-11,59.265625,63.6875,59.1875,61.9375,52.136375427246094,65451700
2001-01-12,62.75,64.625,61.5,62.734375,52.807159423828125,60793900
2001-01-16,62.5625,62.921875,60.5625,61.984375,52.17585372924805,32203300
2001-01-17,64.5,65.609375,63.140625,63.875,53.76728820800781,61388800
2001-01-18,64.125,66.75,62.6875,66.5625,56.02949905395508,54934700
2001-01-19,68.140625,68.3125,65.5625,66.3125,55.819061279296875,56292500
2001-01-22,65.875,67.0,64.75,66.375,55.871673583984375,35777100
2001-01-23,65.90625,68.40625,65.3125,67.765625,57.0422477722168,49859500
2001-01-24,68.0625,69.125,66.75,67.125,56.50300216674805,53905400
2001-01-25,66.875,67.671875,64.390625,64.5,54.293399810791016,57151900
2001-01-26,63.5625,65.9375,63.0,65.546875,55.17462158203125,45681400
2001-01-29,64.75,67.25,64.25,67.0,56.397789001464844,31514100
2001-01-30,67.1500015258789,67.73999786376953,66.0,66.75,56.18733215332031,42439300
2001-01-31,67.25,67.98999786376953,64.30000305175781,64.30000305175781,54.125030517578125,59322200
2001-02-01,64.55000305175781,65.61000061035156,63.599998474121094,65.1500015258789,54.84052658081055,45142600
2001-02-02,64.94000244140625,65.30000305175781,60.0,61.54999923706055,51.81019592285156,47471000
2001-02-05,61.189998626708984,61.900001525878906,60.119998931884766,61.5,51.76810836791992,36016300
2001-02-06,61.4900016784668,63.119998931884766,61.15999984741211,61.599998474121094,51.85227966308594,42417700
2001-02-07,60.5099983215332,61.20000076293945,58.58000183105469,60.599998474121094,51.01053237915039,61972200
2001-02-08,60.900001525878906,61.5,58.58000183105469,58.790000915527344,49.48696517944336,48269500
2001-02-09,58.25,58.599998474121094,56.0,56.400001525878906,47.475128173828125,55385200
2001-02-12,56.25,57.939998626708984,55.619998931884766,57.08000183105469,48.04753875732422,50540400
2001-02-13,57.650001525878906,59.18000030517578,54.97999954223633,55.25,46.50714111328125,58914000
2001-02-14,55.400001525878906,57.75,54.119998931884766,57.45000076293945,48.35899353027344,63048200
2001-02-15,58.79999923706055,60.4900016784668,58.29999923706055,58.400001525878906,49.158668518066406,67801300
2001-02-16,55.959999084472656,56.869998931884766,54.529998779296875,55.130001068115234,46.40610885620117,66779700
2001-02-20,55.7400016784668,55.84000015258789,52.29999923706055,52.9900016784668,44.60475158691406,55298400
2001-02-21,51.54999923706055,54.06999969482422,50.91999816894531,51.5,43.35053634643555,72349000
2001-02-22,51.45000076293945,52.15999984741211,48.88999938964844,51.0,42.92966079711914,103855500
2001-02-23,50.09000015258789,51.599998474121094,48.22999954223633,51.18000030517578,43.081180572509766,93337900
2001-02-26,52.08000183105469,52.599998474121094,50.25,52.150001525878906,43.89767837524414,78342700
2001-02-27,51.540000915527344,52.08000183105469,48.900001525878906,49.0,41.246150970458984,66741700
2001-02-28,49.45000076293945,50.209999084472656,46.86000061035156,47.45000076293945,39.94141387939453,102187900
2001-03-01,46.970001220703125,49.20000076293945,45.75,48.79999923706055,41.077781677246094,101773000
2001-03-02,47.20000076293945,49.630001068115234,45.650001525878906,46.70000076293945,39.310089111328125,95927100
2001-03-05,47.5,48.36000061035156,47.09000015258789,47.54999923706055,40.02560043334961,43888400
2001-03-06,49.29999923706055,50.65999984741211,49.099998474121094,49.400001525878906,41.58285140991211,60828600
2001-03-07,50.400001525878906,50.43000030517578,48.970001220703125,49.41999816894531,41.59968948364258,55215500
2001-03-08,49.349998474121094,49.810001373291016,48.099998474121094,48.5,40.825252532958984,48965200
2001-03-09,47.25,47.369998931884766,44.95000076293945,45.099998474121094,37.96327590942383,79990900
2001-03-12,44.0,44.95000076293945,41.79999923706055,42.29999923706055,35.606361389160156,80674000
2001-03-13,42.779998779296875,44.7400016784668,42.130001068115234,44.45000076293945,37.4161376953125,80024400
2001-03-14,42.70000076293945,45.189998626708984,42.310001373291016,43.75,36.826927185058594,97190000
2001-03-15,45.20000076293945,45.310001373291016,42.04999923706055,42.150001525878906,35.48008728027344,74135500
2001-03-16,41.880001068115234,42.79999923706055,40.560001373291016,41.20000076293945,34.6804313659668,77784500
2001-03-19,41.439998626708984,43.2599983215332,40.75,43.2599983215332,36.41444396972656,53248200
2001-03-20,43.439998626708984,43.810001373291016,40.20000076293945,40.349998474121094,33.96492385864258,104796200
2001-03-21,40.52000045776367,41.79999923706055,39.709999084472656,40.349998474121094,33.96492385864258,96200700
2001-03-22,40.599998474121094,42.79999923706055,39.4900016784668,42.79999923706055,36.027252197265625,130208100
2001-03-23,43.54999923706055,43.83000183105469,41.5,42.79999923706055,36.027252197265625,95277500
2001-03-26,43.470001220703125,43.5,41.54999923706055,41.810001373291016,35.19391632080078,57666200
2001-03-27,41.79999923706055,43.720001220703125,41.41999816894531,43.25,36.40603256225586,69945300
2001-03-28,41.900001525878906,42.20000076293945,39.68000030517578,39.70000076293945,33.41780090332031,77863500
2001-03-29,39.380001068115234,40.61000061035156,38.400001525878906,38.95000076293945,32.786476135253906,79654700
2001-03-30,39.29999923706055,39.97999954223633,38.0,39.150001525878906,32.95480728149414,63661300
2001-04-02,39.16999816894531,39.849998474121094,37.29999923706055,37.400001525878906,31.481733322143555,69713600
2001-04-03,37.20000076293945,37.75,34.619998931884766,34.65999984741211,29.17532730102539,89015700
2001-04-04,34.709999084472656,35.810001373291016,33.599998474121094,34.04999923706055,28.6618709564209,76473900
2001-04-05,36.0,37.959999084472656,35.709999084472656,37.310001373291016,31.405996322631836,87035800
2001-04-06,36.900001525878906,37.099998474121094,35.5,35.95000076293945,30.26120376586914,86123600
2001-04-09,36.790000915527344,37.38999938964844,35.849998474121094,37.04999923706055,31.18714141845703,51638700
2001-04-10,37.900001525878906,40.459999084472656,37.779998779296875,39.79999923706055,33.50197982788086,94265100
2001-04-11,42.15999984741211,42.5,40.45000076293945,41.0,34.512081146240234,92829500
2001-04-12,40.29999923706055,42.79999923706055,40.0,42.79999923706055,36.027252197265625,79531500
2001-04-16,41.939998626708984,42.43000030517578,40.060001373291016,40.25,33.88074493408203,65229800
2001-04-17,39.95000076293945,42.70000076293945,39.900001525878906,41.25,34.72250747680664,94694300
2001-04-18,43.720001220703125,48.0,43.20000076293945,45.54999923706055,38.3420524597168,128891400
2001-04-19,46.099998474121094,48.75,45.58000183105469,48.29999923706055,40.65689468383789,110467600
2001-04-20,48.18000030517578,49.439998626708984,43.04999923706055,48.400001525878906,40.74108123779297,80598100
2001-04-23,46.9900016784668,47.720001220703125,44.88999938964844,45.150001525878906,38.005374908447266,79317600
2001-04-24,45.099998474121094,46.41999816894531,43.75,44.29999923706055,37.28987503051758,88888300
2001-04-25,43.900001525878906,45.58000183105469,43.099998474121094,45.099998474121094,37.96327590942383,68418400
2001-04-26,45.900001525878906,46.25,43.869998931884766,43.95000076293945,36.99525833129883,71110200
2001-04-27,45.150001525878906,45.470001220703125,44.2400016784668,45.150001525878906,38.005374908447266,55580000
2001-04-30,46.25,47.56999969482422,45.29999923706055,46.150001525878906,38.84713363647461,73859100
2001-05-01,46.20000076293945,48.08000183105469,45.400001525878906,48.04999923706055,40.44645309448242,54498300
2001-05-02,48.79999923706055,49.400001525878906,47.5,48.97999954223633,41.229312896728516,77566500
2001-05-03,47.900001525878906,47.900001525878906,46.20000076293945,46.79999923706055,39.3942756652832,67124900
2001-05-04,45.29999923706055,48.20000076293945,45.11000061035156,48.20000076293945,40.57273483276367,72673400
2001-05-07,48.0,48.599998474121094,47.099998474121094,47.20000076293945,39.73097610473633,45561600
2001-05-08,48.29999923706055,48.349998474121094,46.9900016784668,48.20000076293945,40.57273483276367,56970700
2001-05-09,47.04999923706055,47.95000076293945,46.439998626708984,46.54999923706055,39.183837890625,60984600
2001-05-10,47.91999816894531,48.04999923706055,45.720001220703125,45.77000045776367,38.52726364135742,61130300
2001-05-11,45.84000015258789,46.41999816894531,45.09000015258789,45.54999923706055,38.3420524597168,48760400
2001-05-14,45.29999923706055,45.36000061035156,43.349998474121094,44.81999969482422,37.72758865356445,43108000
2001-05-15,44.900001525878906,46.29999923706055,44.58000183105469,45.150001525878906,38.005374908447266,69007600
2001-05-16,44.310001373291016,47.52000045776367,44.060001373291016,47.150001525878906,39.688880920410156,80110500
2001-05-17,47.45000076293945,48.790000915527344,47.2599983215332,47.900001525878906,40.320213317871094,73810700
2001-05-18,47.63999938964844,48.380001068115234,47.09000015258789,48.040000915527344,40.43804168701172,41095100
2001-05-21,48.16999816894531,51.150001525878906,47.650001525878906,51.04999923706055,42.97175216674805,85426900
2001-05-22,51.310001373291016,51.95000076293945,50.18000030517578,50.900001525878906,42.84549331665039,77233900
2001-05-23,50.439998626708984,50.45000076293945,48.63999938964844,48.650001525878906,40.951541900634766,65618000
2001-05-24,48.970001220703125,49.9900016784668,48.27000045776367,49.900001525878906,42.00373077392578,61792500
2001-05-25,49.959999084472656,50.02000045776367,48.02000045776367,48.9900016784668,41.23773956298828,36191100
2001-05-29,48.5,48.5,46.099998474121094,46.119998931884766,38.82189178466797,66609600
2001-05-30,45.43000030517578,45.849998474121094,44.08000183105469,44.43000030517578,37.3993034362793,81397400
2001-05-31,44.540000915527344,45.849998474121094,44.29999923706055,44.72999954223633,37.65184783935547,68018300
2001-06-01,45.540000915527344,46.22999954223633,44.33000183105469,46.04999923706055,38.762939453125,61874300
2001-06-04,46.33000183105469,46.65999984741211,45.290000915527344,45.83000183105469,38.5777702331543,41696000
2001-06-05,46.29999923706055,48.36000061035156,46.20000076293945,47.849998474121094,40.278099060058594,68146400
2001-06-06,48.08000183105469,48.88999938964844,47.06999969482422,47.47999954223633,39.96665573120117,61169500
2001-06-07,47.130001068115234,49.4900016784668,47.06999969482422,48.70000076293945,40.99363708496094,65400200
2001-06-08,48.720001220703125,48.77000045776367,46.95000076293945,47.349998474121094,39.857242584228516,56391400
2001-06-11,46.900001525878906,47.0,45.4900016784668,46.04999923706055,38.762939453125,48809400
2001-06-12,44.869998931884766,46.79999923706055,44.22999954223633,45.79999923706055,38.552520751953125,78450500
2001-06-13,46.27000045776367,46.75,44.52000045776367,44.54999923706055,37.50032424926758,68535400
2001-06-14,44.02000045776367,44.400001525878906,42.0,42.25,35.56428527832031,91050300
2001-06-15,41.79999923706055,43.06999969482422,41.279998779296875,42.599998474121094,35.8588752746582,84589400
2001-06-18,42.63999938964844,43.16999816894531,41.400001525878906,42.029998779296875,35.37908172607422,63539100
2001-06-19,43.31999969482422,43.560001373291016,41.2599983215332,41.81999969482422,35.202308654785156,73386900
2001-06-20,41.29999923706055,42.970001220703125,41.279998779296875,42.77000045776367,36.00199890136719,83588600
2001-06-21,42.66999816894531,44.22999954223633,42.29999923706055,43.349998474121094,36.49020767211914,67212600
2001-06-22,43.619998931884766,44.20000076293945,42.59000015258789,43.25,36.40603256225586,51870400
2001-06-25,43.61000061035156,43.79999923706055,42.650001525878906,43.36000061035156,36.498619079589844,39212100
2001-06-26,42.540000915527344,43.88999938964844,42.47999954223633,43.5099983215332,36.62489700317383,55155100
2001-06-27,43.68000030517578,44.150001525878906,43.0,43.790000915527344,36.86058044433594,53289400
2001-06-28,44.400001525878906,46.36000061035156,44.349998474121094,44.349998474121094,37.33197021484375,89963700
2001-06-29,45.09000015258789,46.52000045776367,44.70000076293945,45.70000076293945,38.46833801269531,59719600
2001-07-02,45.650001525878906,46.47999954223633,45.189998626708984,45.45000076293945,38.257904052734375,50884300
2001-07-03,45.25,45.689998626708984,44.79999923706055,45.63999938964844,38.41781997680664,24758400
2001-07-05,44.869998931884766,45.18000030517578,43.45000076293945,43.45000076293945,36.57439422607422,44409800
2001-07-06,43.0099983215332,43.11000061035156,41.4900016784668,41.650001525878906,35.059207916259766,53434800
2001-07-09,41.88999938964844,42.689998626708984,41.5,42.0099983215332,35.36225509643555,45547500
2001-07-10,42.7599983215332,42.880001068115234,40.400001525878906,40.5,34.09119415283203,58620000
2001-07-11,40.41999816894531,41.099998474121094,39.869998931884766,41.0,34.512081146240234,77840200
2001-07-12,42.630001068115234,43.83000183105469,42.29999923706055,43.599998474121094,36.70064926147461,70363300
2001-07-13,43.380001068115234,44.43000030517578,42.900001525878906,43.150001525878906,36.32184982299805,62474200
2001-07-16,43.369998931884766,43.86000061035156,41.900001525878906,42.349998474121094,35.648441314697266,53390800
2001-07-17,41.81999969482422,43.400001525878906,41.540000915527344,43.29999923706055,36.44811248779297,59813000
2001-07-18,42.27000045776367,42.849998474121094,41.13999938964844,41.650001525878906,35.059207916259766,64797200
2001-07-19,42.459999084472656,43.349998474121094,41.75,42.63999938964844,35.89257049560547,76590200
2001-07-20,41.4900016784668,42.13999938964844,41.36000061035156,41.650001525878906,35.059207916259766,49012800
2001-07-23,42.2400016784668,42.400001525878906,40.54999923706055,40.61000061035156,34.18380355834961,55329400
2001-07-24,40.380001068115234,40.900001525878906,39.310001373291016,40.150001525878906,33.796600341796875,70422900
2001-07-25,40.13999938964844,40.720001220703125,39.400001525878906,40.5,34.09119415283203,68859600
2001-07-26,40.45000076293945,41.88999938964844,39.97999954223633,41.099998474121094,34.59626388549805,69199300
2001-07-27,41.63999938964844,42.2599983215332,41.29999923706055,41.95000076293945,35.311771392822266,47452900
2001-07-30,42.130001068115234,42.29999923706055,41.400001525878906,41.70000076293945,35.101295471191406,39459400
2001-07-31,41.84000015258789,42.779998779296875,41.5,41.7599983215332,35.151817321777344,55732500
2001-08-01,42.630001068115234,43.5,42.40999984741211,43.099998474121094,36.27975082397461,53864800
2001-08-02,43.790000915527344,44.0,42.81999969482422,43.90999984741211,36.96158981323242,53187300
2001-08-03,43.529998779296875,43.529998779296875,42.560001373291016,43.18000030517578,36.34712600708008,51513700
2001-08-06,42.529998779296875,42.849998474121094,42.349998474121094,42.5,35.77471923828125,31105700
2001-08-07,42.099998474121094,42.81999969482422,41.939998626708984,42.279998779296875,35.58952713012695,38407500
2001-08-08,41.849998474121094,42.650001525878906,40.29999923706055,40.5,34.09119415283203,76045200
2001-08-09,40.40999984741211,40.880001068115234,39.97999954223633,40.66999816894531,34.23428726196289,66861400
2001-08-10,40.41999816894531,40.75,39.22999954223633,40.279998779296875,33.90602493286133,68491900
2001-08-13,40.59000015258789,41.34000015258789,40.20000076293945,41.099998474121094,34.59626388549805,48425700
2001-08-14,41.4900016784668,41.70000076293945,40.540000915527344,40.599998474121094,34.175392150878906,51267600
2001-08-15,40.619998931884766,40.93000030517578,39.06999969482422,39.099998474121094,32.9127082824707,58935300
2001-08-16,38.63999938964844,39.59000015258789,38.040000915527344,39.560001373291016,33.29995346069336,68227300
2001-08-17,38.439998626708984,38.79999923706055,37.709999084472656,37.7599983215332,31.7847843170166,56649300
2001-08-20,37.849998474121094,38.650001525878906,37.52000045776367,38.279998779296875,32.22250747680664,49921300
2001-08-21,38.290000915527344,38.650001525878906,36.650001525878906,36.689998626708984,30.88409996032715,56445600
2001-08-22,37.45000076293945,37.84000015258789,36.540000915527344,37.689998626708984,31.725862503051758,65221400
2001-08-23,37.66999816894531,38.459999084472656,37.29999923706055,37.31999969482422,31.41440200805664,54711800
2001-08-24,37.86000061035156,39.38999938964844,37.75,39.29999923706055,33.08110427856445,58450600
2001-08-27,39.279998779296875,39.900001525878906,38.83000183105469,39.349998474121094,33.12318801879883,50927500
2001-08-28,39.31999969482422,39.439998626708984,38.0099983215332,38.119998931884766,32.087806701660156,65275500
2001-08-29,38.369998931884766,38.45000076293945,37.130001068115234,37.560001373291016,31.616439819335938,59060500
2001-08-30,36.79999923706055,37.310001373291016,35.75,36.16999816894531,30.446382522583008,76105800
2001-08-31,36.029998779296875,37.029998779296875,35.939998626708984,36.630001068115234,30.83360481262207,54309000
2001-09-04,36.5099983215332,37.5,35.349998474121094,35.470001220703125,29.85715675354004,74073600
2001-09-05,35.4900016784668,35.90999984741211,34.150001525878906,35.33000183105469,29.73932456970215,95461200
2001-09-06,34.7400016784668,35.52000045776367,33.779998779296875,33.900001525878906,28.535594940185547,88701800
2001-09-07,33.619998931884766,35.099998474121094,33.349998474121094,33.70000076293945,28.36724281311035,95528800
2001-09-10,33.4900016784668,34.31999969482422,33.34000015258789,34.099998474121094,28.70393943786621,80371300
2001-09-17,31.25,32.79999923706055,31.09000015258789,31.200000762939453,26.26285171508789,97700900
2001-09-18,31.530000686645508,32.5,30.3700008392334,30.5,25.67361068725586,66285300
2001-09-19,30.639999389648438,31.0,28.260000228881836,29.969999313354492,25.22748374938965,116632800
2001-09-20,29.299999237060547,30.09000015258789,28.799999237060547,28.969999313354492,24.385740280151367,90840200
2001-09-21,27.40999984741211,28.969999313354492,27.200000762939453,28.190000534057617,23.72916030883789,112341900
2001-09-24,29.079999923706055,30.0,28.59000015258789,29.610000610351562,24.924457550048828,85696500
2001-09-25,29.709999084472656,30.43000030517578,28.950000762939453,29.700000762939453,25.00020408630371,83860600
2001-09-26,29.950000762939453,30.0,28.40999984741211,28.670000076293945,24.133197784423828,59759800
2001-09-27,28.399999618530273,28.790000915527344,27.420000076293945,28.479999542236328,23.973264694213867,70050700
2001-09-28,28.84000015258789,29.920000076293945,28.309999465942383,28.979999542236328,24.394153594970703,84810800
2001-10-01,28.850000381469727,28.979999542236328,27.850000381469727,28.729999542236328,24.183696746826172,53460800
2001-10-02,28.649999618530273,29.40999984741211,28.399999618530273,28.81999969482422,24.25946044921875,74133400
2001-10-03,28.420000076293945,31.610000610351562,28.329999923706055,31.0,26.094497680664062,136198600
2001-10-04,31.649999618530273,33.20000076293945,30.940000534057617,31.299999237060547,26.347026824951172,127371500
2001-10-05,31.0,31.899999618530273,30.260000228881836,31.760000228881836,26.734228134155273,96443400
2001-10-08,31.1299991607666,32.349998474121094,30.959999084472656,31.860000610351562,26.81842041015625,67789600
2001-10-09,31.860000610351562,32.02000045776367,30.8700008392334,31.09000015258789,26.170259475708008,57564800
2001-10-10,30.8700008392334,32.540000915527344,30.75,32.5,27.357147216796875,73840600
2001-10-11,33.189998626708984,35.25,33.13999938964844,34.70000076293945,29.20901107788086,117232200
2001-10-12,34.33000183105469,34.79999923706055,33.13999938964844,34.54999923706055,29.082733154296875,111901600
2001-10-15,34.119998931884766,34.54999923706055,33.65999984741211,34.400001525878906,28.95647430419922,78322000
2001-10-16,34.65999984741211,35.099998474121094,34.06999969482422,34.959999084472656,29.42786407470703,81346800
2001-10-17,35.869998931884766,36.0,32.29999923706055,32.45000076293945,27.315044403076172,141530300
2001-10-18,32.70000076293945,33.540000915527344,32.400001525878906,33.33000183105469,28.05579376220703,94448200
2001-10-19,32.86000061035156,33.75,32.0,33.54999923706055,28.24098014831543,73434200
2001-10-22,33.439998626708984,34.5,33.220001220703125,34.45000076293945,28.998552322387695,74104900
2001-10-23,34.81999969482422,35.400001525878906,34.0,34.630001068115234,29.150075912475586,104062200
2001-10-24,34.599998474121094,35.68000030517578,34.31999969482422,35.380001068115234,29.781408309936523,90171400
2001-10-25,34.70000076293945,36.81999969482422,34.22999954223633,36.79999923706055,30.976696014404297,118551900
2001-10-26,36.5,37.060001373291016,36.0099983215332,36.0099983215332,30.31169891357422,93823900
2001-10-29,36.0,36.150001525878906,34.040000915527344,34.040000915527344,28.653446197509766,92146800
2001-10-30,33.709999084472656,34.09000015258789,32.84000015258789,33.380001068115234,28.09789276123047,96092200
2001-10-31,34.040000915527344,34.959999084472656,33.68000030517578,33.900001525878906,28.535594940185547,106175500
2001-11-01,34.439998626708984,35.560001373291016,33.779998779296875,35.34000015258789,29.747732162475586,92716000
2001-11-02,35.27000045776367,35.849998474121094,34.88999938964844,35.599998474121094,29.966577529907227,64917700
2001-11-05,36.2599983215332,37.15999984741211,36.15999984741211,36.7599983215332,30.943035125732422,64473000
2001-11-06,36.599998474121094,38.20000076293945,36.38999938964844,38.189998626708984,32.146751403808594,107214900
2001-11-07,37.61000061035156,38.84000015258789,37.5,38.13999938964844,32.10466003417969,92562100
2001-11-08,38.54999923706055,39.400001525878906,37.25,37.75,31.776338577270508,105916300
2001-11-09,37.59000015258789,38.08000183105469,37.119998931884766,37.72999954223633,31.759521484375,74121900
2001-11-12,37.0,38.349998474121094,36.29999923706055,38.0,31.986806869506836,112994400
2001-11-13,39.029998779296875,39.5,38.630001068115234,39.36000061035156,33.131614685058594,97931800
2001-11-14,39.959999084472656,40.2400016784668,38.7400016784668,39.63999938964844,33.36728286743164,88660100
2001-11-15,39.15999984741211,40.11000061035156,38.95000076293945,39.47999954223633,33.232601165771484,86349700
2001-11-16,39.47999954223633,39.68000030517578,38.91999816894531,39.369998931884766,33.140018463134766,64035500
2001-11-19,39.790000915527344,40.4900016784668,39.4900016784668,40.4900016784668,34.08277130126953,69196300
2001-11-20,40.08000183105469,40.22999954223633,38.47999954223633,38.619998931884766,32.50870895385742,85176500
2001-11-21,38.470001220703125,38.95000076293945,37.97999954223633,38.41999816894531,32.340328216552734,60867900
2001-11-23,38.7599983215332,39.43000030517578,38.56999969482422,39.279998779296875,33.06425476074219,27046000
2001-11-26,39.58000183105469,40.36000061035156,39.0099983215332,40.25,33.88074493408203,75267500
2001-11-27,40.04999923706055,40.970001220703125,39.20000076293945,40.20000076293945,33.838661193847656,100289700
2001-11-28,39.72999954223633,40.369998931884766,38.689998626708984,38.75,32.61810302734375,101568200
2001-11-29,39.029998779296875,40.0,38.790000915527344,39.95000076293945,33.62824249267578,83774700
2001-11-30,39.72999954223633,40.040000915527344,39.36000061035156,39.650001525878906,33.37569808959961,66018200
2001-12-03,39.290000915527344,39.599998474121094,38.869998931884766,38.970001220703125,32.80329132080078,60449800
2001-12-04,39.34000015258789,40.84000015258789,38.439998626708984,40.83000183105469,34.368988037109375,79378700
2001-12-05,41.20000076293945,43.150001525878906,41.119998931884766,42.849998474121094,36.06934356689453,115773700
2001-12-06,42.70000076293945,43.2400016784668,42.36000061035156,42.90999984741211,36.11985397338867,77702100
2001-12-07,42.47999954223633,42.599998474121094,41.13999938964844,41.72999954223633,35.126548767089844,81632600
2001-12-10,41.31999969482422,42.22999954223633,40.880001068115234,41.0,34.512081146240234,69088000
2001-12-11,41.459999084472656,42.2599983215332,41.130001068115234,41.22999954223633,34.70566177368164,66056500
2001-12-12,41.5,41.939998626708984,40.599998474121094,41.560001373291016,34.98345184326172,76093400
2001-12-13,40.709999084472656,41.0,39.7599983215332,39.7599983215332,33.468292236328125,79582600
2001-12-14,39.869998931884766,40.459999084472656,39.56999969482422,40.11000061035156,33.76290512084961,70006300
2001-12-17,40.02000045776367,41.2400016784668,40.02000045776367,40.79999923706055,34.343719482421875,62295500
2001-12-18,41.15999984741211,41.5,40.15999984741211,41.2599983215332,34.7309455871582,50850400
2001-12-19,40.560001373291016,41.31999969482422,40.31999969482422,40.5099983215332,34.09961700439453,79596200
2001-12-20,40.099998474121094,40.29999923706055,38.68000030517578,38.790000915527344,32.65178680419922,83048800
2001-12-21,39.41999816894531,39.709999084472656,39.150001525878906,39.47999954223633,33.232601165771484,56205000
2001-12-24,39.540000915527344,39.630001068115234,39.150001525878906,39.31999969482422,33.097938537597656,13660400
2001-12-26,39.369998931884766,40.29999923706055,39.15999984741211,39.689998626708984,33.40938186645508,37672900
2001-12-27,39.849998474121094,40.20000076293945,39.599998474121094,40.0099983215332,33.678733825683594,34255200
2001-12-28,40.290000915527344,40.79999923706055,40.22999954223633,40.33000183105469,33.948097229003906,38240400
2001-12-31,40.310001373291016,40.45000076293945,38.90999984741211,38.90999984741211,32.75279998779297,46176900
2002-01-02,39.56999969482422,40.150001525878906,38.93000030517578,40.11000061035156,33.76290512084961,61708800
2002-01-03,40.310001373291016,41.54999923706055,40.2599983215332,41.5,34.93296813964844,85769100
2002-01-04,41.95000076293945,42.290000915527344,40.93000030517578,41.66999816894531,35.07606506347656,86876900
2002-01-07,42.11000061035156,42.220001220703125,40.11000061035156,41.209999084472656,34.68885040283203,75166200
2002-01-08,41.099998474121094,41.77000045776367,40.84000015258789,41.4900016784668,34.924537658691406,66956800
2002-01-09,42.040000915527344,42.599998474121094,40.900001525878906,41.11000061035156,34.60467529296875,85123000
2002-01-10,41.16999816894531,41.540000915527344,40.68000030517578,41.380001068115234,34.83195114135742,75548000
2002-01-11,41.349998474121094,41.599998474121094,40.470001220703125,40.849998474121094,34.38581466674805,60832900
2002-01-14,40.4900016784668,40.68000030517578,39.70000076293945,39.959999084472656,33.636634826660156,71310700
2002-01-15,40.029998779296875,40.75,39.560001373291016,40.34000015258789,33.95651626586914,66916100
2002-01-16,39.529998779296875,39.939998626708984,38.77000045776367,38.779998779296875,32.64337158203125,90942000
2002-01-17,39.47999954223633,39.970001220703125,39.0099983215332,39.650001525878906,33.37569808959961,75285900
2002-01-18,38.83000183105469,39.45000076293945,38.220001220703125,38.59000015258789,32.48344421386719,81985600
2002-01-22,39.0,39.02000045776367,37.33000183105469,37.400001525878906,31.481733322143555,81773800
2002-01-23,37.650001525878906,38.689998626708984,37.349998474121094,38.43000030517578,32.34876251220703,74968800
2002-01-24,38.939998626708984,39.5099983215332,38.77000045776367,38.939998626708984,32.77806854248047,77251200
2002-01-25,38.470001220703125,39.150001525878906,38.36000061035156,38.83000183105469,32.68547058105469,58832100
2002-01-28,39.150001525878906,39.38999938964844,38.41999816894531,39.04999923706055,32.870635986328125,47795900
2002-01-29,39.130001068115234,39.400001525878906,37.5099983215332,37.97999954223633,31.9699764251709,83339800
2002-01-30,38.0,38.849998474121094,36.849998474121094,38.27000045776367,32.21409606933594,101385500
2002-01-31,38.56999969482422,38.75,38.02000045776367,38.5099983215332,32.41609573364258,69655500
2002-02-01,38.400001525878906,38.880001068115234,37.70000076293945,38.13999938964844,32.10466003417969,61207100
2002-02-04,37.959999084472656,38.06999969482422,36.61000061035156,36.91999816894531,31.077695846557617,82763300
2002-02-05,36.59000015258789,37.33000183105469,36.189998626708984,36.310001373291016,30.56424903869629,86853800
2002-02-06,36.84000015258789,36.88999938964844,35.70000076293945,36.060001373291016,30.353797912597656,98507600
2002-02-07,35.9900016784668,36.54999923706055,35.0,35.189998626708984,29.621458053588867,97725900
2002-02-08,35.459999084472656,36.2400016784668,34.970001220703125,36.16999816894531,30.446382522583008,80483100
2002-02-11,36.13999938964844,36.79999923706055,35.97999954223633,36.630001068115234,30.83360481262207,57641200
2002-02-12,36.310001373291016,36.97999954223633,36.040000915527344,36.33000183105469,30.581083297729492,51477700
2002-02-13,36.720001220703125,37.150001525878906,36.61000061035156,36.95000076293945,31.10295867919922,60984700
2002-02-14,37.150001525878906,37.56999969482422,36.0,36.880001068115234,31.044034957885742,77482300
2002-02-15,36.83000183105469,36.90999984741211,35.63999938964844,35.779998779296875,30.118118286132812,79719900
2002-02-19,35.369998931884766,35.459999084472656,34.31999969482422,34.68000030517578,29.192150115966797,72437200
2002-02-20,34.900001525878906,35.16999816894531,33.93000030517578,35.150001525878906,29.58778953552246,106552700
2002-02-21,34.790000915527344,34.95000076293945,33.47999954223633,33.47999954223633,28.182056427001953,109307800
2002-02-22,33.61000061035156,34.20000076293945,33.09000015258789,33.650001525878906,28.325162887573242,99824200
2002-02-25,34.0,35.25,33.95000076293945,35.0099983215332,29.46994972229004,88994700
2002-02-26,35.22999954223633,35.43000030517578,34.369998931884766,34.880001068115234,29.360525131225586,94683300
2002-02-27,35.38999938964844,35.5099983215332,34.060001373291016,34.400001525878906,28.95647430419922,95159300
2002-02-28,34.5099983215332,34.970001220703125,33.75,33.779998779296875,28.4345760345459,95711200
2002-03-01,34.150001525878906,35.75,34.09000015258789,35.7400016784668,30.08443260192871,86081600
2002-03-04,35.70000076293945,37.22999954223633,35.400001525878906,37.150001525878906,31.271329879760742,105734600
2002-03-05,36.93000030517578,37.869998931884766,36.810001373291016,37.41999816894531,31.49858856201172,91452600
2002-03-06,37.08000183105469,37.95000076293945,36.599998474121094,37.599998474121094,31.650102615356445,86943400
2002-03-07,38.119998931884766,38.33000183105469,37.0099983215332,37.68000030517578,31.717445373535156,85496000
2002-03-08,38.22999954223633,39.029998779296875,38.130001068115234,38.66999816894531,32.55078887939453,84443700
2002-03-11,38.349998474121094,39.189998626708984,38.060001373291016,38.529998779296875,32.43294143676758,71035200
2002-03-12,37.56999969482422,38.0,37.31999969482422,38.0,31.986806869506836,82652100
2002-03-13,37.40999984741211,37.65999984741211,36.869998931884766,37.08000183105469,31.212383270263672,71376200
2002-03-14,37.060001373291016,37.400001525878906,36.72999954223633,36.86000061035156,31.0272159576416,70700500
2002-03-15,36.88999938964844,37.33000183105469,36.59000015258789,37.22999954223633,31.33865737915039,63966500
2002-03-18,37.630001068115234,37.939998626708984,37.04999923706055,37.439998626708984,31.515417098999023,78938300
2002-03-19,37.599998474121094,37.880001068115234,37.220001220703125,37.380001068115234,31.46489906311035,58947600
2002-03-20,36.869998931884766,37.08000183105469,36.040000915527344,36.060001373291016,30.353797912597656,61816500
2002-03-21,36.150001525878906,37.13999938964844,35.900001525878906,37.02000045776367,31.161893844604492,89198800
2002-03-22,36.939998626708984,37.13999938964844,36.470001220703125,36.68000030517578,30.875686645507812,58930100
2002-03-25,36.689998626708984,36.900001525878906,35.52000045776367,35.560001373291016,29.93290901184082,87421900
2002-03-26,35.41999816894531,36.41999816894531,35.400001525878906,35.88999938964844,30.2106876373291,92457500
2002-03-27,35.630001068115234,36.0,35.400001525878906,35.61000061035156,29.975004196166992,64531800
2002-03-28,36.02000045776367,36.369998931884766,35.900001525878906,36.060001373291016,30.353797912597656,59539400
2002-04-01,35.79999923706055,36.900001525878906,35.29999923706055,36.75,30.93459701538086,70730500
2002-04-02,35.97999954223633,36.150001525878906,35.0,35.09000015258789,29.53728485107422,77759800
2002-04-03,35.29999923706055,35.45000076293945,34.29999923706055,35.029998779296875,29.48676872253418,85766400
2002-04-04,34.5,35.15999984741211,34.279998779296875,34.7599983215332,29.25950050354004,90521500
2002-04-05,35.0099983215332,35.16999816894531,34.18000030517578,34.369998931884766,28.93122100830078,68426000
2002-04-08,33.470001220703125,34.79999923706055,33.41999816894531,34.79999923706055,29.293176651000977,74950700
2002-04-09,34.779998779296875,34.97999954223633,33.4900016784668,33.59000015258789,28.274641036987305,80910200
2002-04-10,33.7599983215332,34.25,33.130001068115234,33.84000015258789,28.48508071899414,85748700
2002-04-11,33.65999984741211,33.849998474121094,32.880001068115234,33.0,27.778017044067383,90665600
2002-04-12,33.31999969482422,33.79999923706055,32.95000076293945,33.52000045776367,28.215723037719727,78360100
2002-04-15,33.79999923706055,33.959999084472656,33.20000076293945,33.790000915527344,28.442996978759766,69306800
2002-04-16,34.43000030517578,35.220001220703125,34.40999984741211,35.20000076293945,29.6298828125,72064700
2002-04-17,35.400001525878906,35.5,34.650001525878906,35.02000045776367,29.47836685180664,69130100
2002-04-18,34.779998779296875,35.150001525878906,34.0,34.349998474121094,28.914379119873047,91086100
2002-04-19,35.04999923706055,35.060001373291016,34.380001068115234,34.459999084472656,29.006973266601562,62286800
2002-04-22,34.0099983215332,34.0099983215332,33.25,33.59000015258789,28.274641036987305,64625600
2002-04-23,33.59000015258789,33.939998626708984,32.70000076293945,33.0099983215332,27.78643226623535,73070300
2002-04-24,33.209999084472656,33.310001373291016,32.20000076293945,32.5,27.357147216796875,68953900
2002-04-25,32.29999923706055,32.72999954223633,32.0,32.41999816894531,27.2897891998291,103073700
2002-04-26,32.65999984741211,32.779998779296875,31.010000228881836,31.040000915527344,26.1281681060791,100193400
2002-04-29,31.239999771118164,31.549999237060547,30.559999465942383,31.1200008392334,26.19551658630371,85326800
2002-04-30,31.030000686645508,32.189998626708984,30.940000534057617,31.729999542236328,26.70897674560547,95357900
2002-05-01,31.670000076293945,31.84000015258789,30.579999923706055,31.559999465942383,26.565885543823242,109975700
2002-05-02,31.389999389648438,31.989999771118164,30.459999084472656,30.510000228881836,25.682031631469727,85852200
2002-05-03,30.469999313354492,30.510000228881836,29.479999542236328,29.739999771118164,25.033889770507812,92103200
2002-05-06,29.6299991607666,29.979999542236328,28.850000381469727,28.969999313354492,24.385740280151367,96491200
2002-05-07,29.270000457763672,29.350000381469727,28.420000076293945,28.700000762939453,24.158447265625,101954400
2002-05-08,30.1299991607666,31.8799991607666,30.0,31.770000457763672,26.742645263671875,129741500
2002-05-09,31.56999969482422,31.889999389648438,30.799999237060547,30.950000762939453,26.05241584777832,106477200
2002-05-10,31.010000228881836,31.09000015258789,29.5,29.559999465942383,24.88237953186035,112282800
2002-05-13,29.8700008392334,30.979999542236328,29.670000076293945,30.760000228881836,25.892475128173828,93971200
2002-05-14,32.04999923706055,32.650001525878906,31.8700008392334,32.56999969482422,27.41605567932129,107284700
2002-05-15,32.08000183105469,33.630001068115234,31.850000381469727,32.810001373291016,27.618078231811523,150522100
2002-05-16,32.540000915527344,33.04999923706055,32.220001220703125,32.86000061035156,27.66016960144043,89916300
2002-05-17,33.290000915527344,33.40999984741211,32.470001220703125,32.93000030517578,27.71908950805664,82695000
2002-05-20,32.599998474121094,32.70000076293945,31.940000534057617,32.209999084472656,27.113025665283203,78144200
2002-05-21,32.36000061035156,32.59000015258789,31.0,31.329999923706055,26.372282028198242,104180000
2002-05-22,30.969999313354492,31.59000015258789,30.40999984741211,31.399999618530273,26.431209564208984,89543100
2002-05-23,31.6299991607666,32.099998474121094,30.799999237060547,32.029998779296875,26.96150016784668,94445800
2002-05-24,31.59000015258789,31.690000534057617,31.010000228881836,31.239999771118164,26.296506881713867,55874600
2002-05-28,31.469999313354492,31.520000457763672,30.489999771118164,31.100000381469727,26.178672790527344,68829400
2002-05-29,30.65999984741211,30.899999618530273,30.239999771118164,30.280000686645508,25.488433837890625,73470200
2002-05-30,30.010000228881836,30.719999313354492,29.899999618530273,30.540000915527344,25.70728874206543,92080500
2002-05-31,30.760000228881836,31.040000915527344,30.0,30.040000915527344,25.286413192749023,79907400
2002-06-03,30.0,30.25,28.790000915527344,28.979999542236328,24.394153594970703,77043700
2002-06-04,28.75,29.68000030517578,28.610000610351562,29.360000610351562,24.714019775390625,98366200
2002-06-05,29.420000076293945,29.799999237060547,28.969999313354492,29.65999984741211,24.966537475585938,95347100
2002-06-06,29.510000228881836,29.510000228881836,27.899999618530273,28.8799991607666,24.309967041015625,91129700
2002-06-07,27.6299991607666,28.790000915527344,27.520000457763672,28.299999237060547,23.821748733520508,106049200
2002-06-10,28.360000610351562,28.75,28.139999389648438,28.25,23.7796573638916,73142900
2002-06-11,28.600000381469727,28.690000534057617,27.360000610351562,27.459999084472656,23.114669799804688,84609500
2002-06-12,27.239999771118164,27.959999084472656,26.829999923706055,27.860000610351562,23.45137596130371,152974400
2002-06-13,27.760000228881836,28.209999084472656,27.350000381469727,27.68000030517578,23.29985809326172,97556300
2002-06-14,26.860000610351562,27.719999313354492,26.200000762939453,27.6200008392334,23.24935531616211,122106800
2002-06-17,28.0,28.75,27.90999984741211,28.559999465942383,24.040611267089844,87618100
2002-06-18,28.309999465942383,29.149999618530273,28.280000686645508,29.020000457763672,24.42781639099121,100513400
2002-06-19,28.100000381469727,28.31999969482422,27.25,27.34000015258789,23.0136661529541,93507600
2002-06-20,27.270000457763672,27.450000762939453,25.670000076293945,26.459999084472656,22.27291488647461,99913200
2002-06-21,26.360000610351562,26.780000686645508,25.649999618530273,25.81999969482422,21.734195709228516,168755100
2002-06-24,25.450000762939453,26.799999237060547,25.209999084472656,26.329999923706055,22.16349220275879,219672100
2002-06-25,26.579999923706055,26.719999313354492,25.299999237060547,25.459999084472656,21.431154251098633,136336400
2002-06-26,24.43000030517578,25.780000686645508,24.389999389648438,25.649999618530273,21.591089248657227,149080300
2002-06-27,26.0,26.25,25.020000457763672,26.209999084472656,22.062469482421875,121371100
2002-06-28,26.049999237060547,26.75,25.850000381469727,26.100000381469727,21.96988296508789,87842000
2002-07-01,25.969999313354492,26.139999389648438,24.780000686645508,24.850000381469727,20.917688369750977,64753900
2002-07-02,24.600000381469727,24.75,23.09000015258789,23.950000762939453,20.160106658935547,111629600
2002-07-03,23.850000381469727,24.75,23.6200008392334,24.75,20.833505630493164,101067000
2002-07-05,25.260000228881836,26.389999389648438,25.049999237060547,26.34000015258789,22.171903610229492,56768300
2002-07-08,26.200000762939453,26.549999237060547,25.079999923706055,25.3799991607666,21.363819122314453,97288500
2002-07-09,25.25,25.479999542236328,24.59000015258789,24.65999984741211,20.75775146484375,91039600
2002-07-10,24.989999771118164,25.030000686645508,23.829999923706055,23.899999618530273,20.118013381958008,115365200
2002-07-11,23.760000228881836,24.889999389648438,23.530000686645508,24.799999237060547,20.875600814819336,170271200
2002-07-12,25.25,25.520000457763672,24.549999237060547,24.799999237060547,20.875600814819336,130027800
2002-07-15,24.68000030517578,25.639999389648438,23.75,25.56999969482422,21.523759841918945,140207200
2002-07-16,25.25,26.020000457763672,24.899999618530273,25.190000534057617,21.203882217407227,148281700
2002-07-17,26.06999969482422,26.440000534057617,24.889999389648438,25.649999618530273,21.591089248657227,157954700
2002-07-18,25.3799991607666,25.56999969482422,24.520000457763672,24.729999542236328,20.816669464111328,114052300
2002-07-19,24.329999923706055,24.709999084472656,23.799999237060547,23.989999771118164,20.193777084350586,124116400
2002-07-22,23.850000381469727,24.5,23.09000015258789,23.399999618530273,19.6971378326416,150034800
2002-07-23,23.450000762939453,23.75,22.280000686645508,22.399999618530273,18.85538101196289,150786800
2002-07-24,21.809999465942383,23.65999984741211,21.639999389648438,23.6200008392334,19.882320404052734,186493600
2002-07-25,23.25,23.399999618530273,21.799999237060547,22.25,18.729116439819336,153915500
2002-07-26,22.559999465942383,22.84000015258789,22.010000228881836,22.670000076293945,19.08265495300293,96034200
2002-07-29,23.270000457763672,24.1200008392334,23.079999923706055,23.829999923706055,20.059085845947266,96735200
2002-07-30,23.729999542236328,24.690000534057617,23.59000015258789,24.309999465942383,20.463138580322266,117394300
2002-07-31,24.0,24.190000534057617,23.360000610351562,23.850000381469727,20.0759334564209,93831300
2002-08-01,23.739999771118164,23.899999618530273,22.65999984741211,22.729999542236328,19.13315773010254,85149700
2002-08-02,22.780000686645508,22.84000015258789,21.81999969482422,22.25,18.729116439819336,86706000
2002-08-05,22.110000610351562,22.31999969482422,21.299999237060547,21.440000534057617,18.047292709350586,84897800
2002-08-06,21.799999237060547,23.010000228881836,21.790000915527344,22.5,18.939552307128906,115364600
2002-08-07,23.200000762939453,23.3700008392334,21.959999084472656,22.799999237060547,19.192079544067383,125677100
2002-08-08,22.75,23.600000381469727,22.299999237060547,23.56999969482422,19.84023666381836,111697900
2002-08-09,23.200000762939453,23.709999084472656,22.8799991607666,23.329999923706055,19.638221740722656,93576900
2002-08-12,23.049999237060547,23.479999542236328,22.899999618530273,23.399999618530273,19.6971378326416,62870900
2002-08-13,23.229999542236328,23.8700008392334,22.549999237060547,22.600000381469727,19.023731231689453,88434400
2002-08-14,22.670000076293945,24.200000762939453,22.469999313354492,24.040000915527344,20.235855102539062,102613500
2002-08-15,24.239999771118164,24.549999237060547,23.719999313354492,24.530000686645508,20.648324966430664,120307800
2002-08-16,24.1299991607666,25.0,23.729999542236328,24.700000762939453,20.791425704956055,95853000
2002-08-19,24.770000457763672,25.59000015258789,24.68000030517578,25.299999237060547,21.29647445678711,76015900
2002-08-20,25.18000030517578,25.43000030517578,24.850000381469727,25.190000534057617,21.203882217407227,89981300
2002-08-21,25.389999389648438,25.850000381469727,25.0,25.75,21.675268173217773,101365500
2002-08-22,25.739999771118164,26.209999084472656,25.420000076293945,26.15999984741211,22.02039337158203,80345500
2002-08-23,25.799999237060547,25.809999465942383,24.950000762939453,25.149999618530273,21.170211791992188,75211200
2002-08-26,25.299999237060547,25.389999389648438,24.610000610351562,25.25,21.25438690185547,83335400
2002-08-27,25.43000030517578,25.510000228881836,24.149999618530273,24.3700008392334,20.51364517211914,92340400
2002-08-28,24.020000457763672,24.09000015258789,23.389999389648438,23.479999542236328,19.76448631286621,115562300
2002-08-29,23.200000762939453,24.219999313354492,23.020000457763672,23.790000915527344,20.025421142578125,97028200
2002-08-30,23.6200008392334,24.0,23.3799991607666,23.489999771118164,19.77289581298828,59474900
2002-09-03,23.059999465942383,23.43000030517578,22.34000015258789,22.639999389648438,19.057401657104492,81828100
2002-09-04,22.5,23.020000457763672,22.239999771118164,22.729999542236328,19.13315773010254,82717600
2002-09-05,22.399999618530273,22.5,21.93000030517578,22.170000076293945,18.661767959594727,91576600
2002-09-06,22.65999984741211,23.219999313354492,22.600000381469727,22.850000381469727,19.234169006347656,86008800
2002-09-09,22.670000076293945,23.3700008392334,22.389999389648438,23.079999923706055,19.427778244018555,72679500
2002-09-10,23.229999542236328,23.670000076293945,23.030000686645508,23.649999618530273,19.907573699951172,74615800
2002-09-11,24.1200008392334,24.350000381469727,23.420000076293945,23.450000762939453,19.739233016967773,73902800
2002-09-12,23.229999542236328,23.260000228881836,22.709999084472656,22.809999465942383,19.200502395629883,70763500
2002-09-13,22.600000381469727,23.079999923706055,22.520000457763672,22.989999771118164,19.352012634277344,79716100
2002-09-16,22.860000610351562,23.0,22.3700008392334,22.65999984741211,19.074230194091797,58853600
2002-09-17,23.049999237060547,23.209999084472656,22.18000030517578,22.18000030517578,18.670188903808594,89139700
2002-09-18,22.010000228881836,22.549999237060547,21.780000686645508,21.93000030517578,18.459753036499023,92358300
2002-09-19,21.700000762939453,22.1299991607666,21.549999237060547,21.579999923706055,18.16513442993164,86247700
2002-09-20,21.829999923706055,21.899999618530273,21.479999542236328,21.670000076293945,18.240901947021484,78116900
2002-09-23,21.450000762939453,21.520000457763672,20.809999465942383,21.020000457763672,17.69375228881836,72757500
2002-09-24,20.68000030517578,21.450000762939453,20.649999618530273,21.030000686645508,17.702165603637695,91507300
2002-09-25,21.350000381469727,22.040000915527344,21.100000381469727,21.8700008392334,18.40924835205078,98051900
2002-09-26,22.15999984741211,22.329999923706055,21.3700008392334,21.600000381469727,18.181970596313477,104453500
2002-09-27,21.549999237060547,22.209999084472656,21.309999465942383,21.309999465942383,17.93785858154297,92249700
2002-09-30,21.06999969482422,21.239999771118164,20.489999771118164,20.719999313354492,17.441225051879883,91502500
2002-10-01,20.90999984741211,21.989999771118164,20.469999313354492,21.979999542236328,18.50183868408203,102096000
2002-10-02,21.510000228881836,21.969999313354492,20.969999313354492,21.25,17.887359619140625,94829700
2002-10-03,21.059999465942383,21.399999618530273,20.68000030517578,20.739999771118164,17.45806121826172,74354800
2002-10-04,20.940000534057617,21.020000457763672,20.110000610351562,20.350000381469727,17.129777908325195,81837100
2002-10-07,20.260000228881836,20.59000015258789,19.850000381469727,20.15999984741211,16.969839096069336,79861800
2002-10-08,20.280000686645508,20.610000610351562,19.760000228881836,20.200000762939453,17.003515243530273,94103100
2002-10-09,19.940000534057617,20.530000686645508,19.84000015258789,20.059999465942383,16.885663986206055,103301000
2002-10-10,20.100000381469727,21.209999084472656,19.90999984741211,21.079999923706055,17.744253158569336,109610500
2002-10-11,21.549999237060547,22.3799991607666,21.420000076293945,22.219999313354492,18.703861236572266,124777400
2002-10-14,21.8700008392334,22.5,21.780000686645508,22.479999542236328,18.922719955444336,78890300
2002-10-15,23.440000534057617,23.6299991607666,23.18000030517578,23.559999465942383,19.83181381225586,118176000
2002-10-16,22.709999084472656,23.15999984741211,22.06999969482422,22.780000686645508,19.175247192382812,97441900
2002-10-17,23.600000381469727,23.809999465942383,22.579999923706055,23.549999237060547,19.82339859008789,95754500
2002-10-18,23.280000686645508,23.850000381469727,22.93000030517578,23.809999465942383,20.04226303100586,84941900
2002-10-21,23.520000457763672,24.450000762939453,23.299999237060547,24.290000915527344,20.4462947845459,85311500
2002-10-22,23.729999542236328,24.34000015258789,23.649999618530273,24.139999389648438,20.320039749145508,89947000
2002-10-23,23.850000381469727,24.6299991607666,23.670000076293945,24.600000381469727,20.707244873046875,88093500
2002-10-24,24.68000030517578,24.860000610351562,23.920000076293945,23.979999542236328,20.185352325439453,88674800
2002-10-25,23.989999771118164,24.75,23.989999771118164,24.700000762939453,20.791425704956055,71557300
2002-10-28,25.0,25.040000915527344,24.170000076293945,24.489999771118164,20.614656448364258,90272000
2002-10-29,24.309999465942383,24.469999313354492,23.3700008392334,23.920000076293945,20.134851455688477,90293800
2002-10-30,24.059999465942383,24.790000915527344,23.850000381469727,24.559999465942383,20.673574447631836,103531100
2002-10-31,24.65999984741211,25.040000915527344,24.360000610351562,24.549999237060547,20.6651611328125,81493100
2002-11-01,24.3700008392334,25.399999618530273,24.139999389648438,25.25,21.25438690185547,86658400
2002-11-04,26.049999237060547,26.81999969482422,25.799999237060547,25.899999618530273,21.801528930664062,110562400
2002-11-05,25.709999084472656,26.170000076293945,25.559999465942383,26.100000381469727,21.96988296508789,79603300
2002-11-06,26.290000915527344,26.610000610351562,25.639999389648438,26.469999313354492,22.281328201293945,116251700
2002-11-07,25.989999771118164,26.100000381469727,25.309999465942383,25.540000915527344,21.498491287231445,82711600
2002-11-08,25.489999771118164,25.8700008392334,24.959999084472656,25.06999969482422,21.102874755859375,76937600
2002-11-11,24.950000762939453,25.020000457763672,24.149999618530273,24.309999465942383,20.463138580322266,74384300
2002-11-12,24.399999618530273,25.399999618530273,24.399999618530273,24.93000030517578,20.985031127929688,88748800
2002-11-13,24.700000762939453,25.700000762939453,24.489999771118164,25.229999542236328,21.23755645751953,119341800
2002-11-14,25.579999923706055,26.420000076293945,25.520000457763672,26.100000381469727,21.96988296508789,85720100
2002-11-15,25.899999618530273,26.450000762939453,25.75,26.440000534057617,22.256080627441406,69291300
2002-11-18,26.709999084472656,26.770000457763672,25.989999771118164,26.049999237060547,21.92779541015625,76238000
2002-11-19,25.799999237060547,26.049999237060547,25.299999237060547,25.649999618530273,21.591089248657227,88139200
2002-11-20,25.559999465942383,26.75,25.540000915527344,26.739999771118164,22.508602142333984,75104700
2002-11-21,26.93000030517578,27.84000015258789,26.75,27.729999542236328,23.34194564819336,105472900
2002-11-22,27.3700008392334,27.940000534057617,27.31999969482422,27.719999313354492,23.333534240722656,73808600
2002-11-25,27.760000228881836,28.200000762939453,27.540000915527344,27.989999771118164,23.560802459716797,72666100
2002-11-26,27.780000686645508,27.8700008392334,26.899999618530273,27.049999237060547,22.769554138183594,80017900
2002-11-27,27.530000686645508,28.200000762939453,27.479999542236328,27.90999984741211,23.49346351623535,73643900
2002-11-29,28.209999084472656,28.290000915527344,27.219999313354492,27.719999313354492,23.333534240722656,34652100
2002-12-02,28.420000076293945,28.790000915527344,27.56999969482422,28.0,23.569225311279297,85136000
2002-12-03,27.549999237060547,27.579999923706055,26.93000030517578,27.170000076293945,22.87055778503418,76595500
2002-12-04,26.559999465942383,26.950000762939453,26.209999084472656,26.56999969482422,22.365509033203125,130115900
2002-12-05,26.950000762939453,27.0,26.1299991607666,26.200000762939453,22.054061889648438,84933200
2002-12-06,25.809999465942383,26.719999313354492,25.739999771118164,26.469999313354492,22.281328201293945,81727900
2002-12-09,26.219999313354492,26.549999237060547,25.200000762939453,25.219999313354492,21.229137420654297,75855200
2002-12-10,25.420000076293945,25.950000762939453,25.350000381469727,25.600000381469727,21.548999786376953,69578300
2002-12-11,25.440000534057617,26.06999969482422,25.31999969482422,25.719999313354492,21.6500186920166,64237600
2002-12-12,26.0,26.690000534057617,25.559999465942383,25.860000610351562,21.76786231994629,62296400
2002-12-13,25.520000457763672,25.56999969482422,25.010000228881836,25.040000915527344,21.077621459960938,72647800
2002-12-16,25.219999313354492,25.959999084472656,25.06999969482422,25.850000381469727,21.75944709777832,60278500
2002-12-17,25.809999465942383,26.200000762939453,25.65999984741211,25.93000030517578,21.8267879486084,62562700
2002-12-18,25.549999237060547,25.600000381469727,25.049999237060547,25.3799991607666,21.363819122314453,67130700
2002-12-19,25.170000076293945,25.780000686645508,24.809999465942383,25.059999465942383,21.094457626342773,95969700
2002-12-20,25.329999923706055,25.450000762939453,25.06999969482422,25.31999969482422,21.313310623168945,65578600
2002-12-23,25.18000030517578,25.760000228881836,25.1299991607666,25.670000076293945,21.60792350769043,45941700
2002-12-24,25.5,25.729999542236328,25.31999969482422,25.350000381469727,21.338560104370117,16772700
2002-12-26,25.530000686645508,25.90999984741211,25.170000076293945,25.280000686645508,21.27964210510254,33795400
2002-12-27,25.18000030517578,25.850000381469727,24.75,24.81999969482422,20.892438888549805,42490200
2002-12-30,24.84000015258789,24.969999313354492,24.360000610351562,24.6299991607666,20.732494354248047,57396400
2002-12-31,24.540000915527344,24.709999084472656,24.280000686645508,24.3700008392334,20.51364517211914,46015400
2003-01-02,24.719999313354492,25.549999237060547,24.450000762939453,25.399999618530273,21.380647659301758,65903200
2003-01-03,25.459999084472656,25.709999084472656,25.280000686645508,25.68000030517578,21.616342544555664,39059500
2003-01-06,25.709999084472656,26.59000015258789,25.200000762939453,26.31999969482422,22.155078887939453,67223400
2003-01-07,26.40999984741211,26.93000030517578,26.25,26.649999618530273,22.432849884033203,88726100
2003-01-08,26.389999389648438,26.969999313354492,25.84000015258789,25.899999618530273,21.801528930664062,74989900
2003-01-09,26.239999771118164,26.979999542236328,26.219999313354492,26.700000762939453,22.474939346313477,75391100
2003-01-10,26.350000381469727,27.260000228881836,26.219999313354492,27.100000381469727,22.811634063720703,82594300
2003-01-13,27.329999923706055,27.469999313354492,26.729999542236328,26.940000534057617,22.676956176757812,72870300
2003-01-14,26.90999984741211,27.31999969482422,26.850000381469727,27.079999923706055,22.7948055267334,46993800
2003-01-15,27.239999771118164,27.350000381469727,26.579999923706055,26.739999771118164,22.508602142333984,55131000
2003-01-16,26.790000915527344,26.979999542236328,26.25,26.440000534057617,22.256080627441406,68740300
2003-01-17,25.899999618530273,25.940000534057617,25.270000457763672,25.309999465942383,21.304889678955078,77289400
2003-01-21,25.40999984741211,25.549999237060547,25.020000457763672,25.030000686645508,21.069204330444336,67729600
2003-01-22,24.959999084472656,25.530000686645508,24.8700008392334,24.93000030517578,20.985031127929688,80020200
2003-01-23,25.399999618530273,25.84000015258789,25.110000610351562,25.510000228881836,21.473247528076172,78471100
2003-01-24,25.530000686645508,25.530000686645508,24.639999389648438,24.81999969482422,20.892438888549805,74519700
2003-01-27,24.450000762939453,25.030000686645508,24.3700008392334,24.530000686645508,20.648324966430664,76561000
2003-01-28,24.770000457763672,25.049999237060547,24.420000076293945,24.780000686645508,20.8587589263916,65217200
2003-01-29,24.760000228881836,25.450000762939453,24.34000015258789,25.149999618530273,21.170211791992188,95717500
2003-01-30,25.31999969482422,25.420000076293945,24.489999771118164,24.5,20.623075485229492,70333800
2003-01-31,24.059999465942383,24.760000228881836,24.010000228881836,24.440000534057617,20.572568893432617,90505600
2003-02-03,24.520000457763672,24.790000915527344,24.3799991607666,24.489999771118164,20.614656448364258,53158800
2003-02-04,24.18000030517578,24.299999237060547,23.81999969482422,24.190000534057617,20.362131118774414,68235700
2003-02-05,24.329999923706055,24.860000610351562,24.010000228881836,24.079999923706055,20.269533157348633,80107700
2003-02-06,24.040000915527344,24.350000381469727,23.860000610351562,24.209999084472656,20.378957748413086,103552000
2003-02-07,24.360000610351562,24.450000762939453,23.649999618530273,23.809999465942383,20.04226303100586,72312400
2003-02-10,23.889999389648438,24.25,23.6200008392334,24.020000457763672,20.21902084350586,67572600
2003-02-11,24.25,24.610000610351562,23.920000076293945,24.149999618530273,20.328447341918945,77823300
2003-02-12,24.06999969482422,24.329999923706055,23.780000686645508,23.81999969482422,20.050668716430664,51753000
2003-02-13,23.850000381469727,23.979999542236328,23.31999969482422,23.940000534057617,20.15169334411621,77387400
2003-02-14,23.829999923706055,24.5,23.6200008392334,24.489999771118164,20.614656448364258,67510400
2003-02-18,24.700000762939453,25.34000015258789,24.68000030517578,25.25,21.25438690185547,73976800
2003-02-19,25.200000762939453,25.239999771118164,24.709999084472656,25.079999923706055,21.111278533935547,45541400
2003-02-20,25.149999618530273,25.270000457763672,24.84000015258789,24.979999542236328,21.027116775512695,59759800
2003-02-21,24.93000030517578,25.3700008392334,24.510000228881836,25.170000076293945,21.187044143676758,70228500
2003-02-24,25.1299991607666,25.209999084472656,24.709999084472656,24.739999771118164,20.825088500976562,56646600
2003-02-25,24.450000762939453,24.950000762939453,24.079999923706055,24.770000457763672,20.850345611572266,74440700
2003-02-26,24.68000030517578,24.940000534057617,24.200000762939453,24.219999313354492,20.38737678527832,60005600
2003-02-27,24.420000076293945,24.920000076293945,24.270000457763672,24.770000457763672,20.850345611572266,66424000
2003-02-28,24.809999465942383,25.219999313354492,24.719999313354492,25.15999984741211,21.17863655090332,50185800
2003-03-03,25.270000457763672,25.479999542236328,24.559999465942383,24.649999618530273,20.749332427978516,60414400
2003-03-04,24.65999984741211,24.770000457763672,24.420000076293945,24.5,20.623075485229492,56043500
2003-03-05,24.399999618530273,24.780000686645508,24.31999969482422,24.549999237060547,20.6651611328125,69096500
2003-03-06,24.43000030517578,24.68000030517578,24.229999542236328,24.489999771118164,20.614656448364258,59108600
2003-03-07,24.079999923706055,24.690000534057617,23.959999084472656,24.540000915527344,20.656749725341797,73291000
2003-03-10,24.329999923706055,24.450000762939453,23.90999984741211,24.010000228881836,20.21060562133789,55948000
2003-03-11,24.059999465942383,24.239999771118164,23.780000686645508,23.799999237060547,20.033845901489258,54934200
2003-03-12,23.760000228881836,24.239999771118164,23.540000915527344,24.229999542236328,20.395801544189453,77859800
2003-03-13,24.639999389648438,25.649999618530273,24.399999618530273,25.6200008392334,21.565837860107422,128537600
2003-03-14,25.729999542236328,25.979999542236328,25.360000610351562,25.719999313354492,21.6500186920166,89794400
2003-03-17,25.43000030517578,26.799999237060547,25.350000381469727,26.600000381469727,22.390766143798828,141040800
2003-03-18,26.799999237060547,26.969999313354492,26.420000076293945,26.93000030517578,22.668550491333008,96548700
2003-03-19,26.850000381469727,26.950000762939453,26.329999923706055,26.700000762939453,22.474939346313477,91315100
2003-03-20,26.540000915527344,27.139999389648438,26.170000076293945,26.799999237060547,22.559112548828125,92789700
2003-03-21,27.209999084472656,27.3799991607666,26.200000762939453,27.170000076293945,22.87055778503418,93304600
2003-03-24,26.469999313354492,26.600000381469727,25.969999313354492,26.040000915527344,21.919374465942383,85244500
2003-03-25,26.149999618530273,26.760000228881836,26.010000228881836,26.40999984741211,22.2308292388916,78731500
2003-03-26,26.5,26.770000457763672,26.360000610351562,26.559999465942383,22.357091903686523,67880200
2003-03-27,26.270000457763672,26.649999618530273,26.100000381469727,26.3700008392334,22.197160720825195,64113100
2003-03-28,26.139999389648438,26.43000030517578,25.950000762939453,26.079999923706055,21.953044891357422,45374700
2003-03-31,25.600000381469727,25.729999542236328,25.209999084472656,25.25,21.25438690185547,89345300
2003-04-01,25.440000534057617,25.670000076293945,25.25,25.450000762939453,21.422746658325195,73159500
2003-04-02,26.059999465942383,26.559999465942383,26.030000686645508,26.149999618530273,22.011972427368164,75843800
2003-04-03,26.639999389648438,26.850000381469727,26.309999465942383,26.479999542236328,22.289749145507812,70138200
2003-04-04,26.56999969482422,26.600000381469727,25.969999313354492,26.049999237060547,21.92779541015625,65665700
2003-04-07,27.110000610351562,27.200000762939453,26.06999969482422,26.09000015258789,21.961467742919922,83842700
2003-04-08,26.149999618530273,26.290000915527344,25.8799991607666,26.059999465942383,21.93621253967285,54250600
2003-04-09,26.100000381469727,26.280000686645508,25.40999984741211,25.459999084472656,21.431154251098633,76457100
2003-04-10,25.459999084472656,25.770000457763672,25.299999237060547,25.770000457763672,21.692102432250977,57017500
2003-04-11,26.020000457763672,26.15999984741211,25.360000610351562,25.510000228881836,21.473247528076172,67974500
2003-04-14,25.600000381469727,26.139999389648438,25.489999771118164,26.030000686645508,21.910966873168945,52476200
2003-04-15,25.969999313354492,26.459999084472656,25.850000381469727,26.280000686645508,22.121395111083984,64655700
2003-04-16,26.649999618530273,26.829999923706055,26.1200008392334,26.219999313354492,22.070894241333008,70711600
2003-04-17,26.15999984741211,26.979999542236328,26.149999618530273,26.81999969482422,22.57595443725586,70179900
2003-04-21,26.940000534057617,27.100000381469727,26.6200008392334,26.920000076293945,22.660127639770508,52729600
2003-04-22,26.729999542236328,27.459999084472656,26.649999618530273,27.43000030517578,23.08942222595215,70757200
2003-04-23,27.5,27.75,27.260000228881836,27.6299991607666,23.257768630981445,70327100
2003-04-24,27.360000610351562,27.75,27.270000457763672,27.479999542236328,23.13152313232422,72383900
2003-04-25,27.31999969482422,27.420000076293945,26.860000610351562,26.950000762939453,22.685380935668945,63277900
2003-04-28,27.049999237060547,27.6299991607666,26.950000762939453,27.479999542236328,23.13152313232422,59666200
2003-04-29,27.639999389648438,28.059999465942383,27.40999984741211,27.729999542236328,23.34194564819336,79903800
2003-04-30,27.649999618530273,27.790000915527344,27.43000030517578,27.450000762939453,23.106258392333984,60202100
2003-05-01,27.440000534057617,27.8700008392334,27.190000534057617,27.690000534057617,23.308277130126953,66022600
2003-05-02,27.610000610351562,28.290000915527344,27.56999969482422,28.280000686645508,23.804916381835938,85004100
2003-05-05,28.329999923706055,28.709999084472656,28.170000076293945,28.25,23.7796573638916,80520300
2003-05-06,28.219999313354492,28.899999618530273,28.209999084472656,28.610000610351562,24.08269500732422,77338300
2003-05-07,28.40999984741211,28.690000534057617,28.1200008392334,28.290000915527344,23.81333351135254,70353200
2003-05-08,27.850000381469727,28.190000534057617,27.760000228881836,27.770000457763672,23.37562370300293,80249100
2003-05-09,28.040000915527344,28.479999542236328,28.0,28.40999984741211,23.914350509643555,58528200
2003-05-12,28.360000610351562,28.959999084472656,28.170000076293945,28.84000015258789,24.27630615234375,67487300
2003-05-13,28.6299991607666,28.989999771118164,28.540000915527344,28.65999984741211,24.124786376953125,64934300
2003-05-14,28.8700008392334,28.969999313354492,28.360000610351562,28.600000381469727,24.074283599853516,62181200
2003-05-15,28.75,28.979999542236328,28.559999465942383,28.920000076293945,24.3436279296875,62232100
2003-05-16,28.729999542236328,28.940000534057617,28.479999542236328,28.700000762939453,24.158447265625,70590400
2003-05-19,28.520000457763672,28.68000030517578,27.610000610351562,27.690000534057617,23.308277130126953,91334800
2003-05-20,27.760000228881836,27.959999084472656,27.40999984741211,27.770000457763672,23.37562370300293,71817800
2003-05-21,27.649999618530273,27.75,27.440000534057617,27.690000534057617,23.308277130126953,63648500
2003-05-22,27.760000228881836,28.31999969482422,27.6200008392334,28.09000015258789,23.644983291625977,62401400
2003-05-23,28.040000915527344,28.25,27.950000762939453,28.100000381469727,23.65340805053711,37922500
2003-05-27,27.93000030517578,29.219999313354492,27.899999618530273,29.100000381469727,24.49515151977539,101422100
2003-05-28,29.15999984741211,29.399999618530273,28.959999084472656,29.190000534057617,24.5709171295166,76290400
2003-05-29,29.229999542236328,29.799999237060547,29.15999984741211,29.309999465942383,24.671920776367188,97336000
2003-05-30,29.530000686645508,29.8700008392334,29.450000762939453,29.790000915527344,25.07597541809082,78093700
2003-06-02,30.079999923706055,30.200000762939453,29.309999465942383,29.579999923706055,24.899206161499023,102937000
2003-06-03,29.440000534057617,29.8799991607666,29.329999923706055,29.860000610351562,25.134897232055664,81672600
2003-06-04,29.809999465942383,30.579999923706055,29.719999313354492,30.420000076293945,25.606281280517578,87046100
2003-06-05,30.1299991607666,30.68000030517578,29.969999313354492,30.639999389648438,25.791458129882812,88747900
2003-06-06,31.209999084472656,31.469999313354492,30.040000915527344,30.1299991607666,25.362171173095703,157178100
2003-06-09,30.0,30.219999313354492,29.530000686645508,29.729999542236328,25.025463104248047,94941800
2003-06-10,29.860000610351562,30.200000762939453,29.68000030517578,30.18000030517578,25.404254913330078,69660100
2003-06-11,30.06999969482422,30.639999389648438,29.799999237060547,30.520000457763672,25.690454483032227,87338200
2003-06-12,30.639999389648438,30.75,30.260000228881836,30.649999618530273,25.799882888793945,79450500
2003-06-13,30.65999984741211,30.729999542236328,29.860000610351562,29.959999084472656,25.219057083129883,83353600
2003-06-16,30.170000076293945,30.899999618530273,30.0,30.8799991607666,25.993488311767578,71211800
2003-06-17,31.020000457763672,31.110000610351562,30.559999465942383,30.760000228881836,25.892475128173828,67571200
2003-06-18,30.65999984741211,31.229999542236328,30.450000762939453,30.920000076293945,26.02716064453125,80215700
2003-06-19,30.979999542236328,31.239999771118164,30.3799991607666,30.420000076293945,25.606281280517578,79467200
2003-06-20,30.690000534057617,30.780000686645508,30.25,30.3799991607666,25.572603225708008,71512400
2003-06-23,30.329999923706055,30.3700008392334,29.559999465942383,29.90999984741211,25.176977157592773,86509400
2003-06-24,29.729999542236328,30.1299991607666,29.530000686645508,29.68000030517578,24.983375549316406,83004400
2003-06-25,29.670000076293945,30.18000030517578,29.469999313354492,29.520000457763672,24.848695755004883,94255300
2003-06-26,29.709999084472656,30.280000686645508,29.610000610351562,30.219999313354492,25.437929153442383,79187500
2003-06-27,30.25,30.56999969482422,29.770000457763672,29.829999923706055,25.109638214111328,82451900
2003-06-30,30.15999984741211,30.34000015258789,29.799999237060547,29.950000762939453,25.210647583007812,72043000
2003-07-01,29.700000762939453,30.3799991607666,29.260000228881836,30.350000381469727,25.547353744506836,105852500
2003-07-02,30.40999984741211,30.989999771118164,30.3799991607666,30.969999313354492,26.069238662719727,81972500
2003-07-03,30.700000762939453,31.100000381469727,30.469999313354492,30.579999923706055,25.740962982177734,50050400
2003-07-07,30.969999313354492,31.899999618530273,30.959999084472656,31.889999389648438,26.84366798400879,88554600
2003-07-08,31.780000686645508,32.310001373291016,31.6200008392334,32.279998779296875,27.171947479248047,81874500
2003-07-09,32.18000030517578,32.4900016784668,31.93000030517578,32.20000076293945,27.1046085357666,89588400
2003-07-10,31.850000381469727,31.989999771118164,31.329999923706055,31.600000381469727,26.599550247192383,102928700
2003-07-11,31.649999618530273,31.989999771118164,31.610000610351562,31.84000015258789,26.801570892333984,67728100
2003-07-14,32.34000015258789,32.75,32.06999969482422,32.220001220703125,27.121435165405273,84524600
2003-07-15,32.529998779296875,32.650001525878906,31.940000534057617,32.2599983215332,27.15511131286621,75059000
2003-07-16,32.459999084472656,32.5,31.729999542236328,32.15999984741211,27.070940017700195,80138700
2003-07-17,31.68000030517578,31.84000015258789,31.040000915527344,31.18000030517578,26.24601173400879,116260400
2003-07-18,31.399999618530273,31.549999237060547,30.920000076293945,31.280000686645508,26.330188751220703,80519000
2003-07-21,31.239999771118164,31.299999237060547,30.610000610351562,30.8799991607666,25.993488311767578,111325300
2003-07-22,31.110000610351562,31.5,30.860000610351562,31.34000015258789,26.38070297241211,91471500
2003-07-23,31.389999389648438,31.639999389648438,30.989999771118164,31.600000381469727,26.599550247192383,69050400
2003-07-24,31.850000381469727,32.02000045776367,31.079999923706055,31.18000030517578,26.24601173400879,82999700
2003-07-25,31.1299991607666,31.84000015258789,30.770000457763672,31.799999237060547,26.767906188964844,82709600
2003-07-28,31.860000610351562,31.989999771118164,31.600000381469727,31.889999389648438,26.84366798400879,56180800
2003-07-29,31.93000030517578,32.02000045776367,31.239999771118164,31.649999618530273,26.641639709472656,80560100
2003-07-30,31.709999084472656,31.739999771118164,31.329999923706055,31.420000076293945,26.44803237915039,56617300
2003-07-31,31.790000915527344,32.33000183105469,31.520000457763672,31.799999237060547,26.767906188964844,85544100
2003-08-01,31.690000534057617,31.790000915527344,31.299999237060547,31.459999084472656,26.481706619262695,73545400
2003-08-04,31.420000076293945,31.799999237060547,30.84000015258789,31.450000762939453,26.473291397094727,96344600
2003-08-05,31.40999984741211,31.479999542236328,30.100000381469727,30.209999084472656,25.42951011657715,111041800
2003-08-06,30.360000610351562,30.770000457763672,30.100000381469727,30.190000534057617,25.412668228149414,96816000
2003-08-07,30.219999313354492,30.510000228881836,30.020000457763672,30.309999465942383,25.5136775970459,67326600
2003-08-08,30.43000030517578,30.549999237060547,29.93000030517578,30.06999969482422,25.311662673950195,66677100
2003-08-11,30.079999923706055,30.600000381469727,30.030000686645508,30.399999618530273,25.589454650878906,63712200
2003-08-12,30.510000228881836,30.899999618530273,30.329999923706055,30.860000610351562,25.976654052734375,59676100
2003-08-13,30.979999542236328,31.06999969482422,30.649999618530273,30.8700008392334,25.985069274902344,57969700
2003-08-14,30.8799991607666,31.190000534057617,30.670000076293945,30.899999618530273,26.01032257080078,50271500
2003-08-15,31.0,31.290000915527344,30.93000030517578,31.170000076293945,26.237590789794922,28116300
2003-08-18,31.309999465942383,32.0099983215332,31.229999542236328,31.969999313354492,26.911006927490234,67224100
2003-08-19,32.11000061035156,32.380001068115234,31.850000381469727,32.369998931884766,27.247705459594727,68205000
2003-08-20,32.099998474121094,32.52000045776367,32.02000045776367,32.290000915527344,27.180368423461914,58233500
2003-08-21,32.59000015258789,32.81999969482422,32.27000045776367,32.63999938964844,27.474979400634766,77161400
2003-08-22,33.2599983215332,33.369998931884766,32.380001068115234,32.439998626708984,27.30661964416504,92989800
2003-08-25,32.36000061035156,32.540000915527344,32.209999084472656,32.5099983215332,27.365549087524414,43044700
2003-08-26,32.279998779296875,32.59000015258789,31.809999465942383,32.540000915527344,27.390817642211914,79838500
2003-08-27,32.4900016784668,32.83000183105469,32.369998931884766,32.79999923706055,27.60965919494629,47532100
2003-08-28,32.939998626708984,33.119998931884766,32.52000045776367,33.09000015258789,27.85378074645996,55311000
2003-08-29,33.040000915527344,33.459999084472656,32.97999954223633,33.38999938964844,28.106290817260742,53148800
2003-09-02,33.4900016784668,33.88999938964844,33.130001068115234,33.869998931884766,28.510343551635742,80303100
2003-09-03,34.099998474121094,34.20000076293945,33.650001525878906,33.849998474121094,28.493507385253906,85234800
2003-09-04,33.83000183105469,34.220001220703125,33.70000076293945,34.15999984741211,28.754444122314453,63736100
2003-09-05,33.970001220703125,34.34000015258789,33.66999816894531,33.939998626708984,28.56925392150879,91024100
2003-09-08,34.0,34.529998779296875,33.95000076293945,34.5,29.040637969970703,69296000
2003-09-09,34.31999969482422,34.38999938964844,33.91999816894531,34.09000015258789,28.695531845092773,87817500
2003-09-10,33.75,33.88999938964844,33.11000061035156,33.27000045776367,28.00528335571289,111624500
2003-09-11,33.279998779296875,33.779998779296875,33.0099983215332,33.63999938964844,28.316728591918945,96914900
2003-09-12,33.34000015258789,33.84000015258789,33.04999923706055,33.81999969482422,28.46824836730957,104963000
2003-09-15,33.84000015258789,33.90999984741211,33.439998626708984,33.4900016784668,28.19046974182129,54594200
2003-09-16,33.52000045776367,34.43000030517578,33.52000045776367,34.400001525878906,28.95647430419922,87463800
2003-09-17,34.33000183105469,34.5,34.029998779296875,34.2599983215332,28.838624954223633,79794700
2003-09-18,34.16999816894531,34.86000061035156,34.0,34.779998779296875,29.276351928710938,91469900
2003-09-19,34.790000915527344,34.86000061035156,34.36000061035156,34.58000183105469,29.107980728149414,69796000
2003-09-22,34.130001068115234,34.20000076293945,33.77000045776367,33.91999816894531,28.55242919921875,97477500
2003-09-23,33.970001220703125,34.560001373291016,33.90999984741211,34.52000045776367,29.057476043701172,77826500
2003-09-24,34.5099983215332,34.52000045776367,33.16999816894531,33.220001220703125,27.96320343017578,115057400
2003-09-25,33.380001068115234,33.7400016784668,32.7599983215332,32.790000915527344,27.601253509521484,117604800
2003-09-26,32.88999938964844,33.16999816894531,32.52000045776367,32.58000183105469,27.424474716186523,106581000
2003-09-29,32.7599983215332,33.16999816894531,32.45000076293945,33.13999938964844,27.89586067199707,96862800
2003-09-30,32.91999816894531,32.959999084472656,32.36000061035156,32.41999816894531,27.2897891998291,119122500
2003-10-01,32.61000061035156,33.22999954223633,32.41999816894531,33.150001525878906,27.904277801513672,106653600
2003-10-02,33.099998474121094,33.43000030517578,32.93000030517578,33.2599983215332,27.996862411499023,83911100
2003-10-03,33.849998474121094,34.470001220703125,33.81999969482422,34.189998626708984,28.77970314025879,112862800
2003-10-06,34.279998779296875,34.45000076293945,34.060001373291016,34.439998626708984,28.99014663696289,49162900
2003-10-07,34.15999984741211,34.650001525878906,34.0099983215332,34.650001525878906,29.16691017150879,80104600
2003-10-08,34.810001373291016,34.84000015258789,34.220001220703125,34.43000030517578,28.981721878051758,71387400
2003-10-09,34.90999984741211,35.27000045776367,34.43000030517578,34.689998626708984,29.200578689575195,118216100
2003-10-10,34.77000045776367,35.029998779296875,34.63999938964844,35.0099983215332,29.46994972229004,68356200
2003-10-13,35.13999938964844,35.369998931884766,34.91999816894531,35.2400016784668,29.66356658935547,60919800
2003-10-14,35.099998474121094,35.43000030517578,34.959999084472656,35.33000183105469,29.73932456970215,62274900
2003-10-15,35.79999923706055,35.849998474121094,35.029998779296875,35.18000030517578,29.613035202026367,97045200
2003-10-16,35.099998474121094,35.529998779296875,35.060001373291016,35.459999084472656,29.848737716674805,73955000
2003-10-17,35.40999984741211,35.4900016784668,34.599998474121094,34.61000061035156,29.13324546813965,97794400
2003-10-20,34.650001525878906,35.08000183105469,34.5,35.040000915527344,29.49519157409668,75544300
2003-10-21,35.13999938964844,35.45000076293945,34.939998626708984,35.25,29.671981811523438,73455600
2003-10-22,34.88999938964844,34.93000030517578,34.439998626708984,34.56999969482422,29.099578857421875,88141400
2003-10-23,34.150001525878906,34.5099983215332,34.04999923706055,34.16999816894531,28.762868881225586,95409600
2003-10-24,33.790000915527344,34.22999954223633,33.4900016784668,34.20000076293945,28.788122177124023,101778600
2003-10-27,34.279998779296875,34.45000076293945,34.040000915527344,34.209999084472656,28.796539306640625,63604500
2003-10-28,34.43000030517578,35.40999984741211,34.369998931884766,35.36000061035156,29.76456069946289,107375700
2003-10-29,35.20000076293945,35.40999984741211,35.06999969482422,35.31999969482422,29.730897903442383,74075200
2003-10-30,35.810001373291016,36.0,35.13999938964844,35.38999938964844,29.78981590270996,95062600
2003-10-31,35.439998626708984,35.4900016784668,35.060001373291016,35.18000030517578,29.613035202026367,55473200
2003-11-03,35.43000030517578,35.97999954223633,35.36000061035156,35.7599983215332,30.101255416870117,71141200
2003-11-04,35.689998626708984,35.869998931884766,35.45000076293945,35.52000045776367,29.899242401123047,60033900
2003-11-05,35.52000045776367,35.88999938964844,35.150001525878906,35.84000015258789,30.168598175048828,67412700
2003-11-06,35.790000915527344,35.970001220703125,35.34000015258789,35.939998626708984,30.25278091430664,90567400
2003-11-07,36.08000183105469,36.18000030517578,35.599998474121094,35.630001068115234,29.991838455200195,63505200
2003-11-10,35.70000076293945,35.7400016784668,35.09000015258789,35.189998626708984,29.621458053588867,68896400
2003-11-11,35.150001525878906,35.29999923706055,34.849998474121094,35.060001373291016,29.51204490661621,75607100
2003-11-12,35.16999816894531,35.959999084472656,35.13999938964844,35.810001373291016,30.143342971801758,80364600
2003-11-13,35.709999084472656,35.900001525878906,35.54999923706055,35.77000045776367,30.10967254638672,64243000
2003-11-14,35.810001373291016,36.02000045776367,34.95000076293945,35.040000915527344,29.49519157409668,90932200
2003-11-17,34.84000015258789,34.90999984741211,34.2599983215332,34.68000030517578,29.192150115966797,108063100
2003-11-18,34.869998931884766,34.970001220703125,33.81999969482422,33.880001068115234,28.51875114440918,108588500
2003-11-19,34.0099983215332,34.400001525878906,33.880001068115234,34.209999084472656,28.796539306640625,86320300
2003-11-20,33.91999816894531,34.68000030517578,33.810001373291016,33.880001068115234,28.51875114440918,117324500
2003-11-21,34.08000183105469,34.2599983215332,33.72999954223633,34.22999954223633,28.813371658325195,81787500
2003-11-24,34.52000045776367,35.25,34.470001220703125,35.18000030517578,29.613035202026367,92057500
2003-11-25,35.290000915527344,35.45000076293945,35.09000015258789,35.18000030517578,29.613035202026367,72519800
2003-11-26,35.400001525878906,35.52000045776367,34.810001373291016,35.34000015258789,29.747732162475586,72842900
2003-11-28,35.2599983215332,35.5,35.209999084472656,35.380001068115234,29.781408309936523,24802600
2003-12-01,35.709999084472656,36.0099983215332,35.470001220703125,35.900001525878906,30.219099044799805,82767300
2003-12-02,35.81999969482422,36.04999923706055,35.58000183105469,35.70000076293945,30.05075454711914,62504500
2003-12-03,35.84000015258789,36.119998931884766,35.25,35.25,29.671981811523438,107568500
2003-12-04,35.380001068115234,35.709999084472656,35.08000183105469,35.630001068115234,29.991838455200195,102334800
2003-12-05,35.27000045776367,35.5,34.959999084472656,35.040000915527344,29.49519157409668,87490200
2003-12-08,35.02000045776367,35.33000183105469,34.779998779296875,35.2400016784668,29.66356658935547,86961200
2003-12-09,35.439998626708984,35.459999084472656,34.349998474121094,34.43000030517578,28.981721878051758,109949500
2003-12-10,34.5,34.70000076293945,34.130001068115234,34.560001373291016,29.09116554260254,103504200
2003-12-11,34.5,35.38999938964844,34.4900016784668,35.29999923706055,29.714054107666016,108374700
2003-12-12,35.310001373291016,35.34000015258789,34.900001525878906,35.2400016784668,29.66356658935547,72189400
2003-12-15,35.93000030517578,35.9900016784668,34.650001525878906,34.779998779296875,29.276351928710938,106091400
2003-12-16,34.790000915527344,35.02000045776367,34.41999816894531,34.849998474121094,29.335262298583984,89854700
2003-12-17,34.810001373291016,35.0,34.56999969482422,34.90999984741211,29.385770797729492,68539900
2003-12-18,34.95000076293945,35.63999938964844,34.95000076293945,35.560001373291016,29.93290901184082,89978100
2003-12-19,35.61000061035156,35.650001525878906,35.20000076293945,35.459999084472656,29.848737716674805,89762300
2003-12-22,35.349998474121094,35.68000030517578,35.290000915527344,35.56999969482422,29.941341400146484,63580000
2003-12-23,35.599998474121094,36.02000045776367,35.529998779296875,35.84000015258789,30.168598175048828,66999800
2003-12-24,35.84000015258789,36.02000045776367,35.79999923706055,35.900001525878906,30.23090934753418,44840300
2003-12-26,35.959999084472656,36.09000015258789,35.81999969482422,35.849998474121094,30.18880844116211,25497600
2003-12-29,36.029998779296875,36.529998779296875,36.02000045776367,36.439998626708984,30.68564796447754,63296200
2003-12-30,36.529998779296875,36.58000183105469,36.29999923706055,36.560001373291016,30.786705017089844,48249400
2003-12-31,36.619998931884766,36.63999938964844,36.25,36.459999084472656,30.702489852905273,60494600
2004-01-02,36.65999984741211,36.790000915527344,36.220001220703125,36.36000061035156,30.618288040161133,55234100
2004-01-05,36.58000183105469,37.15999984741211,36.560001373291016,37.09000015258789,31.23300552368164,69717900
2004-01-06,37.08000183105469,37.41999816894531,36.95000076293945,37.34000015258789,31.44352149963379,60033000
2004-01-07,37.279998779296875,37.68000030517578,37.06999969482422,37.68000030517578,31.729843139648438,71830000
2004-01-08,37.849998474121094,38.0,37.599998474121094,37.97999954223633,31.982465744018555,76800900
2004-01-09,37.709999084472656,38.349998474121094,37.59000015258789,37.72999954223633,31.771923065185547,94296500
2004-01-12,37.849998474121094,38.349998474121094,37.68000030517578,38.33000183105469,32.277198791503906,77668400
2004-01-13,38.27000045776367,38.36000061035156,37.599998474121094,37.95000076293945,31.957212448120117,92973900
2004-01-14,38.08000183105469,38.25,37.75,38.08000183105469,32.0666618347168,68122400
2004-01-15,37.93000030517578,38.459999084472656,37.630001068115234,38.18000030517578,32.15086364746094,104427700
2004-01-16,38.380001068115234,38.630001068115234,38.16999816894531,38.56999969482422,32.479286193847656,77324100
2004-01-20,38.72999954223633,39.0,38.310001373291016,38.540000915527344,32.45402145385742,81998100
2004-01-21,38.38999938964844,38.65999984741211,38.0,38.380001068115234,32.31930160522461,112180300
2004-01-22,38.54999923706055,38.689998626708984,38.060001373291016,38.150001525878906,32.125606536865234,90061900
2004-01-23,38.209999084472656,38.459999084472656,37.779998779296875,38.0099983215332,32.00772476196289,88751300
2004-01-26,37.97999954223633,38.650001525878906,37.84000015258789,38.59000015258789,32.49614334106445,84538000
2004-01-27,38.5099983215332,38.630001068115234,37.689998626708984,37.7400016784668,31.780364990234375,97191600
2004-01-28,37.939998626708984,38.060001373291016,37.0,37.099998474121094,31.241413116455078,127959700
2004-01-29,37.2400016784668,37.310001373291016,36.65999984741211,37.2400016784668,31.35932731628418,143925900
2004-01-30,37.20000076293945,37.439998626708984,36.970001220703125,37.06999969482422,31.216161727905273,84264700
2004-02-02,37.20000076293945,37.47999954223633,36.81999969482422,36.970001220703125,31.131959915161133,94507900
2004-02-03,36.90999984741211,37.2400016784668,36.84000015258789,36.93000030517578,31.098249435424805,73488700
2004-02-04,36.619998931884766,36.86000061035156,36.33000183105469,36.33000183105469,30.593040466308594,109933000
2004-02-05,36.5099983215332,36.709999084472656,36.33000183105469,36.470001220703125,30.710905075073242,96784500
2004-02-06,36.599998474121094,37.279998779296875,36.529998779296875,37.130001068115234,31.26668930053711,107174100
2004-02-09,37.34000015258789,37.380001068115234,37.04999923706055,37.119998931884766,31.25826644897461,58817700
2004-02-10,37.060001373291016,37.40999984741211,37.029998779296875,37.18000030517578,31.30879020690918,65042700
2004-02-11,37.2400016784668,37.66999816894531,37.06999969482422,37.58000183105469,31.64562225341797,92503000
2004-02-12,37.52000045776367,37.70000076293945,37.2400016784668,37.25,31.36773109436035,70556400
2004-02-13,37.38999938964844,37.970001220703125,36.7599983215332,36.939998626708984,31.1066837310791,90570400
2004-02-17,37.279998779296875,37.619998931884766,37.220001220703125,37.439998626708984,31.527727127075195,69678600
2004-02-18,37.5099983215332,37.66999816894531,37.31999969482422,37.54999923706055,31.620361328125,70972100
2004-02-19,37.869998931884766,37.900001525878906,36.81999969482422,36.97999954223633,31.140361785888672,100843800
2004-02-20,37.0,37.13999938964844,36.54999923706055,36.86000061035156,31.039337158203125,132347600
2004-02-23,37.0,37.029998779296875,36.11000061035156,36.45000076293945,30.69407081604004,125199800
2004-02-24,36.29999923706055,36.650001525878906,36.099998474121094,36.36000061035156,30.618288040161133,124521900
2004-02-25,36.43000030517578,36.66999816894531,36.33000183105469,36.58000183105469,30.80355453491211,74457100
2004-02-26,36.470001220703125,36.84000015258789,36.310001373291016,36.66999816894531,30.879331588745117,71327600
2004-02-27,36.7599983215332,36.939998626708984,36.27000045776367,36.56999969482422,30.795116424560547,99383900
2004-03-01,36.68000030517578,37.06999969482422,36.470001220703125,37.04999923706055,31.199329376220703,79700700
2004-03-02,36.97999954223633,37.18000030517578,36.61000061035156,36.619998931884766,30.837234497070312,91536000
2004-03-03,36.5099983215332,36.630001068115234,36.209999084472656,36.41999816894531,30.66879653930664,83938300
2004-03-04,36.439998626708984,36.83000183105469,36.38999938964844,36.7599983215332,30.955121994018555,65905600
2004-03-05,36.41999816894531,37.150001525878906,36.36000061035156,36.630001068115234,30.845651626586914,118107100
2004-03-08,36.689998626708984,36.81999969482422,35.72999954223633,35.77000045776367,30.121442794799805,112599500
2004-03-09,35.810001373291016,35.97999954223633,35.52000045776367,35.65999984741211,30.028820037841797,126140400
2004-03-10,35.75,36.0,35.130001068115234,35.189998626708984,29.633028030395508,134226100
2004-03-11,35.06999969482422,35.529998779296875,34.79999923706055,34.869998931884766,29.363574981689453,152132000
2004-03-12,35.18000030517578,35.59000015258789,35.150001525878906,35.5099983215332,29.902509689331055,118369600
2004-03-15,35.36000061035156,35.400001525878906,34.810001373291016,34.88999938964844,29.380407333374023,115813600
2004-03-16,35.11000061035156,35.25,34.630001068115234,34.95000076293945,29.43093490600586,123265100
2004-03-17,35.209999084472656,35.619998931884766,35.18000030517578,35.5,29.89408302307129,91684700
2004-03-18,35.369998931884766,35.459999084472656,34.970001220703125,35.34000015258789,29.759355545043945,111249700
2004-03-19,35.279998779296875,35.459999084472656,34.720001220703125,34.75,29.262531280517578,99976700
2004-03-22,34.529998779296875,34.54999923706055,34.029998779296875,34.310001373291016,28.892004013061523,133870400
2004-03-23,34.59000015258789,34.650001525878906,34.0099983215332,34.029998779296875,28.65620231628418,125945800
2004-03-24,34.150001525878906,34.630001068115234,34.0099983215332,34.41999816894531,28.984628677368164,118876800
2004-03-25,34.650001525878906,35.459999084472656,34.619998931884766,35.34000015258789,29.759355545043945,142122000
2004-03-26,35.29999923706055,35.58000183105469,35.20000076293945,35.220001220703125,29.658309936523438,78430800
2004-03-29,35.5099983215332,35.959999084472656,35.4900016784668,35.790000915527344,30.138294219970703,103864000
2004-03-30,35.66999816894531,35.939998626708984,35.52000045776367,35.90999984741211,30.23934555053711,95716500
2004-03-31,35.91999816894531,36.0,35.61000061035156,35.84000015258789,30.180389404296875,85993900
2004-04-01,35.810001373291016,36.25,35.779998779296875,36.15999984741211,30.44986915588379,93048600
2004-04-02,36.88999938964844,37.15999984741211,36.52000045776367,37.099998474121094,31.241413116455078,145964000
2004-04-05,37.0099983215332,37.5,36.970001220703125,37.45000076293945,31.536178588867188,67351600
2004-04-06,37.15999984741211,37.25,36.91999816894531,36.97999954223633,31.140361785888672,98611400
2004-04-07,36.9900016784668,37.11000061035156,36.65999984741211,36.939998626708984,31.1066837310791,91004900
2004-04-08,37.349998474121094,37.38999938964844,36.7400016784668,36.939998626708984,31.1066837310791,77176300
2004-04-12,37.02000045776367,37.2400016784668,36.97999954223633,37.16999816894531,31.300376892089844,55285700
2004-04-13,37.34000015258789,37.36000061035156,36.459999084472656,36.630001068115234,30.845651626586914,100624400
2004-04-14,36.40999984741211,36.95000076293945,36.36000061035156,36.810001373291016,30.99721908569336,113663200
2004-04-15,36.75,36.86000061035156,36.02000045776367,36.150001525878906,30.441448211669922,123565500
2004-04-16,36.20000076293945,36.31999969482422,35.790000915527344,36.09000015258789,30.390928268432617,110736600
2004-04-19,36.0099983215332,36.59000015258789,35.97999954223633,36.529998779296875,30.761449813842773,85838700
2004-04-20,36.61000061035156,36.790000915527344,35.63999938964844,35.68000030517578,30.04566764831543,119545100
2004-04-21,35.900001525878906,36.11000061035156,35.650001525878906,35.9900016784668,30.30670928955078,117850500
2004-04-22,36.0,37.0099983215332,35.97999954223633,36.91999816894531,31.0898380279541,137623300
2004-04-23,37.08000183105469,37.2599983215332,36.900001525878906,37.209999084472656,31.334068298339844,91855600
2004-04-26,37.18000030517578,37.290000915527344,36.650001525878906,36.939998626708984,31.1066837310791,74392200
2004-04-27,36.95000076293945,37.189998626708984,36.689998626708984,36.869998931884766,31.047733306884766,87548500
2004-04-28,36.709999084472656,36.720001220703125,36.02000045776367,36.20000076293945,30.483549118041992,111740700
2004-04-29,36.09000015258789,36.34000015258789,35.29999923706055,35.63999938964844,30.011987686157227,156917100
2004-04-30,35.65999984741211,35.79999923706055,34.720001220703125,34.77000045776367,29.279356002807617,150829200
2004-05-03,35.0,35.52000045776367,34.88999938964844,35.099998474121094,29.557254791259766,117007200
2004-05-04,35.209999084472656,35.75,35.029998779296875,35.25,29.683574676513672,126176000
2004-05-05,35.41999816894531,35.70000076293945,35.20000076293945,35.529998779296875,29.91934585571289,97528500
2004-05-06,35.22999954223633,35.439998626708984,34.849998474121094,35.2599983215332,29.691997528076172,102733300
2004-05-07,35.09000015258789,35.63999938964844,34.90999984741211,34.970001220703125,29.447769165039062,137686000
2004-05-10,34.66999816894531,34.900001525878906,34.41999816894531,34.66999816894531,29.195167541503906,156951400
2004-05-11,34.970001220703125,35.380001068115234,34.91999816894531,35.189998626708984,29.633028030395508,120493600
2004-05-12,35.119998931884766,35.290000915527344,34.27000045776367,35.2599983215332,29.691997528076172,197765400
2004-05-13,35.060001373291016,35.45000076293945,34.91999816894531,35.0099983215332,29.481460571289062,137841700
2004-05-14,35.20000076293945,35.310001373291016,34.63999938964844,34.75,29.262531280517578,133689900
2004-05-17,34.380001068115234,34.65999984741211,34.11000061035156,34.41999816894531,28.984628677368164,150652400
2004-05-18,34.65999984741211,34.900001525878906,34.599998474121094,34.72999954223633,29.24568748474121,96686400
2004-05-19,35.15999984741211,35.5099983215332,34.630001068115234,34.689998626708984,29.211994171142578,141646900
2004-05-20,34.779998779296875,35.02000045776367,34.560001373291016,34.849998474121094,29.346725463867188,94938500
2004-05-21,35.0099983215332,35.16999816894531,34.7400016784668,35.02000045776367,29.48988914489746,111329200
2004-05-24,35.29999923706055,35.459999084472656,35.0,35.2599983215332,29.691997528076172,99861800
2004-05-25,35.150001525878906,36.08000183105469,34.95000076293945,35.959999084472656,30.28145980834961,146321400
2004-05-26,35.86000061035156,36.189998626708984,35.810001373291016,36.189998626708984,30.47511100769043,93789700
2004-05-27,36.290000915527344,36.5,36.060001373291016,36.41999816894531,30.66879653930664,110183400
2004-05-28,36.380001068115234,36.54999923706055,36.209999084472656,36.54999923706055,30.778270721435547,56379500
2004-06-01,36.27000045776367,36.54999923706055,36.11000061035156,36.5,30.736177444458008,90592700
2004-06-02,36.560001373291016,36.65999984741211,36.16999816894531,36.41999816894531,30.66879653930664,103519800
2004-06-03,36.29999923706055,36.36000061035156,35.81999969482422,35.97999954223633,30.298295974731445,97301400
2004-06-04,36.34000015258789,36.619998931884766,36.16999816894531,36.189998626708984,30.47511100769043,91233200
2004-06-07,36.439998626708984,37.099998474121094,36.34000015258789,37.04999923706055,31.199329376220703,107532600
2004-06-08,36.900001525878906,37.189998626708984,36.849998474121094,37.099998474121094,31.241413116455078,72530900
2004-06-09,36.97999954223633,37.04999923706055,36.5,36.58000183105469,30.80355453491211,98215200
2004-06-10,36.689998626708984,36.84000015258789,36.54999923706055,36.84000015258789,31.02248191833496,57101300
2004-06-14,36.61000061035156,36.61000061035156,36.099998474121094,36.31999969482422,30.5846004486084,85129900
2004-06-15,36.560001373291016,36.9900016784668,36.560001373291016,36.790000915527344,30.980388641357422,91937700
2004-06-16,36.77000045776367,36.900001525878906,36.650001525878906,36.72999954223633,30.929841995239258,64743300
2004-06-17,36.650001525878906,36.65999984741211,36.25,36.38999938964844,30.643550872802734,77844200
2004-06-18,36.29999923706055,36.84000015258789,36.2599983215332,36.439998626708984,30.68564796447754,78641500
2004-06-21,36.52000045776367,36.630001068115234,36.060001373291016,36.150001525878906,30.441448211669922,65373100
2004-06-22,36.15999984741211,36.70000076293945,36.02000045776367,36.68000030517578,30.887754440307617,101524300
2004-06-23,36.56999969482422,37.189998626708984,36.5099983215332,37.119998931884766,31.25826644897461,94393900
2004-06-24,37.02000045776367,37.349998474121094,36.91999816894531,37.04999923706055,31.199329376220703,92343200
2004-06-25,37.0,37.38999938964844,36.97999954223633,37.33000183105469,31.43511390686035,81005400
2004-06-28,37.4900016784668,37.52000045776367,36.900001525878906,37.02000045776367,31.17406463623047,94033200
2004-06-29,37.099998474121094,37.59000015258789,37.08000183105469,37.369998931884766,31.468795776367188,68265900
2004-06-30,37.45000076293945,37.900001525878906,37.349998474121094,37.7400016784668,31.780364990234375,97809500
2004-07-01,37.65999984741211,37.65999984741211,36.77000045776367,37.040000915527344,31.190900802612305,122141800
2004-07-02,37.040000915527344,37.04999923706055,36.630001068115234,36.81999969482422,31.005647659301758,74056400
2004-07-06,36.599998474121094,36.599998474121094,35.83000183105469,36.029998779296875,30.340391159057617,130232600
2004-07-07,35.959999084472656,36.290000915527344,35.91999816894531,36.099998474121094,30.39933204650879,95623100
2004-07-08,35.810001373291016,36.130001068115234,35.54999923706055,35.70000076293945,30.0625,108755400
2004-07-09,35.84000015258789,36.040000915527344,35.630001068115234,35.75,30.104602813720703,86014700
2004-07-12,35.56999969482422,35.689998626708984,35.2400016784668,35.599998474121094,29.978286743164062,81844500
2004-07-13,35.68000030517578,35.810001373291016,35.40999984741211,35.54999923706055,29.93619155883789,81222000
2004-07-14,35.20000076293945,35.650001525878906,35.04999923706055,35.189998626708984,29.633028030395508,119489200
2004-07-15,35.31999969482422,35.4900016784668,35.060001373291016,35.06999969482422,29.531982421875,90405700
2004-07-16,35.43000030517578,35.45000076293945,34.619998931884766,34.66999816894531,29.195167541503906,120387100
2004-07-19,34.779998779296875,34.970001220703125,34.470001220703125,34.599998474121094,29.13619613647461,106387900
2004-07-20,34.7400016784668,35.59000015258789,34.709999084472656,35.43000030517578,29.83514404296875,117453700
2004-07-21,35.56999969482422,35.650001525878906,34.34000015258789,34.400001525878906,28.967796325683594,136086800
2004-07-22,34.47999954223633,35.11000061035156,34.25,34.869998931884766,29.363574981689453,132135800
2004-07-23,34.619998931884766,34.65999984741211,34.029998779296875,34.209999084472656,28.807790756225586,107107100
2004-07-26,34.2400016784668,34.40999984741211,33.70000076293945,34.060001373291016,28.681476593017578,112962200
2004-07-27,34.189998626708984,34.709999084472656,34.040000915527344,34.529998779296875,29.0772647857666,103474700
2004-07-28,34.40999984741211,34.630001068115234,33.810001373291016,34.380001068115234,28.950956344604492,154299800
2004-07-29,34.709999084472656,34.91999816894531,34.5,34.779998779296875,29.28779411315918,98959800
2004-07-30,34.7599983215332,35.099998474121094,34.650001525878906,34.88999938964844,29.380407333374023,83007800
2004-08-02,34.61000061035156,35.02000045776367,34.459999084472656,34.959999084472656,29.43936538696289,81249000
2004-08-03,34.84000015258789,34.93000030517578,34.189998626708984,34.22999954223633,28.824630737304688,85746500
2004-08-04,34.150001525878906,34.459999084472656,34.0099983215332,34.2400016784668,28.833065032958984,86721000
2004-08-05,34.349998474121094,34.400001525878906,33.599998474121094,33.599998474121094,28.294124603271484,109722900
2004-08-06,33.400001525878906,33.40999984741211,32.65999984741211,32.720001220703125,27.55308723449707,148808600
2004-08-09,32.810001373291016,32.959999084472656,32.650001525878906,32.79999923706055,27.620452880859375,79281900
2004-08-10,32.959999084472656,33.47999954223633,32.91999816894531,33.209999084472656,27.965702056884766,105819800
2004-08-11,32.849998474121094,33.040000915527344,32.54999923706055,32.91999816894531,27.721498489379883,121217700
2004-08-12,32.689998626708984,32.86000061035156,32.369998931884766,32.470001220703125,27.342561721801758,113691800
2004-08-13,32.650001525878906,32.7400016784668,32.349998474121094,32.52000045776367,27.384662628173828,91416100
2004-08-16,32.61000061035156,33.189998626708984,32.59000015258789,32.88999938964844,27.696231842041016,77851300
2004-08-17,33.119998931884766,33.439998626708984,32.9900016784668,33.2599983215332,28.007802963256836,89573100
2004-08-18,33.060001373291016,33.90999984741211,33.0099983215332,33.849998474121094,28.504636764526367,106608500
2004-08-19,33.72999954223633,33.849998474121094,33.40999984741211,33.66999816894531,28.353071212768555,104690200
2004-08-20,33.56999969482422,34.13999938964844,33.5099983215332,34.0099983215332,28.639379501342773,91962400
2004-08-23,34.04999923706055,34.27000045776367,33.90999984741211,34.09000015258789,28.706743240356445,83390800
2004-08-24,34.25,34.310001373291016,33.810001373291016,34.08000183105469,28.698318481445312,86610500
2004-08-25,34.06999969482422,34.599998474121094,33.900001525878906,34.54999923706055,29.094099044799805,88394600
2004-08-26,34.459999084472656,34.54999923706055,34.310001373291016,34.400001525878906,28.967796325683594,57663400
2004-08-27,34.470001220703125,34.68000030517578,34.439998626708984,34.560001373291016,29.10253143310547,58597200
2004-08-30,34.40999984741211,34.43000030517578,33.939998626708984,33.97999954223633,28.614126205444336,62355700
2004-08-31,34.02000045776367,34.119998931884766,33.650001525878906,34.02000045776367,28.647789001464844,81262000
2004-09-01,33.93000030517578,34.470001220703125,33.79999923706055,34.27000045776367,28.85832405090332,96630600
2004-09-02,34.18000030517578,34.880001068115234,34.15999984741211,34.779998779296875,29.28779411315918,83054000
2004-09-03,34.439998626708984,34.66999816894531,34.04999923706055,34.13999938964844,28.748857498168945,90213700
2004-09-07,34.400001525878906,34.61000061035156,34.119998931884766,34.43000030517578,28.993043899536133,95556500
2004-09-08,34.310001373291016,34.68000030517578,34.18000030517578,34.29999923706055,28.883577346801758,101466100
2004-09-09,34.45000076293945,34.75,34.13999938964844,34.59000015258789,29.127796173095703,104397500
2004-09-10,34.61000061035156,35.189998626708984,34.470001220703125,35.119998931884766,29.574087142944336,108591600
2004-09-13,35.25,35.720001220703125,35.13999938964844,35.58000183105469,29.961441040039062,109350500
2004-09-14,35.45000076293945,35.720001220703125,35.36000061035156,35.630001068115234,30.003555297851562,76466300
2004-09-15,35.41999816894531,35.45000076293945,35.119998931884766,35.25,29.683574676513672,90128700
2004-09-16,35.2599983215332,35.56999969482422,35.130001068115234,35.31999969482422,29.74251365661621,67121000
2004-09-17,35.22999954223633,35.52000045776367,35.15999984741211,35.43000030517578,29.83514404296875,83903400
2004-09-20,35.290000915527344,35.77000045776367,35.18000030517578,35.43000030517578,29.83514404296875,110678100
2004-09-21,35.540000915527344,35.849998474121094,35.41999816894531,35.56999969482422,29.953039169311523,93688400
2004-09-22,35.439998626708984,35.459999084472656,34.869998931884766,34.95000076293945,29.43093490600586,101393400
2004-09-23,34.97999954223633,35.150001525878906,34.880001068115234,34.91999816894531,29.40567970275879,92503200
2004-09-24,34.9900016784668,35.189998626708984,34.75,34.79999923706055,29.30462646484375,103247400
2004-09-27,34.619998931884766,34.7400016784668,34.380001068115234,34.5,29.051984786987305,86017600
2004-09-28,34.54999923706055,34.689998626708984,34.22999954223633,34.56999969482422,29.110946655273438,87070300
2004-09-29,34.540000915527344,35.119998931884766,34.529998779296875,35.08000183105469,29.54041290283203,95096200
2004-09-30,35.02000045776367,35.27000045776367,34.88999938964844,35.13999938964844,29.59092903137207,74514600
2004-10-01,35.45000076293945,36.150001525878906,35.36000061035156,36.099998474121094,30.39933204650879,118252700
2004-10-04,36.36000061035156,36.619998931884766,36.25,36.310001373291016,30.57619285583496,108032600
2004-10-05,36.22999954223633,36.4900016784668,36.15999984741211,36.36000061035156,30.618288040161133,89754400
2004-10-06,36.310001373291016,36.689998626708984,36.11000061035156,36.650001525878906,30.86248207092285,87815500
2004-10-07,36.540000915527344,36.66999816894531,36.16999816894531,36.2400016784668,30.517215728759766,82374300
2004-10-08,36.08000183105469,36.2400016784668,35.5,35.58000183105469,29.961441040039062,115073000
2004-10-11,35.720001220703125,35.86000061035156,35.599998474121094,35.75,30.104602813720703,51181600
2004-10-12,35.43000030517578,35.84000015258789,35.20000076293945,35.689998626708984,30.054088592529297,97884100
2004-10-13,36.04999923706055,36.13999938964844,35.43000030517578,35.61000061035156,29.98672103881836,132442500
2004-10-14,35.689998626708984,35.779998779296875,35.33000183105469,35.45000076293945,29.851985931396484,99383700
2004-10-15,35.4900016784668,35.86000061035156,35.279998779296875,35.630001068115234,30.003555297851562,129183400
2004-10-18,35.5099983215332,36.25,35.400001525878906,36.13999938964844,30.433021545410156,108933400
2004-10-19,36.380001068115234,36.56999969482422,35.790000915527344,35.880001068115234,30.214082717895508,129973500
2004-10-20,35.83000183105469,36.22999954223633,35.650001525878906,36.04999923706055,30.35723114013672,106524200
2004-10-21,36.2400016784668,36.790000915527344,36.099998474121094,36.599998474121094,30.82037353515625,122627600
2004-10-22,36.61000061035156,36.68000030517578,35.7400016784668,35.79999923706055,30.14671516418457,114321100
2004-10-25,35.72999954223633,35.810001373291016,35.4900016784668,35.630001068115234,30.003555297851562,102863000
2004-10-26,35.650001525878906,35.84000015258789,35.40999984741211,35.81999969482422,30.163558959960938,98164500
2004-10-27,35.84000015258789,36.88999938964844,35.709999084472656,36.72999954223633,30.929841995239258,152423400
2004-10-28,36.68000030517578,37.119998931884766,36.56999969482422,36.959999084472656,31.12351417541504,111113900
2004-10-29,36.90999984741211,37.2400016784668,36.66999816894531,36.900001525878906,31.073007583618164,100779200
2004-11-01,36.97999954223633,37.18000030517578,36.79999923706055,37.040000915527344,31.190900802612305,72356000
2004-11-02,37.09000015258789,37.54999923706055,37.02000045776367,37.15999984741211,31.29195213317871,108930700
2004-11-03,37.7599983215332,37.900001525878906,37.150001525878906,37.40999984741211,31.50248146057129,140980100
2004-11-04,37.2599983215332,37.779998779296875,37.11000061035156,37.619998931884766,31.679319381713867,112513700
2004-11-05,38.02000045776367,38.15999984741211,37.61000061035156,37.959999084472656,31.965614318847656,117017900
2004-11-08,37.95000076293945,38.099998474121094,37.849998474121094,38.0,31.999300003051758,66486000
2004-11-09,37.93000030517578,38.150001525878906,37.810001373291016,37.91999816894531,31.931936264038086,85038700
2004-11-10,37.93000030517578,38.060001373291016,37.650001525878906,37.790000915527344,31.822460174560547,95122300
2004-11-11,37.90999984741211,38.380001068115234,37.86000061035156,38.290000915527344,32.243507385253906,99338800
2004-11-12,38.34000015258789,38.7599983215332,38.16999816894531,38.65999984741211,32.555084228515625,102418100
2004-11-15,38.63999938964844,38.86000061035156,38.5,38.83000183105469,32.6982421875,82696000
2004-11-16,38.65999984741211,38.68000030517578,38.31999969482422,38.59000015258789,32.49614334106445,97197500
2004-11-17,38.83000183105469,39.31999969482422,38.83000183105469,39.11000061035156,32.934017181396484,125242500
2004-11-18,38.97999954223633,39.36000061035156,38.88999938964844,39.290000915527344,33.08559036254883,94901100
2004-11-19,39.2400016784668,39.290000915527344,38.59000015258789,38.68000030517578,32.57193374633789,118448900
2004-11-22,38.61000061035156,39.06999969482422,38.47999954223633,39.04999923706055,32.88348388671875,79882600
2004-11-23,39.0099983215332,39.150001525878906,38.61000061035156,38.9900016784668,32.832984924316406,91925300
2004-11-24,39.09000015258789,39.38999938964844,39.06999969482422,39.33000183105469,33.11928939819336,74051700
2004-11-26,39.369998931884766,39.47999954223633,39.16999816894531,39.209999084472656,33.018211364746094,31248900
2004-11-29,39.459999084472656,39.63999938964844,38.970001220703125,39.20000076293945,33.00980758666992,94765400
2004-11-30,39.29999923706055,39.38999938964844,39.060001373291016,39.119998931884766,32.942440032958984,87663100
2004-12-01,39.27000045776367,39.959999084472656,39.27000045776367,39.91999816894531,33.61610794067383,102375000
2004-12-02,39.81999969482422,40.38999938964844,39.7599983215332,40.06999969482422,33.74242401123047,122005600
2004-12-03,40.349998474121094,40.59000015258789,40.08000183105469,40.130001068115234,33.79294967651367,114227700
2004-12-06,40.119998931884766,40.43000030517578,39.90999984741211,40.27000045776367,33.910850524902344,70415100
2004-12-07,40.349998474121094,40.5,39.529998779296875,39.58000183105469,33.329795837402344,121439800
2004-12-08,39.599998474121094,39.97999954223633,39.5,39.810001373291016,33.52347946166992,10121300
2004-12-09,39.4900016784668,40.189998626708984,39.2400016784668,40.04999923706055,33.725582122802734,134346000
2004-12-10,39.84000015258789,40.06999969482422,39.7400016784668,39.93000030517578,33.624549865722656,86177300
2004-12-13,40.22999954223633,40.34000015258789,39.97999954223633,40.279998779296875,33.91927719116211,74296400
2004-12-14,40.279998779296875,40.59000015258789,40.25,40.47999954223633,34.087677001953125,91985000
2004-12-15,40.4900016784668,40.68000030517578,40.150001525878906,40.33000183105469,33.961360931396484,95179300
2004-12-16,40.34000015258789,40.45000076293945,39.81999969482422,39.95000076293945,33.64137649536133,86101300
2004-12-17,39.63999938964844,39.810001373291016,39.43000030517578,39.470001220703125,33.555503845214844,97947000
2004-12-20,39.56999969482422,39.77000045776367,39.09000015258789,39.20000076293945,33.32596206665039,106397600
2004-12-21,39.38999938964844,39.709999084472656,39.279998779296875,39.68000030517578,33.734039306640625,83184700
2004-12-22,39.540000915527344,39.93000030517578,39.4900016784668,39.72999954223633,33.776554107666016,75298000
2004-12-23,39.61000061035156,39.90999984741211,39.540000915527344,39.7599983215332,33.80204772949219,45782000
2004-12-27,39.97999954223633,40.02000045776367,39.400001525878906,39.59000015258789,33.65751647949219,67157700
2004-12-28,39.66999816894531,40.0,39.61000061035156,39.970001220703125,33.9805793762207,62563100
2004-12-29,39.91999816894531,40.15999984741211,39.900001525878906,40.02000045776367,34.02308654785156,46594800
2004-12-30,40.06999969482422,40.119998931884766,39.93000030517578,39.9900016784668,33.997596740722656,41717600
2004-12-31,40.029998779296875,40.119998931884766,39.779998779296875,39.91999816894531,33.93807601928711,44112300
2005-01-03,40.09000015258789,40.290000915527344,39.369998931884766,39.5,33.58100891113281,100970900
2005-01-04,39.66999816894531,39.7400016784668,38.54999923706055,38.779998779296875,32.96889114379883,136623200
2005-01-05,38.68000030517578,38.959999084472656,38.470001220703125,38.540000915527344,32.764862060546875,127925500
2005-01-06,38.630001068115234,38.709999084472656,38.34000015258789,38.349998474121094,32.60333251953125,102934600
2005-01-07,38.560001373291016,38.869998931884766,38.209999084472656,38.54999923706055,32.77337646484375,123104000
2005-01-10,38.439998626708984,38.869998931884766,38.38999938964844,38.529998779296875,32.75638961791992,88764200
2005-01-11,38.369998931884766,38.5,38.06999969482422,38.2599983215332,32.526824951171875,106398800
2005-01-12,38.43000030517578,38.599998474121094,38.0099983215332,38.58000183105469,32.798885345458984,127754900
2005-01-13,38.58000183105469,38.849998474121094,38.0099983215332,38.06999969482422,32.365291595458984,101982400
2005-01-14,38.20000076293945,38.52000045776367,38.189998626708984,38.43000030517578,32.67135238647461,93460900
2005-01-18,38.279998779296875,38.790000915527344,38.220001220703125,38.720001220703125,32.917884826660156,91760400
2005-01-19,38.72999954223633,38.75,38.060001373291016,38.08000183105469,32.37378692626953,104981000
2005-01-20,37.650001525878906,37.810001373291016,37.31999969482422,37.349998474121094,31.753185272216797,120963900
2005-01-21,37.47999954223633,37.54999923706055,36.9900016784668,37.04999923706055,31.498138427734375,138569200
2005-01-24,37.119998931884766,37.20000076293945,36.459999084472656,36.529998779296875,31.056076049804688,137499000
2005-01-25,36.77000045776367,37.09000015258789,36.65999984741211,36.709999084472656,31.20907211303711,119171300
2005-01-26,36.959999084472656,37.290000915527344,36.81999969482422,37.150001525878906,31.58316421508789,107465800
2005-01-27,37.09000015258789,37.27000045776367,36.869998931884766,37.099998474121094,31.540651321411133,103654700
2005-01-28,37.220001220703125,37.27000045776367,36.619998931884766,36.91999816894531,31.387611389160156,111648600
2005-01-31,37.36000061035156,37.529998779296875,37.2599983215332,37.400001525878906,31.795682907104492,89139900
2005-02-01,37.4900016784668,37.650001525878906,37.369998931884766,37.52000045776367,31.89772605895996,76610300
2005-02-02,37.63999938964844,37.72999954223633,37.310001373291016,37.58000183105469,31.948720932006836,100160500
2005-02-03,37.380001068115234,37.40999984741211,37.0,37.150001525878906,31.58316421508789,90157900
2005-02-04,37.150001525878906,37.81999969482422,37.150001525878906,37.75,32.09324645996094,99302000
2005-02-07,37.79999923706055,37.90999984741211,37.52000045776367,37.66999816894531,32.025230407714844,71551400
2005-02-08,37.65999984741211,38.0099983215332,37.619998931884766,37.7400016784668,32.08476638793945,72821700
2005-02-09,37.77000045776367,37.79999923706055,37.060001373291016,37.11000061035156,31.549152374267578,93276600
2005-02-10,37.2599983215332,37.31999969482422,36.880001068115234,37.150001525878906,31.58316421508789,110373000
2005-02-11,37.029998779296875,37.849998474121094,36.93000030517578,37.70000076293945,32.05074691772461,108684100
2005-02-14,37.70000076293945,37.939998626708984,37.689998626708984,37.869998931884766,32.19527816772461,54908900
2005-02-15,37.900001525878906,38.47999954223633,37.81999969482422,38.119998931884766,32.40780258178711,131406500
2005-02-16,38.029998779296875,38.15999984741211,37.83000183105469,37.97999954223633,32.288780212402344,80273900
2005-02-17,38.04999923706055,38.13999938964844,37.43000030517578,37.470001220703125,31.855213165283203,115628300
2005-02-18,37.47999954223633,37.56999969482422,37.2599983215332,37.349998474121094,31.753185272216797,69158800
2005-02-22,37.029998779296875,37.54999923706055,36.790000915527344,36.88999938964844,31.362110137939453,121232000
2005-02-23,37.040000915527344,37.06999969482422,36.70000076293945,36.939998626708984,31.404617309570312,95010100
2005-02-24,36.849998474121094,37.439998626708984,36.7599983215332,37.40999984741211,31.804197311401367,99334600
2005-02-25,37.380001068115234,37.70000076293945,37.290000915527344,37.619998931884766,31.98272705078125,79988700
2005-02-28,37.459999084472656,37.599998474121094,36.91999816894531,37.220001220703125,31.642667770385742,95731300
2005-03-01,37.369998931884766,37.70000076293945,37.33000183105469,37.630001068115234,31.99124526977539,78460600
2005-03-02,37.40999984741211,38.02000045776367,37.36000061035156,37.61000061035156,31.97422218322754,107270600
2005-03-03,37.709999084472656,37.72999954223633,37.02000045776367,37.29999923706055,31.71068000793457,89793800
2005-03-04,37.599998474121094,37.75,37.400001525878906,37.52000045776367,31.89772605895996,86622300
2005-03-07,37.599998474121094,38.290000915527344,37.560001373291016,38.060001373291016,32.356781005859375,93563900
2005-03-08,38.0099983215332,38.209999084472656,37.650001525878906,37.68000030517578,32.03374481201172,89595200
2005-03-09,37.66999816894531,37.93000030517578,37.470001220703125,37.56999969482422,31.940223693847656,98063000
2005-03-10,37.61000061035156,37.66999816894531,37.08000183105469,37.52000045776367,31.89772605895996,97043600
2005-03-11,37.689998626708984,37.81999969482422,37.02000045776367,37.16999816894531,31.600170135498047,102857500
2005-03-14,37.2400016784668,37.36000061035156,37.029998779296875,37.34000015258789,31.74468421936035,65576200
2005-03-15,37.41999816894531,37.47999954223633,36.9900016784668,37.040000915527344,31.489639282226562,93856300
2005-03-16,36.90999984741211,37.18000030517578,36.529998779296875,36.619998931884766,31.13258171081543,159578000
2005-03-17,36.61000061035156,36.88999938964844,36.540000915527344,36.709999084472656,31.20907211303711,100429600
2005-03-18,36.75,36.790000915527344,36.349998474121094,36.5099983215332,31.0390682220459,108899400
2005-03-21,36.599998474121094,36.75,36.25,36.58000183105469,31.098573684692383,92752500
2005-03-22,36.61000061035156,36.75,36.11000061035156,36.130001068115234,30.715999603271484,114016300
2005-03-23,36.09000015258789,36.4900016784668,36.06999969482422,36.2599983215332,30.826519012451172,97444900
2005-03-24,36.38999938964844,36.650001525878906,36.27000045776367,36.27000045776367,30.83500862121582,77566800
2005-03-28,36.40999984741211,36.61000061035156,36.310001373291016,36.34000015258789,30.89453125,59739000
2005-03-29,36.27000045776367,36.58000183105469,35.939998626708984,36.04999923706055,30.647981643676758,119554300
2005-03-30,36.22999954223633,36.779998779296875,36.220001220703125,36.72999954223633,31.226085662841797,114711000
2005-03-31,36.72999954223633,36.75,36.439998626708984,36.56999969482422,31.090055465698242,86578900
2005-04-01,36.81999969482422,36.880001068115234,36.130001068115234,36.20000076293945,30.775510787963867,143814300
2005-04-04,36.25,36.599998474121094,36.029998779296875,36.459999084472656,30.99654769897461,100090300
2005-04-05,36.4900016784668,36.66999816894531,36.41999816894531,36.560001373291016,31.081567764282227,66266600
2005-04-06,36.65999984741211,36.90999984741211,36.41999816894531,36.5,31.03055191040039,82168900
2005-04-07,36.529998779296875,36.95000076293945,36.5099983215332,36.939998626708984,31.404617309570312,88618000
2005-04-08,37.0,37.06999969482422,36.599998474121094,36.63999938964844,31.149572372436523,92332900
2005-04-11,36.75,36.779998779296875,36.400001525878906,36.47999954223633,31.01354217529297,70976000
2005-04-12,36.439998626708984,36.7400016784668,35.90999984741211,36.65999984741211,31.166584014892578,144848500
2005-04-13,36.560001373291016,36.599998474121094,35.97999954223633,36.060001373291016,30.656492233276367,108995500
2005-04-14,36.060001373291016,36.099998474121094,35.5,35.54999923706055,30.2229061126709,158057900
2005-04-15,35.2400016784668,35.369998931884766,34.68000030517578,34.7400016784668,29.534284591674805,170013300
2005-04-18,34.709999084472656,35.0,34.63999938964844,34.75,29.542797088623047,110084000
2005-04-19,35.02000045776367,35.099998474121094,34.75,34.9900016784668,29.74681854248047,96922100
2005-04-20,35.209999084472656,35.290000915527344,34.59000015258789,34.70000076293945,29.500280380249023,140457400
2005-04-21,35.119998931884766,35.709999084472656,34.959999084472656,35.619998931884766,30.282426834106445,124505100
2005-04-22,35.459999084472656,35.470001220703125,34.81999969482422,35.09000015258789,29.83184242248535,114996800
2005-04-25,35.29999923706055,35.459999084472656,35.150001525878906,35.380001068115234,30.07839584350586,72170100
2005-04-26,35.290000915527344,35.70000076293945,35.040000915527344,35.04999923706055,29.7978458404541,104958800
2005-04-27,34.869998931884766,35.25,34.72999954223633,35.099998474121094,29.840347290039062,112539300
2005-04-28,34.91999816894531,35.150001525878906,34.720001220703125,34.75,29.542797088623047,98181900
2005-04-29,35.0,35.060001373291016,34.349998474121094,34.97999954223633,29.738319396972656,144435900
2005-05-02,35.099998474121094,35.2599983215332,34.88999938964844,35.119998931884766,29.857336044311523,67648800
2005-05-03,35.04999923706055,35.43000030517578,35.029998779296875,35.29999923706055,30.01036834716797,103428700
2005-05-04,35.290000915527344,35.83000183105469,35.2400016784668,35.72999954223633,30.37593650817871,90480600
2005-05-05,35.75,35.91999816894531,35.529998779296875,35.7599983215332,30.401437759399414,79341700
2005-05-06,35.970001220703125,36.02000045776367,35.720001220703125,35.86000061035156,30.486446380615234,77310200
2005-05-09,35.869998931884766,36.060001373291016,35.65999984741211,36.029998779296875,30.630971908569336,66298400
2005-05-10,35.86000061035156,35.959999084472656,35.619998931884766,35.77000045776367,30.40993881225586,77194700
2005-05-11,35.81999969482422,36.029998779296875,35.29999923706055,35.95000076293945,30.56296730041504,131952400
2005-05-12,36.029998779296875,36.20000076293945,35.65999984741211,35.849998474121094,30.47795295715332,116602200
2005-05-13,35.9900016784668,36.470001220703125,35.88999938964844,36.2400016784668,30.809513092041016,133273500
2005-05-16,36.2400016784668,36.540000915527344,36.130001068115234,36.47999954223633,31.01354217529297,79093200
2005-05-17,36.349998474121094,36.7400016784668,36.209999084472656,36.70000076293945,31.20058250427246,91665900
2005-05-18,36.79999923706055,37.36000061035156,36.709999084472656,37.20000076293945,31.625661849975586,128105900
2005-05-19,37.290000915527344,37.52000045776367,37.20000076293945,37.5099983215332,31.889209747314453,92619700
2005-05-20,37.45000076293945,37.689998626708984,37.349998474121094,37.65999984741211,32.0167350769043,66530100
2005-05-23,37.65999984741211,37.9900016784668,37.599998474121094,37.849998474121094,32.17824935913086,93068200
2005-05-24,37.7599983215332,38.0,37.70000076293945,37.970001220703125,32.2802734375,100830000
2005-05-25,37.84000015258789,37.880001068115234,37.59000015258789,37.810001373291016,32.144256591796875,76470600
2005-05-26,37.97999954223633,38.27000045776367,37.97999954223633,38.189998626708984,32.46732711791992,84066800
2005-05-27,38.13999938964844,38.25,38.02000045776367,38.209999084472656,32.48431396484375,50076900
2005-05-31,38.189998626708984,38.2400016784668,37.91999816894531,38.08000183105469,32.37378692626953,75281500
2005-06-01,38.029998779296875,38.68000030517578,38.02000045776367,38.38999938964844,32.63734817504883,110875700
2005-06-02,38.33000183105469,38.65999984741211,38.29999923706055,38.65999984741211,32.86688232421875,75926500
2005-06-03,38.630001068115234,38.63999938964844,38.02000045776367,38.099998474121094,32.39080047607422,96998400
2005-06-06,38.119998931884766,38.189998626708984,37.959999084472656,38.11000061035156,32.399314880371094,52681400
2005-06-07,38.150001525878906,38.470001220703125,37.7400016784668,37.790000915527344,32.127262115478516,108953400
2005-06-08,37.880001068115234,37.95000076293945,37.560001373291016,37.709999084472656,32.05923843383789,79211900
2005-06-09,37.65999984741211,38.060001373291016,37.5,37.95000076293945,32.26327896118164,99383300
2005-06-10,37.900001525878906,37.900001525878906,37.380001068115234,37.54999923706055,31.923213958740234,85971700
2005-06-13,37.47999954223633,37.95000076293945,37.459999084472656,37.72999954223633,32.07623291015625,82331300
2005-06-14,37.689998626708984,37.84000015258789,37.5,37.58000183105469,31.948720932006836,62593600
2005-06-15,37.83000183105469,37.869998931884766,37.25,37.70000076293945,32.05074691772461,103952000
2005-06-16,37.7400016784668,38.0,37.65999984741211,37.900001525878906,32.22075653076172,90450100
2005-06-17,38.11000061035156,38.209999084472656,37.75,37.869998931884766,32.22502899169922,83915700
2005-06-20,37.720001220703125,38.08000183105469,37.58000183105469,37.869998931884766,32.22502899169922,67580000
2005-06-21,37.84000015258789,38.0099983215332,37.70000076293945,37.849998474121094,32.20798873901367,97845600
2005-06-22,38.0,38.099998474121094,37.630001068115234,37.810001373291016,32.1739616394043,75221100
2005-06-23,37.869998931884766,38.18000030517578,37.33000183105469,37.38999938964844,31.816566467285156,122163300
2005-06-24,37.380001068115234,37.40999984741211,36.959999084472656,36.970001220703125,31.459199905395508,142144100
2005-06-27,36.95000076293945,37.060001373291016,36.70000076293945,36.79999923706055,31.314510345458984,72780800
2005-06-28,36.95000076293945,37.2599983215332,36.900001525878906,37.150001525878906,31.61235237121582,73330300
2005-06-29,37.25,37.2599983215332,36.970001220703125,37.06999969482422,31.544267654418945,71513600
2005-06-30,37.13999938964844,37.209999084472656,36.75,36.779998779296875,31.297494888305664,87803700
2005-07-01,36.86000061035156,37.0,36.68000030517578,36.72999954223633,31.25494956970215,55254800
2005-07-05,36.599998474121094,37.189998626708984,36.599998474121094,37.11000061035156,31.57830810546875,79288700
2005-07-06,37.029998779296875,37.279998779296875,36.86000061035156,36.93000030517578,31.425132751464844,79101000
2005-07-07,36.58000183105469,37.09000015258789,36.54999923706055,37.060001373291016,31.5357608795166,119466300
2005-07-08,37.08000183105469,37.810001373291016,36.9900016784668,37.77000045776367,32.139923095703125,101320700
2005-07-11,37.869998931884766,38.15999984741211,37.79999923706055,38.119998931884766,32.43775177001953,96283700
2005-07-12,38.119998931884766,38.459999084472656,38.0099983215332,38.29999923706055,32.590911865234375,86059300
2005-07-13,38.31999969482422,38.43000030517578,38.16999816894531,38.38999938964844,32.667518615722656,72135400
2005-07-14,38.66999816894531,38.880001068115234,38.52000045776367,38.77000045776367,32.99085998535156,99135200
2005-07-15,38.83000183105469,39.0,38.650001525878906,38.88999938964844,33.092979431152344,67239200
2005-07-18,38.790000915527344,38.88999938964844,38.689998626708984,38.72999954223633,32.95682907104492,58644000
2005-07-19,38.90999984741211,39.20000076293945,38.84000015258789,39.18000030517578,33.33974838256836,77860900
2005-07-20,38.939998626708984,39.56999969482422,38.900001525878906,39.459999084472656,33.57801055908203,91433100
2005-07-21,39.560001373291016,39.689998626708984,39.209999084472656,39.470001220703125,33.586517333984375,127286000
2005-07-22,39.47999954223633,39.59000015258789,39.220001220703125,39.41999816894531,33.543983459472656,71666600
2005-07-25,39.459999084472656,39.630001068115234,39.20000076293945,39.27000045776367,33.41634750366211,51872700
2005-07-26,39.38999938964844,39.529998779296875,39.189998626708984,39.41999816894531,33.543983459472656,67324900
2005-07-27,39.45000076293945,39.7599983215332,39.22999954223633,39.720001220703125,33.799251556396484,78351100
2005-07-28,39.75,39.91999816894531,39.63999938964844,39.90999984741211,33.960941314697266,66163700
2005-07-29,39.869998931884766,39.91999816894531,39.52000045776367,39.58000183105469,33.68014144897461,74725700
2005-08-01,39.63999938964844,39.83000183105469,39.52000045776367,39.650001525878906,33.73970031738281,59748300
2005-08-02,39.70000076293945,40.13999938964844,39.650001525878906,40.08000183105469,34.1055793762207,79284100
2005-08-03,39.90999984741211,40.130001068115234,39.880001068115234,40.060001373291016,34.08857345581055,61916400
2005-08-04,39.880001068115234,39.939998626708984,39.56999969482422,39.66999816894531,33.75672149658203,72035500
2005-08-05,39.61000061035156,39.790000915527344,39.43000030517578,39.47999954223633,33.59503936767578,66029500
2005-08-08,39.52000045776367,39.61000061035156,39.13999938964844,39.189998626708984,33.348262786865234,63415400
2005-08-09,39.369998931884766,39.59000015258789,39.310001373291016,39.45000076293945,33.56950759887695,62143600
2005-08-10,39.54999923706055,39.689998626708984,38.970001220703125,39.11000061035156,33.28019332885742,102317500
2005-08-11,39.130001068115234,39.540000915527344,39.099998474121094,39.43000030517578,33.552494049072266,92446700
2005-08-12,39.119998931884766,39.31999969482422,38.970001220703125,39.209999084472656,33.36528015136719,86367300
2005-08-15,39.13999938964844,39.630001068115234,39.08000183105469,39.45000076293945,33.56950759887695,63061100
2005-08-16,39.29999923706055,39.33000183105469,38.7400016784668,38.810001373291016,33.024898529052734,94596000
2005-08-17,38.91999816894531,39.16999816894531,38.790000915527344,39.040000915527344,33.22062301635742,74470500
2005-08-18,38.869998931884766,39.099998474121094,38.77000045776367,38.84000015258789,33.0504264831543,72559400
2005-08-19,38.88999938964844,39.0,38.790000915527344,38.81999969482422,33.03341293334961,52024300
2005-08-22,38.880001068115234,39.18000030517578,38.599998474121094,38.84000015258789,33.0504264831543,88056300
2005-08-23,38.84000015258789,38.91999816894531,38.61000061035156,38.72999954223633,32.95682907104492,57482900
2005-08-24,38.650001525878906,39.18000030517578,38.459999084472656,38.5,32.76112747192383,95025700
2005-08-25,38.56999969482422,38.689998626708984,38.4900016784668,38.59000015258789,32.83770751953125,52328800
2005-08-26,38.529998779296875,38.599998474121094,38.27000045776367,38.459999084472656,32.727081298828125,63840700
2005-08-29,38.2599983215332,38.849998474121094,38.2599983215332,38.7599983215332,32.982357025146484,74940400
2005-08-30,38.560001373291016,38.65999984741211,38.31999969482422,38.619998931884766,32.86323547363281,87373600
2005-08-31,38.63999938964844,39.0099983215332,38.47999954223633,38.97999954223633,33.1695556640625,93426300
2005-09-01,39.0,39.150001525878906,38.779998779296875,38.91999816894531,33.11852264404297,74884400
2005-09-02,39.0,39.029998779296875,38.7400016784668,38.77000045776367,32.99085998535156,53244900
2005-09-06,38.95000076293945,39.40999984741211,38.900001525878906,39.34000015258789,33.47590255737305,78106600
2005-09-07,39.29999923706055,39.47999954223633,39.209999084472656,39.40999984741211,33.53547668457031,57440100
2005-09-08,39.290000915527344,39.56999969482422,39.27000045776367,39.400001525878906,33.526973724365234,73529700
2005-09-09,39.40999984741211,39.689998626708984,39.310001373291016,39.619998931884766,33.714168548583984,75342100
2005-09-12,39.630001068115234,39.86000061035156,39.58000183105469,39.72999954223633,33.80778121948242,51689900
2005-09-13,39.68000030517578,39.90999984741211,39.540000915527344,39.630001068115234,33.72269058227539,66145800
2005-09-14,39.650001525878906,39.68000030517578,39.150001525878906,39.18000030517578,33.33974838256836,98644000
2005-09-15,39.2599983215332,39.34000015258789,39.04999923706055,39.15999984741211,33.3227424621582,80421500
2005-09-16,39.25,39.459999084472656,39.11000061035156,39.400001525878906,33.526973724365234,71034100
2005-09-19,39.31999969482422,39.380001068115234,38.90999984741211,39.09000015258789,33.26316833496094,73387500
2005-09-20,39.15999984741211,39.540000915527344,38.810001373291016,38.93000030517578,33.12702178955078,115202800
2005-09-21,38.81999969482422,38.869998931884766,38.470001220703125,38.5,32.76112747192383,116404300
2005-09-22,38.439998626708984,38.72999954223633,38.2400016784668,38.63999938964844,32.880252838134766,118686100
2005-09-23,38.5,38.880001068115234,38.40999984741211,38.75,32.973854064941406,70154000
2005-09-26,38.970001220703125,39.029998779296875,38.54999923706055,38.7599983215332,32.982357025146484,69327600
2005-09-27,38.790000915527344,38.900001525878906,38.5099983215332,38.66999816894531,32.90578079223633,64089500
2005-09-28,38.7599983215332,38.95000076293945,38.560001373291016,38.68000030517578,32.914283752441406,72044500
2005-09-29,38.630001068115234,39.209999084472656,38.45000076293945,39.20000076293945,33.35676193237305,117634600
2005-09-30,39.16999816894531,39.47999954223633,39.130001068115234,39.459999084472656,33.57801055908203,79248500
2005-10-03,39.540000915527344,39.75,39.5099983215332,39.560001373291016,33.663124084472656,81685600
2005-10-04,39.619998931884766,39.880001068115234,39.290000915527344,39.29999923706055,33.44187927246094,85348600
2005-10-05,39.310001373291016,39.34000015258789,38.72999954223633,38.7599983215332,32.982357025146484,106152200
2005-10-06,38.72999954223633,38.86000061035156,37.91999816894531,38.25,32.548377990722656,162213700
2005-10-07,38.400001525878906,38.56999969482422,38.18000030517578,38.34000015258789,32.62495803833008,91119900
2005-10-10,38.27000045776367,38.459999084472656,38.060001373291016,38.130001068115234,32.44626235961914,64012000
2005-10-11,38.2400016784668,38.2400016784668,37.79999923706055,37.939998626708984,32.28457260131836,114736900
2005-10-12,37.720001220703125,38.060001373291016,37.43000030517578,37.4900016784668,31.901657104492188,146109500
2005-10-13,37.470001220703125,37.90999984741211,37.33000183105469,37.779998779296875,32.1484375,138569600
2005-10-14,37.880001068115234,38.06999969482422,37.63999938964844,38.060001373291016,32.38669204711914,131463200
2005-10-17,38.06999969482422,38.189998626708984,37.81999969482422,38.18000030517578,32.488807678222656,64080400
2005-10-18,38.13999938964844,38.18000030517578,37.90999984741211,37.90999984741211,32.259071350097656,88070400
2005-10-19,37.720001220703125,38.66999816894531,37.61000061035156,38.66999816894531,32.90578079223633,132879900
2005-10-20,38.709999084472656,38.849998474121094,38.099998474121094,38.310001373291016,32.59943389892578,132576900
2005-10-21,38.66999816894531,38.75,38.33000183105469,38.54999923706055,32.80366516113281,110032000
2005-10-24,38.72999954223633,39.18000030517578,38.470001220703125,39.15999984741211,33.3227424621582,110820900
2005-10-25,39.09000015258789,39.189998626708984,38.77000045776367,39.0099983215332,33.19508361816406,86665800
2005-10-26,38.97999954223633,39.27000045776367,38.7599983215332,38.810001373291016,33.024898529052734,89878100
2005-10-27,38.779998779296875,38.79999923706055,38.029998779296875,38.029998779296875,32.361167907714844,132231100
2005-10-28,38.15999984741211,38.38999938964844,37.91999816894531,38.31999969482422,32.60793685913086,95243900
2005-10-31,38.45000076293945,39.04999923706055,38.41999816894531,38.869998931884766,33.07597351074219,115279100
2005-11-01,38.779998779296875,39.0099983215332,38.709999084472656,38.84000015258789,33.0504264831543,73502300
2005-11-02,38.72999954223633,39.459999084472656,38.709999084472656,39.349998474121094,33.484413146972656,101409900
2005-11-03,39.7400016784668,40.09000015258789,39.68000030517578,39.939998626708984,33.98645782470703,137054000
2005-11-04,40.0,40.22999954223633,39.84000015258789,40.08000183105469,34.1055793762207,100944500
2005-11-07,40.209999084472656,40.290000915527344,39.95000076293945,40.130001068115234,34.14813995361328,65324500
2005-11-08,40.08000183105469,40.349998474121094,39.9900016784668,40.13999938964844,34.15666198730469,78859700
2005-11-09,40.119998931884766,40.33000183105469,40.029998779296875,40.15999984741211,34.17364501953125,72458800
2005-11-10,40.18000030517578,40.689998626708984,39.91999816894531,40.599998474121094,34.548091888427734,120763100
2005-11-11,40.77000045776367,40.91999816894531,40.68000030517578,40.709999084472656,34.64167785644531,80057200
2005-11-14,40.77000045776367,40.86000061035156,40.599998474121094,40.709999084472656,34.64167785644531,53652400
2005-11-15,40.72999954223633,40.900001525878906,40.380001068115234,40.52000045776367,34.48001480102539,79543500
2005-11-16,40.630001068115234,40.779998779296875,40.459999084472656,40.77000045776367,34.692726135253906,65895700
2005-11-17,40.90999984741211,41.31999969482422,40.849998474121094,41.310001373291016,35.152259826660156,94425500
2005-11-18,41.52000045776367,41.650001525878906,41.27000045776367,41.45000076293945,35.271392822265625,108820200
2005-11-21,41.400001525878906,41.58000183105469,41.2400016784668,41.54999923706055,35.35646057128906,69731400
2005-11-22,41.470001220703125,41.869998931884766,41.36000061035156,41.70000076293945,35.4841194152832,88814000
2005-11-23,41.72999954223633,42.02000045776367,41.709999084472656,41.79999923706055,35.56922149658203,64101200
2005-11-25,41.84000015258789,41.939998626708984,41.72999954223633,41.88999938964844,35.64577865600586,22930200
2005-11-28,42.0,42.0,41.5,41.540000915527344,35.34796142578125,74716200
2005-11-29,41.77000045776367,41.849998474121094,41.34000015258789,41.34000015258789,35.17778778076172,77443000
2005-11-30,41.279998779296875,41.4900016784668,41.189998626708984,41.2400016784668,35.092689514160156,88044400
2005-12-01,41.5099983215332,42.04999923706055,41.5,42.0099983215332,35.74791717529297,91914100
2005-12-02,41.939998626708984,42.130001068115234,41.869998931884766,42.11000061035156,35.833003997802734,72929200
2005-12-05,42.060001373291016,42.060001373291016,41.630001068115234,41.79999923706055,35.56922149658203,61519900
2005-12-06,42.029998779296875,42.310001373291016,41.900001525878906,41.939998626708984,35.68833923339844,81509400
2005-12-07,42.0,42.029998779296875,41.630001068115234,41.86000061035156,35.62028503417969,83885500
2005-12-08,41.959999084472656,42.0,41.27000045776367,41.560001373291016,35.3649787902832,112043200
2005-12-09,41.560001373291016,41.77000045776367,41.380001068115234,41.720001220703125,35.501121520996094,56526900
2005-12-12,41.869998931884766,41.939998626708984,41.68000030517578,41.869998931884766,35.62876892089844,44863600
2005-12-13,41.81999969482422,42.209999084472656,41.7599983215332,42.040000915527344,35.77342987060547,76611600
2005-12-14,41.95000076293945,42.099998474121094,41.709999084472656,41.900001525878906,35.65431594848633,73581600
2005-12-15,42.0,42.06999969482422,41.61000061035156,41.970001220703125,35.713871002197266,72607200
2005-12-16,41.86000061035156,41.939998626708984,41.54999923706055,41.58000183105469,35.46736145019531,63743000
2005-12-19,41.66999816894531,41.709999084472656,40.900001525878906,40.91999816894531,34.90437698364258,75341700
2005-12-20,40.95000076293945,41.150001525878906,40.75,40.95000076293945,34.92996597290039,70257700
2005-12-21,41.02000045776367,41.40999984741211,40.95000076293945,41.130001068115234,35.08351516723633,68935000
2005-12-22,41.11000061035156,41.459999084472656,41.099998474121094,41.400001525878906,35.31380844116211,59149500
2005-12-23,41.5099983215332,41.59000015258789,41.29999923706055,41.400001525878906,35.31380844116211,38000400
2005-12-27,41.52000045776367,41.68000030517578,40.970001220703125,41.040000915527344,35.00675964355469,55656300
2005-12-28,41.060001373291016,41.22999954223633,40.869998931884766,40.9900016784668,34.964107513427734,50302400
2005-12-29,41.029998779296875,41.119998931884766,40.650001525878906,40.720001220703125,34.733768463134766,47301700
2005-12-30,40.540000915527344,40.58000183105469,40.36000061035156,40.40999984741211,34.469364166259766,60026500
2006-01-03,40.650001525878906,41.4900016784668,40.15999984741211,41.310001373291016,35.237056732177734,109350400
2006-01-04,41.40999984741211,41.7400016784668,41.31999969482422,41.7400016784668,35.603843688964844,92769400
2006-01-05,41.75,42.0,41.709999084472656,41.91999816894531,35.75737762451172,77656900
2006-01-06,42.2599983215332,42.70000076293945,42.060001373291016,42.68000030517578,36.405643463134766,110053900
2006-01-09,42.68000030517578,42.91999816894531,42.52000045776367,42.849998474121094,36.5506591796875,80768800
2006-01-10,42.65999984741211,42.91999816894531,42.54999923706055,42.880001068115234,36.57624053955078,84369400
2006-01-11,43.0,43.310001373291016,42.869998931884766,43.209999084472656,36.85773468017578,100761400
2006-01-12,43.15999984741211,43.290000915527344,42.849998474121094,43.0,36.6786003112793,82429200
2006-01-13,42.939998626708984,43.04999923706055,42.72999954223633,42.97999954223633,36.66155242919922,64572100
2006-01-17,42.650001525878906,42.790000915527344,42.5,42.70000076293945,36.422691345214844,77962100
2006-01-18,42.029998779296875,42.459999084472656,42.02000045776367,42.209999084472656,36.00474166870117,121021900
2006-01-19,42.41999816894531,42.81999969482422,42.290000915527344,42.52000045776367,36.2691650390625,111094000
2006-01-20,42.459999084472656,42.4900016784668,41.150001525878906,41.25,35.18586730957031,188569400
2006-01-23,41.36000061035156,41.45000076293945,41.08000183105469,41.2599983215332,35.19441223144531,111381900
2006-01-24,41.36000061035156,41.70000076293945,41.310001373291016,41.439998626708984,35.347930908203125,77956900
2006-01-25,41.63999938964844,41.66999816894531,41.08000183105469,41.2599983215332,35.19441223144531,99826400
2006-01-26,41.5,41.689998626708984,41.22999954223633,41.54999923706055,35.441749572753906,112600600
2006-01-27,41.79999923706055,42.38999938964844,41.7400016784668,42.11000061035156,35.9194450378418,110830400
2006-01-30,42.18000030517578,42.31999969482422,42.06999969482422,42.189998626708984,35.987674713134766,53942600
2006-01-31,42.16999816894531,42.27000045776367,41.810001373291016,42.0,35.82561111450195,100988100
2006-02-01,41.7400016784668,42.16999816894531,41.70000076293945,42.150001525878906,35.953548431396484,89168700
2006-02-02,42.0099983215332,42.08000183105469,41.40999984741211,41.43000030517578,35.33940124511719,94047400
2006-02-03,41.119998931884766,41.22999954223633,40.779998779296875,40.91999816894531,34.90437698364258,121094200
2006-02-06,40.720001220703125,41.0099983215332,40.59000015258789,40.810001373291016,34.81056213378906,58162800
2006-02-07,40.7400016784668,40.93000030517578,40.439998626708984,40.630001068115234,34.65704345703125,87327000
2006-02-08,40.91999816894531,41.150001525878906,40.689998626708984,41.099998474121094,35.057926177978516,89907800
2006-02-09,41.209999084472656,41.369998931884766,40.630001068115234,40.709999084472656,34.725242614746094,78213400
2006-02-10,40.68000030517578,41.060001373291016,40.2599983215332,40.959999084472656,34.938507080078125,102575900
2006-02-13,40.70000076293945,40.7400016784668,40.29999923706055,40.4900016784668,34.53759765625,70643100
2006-02-14,40.56999969482422,41.02000045776367,40.40999984741211,40.900001525878906,34.887325286865234,94340300
2006-02-15,40.790000915527344,41.2599983215332,40.72999954223633,41.15999984741211,35.109092712402344,92254300
2006-02-16,41.310001373291016,41.54999923706055,41.150001525878906,41.540000915527344,35.433231353759766,103859600
2006-02-17,41.459999084472656,41.459999084472656,41.20000076293945,41.209999084472656,35.15175247192383,81770200
2006-02-21,41.209999084472656,41.27000045776367,40.61000061035156,40.75,34.7593879699707,85101400
2006-02-22,40.779998779296875,41.540000915527344,40.68000030517578,41.2599983215332,35.19441223144531,91983900
2006-02-23,41.189998626708984,41.540000915527344,41.08000183105469,41.150001525878906,35.10057067871094,66517100
2006-02-24,41.189998626708984,41.290000915527344,41.0099983215332,41.2599983215332,35.19441223144531,57085400
2006-02-27,41.36000061035156,41.869998931884766,41.33000183105469,41.720001220703125,35.586761474609375,64945000
2006-02-28,41.61000061035156,41.720001220703125,40.970001220703125,41.099998474121094,35.057926177978516,117564600
2006-03-01,41.22999954223633,41.77000045776367,41.150001525878906,41.65999984741211,35.53559494018555,80962300
2006-03-02,41.54999923706055,41.84000015258789,41.40999984741211,41.689998626708984,35.56119918823242,69856500
2006-03-03,41.45000076293945,42.0099983215332,41.38999938964844,41.45000076293945,35.356475830078125,112066100
2006-03-06,41.540000915527344,41.630001068115234,40.959999084472656,41.09000015258789,35.049400329589844,99581000
2006-03-07,41.02000045776367,41.06999969482422,40.650001525878906,40.849998474121094,34.84465789794922,96441100
2006-03-08,40.7599983215332,41.09000015258789,40.5,40.869998931884766,34.86174011230469,103961900
2006-03-09,41.0,41.150001525878906,40.470001220703125,40.52000045776367,34.56319046020508,108556700
2006-03-10,40.47999954223633,40.790000915527344,40.189998626708984,40.560001373291016,34.597293853759766,124474900
2006-03-13,40.7400016784668,40.939998626708984,40.619998931884766,40.68000030517578,34.69966125488281,69169100
2006-03-14,40.63999938964844,41.41999816894531,40.63999938964844,41.369998931884766,35.288230895996094,118201000
2006-03-15,41.529998779296875,41.720001220703125,41.31999969482422,41.720001220703125,35.586761474609375,84375800
2006-03-16,41.849998474121094,41.91999816894531,41.33000183105469,41.369998931884766,35.288230895996094,101371200
2006-03-17,41.34000015258789,41.59000015258789,41.22999954223633,41.45000076293945,35.38127517700195,78219600
2006-03-20,41.56999969482422,41.68000030517578,41.400001525878906,41.54999923706055,35.466617584228516,60240100
2006-03-21,41.11000061035156,42.0099983215332,41.08000183105469,41.11000061035156,35.09104919433594,136566000
2006-03-22,40.880001068115234,41.279998779296875,40.86000061035156,41.209999084472656,35.17640686035156,112282800
2006-03-23,41.09000015258789,41.220001220703125,40.81999969482422,41.09000015258789,35.073974609375,75158200
2006-03-24,41.22999954223633,41.5,41.02000045776367,41.29999923706055,35.25323486328125,81795500
2006-03-27,41.279998779296875,41.5099983215332,41.2400016784668,41.310001373291016,35.26177215576172,54400400
2006-03-28,41.38999938964844,41.66999816894531,40.9900016784668,41.13999938964844,35.11665344238281,100522800
2006-03-29,41.20000076293945,42.099998474121094,41.16999816894531,41.91999816894531,35.78245544433594,130669100
2006-03-30,42.0099983215332,42.29999923706055,41.790000915527344,42.04999923706055,35.8934211730957,115915600
2006-03-31,42.130001068115234,42.189998626708984,41.84000015258789,41.93000030517578,35.79098892211914,71074600
2006-04-03,42.150001525878906,42.369998931884766,41.900001525878906,41.97999954223633,35.83366012573242,80730700
2006-04-04,42.04999923706055,42.310001373291016,41.93000030517578,42.209999084472656,36.030006408691406,89952600
2006-04-05,42.29999923706055,42.66999816894531,42.209999084472656,42.61000061035156,36.371421813964844,91628200
2006-04-06,42.59000015258789,42.939998626708984,42.439998626708984,42.72999954223633,36.47385025024414,91712800
2006-04-07,42.880001068115234,43.04999923706055,42.29999923706055,42.31999969482422,36.123878479003906,116604300
2006-04-10,42.400001525878906,42.5,42.09000015258789,42.2599983215332,36.072669982910156,58981900
2006-04-11,42.38999938964844,42.43000030517578,41.709999084472656,41.91999816894531,35.78245544433594,91481900
2006-04-12,41.939998626708984,42.08000183105469,41.79999923706055,41.93000030517578,35.79098892211914,58751200
2006-04-13,41.900001525878906,42.33000183105469,41.790000915527344,42.099998474121094,35.93611145019531,63476900
2006-04-17,42.040000915527344,42.209999084472656,41.38999938964844,41.65999984741211,35.560523986816406,104072100
2006-04-18,41.77000045776367,42.560001373291016,41.77000045776367,42.459999084472656,36.24338150024414,124291700
2006-04-19,42.540000915527344,42.650001525878906,42.29999923706055,42.650001525878906,36.40556716918945,79050300
2006-04-20,42.63999938964844,42.81999969482422,42.380001068115234,42.5,36.27753829956055,81408000
2006-04-21,42.65999984741211,42.720001220703125,41.81999969482422,42.0,35.850746154785156,130181200
2006-04-24,41.95000076293945,42.06999969482422,41.720001220703125,41.959999084472656,35.81660079956055,78556400
2006-04-25,42.06999969482422,42.099998474121094,41.650001525878906,41.869998931884766,35.739768981933594,77660800
2006-04-26,41.86000061035156,42.060001373291016,41.70000076293945,41.86000061035156,35.73124694824219,82537000
2006-04-27,41.66999816894531,42.4900016784668,41.5,42.2599983215332,36.072669982910156,173950100
2006-04-28,42.0,42.220001220703125,41.779998779296875,41.849998474121094,35.72270202636719,88876600
2006-05-01,41.91999816894531,42.04999923706055,41.310001373291016,41.439998626708984,35.372745513916016,92875500
2006-05-02,41.619998931884766,41.72999954223633,41.400001525878906,41.54999923706055,35.466617584228516,85148100
2006-05-03,41.56999969482422,41.63999938964844,41.279998779296875,41.4900016784668,35.41542053222656,74971600
2006-05-04,41.529998779296875,41.9900016784668,41.529998779296875,41.83000183105469,35.705623626708984,88696800
2006-05-05,42.099998474121094,42.209999084472656,41.939998626708984,42.15999984741211,35.987327575683594,80392200
2006-05-08,42.08000183105469,42.279998779296875,42.06999969482422,42.20000076293945,36.02145004272461,45079100
2006-05-09,42.099998474121094,42.18000030517578,41.970001220703125,42.040000915527344,35.884883880615234,48528800
2006-05-10,41.93000030517578,41.97999954223633,41.54999923706055,41.66999816894531,35.56906509399414,92424200
2006-05-11,41.630001068115234,41.650001525878906,40.630001068115234,40.7400016784668,34.77522277832031,140989700
2006-05-12,40.560001373291016,40.619998931884766,40.18000030517578,40.189998626708984,34.305755615234375,153920800
2006-05-15,40.02000045776367,40.34000015258789,39.790000915527344,40.15999984741211,34.28011703491211,127896500
2006-05-16,40.16999816894531,40.2599983215332,39.77000045776367,39.86000061035156,34.02408218383789,132397500
2006-05-17,39.68000030517578,39.810001373291016,39.22999954223633,39.31999969482422,33.56314468383789,207897100
2006-05-18,39.4900016784668,39.65999984741211,39.0,39.04999923706055,33.3326301574707,139690900
2006-05-19,39.20000076293945,39.470001220703125,38.75,39.349998474121094,33.58872985839844,194306300
2006-05-22,39.0099983215332,39.2400016784668,38.619998931884766,38.970001220703125,33.264373779296875,169591800
2006-05-23,39.2599983215332,39.380001068115234,38.56999969482422,38.59000015258789,32.94000244140625,142243900
2006-05-24,38.529998779296875,39.040000915527344,38.22999954223633,38.849998474121094,33.16193771362305,234981600
2006-05-25,39.11000061035156,39.380001068115234,38.81999969482422,39.36000061035156,33.597286224365234,123510900
2006-05-26,39.45000076293945,39.58000183105469,39.22999954223633,39.4900016784668,33.70822525024414,91319600
2006-05-30,39.29999923706055,39.33000183105469,38.61000061035156,38.63999938964844,32.982696533203125,105606200
2006-05-31,38.709999084472656,39.060001373291016,38.540000915527344,38.81999969482422,33.136322021484375,137066200
2006-06-01,38.93000030517578,39.7400016784668,38.84000015258789,39.7400016784668,33.92162322998047,119357400
2006-06-02,39.959999084472656,40.0,39.310001373291016,39.63999938964844,33.836273193359375,128864100
2006-06-05,39.560001373291016,39.560001373291016,38.779998779296875,38.779998779296875,33.10218811035156,103190600
2006-06-06,38.849998474121094,38.95000076293945,38.349998474121094,38.75,33.07657241821289,127271000
2006-06-07,38.79999923706055,39.16999816894531,38.45000076293945,38.459999084472656,32.82905960083008,130754700
2006-06-08,38.27000045776367,38.560001373291016,37.4900016784668,38.400001525878906,32.77781295776367,280562200
2006-06-09,38.560001373291016,38.7400016784668,38.11000061035156,38.150001525878906,32.564422607421875,144146200
2006-06-12,38.20000076293945,38.2599983215332,37.38999938964844,37.400001525878906,31.924232482910156,145607500
2006-06-13,37.4900016784668,37.79999923706055,37.15999984741211,37.25,31.796201705932617,207099500
2006-06-14,37.36000061035156,37.709999084472656,37.20000076293945,37.630001068115234,32.12056350708008,201876800
2006-06-15,37.849998474121094,38.790000915527344,37.79999923706055,38.650001525878906,32.9912223815918,200700400
2006-06-16,38.54999923706055,38.68000030517578,38.20000076293945,38.34000015258789,32.74863052368164,120006100
2006-06-19,38.5,38.540000915527344,37.90999984741211,38.029998779296875,32.483848571777344,129450100
2006-06-20,38.09000015258789,38.47999954223633,37.939998626708984,38.08000183105469,32.52653884887695,102871700
2006-06-21,38.13999938964844,38.9900016784668,38.130001068115234,38.68000030517578,33.039058685302734,129548100
2006-06-22,38.59000015258789,38.68000030517578,37.9900016784668,38.189998626708984,32.62051773071289,143100500
2006-06-23,38.15999984741211,38.529998779296875,37.93000030517578,38.150001525878906,32.58634948730469,88050200
2006-06-26,38.16999816894531,38.38999938964844,38.06999969482422,38.25,32.671756744384766,65157700
2006-06-27,38.27000045776367,38.33000183105469,37.4900016784668,37.529998779296875,32.05674362182617,128227500
2006-06-28,37.619998931884766,37.84000015258789,37.380001068115234,37.810001373291016,32.29592514038086,91576300
2006-06-29,37.97999954223633,38.959999084472656,37.900001525878906,38.959999084472656,33.278228759765625,181997200
2006-06-30,39.119998931884766,39.13999938964844,38.68000030517578,38.77000045776367,33.115909576416016,82719200
2006-07-03,38.88999938964844,39.0,38.810001373291016,39.0,33.31237030029297,21598500
2006-07-05,38.63999938964844,38.68000030517578,38.09000015258789,38.150001525878906,32.58634948730469,93724000
2006-07-06,38.27000045776367,38.47999954223633,38.0099983215332,38.11000061035156,32.55219268798828,70615200
2006-07-07,37.900001525878906,38.16999816894531,37.56999969482422,37.689998626708984,32.19342803955078,108063300
2006-07-10,37.790000915527344,37.93000030517578,37.16999816894531,37.36000061035156,31.91156005859375,105109800
2006-07-11,37.279998779296875,37.7400016784668,37.08000183105469,37.63999938964844,32.15071105957031,136114200
2006-07-12,37.560001373291016,37.63999938964844,36.84000015258789,36.93000030517578,31.544248580932617,154458900
2006-07-13,36.63999938964844,37.040000915527344,36.310001373291016,36.310001373291016,31.014694213867188,177745500
2006-07-14,36.29999923706055,36.380001068115234,35.790000915527344,35.939998626708984,30.698644638061523,172448500
2006-07-17,35.95000076293945,36.25,35.869998931884766,36.029998779296875,30.7755126953125,134311000
2006-07-18,36.220001220703125,36.33000183105469,35.540000915527344,36.150001525878906,30.878015518188477,206964900
2006-07-19,36.119998931884766,36.83000183105469,36.09000015258789,36.619998931884766,31.279483795166016,192517600
2006-07-20,36.75,36.79999923706055,36.040000915527344,36.08000183105469,30.8182315826416,152292100
2006-07-21,35.880001068115234,35.959999084472656,35.619998931884766,35.70000076293945,30.49363899230957,119343000
2006-07-24,35.84000015258789,36.43000030517578,35.79999923706055,36.40999984741211,31.100109100341797,130269300
2006-07-25,36.4900016784668,36.7400016784668,36.2400016784668,36.619998931884766,31.279483795166016,108869600
2006-07-26,36.5099983215332,36.869998931884766,36.22999954223633,36.59000015258789,31.253835678100586,107170500
2006-07-27,36.7400016784668,37.040000915527344,36.25,36.349998474121094,31.048852920532227,99698700
2006-07-28,36.529998779296875,37.13999938964844,36.5,37.11000061035156,31.69801902770996,93556100
2006-07-31,37.08000183105469,37.31999969482422,36.88999938964844,37.099998474121094,31.689485549926758,78015300
2006-08-01,36.77000045776367,36.79999923706055,36.2599983215332,36.47999954223633,31.159883499145508,98552800
2006-08-02,36.61000061035156,37.130001068115234,36.61000061035156,36.88999938964844,31.510095596313477,87370600
2006-08-03,36.52000045776367,37.34000015258789,36.47999954223633,37.119998931884766,31.70655632019043,99205600
2006-08-04,37.45000076293945,37.630001068115234,36.619998931884766,36.95000076293945,31.561363220214844,123493800
2006-08-07,36.90999984741211,36.939998626708984,36.529998779296875,36.709999084472656,31.356334686279297,69634800
2006-08-08,36.810001373291016,36.900001525878906,36.2599983215332,36.47999954223633,31.159883499145508,124139900
2006-08-09,36.9900016784668,37.310001373291016,36.43000030517578,36.529998779296875,31.20261001586914,145342200
2006-08-10,36.43000030517578,36.880001068115234,36.310001373291016,36.790000915527344,31.4246826171875,102481300
2006-08-11,36.650001525878906,36.689998626708984,36.369998931884766,36.529998779296875,31.20261001586914,86903200
2006-08-14,36.84000015258789,37.27000045776367,36.70000076293945,36.77000045776367,31.407590866088867,109281100
2006-08-15,37.20000076293945,37.75,37.09000015258789,37.70000076293945,32.20198440551758,133712100
2006-08-16,37.97999954223633,38.61000061035156,37.84000015258789,38.59000015258789,32.96217727661133,135452100
2006-08-17,38.459999084472656,38.97999954223633,38.439998626708984,38.72999954223633,33.08176803588867,129492200
2006-08-18,38.630001068115234,38.83000183105469,38.279998779296875,38.790000915527344,33.13301467895508,97754500
2006-08-21,38.5,38.560001373291016,38.2599983215332,38.41999816894531,32.81695556640625,66668400
2006-08-22,38.36000061035156,38.810001373291016,38.20000076293945,38.43000030517578,32.82551193237305,102058600
2006-08-23,38.459999084472656,38.66999816894531,37.91999816894531,38.13999938964844,32.57781219482422,96056300
2006-08-24,38.25,38.349998474121094,37.91999816894531,38.25,32.671756744384766,78985300
2006-08-25,38.16999816894531,38.63999938964844,38.060001373291016,38.31999969482422,32.73155212402344,73572900
2006-08-28,38.290000915527344,38.790000915527344,38.2400016784668,38.61000061035156,32.979251861572266,80035000
2006-08-29,38.58000183105469,38.7599983215332,38.18000030517578,38.72999954223633,33.08176803588867,104842000
2006-08-30,38.720001220703125,39.029998779296875,38.599998474121094,38.90999984741211,33.23551559448242,75687200
2006-08-31,38.959999084472656,39.029998779296875,38.7599983215332,38.869998931884766,33.20133590698242,61207200
2006-09-01,39.08000183105469,39.209999084472656,38.900001525878906,39.08000183105469,33.38071823120117,69388500
2006-09-05,39.099998474121094,39.47999954223633,38.849998474121094,39.459999084472656,33.705318450927734,85582800
2006-09-06,39.099998474121094,39.189998626708984,38.61000061035156,38.66999816894531,33.030517578125,97888600
2006-09-07,38.54999923706055,38.900001525878906,38.36000061035156,38.4900016784668,32.87677001953125,115877400
2006-09-08,38.540000915527344,38.81999969482422,38.459999084472656,38.720001220703125,33.07319641113281,96627000
2006-09-11,38.40999984741211,39.150001525878906,38.31999969482422,38.959999084472656,33.278228759765625,142377500
2006-09-12,38.95000076293945,39.79999923706055,38.95000076293945,39.68000030517578,33.893211364746094,124102400
2006-09-13,39.709999084472656,39.97999954223633,39.630001068115234,39.95000076293945,34.123844146728516,116054300
2006-09-14,39.849998474121094,40.220001220703125,39.7599983215332,39.9900016784668,34.15802764892578,98116000
2006-09-15,40.29999923706055,40.459999084472656,40.0,40.11000061035156,34.28022766113281,137825600
2006-09-18,40.119998931884766,40.400001525878906,39.939998626708984,40.119998931884766,34.28874969482422,117806700
2006-09-19,40.220001220703125,40.25,39.52000045776367,39.849998474121094,34.058006286621094,159060800
2006-09-20,40.20000076293945,40.540000915527344,40.189998626708984,40.43000030517578,34.553707122802734,116635500
2006-09-21,40.529998779296875,40.66999816894531,40.08000183105469,40.18000030517578,34.34003829956055,121886900
2006-09-22,40.150001525878906,40.15999984741211,39.70000076293945,39.869998931884766,34.07508850097656,100996400
2006-09-25,40.040000915527344,40.65999984741211,39.68000030517578,40.56999969482422,34.67335891723633,136473400
2006-09-26,40.52000045776367,40.79999923706055,40.400001525878906,40.77000045776367,34.844276428222656,113375600
2006-09-27,40.66999816894531,40.95000076293945,40.5,40.720001220703125,34.80154037475586,113003800
2006-09-28,40.77000045776367,40.88999938964844,40.43000030517578,40.83000183105469,34.89557647705078,85943600
2006-09-29,40.900001525878906,40.93000030517578,40.619998931884766,40.650001525878906,34.74173355102539,85438200
2006-10-02,40.599998474121094,40.70000076293945,40.08000183105469,40.13999938964844,34.30586624145508,97068800
2006-10-03,40.02000045776367,40.47999954223633,39.880001068115234,40.310001373291016,34.45113754272461,116261400
2006-10-04,40.2400016784668,41.310001373291016,40.13999938964844,41.29999923706055,35.29726028442383,149209500
2006-10-05,41.29999923706055,41.560001373291016,41.18000030517578,41.5,35.46818161010742,91799900
2006-10-06,41.36000061035156,41.560001373291016,41.2400016784668,41.40999984741211,35.39126968383789,85450400
2006-10-09,41.36000061035156,41.7400016784668,41.31999969482422,41.54999923706055,35.51091766357422,62786100
2006-10-10,41.599998474121094,41.75,41.310001373291016,41.619998931884766,35.57075119018555,98181800
2006-10-11,41.43000030517578,41.83000183105469,41.16999816894531,41.540000915527344,35.502384185791016,136561300
2006-10-12,41.7599983215332,42.25,41.70000076293945,42.20000076293945,36.06644058227539,95260200
2006-10-13,42.22999954223633,42.52000045776367,42.13999938964844,42.43000030517578,36.26301956176758,80470200
2006-10-16,42.43000030517578,42.619998931884766,42.400001525878906,42.470001220703125,36.29720687866211,62017400
2006-10-17,42.16999816894531,42.20000076293945,41.7599983215332,42.0,35.8955078125,146149100
2006-10-18,42.220001220703125,42.310001373291016,41.650001525878906,41.79999923706055,35.7245979309082,120366100
2006-10-19,41.689998626708984,42.11000061035156,41.59000015258789,41.900001525878906,35.81006622314453,108198400
2006-10-20,42.040000915527344,42.08000183105469,41.63999938964844,42.0,35.8955078125,105454300
2006-10-23,41.91999816894531,42.58000183105469,41.81999969482422,42.43000030517578,36.26301956176758,126960500
2006-10-24,42.279998779296875,42.45000076293945,41.91999816894531,42.13999938964844,36.01518249511719,103541700
2006-10-25,42.15999984741211,42.52000045776367,42.04999923706055,42.43000030517578,36.26301956176758,125399500
2006-10-26,42.58000183105469,42.91999816894531,42.220001220703125,42.81999969482422,36.59636688232422,130260700
2006-10-27,42.720001220703125,42.81999969482422,42.08000183105469,42.209999084472656,36.07500076293945,129375000
2006-10-30,42.15999984741211,42.650001525878906,42.060001373291016,42.47999954223633,36.30574035644531,103899900
2006-10-31,42.560001373291016,42.7599983215332,42.310001373291016,42.58000183105469,36.39121627807617,135811800
2006-11-01,42.72999954223633,42.77000045776367,41.81999969482422,42.0,35.8955078125,148960600
2006-11-02,41.810001373291016,42.13999938964844,41.7400016784668,42.040000915527344,35.9296989440918,100216400
2006-11-03,42.099998474121094,42.189998626708984,41.61000061035156,41.93000030517578,35.83568572998047,119263300
2006-11-06,42.06999969482422,42.709999084472656,42.060001373291016,42.540000915527344,36.3570556640625,101283300
2006-11-07,42.540000915527344,43.09000015258789,42.470001220703125,42.83000183105469,36.60487365722656,139706500
2006-11-08,42.59000015258789,43.20000076293945,42.470001220703125,43.029998779296875,36.775794982910156,180245700
2006-11-09,43.2599983215332,43.349998474121094,42.66999816894531,42.83000183105469,36.60487365722656,124278000
2006-11-10,42.84000015258789,43.040000915527344,42.66999816894531,43.029998779296875,36.775794982910156,82419400
2006-11-13,43.04999923706055,43.540000915527344,43.0,43.470001220703125,37.151859283447266,89146200
2006-11-14,43.5,43.970001220703125,43.2400016784668,43.93000030517578,37.54500961303711,121962800
2006-11-15,43.9900016784668,44.400001525878906,43.91999816894531,44.11000061035156,37.6988410949707,116565900
2006-11-16,44.2599983215332,44.41999816894531,44.02000045776367,44.29999923706055,37.861228942871094,113513200
2006-11-17,44.060001373291016,44.29999923706055,43.95000076293945,44.29999923706055,37.861228942871094,95162500
2006-11-20,44.15999984741211,44.47999954223633,44.0099983215332,44.38999938964844,37.93815612792969,107184100
2006-11-21,44.41999816894531,44.5099983215332,44.25,44.45000076293945,37.98942565917969,68092200
2006-11-22,44.58000183105469,44.75,44.2599983215332,44.72999954223633,38.228729248046875,69852700
2006-11-24,44.400001525878906,44.86000061035156,44.380001068115234,44.650001525878906,38.160369873046875,51762900
2006-11-27,44.5099983215332,44.61000061035156,43.63999938964844,43.63999938964844,37.297157287597656,159506300
2006-11-28,43.5099983215332,43.84000015258789,43.34000015258789,43.77000045776367,37.408267974853516,118268400
2006-11-29,44.0,44.18000030517578,43.65999984741211,44.06999969482422,37.664642333984375,139515500
2006-11-30,44.04999923706055,44.279998779296875,43.790000915527344,44.040000915527344,37.6390266418457,123457100
2006-12-01,44.0,44.349998474121094,43.2599983215332,43.65999984741211,37.31425476074219,144559600
2006-12-04,43.790000915527344,44.47999954223633,43.790000915527344,44.2599983215332,37.82703399658203,89782400
2006-12-05,44.38999938964844,44.54999923706055,44.189998626708984,44.41999816894531,37.963775634765625,84697500
2006-12-06,44.279998779296875,44.400001525878906,44.06999969482422,44.2599983215332,37.82703399658203,78207500
2006-12-07,44.34000015258789,44.47999954223633,43.70000076293945,43.70000076293945,37.348445892333984,124936100
2006-12-08,43.560001373291016,44.2599983215332,43.470001220703125,43.900001525878906,37.51935958862305,133798700
2006-12-11,43.83000183105469,44.369998931884766,43.75,44.060001373291016,37.656124114990234,72931300
2006-12-12,44.04999923706055,44.130001068115234,43.560001373291016,43.79999923706055,37.43388748168945,110985900
2006-12-13,44.099998474121094,44.11000061035156,43.619998931884766,43.880001068115234,37.50227737426758,79035500
2006-12-14,43.970001220703125,44.56999969482422,43.939998626708984,44.369998931884766,37.921043395996094,109104200
2006-12-15,44.68000030517578,44.7599983215332,44.349998474121094,44.43000030517578,38.018619537353516,99942300
2006-12-18,44.58000183105469,44.75,43.79999923706055,43.9900016784668,37.642093658447266,121588700
2006-12-19,43.650001525878906,44.060001373291016,43.380001068115234,43.849998474121094,37.52228927612305,136535200
2006-12-20,43.900001525878906,44.11000061035156,43.66999816894531,43.689998626708984,37.38539123535156,67213400
2006-12-21,43.7400016784668,43.790000915527344,43.209999084472656,43.380001068115234,37.12013244628906,102952300
2006-12-22,43.400001525878906,43.40999984741211,42.93000030517578,42.93000030517578,36.73505401611328,92858600
2006-12-26,42.93000030517578,43.119998931884766,42.880001068115234,43.11000061035156,36.889095306396484,50848600
2006-12-27,43.209999084472656,43.400001525878906,43.099998474121094,43.33000183105469,37.07733917236328,54129200
2006-12-28,43.20000076293945,43.380001068115234,43.04999923706055,43.119998931884766,36.897647857666016,69016000
2006-12-29,43.189998626708984,43.61000061035156,43.119998931884766,43.15999984741211,36.93186569213867,75152500
2007-01-03,43.459999084472656,44.060001373291016,42.52000045776367,43.2400016784668,37.00032043457031,167689500
2007-01-04,43.29999923706055,44.209999084472656,43.150001525878906,44.060001373291016,37.70199966430664,136853500
2007-01-05,43.95000076293945,43.95000076293945,43.47999954223633,43.849998474121094,37.52228927612305,138958800
2007-01-08,43.88999938964844,44.119998931884766,43.63999938964844,43.880001068115234,37.547969818115234,106401600
2007-01-09,44.0099983215332,44.290000915527344,43.630001068115234,44.099998474121094,37.73624038696289,121577500
2007-01-10,43.959999084472656,44.65999984741211,43.81999969482422,44.619998931884766,38.181175231933594,121070100
2007-01-11,44.709999084472656,45.2400016784668,44.650001525878906,45.08000183105469,38.57480239868164,174029800
2007-01-12,45.02000045776367,45.349998474121094,44.970001220703125,45.310001373291016,38.7716064453125,104217300
2007-01-16,45.349998474121094,45.400001525878906,45.130001068115234,45.279998779296875,38.74594497680664,95690500
2007-01-17,45.09000015258789,45.290000915527344,44.83000183105469,44.90999984741211,38.4293327331543,127142600
2007-01-18,44.790000915527344,44.84000015258789,43.95000076293945,44.08000183105469,37.71910858154297,189029800
2007-01-19,43.970001220703125,44.279998779296875,43.90999984741211,44.16999816894531,37.796112060546875,127544300
2007-01-22,44.209999084472656,44.22999954223633,43.5099983215332,43.689998626708984,37.38539123535156,123441700
2007-01-23,43.65999984741211,43.97999954223633,43.5,43.58000183105469,37.2912712097168,133103600
2007-01-24,43.86000061035156,44.31999969482422,43.77000045776367,44.29999923706055,37.90735626220703,117615300
2007-01-25,44.36000061035156,44.470001220703125,43.58000183105469,43.72999954223633,37.41960906982422,158337600
2007-01-26,43.810001373291016,43.83000183105469,43.290000915527344,43.56999969482422,37.28270721435547,146284300
2007-01-29,43.459999084472656,43.90999984741211,43.400001525878906,43.61000061035156,37.31694030761719,104191500
2007-01-30,43.68000030517578,43.790000915527344,43.52000045776367,43.630001068115234,37.33403396606445,69605900
2007-01-31,43.58000183105469,44.189998626708984,43.33000183105469,44.06999969482422,37.71053695678711,157772500
2007-02-01,44.27000045776367,44.400001525878906,43.849998474121094,44.0,37.650638580322266,147365600
2007-02-02,44.119998931884766,44.25,43.939998626708984,44.15999984741211,37.78756332397461,98189200
2007-02-05,44.13999938964844,44.36000061035156,43.959999084472656,44.119998931884766,37.75334930419922,96347800
2007-02-06,44.20000076293945,44.22999954223633,43.63999938964844,44.060001373291016,37.70199966430664,121110200
2007-02-07,44.279998779296875,44.650001525878906,44.119998931884766,44.459999084472656,38.04428482055664,117823800
2007-02-08,44.400001525878906,44.599998474121094,44.22999954223633,44.45000076293945,38.035709381103516,89521900
2007-02-09,44.56999969482422,44.720001220703125,43.72999954223633,43.880001068115234,37.547969818115234,133472000
2007-02-12,43.869998931884766,43.88999938964844,43.59000015258789,43.709999084472656,37.402523040771484,126940000
2007-02-13,43.779998779296875,44.0,43.70000076293945,43.86000061035156,37.53084945678711,93648000
2007-02-14,44.040000915527344,44.709999084472656,44.040000915527344,44.599998474121094,38.16407012939453,133370000
2007-02-15,44.630001068115234,44.86000061035156,44.54999923706055,44.86000061035156,38.386558532714844,110452500
2007-02-16,44.65999984741211,44.83000183105469,44.56999969482422,44.709999084472656,38.25819396972656,72342200
2007-02-20,44.63999938964844,45.119998931884766,44.43000030517578,45.04999923706055,38.54914474487305,93629000
2007-02-21,44.91999816894531,45.209999084472656,44.83000183105469,45.189998626708984,38.6689453125,95864000
2007-02-22,45.36000061035156,45.54999923706055,45.06999969482422,45.41999816894531,38.865745544433594,116344400
2007-02-23,45.41999816894531,45.459999084472656,45.060001373291016,45.2599983215332,38.72882080078125,113467100
2007-02-26,45.47999954223633,45.5,44.7599983215332,45.040000915527344,38.540592193603516,101623700
2007-02-27,44.369998931884766,44.47999954223633,43.060001373291016,43.189998626708984,36.9575309753418,317813200
2007-02-28,43.150001525878906,43.7599983215332,42.93000030517578,43.33000183105469,37.07733917236328,214978700
2007-03-01,42.54999923706055,43.540000915527344,42.2400016784668,43.130001068115234,36.906192779541016,231806500
2007-03-02,42.779998779296875,43.13999938964844,42.470001220703125,42.47999954223633,36.3499870300293,183359400
2007-03-05,42.150001525878906,42.79999923706055,42.060001373291016,42.150001525878906,36.06761169433594,171885400
2007-03-06,42.529998779296875,42.9900016784668,42.5,42.849998474121094,36.666595458984375,155551800
2007-03-07,42.86000061035156,42.97999954223633,42.650001525878906,42.68000030517578,36.521141052246094,119979300
2007-03-08,43.130001068115234,43.2400016784668,42.84000015258789,42.970001220703125,36.7692756652832,120900700
2007-03-09,43.33000183105469,43.34000015258789,42.650001525878906,42.93000030517578,36.73505401611328,128597600
2007-03-12,42.869998931884766,43.279998779296875,42.83000183105469,43.209999084472656,36.97465896606445,81310100
2007-03-13,43.0,43.2400016784668,42.36000061035156,42.369998931884766,36.25586700439453,171231800
2007-03-14,42.43000030517578,43.0,42.099998474121094,42.9900016784668,36.78640365600586,192586700
2007-03-15,42.900001525878906,43.060001373291016,42.720001220703125,42.88999938964844,36.700836181640625,111627400
2007-03-16,42.939998626708984,43.040000915527344,42.61000061035156,42.83000183105469,36.67256546020508,108328800
2007-03-19,43.060001373291016,43.38999938964844,42.95000076293945,43.27000045776367,37.0493278503418,95913200
2007-03-20,43.2599983215332,43.59000015258789,43.209999084472656,43.58000183105469,37.314762115478516,78755700
2007-03-21,43.63999938964844,44.439998626708984,43.349998474121094,44.41999816894531,38.03396987915039,173333500
2007-03-22,44.439998626708984,44.45000076293945,44.09000015258789,44.2599983215332,37.89699172973633,114856300
2007-03-23,44.2599983215332,44.369998931884766,44.06999969482422,44.119998931884766,37.777130126953125,68530300
2007-03-26,44.13999938964844,44.31999969482422,43.630001068115234,44.29999923706055,37.931236267089844,114237300
2007-03-27,44.22999954223633,44.2400016784668,43.95000076293945,43.9900016784668,37.66580581665039,76419200
2007-03-28,43.79999923706055,44.029998779296875,43.5099983215332,43.52000045776367,37.26338195800781,142795000
2007-03-29,43.81999969482422,43.849998474121094,43.099998474121094,43.56999969482422,37.30619812011719,124407000
2007-03-30,43.560001373291016,43.869998931884766,43.220001220703125,43.529998779296875,37.27195739746094,120418700
2007-04-02,43.66999816894531,43.7599983215332,43.29999923706055,43.59000015258789,37.32331085205078,89617700
2007-04-03,43.81999969482422,44.310001373291016,43.790000915527344,44.15999984741211,37.81137466430664,105814500
2007-04-04,44.189998626708984,44.380001068115234,44.130001068115234,44.34000015258789,37.96548843383789,85147200
2007-04-05,44.290000915527344,44.58000183105469,44.22999954223633,44.560001373291016,38.15384292602539,54220200
2007-04-09,44.709999084472656,44.75,44.380001068115234,44.45000076293945,38.05967712402344,63050200
2007-04-10,44.439998626708984,44.68000030517578,44.40999984741211,44.68000030517578,38.2566032409668,76364500
2007-04-11,44.63999938964844,44.65999984741211,44.06999969482422,44.209999084472656,37.85416793823242,114012300
2007-04-12,44.13999938964844,44.619998931884766,43.95000076293945,44.560001373291016,38.15384292602539,113801300
2007-04-13,44.56999969482422,44.720001220703125,44.290000915527344,44.650001525878906,38.23092269897461,94572000
2007-04-16,44.83000183105469,45.150001525878906,44.83000183105469,45.060001373291016,38.581974029541016,72803200
2007-04-17,45.150001525878906,45.20000076293945,44.959999084472656,45.15999984741211,38.6676139831543,81852300
2007-04-18,44.93000030517578,45.22999954223633,44.83000183105469,45.0099983215332,38.53915786743164,82002500
2007-04-19,44.810001373291016,45.25,44.720001220703125,45.150001525878906,38.65904235839844,95413000
2007-04-20,45.52000045776367,45.66999816894531,45.20000076293945,45.400001525878906,38.87311935424805,122377400
2007-04-23,45.459999084472656,45.599998474121094,45.34000015258789,45.470001220703125,38.933048248291016,85303300
2007-04-24,45.630001068115234,45.83000183105469,45.33000183105469,45.70000076293945,39.129974365234375,108143700
2007-04-25,45.849998474121094,46.31999969482422,45.70000076293945,46.310001373291016,39.65227508544922,106818100
2007-04-26,46.41999816894531,46.650001525878906,46.33000183105469,46.54999923706055,39.857749938964844,99308300
2007-04-27,46.369998931884766,46.70000076293945,46.290000915527344,46.56999969482422,39.874900817871094,96536500
2007-04-30,46.4900016784668,46.529998779296875,45.91999816894531,45.959999084472656,39.35257339477539,93290500
2007-05-01,45.970001220703125,46.13999938964844,45.65999984741211,45.91999816894531,39.31833267211914,135044400
2007-05-02,46.09000015258789,46.58000183105469,46.04999923706055,46.41999816894531,39.74646759033203,91971600
2007-05-03,46.5099983215332,46.720001220703125,46.43000030517578,46.59000015258789,39.89202117919922,98003600
2007-05-04,46.77000045776367,46.88999938964844,46.41999816894531,46.630001068115234,39.926265716552734,93591800
2007-05-07,46.65999984741211,46.779998779296875,46.56999969482422,46.630001068115234,39.926265716552734,47487900
2007-05-08,46.470001220703125,46.77000045776367,46.29999923706055,46.72999954223633,40.01188659667969,95138900
2007-05-09,46.4900016784668,46.970001220703125,46.459999084472656,46.83000183105469,40.097511291503906,116021000
2007-05-10,46.66999816894531,46.779998779296875,46.06999969482422,46.189998626708984,39.54951858520508,171196300
2007-05-11,46.2400016784668,46.779998779296875,46.18000030517578,46.779998779296875,40.054683685302734,104767900
2007-05-14,46.77000045776367,46.880001068115234,46.189998626708984,46.459999084472656,39.78071212768555,118899200
2007-05-15,46.41999816894531,46.70000076293945,45.9900016784668,46.099998474121094,39.472476959228516,179438500
2007-05-16,46.20000076293945,46.560001373291016,45.90999984741211,46.54999923706055,39.857749938964844,144420500
2007-05-17,46.4900016784668,46.56999969482422,46.290000915527344,46.33000183105469,39.66938018798828,109869100
2007-05-18,46.47999954223633,46.709999084472656,46.380001068115234,46.709999084472656,39.99476623535156,104961700
2007-05-21,46.7400016784668,47.2400016784668,46.66999816894531,47.0099983215332,40.251625061035156,112831400
2007-05-22,47.040000915527344,47.279998779296875,46.869998931884766,47.04999923706055,40.28588104248047,98029100
2007-05-23,47.189998626708984,47.369998931884766,46.79999923706055,46.83000183105469,40.097511291503906,119220600
2007-05-24,46.86000061035156,47.040000915527344,45.970001220703125,46.15999984741211,39.523826599121094,206268600
2007-05-25,46.2599983215332,46.560001373291016,46.18000030517578,46.45000076293945,39.77214813232422,87143200
2007-05-29,46.5,46.86000061035156,46.40999984741211,46.810001373291016,40.080413818359375,99702400
2007-05-30,46.47999954223633,47.20000076293945,46.349998474121094,47.189998626708984,40.40575408935547,132036500
2007-05-31,47.31999969482422,47.52000045776367,47.209999084472656,47.40999984741211,40.594139099121094,109457700
2007-06-01,47.58000183105469,47.77000045776367,47.369998931884766,47.439998626708984,40.61981964111328,125089800
2007-06-04,47.27000045776367,47.63999938964844,47.2400016784668,47.58000183105469,40.73969650268555,64782700
2007-06-05,47.45000076293945,47.58000183105469,47.0,47.58000183105469,40.73969650268555,151160400
2007-06-06,47.369998931884766,47.380001068115234,46.959999084472656,47.06999969482422,40.30302810668945,183166500
2007-06-07,46.90999984741211,47.209999084472656,46.31999969482422,46.34000015258789,39.67795944213867,221373300
2007-06-08,46.31999969482422,46.93000030517578,46.15999984741211,46.90999984741211,40.1660041809082,177587800
2007-06-11,46.880001068115234,47.189998626708984,46.7599983215332,46.81999969482422,40.088951110839844,97100400
2007-06-12,46.56999969482422,47.040000915527344,46.45000076293945,46.540000915527344,39.84920120239258,153967700
2007-06-13,46.7400016784668,47.09000015258789,46.540000915527344,47.04999923706055,40.28588104248047,147985300
2007-06-14,47.099998474121094,47.4900016784668,47.09000015258789,47.36000061035156,40.55133056640625,101531900
2007-06-15,47.7599983215332,47.869998931884766,47.650001525878906,47.7599983215332,40.925785064697266,100378400
2007-06-18,47.849998474121094,47.869998931884766,47.66999816894531,47.77000045776367,40.934364318847656,75713200
2007-06-19,47.630001068115234,47.86000061035156,47.5099983215332,47.7599983215332,40.925785064697266,109621300
2007-06-20,47.83000183105469,47.91999816894531,47.2400016784668,47.310001373291016,40.540184020996094,161889500
2007-06-21,47.290000915527344,47.790000915527344,47.08000183105469,47.7400016784668,40.908660888671875,143181300
2007-06-22,47.63999938964844,47.709999084472656,47.13999938964844,47.290000915527344,40.523048400878906,153328700
2007-06-25,47.29999923706055,47.58000183105469,46.81999969482422,47.09000015258789,40.3516731262207,136602600
2007-06-26,47.310001373291016,47.31999969482422,46.7400016784668,46.81999969482422,40.12028884887695,128211900
2007-06-27,46.77000045776367,47.560001373291016,46.70000076293945,47.540000915527344,40.73727798461914,141196200
2007-06-28,47.52000045776367,47.849998474121094,47.470001220703125,47.52000045776367,40.720123291015625,116546300
2007-06-29,47.779998779296875,47.880001068115234,47.209999084472656,47.599998474121094,40.7886848449707,124794700
2007-07-02,47.709999084472656,48.04999923706055,47.68000030517578,48.029998779296875,41.157142639160156,80863100
2007-07-03,48.09000015258789,48.31999969482422,48.040000915527344,48.310001373291016,41.397098541259766,34803300
2007-07-05,48.34000015258789,48.77000045776367,48.290000915527344,48.65999984741211,41.69699478149414,73588500
2007-07-06,48.709999084472656,48.90999984741211,48.5,48.86000061035156,41.86838912963867,65804300
2007-07-09,48.900001525878906,48.97999954223633,48.720001220703125,48.88999938964844,41.89407730102539,66768800
2007-07-10,48.619998931884766,48.900001525878906,48.43000030517578,48.47999954223633,41.542747497558594,104383100
2007-07-11,48.369998931884766,48.810001373291016,48.31999969482422,48.810001373291016,41.825538635253906,99637600
2007-07-12,48.970001220703125,49.66999816894531,48.91999816894531,49.560001373291016,42.46821975708008,107667100
2007-07-13,49.630001068115234,49.970001220703125,49.56999969482422,49.900001525878906,42.75956726074219,74232200
2007-07-16,49.88999938964844,50.08000183105469,49.7599983215332,49.849998474121094,42.71673583984375,77799500
2007-07-17,49.959999084472656,50.29999923706055,49.91999816894531,50.22999954223633,43.0423469543457,124833700
2007-07-18,49.95000076293945,50.16999816894531,49.63999938964844,50.16999816894531,42.990928649902344,144915900
2007-07-19,50.40999984741211,50.65999984741211,50.310001373291016,50.31999969482422,43.11946487426758,116563800
2007-07-20,50.290000915527344,50.36000061035156,49.7400016784668,50.04999923706055,42.888099670410156,163721300
2007-07-23,50.220001220703125,50.310001373291016,49.91999816894531,50.06999969482422,42.90524673461914,107464100
2007-07-24,49.70000076293945,50.099998474121094,49.04999923706055,49.33000183105469,42.271121978759766,175496200
2007-07-25,49.58000183105469,49.66999816894531,49.060001373291016,49.400001525878906,42.33111572265625,170258700
2007-07-26,49.060001373291016,49.470001220703125,48.04999923706055,48.97999954223633,41.971221923828125,318522000
2007-07-27,48.88999938964844,49.119998931884766,47.9900016784668,47.9900016784668,41.12287902832031,246387600
2007-07-30,48.220001220703125,48.72999954223633,47.95000076293945,48.54999923706055,41.60274124145508,166517200
2007-07-31,48.970001220703125,48.9900016784668,47.43000030517578,47.529998779296875,40.72869873046875,260224500
2007-08-01,47.38999938964844,47.93000030517578,46.97999954223633,47.900001525878906,41.04575729370117,301153900
2007-08-02,47.93000030517578,48.43000030517578,47.790000915527344,48.34000015258789,41.42279815673828,177369900
2007-08-03,48.25,48.310001373291016,47.150001525878906,47.41999816894531,40.63443374633789,166048400
2007-08-06,47.470001220703125,48.02000045776367,47.029998779296875,47.970001220703125,41.10573959350586,190869100
2007-08-07,47.880001068115234,48.619998931884766,47.47999954223633,48.310001373291016,41.397098541259766,167109700
2007-08-08,48.5099983215332,49.060001373291016,48.400001525878906,48.84000015258789,41.85124588012695,164831200
2007-08-09,48.189998626708984,48.970001220703125,47.689998626708984,47.709999084472656,40.88294982910156,242418200
2007-08-10,47.20000076293945,47.83000183105469,46.630001068115234,47.279998779296875,40.51447296142578,247006400
2007-08-13,47.68000030517578,47.880001068115234,47.47999954223633,47.599998474121094,40.7886848449707,116935100
2007-08-14,47.70000076293945,47.7400016784668,46.72999954223633,46.790000915527344,40.094581604003906,153529800
2007-08-15,46.68000030517578,47.09000015258789,45.810001373291016,45.900001525878906,39.331939697265625,214854100
2007-08-16,45.529998779296875,45.90999984741211,44.38999938964844,45.45000076293945,38.94635009765625,362468700
2007-08-17,46.310001373291016,46.59000015258789,45.59000015258789,46.310001373291016,39.68328094482422,223246600
2007-08-20,46.4900016784668,46.720001220703125,46.08000183105469,46.529998779296875,39.87180709838867,144715100
2007-08-21,46.47999954223633,47.130001068115234,46.38999938964844,47.02000045776367,40.29167175292969,115027200
2007-08-22,47.380001068115234,47.70000076293945,47.27000045776367,47.65999984741211,40.84010314941406,115814100
2007-08-23,47.790000915527344,47.849998474121094,47.22999954223633,47.529998779296875,40.72869873046875,118663400
2007-08-24,47.380001068115234,48.22999954223633,47.31999969482422,48.20000076293945,41.302825927734375,88189200
2007-08-27,48.060001373291016,48.20000076293945,47.84000015258789,47.880001068115234,41.02862548828125,72490400
2007-08-28,47.599998474121094,47.70000076293945,46.709999084472656,46.7400016784668,40.051761627197266,106024800
2007-08-29,47.04999923706055,48.119998931884766,47.04999923706055,48.08000183105469,41.19999313354492,113201000
2007-08-30,47.83000183105469,48.7400016784668,47.75,48.33000183105469,41.41423416137695,138930000
2007-08-31,48.86000061035156,49.060001373291016,48.61000061035156,48.869998931884766,41.87693786621094,94687200
2007-09-04,48.93000030517578,50.0,48.90999984741211,49.68000030517578,42.57106399536133,98480900
2007-09-05,49.560001373291016,49.650001525878906,48.869998931884766,49.18000030517578,42.1425895690918,114049300
2007-09-06,49.22999954223633,49.36000061035156,48.810001373291016,49.13999938964844,42.10830307006836,99222600
2007-09-07,48.529998779296875,48.599998474121094,47.95000076293945,48.22999954223633,41.32853317260742,152438000
2007-09-10,48.619998931884766,48.75,47.810001373291016,48.20000076293945,41.302825927734375,125199400
2007-09-11,48.5099983215332,48.9900016784668,48.43000030517578,48.93000030517578,41.928367614746094,103064500
2007-09-12,48.84000015258789,49.369998931884766,48.779998779296875,48.939998626708984,41.93696212768555,93993400
2007-09-13,49.290000915527344,49.349998474121094,48.939998626708984,49.18000030517578,42.1425895690918,80807500
2007-09-14,48.79999923706055,49.310001373291016,48.72999954223633,49.220001220703125,42.1768684387207,99801200
2007-09-17,49.0,49.099998474121094,48.59000015258789,48.810001373291016,41.825538635253906,84882300
2007-09-18,49.09000015258789,50.08000183105469,48.83000183105469,50.040000915527344,42.8795280456543,151452100
2007-09-19,50.290000915527344,50.59000015258789,49.97999954223633,50.16999816894531,42.990928649902344,127025800
2007-09-20,50.060001373291016,50.2599983215332,49.91999816894531,50.029998779296875,42.8709602355957,109970600
2007-09-21,50.279998779296875,50.52000045776367,50.0099983215332,50.36000061035156,43.17616653442383,86829500
2007-09-24,50.4900016784668,50.959999084472656,50.33000183105469,50.59000015258789,43.37337112426758,107226800
2007-09-25,50.41999816894531,51.06999969482422,50.36000061035156,51.06999969482422,43.78490447998047,101102200
2007-09-26,51.36000061035156,51.5099983215332,51.119998931884766,51.31999969482422,43.99925231933594,96124600
2007-09-27,51.619998931884766,51.650001525878906,51.36000061035156,51.58000183105469,44.22214889526367,73423200
2007-09-28,51.540000915527344,51.68000030517578,51.18000030517578,51.40999984741211,44.0764045715332,75546000
2007-10-01,51.45000076293945,52.15999984741211,51.380001068115234,52.0,44.582237243652344,100404100
2007-10-02,52.040000915527344,52.060001373291016,51.720001220703125,52.0099983215332,44.59081268310547,71046000
2007-10-03,51.84000015258789,52.06999969482422,51.5,51.650001525878906,44.28215408325195,106785000
2007-10-04,51.75,51.83000183105469,51.34000015258789,51.77000045776367,44.38505554199219,84129300
2007-10-05,52.16999816894531,52.900001525878906,52.060001373291016,52.81999969482422,45.2852668762207,115674700
2007-10-08,52.79999923706055,53.15999984741211,52.709999084472656,53.150001525878906,45.56818771362305,63022400
2007-10-09,53.27000045776367,53.45000076293945,53.029998779296875,53.380001068115234,45.765380859375,93965600
2007-10-10,53.38999938964844,53.56999969482422,53.209999084472656,53.5099983215332,45.8768424987793,91777500
2007-10-11,53.790000915527344,53.939998626708984,52.279998779296875,52.65999984741211,45.14809036254883,239786700
2007-10-12,52.900001525878906,53.540000915527344,52.79999923706055,53.529998779296875,45.89399337768555,131676000
2007-10-15,53.61000061035156,53.709999084472656,52.70000076293945,53.119998931884766,45.54246139526367,121578700
2007-10-16,52.790000915527344,53.279998779296875,52.68000030517578,52.869998931884766,45.3281364440918,193676600
2007-10-17,53.619998931884766,53.65999984741211,52.68000030517578,53.54999923706055,45.911136627197266,183985200
2007-10-18,53.33000183105469,53.88999938964844,53.119998931884766,53.779998779296875,46.108306884765625,144491200
2007-10-19,53.77000045776367,53.77000045776367,52.38999938964844,52.439998626708984,44.959476470947266,245111500
2007-10-22,52.15999984741211,53.119998931884766,52.02000045776367,53.06999969482422,45.49960708618164,207052100
2007-10-23,53.61000061035156,54.209999084472656,53.34000015258789,54.18000030517578,46.45127487182617,162360600
2007-10-24,53.7400016784668,53.939998626708984,52.599998474121094,53.77000045776367,46.099735260009766,298293400
2007-10-25,53.88999938964844,53.97999954223633,52.75,53.04999923706055,45.48246383666992,233833100
2007-10-26,54.08000183105469,54.20000076293945,53.439998626708984,53.93000030517578,46.23691940307617,146690300
2007-10-29,54.189998626708984,54.33000183105469,53.84000015258789,54.150001525878906,46.42554473876953,101896600
2007-10-30,53.939998626708984,54.560001373291016,53.900001525878906,54.2599983215332,46.51985168457031,114616600
2007-10-31,54.470001220703125,55.06999969482422,54.040000915527344,55.029998779296875,47.18001174926758,148431900
2007-11-01,54.68000030517578,54.77000045776367,53.970001220703125,54.0,46.296932220458984,181974200
2007-11-02,54.41999816894531,54.54999923706055,53.599998474121094,54.41999816894531,46.657012939453125,217882900
2007-11-05,53.86000061035156,54.400001525878906,53.59000015258789,54.06999969482422,46.35694885253906,150588900
2007-11-06,54.33000183105469,54.689998626708984,53.779998779296875,54.68000030517578,46.879947662353516,131884700
2007-11-07,54.220001220703125,54.58000183105469,53.310001373291016,53.349998474121094,45.739654541015625,197908200
2007-11-08,53.13999938964844,53.33000183105469,50.79999923706055,51.72999954223633,44.35075759887695,380626400
2007-11-09,50.72999954223633,51.119998931884766,50.0,50.0,42.86753463745117,309414900
2007-11-12,49.91999816894531,50.2400016784668,48.650001525878906,48.72999954223633,41.77870178222656,283216000
2007-11-13,49.38999938964844,50.790000915527344,49.349998474121094,50.7400016784668,43.501983642578125,255625900
2007-11-14,51.38999938964844,51.439998626708984,49.900001525878906,50.09000015258789,42.94470977783203,263284100
2007-11-15,50.0,50.540000915527344,49.369998931884766,49.81999969482422,42.71322250366211,251548800
2007-11-16,50.15999984741211,50.4900016784668,49.34000015258789,50.279998779296875,43.10758590698242,263623700
2007-11-19,50.15999984741211,50.45000076293945,49.40999984741211,49.70000076293945,42.61032485961914,198651100
2007-11-20,49.959999084472656,50.779998779296875,48.93000030517578,49.900001525878906,42.78180694580078,300763600
2007-11-21,49.45000076293945,50.16999816894531,48.849998474121094,49.310001373291016,42.27596664428711,212225400
2007-11-23,49.630001068115234,49.970001220703125,49.369998931884766,49.84000015258789,42.730377197265625,46463300
2007-11-26,49.970001220703125,50.369998931884766,48.900001525878906,48.97999954223633,41.993045806884766,150352100
2007-11-27,49.400001525878906,50.04999923706055,49.099998474121094,49.959999084472656,42.83323669433594,211369300
2007-11-28,50.630001068115234,51.70000076293945,50.599998474121094,51.47999954223633,44.13641357421875,216868100
2007-11-29,51.279998779296875,51.88999938964844,51.20000076293945,51.70000076293945,44.32501220703125,172087300
2007-11-30,52.209999084472656,52.25,50.95000076293945,51.310001373291016,43.99067687988281,171417400
2007-12-03,51.09000015258789,51.529998779296875,50.81999969482422,50.880001068115234,43.62199020385742,108625700
2007-12-04,50.4900016784668,50.939998626708984,50.380001068115234,50.66999816894531,43.44195556640625,113374100
2007-12-05,51.20000076293945,52.0,51.15999984741211,51.58000183105469,44.22214889526367,137614200
2007-12-06,51.630001068115234,52.369998931884766,51.61000061035156,52.31999969482422,44.85658264160156,99724500
2007-12-07,52.290000915527344,52.540000915527344,52.08000183105469,52.33000183105469,44.865169525146484,88992300
2007-12-10,52.459999084472656,52.689998626708984,52.31999969482422,52.540000915527344,45.04520797729492,75657900
2007-12-11,52.619998931884766,52.84000015258789,51.209999084472656,51.31999969482422,43.99925231933594,167064300
2007-12-12,52.25,52.43000030517578,50.88999938964844,51.779998779296875,44.39362716674805,162975200
2007-12-13,51.33000183105469,51.630001068115234,50.97999954223633,51.5,44.15354919433594,153476200
2007-12-14,51.09000015258789,51.599998474121094,50.91999816894531,50.970001220703125,43.699161529541016,128396700
2007-12-17,50.779998779296875,50.9900016784668,49.709999084472656,49.72999954223633,42.636070251464844,134377000
2007-12-18,50.2400016784668,50.27000045776367,49.18000030517578,49.88999938964844,42.77322006225586,154251700
2007-12-19,49.88999938964844,50.20000076293945,49.61000061035156,49.880001068115234,42.7646484375,137970900
2007-12-20,50.619998931884766,50.959999084472656,50.20000076293945,50.900001525878906,43.63915252685547,167341700
2007-12-21,51.68000030517578,51.900001525878906,51.47999954223633,51.849998474121094,44.49995803833008,107573500
2007-12-24,52.0099983215332,52.400001525878906,51.95000076293945,52.2400016784668,44.834686279296875,34499800
2007-12-26,52.130001068115234,52.630001068115234,52.0,52.5,45.057830810546875,58492100
2007-12-27,52.33000183105469,52.5,51.709999084472656,51.869998931884766,44.51713943481445,65778900
2007-12-28,52.040000915527344,52.15999984741211,51.43000030517578,51.81999969482422,44.474212646484375,67545400
2007-12-31,51.56999969482422,51.68000030517578,51.209999084472656,51.220001220703125,43.95928192138672,70135600
2008-01-02,51.27000045776367,51.470001220703125,50.130001068115234,50.40999984741211,43.26408004760742,152344100
2008-01-03,50.40999984741211,50.7599983215332,50.150001525878906,50.619998931884766,43.44432830810547,114103700
2008-01-04,49.810001373291016,49.83000183105469,48.209999084472656,48.400001525878906,41.53904342651367,212617600
2008-01-07,48.400001525878906,48.599998474121094,47.43000030517578,48.16999816894531,41.34162902832031,235083600
2008-01-08,48.27000045776367,48.7599983215332,46.91999816894531,46.91999816894531,40.2688102722168,261669800
2008-01-09,47.11000061035156,47.959999084472656,46.459999084472656,47.91999816894531,41.127071380615234,254011800
2008-01-10,47.43000030517578,48.40999984741211,47.290000915527344,47.9900016784668,41.18715286254883,249958500
2008-01-11,47.72999954223633,47.77000045776367,46.70000076293945,47.04999923706055,40.38039016723633,211685200
2008-01-14,47.689998626708984,48.0099983215332,47.310001373291016,47.869998931884766,41.08414840698242,168048500
2008-01-15,47.369998931884766,47.52000045776367,46.349998474121094,46.54999923706055,39.951271057128906,241094900
2008-01-16,46.189998626708984,46.90999984741211,45.459999084472656,46.04999923706055,39.52212905883789,265625900
2008-01-17,46.2400016784668,46.58000183105469,45.20000076293945,45.40999984741211,38.972877502441406,254098800
2008-01-18,45.63999938964844,46.13999938964844,44.97999954223633,45.349998474121094,38.92136764526367,273063300
2008-01-22,42.83000183105469,44.77000045776367,42.72999954223633,44.18000030517578,37.917240142822266,325732000
2008-01-23,42.540000915527344,44.150001525878906,41.61000061035156,44.0099983215332,37.771324157714844,390129000
2008-01-24,44.189998626708984,44.93000030517578,44.060001373291016,44.90999984741211,38.543758392333984,250249100
2008-01-25,45.869998931884766,45.869998931884766,43.939998626708984,43.9900016784668,37.75417709350586,199299100
2008-01-28,44.02000045776367,44.439998626708984,43.56999969482422,44.33000183105469,38.045982360839844,163711200
2008-01-29,44.560001373291016,44.68000030517578,44.040000915527344,44.40999984741211,38.114620208740234,138520000
2008-01-30,44.25,45.31999969482422,44.18000030517578,44.369998931884766,38.08030319213867,220824400
2008-01-31,43.869998931884766,45.59000015258789,43.81999969482422,45.130001068115234,38.73255157470703,246824100
2008-02-01,45.5,45.880001068115234,44.880001068115234,45.59000015258789,39.12735366821289,161920300
2008-02-04,45.58000183105469,45.61000061035156,44.939998626708984,44.95000076293945,38.57809829711914,100209900
2008-02-05,44.16999816894531,44.599998474121094,43.63999938964844,43.66999816894531,37.47952651977539,188990400
2008-02-06,43.91999816894531,44.16999816894531,42.77000045776367,42.810001373291016,36.7414436340332,178285000
2008-02-07,42.33000183105469,43.790000915527344,42.150001525878906,43.11000061035156,36.99891662597656,286254800
2008-02-08,43.20000076293945,43.77000045776367,42.939998626708984,43.599998474121094,37.41945266723633,173781300
2008-02-11,43.77000045776367,44.220001220703125,43.540000915527344,44.06999969482422,37.82282257080078,119562300
2008-02-12,44.34000015258789,44.68000030517578,43.5099983215332,43.81999969482422,37.60829162597656,145412400
2008-02-13,44.38999938964844,44.880001068115234,44.15999984741211,44.779998779296875,38.43217086791992,148685900
2008-02-14,44.849998474121094,44.849998474121094,43.88999938964844,43.970001220703125,37.73700714111328,170868900
2008-02-15,43.72999954223633,43.97999954223633,43.45000076293945,43.81999969482422,37.60829162597656,100053300
2008-02-19,44.400001525878906,44.5,43.27000045776367,43.7400016784668,37.53961181640625,110507600
2008-02-20,43.2599983215332,44.09000015258789,43.2400016784668,43.939998626708984,37.711265563964844,137338800
2008-02-21,44.36000061035156,44.470001220703125,43.34000015258789,43.52000045776367,37.350791931152344,127857000
2008-02-22,43.66999816894531,43.689998626708984,42.599998474121094,43.68000030517578,37.48810958862305,157364700
2008-02-25,43.630001068115234,44.06999969482422,43.34000015258789,43.900001525878906,37.67694091796875,121444300
2008-02-26,43.650001525878906,44.47999954223633,43.369998931884766,44.06999969482422,37.82282257080078,148375900
2008-02-27,43.77000045776367,44.459999084472656,43.66999816894531,44.290000915527344,38.01163864135742,125682600
2008-02-28,44.119998931884766,44.529998779296875,43.95000076293945,44.119998931884766,37.86576461791992,129196700
2008-02-29,43.650001525878906,43.77000045776367,42.849998474121094,42.95000076293945,36.861595153808594,188724500
2008-03-03,42.91999816894531,42.9900016784668,42.2400016784668,42.66999816894531,36.621280670166016,132963800
2008-03-04,42.400001525878906,43.040000915527344,42.02000045776367,42.90999984741211,36.8272705078125,183851000
2008-03-05,42.9900016784668,43.540000915527344,42.75,43.119998931884766,37.00748825073242,183208300
2008-03-06,43.09000015258789,43.27000045776367,42.099998474121094,42.16999816894531,36.19216537475586,152752200
2008-03-07,41.91999816894531,42.63999938964844,41.380001068115234,42.06999969482422,36.106319427490234,242552400
2008-03-10,42.0099983215332,42.13999938964844,41.16999816894531,41.2599983215332,35.411170959472656,146801900
2008-03-11,41.86000061035156,42.849998474121094,41.5099983215332,42.83000183105469,36.75859451293945,196755300
2008-03-12,43.0,43.439998626708984,42.599998474121094,42.709999084472656,36.65562057495117,155566100
2008-03-13,42.22999954223633,43.33000183105469,41.810001373291016,43.040000915527344,36.938838958740234,208967900
2008-03-14,43.33000183105469,43.380001068115234,41.7400016784668,42.25,36.26082229614258,309589800
2008-03-17,41.290000915527344,42.0099983215332,41.04999923706055,41.47999954223633,35.59996032714844,193130600
2008-03-18,42.2400016784668,43.34000015258789,42.11000061035156,43.33000183105469,37.18775177001953,216300400
2008-03-19,43.5099983215332,43.599998474121094,42.22999954223633,42.2599983215332,36.2694091796875,216157200
2008-03-20,42.349998474121094,43.099998474121094,42.099998474121094,43.09000015258789,37.010650634765625,128397000
2008-03-24,43.279998779296875,44.7599983215332,43.279998779296875,44.58000183105469,38.290435791015625,125018000
2008-03-25,44.70000076293945,45.06999969482422,44.279998779296875,44.83000183105469,38.505165100097656,118107500
2008-03-26,44.66999816894531,44.849998474121094,44.279998779296875,44.70000076293945,38.393516540527344,124824600
2008-03-27,44.439998626708984,44.5099983215332,43.709999084472656,43.709999084472656,37.54317855834961,143868600
2008-03-28,44.02000045776367,44.34000015258789,43.33000183105469,43.4900016784668,37.354217529296875,111822300
2008-03-31,43.650001525878906,44.02000045776367,43.45000076293945,43.720001220703125,37.551780700683594,113644800
2008-04-01,44.41999816894531,45.61000061035156,44.40999984741211,45.59000015258789,39.15793991088867,137494400
2008-04-02,45.70000076293945,46.02000045776367,45.16999816894531,45.4900016784668,39.072044372558594,132486800
2008-04-03,45.290000915527344,45.90999984741211,45.13999938964844,45.59000015258789,39.15793991088867,140033800
2008-04-04,45.77000045776367,46.349998474121094,45.400001525878906,45.86000061035156,39.38986587524414,139261000
2008-04-07,46.13999938964844,46.40999984741211,45.650001525878906,45.7599983215332,39.303955078125,102297100
2008-04-08,45.40999984741211,45.720001220703125,45.18000030517578,45.40999984741211,39.00333023071289,97435200
2008-04-09,45.470001220703125,45.4900016784668,44.630001068115234,44.900001525878906,38.565284729003906,127182300
2008-04-10,44.93000030517578,45.84000015258789,44.93000030517578,45.540000915527344,39.114990234375,112773800
2008-04-11,45.02000045776367,45.099998474121094,44.119998931884766,44.279998779296875,38.03275680541992,120135400
2008-04-14,44.209999084472656,44.47999954223633,43.95000076293945,44.08000183105469,37.8609733581543,89274600
2008-04-15,44.2400016784668,44.349998474121094,43.68000030517578,44.13999938964844,37.912506103515625,124232300
2008-04-16,44.689998626708984,45.47999954223633,44.650001525878906,45.369998931884766,38.96896743774414,134027900
2008-04-17,45.41999816894531,45.470001220703125,44.97999954223633,45.27000045776367,38.88307571411133,124953100
2008-04-18,46.470001220703125,46.93000030517578,46.220001220703125,46.709999084472656,40.11990737915039,133022500
2008-04-21,46.619998931884766,47.08000183105469,46.4900016784668,47.040000915527344,40.40336608886719,83303200
2008-04-22,46.75,46.77000045776367,45.93000030517578,46.34000015258789,39.802120208740234,104689600
2008-04-23,46.68000030517578,47.060001373291016,46.27000045776367,46.849998474121094,40.240169525146484,131086200
2008-04-24,46.869998931884766,47.790000915527344,46.38999938964844,47.27000045776367,40.60092544555664,166509000
2008-04-25,47.31999969482422,47.349998474121094,46.56999969482422,47.150001525878906,40.497833251953125,121945400
2008-04-28,47.2599983215332,47.619998931884766,47.130001068115234,47.2400016784668,40.575138092041016,71244000
2008-04-29,47.150001525878906,47.7599983215332,47.060001373291016,47.599998474121094,40.88434600830078,91270600
2008-04-30,47.70000076293945,48.060001373291016,47.029998779296875,47.209999084472656,40.54936218261719,132152700
2008-05-01,47.22999954223633,48.720001220703125,47.220001220703125,48.70000076293945,41.829158782958984,143596900
2008-05-02,49.15999984741211,49.189998626708984,48.34000015258789,48.77000045776367,41.88930130004883,124990000
2008-05-05,48.77000045776367,49.029998779296875,48.400001525878906,48.630001068115234,41.769039154052734,75624700
2008-05-06,48.4900016784668,49.130001068115234,48.13999938964844,48.93000030517578,42.02671432495117,139582600
2008-05-07,48.939998626708984,49.22999954223633,47.869998931884766,48.040000915527344,41.26227569580078,140008300
2008-05-08,48.2400016784668,48.70000076293945,48.060001373291016,48.400001525878906,41.571502685546875,128058700
2008-05-09,48.040000915527344,48.459999084472656,47.900001525878906,48.209999084472656,41.408294677734375,97062000
2008-05-12,48.279998779296875,49.189998626708984,48.20000076293945,49.09000015258789,42.16414260864258,89606500
2008-05-13,49.11000061035156,49.33000183105469,48.7599983215332,49.220001220703125,42.275787353515625,85448100
2008-05-14,49.40999984741211,49.93000030517578,49.040000915527344,49.11000061035156,42.18130874633789,143598200
2008-05-15,49.119998931884766,50.02000045776367,48.97999954223633,49.970001220703125,42.91998291015625,157248900
2008-05-16,50.06999969482422,50.11000061035156,49.45000076293945,50.0099983215332,42.95433044433594,146563200
2008-05-19,50.04999923706055,50.470001220703125,49.34000015258789,49.650001525878906,42.645137786865234,140048700
2008-05-20,49.470001220703125,49.470001220703125,48.88999938964844,49.27000045776367,42.318756103515625,137163700
2008-05-21,49.33000183105469,49.599998474121094,48.02000045776367,48.18000030517578,41.382530212402344,192806700
2008-05-22,48.29999923706055,48.689998626708984,48.11000061035156,48.349998474121094,41.52855682373047,153198200
2008-05-23,48.18000030517578,48.349998474121094,47.81999969482422,48.20000076293945,41.39971160888672,121698400
2008-05-27,48.29999923706055,49.11000061035156,48.290000915527344,49.04999923706055,42.129791259765625,106984300
2008-05-28,49.279998779296875,49.36000061035156,48.75,49.25,42.30157470703125,121363000
2008-05-29,49.279998779296875,49.970001220703125,49.25,49.689998626708984,42.67947769165039,143993000
2008-05-30,49.880001068115234,50.2400016784668,49.75,50.0099983215332,42.95433044433594,94153600
2008-06-02,49.91999816894531,49.91999816894531,48.959999084472656,49.400001525878906,42.43040466308594,144359900
2008-06-03,49.59000015258789,49.900001525878906,48.66999816894531,49.130001068115234,42.19849395751953,167606900
2008-06-04,48.97999954223633,50.099998474121094,48.939998626708984,49.7599983215332,42.73960876464844,174870800
2008-06-05,49.88999938964844,50.61000061035156,49.70000076293945,50.54999923706055,43.41814041137695,126653700
2008-06-06,50.11000061035156,50.209999084472656,49.02000045776367,49.029998779296875,42.11260223388672,189136000
2008-06-09,49.130001068115234,49.189998626708984,47.95000076293945,48.77000045776367,41.88930130004883,208897300
2008-06-10,48.27000045776367,48.939998626708984,48.15999984741211,48.540000915527344,41.69172668457031,162798500
2008-06-11,48.439998626708984,48.52000045776367,47.349998474121094,47.369998931884766,40.686805725097656,170366900
2008-06-12,47.709999084472656,48.11000061035156,47.0,47.41999816894531,40.72976303100586,189913200
2008-06-13,47.709999084472656,48.470001220703125,47.459999084472656,48.369998931884766,41.54571533203125,167855000
2008-06-16,48.119998931884766,49.02000045776367,48.06999969482422,48.79999923706055,41.915061950683594,136343900
2008-06-17,48.95000076293945,49.060001373291016,48.470001220703125,48.540000915527344,41.69172668457031,122932000
2008-06-18,48.2599983215332,48.45000076293945,47.83000183105469,48.02000045776367,41.24509811401367,169338100
2008-06-19,47.93000030517578,49.0099983215332,47.61000061035156,48.77000045776367,41.88930130004883,221304200
2008-06-20,48.33000183105469,48.349998474121094,47.209999084472656,47.41999816894531,40.75817108154297,197434200
2008-06-23,47.61000061035156,47.7400016784668,46.97999954223633,47.04999923706055,40.440155029296875,131488800
2008-06-24,46.83000183105469,47.369998931884766,46.40999984741211,46.810001373291016,40.233863830566406,178293800
2008-06-25,47.0099983215332,48.0,46.939998626708984,47.56999969482422,40.887088775634766,179023400
2008-06-26,46.689998626708984,46.70000076293945,45.63999938964844,45.650001525878906,39.2368278503418,190028300
2008-06-27,45.599998474121094,45.900001525878906,44.970001220703125,45.650001525878906,39.2368278503418,181351800
2008-06-30,45.5099983215332,45.83000183105469,45.150001525878906,45.16999816894531,38.82427215576172,132912400
2008-07-01,44.810001373291016,45.86000061035156,44.68000030517578,45.810001373291016,39.37434768676758,245494300
2008-07-02,45.95000076293945,46.130001068115234,44.63999938964844,44.709999084472656,38.42888259887695,199576400
2008-07-03,44.97999954223633,45.08000183105469,44.279998779296875,44.630001068115234,38.3601188659668,123118300
2008-07-07,45.040000915527344,45.459999084472656,44.2400016784668,44.900001525878906,38.592193603515625,181011300
2008-07-08,44.95000076293945,46.0099983215332,44.77000045776367,45.970001220703125,39.51188278198242,206151200
2008-07-09,45.959999084472656,46.029998779296875,44.72999954223633,44.75,38.4632682800293,168500300
2008-07-10,44.81999969482422,45.41999816894531,44.380001068115234,45.279998779296875,38.91883087158203,238811500
2008-07-11,44.810001373291016,45.27000045776367,43.849998474121094,44.560001373291016,38.299964904785156,265514700
2008-07-14,45.13999938964844,45.18000030517578,44.06999969482422,44.22999954223633,38.01634216308594,177389800
2008-07-15,44.0099983215332,44.93000030517578,43.29999923706055,44.2400016784668,38.024898529052734,283891100
2008-07-16,44.36000061035156,45.380001068115234,43.91999816894531,45.34000015258789,38.97039794921875,186047800
2008-07-17,45.61000061035156,45.81999969482422,44.97999954223633,45.63999938964844,39.228206634521484,197555100
2008-07-18,45.13999938964844,45.16999816894531,44.59000015258789,44.59000015258789,38.32574462890625,160661000
2008-07-21,45.0,45.189998626708984,44.4900016784668,44.779998779296875,38.48902893066406,128107800
2008-07-22,44.029998779296875,44.810001373291016,43.86000061035156,44.779998779296875,38.48902893066406,152524500
2008-07-23,44.849998474121094,45.88999938964844,44.720001220703125,45.369998931884766,38.996158599853516,169259100
2008-07-24,45.58000183105469,45.61000061035156,44.650001525878906,44.689998626708984,38.41168975830078,145561000
2008-07-25,44.97999954223633,45.47999954223633,44.7599983215332,45.27000045776367,38.910213470458984,111616700
2008-07-28,45.2599983215332,45.52000045776367,44.209999084472656,44.41999816894531,38.17963409423828,124028500
2008-07-29,44.61000061035156,45.540000915527344,44.56999969482422,45.34000015258789,38.97039794921875,142290900
2008-07-30,45.470001220703125,45.81999969482422,44.880001068115234,45.56999969482422,39.16806411743164,165679900
2008-07-31,45.119998931884766,46.150001525878906,45.02000045776367,45.459999084472656,39.07353591918945,180473100
2008-08-01,45.5099983215332,45.54999923706055,44.400001525878906,44.880001068115234,38.57500457763672,180350400
2008-08-04,44.869998931884766,44.91999816894531,44.29999923706055,44.43000030517578,38.18822479248047,116298000
2008-08-05,44.88999938964844,45.970001220703125,44.84000015258789,45.93000030517578,39.47751235961914,151657400
2008-08-06,45.95000076293945,46.810001373291016,45.58000183105469,46.630001068115234,40.07913589477539,133463700
2008-08-07,46.349998474121094,46.849998474121094,46.08000183105469,46.27000045776367,39.769744873046875,152805800
2008-08-08,46.2400016784668,47.439998626708984,46.150001525878906,47.31999969482422,40.672210693359375,143121500
2008-08-11,47.29999923706055,48.279998779296875,47.13999938964844,47.75,41.04180145263672,157290100
2008-08-12,47.7400016784668,48.15999984741211,47.5099983215332,47.79999923706055,41.084774017333984,140549300
2008-08-13,47.720001220703125,48.119998931884766,47.25,47.70000076293945,40.99882125854492,169652100
2008-08-14,47.540000915527344,48.459999084472656,47.4900016784668,48.25,41.471553802490234,158069200
2008-08-15,48.33000183105469,48.56999969482422,47.959999084472656,48.15999984741211,41.39418411254883,123115900
2008-08-18,48.29999923706055,48.310001373291016,47.2599983215332,47.599998474121094,40.912872314453125,151399100
2008-08-19,47.36000061035156,47.59000015258789,46.75,47.0099983215332,40.40577697753906,155410600
2008-08-20,47.34000015258789,47.560001373291016,46.7400016784668,47.09000015258789,40.47452926635742,155466700
2008-08-21,46.7400016784668,47.08000183105469,46.380001068115234,46.869998931884766,40.28543472290039,118916200
2008-08-22,47.119998931884766,47.68000030517578,47.08000183105469,47.4900016784668,40.818336486816406,96515500
2008-08-25,47.15999984741211,47.209999084472656,46.369998931884766,46.4900016784668,39.95880126953125,128076500
2008-08-26,46.52000045776367,46.77000045776367,46.119998931884766,46.43000030517578,39.90723419189453,107225500
2008-08-27,46.45000076293945,47.09000015258789,46.290000915527344,46.72999954223633,40.165103912353516,108489900
2008-08-28,46.91999816894531,47.279998779296875,46.83000183105469,47.11000061035156,40.491722106933594,112808600
2008-08-29,46.61000061035156,47.119998931884766,45.91999816894531,46.119998931884766,39.64079666137695,133184300
2008-09-02,46.869998931884766,47.08000183105469,45.34000015258789,45.54999923706055,39.150856018066406,162277500
2008-09-03,45.45000076293945,45.63999938964844,44.790000915527344,45.119998931884766,38.78127670288086,161682900
2008-09-04,44.86000061035156,44.90999984741211,43.65999984741211,43.65999984741211,37.526405334472656,219004700
2008-09-05,43.279998779296875,43.779998779296875,42.810001373291016,43.45000076293945,37.34589385986328,247977500
2008-09-08,44.02000045776367,44.220001220703125,42.68000030517578,43.369998931884766,37.27713394165039,311065100
2008-09-09,43.349998474121094,43.790000915527344,42.349998474121094,42.45000076293945,36.486392974853516,214180600
2008-09-10,42.86000061035156,43.18000030517578,42.45000076293945,42.79999923706055,36.787208557128906,160658100
2008-09-11,42.20000076293945,43.689998626708984,42.16999816894531,43.599998474121094,37.47481918334961,203398200
2008-09-12,43.22999954223633,43.709999084472656,42.900001525878906,43.43000030517578,37.32869338989258,172094300
2008-09-15,42.400001525878906,43.290000915527344,42.029998779296875,42.08000183105469,36.16836929321289,616772300
2008-09-16,41.47999954223633,42.84000015258789,41.43000030517578,42.40999984741211,36.45199966430664,349506500
2008-09-17,41.869998931884766,42.41999816894531,40.189998626708984,40.209999084472656,34.561065673828125,340088000
2008-09-18,41.099998474121094,41.970001220703125,39.5,41.56999969482422,35.730010986328125,423934000
2008-09-19,43.77000045776367,43.83000183105469,42.099998474121094,42.900001525878906,36.898014068603516,263394000
2008-09-22,42.7400016784668,42.84000015258789,40.79999923706055,40.880001068115234,35.16064453125,164698200
2008-09-23,41.20000076293945,41.75,40.439998626708984,40.56999969482422,34.894004821777344,184011200
2008-09-24,40.810001373291016,41.2599983215332,40.52000045776367,40.849998474121094,35.13481903076172,159270800
2008-09-25,41.22999954223633,42.02000045776367,41.029998779296875,41.5,35.693885803222656,148586800
2008-09-26,40.310001373291016,41.4900016784668,40.220001220703125,41.08000183105469,35.33266067504883,182678600
2008-09-29,40.2599983215332,40.380001068115234,37.18000030517578,37.81999969482422,32.528743743896484,307954400
2008-09-30,37.720001220703125,39.29999923706055,37.599998474121094,38.90999984741211,33.46623611450195,195436700
2008-10-01,38.84000015258789,38.970001220703125,38.029998779296875,38.5,33.11360549926758,174033300
2008-10-02,38.25,38.25,36.63999938964844,36.75,31.608449935913086,192124000
2008-10-03,37.2599983215332,38.18000030517578,36.099998474121094,36.18000030517578,31.11817741394043,272116100
2008-10-06,35.2599983215332,35.529998779296875,32.90999984741211,34.86000061035156,29.982866287231445,394046600
2008-10-07,35.13999938964844,35.20000076293945,32.27000045776367,32.650001525878906,28.082059860229492,329365700
2008-10-08,31.950000762939453,34.119998931884766,31.84000015258789,32.38999938964844,27.85843276977539,452066500
2008-10-09,33.150001525878906,33.68000030517578,30.969999313354492,31.520000457763672,27.110143661499023,352433900
2008-10-10,30.520000457763672,32.47999954223633,29.3799991607666,31.31999969482422,26.938125610351562,472339100
2008-10-13,32.86000061035156,35.25,32.400001525878906,35.130001068115234,30.215085983276367,276998700
2008-10-14,36.150001525878906,36.150001525878906,33.189998626708984,33.61000061035156,28.907752990722656,341595900
2008-10-15,33.22999954223633,33.349998474121094,30.540000915527344,30.600000381469727,26.31887435913086,312088500
2008-10-16,30.809999465942383,32.27000045776367,29.25,32.2599983215332,27.746620178222656,494783500
2008-10-17,31.670000076293945,33.650001525878906,31.40999984741211,32.29999923706055,27.781024932861328,326571300
2008-10-20,32.7599983215332,33.2599983215332,31.700000762939453,33.20000076293945,28.55510902404785,232783400
2008-10-21,32.65999984741211,33.2599983215332,31.479999542236328,31.479999542236328,27.075748443603516,239932400
2008-10-22,31.3700008392334,31.600000381469727,29.709999084472656,30.610000610351562,26.32746696472168,289993600
2008-10-23,30.489999771118164,31.09000015258789,28.899999618530273,30.489999771118164,26.224262237548828,377966900
2008-10-24,28.229999542236328,30.25,28.09000015258789,29.510000228881836,25.38136100769043,322129500
2008-10-27,29.170000076293945,30.200000762939453,28.65999984741211,28.690000534057617,24.67608642578125,239302300
2008-10-28,29.68000030517578,31.8799991607666,28.850000381469727,31.860000610351562,27.402585983276367,327239500
2008-10-29,31.90999984741211,33.08000183105469,31.25,31.780000686645508,27.333770751953125,341316000
2008-10-30,32.66999816894531,33.060001373291016,31.979999542236328,32.84000015258789,28.24547004699707,255292100
2008-10-31,32.369998931884766,33.43000030517578,32.09000015258789,32.88999938964844,28.288476943969727,224261000
2008-11-03,32.810001373291016,33.290000915527344,32.5099983215332,32.81999969482422,28.228273391723633,128455500
2008-11-04,33.459999084472656,34.0099983215332,32.97999954223633,33.75,29.028148651123047,182487600
2008-11-05,33.529998779296875,33.599998474121094,31.920000076293945,31.989999771118164,27.514394760131836,183893900
2008-11-06,31.489999771118164,31.8700008392334,30.399999618530273,30.559999465942383,26.284461975097656,220677200
2008-11-07,30.920000076293945,31.479999542236328,30.59000015258789,31.190000534057617,26.82632064819336,176946200
2008-11-10,31.969999313354492,31.969999313354492,30.399999618530273,30.770000457763672,26.465076446533203,142584500
2008-11-11,30.479999542236328,30.760000228881836,29.719999313354492,30.100000381469727,25.88882064819336,162869800
2008-11-12,29.649999618530273,29.799999237060547,28.649999618530273,28.709999084472656,24.693288803100586,184946400
2008-11-13,28.610000610351562,30.530000686645508,27.280000686645508,30.459999084472656,26.198448181152344,317943900
2008-11-14,29.780000686645508,30.420000076293945,28.8700008392334,28.979999542236328,24.925506591796875,259407000
2008-11-17,28.489999771118164,29.229999542236328,28.260000228881836,28.3700008392334,24.40085792541504,202835200
2008-11-18,28.559999465942383,28.75,27.389999389648438,28.34000015258789,24.375051498413086,252661800
2008-11-19,28.399999618530273,28.780000686645508,26.790000915527344,26.860000610351562,23.10211181640625,244180600
2008-11-20,26.530000686645508,27.450000762939453,25.469999313354492,25.559999465942383,21.983997344970703,342472400
2008-11-21,26.010000228881836,26.68000030517578,25.049999237060547,26.670000076293945,22.93870735168457,282746800
2008-11-24,27.219999313354492,28.639999389648438,26.979999542236328,28.299999237060547,24.340646743774414,225058200
2008-11-25,28.610000610351562,28.639999389648438,27.520000457763672,28.170000076293945,24.228836059570312,202968700
2008-11-26,27.8799991607666,29.360000610351562,27.809999465942383,29.350000381469727,25.243749618530273,164912000
2008-11-28,29.020000457763672,29.190000534057617,28.829999923706055,29.1200008392334,25.04592514038086,41238200
2008-12-01,28.5,28.510000228881836,26.889999389648438,26.93000030517578,23.162330627441406,149161500
2008-12-02,27.299999237060547,27.889999389648438,26.84000015258789,27.829999923706055,23.936405181884766,181743000
2008-12-03,27.1299991607666,28.709999084472656,27.06999969482422,28.6200008392334,24.615877151489258,230944900
2008-12-04,28.170000076293945,28.780000686645508,27.31999969482422,27.809999465942383,23.919198989868164,188868700
2008-12-05,27.5,29.06999969482422,26.950000762939453,28.940000534057617,24.891111373901367,212283700
2008-12-08,29.59000015258789,30.459999084472656,29.440000534057617,30.079999923706055,25.871610641479492,185782500
2008-12-09,29.68000030517578,30.829999923706055,29.56999969482422,30.010000228881836,25.811397552490234,178148300
2008-12-10,30.100000381469727,30.459999084472656,29.6200008392334,29.90999984741211,25.725404739379883,162335100
2008-12-11,29.809999465942383,30.270000457763672,28.940000534057617,29.09000015258789,25.020122528076172,167161400
2008-12-12,28.690000534057617,29.860000610351562,28.469999313354492,29.68000030517578,25.527578353881836,158600100
2008-12-15,29.729999542236328,29.760000228881836,28.739999771118164,29.15999984741211,25.080333709716797,107887000
2008-12-16,29.420000076293945,30.65999984741211,29.100000381469727,30.559999465942383,26.284461975097656,169300100
2008-12-17,30.25,30.600000381469727,29.81999969482422,30.190000534057617,25.966228485107422,159813500
2008-12-18,30.190000534057617,30.399999618530273,29.360000610351562,29.65999984741211,25.510377883911133,142656400
2008-12-19,29.93000030517578,30.3700008392334,29.65999984741211,29.860000610351562,25.719680786132812,118308900
2008-12-22,29.860000610351562,29.920000076293945,28.739999771118164,29.209999084472656,25.159814834594727,95379600
2008-12-23,29.329999923706055,29.6200008392334,28.889999389648438,29.059999465942383,25.030609130859375,68764800
2008-12-24,29.200000762939453,29.209999084472656,28.979999542236328,29.139999389648438,25.099515914916992,27194700
2008-12-26,29.200000762939453,29.229999542236328,28.969999313354492,29.1299991607666,25.090904235839844,20937000
2008-12-29,29.209999084472656,29.239999771118164,28.459999084472656,28.889999389648438,24.884187698364258,52688300
2008-12-30,28.969999313354492,29.59000015258789,28.940000534057617,29.489999771118164,25.400991439819336,77089500
2008-12-31,29.459999084472656,30.079999923706055,29.450000762939453,29.739999771118164,25.61631965637207,89189700
2009-01-02,29.75,31.1299991607666,29.690000534057617,31.030000686645508,26.72745132446289,107891500
2009-01-05,30.829999923706055,31.329999923706055,30.59000015258789,31.020000457763672,26.718839645385742,91751900
2009-01-06,31.25,31.6299991607666,31.110000610351562,31.329999923706055,26.985857009887695,136791700
2009-01-07,30.729999542236328,30.899999618530273,30.190000534057617,30.440000534057617,26.219261169433594,133879800
2009-01-08,30.3799991607666,30.799999237060547,30.079999923706055,30.760000228881836,26.494888305664062,131926600
2009-01-09,30.770000457763672,30.790000915527344,29.920000076293945,30.06999969482422,25.900562286376953,117137900
2009-01-12,30.110000610351562,30.149999618530273,29.200000762939453,29.520000457763672,25.426822662353516,102726200
2009-01-13,29.510000228881836,29.979999542236328,29.18000030517578,29.530000686645508,25.43543815612793,186266700
2009-01-14,29.190000534057617,29.280000686645508,28.469999313354492,28.6299991607666,24.660232543945312,136294000
2009-01-15,28.56999969482422,29.34000015258789,28.06999969482422,29.100000381469727,25.0650691986084,192567200
2009-01-16,29.5,29.600000381469727,28.700000762939453,29.420000076293945,25.3406982421875,175478100
2009-01-20,29.299999237060547,29.43000030517578,27.959999084472656,27.959999084472656,24.083127975463867,135105800
2009-01-21,28.43000030517578,29.190000534057617,28.100000381469727,29.149999618530273,25.108123779296875,149179600
2009-01-22,28.520000457763672,29.229999542236328,28.260000228881836,28.760000228881836,24.77220344543457,200602700
2009-01-23,28.290000915527344,29.350000381469727,28.139999389648438,28.899999618530273,24.89279556274414,170164100
2009-01-26,28.940000534057617,29.59000015258789,28.75,29.110000610351562,25.07367515563965,140398700
2009-01-27,29.1200008392334,29.56999969482422,29.1200008392334,29.31999969482422,25.254552841186523,110591300
2009-01-28,29.809999465942383,30.649999618530273,29.809999465942383,30.350000381469727,26.141740798950195,139722800
2009-01-29,29.979999542236328,30.399999618530273,29.479999542236328,29.579999923706055,25.47850227355957,130731800
2009-01-30,29.799999237060547,29.93000030517578,28.940000534057617,29.059999465942383,25.030609130859375,140334200
2009-02-02,28.780000686645508,29.610000610351562,28.739999771118164,29.40999984741211,25.332075119018555,126796100
2009-02-03,29.469999313354492,30.43000030517578,29.030000686645508,29.8700008392334,25.72829818725586,120541100
2009-02-04,29.940000534057617,30.8700008392334,29.790000915527344,29.90999984741211,25.762754440307617,175780900
2009-02-05,29.479999542236328,30.770000457763672,29.459999084472656,30.56999969482422,26.33123016357422,217578900
2009-02-06,30.68000030517578,31.510000228881836,30.579999923706055,31.3700008392334,27.020309448242188,164513200
2009-02-09,31.389999389648438,31.670000076293945,31.190000534057617,31.5,27.132282257080078,98856900
2009-02-10,31.299999237060547,31.68000030517578,30.100000381469727,30.34000015258789,26.13312530517578,232795200
2009-02-11,30.3799991607666,30.530000686645508,29.729999542236328,30.200000762939453,26.01254653930664,169117200
2009-02-12,29.850000381469727,30.610000610351562,29.639999389648438,30.56999969482422,26.33123016357422,201151400
2009-02-13,30.479999542236328,30.780000686645508,30.290000915527344,30.43000030517578,26.210649490356445,145066700
2009-02-17,29.489999771118164,29.670000076293945,29.059999465942383,29.219999313354492,25.168418884277344,157783300
2009-02-18,29.40999984741211,29.670000076293945,28.8700008392334,29.239999771118164,25.18564796447754,161271900
2009-02-19,29.420000076293945,29.610000610351562,28.719999313354492,28.790000915527344,24.798051834106445,155322400
2009-02-20,28.469999313354492,29.149999618530273,28.389999389648438,28.8700008392334,24.86695671081543,210752400
2009-02-23,29.030000686645508,29.049999237060547,27.729999542236328,27.860000610351562,23.996999740600586,169473500
2009-02-24,28.010000228881836,28.979999542236328,27.959999084472656,28.780000686645508,24.7894287109375,181337300
2009-02-25,28.610000610351562,29.170000076293945,28.139999389648438,28.59000015258789,24.625776290893555,220224700
2009-02-26,28.780000686645508,28.950000762939453,27.700000762939453,27.790000915527344,23.93670082092285,211218500
2009-02-27,27.5,27.979999542236328,27.389999389648438,27.530000686645508,23.712753295898438,204492600
2009-03-02,27.1200008392334,27.510000228881836,26.469999313354492,26.639999389648438,22.946155548095703,188180400
2009-03-03,26.860000610351562,27.15999984741211,26.420000076293945,26.6200008392334,22.928932189941406,158758800
2009-03-04,27.010000228881836,27.709999084472656,26.920000076293945,27.329999923706055,23.540485382080078,164911000
2009-03-05,27.030000686645508,27.239999771118164,26.420000076293945,26.510000228881836,22.834178924560547,199626900
2009-03-06,26.649999618530273,26.809999465942383,25.709999084472656,26.299999237060547,22.653295516967773,218421600
2009-03-09,26.09000015258789,26.809999465942383,25.6299991607666,25.739999771118164,22.170948028564453,181098800
2009-03-10,26.25,27.389999389648438,26.15999984741211,27.329999923706055,23.540485382080078,175068200
2009-03-11,27.610000610351562,27.989999771118164,27.260000228881836,27.75,23.90224838256836,173094900
2009-03-12,27.729999542236328,28.760000228881836,27.440000534057617,28.670000076293945,24.694684982299805,184395100
2009-03-13,28.65999984741211,28.84000015258789,28.31999969482422,28.739999771118164,24.754972457885742,156783500
2009-03-16,28.93000030517578,28.979999542236328,28.190000534057617,28.260000228881836,24.34153938293457,190269800
2009-03-17,28.399999618530273,29.329999923706055,28.299999237060547,29.329999923706055,25.263174057006836,169773800
2009-03-18,29.209999084472656,30.200000762939453,29.079999923706055,29.700000762939453,25.581863403320312,208033900
2009-03-19,30.110000610351562,30.1299991607666,29.459999084472656,29.68000030517578,25.56464195251465,146753400
2009-03-20,29.690000534057617,30.030000686645508,28.979999542236328,29.18000030517578,25.1755313873291,149410800
2009-03-23,29.899999618530273,30.940000534057617,29.200000762939453,30.899999618530273,26.659482955932617,179499000
2009-03-24,30.639999389648438,30.8799991607666,30.309999465942383,30.329999923706055,26.167705535888672,118757600
2009-03-25,30.59000015258789,31.049999237060547,29.65999984741211,30.469999313354492,26.288509368896484,190555200
2009-03-26,30.799999237060547,31.459999084472656,30.420000076293945,31.40999984741211,27.09950065612793,182459500
2009-03-27,31.0,31.18000030517578,30.709999084472656,30.81999969482422,26.590469360351562,156108100
2009-03-30,30.299999237060547,30.31999969482422,29.6200008392334,30.059999465942383,25.934764862060547,162919700
2009-03-31,30.290000915527344,30.950000762939453,30.270000457763672,30.31999969482422,26.159086227416992,150243800
2009-04-01,29.940000534057617,30.8799991607666,29.790000915527344,30.770000457763672,26.547325134277344,137950000
2009-04-02,31.31999969482422,32.27000045776367,31.229999542236328,31.760000228881836,27.401479721069336,212272400
2009-04-03,32.09000015258789,32.400001525878906,31.829999923706055,32.349998474121094,27.910511016845703,134577300
2009-04-06,31.989999771118164,32.33000183105469,31.649999618530273,32.27000045776367,27.841474533081055,160413700
2009-04-07,31.920000076293945,31.920000076293945,31.209999084472656,31.420000076293945,27.10812759399414,147531200
2009-04-08,31.729999542236328,32.150001525878906,31.489999771118164,31.950000762939453,27.56539535522461,126126000
2009-04-09,32.54999923706055,33.0099983215332,32.43000030517578,32.939998626708984,28.419532775878906,131871500
2009-04-13,32.84000015258789,33.06999969482422,32.529998779296875,32.88999938964844,28.37639617919922,119310500
2009-04-14,32.689998626708984,32.880001068115234,32.27000045776367,32.4900016784668,28.031288146972656,124069000
2009-04-15,32.2599983215332,32.43000030517578,31.850000381469727,32.400001525878906,27.95363426208496,124808200
2009-04-16,32.849998474121094,33.43000030517578,32.5099983215332,33.2400016784668,28.678373336791992,171168000
2009-04-17,33.16999816894531,33.5,32.93000030517578,33.310001373291016,28.738759994506836,129835400
2009-04-20,32.709999084472656,32.81999969482422,32.060001373291016,32.2400016784668,27.81559944152832,123080500
2009-04-21,32.119998931884766,32.7400016784668,32.08000183105469,32.689998626708984,28.203842163085938,145490200
2009-04-22,32.5,33.529998779296875,32.38999938964844,32.790000915527344,28.290128707885742,165040500
2009-04-23,33.0,33.13999938964844,32.4900016784668,33.11000061035156,28.566205978393555,181666600
2009-04-24,33.34000015258789,33.93000030517578,33.06999969482422,33.689998626708984,29.06662368774414,141170000
2009-04-27,33.41999816894531,34.060001373291016,33.349998474121094,33.72999954223633,29.101112365722656,120749100
2009-04-28,33.52000045776367,33.90999984741211,33.36000061035156,33.47999954223633,28.885427474975586,108968000
2009-04-29,33.75,34.400001525878906,33.70000076293945,33.939998626708984,29.28230857849121,141413600
2009-04-30,34.38999938964844,34.900001525878906,34.040000915527344,34.279998779296875,29.575632095336914,144120400
2009-05-01,34.27000045776367,34.540000915527344,34.0099983215332,34.369998931884766,29.653287887573242,100112000
2009-05-04,34.68000030517578,35.09000015258789,34.52000045776367,35.04999923706055,30.23996925354004,119317400
2009-05-05,34.9900016784668,35.060001373291016,34.630001068115234,35.02000045776367,30.21408462524414,113569500
2009-05-06,35.290000915527344,35.34000015258789,34.459999084472656,35.029998779296875,30.222726821899414,178840500
2009-05-07,35.27000045776367,35.27000045776367,33.880001068115234,34.209999084472656,29.5152530670166,216484700
2009-05-08,34.470001220703125,34.7400016784668,33.880001068115234,34.22999954223633,29.532506942749023,183507300
2009-05-11,33.790000915527344,34.720001220703125,33.68000030517578,34.349998474121094,29.636032104492188,142775900
2009-05-12,34.41999816894531,34.47999954223633,33.52000045776367,33.93000030517578,29.2736759185791,147842200
2009-05-13,33.630001068115234,33.650001525878906,32.959999084472656,33.02000045776367,28.48856544494629,175548300
2009-05-14,33.099998474121094,33.70000076293945,33.08000183105469,33.38999938964844,28.807769775390625,140021700
2009-05-15,33.34000015258789,33.81999969482422,33.22999954223633,33.369998931884766,28.7905216217041,121326400
2009-05-18,33.599998474121094,34.279998779296875,33.38999938964844,34.2400016784668,29.541122436523438,114333400
2009-05-19,34.15999984741211,34.7400016784668,33.95000076293945,34.400001525878906,29.67918586730957,129086400
2009-05-20,34.529998779296875,35.040000915527344,34.18000030517578,34.279998779296875,29.575632095336914,131873700
2009-05-21,34.02000045776367,34.2599983215332,33.310001373291016,33.650001525878906,29.032102584838867,139253200
2009-05-22,33.779998779296875,33.970001220703125,33.31999969482422,33.540000915527344,28.937191009521484,83510600
2009-05-26,33.25,34.83000183105469,33.18000030517578,34.790000915527344,30.015657424926758,144857200
2009-05-27,34.689998626708984,35.189998626708984,34.43000030517578,34.54999923706055,29.8085880279541,121348800
2009-05-28,34.7599983215332,35.06999969482422,34.209999084472656,34.95000076293945,30.153701782226562,118931300
2009-05-29,34.970001220703125,35.5,34.7599983215332,35.380001068115234,30.524690628051758,111535700
2009-06-01,35.7599983215332,36.5,35.61000061035156,36.38999938964844,31.396068572998047,119126200
2009-06-02,36.189998626708984,36.790000915527344,36.11000061035156,36.439998626708984,31.439220428466797,126858600
2009-06-03,36.33000183105469,36.369998931884766,35.93000030517578,36.33000183105469,31.344314575195312,93329800
2009-06-04,36.40999984741211,36.790000915527344,36.34000015258789,36.7400016784668,31.69806480407715,89280600
2009-06-05,36.959999084472656,37.08000183105469,36.41999816894531,36.779998779296875,31.732566833496094,121958800
2009-06-08,36.54999923706055,36.95000076293945,36.119998931884766,36.66999816894531,31.637651443481445,89194100
2009-06-09,36.84000015258789,37.16999816894531,36.66999816894531,36.95000076293945,31.879241943359375,109187800
2009-06-10,37.15999984741211,37.16999816894531,36.290000915527344,36.81999969482422,31.7670841217041,133404700
2009-06-11,36.77000045776367,37.22999954223633,36.75,36.81999969482422,31.7670841217041,147909800
2009-06-12,36.66999816894531,36.720001220703125,36.20000076293945,36.650001525878906,31.62041664123535,109452500
2009-06-15,36.29999923706055,36.33000183105469,35.58000183105469,35.900001525878906,30.973337173461914,112152900
2009-06-16,36.040000915527344,36.189998626708984,35.52000045776367,35.54999923706055,30.671367645263672,110550300
2009-06-17,35.70000076293945,36.209999084472656,35.45000076293945,35.88999938964844,30.964704513549805,153421800
2009-06-18,35.83000183105469,36.060001373291016,35.56999969482422,35.81999969482422,30.904298782348633,126266700
2009-06-19,36.04999923706055,36.36000061035156,35.90999984741211,36.15999984741211,31.236026763916016,122044700
2009-06-22,35.83000183105469,35.88999938964844,35.02000045776367,35.08000183105469,30.303068161010742,137714900
2009-06-23,35.18000030517578,35.2599983215332,34.77000045776367,35.0,30.233970642089844,114903100
2009-06-24,35.29999923706055,35.869998931884766,35.279998779296875,35.59000015258789,30.74363899230957,103314600
2009-06-25,35.36000061035156,36.36000061035156,35.279998779296875,36.290000915527344,31.348310470581055,112538200
2009-06-26,36.119998931884766,36.5,36.04999923706055,36.369998931884766,31.41741180419922,87677300
2009-06-29,36.470001220703125,36.75,36.119998931884766,36.45000076293945,31.48653221130371,93817600
2009-06-30,36.54999923706055,36.72999954223633,36.11000061035156,36.380001068115234,31.42605972290039,97843000
2009-07-01,36.560001373291016,36.84000015258789,36.38999938964844,36.400001525878906,31.443334579467773,85976000
2009-07-02,36.09000015258789,36.099998474121094,35.5,35.599998474121094,30.752273559570312,113309800
2009-07-06,35.380001068115234,35.540000915527344,35.040000915527344,35.40999984741211,30.588146209716797,107632500
2009-07-07,35.41999816894531,35.4900016784668,34.5099983215332,34.529998779296875,29.827966690063477,149773000
2009-07-08,34.7400016784668,34.869998931884766,34.29999923706055,34.709999084472656,29.98347282409668,152776400
2009-07-09,34.84000015258789,35.0099983215332,34.650001525878906,34.77000045776367,30.03528594970703,97851500
2009-07-10,34.66999816894531,35.13999938964844,34.560001373291016,34.91999816894531,30.164873123168945,108482000
2009-07-13,34.95000076293945,35.599998474121094,34.47999954223633,35.59000015258789,30.74363899230957,127140300
2009-07-14,35.54999923706055,35.790000915527344,35.400001525878906,35.720001220703125,30.855928421020508,115631700
2009-07-15,36.31999969482422,36.93000030517578,36.13999938964844,36.91999816894531,31.892518997192383,160869700
2009-07-16,36.75,37.439998626708984,36.720001220703125,37.36000061035156,32.272605895996094,120142500
2009-07-17,37.349998474121094,37.56999969482422,37.16999816894531,37.560001373291016,32.445377349853516,104906500
2009-07-20,37.7599983215332,38.0,37.61000061035156,37.91999816894531,32.7563362121582,97168800
2009-07-21,38.06999969482422,38.18000030517578,37.63999938964844,38.18000030517578,32.98094940185547,130587600
2009-07-22,38.209999084472656,38.689998626708984,38.130001068115234,38.5,33.25737380981445,113808600
2009-07-23,38.459999084472656,39.4900016784668,38.38999938964844,39.349998474121094,33.99161148071289,160239300
2009-07-24,38.93000030517578,39.369998931884766,38.779998779296875,39.04999923706055,33.73246383666992,109312300
2009-07-27,39.33000183105469,39.40999984741211,38.869998931884766,39.349998474121094,33.99161148071289,94718600
2009-07-28,39.18000030517578,39.59000015258789,38.93000030517578,39.08000183105469,33.75840759277344,111564300
2009-07-29,39.31999969482422,39.43000030517578,39.0,39.34000015258789,33.98299026489258,126538200
2009-07-30,39.75,40.18000030517578,39.5099983215332,39.56999969482422,34.181671142578125,108969900
2009-07-31,39.56999969482422,39.849998474121094,39.40999984741211,39.45000076293945,34.0780143737793,78208300
2009-08-03,39.869998931884766,40.060001373291016,39.63999938964844,40.040000915527344,34.58767318725586,111722800
2009-08-04,39.849998474121094,40.189998626708984,39.77000045776367,40.040000915527344,34.58767318725586,100690800
2009-08-05,40.130001068115234,40.13999938964844,39.459999084472656,39.72999954223633,34.31987380981445,118093000
2009-08-06,39.81999969482422,39.93000030517578,39.2400016784668,39.380001068115234,34.017547607421875,116937500
2009-08-07,39.91999816894531,40.06999969482422,39.59000015258789,39.880001068115234,34.44944381713867,107442100
2009-08-10,39.7400016784668,39.849998474121094,39.34000015258789,39.599998474121094,34.20758056640625,87163200
2009-08-11,39.470001220703125,39.5,39.04999923706055,39.2599983215332,33.91387939453125,91922700
2009-08-12,39.22999954223633,40.220001220703125,39.20000076293945,39.869998931884766,34.44081115722656,147240000
2009-08-13,40.11000061035156,40.15999984741211,39.63999938964844,40.09000015258789,34.630859375,110107000
2009-08-14,39.869998931884766,39.959999084472656,39.279998779296875,39.630001068115234,34.23349380493164,124480200
2009-08-17,38.959999084472656,39.0099983215332,38.459999084472656,38.47999954223633,33.240081787109375,131797200
2009-08-18,38.720001220703125,39.11000061035156,38.61000061035156,39.029998779296875,33.715206146240234,84496200
2009-08-19,38.56999969482422,39.400001525878906,38.540000915527344,39.29999923706055,33.948429107666016,88036300
2009-08-20,39.279998779296875,39.84000015258789,39.20000076293945,39.7599983215332,34.34579849243164,81473500
2009-08-21,39.9900016784668,40.36000061035156,39.7400016784668,40.290000915527344,34.803627014160156,114660200
2009-08-24,40.36000061035156,40.56999969482422,40.099998474121094,40.25,34.7690544128418,109904900
2009-08-25,40.34000015258789,40.7599983215332,40.25,40.369998931884766,34.87273025512695,92900400
2009-08-26,40.279998779296875,40.599998474121094,40.08000183105469,40.29999923706055,34.812259674072266,96407500
2009-08-27,40.290000915527344,40.470001220703125,39.66999816894531,40.400001525878906,34.898677825927734,121957800
2009-08-28,40.900001525878906,41.08000183105469,40.15999984741211,40.439998626708984,34.93320083618164,114300900
2009-08-31,40.13999938964844,40.20000076293945,39.790000915527344,40.029998779296875,34.57902145385742,96415300
2009-09-01,39.88999938964844,40.59000015258789,39.15999984741211,39.279998779296875,33.93117141723633,162958900
2009-09-02,39.06999969482422,39.470001220703125,39.040000915527344,39.25,33.905242919921875,92757200
2009-09-03,39.439998626708984,39.56999969482422,39.02000045776367,39.5099983215332,34.12982940673828,76783100
2009-09-04,39.58000183105469,40.380001068115234,39.52000045776367,40.36000061035156,34.86408615112305,74866600
2009-09-08,40.68000030517578,40.779998779296875,40.459999084472656,40.7400016784668,35.192352294921875,71024400
2009-09-09,40.77000045776367,41.290000915527344,40.59000015258789,41.09000015258789,35.49467849731445,99280800
2009-09-10,41.11000061035156,41.529998779296875,41.0,41.47999954223633,35.83158493041992,99289100
2009-09-11,41.5099983215332,41.619998931884766,41.220001220703125,41.52000045776367,35.86613464355469,93868400
2009-09-14,41.25,41.709999084472656,41.209999084472656,41.68000030517578,36.00434112548828,90435600
2009-09-15,41.650001525878906,41.95000076293945,41.56999969482422,41.810001373291016,36.11663818359375,91594600
2009-09-16,42.0,42.47999954223633,41.84000015258789,42.41999816894531,36.643585205078125,96888500
2009-09-17,42.310001373291016,42.65999984741211,42.209999084472656,42.40999984741211,36.63493347167969,102169600
2009-09-18,42.540000915527344,42.619998931884766,42.209999084472656,42.439998626708984,36.69632339477539,87444200
2009-09-21,42.20000076293945,42.70000076293945,42.15999984741211,42.56999969482422,36.808746337890625,71351400
2009-09-22,42.810001373291016,42.83000183105469,42.439998626708984,42.650001525878906,36.87791061401367,75638400
2009-09-23,42.83000183105469,43.16999816894531,42.380001068115234,42.45000076293945,36.70496368408203,143924100
2009-09-24,42.619998931884766,42.689998626708984,41.77000045776367,42.06999969482422,36.37638473510742,111016400
2009-09-25,41.7599983215332,42.09000015258789,41.58000183105469,41.70000076293945,36.05647659301758,109216000
2009-09-28,41.93000030517578,42.65999984741211,41.88999938964844,42.40999984741211,36.67039489746094,84478500
2009-09-29,42.40999984741211,42.619998931884766,42.029998779296875,42.220001220703125,36.50609588623047,106686400
2009-09-30,42.38999938964844,42.599998474121094,41.599998474121094,42.25,36.53205490112305,173102700
2009-10-01,42.099998474121094,42.130001068115234,41.0,41.0,35.45122528076172,140119100
2009-10-02,40.720001220703125,41.25,40.720001220703125,40.880001068115234,35.347450256347656,145286400
2009-10-05,41.09000015258789,41.400001525878906,40.83000183105469,41.209999084472656,35.63277816772461,97054200
2009-10-06,41.439998626708984,42.13999938964844,41.41999816894531,41.939998626708984,36.26399230957031,124628000
2009-10-07,41.88999938964844,42.08000183105469,41.77000045776367,42.060001373291016,36.36776351928711,93787600
2009-10-08,42.310001373291016,42.619998931884766,42.13999938964844,42.2400016784668,36.52339172363281,107850400
2009-10-09,42.150001525878906,42.54999923706055,42.060001373291016,42.47999954223633,36.730918884277344,62828000
2009-10-12,42.650001525878906,42.869998931884766,42.279998779296875,42.56999969482422,36.808746337890625,53221900
2009-10-13,42.529998779296875,42.75,42.369998931884766,42.58000183105469,36.81739044189453,70939300
2009-10-14,43.11000061035156,43.209999084472656,42.849998474121094,43.15999984741211,37.31888198852539,91004900
2009-10-15,42.93000030517578,43.119998931884766,42.869998931884766,43.060001373291016,37.23241424560547,85772800
2009-10-16,42.900001525878906,42.9900016784668,42.47999954223633,42.779998779296875,36.99031448364258,111859300
2009-10-19,42.810001373291016,43.27000045776367,42.59000015258789,43.209999084472656,37.36210632324219,83512000
2009-10-20,43.459999084472656,43.459999084472656,42.939998626708984,43.220001220703125,37.37077713012695,89847900
2009-10-21,43.209999084472656,43.81999969482422,43.060001373291016,43.13999938964844,37.30158615112305,110397400
2009-10-22,43.060001373291016,43.4900016784668,42.790000915527344,43.310001373291016,37.44859313964844,85871800
2009-10-23,43.72999954223633,43.72999954223633,43.02000045776367,43.130001068115234,37.29295349121094,117020400
2009-10-26,43.20000076293945,43.7599983215332,42.790000915527344,42.9900016784668,37.171897888183594,107068600
2009-10-27,42.93000030517578,43.11000061035156,42.18000030517578,42.34000015258789,36.609867095947266,121438200
2009-10-28,42.189998626708984,42.31999969482422,41.29999923706055,41.38999938964844,35.78842544555664,143553600
2009-10-29,41.630001068115234,42.189998626708984,41.540000915527344,42.09000015258789,36.39369201660156,85207600
2009-10-30,42.060001373291016,42.150001525878906,40.91999816894531,40.959999084472656,35.416622161865234,162796500
2009-11-02,41.0,41.56999969482422,40.63999938964844,41.130001068115234,35.56361389160156,142456600
2009-11-03,40.90999984741211,41.31999969482422,40.84000015258789,41.2599983215332,35.6760139465332,95107000
2009-11-04,41.529998779296875,41.869998931884766,41.279998779296875,41.33000183105469,35.73655700683594,107970600
2009-11-05,41.810001373291016,42.400001525878906,41.779998779296875,42.349998474121094,36.618492126464844,135204800
2009-11-06,42.119998931884766,42.650001525878906,42.08000183105469,42.599998474121094,36.83467483520508,96312300
2009-11-09,42.93000030517578,43.52000045776367,42.880001068115234,43.5099983215332,37.621517181396484,101620800
2009-11-10,43.459999084472656,43.77000045776367,43.400001525878906,43.619998931884766,37.71662521362305,72846500
2009-11-11,43.95000076293945,44.13999938964844,43.61000061035156,43.900001525878906,37.958717346191406,84676200
2009-11-12,43.93000030517578,44.15999984741211,43.54999923706055,43.650001525878906,37.742584228515625,92426100
2009-11-13,43.779998779296875,44.13999938964844,43.630001068115234,44.0099983215332,38.053836822509766,87959500
2009-11-16,44.20000076293945,44.650001525878906,44.119998931884766,44.459999084472656,38.44294357299805,87776100
2009-11-17,44.34000015258789,44.599998474121094,44.25,44.599998474121094,38.56398391723633,81884000
2009-11-18,44.459999084472656,44.4900016784668,44.04999923706055,44.349998474121094,38.34784698486328,100240800
2009-11-19,44.04999923706055,44.08000183105469,43.349998474121094,43.65999984741211,37.75123596191406,114558000
2009-11-20,43.43000030517578,43.54999923706055,43.279998779296875,43.439998626708984,37.560997009277344,70912100
2009-11-23,43.88999938964844,44.400001525878906,43.86000061035156,44.13999938964844,38.166236877441406,91621500
2009-11-24,44.119998931884766,44.150001525878906,43.72999954223633,43.9900016784668,38.036556243896484,60670000
2009-11-25,44.13999938964844,44.220001220703125,44.0099983215332,44.18000030517578,38.200843811035156,37630100
2009-11-27,42.970001220703125,43.83000183105469,42.900001525878906,43.5099983215332,37.621517181396484,61230000
2009-11-30,43.40999984741211,43.619998931884766,43.11000061035156,43.560001373291016,37.66475296020508,84819400
2009-12-01,43.88999938964844,44.29999923706055,43.880001068115234,44.0099983215332,38.053836822509766,81817800
2009-12-02,44.15999984741211,44.4900016784668,43.97999954223633,44.06999969482422,38.1057243347168,81653600
2009-12-03,44.22999954223633,44.5,43.880001068115234,43.88999938964844,37.95011520385742,72460400
2009-12-04,44.45000076293945,44.72999954223633,43.65999984741211,44.119998931884766,38.14896774291992,125062600
2009-12-07,44.09000015258789,44.290000915527344,43.81999969482422,43.90999984741211,37.96738052368164,67471900
2009-12-08,43.65999984741211,44.0,43.36000061035156,43.63999938964844,37.73392868041992,86621400
2009-12-09,43.599998474121094,44.119998931884766,43.31999969482422,44.08000183105469,38.114376068115234,78820500
2009-12-10,44.27000045776367,44.540000915527344,44.2400016784668,44.29999923706055,38.30459213256836,76722400
2009-12-11,44.540000915527344,44.59000015258789,43.95000076293945,44.130001068115234,38.15760803222656,66643700
2009-12-14,44.43000030517578,44.599998474121094,44.189998626708984,44.54999923706055,38.52076721191406,47965500
2009-12-15,44.40999984741211,44.66999816894531,44.16999816894531,44.29999923706055,38.30459213256836,61171100
2009-12-16,44.470001220703125,44.70000076293945,44.290000915527344,44.36000061035156,38.356483459472656,61629700
2009-12-17,44.15999984741211,44.209999084472656,43.7599983215332,43.81999969482422,37.88957214355469,90440900
2009-12-18,44.15999984741211,44.47999954223633,44.0,44.459999084472656,38.50709915161133,96442600
2009-12-21,44.689998626708984,45.130001068115234,44.66999816894531,44.959999084472656,38.94015884399414,82357400
2009-12-22,45.11000061035156,45.290000915527344,45.029998779296875,45.22999954223633,39.17399597167969,51569100
2009-12-23,45.31999969482422,45.56999969482422,45.209999084472656,45.560001373291016,39.45981979370117,73932200
2009-12-24,45.61000061035156,45.97999954223633,45.599998474121094,45.97999954223633,39.823570251464844,31770400
2009-12-28,46.09000015258789,46.29999923706055,45.939998626708984,46.220001220703125,40.03144454956055,49381400
2009-12-29,46.22999954223633,46.25,45.9900016784668,46.029998779296875,39.866878509521484,32410200
2009-12-30,45.97999954223633,46.2599983215332,45.959999084472656,46.16999816894531,39.98812484741211,57612700
2009-12-31,46.2599983215332,46.279998779296875,45.75,45.75,39.624366760253906,50079200
2010-01-04,46.33000183105469,46.4900016784668,46.27000045776367,46.41999816894531,40.20466232299805,62822800
2010-01-05,46.38999938964844,46.5,46.15999984741211,46.41999816894531,40.20466232299805,62935600
2010-01-06,46.400001525878906,46.54999923706055,46.06999969482422,46.13999938964844,39.9621696472168,96033000
2010-01-07,46.209999084472656,46.27000045776367,45.91999816894531,46.16999816894531,39.98812484741211,77094100
2010-01-08,46.06999969482422,46.54999923706055,45.93000030517578,46.54999923706055,40.317256927490234,88886600
2010-01-11,46.61000061035156,46.63999938964844,46.119998931884766,46.36000061035156,40.152713775634766,104673400
2010-01-12,46.08000183105469,46.13999938964844,45.529998779296875,45.779998779296875,39.65034103393555,90673900
2010-01-13,45.91999816894531,46.4900016784668,45.61000061035156,46.349998474121094,40.14403533935547,100661000
2010-01-14,46.2599983215332,46.52000045776367,46.220001220703125,46.38999938964844,40.178680419921875,75209000
2010-01-15,46.470001220703125,46.54999923706055,45.650001525878906,45.849998474121094,39.71098709106445,126849300
2010-01-19,45.959999084472656,46.63999938964844,45.95000076293945,46.59000015258789,40.351924896240234,84388200
2010-01-20,46.2599983215332,46.599998474121094,45.43000030517578,45.91999816894531,39.77159881591797,145680000
2010-01-21,46.04999923706055,46.349998474121094,45.29999923706055,45.4900016784668,39.39918899536133,204939600
2010-01-22,45.34000015258789,45.47999954223633,44.040000915527344,44.15999984741211,38.24726867675781,171098700
2010-01-25,44.43000030517578,44.599998474121094,44.119998931884766,44.310001373291016,38.37717819213867,154218700
2010-01-26,44.2599983215332,44.88999938964844,44.04999923706055,44.349998474121094,38.41182327270508,140816500
2010-01-27,44.27000045776367,44.849998474121094,44.0099983215332,44.70000076293945,38.714962005615234,161632700
2010-01-28,44.400001525878906,44.43000030517578,43.31999969482422,43.54999923706055,37.71894836425781,221439800
2010-01-29,43.90999984741211,44.02000045776367,42.630001068115234,42.790000915527344,37.06069564819336,212099600
2010-02-01,42.900001525878906,43.279998779296875,42.880001068115234,43.2599983215332,37.4677619934082,136827100
2010-02-02,43.33000183105469,43.779998779296875,43.029998779296875,43.650001525878906,37.80556106567383,110727700
2010-02-03,43.439998626708984,43.970001220703125,43.41999816894531,43.88999938964844,38.01341247558594,93581600
2010-02-04,43.56999969482422,43.65999984741211,42.619998931884766,42.619998931884766,36.91345977783203,151652500
2010-02-05,42.72999954223633,43.02000045776367,42.119998931884766,42.97999954223633,37.22525405883789,213618600
2010-02-08,42.90999984741211,43.18000030517578,42.63999938964844,42.66999816894531,36.9567756652832,94354400
2010-02-09,43.18000030517578,43.5099983215332,42.7599983215332,43.11000061035156,37.33785629272461,118956000
2010-02-10,43.11000061035156,43.310001373291016,42.75,43.02000045776367,37.25992202758789,94102900
2010-02-11,43.029998779296875,43.790000915527344,42.7599983215332,43.66999816894531,37.822872161865234,93050800
2010-02-12,43.279998779296875,43.880001068115234,43.15999984741211,43.7599983215332,37.900821685791016,93938500
2010-02-16,44.08000183105469,44.349998474121094,43.849998474121094,44.31999969482422,38.38584899902344,83861400
2010-02-17,44.52000045776367,44.56999969482422,44.2599983215332,44.56999969482422,38.60236358642578,82691700
2010-02-18,44.540000915527344,44.93000030517578,44.45000076293945,44.849998474121094,38.84488296508789,65752600
2010-02-19,44.72999954223633,45.04999923706055,44.619998931884766,44.83000183105469,38.82756805419922,80416500
2010-02-22,45.0099983215332,45.029998779296875,44.560001373291016,44.7400016784668,38.749610900878906,72055000
2010-02-23,44.709999084472656,44.7400016784668,43.95000076293945,44.15999984741211,38.24726867675781,95814400
2010-02-24,44.38999938964844,44.790000915527344,44.31999969482422,44.61000061035156,38.63702392578125,86591000
2010-02-25,44.13999938964844,44.70000076293945,43.83000183105469,44.599998474121094,38.62833786010742,97961300
2010-02-26,44.59000015258789,44.86000061035156,44.400001525878906,44.7599983215332,38.766929626464844,66222400
2010-03-01,44.959999084472656,45.4900016784668,44.95000076293945,45.40999984741211,39.329898834228516,77290100
2010-03-02,45.56999969482422,45.849998474121094,45.45000076293945,45.54999923706055,39.45115280151367,76368500
2010-03-03,45.65999984741211,45.81999969482422,45.43000030517578,45.599998474121094,39.49445343017578,65735500
2010-03-04,45.630001068115234,45.810001373291016,45.400001525878906,45.75,39.624366760253906,54470900
2010-03-05,46.09000015258789,46.540000915527344,45.9900016784668,46.439998626708984,40.221981048583984,68136300
2010-03-08,46.459999084472656,46.63999938964844,46.439998626708984,46.529998779296875,40.2999382019043,58712400
2010-03-09,46.43000030517578,47.04999923706055,46.400001525878906,46.790000915527344,40.525123596191406,98002800
2010-03-10,46.81999969482422,47.279998779296875,46.79999923706055,47.16999816894531,40.8542366027832,102578900
2010-03-11,47.060001373291016,47.349998474121094,46.97999954223633,47.349998474121094,41.01014709472656,67510300
2010-03-12,47.5,47.529998779296875,47.099998474121094,47.36000061035156,41.018802642822266,64068300
2010-03-15,47.2599983215332,47.380001068115234,46.90999984741211,47.2400016784668,40.914886474609375,60150500
2010-03-16,47.38999938964844,47.61000061035156,47.22999954223633,47.540000915527344,41.174720764160156,74950600
2010-03-17,47.61000061035156,47.900001525878906,47.529998779296875,47.66999816894531,41.28728485107422,75643500
2010-03-18,47.709999084472656,47.880001068115234,47.599998474121094,47.83000183105469,41.425872802734375,77829400
2010-03-19,47.91999816894531,47.95000076293945,47.31999969482422,47.4900016784668,41.17530822753906,86337100
2010-03-22,47.29999923706055,48.11000061035156,47.25,47.91999816894531,41.54811477661133,71902800
2010-03-23,47.9900016784668,48.29999923706055,47.77000045776367,48.25,41.834251403808594,59182600
2010-03-24,48.16999816894531,48.16999816894531,47.90999984741211,48.02000045776367,41.63483428955078,62995700
2010-03-25,48.41999816894531,48.599998474121094,47.900001525878906,47.95000076293945,41.57413864135742,76294800
2010-03-26,48.150001525878906,48.33000183105469,47.7400016784668,48.0,41.61749267578125,78067900
2010-03-29,48.2400016784668,48.400001525878906,48.099998474121094,48.22999954223633,41.81689453125,57993300
2010-03-30,48.380001068115234,48.54999923706055,48.060001373291016,48.38999938964844,41.955650329589844,49437300
2010-03-31,48.2400016784668,48.45000076293945,48.06999969482422,48.15999984741211,41.75621795654297,59947400
2010-04-01,48.36000061035156,48.70000076293945,47.790000915527344,48.15999984741211,41.75621795654297,83728600
2010-04-05,48.27000045776367,48.720001220703125,48.13999938964844,48.61000061035156,42.14636993408203,56220300
2010-04-06,48.5,48.900001525878906,48.38999938964844,48.75,42.26776123046875,54097100
2010-04-07,48.68000030517578,48.869998931884766,48.369998931884766,48.630001068115234,42.16371154785156,77211500
2010-04-08,48.4900016784668,48.81999969482422,48.2400016784668,48.7400016784668,42.259098052978516,68314300
2010-04-09,48.75,49.04999923706055,48.630001068115234,49.029998779296875,42.51054382324219,54227300
2010-04-12,49.04999923706055,49.20000076293945,48.939998626708984,49.06999969482422,42.54522705078125,44280600
2010-04-13,49.02000045776367,49.349998474121094,48.86000061035156,49.31999969482422,42.76197052001953,59376000
2010-04-14,49.58000183105469,49.91999816894531,49.5,49.90999984741211,43.27353286743164,69004800
2010-04-15,49.869998931884766,50.189998626708984,49.869998931884766,50.130001068115234,43.46428298950195,72254200
2010-04-16,49.95000076293945,50.119998931884766,49.20000076293945,49.529998779296875,42.94404220581055,127388000
2010-04-19,49.349998474121094,49.65999984741211,48.900001525878906,49.5,42.918033599853516,98251700
2010-04-20,49.77000045776367,49.880001068115234,49.43000030517578,49.75,43.134788513183594,69543700
2010-04-21,50.09000015258789,50.189998626708984,49.720001220703125,50.029998779296875,43.37757110595703,74748700
2010-04-22,49.54999923706055,50.36000061035156,49.2599983215332,50.310001373291016,43.620338439941406,110477200
2010-04-23,50.29999923706055,50.56999969482422,50.09000015258789,50.52000045776367,43.802406311035156,77205200
2010-04-26,50.56999969482422,50.650001525878906,50.29999923706055,50.40999984741211,43.70703887939453,67361000
2010-04-27,50.209999084472656,50.43000030517578,49.209999084472656,49.34000015258789,42.779327392578125,112608000
2010-04-28,49.599998474121094,49.630001068115234,48.97999954223633,49.369998931884766,42.80532455444336,130082100
2010-04-29,49.650001525878906,50.33000183105469,49.61000061035156,50.22999954223633,43.55096435546875,84180200
2010-04-30,50.209999084472656,50.290000915527344,49.20000076293945,49.2400016784668,42.69261169433594,110897000
2010-05-03,49.45000076293945,50.16999816894531,49.43000030517578,49.93000030517578,43.290855407714844,74169700
2010-05-04,49.31999969482422,49.31999969482422,48.08000183105469,48.43000030517578,41.99028778076172,141136500
2010-05-05,47.91999816894531,48.5,47.63999938964844,48.18000030517578,41.7735595703125,128560200
2010-05-06,47.849998474121094,48.31999969482422,42.63999938964844,46.56999969482422,40.37764358520508,274356800
2010-05-07,46.220001220703125,46.79999923706055,44.279998779296875,45.40999984741211,39.371883392333984,288200400
2010-05-10,47.43000030517578,47.79999923706055,47.310001373291016,47.77000045776367,41.41807174682617,136041600
2010-05-11,47.290000915527344,48.38999938964844,47.20000076293945,47.720001220703125,41.37472152709961,113016100
2010-05-12,47.97999954223633,48.65999984741211,47.900001525878906,48.619998931884766,42.155052185058594,85462400
2010-05-13,48.40999984741211,48.790000915527344,47.72999954223633,47.849998474121094,41.48743438720703,102844300
2010-05-14,47.4900016784668,47.52000045776367,46.380001068115234,46.93000030517578,40.689762115478516,147386100
2010-05-17,47.02000045776367,47.27000045776367,46.06999969482422,47.08000183105469,40.8198127746582,120969600
2010-05-18,47.47999954223633,47.58000183105469,46.220001220703125,46.43000030517578,40.25624465942383,153072100
2010-05-19,46.2599983215332,46.630001068115234,45.54999923706055,46.060001373291016,39.93545150756836,159000300
2010-05-20,45.15999984741211,45.279998779296875,44.25,44.349998474121094,38.45283508300781,189289800
2010-05-21,43.65999984741211,45.63999938964844,43.4900016784668,44.84000015258789,38.87767791748047,190631100
2010-05-24,44.81999969482422,45.33000183105469,44.63999938964844,44.65999984741211,38.72158432006836,113038000
2010-05-25,43.68000030517578,44.7599983215332,43.22999954223633,44.70000076293945,38.756290435791016,155643000
2010-05-26,45.0099983215332,45.56999969482422,44.119998931884766,44.20000076293945,38.32277297973633,140203200
2010-05-27,45.20000076293945,45.88999938964844,45.09000015258789,45.869998931884766,39.77070236206055,110671600
2010-05-28,45.95000076293945,45.9900016784668,45.20000076293945,45.599998474121094,39.5366096496582,128535300
2010-06-01,45.43000030517578,46.25,45.130001068115234,45.18000030517578,39.17246627807617,104242700
2010-06-02,45.439998626708984,46.279998779296875,45.130001068115234,46.25,40.100189208984375,97249300
2010-06-03,46.380001068115234,46.77000045776367,46.08000183105469,46.689998626708984,40.4816780090332,98928400
2010-06-04,45.70000076293945,46.290000915527344,44.939998626708984,45.09000015258789,39.094425201416016,112849900
2010-06-07,45.31999969482422,45.459999084472656,44.220001220703125,44.27000045776367,38.38346481323242,88436600
2010-06-08,44.349998474121094,44.47999954223633,43.59000015258789,44.189998626708984,38.314109802246094,133030100
2010-06-09,44.5,44.90999984741211,43.689998626708984,43.81999969482422,37.99330520629883,101949200
2010-06-10,44.36000061035156,45.119998931884766,44.2400016784668,45.06999969482422,39.077091217041016,76892300
2010-06-11,44.61000061035156,45.540000915527344,44.61000061035156,45.5,39.449893951416016,74346800
2010-06-14,45.91999816894531,46.2400016784668,45.40999984741211,45.4900016784668,39.44124221801758,68085000
2010-06-15,45.72999954223633,46.77000045776367,45.45000076293945,46.709999084472656,40.499019622802734,76332600
2010-06-16,46.58000183105469,47.13999938964844,46.5,46.900001525878906,40.66374206542969,78399700
2010-06-17,47.15999984741211,47.18000030517578,46.63999938964844,47.04999923706055,40.793800354003906,77111900
2010-06-18,47.04999923706055,47.34000015258789,46.86000061035156,47.0,40.82768249511719,75921400
2010-06-21,47.599998474121094,47.68000030517578,46.33000183105469,46.599998474121094,40.480220794677734,95488100
2010-06-22,46.79999923706055,47.13999938964844,46.150001525878906,46.2400016784668,40.167484283447266,94493400
2010-06-23,46.290000915527344,46.470001220703125,45.689998626708984,46.04999923706055,40.0024528503418,92397600
2010-06-24,45.849998474121094,45.9900016784668,45.20000076293945,45.349998474121094,39.394371032714844,114145900
2010-06-25,45.5099983215332,45.65999984741211,44.95000076293945,45.27000045776367,39.40220642089844,88740300
2010-06-28,45.27000045776367,45.54999923706055,44.810001373291016,45.11000061035156,39.26295471191406,71350000
2010-06-29,44.41999816894531,44.459999084472656,43.06999969482422,43.369998931884766,37.748477935791016,136384200
2010-06-30,43.22999954223633,43.66999816894531,42.63999938964844,42.709999084472656,37.174041748046875,101313200
2010-07-01,42.84000015258789,42.959999084472656,41.77000045776367,42.59000015258789,37.06958770751953,158695000
2010-07-02,42.65999984741211,42.81999969482422,42.09000015258789,42.470001220703125,36.965126037597656,78565300
2010-07-06,43.099998474121094,43.369998931884766,42.25,42.599998474121094,37.07830047607422,88591900
2010-07-07,42.7400016784668,44.0099983215332,42.70000076293945,43.959999084472656,38.26200866699219,72448400
2010-07-08,44.310001373291016,44.380001068115234,43.68000030517578,44.20000076293945,38.47090148925781,78264600
2010-07-09,44.18000030517578,44.630001068115234,44.08000183105469,44.619998931884766,38.836456298828125,47851200
2010-07-12,44.58000183105469,45.029998779296875,44.459999084472656,44.75,38.949615478515625,60927500
2010-07-13,45.13999938964844,45.5,44.79999923706055,45.33000183105469,39.45443344116211,93310500
2010-07-14,45.41999816894531,45.810001373291016,45.2400016784668,45.560001373291016,39.65462112426758,87687100
2010-07-15,45.470001220703125,45.7400016784668,44.9900016784668,45.599998474121094,39.6894416809082,95992500
2010-07-16,45.439998626708984,45.630001068115234,44.29999923706055,44.34000015258789,38.59275436401367,98831900
2010-07-19,44.470001220703125,44.810001373291016,44.099998474121094,44.720001220703125,38.92351150512695,81800800
2010-07-20,44.0,45.2599983215332,43.86000061035156,45.2599983215332,39.393516540527344,89061200
2010-07-21,45.7400016784668,45.7599983215332,44.560001373291016,44.63999938964844,38.8538703918457,83577000
2010-07-22,45.27000045776367,45.97999954223633,45.2400016784668,45.77000045776367,39.83739471435547,82890300
2010-07-23,45.459999084472656,46.099998474121094,45.380001068115234,46.060001373291016,40.089813232421875,81056100
2010-07-26,46.119998931884766,46.459999084472656,45.90999984741211,46.439998626708984,40.420555114746094,64850900
2010-07-27,46.63999938964844,46.720001220703125,46.209999084472656,46.41999816894531,40.40315246582031,67655600
2010-07-28,46.369998931884766,46.58000183105469,45.880001068115234,46.04999923706055,40.081111907958984,51988200
2010-07-29,46.31999969482422,46.40999984741211,45.25,45.709999084472656,39.78518295288086,85669500
2010-07-30,45.33000183105469,46.09000015258789,45.06999969482422,45.810001373291016,39.872222900390625,98958100
2010-08-02,46.38999938964844,46.790000915527344,46.209999084472656,46.66999816894531,40.62074279785156,68706800
2010-08-03,46.63999938964844,46.70000076293945,46.25,46.470001220703125,40.44666290283203,60856600
2010-08-04,46.68000030517578,46.9900016784668,46.5,46.939998626708984,40.85573959350586,43820600
2010-08-05,46.709999084472656,46.91999816894531,46.52000045776367,46.83000183105469,40.760009765625,39150200
2010-08-06,46.31999969482422,46.849998474121094,46.04999923706055,46.7599983215332,40.6990966796875,71339200
2010-08-09,47.0,47.189998626708984,46.790000915527344,47.08000183105469,40.97761154174805,26927600
2010-08-10,46.70000076293945,46.95000076293945,46.279998779296875,46.66999816894531,40.62074279785156,86694500
2010-08-11,45.900001525878906,45.91999816894531,45.209999084472656,45.400001525878906,39.515377044677734,92219700
2010-08-12,44.529998779296875,45.2400016784668,44.45000076293945,45.040000915527344,39.2020149230957,66000200
2010-08-13,44.869998931884766,45.060001373291016,44.709999084472656,44.720001220703125,38.92351150512695,46387300
2010-08-16,44.5,45.11000061035156,44.29999923706055,44.79999923706055,38.993133544921875,55472900
2010-08-17,45.119998931884766,45.779998779296875,45.029998779296875,45.369998931884766,39.489234924316406,56927100
2010-08-18,45.279998779296875,45.81999969482422,45.11000061035156,45.54999923706055,39.64592361450195,61835400
2010-08-19,45.279998779296875,45.459999084472656,44.560001373291016,44.86000061035156,39.045352935791016,82969500
2010-08-20,44.790000915527344,45.029998779296875,44.540000915527344,44.91999816894531,39.09757995605469,65806700
2010-08-23,45.20000076293945,45.34000015258789,44.459999084472656,44.47999954223633,38.71462631225586,69612200
2010-08-24,43.970001220703125,44.119998931884766,43.470001220703125,43.650001525878906,37.992183685302734,79095800
2010-08-25,43.34000015258789,44.2599983215332,43.27000045776367,44.06999969482422,38.357749938964844,87247900
2010-08-26,44.220001220703125,44.31999969482422,43.5,43.540000915527344,37.89643859863281,91199000
2010-08-27,43.86000061035156,44.15999984741211,42.970001220703125,44.06999969482422,38.357749938964844,109568800
2010-08-30,43.86000061035156,44.25,43.599998474121094,43.61000061035156,37.95737075805664,49373200
2010-08-31,43.380001068115234,43.849998474121094,43.18000030517578,43.459999084472656,37.826820373535156,72066900
2010-09-01,44.099998474121094,44.90999984741211,44.06999969482422,44.7599983215332,38.95833206176758,83523100
2010-09-02,44.84000015258789,45.279998779296875,44.72999954223633,45.2599983215332,39.393516540527344,41816800
2010-09-03,45.7599983215332,46.02000045776367,45.54999923706055,46.0099983215332,40.04627990722656,64041100
2010-09-07,45.81999969482422,46.029998779296875,45.630001068115234,45.70000076293945,39.776466369628906,51195200
2010-09-08,45.83000183105469,46.45000076293945,45.81999969482422,46.25,40.25518798828125,66879800
2010-09-09,46.65999984741211,46.70000076293945,46.31999969482422,46.43000030517578,40.411861419677734,61476400
2010-09-10,46.47999954223633,46.66999816894531,46.25,46.599998474121094,40.559818267822266,66995700
2010-09-13,46.959999084472656,47.369998931884766,46.939998626708984,47.25,41.125579833984375,64523400
2010-09-14,47.189998626708984,47.70000076293945,47.08000183105469,47.45000076293945,41.299659729003906,91405800
2010-09-15,47.33000183105469,47.79999923706055,47.189998626708984,47.75,41.560752868652344,67108200
2010-09-16,47.65999984741211,47.97999954223633,47.540000915527344,47.939998626708984,41.72612762451172,66885800
2010-09-17,48.13999938964844,48.13999938964844,47.75,47.9900016784668,41.86746597290039,76372600
2010-09-20,48.16999816894531,48.93000030517578,48.11000061035156,48.83000183105469,42.60029602050781,84475000
2010-09-21,48.86000061035156,49.16999816894531,48.61000061035156,48.81999969482422,42.5915641784668,82272000
2010-09-22,48.619998931884766,49.02000045776367,48.41999816894531,48.689998626708984,42.47815704345703,88315900
2010-09-23,48.369998931884766,49.15999984741211,48.31999969482422,48.66999816894531,42.4607048034668,85040000
2010-09-24,49.220001220703125,49.689998626708984,49.150001525878906,49.65999984741211,43.32440185546875,79495900
2010-09-27,49.630001068115234,49.75,49.349998474121094,49.38999938964844,43.0888557434082,43859800
2010-09-28,49.5099983215332,49.540000915527344,48.59000015258789,49.369998931884766,43.0714111328125,104922900
2010-09-29,49.29999923706055,49.529998779296875,49.11000061035156,49.290000915527344,43.00162124633789,81679200
2010-09-30,49.540000915527344,49.84000015258789,48.75,49.06999969482422,42.8096809387207,122458600
2010-10-01,49.47999954223633,49.529998779296875,48.779998779296875,49.0099983215332,42.757320404052734,77675400
2010-10-04,48.869998931884766,49.04999923706055,48.20000076293945,48.47999954223633,42.29494857788086,71359900
2010-10-05,49.029998779296875,49.7599983215332,49.0,49.65999984741211,43.32440185546875,99301300
2010-10-06,49.599998474121094,49.709999084472656,48.90999984741211,49.22999954223633,42.94926452636719,81831200
2010-10-07,49.5099983215332,49.540000915527344,49.0,49.40999984741211,43.10629653930664,75693300
2010-10-08,49.43000030517578,49.869998931884766,49.08000183105469,49.75,43.40291213989258,83223900
2010-10-11,49.779998779296875,50.02000045776367,49.619998931884766,49.77000045776367,43.42038345336914,46880000
2010-10-12,49.689998626708984,50.209999084472656,49.2599983215332,50.11000061035156,43.71699523925781,88571700
2010-10-13,50.43000030517578,50.75,50.279998779296875,50.52000045776367,44.07469177246094,71122900
2010-10-14,50.54999923706055,50.63999938964844,50.16999816894531,50.41999816894531,43.98745346069336,68464000
2010-10-15,51.040000915527344,51.5,50.630001068115234,51.4900016784668,44.92094802856445,104654000
2010-10-18,51.5,51.720001220703125,51.29999923706055,51.29999923706055,44.75518035888672,72399400
2010-10-19,50.81999969482422,51.29999923706055,50.41999816894531,50.81999969482422,44.3364143371582,105739800
2010-10-20,50.959999084472656,51.56999969482422,50.869998931884766,51.189998626708984,44.65918731689453,80861400
2010-10-21,51.5099983215332,51.709999084472656,50.790000915527344,51.290000915527344,44.74644088745117,85885400
2010-10-22,51.29999923706055,51.689998626708984,51.209999084472656,51.63999938964844,45.05177688598633,47406900
2010-10-25,51.849998474121094,52.22999954223633,51.849998474121094,51.88999938964844,45.26988983154297,51413900
2010-10-26,51.630001068115234,52.150001525878906,51.41999816894531,52.029998779296875,45.392032623291016,60498300
2010-10-27,51.7599983215332,52.22999954223633,51.65999984741211,52.189998626708984,45.531646728515625,57483400
2010-10-28,52.40999984741211,52.45000076293945,51.84000015258789,52.29999923706055,45.62757873535156,61220000
2010-10-29,52.29999923706055,52.4900016784668,52.16999816894531,52.18000030517578,45.52290725708008,46668700
2010-11-01,52.369998931884766,52.75,51.97999954223633,52.220001220703125,45.55780792236328,60555600
2010-11-02,52.650001525878906,52.93000030517578,52.58000183105469,52.779998779296875,46.04636764526367,48137500
2010-11-03,52.83000183105469,53.040000915527344,52.36000061035156,53.02000045776367,46.255733489990234,126225800
2010-11-04,53.599998474121094,53.86000061035156,53.5,53.66999816894531,46.82280731201172,84201000
2010-11-05,53.70000076293945,53.810001373291016,53.5099983215332,53.66999816894531,46.82280731201172,77937100
2010-11-08,53.58000183105469,53.83000183105469,53.45000076293945,53.7400016784668,46.883880615234375,39623500
2010-11-09,53.95000076293945,54.040000915527344,53.209999084472656,53.45000076293945,46.63088607788086,66828700
2010-11-10,53.52000045776367,53.77000045776367,53.099998474121094,53.720001220703125,46.8664436340332,83553700
2010-11-11,52.90999984741211,53.47999954223633,52.65999984741211,53.380001068115234,46.5698127746582,85163600
2010-11-12,53.099998474121094,53.369998931884766,52.11000061035156,52.5099983215332,45.810791015625,99164300
2010-11-15,52.779998779296875,52.880001068115234,52.290000915527344,52.310001373291016,45.636329650878906,56723400
2010-11-16,51.939998626708984,52.25,50.849998474121094,51.45000076293945,44.88602828979492,101097000
2010-11-17,51.47999954223633,51.869998931884766,51.349998474121094,51.599998474121094,45.01689529418945,77836200
2010-11-18,52.15999984741211,52.790000915527344,52.130001068115234,52.43000030517578,45.74101257324219,71488300
2010-11-19,52.36000061035156,52.59000015258789,52.13999938964844,52.470001220703125,45.77589797973633,54506100
2010-11-22,52.2599983215332,52.90999984741211,52.16999816894531,52.90999984741211,46.15977478027344,69918900
2010-11-23,52.369998931884766,52.45000076293945,51.77000045776367,52.06999969482422,45.42695999145508,76818300
2010-11-24,52.58000183105469,53.25,52.560001373291016,53.119998931884766,46.34299087524414,53444200
2010-11-26,52.779998779296875,53.130001068115234,52.66999816894531,52.77000045776367,46.037654876708984,23640300
2010-11-29,52.70000076293945,52.900001525878906,52.099998474121094,52.72999954223633,46.00273132324219,89269100
2010-11-30,52.18000030517578,52.7400016784668,51.880001068115234,52.09000015258789,45.44437789916992,118862100
2010-12-01,52.86000061035156,53.459999084472656,52.84000015258789,53.189998626708984,46.40404510498047,81758800
2010-12-02,53.27000045776367,53.810001373291016,53.209999084472656,53.72999954223633,46.87516403198242,56844600
2010-12-03,53.5,53.939998626708984,53.5,53.869998931884766,46.99729537963867,38014200
2010-12-06,53.880001068115234,53.95000076293945,53.68000030517578,53.849998474121094,46.97985076904297,39312000
2010-12-07,54.5,54.52000045776367,53.81999969482422,53.880001068115234,47.006011962890625,59067300
2010-12-08,54.02000045776367,54.150001525878906,53.689998626708984,54.08000183105469,47.180511474609375,48066900
2010-12-09,54.40999984741211,54.439998626708984,53.95000076293945,54.130001068115234,47.22412872314453,51679800
2010-12-10,54.290000915527344,54.54999923706055,54.09000015258789,54.4900016784668,47.53819274902344,44696200
2010-12-13,54.70000076293945,54.7400016784668,54.27000045776367,54.29999923706055,47.372440338134766,53110200
2010-12-14,54.439998626708984,54.619998931884766,54.22999954223633,54.400001525878906,47.459686279296875,69884800
2010-12-15,54.369998931884766,54.70000076293945,54.029998779296875,54.15999984741211,47.250308990478516,76951900
2010-12-16,54.209999084472656,54.65999984741211,54.060001373291016,54.58000183105469,47.616729736328125,65519400
2010-12-17,54.540000915527344,54.68000030517578,54.40999984741211,54.52000045776367,47.658668518066406,36844200
2010-12-20,54.619998931884766,54.7599983215332,54.15999984741211,54.560001373291016,47.69365310668945,48159600
2010-12-21,54.77000045776367,54.88999938964844,54.619998931884766,54.88999938964844,47.98212432861328,35775400
2010-12-22,54.869998931884766,54.959999084472656,54.790000915527344,54.880001068115234,47.97336959838867,35766500
2010-12-23,54.779998779296875,54.869998931884766,54.61000061035156,54.7400016784668,47.85098648071289,21664800
2010-12-27,54.58000183105469,54.86000061035156,54.209999084472656,54.77000045776367,47.87720489501953,29263700
2010-12-28,54.880001068115234,54.91999816894531,54.54999923706055,54.66999816894531,47.78978729248047,24160500
2010-12-29,54.81999969482422,54.900001525878906,54.72999954223633,54.790000915527344,47.89469909667969,24132700
2010-12-30,54.790000915527344,54.79999923706055,54.54999923706055,54.65999984741211,47.78105545043945,27553300
2010-12-31,54.59000015258789,54.619998931884766,54.209999084472656,54.459999084472656,47.606224060058594,38540100
2011-01-03,54.970001220703125,55.689998626708984,54.95000076293945,55.310001373291016,48.34925842285156,90994300
2011-01-04,55.5099983215332,55.54999923706055,54.91999816894531,55.27000045776367,48.31428909301758,43851500
2011-01-05,55.099998474121094,55.7599983215332,55.06999969482422,55.7400016784668,48.72514343261719,43787400
2011-01-06,55.79999923706055,55.959999084472656,55.68000030517578,55.91999816894531,48.88248825073242,46139600
2011-01-07,56.02000045776367,56.04999923706055,55.31999969482422,55.869998931884766,48.83877944946289,72261700
2011-01-10,55.75,56.18000030517578,55.58000183105469,56.08000183105469,49.0223388671875,55551800
2011-01-11,56.310001373291016,56.36000061035156,55.95000076293945,56.15999984741211,49.09230041503906,56663800
2011-01-12,56.43000030517578,56.560001373291016,56.20000076293945,56.560001373291016,49.44194030761719,51979300
2011-01-13,56.599998474121094,56.72999954223633,56.40999984741211,56.58000183105469,49.45943832397461,47364500
2011-01-14,56.599998474121094,57.02000045776367,56.459999084472656,57.0,49.826576232910156,43867400
2011-01-18,56.56999969482422,57.22999954223633,56.4900016784668,57.15999984741211,49.9664421081543,65805600
2011-01-19,57.2599983215332,57.2599983215332,56.31999969482422,56.5099983215332,49.398231506347656,67767200
2011-01-20,56.27000045776367,56.349998474121094,55.68000030517578,56.11000061035156,49.048580169677734,92357800
2011-01-21,56.38999938964844,56.4900016784668,55.650001525878906,55.68000030517578,48.672698974609375,59673300
2011-01-24,55.790000915527344,56.459999084472656,55.68000030517578,56.45000076293945,49.34577941894531,64103300
2011-01-25,56.16999816894531,56.54999923706055,56.04999923706055,56.529998779296875,49.41571807861328,55305100
2011-01-26,56.61000061035156,56.97999954223633,56.45000076293945,56.83000183105469,49.67795181274414,60547700
2011-01-27,57.0099983215332,57.349998474121094,56.91999816894531,57.18000030517578,49.98391342163086,53656100
2011-01-28,57.16999816894531,57.220001220703125,55.470001220703125,55.72999954223633,48.71640396118164,123359900
2011-01-31,55.810001373291016,56.15999984741211,55.38999938964844,56.0,48.95241928100586,70571300
2011-02-01,56.41999816894531,57.18000030517578,56.36000061035156,57.04999923706055,49.87028884887695,76952900
2011-02-02,56.93000030517578,57.16999816894531,56.84000015258789,56.959999084472656,49.791595458984375,48661000
2011-02-03,56.849998474121094,57.13999938964844,56.400001525878906,57.060001373291016,49.879032135009766,45341900
2011-02-04,57.04999923706055,57.41999816894531,56.900001525878906,57.380001068115234,50.15876007080078,47647800
2011-02-07,57.4900016784668,57.970001220703125,57.400001525878906,57.650001525878906,50.39475631713867,45627100
2011-02-08,57.66999816894531,58.06999969482422,57.560001373291016,58.029998779296875,50.72694778442383,38099900
2011-02-09,57.939998626708984,58.119998931884766,57.75,57.93000030517578,50.6395263671875,62540800
2011-02-10,57.54999923706055,58.099998474121094,57.4900016784668,58.02000045776367,50.718204498291016,70194700
2011-02-11,57.849998474121094,58.47999954223633,57.77000045776367,58.439998626708984,51.08534240722656,47853500
2011-02-14,58.439998626708984,58.65999984741211,58.380001068115234,58.58000183105469,51.20771408081055,48506100
2011-02-15,58.439998626708984,58.56999969482422,58.22999954223633,58.5,51.13779067993164,39723800
2011-02-16,58.650001525878906,59.040000915527344,58.630001068115234,58.880001068115234,51.4699821472168,53061700
2011-02-17,58.59000015258789,58.970001220703125,58.54999923706055,58.86000061035156,51.45248794555664,38361900
2011-02-18,58.86000061035156,58.970001220703125,58.5099983215332,58.72999954223633,51.33884811401367,44334300
2011-02-22,57.93000030517578,58.130001068115234,56.939998626708984,57.029998779296875,49.85279083251953,92598100
2011-02-23,57.029998779296875,57.22999954223633,56.130001068115234,56.560001373291016,49.44194030761719,97842900
2011-02-24,56.68000030517578,57.029998779296875,56.13999938964844,56.86000061035156,49.70418930053711,98716100
2011-02-25,57.18000030517578,57.720001220703125,57.119998931884766,57.650001525878906,50.39475631713867,54094600
2011-02-28,57.880001068115234,58.04999923706055,57.43000030517578,57.77000045776367,50.4996452331543,51402800
2011-03-01,58.02000045776367,58.02000045776367,56.70000076293945,56.84000015258789,49.686702728271484,91993900
2011-03-02,56.810001373291016,57.5099983215332,56.790000915527344,57.13999938964844,49.94895935058594,61552900
2011-03-03,57.66999816894531,58.369998931884766,57.66999816894531,58.27000045776367,50.93674850463867,64146600
2011-03-04,58.25,58.2599983215332,57.59000015258789,57.970001220703125,50.67451477050781,62328400
2011-03-07,58.209999084472656,58.2599983215332,56.66999816894531,57.189998626708984,49.99266815185547,98470000
2011-03-08,57.119998931884766,57.68000030517578,56.77000045776367,57.41999816894531,50.19371032714844,62399100
2011-03-09,57.209999084472656,57.27000045776367,56.720001220703125,57.029998779296875,49.85279083251953,84764200
2011-03-10,56.38999938964844,56.52000045776367,55.90999984741211,56.13999938964844,49.074790954589844,102894400
2011-03-11,55.81999969482422,56.65999984741211,55.81999969482422,56.4900016784668,49.38074493408203,81679400
2011-03-14,56.18000030517578,56.59000015258789,55.86000061035156,56.290000915527344,49.2059326171875,73565800
2011-03-15,54.63999938964844,55.81999969482422,54.470001220703125,55.4900016784668,48.50661087036133,101276500
2011-03-16,55.029998779296875,55.34000015258789,53.77000045776367,54.150001525878906,47.335243225097656,176507700
2011-03-17,55.0099983215332,55.2400016784668,54.130001068115234,54.650001525878906,47.77231979370117,94434500
2011-03-18,55.220001220703125,55.220001220703125,54.40999984741211,54.45000076293945,47.664642333984375,94887200
2011-03-21,55.279998779296875,55.779998779296875,54.5,55.5,48.58379364013672,57423000
2011-03-22,55.58000183105469,55.61000061035156,55.279998779296875,55.400001525878906,48.49626922607422,36162100
2011-03-23,55.20000076293945,55.869998931884766,54.81999969482422,55.709999084472656,48.76762008666992,60365100
2011-03-24,56.130001068115234,56.81999969482422,55.81999969482422,56.70000076293945,49.63426971435547,69502400
2011-03-25,56.880001068115234,57.220001220703125,56.72999954223633,56.84000015258789,49.75682067871094,74131100
2011-03-28,57.09000015258789,57.099998474121094,56.5,56.529998779296875,49.48543930053711,37824000
2011-03-29,56.400001525878906,57.08000183105469,56.22999954223633,57.08000183105469,49.966896057128906,47994800
2011-03-30,57.36000061035156,57.43000030517578,57.08000183105469,57.349998474121094,50.2032470703125,44935900
2011-03-31,57.25,57.47999954223633,57.150001525878906,57.43000030517578,50.273292541503906,50004300
2011-04-01,57.720001220703125,57.900001525878906,57.290000915527344,57.459999084472656,50.29954147338867,68031800
2011-04-04,57.619998931884766,57.68000030517578,57.02000045776367,57.27000045776367,50.13322067260742,48659100
2011-04-05,57.15999984741211,57.4900016784668,57.0,57.119998931884766,50.001922607421875,55349400
2011-04-06,57.560001373291016,57.72999954223633,56.93000030517578,57.2599983215332,50.12448501586914,49532100
2011-04-07,57.2400016784668,57.599998474121094,56.810001373291016,57.220001220703125,50.08945083618164,60697000
2011-04-08,57.47999954223633,57.56999969482422,56.650001525878906,56.95000076293945,49.85309982299805,42782200
2011-04-11,57.16999816894531,57.290000915527344,56.560001373291016,56.7599983215332,49.68677520751953,42451700
2011-04-12,56.5,56.63999938964844,56.150001525878906,56.369998931884766,49.34538269042969,50422800
2011-04-13,56.790000915527344,57.0,56.400001525878906,56.849998474121094,49.76557159423828,49979800
2011-04-14,56.459999084472656,56.83000183105469,56.22999954223633,56.75,49.67802429199219,53544100
2011-04-15,56.529998779296875,56.869998931884766,56.279998779296875,56.650001525878906,49.59049606323242,68530000
2011-04-18,56.08000183105469,56.27000045776367,55.31999969482422,56.25,49.24033737182617,69065000
2011-04-19,56.400001525878906,56.599998474121094,56.099998474121094,56.599998474121094,49.54671859741211,38608400
2011-04-20,57.599998474121094,57.939998626708984,57.529998779296875,57.880001068115234,50.66720962524414,67397500
2011-04-21,58.439998626708984,58.470001220703125,58.15999984741211,58.34000015258789,51.06988525390625,43666800
2011-04-25,58.38999938964844,58.52000045776367,58.279998779296875,58.4900016784668,51.201194763183594,25376800
2011-04-26,58.63999938964844,59.029998779296875,58.5099983215332,58.81999969482422,51.49007034301758,49400000
2011-04-27,58.93000030517578,59.290000915527344,58.65999984741211,59.220001220703125,51.84021759033203,56465500
2011-04-28,59.040000915527344,59.22999954223633,58.880001068115234,59.130001068115234,51.76142883300781,48100000
2011-04-29,59.02000045776367,59.290000915527344,58.97999954223633,59.08000183105469,51.71768569946289,44831200
2011-05-02,59.16999816894531,59.34000015258789,58.81999969482422,58.970001220703125,51.621376037597656,48149400
2011-05-03,58.939998626708984,59.0,58.33000183105469,58.689998626708984,51.376258850097656,38100000
2011-05-04,58.720001220703125,58.869998931884766,58.11000061035156,58.599998474121094,51.2974853515625,53097200
2011-05-05,58.310001373291016,58.970001220703125,58.08000183105469,58.279998779296875,51.017356872558594,72200000
2011-05-06,58.86000061035156,59.20000076293945,58.310001373291016,58.470001220703125,51.18369674682617,72507000
2011-05-09,58.56999969482422,58.91999816894531,58.34000015258789,58.689998626708984,51.376258850097656,40022000
2011-05-10,58.86000061035156,59.279998779296875,58.779998779296875,59.189998626708984,51.813961029052734,38053600
2011-05-11,59.099998474121094,59.310001373291016,58.36000061035156,58.7599983215332,51.43754959106445,61900000
2011-05-12,58.58000183105469,59.189998626708984,58.2400016784668,59.11000061035156,51.74394226074219,66100000
2011-05-13,58.970001220703125,59.06999969482422,58.38999938964844,58.40999984741211,51.131168365478516,63506600
2011-05-16,58.13999938964844,58.31999969482422,57.27000045776367,57.400001525878906,50.24701690673828,73115300
2011-05-17,57.099998474121094,57.56999969482422,56.97999954223633,57.560001373291016,50.3870849609375,63136000
2011-05-18,57.47999954223633,58.13999938964844,57.40999984741211,58.040000915527344,50.80727767944336,42351100
2011-05-19,58.220001220703125,58.34000015258789,57.849998474121094,58.209999084472656,50.956092834472656,35015800
2011-05-20,58.150001525878906,58.209999084472656,57.689998626708984,57.77000045776367,50.57090759277344,44703300
2011-05-23,56.97999954223633,57.150001525878906,56.650001525878906,56.91999816894531,49.82684326171875,43700000
2011-05-24,57.060001373291016,57.06999969482422,56.560001373291016,56.56999969482422,49.52046203613281,39314800
2011-05-25,56.5,57.060001373291016,56.470001220703125,56.790000915527344,49.713043212890625,41369000
2011-05-26,56.619998931884766,57.29999923706055,56.61000061035156,57.13999938964844,50.019432067871094,40564100
2011-05-27,57.2400016784668,57.4900016784668,57.189998626708984,57.43000030517578,50.273292541503906,30127200
2011-05-31,57.970001220703125,58.36000061035156,57.66999816894531,58.36000061035156,51.08739471435547,47590100
2011-06-01,58.220001220703125,58.36000061035156,57.040000915527344,57.09000015258789,49.975643157958984,51795000
2011-06-02,57.20000076293945,57.40999984741211,56.88999938964844,57.209999084472656,50.080711364746094,50198100
2011-06-03,56.54999923706055,56.9900016784668,56.27000045776367,56.349998474121094,49.32787322998047,57773700
2011-06-06,56.220001220703125,56.529998779296875,55.86000061035156,55.88999938964844,48.925201416015625,50175600
2011-06-07,56.040000915527344,56.2599983215332,55.75,55.790000915527344,48.83765411376953,46311100
2011-06-08,55.66999816894531,55.77000045776367,55.22999954223633,55.38999938964844,48.487525939941406,46426400
2011-06-09,55.40999984741211,55.7599983215332,55.22999954223633,55.4900016784668,48.57503890991211,45307500
2011-06-10,55.22999954223633,55.34000015258789,54.59000015258789,54.63999938964844,47.830963134765625,53740600
2011-06-13,54.66999816894531,54.93000030517578,54.45000076293945,54.63999938964844,47.830963134765625,37736800
2011-06-14,55.060001373291016,55.470001220703125,55.029998779296875,55.34000015258789,48.4437370300293,40565300
2011-06-15,54.810001373291016,55.150001525878906,54.18000030517578,54.290000915527344,47.52459716796875,59022400
2011-06-16,54.31999969482422,54.5,53.619998931884766,54.08000183105469,47.340755462646484,66316200
2011-06-17,54.400001525878906,54.599998474121094,53.630001068115234,53.790000915527344,47.19248962402344,70337000
2011-06-20,53.63999938964844,54.22999954223633,53.63999938964844,54.06999969482422,47.43814468383789,37402900
2011-06-21,54.2599983215332,55.290000915527344,54.029998779296875,55.22999954223633,48.45586013793945,55892800
2011-06-22,55.0,55.31999969482422,54.81999969482422,54.83000183105469,48.10492706298828,36833300
2011-06-23,54.2400016784668,55.369998931884766,54.060001373291016,55.34000015258789,48.5523681640625,80743300
2011-06-24,55.08000183105469,55.130001068115234,54.27000045776367,54.380001068115234,47.71011734008789,56298300
2011-06-27,54.439998626708984,55.529998779296875,54.31999969482422,55.25,48.47340393066406,49968900
2011-06-28,55.369998931884766,56.08000183105469,55.290000915527344,56.06999969482422,49.192840576171875,47028800
2011-06-29,56.20000076293945,56.40999984741211,55.900001525878906,56.29999923706055,49.394630432128906,65407300
2011-06-30,56.5,57.09000015258789,56.470001220703125,57.04999923706055,50.052642822265625,50347200
2011-07-01,57.08000183105469,57.9900016784668,56.91999816894531,57.90999984741211,50.807159423828125,53203900
2011-07-05,57.970001220703125,58.2599983215332,57.83000183105469,58.20000076293945,51.06159210205078,43128800
2011-07-06,58.130001068115234,58.4900016784668,57.939998626708984,58.38999938964844,51.228271484375,49282700
2011-07-07,58.83000183105469,59.36000061035156,58.7400016784668,59.189998626708984,51.930152893066406,54799800
2011-07-08,58.68000030517578,59.040000915527344,58.369998931884766,59.029998779296875,51.78976821899414,69519500
2011-07-11,58.40999984741211,58.709999084472656,57.7599983215332,57.959999084472656,50.85102081298828,52080800
2011-07-12,57.95000076293945,58.06999969482422,57.459999084472656,57.52000045776367,50.46498489379883,84000700
2011-07-13,57.939998626708984,58.34000015258789,57.54999923706055,57.7599983215332,50.6755485534668,82378100
2011-07-14,57.90999984741211,58.18000030517578,56.869998931884766,57.09000015258789,50.087711334228516,98774200
2011-07-15,57.72999954223633,57.849998474121094,57.310001373291016,57.849998474121094,50.7545051574707,68281500
2011-07-18,57.529998779296875,57.790000915527344,56.97999954223633,57.540000915527344,50.48253631591797,59512200
2011-07-19,58.09000015258789,58.900001525878906,58.09000015258789,58.849998474121094,51.631839752197266,73904600
2011-07-20,59.18000030517578,59.189998626708984,58.5,58.599998474121094,51.41251754760742,57085500
2011-07-21,58.65999984741211,59.31999969482422,58.34000015258789,58.9900016784668,51.75469207763672,70148800
2011-07-22,58.959999084472656,59.70000076293945,58.91999816894531,59.599998474121094,52.28986740112305,43620400
2011-07-25,59.130001068115234,59.810001373291016,59.02000045776367,59.47999954223633,52.1845817565918,48916100
2011-07-26,59.439998626708984,59.83000183105469,59.31999969482422,59.630001068115234,52.31620407104492,40918900
2011-07-27,59.2400016784668,59.290000915527344,57.939998626708984,58.09000015258789,50.9650764465332,83969500
2011-07-28,58.119998931884766,58.93000030517578,57.88999938964844,58.189998626708984,51.05280303955078,61031900
2011-07-29,57.720001220703125,58.61000061035156,57.439998626708984,58.0,50.886131286621094,82860500
2011-08-01,58.70000076293945,58.81999969482422,57.029998779296875,57.72999954223633,50.64921569824219,85421100
2011-08-02,57.459999084472656,57.720001220703125,56.209999084472656,56.27000045776367,49.36829376220703,90853300
2011-08-03,56.34000015258789,56.880001068115234,55.349998474121094,56.810001373291016,49.84208297729492,103612300
2011-08-04,56.0,56.09000015258789,54.16999816894531,54.16999816894531,47.525882720947266,132830000
2011-08-05,54.720001220703125,55.029998779296875,52.31999969482422,53.83000183105469,47.227577209472656,214111800
2011-08-08,52.18000030517578,53.119998931884766,50.59000015258789,50.59000015258789,44.384979248046875,204804500
2011-08-09,51.349998474121094,53.08000183105469,49.93000030517578,53.029998779296875,46.52570343017578,193707100
2011-08-10,51.83000183105469,53.040000915527344,50.79999923706055,50.86000061035156,44.62186050415039,205917900
2011-08-11,51.59000015258789,53.689998626708984,51.34000015258789,53.099998474121094,46.58711624145508,143825300
2011-08-12,53.43000030517578,53.900001525878906,52.880001068115234,53.56999969482422,46.99945831298828,90483300
2011-08-15,53.790000915527344,54.36000061035156,53.529998779296875,54.36000061035156,47.69257736206055,73554300
2011-08-16,53.83000183105469,54.349998474121094,53.18000030517578,53.900001525878906,47.28899383544922,89219200
2011-08-17,53.970001220703125,54.41999816894531,53.02000045776367,53.58000183105469,47.00825119018555,84416600
2011-08-18,52.130001068115234,52.13999938964844,50.47999954223633,50.95000076293945,44.70081329345703,130019400
2011-08-19,50.41999816894531,51.66999816894531,49.9900016784668,50.029998779296875,43.89365768432617,96674600
2011-08-22,51.22999954223633,51.2400016784668,50.060001373291016,50.209999084472656,44.05158233642578,77107700
2011-08-23,50.54999923706055,52.279998779296875,50.34000015258789,52.279998779296875,45.867679595947266,75688400
2011-08-24,52.130001068115234,52.790000915527344,51.709999084472656,52.689998626708984,46.22740173339844,80197700
2011-08-25,52.65999984741211,52.900001525878906,51.650001525878906,51.83000183105469,45.47289276123047,93623700
2011-08-26,51.65999984741211,53.310001373291016,51.150001525878906,53.130001068115234,46.61343002319336,91573300
2011-08-29,53.65999984741211,54.66999816894531,53.63999938964844,54.61000061035156,47.91189956665039,45985800
2011-08-30,54.40999984741211,55.29999923706055,54.11000061035156,54.970001220703125,48.22774887084961,61617900
2011-08-31,55.29999923706055,55.7400016784668,54.599998474121094,55.060001373291016,48.30671310424805,60900400
2011-09-01,55.20000076293945,55.63999938964844,54.459999084472656,54.560001373291016,47.86804962158203,57158400
2011-09-02,53.58000183105469,54.61000061035156,52.9900016784668,53.279998779296875,46.74502182006836,58185700
2011-09-06,52.040000915527344,53.369998931884766,51.90999984741211,53.290000915527344,46.75380325317383,52992200
2011-09-07,54.04999923706055,54.650001525878906,53.900001525878906,54.63999938964844,47.93821716308594,48952200
2011-09-08,54.36000061035156,55.16999816894531,54.209999084472656,54.38999938964844,47.718894958496094,61422800
2011-09-09,54.0099983215332,54.2400016784668,52.849998474121094,53.18000030517578,46.65730285644531,63663500
2011-09-12,52.59000015258789,53.900001525878906,52.56999969482422,53.86000061035156,47.2538948059082,65973000
2011-09-13,54.060001373291016,54.689998626708984,53.79999923706055,54.58000183105469,47.88559341430664,59020000
2011-09-14,54.86000061035156,55.97999954223633,54.31999969482422,55.36000061035156,48.5699348449707,90757300
2011-09-15,55.959999084472656,56.279998779296875,55.38999938964844,56.18000030517578,49.28934097290039,83536100
2011-09-16,56.20000076293945,56.650001525878906,56.09000015258789,56.59000015258789,49.74114227294922,91902100
2011-09-19,55.88999938964844,56.90999984741211,55.43000030517578,56.61000061035156,49.75870895385742,73042900
2011-09-20,56.900001525878906,57.349998474121094,56.22999954223633,56.36000061035156,49.53895950317383,66570100
2011-09-21,56.650001525878906,56.93000030517578,55.369998931884766,55.380001068115234,48.677574157714844,79938000
2011-09-22,53.970001220703125,54.459999084472656,52.75,53.58000183105469,47.09542465209961,151885500
2011-09-23,53.130001068115234,54.380001068115234,53.09000015258789,54.150001525878906,47.596431732177734,85940600
2011-09-26,54.41999816894531,54.880001068115234,53.209999084472656,54.779998779296875,48.15019989013672,96261400
2011-09-27,55.709999084472656,56.20000076293945,54.97999954223633,55.349998474121094,48.65119552612305,81148600
2011-09-28,55.59000015258789,55.970001220703125,54.400001525878906,54.529998779296875,47.93044662475586,76757100
2011-09-29,55.36000061035156,55.43000030517578,52.970001220703125,53.880001068115234,47.35911560058594,116900200
2011-09-30,53.15999984741211,53.61000061035156,52.459999084472656,52.4900016784668,46.13734436035156,104870100
2011-10-03,52.02000045776367,52.849998474121094,51.11000061035156,51.13999938964844,44.95071792602539,99149500
2011-10-04,50.619998931884766,52.290000915527344,50.099998474121094,52.189998626708984,45.8736457824707,137013700
2011-10-05,52.060001373291016,53.68000030517578,51.65999984741211,53.529998779296875,47.05146408081055,108825700
2011-10-06,53.459999084472656,54.439998626708984,53.209999084472656,54.43000030517578,47.842552185058594,71939200
2011-10-07,54.400001525878906,54.65999984741211,53.720001220703125,54.06999969482422,47.52613067626953,72525200
2011-10-10,54.9900016784668,55.939998626708984,54.88999938964844,55.939998626708984,49.169803619384766,48230200
2011-10-11,55.790000915527344,56.459999084472656,55.70000076293945,56.31999969482422,49.50380325317383,66449100
2011-10-12,56.86000061035156,57.22999954223633,56.560001373291016,56.599998474121094,49.74992370605469,85627600
2011-10-13,56.4900016784668,57.189998626708984,56.43000030517578,57.119998931884766,50.20698928833008,63443700
2011-10-14,57.81999969482422,58.189998626708984,57.5099983215332,58.18000030517578,51.13870620727539,65643600
2011-10-17,57.90999984741211,58.09000015258789,56.970001220703125,57.279998779296875,50.347625732421875,65161300
2011-10-18,57.189998626708984,58.290000915527344,56.65999984741211,57.9900016784668,50.97169494628906,91434600
2011-10-19,57.66999816894531,57.849998474121094,56.68000030517578,56.869998931884766,49.98725509643555,67639400
2011-10-20,56.86000061035156,56.91999816894531,55.790000915527344,56.59000015258789,49.74114227294922,80378300
2011-10-21,57.189998626708984,57.65999984741211,56.779998779296875,57.29999923706055,50.36520004272461,60455800
2011-10-24,57.5099983215332,58.650001525878906,57.310001373291016,58.4900016784668,51.41120147705078,61449500
2011-10-25,58.29999923706055,58.31999969482422,57.220001220703125,57.34000015258789,50.400360107421875,65299200
2011-10-26,57.65999984741211,57.779998779296875,56.209999084472656,57.27000045776367,50.33884048461914,98193800
2011-10-27,58.63999938964844,59.20000076293945,58.029998779296875,58.849998474121094,51.72760772705078,104455500
2011-10-28,58.52000045776367,59.0099983215332,58.5,58.939998626708984,51.80672073364258,42950000
2011-10-31,58.43000030517578,58.63999938964844,57.90999984741211,57.95000076293945,50.9365348815918,60520200
2011-11-01,56.52000045776367,57.90999984741211,56.119998931884766,56.439998626708984,49.60927963256836,99933000
2011-11-02,57.029998779296875,57.15999984741211,56.380001068115234,56.91999816894531,50.03120040893555,65003800
2011-11-03,57.369998931884766,58.18000030517578,56.709999084472656,58.099998474121094,51.06838607788086,78994200
2011-11-04,57.81999969482422,58.04999923706055,57.220001220703125,57.79999923706055,50.8046989440918,61527800
2011-11-07,57.7599983215332,58.25,57.16999816894531,58.209999084472656,51.16508102416992,65559000
2011-11-08,58.630001068115234,58.97999954223633,57.970001220703125,58.880001068115234,51.75398254394531,62906900
2011-11-09,57.7400016784668,57.83000183105469,56.630001068115234,56.810001373291016,49.934513092041016,69539000
2011-11-10,57.369998931884766,57.41999816894531,56.22999954223633,56.779998779296875,49.90813446044922,66052400
2011-11-11,57.27000045776367,58.02000045776367,57.20000076293945,57.849998474121094,50.848628997802734,54471000
2011-11-14,57.689998626708984,58.0099983215332,57.279998779296875,57.4900016784668,50.532222747802734,44617600
2011-11-15,57.31999969482422,58.36000061035156,57.2599983215332,58.130001068115234,51.0947380065918,52203900
2011-11-16,57.709999084472656,58.15999984741211,57.060001373291016,57.16999816894531,50.250946044921875,68342800
2011-11-17,57.02000045776367,57.040000915527344,55.47999954223633,55.83000183105469,49.0731086730957,101706900
2011-11-18,55.84000015258789,55.900001525878906,55.29999923706055,55.400001525878906,48.695167541503906,60417000
2011-11-21,54.650001525878906,54.72999954223633,53.779998779296875,54.34000015258789,47.7634391784668,52283700
2011-11-22,54.20000076293945,54.68000030517578,53.869998931884766,54.52000045776367,47.921653747558594,51940100
2011-11-23,54.11000061035156,54.16999816894531,53.2599983215332,53.290000915527344,46.84051513671875,48437300
2011-11-25,53.060001373291016,53.66999816894531,52.869998931884766,52.880001068115234,46.48013687133789,25448100
2011-11-28,54.16999816894531,54.790000915527344,54.13999938964844,54.720001220703125,48.09746551513672,46710700
2011-11-29,54.689998626708984,55.099998474121094,54.220001220703125,54.380001068115234,47.79861068725586,52056700
2011-11-30,55.86000061035156,56.439998626708984,55.66999816894531,56.38999938964844,49.5653190612793,66918600
2011-12-01,56.380001068115234,56.93000030517578,56.349998474121094,56.779998779296875,49.90813446044922,45362200
2011-12-02,57.34000015258789,57.34000015258789,56.56999969482422,56.619998931884766,49.76749801635742,36938900
2011-12-05,57.470001220703125,57.619998931884766,56.91999816894531,57.2400016784668,50.312469482421875,40492200
2011-12-06,57.290000915527344,57.45000076293945,56.88999938964844,57.08000183105469,50.17183303833008,38670000
2011-12-07,56.91999816894531,57.34000015258789,56.349998474121094,57.08000183105469,50.17183303833008,44576200
2011-12-08,56.709999084472656,57.150001525878906,56.0099983215332,56.119998931884766,49.328025817871094,51692600
2011-12-09,56.2599983215332,57.189998626708984,56.2400016784668,57.02000045776367,50.11909484863281,55757900
2011-12-12,56.41999816894531,57.0099983215332,55.900001525878906,56.380001068115234,49.556541442871094,55411700
2011-12-13,56.75,56.97999954223633,55.529998779296875,55.7599983215332,49.01157760620117,68557700
2011-12-14,55.54999923706055,55.59000015258789,54.58000183105469,54.88999938964844,48.24687576293945,63682800
2011-12-15,55.36000061035156,55.41999816894531,54.65999984741211,54.7400016784668,48.115028381347656,58732900
2011-12-16,54.869998931884766,55.61000061035156,54.77000045776367,54.86000061035156,48.36275863647461,60978900
2011-12-19,55.06999969482422,55.20000076293945,54.16999816894531,54.31999969482422,47.88671112060547,46733900
2011-12-20,55.20000076293945,56.0,55.16999816894531,55.93000030517578,49.3060302734375,81758800
2011-12-21,55.599998474121094,55.63999938964844,54.4900016784668,55.130001068115234,48.60078048706055,78552300
2011-12-22,55.25,55.630001068115234,55.16999816894531,55.599998474121094,49.01512145996094,40334100
2011-12-23,55.709999084472656,56.08000183105469,55.58000183105469,56.08000183105469,49.438270568847656,26594600
2011-12-27,55.9900016784668,56.41999816894531,55.93000030517578,56.2400016784668,49.6226806640625,21443500
2011-12-28,56.16999816894531,56.2599983215332,55.439998626708984,55.59000015258789,49.04914855957031,38180100
2011-12-29,55.68000030517578,56.029998779296875,55.5,55.9900016784668,49.40208053588867,28077900
2011-12-30,55.869998931884766,56.119998931884766,55.81999969482422,55.83000183105469,49.26091384887695,21832400
2012-01-03,56.90999984741211,57.189998626708984,56.75,56.900001525878906,50.20500564575195,39514100
2012-01-04,56.810001373291016,57.220001220703125,56.560001373291016,57.13999938964844,50.41679382324219,29403400
2012-01-05,57.02000045776367,57.65999984741211,56.79999923706055,57.61000061035156,50.83147048950195,41260600
2012-01-06,57.619998931884766,57.939998626708984,57.400001525878906,57.810001373291016,51.007965087890625,46325200
2012-01-09,57.959999084472656,57.97999954223633,57.43000030517578,57.619998931884766,50.84029769897461,39195500
2012-01-10,58.22999954223633,58.400001525878906,57.63999938964844,58.040000915527344,51.21088409423828,35949900
2012-01-11,58.029998779296875,58.290000915527344,57.810001373291016,58.15999984741211,51.31676483154297,37144100
2012-01-12,58.290000915527344,58.470001220703125,57.86000061035156,58.38999938964844,51.51970672607422,26188300
2012-01-13,58.08000183105469,58.20000076293945,57.68000030517578,58.18000030517578,51.334415435791016,35980400
2012-01-17,58.689998626708984,58.959999084472656,58.4900016784668,58.709999084472656,51.802059173583984,41790800
2012-01-18,58.81999969482422,59.4900016784668,58.68000030517578,59.4900016784668,52.49027633666992,48692700
2012-01-19,59.7599983215332,59.970001220703125,59.650001525878906,59.86000061035156,52.81673049926758,47774500
2012-01-20,59.599998474121094,59.79999923706055,59.560001373291016,59.77000045776367,52.73732376098633,41041700
2012-01-23,59.779998779296875,60.209999084472656,59.439998626708984,59.790000915527344,52.754974365234375,40958300
2012-01-24,59.52000045776367,59.84000015258789,59.40999984741211,59.68000030517578,52.65791702270508,38440200
2012-01-25,60.2599983215332,60.58000183105469,59.83000183105469,60.43000030517578,53.319664001464844,61591800
2012-01-26,60.689998626708984,60.79999923706055,59.93000030517578,60.220001220703125,53.13438034057617,37852700
2012-01-27,60.09000015258789,60.5099983215332,60.060001373291016,60.400001525878906,53.29319763183594,45532300
2012-01-30,59.88999938964844,60.540000915527344,59.65999984741211,60.45000076293945,53.337310791015625,42797800
2012-01-31,60.75,60.86000061035156,60.13999938964844,60.529998779296875,53.40790557861328,51449600
2012-02-01,60.880001068115234,61.2400016784668,60.65999984741211,61.02000045776367,53.840240478515625,46146700
2012-02-02,61.220001220703125,61.40999984741211,60.970001220703125,61.209999084472656,54.00788879394531,46373600
2012-02-03,61.779998779296875,62.119998931884766,61.68000030517578,62.04999923706055,54.74905014038086,36453800
2012-02-06,61.81999969482422,62.02000045776367,61.65999984741211,62.0,54.70493698120117,28541300
2012-02-07,61.95000076293945,62.25,61.66999816894531,62.130001068115234,54.81965637207031,37935700
2012-02-08,62.13999938964844,62.459999084472656,61.90999984741211,62.459999084472656,55.110816955566406,41171100
2012-02-09,62.70000076293945,62.97999954223633,62.31999969482422,62.90999984741211,55.50786209106445,46856400
2012-02-10,62.459999084472656,62.63999938964844,62.25,62.470001220703125,55.11963653564453,58090500
2012-02-13,62.939998626708984,63.130001068115234,62.650001525878906,63.04999923706055,55.63138961791992,36810200
2012-02-14,62.90999984741211,63.220001220703125,62.689998626708984,63.209999084472656,55.77256774902344,51648200
2012-02-15,63.5099983215332,63.86000061035156,62.66999816894531,62.77000045776367,55.38433074951172,105709100
2012-02-16,62.790000915527344,63.70000076293945,62.630001068115234,63.630001068115234,56.14315414428711,83642300
2012-02-17,63.63999938964844,63.689998626708984,63.150001525878906,63.43000030517578,55.96668243408203,76112300
2012-02-21,63.5,63.88999938964844,63.209999084472656,63.61000061035156,56.12550354003906,38141300
2012-02-22,63.4900016784668,63.68000030517578,63.22999954223633,63.31999969482422,55.8696174621582,43174700
2012-02-23,63.400001525878906,63.810001373291016,63.09000015258789,63.7400016784668,56.2402229309082,54250000
2012-02-24,63.91999816894531,64.06999969482422,63.79999923706055,63.959999084472656,56.43431854248047,41364900
2012-02-27,63.61000061035156,64.26000213623047,63.33000183105469,64.05000305175781,56.51374435424805,42678500
2012-02-28,64.11000061035156,64.69999694824219,64.02999877929688,64.69999694824219,57.087249755859375,43717500
2012-02-29,64.75,64.95999908447266,64.19999694824219,64.41000366210938,56.83135986328125,59784400
2012-03-01,64.6500015258789,64.9800033569336,64.45999908447266,64.91999816894531,57.281349182128906,67558900
2012-03-02,64.83000183105469,65.08000183105469,64.66000366210938,64.87000274658203,57.237247467041016,33358200
2012-03-05,64.83000183105469,64.91000366210938,63.9900016784668,64.19999694824219,56.64607238769531,45788800
2012-03-06,63.56999969482422,63.720001220703125,63.22999954223633,63.56999969482422,56.09020233154297,54638600
2012-03-07,63.869998931884766,64.20999908447266,63.77000045776367,64.05999755859375,56.52254104614258,42741800
2012-03-08,64.44000244140625,64.94000244140625,64.30000305175781,64.75,57.13136291503906,43711100
2012-03-09,64.86000061035156,65.13999938964844,64.81999969482422,65.0199966430664,57.36957931518555,43117200
2012-03-12,65.0,65.11000061035156,64.72000122070312,65.05000305175781,57.396080017089844,32687300
2012-03-13,65.4000015258789,66.26000213623047,65.2699966430664,66.26000213623047,58.463722229003906,61559100
2012-03-14,66.33000183105469,66.73999786376953,66.08000183105469,66.48999786376953,58.666622161865234,59926900
2012-03-15,66.69000244140625,66.81999969482422,66.3499984741211,66.68000030517578,58.83428955078125,65531200
2012-03-16,66.66999816894531,66.66999816894531,66.36000061035156,66.5199966430664,58.792720794677734,53023100
2012-03-19,66.62999725341797,67.1500015258789,66.44999694824219,66.98999786376953,59.208126068115234,60966200
2012-03-20,66.63999938964844,67.18000030517578,66.45999908447266,67.11000061035156,59.31420135498047,47290600
2012-03-21,67.12000274658203,67.48999786376953,67.02999877929688,67.12000274658203,59.32304000854492,39648100
2012-03-22,66.72000122070312,67.13999938964844,66.68000030517578,66.9800033569336,59.19929504394531,56953900
2012-03-23,67.05999755859375,67.08000183105469,66.55999755859375,66.94000244140625,59.163963317871094,45541700
2012-03-26,67.38999938964844,68.11000061035156,67.33000183105469,68.11000061035156,60.19803237915039,40855300
2012-03-27,68.16000366210938,68.48999786376953,68.12999725341797,68.20999908447266,60.286434173583984,37278200
2012-03-28,68.25,68.51000213623047,67.54000091552734,67.94000244140625,60.04779052734375,44421900
2012-03-29,67.5999984741211,67.93000030517578,67.19999694824219,67.68000030517578,59.817989349365234,53975300
2012-03-30,67.9800033569336,68.0199966430664,67.27999877929688,67.55000305175781,59.70310974121094,39480900
2012-04-02,67.4800033569336,68.33999633789062,67.36000061035156,68.25,60.321754455566406,40031600
2012-04-03,68.30999755859375,68.55000305175781,67.8499984741211,68.2300033569336,60.304115295410156,45539900
2012-04-04,67.72000122070312,67.76000213623047,66.91000366210938,67.30000305175781,59.48213195800781,54088100
2012-04-05,67.18000030517578,67.77999877929688,67.12999725341797,67.72000122070312,59.85334777832031,42979900
2012-04-09,66.87999725341797,67.4800033569336,66.76000213623047,67.20999908447266,59.4025993347168,36908200
2012-04-10,67.18000030517578,67.44000244140625,65.91999816894531,66.12999725341797,58.44805908203125,69254200
2012-04-11,66.70999908447266,66.88999938964844,66.27999877929688,66.44999694824219,58.730857849121094,62950000
2012-04-12,66.58000183105469,67.27999877929688,66.4800033569336,67.20999908447266,59.4025993347168,57407400
2012-04-13,66.9800033569336,67.19999694824219,66.16000366210938,66.19000244140625,58.5010871887207,55227500
2012-04-16,66.5199966430664,66.55999755859375,65.23999786376953,65.44999694824219,57.847042083740234,57588000
2012-04-17,65.7300033569336,66.98999786376953,65.62999725341797,66.77999877929688,59.02252197265625,47362400
2012-04-18,66.58999633789062,67.0,66.41000366210938,66.61000061035156,58.872291564941406,42536100
2012-04-19,66.37000274658203,67.16999816894531,65.62000274658203,65.86000061035156,58.20941162109375,81110900
2012-04-20,66.22000122070312,66.51000213623047,65.58000183105469,65.68000030517578,58.05031204223633,59906900
2012-04-23,65.05999755859375,65.18000030517578,64.48999786376953,65.08000183105469,57.52001190185547,70514400
2012-04-24,64.95999908447266,65.2300033569336,64.44999694824219,64.7300033569336,57.21065902709961,49661500
2012-04-25,66.06999969482422,66.48999786376953,65.97000122070312,66.44999694824219,58.730857849121094,57526900
2012-04-26,66.44000244140625,66.98999786376953,66.3499984741211,66.83999633789062,59.075584411621094,41799500
2012-04-27,67.12000274658203,67.44999694824219,66.7699966430664,67.23999786376953,59.4290885925293,46003800
2012-04-30,67.04000091552734,67.16999816894531,66.70999908447266,66.76000213623047,59.00486755371094,37787700
2012-05-01,66.69000244140625,67.62999725341797,66.58999633789062,66.87000274658203,59.102081298828125,37643800
2012-05-02,66.54000091552734,67.11000061035156,66.37999725341797,67.05999755859375,59.27001953125,38299300
2012-05-03,67.0999984741211,67.1500015258789,66.18000030517578,66.3499984741211,58.64249038696289,51297600
2012-05-04,65.73999786376953,66.3499984741211,64.69000244140625,64.69999694824219,57.18415069580078,107554000
2012-05-07,64.30999755859375,65.06999969482422,64.29000091552734,64.76000213623047,57.23719787597656,50267800
2012-05-08,64.3499984741211,64.73999786376953,63.47999954223633,64.5199966430664,57.02505874633789,72659700
2012-05-09,63.77000045776367,64.68000030517578,63.5099983215332,64.31999969482422,56.84830093383789,85715300
2012-05-10,64.61000061035156,64.62999725341797,63.95000076293945,64.19000244140625,56.7334098815918,49448900
2012-05-11,63.970001220703125,64.86000061035156,63.90999984741211,64.18000030517578,56.724552154541016,47099900
2012-05-14,63.630001068115234,64.08000183105469,63.47999954223633,63.58000183105469,56.194271087646484,46360000
2012-05-15,63.75,64.2699966430664,63.2599983215332,63.369998931884766,56.00865936279297,66908600
2012-05-16,63.59000015258789,63.779998779296875,62.810001373291016,62.939998626708984,55.628604888916016,52825900
2012-05-17,62.959999084472656,63.060001373291016,61.599998474121094,61.61000061035156,54.453086853027344,62253900
2012-05-18,61.79999923706055,61.959999084472656,60.7599983215332,60.810001373291016,53.74603271484375,79496500
2012-05-21,60.93000030517578,62.56999969482422,60.849998474121094,62.5099983215332,55.248565673828125,61473000
2012-05-22,62.689998626708984,62.95000076293945,61.9900016784668,62.439998626708984,55.18668746948242,62954800
2012-05-23,61.90999984741211,62.709999084472656,61.369998931884766,62.560001373291016,55.29275894165039,56951100
2012-05-24,62.650001525878906,62.709999084472656,61.689998626708984,62.150001525878906,54.93037033081055,83131200
2012-05-25,62.209999084472656,62.31999969482422,61.88999938964844,62.06999969482422,54.85967254638672,32078900
2012-05-29,62.650001525878906,63.150001525878906,62.279998779296875,62.86000061035156,55.55791091918945,44216700
2012-05-30,62.290000915527344,62.54999923706055,61.68000030517578,62.33000183105469,55.08946990966797,56431800
2012-05-31,62.25,62.40999984741211,61.59000015258789,62.060001373291016,54.85083770751953,55260100
2012-06-01,60.939998626708984,61.31999969482422,60.38999938964844,60.40999984741211,53.39250564575195,71430800
2012-06-04,60.58000183105469,60.959999084472656,60.040000915527344,60.869998931884766,53.79905700683594,74119500
2012-06-05,60.65999984741211,61.2400016784668,60.630001068115234,61.119998931884766,54.02002716064453,47916900
2012-06-06,61.58000183105469,62.56999969482422,61.52000045776367,62.52000045776367,55.25739669799805,58781800
2012-06-07,63.18000030517578,63.18000030517578,62.220001220703125,62.27000045776367,55.03644943237305,38414800
2012-06-08,62.16999816894531,62.95000076293945,61.959999084472656,62.869998931884766,55.56672668457031,39730800
2012-06-11,63.349998474121094,63.380001068115234,61.77000045776367,61.810001373291016,54.62989044189453,51008900
2012-06-12,62.099998474121094,62.59000015258789,61.68000030517578,62.560001373291016,55.29275894165039,48802600
2012-06-13,62.380001068115234,62.849998474121094,61.91999816894531,62.130001068115234,54.91270446777344,50840100
2012-06-14,62.119998931884766,62.61000061035156,61.79999923706055,62.36000061035156,55.115989685058594,65170600
2012-06-15,62.38999938964844,63.08000183105469,62.36000061035156,62.9900016784668,55.80074691772461,41536100
2012-06-18,62.72999954223633,63.7400016784668,62.630001068115234,63.58000183105469,56.323421478271484,32191200
2012-06-19,63.900001525878906,64.51000213623047,63.849998474121094,64.23999786376953,56.90808868408203,36476500
2012-06-20,64.37999725341797,64.56999969482422,63.810001373291016,64.29000091552734,56.952396392822266,51389700
2012-06-21,64.23999786376953,64.30999755859375,62.619998931884766,62.689998626708984,55.53500747680664,42492700
2012-06-22,62.900001525878906,63.43000030517578,62.72999954223633,63.349998474121094,56.11967468261719,29504200
2012-06-25,62.83000183105469,62.849998474121094,61.95000076293945,62.130001068115234,55.03891372680664,33136400
2012-06-26,62.34000015258789,62.70000076293945,62.060001373291016,62.52000045776367,55.3844108581543,30611100
2012-06-27,62.7599983215332,63.18000030517578,62.689998626708984,62.900001525878906,55.72102355957031,35705800
2012-06-28,62.43000030517578,62.470001220703125,61.540000915527344,62.20000076293945,55.100921630859375,49793400
2012-06-29,63.400001525878906,64.16000366210938,63.209999084472656,64.16000366210938,56.837215423583984,44761300
2012-07-02,64.25,64.37999725341797,63.869998931884766,64.3499984741211,57.005523681640625,33425600
2012-07-03,64.38999938964844,64.88999938964844,64.29000091552734,64.88999938964844,57.483909606933594,15895100
2012-07-05,64.83000183105469,65.25,64.4800033569336,64.93000030517578,57.51933670043945,37016200
2012-07-06,64.62999725341797,64.69000244140625,63.650001525878906,64.12000274658203,56.80179214477539,40684100
2012-07-09,64.05000305175781,64.26000213623047,63.68000030517578,64.0,56.69547653198242,35628300
2012-07-10,64.3499984741211,64.51000213623047,63.119998931884766,63.369998931884766,56.13739776611328,47365700
2012-07-11,63.290000915527344,63.459999084472656,62.5,63.02000045776367,55.82734298706055,43432000
2012-07-12,62.52000045776367,62.689998626708984,61.86000061035156,62.43000030517578,55.30467987060547,57680400
2012-07-13,62.599998474121094,63.52000045776367,62.560001373291016,63.380001068115234,56.146240234375,32357200
2012-07-16,63.2400016784668,63.52000045776367,62.95000076293945,63.20000076293945,55.98680114746094,27621400
2012-07-17,63.599998474121094,63.7400016784668,62.630001068115234,63.529998779296875,56.27911376953125,42467800
2012-07-18,63.40999984741211,64.58000183105469,63.38999938964844,64.38999938964844,57.04096603393555,44489700
2012-07-19,64.83999633789062,65.30999755859375,64.72000122070312,65.0999984741211,57.6699104309082,53017800
2012-07-20,65.08000183105469,65.0999984741211,64.20999908447266,64.23999786376953,56.90808868408203,40573100
2012-07-23,62.9900016784668,63.68000030517578,62.5099983215332,63.459999084472656,56.21710968017578,48657800
2012-07-24,63.56999969482422,63.65999984741211,62.54999923706055,62.959999084472656,55.77417755126953,57269700
2012-07-25,62.470001220703125,62.95000076293945,62.150001525878906,62.540000915527344,55.40211868286133,46264400
2012-07-26,63.439998626708984,63.72999954223633,62.970001220703125,63.369998931884766,56.13739776611328,41928200
2012-07-27,63.83000183105469,64.98999786376953,63.63999938964844,64.87000274658203,57.466182708740234,42621000
2012-07-30,65.02999877929688,65.30999755859375,64.5999984741211,64.81999969482422,57.42190170288086,37821300
2012-07-31,64.91999816894531,65.18000030517578,64.73999786376953,64.80000305175781,57.404178619384766,34588300
2012-08-01,65.26000213623047,65.27999877929688,64.3499984741211,64.61000061035156,57.23588180541992,30920200
2012-08-02,64.12000274658203,65.0199966430664,63.90999984741211,64.37999725341797,57.032100677490234,40534900
2012-08-03,65.41999816894531,65.87999725341797,65.19000244140625,65.5999984741211,58.11286544799805,42117400
2012-08-06,65.94000244140625,66.38999938964844,65.80000305175781,66.0999984741211,58.55580520629883,23523600
2012-08-07,66.37999725341797,66.91999816894531,66.27999877929688,66.6500015258789,59.04302215576172,28223300
2012-08-08,66.4800033569336,66.76000213623047,66.37000274658203,66.62000274658203,59.01645278930664,20723500
2012-08-09,66.61000061035156,66.91000366210938,66.48999786376953,66.81999969482422,59.19363784790039,20726200
2012-08-10,66.58000183105469,66.87999725341797,66.41000366210938,66.86000061035156,59.229042053222656,20312000
2012-08-13,66.83999633789062,67.02999877929688,66.5,67.0199966430664,59.37080383300781,19890300
2012-08-14,67.2699966430664,67.41000366210938,66.86000061035156,67.05000305175781,59.39736557006836,24218700
2012-08-15,67.0,67.31999969482422,66.98999786376953,67.22000122070312,59.5479850769043,29100400
2012-08-16,67.47000122070312,68.16999816894531,67.38999938964844,68.0199966430664,60.256675720214844,35699900
2012-08-17,68.16999816894531,68.33000183105469,68.01000213623047,68.31999969482422,60.52239990234375,22584800
2012-08-20,68.2699966430664,68.43000030517578,68.0,68.41999816894531,60.611026763916016,26924000
2012-08-21,68.5999984741211,68.87999725341797,67.87999725341797,68.1500015258789,60.37181091308594,41391000
2012-08-22,68.0,68.55999755859375,67.80999755859375,68.43000030517578,60.61985778808594,44555700
2012-08-23,68.12000274658203,68.33999633789062,67.69000244140625,67.87000274658203,60.123779296875,28800400
2012-08-24,67.70999908447266,68.44999694824219,67.5999984741211,68.29000091552734,60.49585723876953,38384800
2012-08-27,68.58000183105469,68.66999816894531,68.25,68.4000015258789,60.59329605102539,20671400
2012-08-28,68.33999633789062,68.58999633789062,68.11000061035156,68.4000015258789,60.59329605102539,27337900
2012-08-29,68.4000015258789,68.56999969482422,68.11000061035156,68.4000015258789,60.59329605102539,26672400
2012-08-30,68.0999984741211,68.12999725341797,67.5999984741211,67.70999908447266,59.98204040527344,24425400
2012-08-31,68.19999694824219,68.44999694824219,67.47000122070312,68.16000366210938,60.38071060180664,42128000
2012-09-04,68.02999877929688,68.3499984741211,67.41999816894531,68.08999633789062,60.31867599487305,32017200
2012-09-05,68.05999755859375,68.3499984741211,67.83999633789062,68.0199966430664,60.256675720214844,26129300
2012-09-06,68.44000244140625,69.55000305175781,68.41999816894531,69.52999877929688,61.59431838989258,43100000
2012-09-07,69.37000274658203,69.55000305175781,69.2300033569336,69.43000030517578,61.50574493408203,32958600
2012-09-10,69.25,69.4000015258789,68.48999786376953,68.54000091552734,60.717315673828125,25490000
2012-09-11,68.55000305175781,68.81999969482422,68.31999969482422,68.43000030517578,60.61985778808594,29810100
2012-09-12,68.68000030517578,68.80999755859375,68.20999908447266,68.62999725341797,60.797061920166016,42203400
2012-09-13,68.69000244140625,69.86000061035156,68.62000274658203,69.55999755859375,61.62089920043945,45417800
2012-09-14,69.80999755859375,70.43000030517578,69.79000091552734,70.18000030517578,62.170135498046875,38880300
2012-09-17,70.22000122070312,70.23999786376953,69.95999908447266,70.20999908447266,62.19671630859375,31798400
2012-09-18,70.02999877929688,70.30000305175781,70.0199966430664,70.2699966430664,62.24985122680664,27169800
2012-09-19,70.26000213623047,70.58000183105469,70.05999755859375,70.4000015258789,62.36502456665039,36484600
2012-09-20,70.05999755859375,70.4000015258789,69.87000274658203,70.33000183105469,62.30303192138672,42520200
2012-09-21,70.4800033569336,70.54000091552734,70.08000183105469,70.1500015258789,62.320777893066406,23678500
2012-09-24,69.56999969482422,69.86000061035156,69.41999816894531,69.73999786376953,61.9565544128418,32341600
2012-09-25,69.91999816894531,70.08000183105469,68.7300033569336,68.76000213623047,61.08595657348633,41299600
2012-09-26,68.66999816894531,68.70999908447266,67.8499984741211,68.19999694824219,60.588401794433594,32770400
2012-09-27,68.37000274658203,69.30000305175781,68.25,69.13999938964844,61.42350769042969,25339500
2012-09-28,68.91000366210938,69.12000274658203,68.51000213623047,68.56999969482422,60.917137145996094,30112600
2012-10-01,68.9000015258789,69.33000183105469,68.25,68.47000122070312,60.828311920166016,37715300
2012-10-02,68.7699966430664,68.9800033569336,68.12999725341797,68.66999816894531,61.005958557128906,33254300
2012-10-03,68.86000061035156,69.23999786376953,68.58999633789062,69.11000061035156,61.3968620300293,38236000
2012-10-04,69.22000122070312,69.54000091552734,69.0,69.3499984741211,61.61008834838867,26128600
2012-10-05,69.69999694824219,69.80000305175781,68.80000305175781,68.9800033569336,61.28136444091797,25207900
2012-10-08,68.58000183105469,68.72000122070312,68.19000244140625,68.3499984741211,60.72166442871094,30911500
2012-10-09,68.16999816894531,68.33999633789062,67.0999984741211,67.26000213623047,59.753326416015625,67974000
2012-10-10,67.23999786376953,67.43000030517578,66.80000305175781,66.91999816894531,59.45128631591797,45134300
2012-10-11,67.41999816894531,67.47000122070312,66.66999816894531,66.70999908447266,59.264739990234375,30469400
2012-10-12,66.69999694824219,67.05999755859375,66.55000305175781,66.68000030517578,59.23807907104492,24891200
2012-10-15,66.93000030517578,67.26000213623047,66.52999877929688,67.16999816894531,59.67337417602539,22220100
2012-10-16,67.2699966430664,68.19999694824219,67.25,68.12000274658203,60.517356872558594,33960600
2012-10-17,67.7699966430664,68.30000305175781,67.68000030517578,68.08000183105469,60.48180389404297,33439400
2012-10-18,67.86000061035156,68.08000183105469,67.04000091552734,67.29000091552734,59.77998733520508,61707600
2012-10-19,67.20999908447266,67.2699966430664,65.5999984741211,65.68000030517578,58.34966278076172,75362600
2012-10-22,65.6500015258789,66.19000244140625,65.5,66.0199966430664,58.651729583740234,38621500
2012-10-23,65.4800033569336,65.94999694824219,65.19000244140625,65.38999938964844,58.092041015625,52591200
2012-10-24,65.76000213623047,65.87000274658203,65.05999755859375,65.16000366210938,57.88772201538086,39872400
2012-10-25,65.61000061035156,65.72000122070312,64.97000122070312,65.16000366210938,57.88772201538086,52688700
2012-10-26,65.16000366210938,65.62000274658203,64.6500015258789,65.3499984741211,58.056495666503906,54213100
2012-10-31,65.2699966430664,65.38999938964844,64.7300033569336,64.94999694824219,57.70114517211914,38524500
2012-11-01,65.36000061035156,66.0,65.16999816894531,65.87000274658203,58.51847457885742,26945000
2012-11-02,66.16999816894531,66.20999908447266,65.11000061035156,65.16999816894531,57.89659118652344,44083000
2012-11-05,65.18000030517578,65.7300033569336,65.04000091552734,65.5999984741211,58.27859878540039,28094700
2012-11-06,65.70999908447266,66.16999816894531,65.45999908447266,65.72000122070312,58.38520431518555,29608400
2012-11-07,65.0199966430664,65.0999984741211,63.900001525878906,64.16999816894531,57.008201599121094,70737800
2012-11-08,64.3499984741211,64.5,63.15999984741211,63.15999984741211,56.11091613769531,58585800
2012-11-09,63.20000076293945,64.11000061035156,63.15999984741211,63.43000030517578,56.35078430175781,51542100
2012-11-12,63.79999923706055,63.869998931884766,63.25,63.41999816894531,56.34191131591797,32663700
2012-11-13,62.93000030517578,63.58000183105469,62.779998779296875,62.97999954223633,55.95100784301758,43288300
2012-11-14,63.290000915527344,63.36000061035156,62.13999938964844,62.2400016784668,55.2935905456543,82655300
2012-11-15,62.279998779296875,62.4900016784668,61.79999923706055,62.029998779296875,55.10702896118164,55124200
2012-11-16,62.08000183105469,62.47999954223633,61.310001373291016,62.29999923706055,55.34688186645508,70873100
2012-11-19,62.97999954223633,63.83000183105469,62.959999084472656,63.779998779296875,56.6617317199707,55306400
2012-11-20,63.7599983215332,63.88999938964844,63.189998626708984,63.79999923706055,56.679481506347656,52012700
2012-11-21,63.869998931884766,64.0199966430664,63.599998474121094,63.93000030517578,56.79497528076172,19611700
2012-11-23,64.29000091552734,64.91999816894531,64.25,64.9000015258789,57.65672302246094,16462900
2012-11-26,64.73999786376953,65.22000122070312,64.54000091552734,65.18000030517578,57.90547180175781,26430900
2012-11-27,65.16999816894531,65.4000015258789,64.8499984741211,64.95999908447266,57.710025787353516,25828600
2012-11-28,64.6500015258789,65.56999969482422,64.25,65.5199966430664,58.207523345947266,37295800
2012-11-29,65.87000274658203,66.13999938964844,65.58000183105469,65.91000366210938,58.55400466918945,41136100
2012-11-30,65.91999816894531,65.97000122070312,65.61000061035156,65.80000305175781,58.456275939941406,33497400
2012-12-03,66.30999755859375,66.37000274658203,65.63999938964844,65.66999816894531,58.340763092041016,28240000
2012-12-04,65.69999694824219,65.7699966430664,65.19999694824219,65.62999725341797,58.305240631103516,49584500
2012-12-05,65.52999877929688,65.54000091552734,64.55000305175781,64.9000015258789,57.65672302246094,54076200
2012-12-06,64.69999694824219,65.4800033569336,64.52999877929688,65.31999969482422,58.02983856201172,47512300
2012-12-07,65.63999938964844,65.70999908447266,64.70999908447266,64.93000030517578,57.68339157104492,30089400
2012-12-10,64.75,65.45999908447266,64.75,65.12000274658203,57.852176666259766,33219600
2012-12-11,65.56999969482422,66.33999633789062,65.5199966430664,65.97000122070312,58.6073112487793,40750800
2012-12-12,66.31999969482422,66.31999969482422,65.6500015258789,65.83000183105469,58.482940673828125,45917700
2012-12-13,65.69999694824219,66.16000366210938,65.02999877929688,65.30999755859375,58.02096176147461,45467700
2012-12-14,64.87000274658203,65.08000183105469,64.47000122070312,64.69000244140625,57.47016525268555,39630300
2012-12-17,64.75,65.56999969482422,64.66000366210938,65.55000305175781,58.23418045043945,42302900
2012-12-18,65.87999725341797,66.6500015258789,65.69999694824219,66.55000305175781,59.12257766723633,55596000
2012-12-19,66.73999786376953,66.76000213623047,66.22000122070312,66.26000213623047,58.86495590209961,34832500
2012-12-20,66.37999725341797,66.41000366210938,65.93000030517578,66.26000213623047,58.86495590209961,40754300
2012-12-21,64.87999725341797,65.27999877929688,64.5999984741211,65.19999694824219,58.245849609375,51152900
2012-12-24,65.02999877929688,65.13999938964844,64.91999816894531,65.06999969482422,58.12971878051758,11418300
2012-12-26,65.12000274658203,65.18000030517578,64.29000091552734,64.5,57.62051010131836,21751300
2012-12-27,64.55999755859375,64.63999938964844,63.599998474121094,64.4000015258789,57.531185150146484,52933200
2012-12-28,63.90999984741211,64.43000030517578,63.75,63.779998779296875,56.97731399536133,33082100
2012-12-31,63.709999084472656,65.25,63.58000183105469,65.12999725341797,58.183311462402344,57544000
2013-01-02,66.7300033569336,67.2300033569336,66.4800033569336,67.19999694824219,60.03252410888672,70695900
2013-01-03,67.19999694824219,67.33999633789062,66.6500015258789,66.8499984741211,59.71987533569336,47366500
2013-01-04,66.87999725341797,66.87999725341797,66.47000122070312,66.62999725341797,59.523319244384766,33972500
2013-01-07,66.45999908447266,66.76000213623047,66.25,66.6500015258789,59.541221618652344,26766200
2013-01-08,66.63999938964844,66.81999969482422,66.16999816894531,66.5199966430664,59.42506408691406,28734900
2013-01-09,66.62000274658203,66.94999694824219,66.55000305175781,66.7699966430664,59.648406982421875,25600300
2013-01-10,67.2300033569336,67.2699966430664,66.55000305175781,67.16999816894531,60.0057373046875,37528000
2013-01-11,67.13999938964844,67.29000091552734,67.0,67.26000213623047,60.086116790771484,21158600
2013-01-14,66.91999816894531,67.1500015258789,66.66999816894531,66.95999908447266,59.818138122558594,36768500
2013-01-15,66.62999725341797,66.7300033569336,66.33000183105469,66.62999725341797,59.523319244384766,31675300
2013-01-16,66.72000122070312,67.12999725341797,66.5999984741211,66.9000015258789,59.76453399658203,33822300
2013-01-17,67.16999816894531,67.4800033569336,67.05999755859375,67.22000122070312,60.0504035949707,32024200
2013-01-18,67.0199966430664,67.13999938964844,66.7699966430664,67.06999969482422,59.91638946533203,31992000
2013-01-22,67.13999938964844,67.2300033569336,66.7300033569336,67.18000030517578,60.01465606689453,32123100
2013-01-23,67.55999755859375,67.79000091552734,67.45999908447266,67.58999633789062,60.380958557128906,31975700
2013-01-24,66.66000366210938,67.27999877929688,66.55999755859375,66.66000366210938,59.55012893676758,42596300
2013-01-25,66.87000274658203,67.19000244140625,66.73999786376953,67.0,59.85386657714844,39240100
2013-01-28,67.01000213623047,67.37999725341797,66.93000030517578,67.1500015258789,59.98786163330078,32926100
2013-01-29,67.06999969482422,67.30999755859375,66.62999725341797,67.16000366210938,59.99680709838867,35554700
2013-01-30,67.27999877929688,67.4800033569336,66.87000274658203,67.0199966430664,59.87171936035156,34445000
2013-01-31,66.98999786376953,67.3499984741211,66.80999755859375,66.87000274658203,59.737728118896484,34870500
2013-02-01,67.33999633789062,67.77999877929688,67.06999969482422,67.66000366210938,60.44346237182617,53120800
2013-02-04,67.2699966430664,67.45999908447266,66.45999908447266,66.4800033569336,59.38933181762695,48483700
2013-02-05,66.7699966430664,67.66999816894531,66.61000061035156,67.45999908447266,60.2647819519043,35120300
2013-02-06,67.23999786376953,67.55000305175781,67.04000091552734,67.23999786376953,60.068260192871094,43593200
2013-02-07,67.31999969482422,67.37000274658203,66.55999755859375,67.30000305175781,60.12186813354492,46017900
2013-02-08,67.63999938964844,68.12999725341797,67.62999725341797,67.98999786376953,60.73828125,39837200
2013-02-11,68.02999877929688,68.05999755859375,67.77999877929688,68.01000213623047,60.756126403808594,17650400
2013-02-12,67.91999816894531,68.05000305175781,67.66000366210938,67.7300033569336,60.50602340698242,22057900
2013-02-13,67.93000030517578,68.2300033569336,67.7699966430664,67.97000122070312,60.72040557861328,23494700
2013-02-14,67.66000366210938,68.05000305175781,67.62000274658203,67.94999694824219,60.702537536621094,24478800
2013-02-15,67.94000244140625,68.11000061035156,67.55999755859375,67.75,60.523860931396484,25333600
2013-02-19,67.87999725341797,68.26000213623047,67.86000061035156,68.23999786376953,60.96158981323242,23436500
2013-02-20,68.22000122070312,68.25,67.18000030517578,67.19000244140625,60.02361297607422,38200300
2013-02-21,66.94000244140625,67.01000213623047,66.2300033569336,66.47000122070312,59.38041305541992,45855600
2013-02-22,66.8499984741211,67.1500015258789,66.58999633789062,67.13999938964844,59.978939056396484,21968000
2013-02-25,67.56999969482422,67.80999755859375,66.25,66.30999755859375,59.237457275390625,40927600
2013-02-26,66.4000015258789,66.68000030517578,65.95999908447266,66.55999755859375,59.46079635620117,42088800
2013-02-27,66.55999755859375,67.6500015258789,66.47000122070312,67.23999786376953,60.068260192871094,36339500
2013-02-28,67.25,67.73999786376953,67.08999633789062,67.0999984741211,59.943199157714844,28557300
2013-03-01,66.87000274658203,67.5,66.54000091552734,67.37999725341797,60.193328857421875,31617200
2013-03-04,67.16000366210938,67.69000244140625,67.06999969482422,67.68000030517578,60.461326599121094,19380500
2013-03-05,68.08000183105469,68.7699966430664,68.08000183105469,68.68000030517578,61.35469055175781,35581900
2013-03-06,68.88999938964844,68.91000366210938,68.41999816894531,68.51000213623047,61.20281982421875,29071100
2013-03-07,68.58999633789062,68.80000305175781,68.44999694824219,68.69000244140625,61.36362075805664,21775900
2013-03-08,68.91999816894531,69.0199966430664,68.5,68.7699966430664,61.43505859375,26159900
2013-03-11,68.68000030517578,68.98999786376953,68.47000122070312,68.97000122070312,61.61374282836914,23187900
2013-03-12,68.7699966430664,68.93000030517578,68.38999938964844,68.72000122070312,61.39042663574219,27575400
2013-03-13,68.80999755859375,68.88999938964844,68.38999938964844,68.62999725341797,61.31000900268555,34297300
2013-03-14,68.87000274658203,69.01000213623047,68.70999908447266,68.86000061035156,61.515472412109375,31530800
2013-03-15,68.75,68.79000091552734,68.33999633789062,68.51000213623047,61.344451904296875,30752600
2013-03-18,67.87999725341797,68.63999938964844,67.7300033569336,68.36000061035156,61.21013641357422,36163000
2013-03-19,68.56999969482422,68.69999694824219,67.62000274658203,68.2300033569336,61.093719482421875,33125100
2013-03-20,68.70999908447266,68.86000061035156,68.38999938964844,68.70999908447266,61.52355194091797,28035400
2013-03-21,68.08000183105469,68.25,67.7699966430664,67.93000030517578,60.825111389160156,30050800
2013-03-22,68.20999908447266,68.63999938964844,68.12999725341797,68.58999633789062,61.41606140136719,28837200
2013-03-25,68.80999755859375,68.95999908447266,68.01000213623047,68.33999633789062,61.19223403930664,24909800
2013-03-26,68.5999984741211,68.7300033569336,68.44999694824219,68.70999908447266,61.52355194091797,19725200
2013-03-27,68.23999786376953,68.8499984741211,68.13999938964844,68.80000305175781,61.6041259765625,22539500
2013-03-28,68.80000305175781,69.05999755859375,68.63999938964844,68.97000122070312,61.7563362121582,23662800
2013-04-01,69.0199966430664,69.08999633789062,68.30999755859375,68.5,61.33549118041992,28112800
2013-04-02,68.83000183105469,69.2699966430664,68.7699966430664,69.04000091552734,61.81902313232422,29431900
2013-04-03,69.08000183105469,69.18000030517578,68.23999786376953,68.41000366210938,61.25490188598633,35131200
2013-04-04,68.37999725341797,68.5999984741211,68.05999755859375,68.43000030517578,61.272823333740234,32287400
2013-04-05,67.3499984741211,67.95999908447266,67.19000244140625,67.86000061035156,60.76242446899414,55610800
2013-04-08,67.88999938964844,68.23999786376953,67.69000244140625,68.22000122070312,61.08479309082031,17891600
2013-04-09,68.4000015258789,68.95999908447266,68.08999633789062,68.68000030517578,61.49667739868164,30931400
2013-04-10,68.91999816894531,70.16999816894531,68.87999725341797,70.0199966430664,62.696529388427734,55271300
2013-04-11,69.8499984741211,70.1500015258789,69.7699966430664,69.98999786376953,62.66967010498047,37233600
2013-04-12,69.81999969482422,69.98999786376953,69.41000366210938,69.94000244140625,62.62488555908203,32783700
2013-04-15,69.68000030517578,69.79000091552734,68.4800033569336,68.55999755859375,61.389225006103516,48795800
2013-04-16,68.94999694824219,69.55000305175781,68.80999755859375,69.47000122070312,62.20405197143555,27682600
2013-04-17,68.87000274658203,68.88999938964844,67.70999908447266,68.11000061035156,60.98630142211914,60204800
2013-04-18,68.29000091552734,68.33000183105469,66.87999725341797,67.16999816894531,60.14460754394531,56798200
2013-04-19,67.30000305175781,68.2300033569336,67.19999694824219,68.08999633789062,60.9683723449707,43062800
2013-04-22,68.33000183105469,69.04000091552734,68.08000183105469,68.79000091552734,61.59516143798828,34412100
2013-04-23,69.18000030517578,69.69999694824219,68.81999969482422,69.44999694824219,62.18614196777344,53078300
2013-04-24,69.27999877929688,69.66999816894531,69.12000274658203,69.41999816894531,62.1592903137207,44500700
2013-04-25,69.5999984741211,70.05000305175781,69.58999633789062,69.79000091552734,62.490570068359375,26437100
2013-04-26,69.62000274658203,69.7699966430664,69.2699966430664,69.56999969482422,62.29360580444336,24079800
2013-04-29,69.79000091552734,70.4800033569336,69.76000213623047,70.20999908447266,62.86668014526367,31664000
2013-04-30,70.30000305175781,70.7300033569336,70.04000091552734,70.72000122070312,63.32329559326172,30135800
2013-05-01,70.73999786376953,70.8499984741211,70.25,70.38999938964844,63.027835845947266,28537200
2013-05-02,70.51000213623047,71.43000030517578,70.44999694824219,71.27999877929688,63.824729919433594,31744200
2013-05-03,71.97000122070312,72.33999633789062,71.91000366210938,72.12000274658203,64.5768814086914,34061700
2013-05-06,72.25,72.51000213623047,72.19000244140625,72.4000015258789,64.82759857177734,19244300
2013-05-07,72.5199966430664,72.56999969482422,72.08999633789062,72.36000061035156,64.79180908203125,25838100
2013-05-08,72.31999969482422,72.7699966430664,72.19999694824219,72.70999908447266,65.10515594482422,24252100
2013-05-09,72.56999969482422,73.0999984741211,72.47000122070312,72.61000061035156,65.0156021118164,29337200
2013-05-10,72.76000213623047,73.08000183105469,72.62999725341797,73.05000305175781,65.40961456298828,20663700
2013-05-13,72.93000030517578,73.31999969482422,72.86000061035156,73.13999938964844,65.49019622802734,29730100
2013-05-14,73.16000366210938,73.73999786376953,73.12999725341797,73.5199966430664,65.83043670654297,36009800
2013-05-15,73.37999725341797,73.73999786376953,73.19999694824219,73.66999816894531,65.96479797363281,27214400
2013-05-16,73.7300033569336,74.0999984741211,73.55000305175781,73.58999633789062,65.89314270019531,27253400
2013-05-17,73.97000122070312,74.33000183105469,73.7300033569336,74.30000305175781,66.52888488769531,31114500
2013-05-20,74.16000366210938,74.43000030517578,73.88999938964844,74.19000244140625,66.4303970336914,25132400
2013-05-21,74.1500015258789,74.54000091552734,73.88999938964844,74.2699966430664,66.50200653076172,25900000
2013-05-22,74.36000061035156,74.94999694824219,73.23999786376953,73.62000274658203,65.92003631591797,59843200
2013-05-23,72.97000122070312,73.69999694824219,72.83000183105469,73.44999694824219,65.76775360107422,48222100
2013-05-24,72.95999908447266,73.43000030517578,72.76000213623047,73.41000366210938,65.73197174072266,26430300
2013-05-28,74.2699966430664,74.54000091552734,73.66000366210938,73.88999938964844,66.1617660522461,27057100
2013-05-29,73.5999984741211,73.80000305175781,73.12000274658203,73.54000091552734,65.84835052490234,32090300
2013-05-30,73.56999969482422,74.27999877929688,73.55000305175781,73.93000030517578,66.19758605957031,32390500
2013-05-31,73.6500015258789,74.20999908447266,73.16999816894531,73.25,65.58869171142578,38347600
2013-06-03,73.26000213623047,73.4000015258789,72.43000030517578,73.37999725341797,65.7051010131836,47613100
2013-06-04,73.52999877929688,73.81999969482422,72.69999694824219,73.0,65.36481475830078,35251900
2013-06-05,72.76000213623047,73.04000091552734,71.98999786376953,72.05000305175781,64.51422119140625,48654200
2013-06-06,72.1500015258789,72.41000366210938,71.47000122070312,72.4000015258789,64.82759857177734,62524100
2013-06-07,72.69999694824219,73.47000122070312,72.5199966430664,73.38999938964844,65.7140121459961,31969800
2013-06-10,73.52999877929688,73.76000213623047,73.26000213623047,73.41999816894531,65.74091339111328,25390000
2013-06-11,72.69000244140625,73.33999633789062,72.44000244140625,72.69000244140625,65.0872802734375,40278900
2013-06-12,73.11000061035156,73.13999938964844,71.73999786376953,71.8499984741211,64.33512115478516,42081900
2013-06-13,71.75,72.91999816894531,71.55000305175781,72.76000213623047,65.14995574951172,28221500
2013-06-14,72.76000213623047,72.83999633789062,72.16999816894531,72.27999877929688,64.72013092041016,27690700
2013-06-17,72.8499984741211,73.4000015258789,72.5999984741211,72.9800033569336,65.34693145751953,32441900
2013-06-18,73.08000183105469,73.72000122070312,73.05999755859375,73.58000183105469,65.88419342041016,24853100
2013-06-19,73.5999984741211,73.68000030517578,72.68000030517578,72.76000213623047,65.14995574951172,43145100
2013-06-20,71.91999816894531,72.16000366210938,70.79000091552734,71.02999877929688,63.60089874267578,60908400
2013-06-21,70.77999877929688,70.97000122070312,69.83999633789062,70.43000030517578,63.26316452026367,51558900
2013-06-24,69.8499984741211,70.2699966430664,69.1500015258789,69.7300033569336,62.634395599365234,41492300
2013-06-25,70.4000015258789,70.5199966430664,69.80999755859375,70.23999786376953,63.092472076416016,28897400
2013-06-26,70.83999633789062,71.0,70.58999633789062,70.87000274658203,63.65837478637695,23742300
2013-06-27,71.23999786376953,71.62000274658203,71.12999725341797,71.16999816894531,63.92783737182617,23545000
2013-06-28,70.94999694824219,71.69000244140625,70.79000091552734,71.2699966430664,64.01768493652344,28301100
2013-07-01,71.75,72.30000305175781,71.63999938964844,71.70999908447266,64.41289520263672,24942800
2013-07-02,71.68000030517578,72.18000030517578,71.3499984741211,71.73999786376953,64.43985748291016,23067900
2013-07-03,71.4800033569336,72.37000274658203,71.41999816894531,72.02999877929688,64.7003402709961,18847500
2013-07-05,72.44000244140625,72.61000061035156,71.86000061035156,72.58000183105469,65.19438171386719,28795900
2013-07-08,72.95999908447266,72.98999786376953,72.37999725341797,72.6500015258789,65.25727844238281,20558500
2013-07-09,72.98999786376953,73.25,72.6500015258789,73.08999633789062,65.65245819091797,26108600
2013-07-10,73.0199966430664,73.62000274658203,72.9800033569336,73.51000213623047,66.02970886230469,25598900
2013-07-11,74.30000305175781,75.02999877929688,74.25,74.97000122070312,67.34115600585938,47768900
2013-07-12,75.0199966430664,75.3499984741211,74.81999969482422,75.30000305175781,67.63758087158203,31412600
2013-07-15,75.37999725341797,75.5199966430664,75.16999816894531,75.47000122070312,67.79027557373047,19783600
2013-07-16,75.52999877929688,75.58999633789062,75.18000030517578,75.37000274658203,67.70046997070312,31747100
2013-07-17,75.5999984741211,75.73999786376953,75.3499984741211,75.55999755859375,67.87113189697266,24631500
2013-07-18,75.55000305175781,75.73999786376953,75.25,75.37000274658203,67.70046997070312,36278800
2013-07-19,74.72000122070312,74.73999786376953,74.37000274658203,74.58999633789062,66.99983978271484,37732400
2013-07-22,74.87000274658203,74.9800033569336,74.58000183105469,74.80999755859375,67.19744873046875,21135900
2013-07-23,74.94999694824219,74.95999908447266,74.19999694824219,74.26000213623047,66.70340728759766,24739500
2013-07-24,74.98999786376953,75.0199966430664,74.33000183105469,74.5,66.91901397705078,24426900
2013-07-25,74.8499984741211,75.05999755859375,74.45999908447266,74.97000122070312,67.34115600585938,23162200
2013-07-26,74.66999816894531,75.37999725341797,74.55000305175781,75.37000274658203,67.70046997070312,20885600
2013-07-29,75.22000122070312,75.54000091552734,75.02999877929688,75.2300033569336,67.57472229003906,20958400
2013-07-30,75.5,75.94999694824219,75.3499984741211,75.62999725341797,67.93402862548828,24104600
2013-07-31,75.77999877929688,76.20999908447266,75.62999725341797,75.7699966430664,68.05975341796875,25007600
2013-08-01,76.29000091552734,76.6500015258789,76.20999908447266,76.54000091552734,68.75140380859375,16880000
2013-08-02,76.55000305175781,76.98999786376953,76.37999725341797,76.97000122070312,69.13762664794922,18105300
2013-08-05,76.93000030517578,77.08000183105469,76.77999877929688,77.0199966430664,69.18255615234375,15462800
2013-08-06,76.91999816894531,76.98999786376953,76.25,76.55999755859375,68.76934051513672,23675400
2013-08-07,76.33999633789062,76.56999969482422,75.87000274658203,76.41999816894531,68.64362335205078,20281200
2013-08-08,76.83999633789062,76.9800033569336,76.30000305175781,76.80000305175781,68.98495483398438,19994000
2013-08-09,76.66999816894531,76.94000244140625,76.2699966430664,76.48999786376953,68.70649719238281,18558500
2013-08-12,76.19999694824219,76.80999755859375,76.19000244140625,76.66999816894531,68.86815643310547,20515900
2013-08-13,76.7699966430664,77.2699966430664,76.22000122070312,77.0999984741211,69.25442504882812,23917000
2013-08-14,77.06999969482422,77.18000030517578,76.69999694824219,76.80999755859375,68.99394226074219,29921000
2013-08-15,75.94999694824219,75.98999786376953,75.29000091552734,75.51000213623047,67.82623291015625,39406600
2013-08-16,75.5199966430664,75.87000274658203,75.3499984741211,75.4800033569336,67.79927062988281,23825000
2013-08-19,75.48999786376953,76.12999725341797,75.33000183105469,75.3499984741211,67.68251037597656,29586900
2013-08-20,75.48999786376953,76.02999877929688,75.43000030517578,75.68000030517578,67.97892761230469,18842800
2013-08-21,75.44000244140625,76.08999633789062,75.13999938964844,75.41999816894531,67.74535369873047,30705100
2013-08-22,75.75,76.20999908447266,75.70999908447266,76.16000366210938,68.41006469726562,17269500
2013-08-23,76.69999694824219,76.7699966430664,76.4000015258789,76.66999816894531,68.86815643310547,20697300
2013-08-26,76.7300033569336,77.27999877929688,76.55000305175781,76.70999908447266,68.90411376953125,27525500
2013-08-27,75.80000305175781,76.18000030517578,74.95999908447266,75.13999938964844,67.49386596679688,40068900
2013-08-28,75.05000305175781,75.75,75.05000305175781,75.43000030517578,67.75435638427734,20490400
2013-08-29,75.41000366210938,76.33999633789062,75.30000305175781,75.95999908447266,68.2304458618164,27287900
2013-08-30,76.04000091552734,76.04000091552734,75.19999694824219,75.47000122070312,67.79027557373047,26228500
2013-09-03,76.08999633789062,76.44000244140625,75.54000091552734,75.9000015258789,68.17652893066406,27241500
2013-09-04,76.16000366210938,76.83999633789062,75.93000030517578,76.70999908447266,68.90411376953125,27142900
2013-09-05,76.76000213623047,77.05999755859375,76.7300033569336,76.83999633789062,69.02088165283203,17809700
2013-09-06,77.0999984741211,77.33999633789062,76.05000305175781,76.93000030517578,69.10171508789062,27715100
2013-09-09,77.26000213623047,77.95999908447266,77.2300033569336,77.83000183105469,69.91014099121094,25161900
2013-09-10,78.27999877929688,78.31999969482422,77.91999816894531,78.20999908447266,70.25145721435547,27619400
2013-09-11,77.69000244140625,78.11000061035156,77.58999633789062,78.05999755859375,70.11675262451172,28132900
2013-09-12,78.08000183105469,78.25,77.8499984741211,78.01000213623047,70.07185363769531,18332700
2013-09-13,78.08999633789062,78.13999938964844,77.63999938964844,78.05999755859375,70.11675262451172,16932500
2013-09-16,78.72000122070312,78.72000122070312,77.66999816894531,77.8499984741211,69.9281005859375,25704300
2013-09-17,78.0199966430664,78.47000122070312,77.9800033569336,78.37000274658203,70.39518737792969,27174300
2013-09-18,78.48999786376953,79.47000122070312,78.33000183105469,79.30999755859375,71.23953247070312,31714700
2013-09-19,79.55999755859375,79.69000244140625,79.36000061035156,79.5,71.41018676757812,26435700
2013-09-20,79.44999694824219,79.54000091552734,78.94999694824219,78.98999786376953,71.1651382446289,26328900
2013-09-23,79.31999969482422,79.41000366210938,78.45999908447266,78.83000183105469,71.02099609375,30319400
2013-09-24,79.0,79.25,78.56999969482422,78.83000183105469,71.02099609375,21871300
2013-09-25,78.88999938964844,79.0,78.4000015258789,78.55999755859375,70.77774047851562,22746400
2013-09-26,78.87999725341797,79.36000061035156,78.8499984741211,79.16999816894531,71.32732391357422,22421700
2013-09-27,78.70999908447266,79.20999908447266,78.58999633789062,79.06999969482422,71.23719787597656,25151600
2013-09-30,78.25,79.08999633789062,78.0,78.87999725341797,71.06603240966797,28031900
2013-10-01,78.88999938964844,79.72000122070312,78.8499984741211,79.68000030517578,71.78678131103516,33129700
2013-10-02,79.13999938964844,79.76000213623047,79.05999755859375,79.6500015258789,71.7597885131836,25503800
2013-10-03,79.55000305175781,79.72000122070312,78.30000305175781,78.72000122070312,70.921875,42998200
2013-10-04,78.72000122070312,79.51000213623047,78.6500015258789,79.4000015258789,71.53453063964844,22852700
2013-10-07,78.69999694824219,79.3499984741211,78.66999816894531,78.73999786376953,70.93993377685547,20227100
2013-10-08,78.73999786376953,78.80999755859375,77.19000244140625,77.22000122070312,69.57047271728516,43660700
2013-10-09,77.4000015258789,77.44000244140625,76.3499984741211,76.9800033569336,69.35428619384766,64526700
2013-10-10,77.80999755859375,78.79000091552734,77.79000091552734,78.61000061035156,70.82278442382812,48062700
2013-10-11,78.41000366210938,79.29000091552734,78.4000015258789,79.2300033569336,71.38139343261719,25214100
2013-10-14,78.73999786376953,79.79000091552734,78.68000030517578,79.79000091552734,71.88587951660156,31471900
2013-10-15,79.7300033569336,80.11000061035156,79.37999725341797,79.4800033569336,71.60662078857422,38684000
2013-10-16,79.8499984741211,80.41999816894531,79.79000091552734,80.37999725341797,72.41742706298828,46735900
2013-10-17,80.0199966430664,80.87000274658203,79.94999694824219,80.83999633789062,72.83187866210938,32193500
2013-10-18,81.58000183105469,82.18000030517578,81.3499984741211,82.1500015258789,74.01211547851562,39628200
2013-10-21,82.33999633789062,82.54000091552734,82.06999969482422,82.33000183105469,74.17427825927734,31176900
2013-10-22,82.6500015258789,82.9000015258789,81.93000030517578,82.44999694824219,74.28237915039062,43944800
2013-10-23,82.05000305175781,82.19999694824219,81.55000305175781,81.94999694824219,73.8319320678711,38021300
2013-10-24,82.0,82.4800033569336,81.87999725341797,82.30999755859375,74.15623474121094,23155100
2013-10-25,83.08000183105469,83.27999877929688,82.5,82.9000015258789,74.68780517578125,35824500
2013-10-28,82.91000366210938,83.05000305175781,82.55000305175781,82.91999816894531,74.70585632324219,28618400
2013-10-29,83.19999694824219,83.26000213623047,82.69999694824219,83.05999755859375,74.83195495605469,36878100
2013-10-30,83.3499984741211,83.48999786376953,82.58000183105469,82.9800033569336,74.75988006591797,33535500
2013-10-31,82.7699966430664,83.30000305175781,82.4800033569336,82.79000091552734,74.5887222290039,31309900
2013-11-01,83.06999969482422,83.16999816894531,82.4000015258789,82.80999755859375,74.60673522949219,30867800
2013-11-04,83.05999755859375,83.06999969482422,82.63999938964844,82.93000030517578,74.71484375,16834000
2013-11-05,82.61000061035156,83.22000122070312,82.37000274658203,83.0199966430664,74.7959213256836,27975600
2013-11-06,83.37000274658203,83.4000015258789,82.7300033569336,83.0,74.77790069580078,25576800
2013-11-07,83.01000213623047,83.12999725341797,81.37000274658203,81.44000244140625,73.37245178222656,52173200
2013-11-08,81.73999786376953,82.55999755859375,81.51000213623047,82.54000091552734,74.36348724365234,31470500
2013-11-11,82.41999816894531,82.63999938964844,82.13999938964844,82.41000366210938,74.2463607788086,24822900
2013-11-12,82.16000366210938,82.66000366210938,82.12000274658203,82.54000091552734,74.36348724365234,20108500
2013-11-13,82.0,83.55000305175781,82.0,83.54000091552734,75.26443481445312,31345900
2013-11-14,83.31999969482422,83.86000061035156,83.13999938964844,83.80000305175781,75.4986801147461,31101200
2013-11-15,83.81999969482422,83.95999908447266,83.61000061035156,83.95999908447266,75.64279174804688,20511300
2013-11-18,83.94000244140625,84.11000061035156,82.9800033569336,83.13999938964844,74.90400695800781,31679600
2013-11-19,83.08999633789062,83.48999786376953,82.76000213623047,82.9000015258789,74.68780517578125,25545300
2013-11-20,83.12000274658203,83.43000030517578,82.45999908447266,82.69999694824219,74.50763702392578,32177400
2013-11-21,83.05000305175781,83.61000061035156,82.9800033569336,83.54000091552734,75.26443481445312,28125000
2013-11-22,83.68000030517578,84.0199966430664,83.62000274658203,83.98999786376953,75.66983795166016,25361300
2013-11-25,84.29000091552734,84.37999725341797,83.9800033569336,84.19000244140625,75.85004425048828,21695100
2013-11-26,84.20999908447266,84.83999633789062,84.02999877929688,84.62999725341797,76.24644470214844,26621000
2013-11-27,84.80000305175781,85.23999786376953,84.7300033569336,85.22000122070312,76.7779769897461,21638100
2013-11-29,85.55999755859375,85.83999633789062,85.47000122070312,85.7300033569336,77.23747253417969,16708900
2013-12-02,85.83000183105469,85.95999908447266,85.3499984741211,85.4800033569336,77.01222229003906,26354600
2013-12-03,85.41999816894531,85.63999938964844,85.08000183105469,85.41000366210938,76.94916534423828,37147000
2013-12-04,85.05000305175781,85.7699966430664,84.77999877929688,85.48999786376953,77.0212631225586,37193200
2013-12-05,85.55999755859375,85.66000366210938,85.16999816894531,85.37999725341797,76.92213439941406,39829300
2013-12-06,86.0999984741211,86.18000030517578,85.58999633789062,86.0,77.48072814941406,36842900
2013-12-09,86.3499984741211,86.52999877929688,86.19999694824219,86.3499984741211,77.7960433959961,22590000
2013-12-10,86.20999908447266,86.44999694824219,86.12000274658203,86.29000091552734,77.74198150634766,26965900
2013-12-11,86.27999877929688,86.4000015258789,85.05999755859375,85.18000030517578,76.74195861816406,36830600
2013-12-12,85.20999908447266,85.41999816894531,84.9000015258789,84.95999908447266,76.54373168945312,33662600
2013-12-13,85.36000061035156,85.4000015258789,84.70999908447266,84.8499984741211,76.44466400146484,34072000
2013-12-16,85.2699966430664,85.80999755859375,85.20999908447266,85.31999969482422,76.86808013916016,24902500
2013-12-17,85.31999969482422,85.52999877929688,84.98999786376953,85.1500015258789,76.71491241455078,24454900
2013-12-18,85.25,86.22000122070312,84.05000305175781,86.13999938964844,77.60686492919922,68387200
2013-12-19,86.0,86.01000213623047,85.5199966430664,85.9000015258789,77.39063262939453,44964100
2013-12-20,85.79000091552734,86.68000030517578,85.7300033569336,86.5,78.1787338256836,40475400
2013-12-23,87.20999908447266,87.41000366210938,86.94999694824219,87.41000366210938,79.00120544433594,28181800
2013-12-24,87.43000030517578,87.51000213623047,87.2699966430664,87.44999694824219,79.0373764038086,13852500
2013-12-26,87.61000061035156,87.80999755859375,87.44000244140625,87.73999786376953,79.29946899414062,15241100
2013-12-27,87.8499984741211,87.9000015258789,87.41000366210938,87.5199966430664,79.10062408447266,15827400
2013-12-30,87.38999938964844,87.51000213623047,87.13999938964844,87.38999938964844,78.98309326171875,18983700
2013-12-31,87.55000305175781,87.95999908447266,87.5199966430664,87.95999908447266,79.498291015625,24890500
2014-01-02,87.55000305175781,87.58000183105469,87.0199966430664,87.2699966430664,78.8746566772461,29177500
2014-01-03,87.2699966430664,87.3499984741211,86.62000274658203,86.63999938964844,78.30528259277344,35723700
2014-01-06,86.66000366210938,86.76000213623047,86.0,86.31999969482422,78.01606750488281,32073100
2014-01-07,86.72000122070312,87.25,86.55999755859375,87.12000274658203,78.73910522460938,25860600
2014-01-08,87.13999938964844,87.55000305175781,86.94999694824219,87.30999755859375,78.91083526611328,27197400
2014-01-09,87.62999725341797,87.63999938964844,86.72000122070312,87.0199966430664,78.64873504638672,23674700
2014-01-10,87.2300033569336,87.4000015258789,86.58000183105469,87.30000305175781,78.90178680419922,38008900
2014-01-13,87.18000030517578,87.4800033569336,85.68000030517578,86.01000213623047,77.73590087890625,48842300
2014-01-14,86.30000305175781,87.72000122070312,86.30000305175781,87.6500015258789,79.2181167602539,37178900
2014-01-15,88.02999877929688,88.54000091552734,87.94000244140625,88.37000274658203,79.86886596679688,39835600
2014-01-16,88.30000305175781,88.51000213623047,88.16000366210938,88.37999725341797,79.87789916992188,31630100
2014-01-17,88.11000061035156,88.37000274658203,87.66999816894531,87.87999725341797,79.42601013183594,36895800
2014-01-21,88.44000244140625,88.58999633789062,87.80999755859375,88.55000305175781,80.03155517578125,26412700
2014-01-22,88.77999877929688,89.0,88.5199966430664,88.77999877929688,80.23944091796875,29376900
2014-01-23,88.51000213623047,88.5199966430664,87.86000061035156,88.4800033569336,79.9682846069336,35011900
2014-01-24,88.05000305175781,88.18000030517578,86.70999908447266,86.73999786376953,78.39566040039062,63974600
2014-01-27,86.73999786376953,86.88999938964844,85.25,85.9000015258789,77.63645935058594,63519300
2014-01-28,85.5,85.94000244140625,85.30999755859375,85.8499984741211,77.59124755859375,44378800
2014-01-29,85.11000061035156,85.73999786376953,84.76000213623047,84.93000030517578,76.75979614257812,51939300
2014-01-30,85.97000122070312,86.80000305175781,85.87999725341797,86.5,78.1787338256836,65833600
2014-01-31,85.54000091552734,86.68000030517578,85.44999694824219,86.2699966430664,77.97086334228516,45187000
2014-02-03,86.11000061035156,86.5,84.06999969482422,84.29000091552734,76.18135833740234,65596900
2014-02-04,84.72000122070312,85.25,84.45999908447266,84.91000366210938,76.74170684814453,37675500
2014-02-05,84.62999725341797,84.98999786376953,83.73999786376953,84.69000244140625,76.54287719726562,41721800
2014-02-06,84.94000244140625,85.87999725341797,84.91999816894531,85.7699966430664,77.51898193359375,32308600
2014-02-07,86.25,87.36000061035156,86.0,87.30000305175781,78.90178680419922,38359400
2014-02-10,87.2699966430664,87.83999633789062,87.20999908447266,87.80000305175781,79.35369873046875,30205400
2014-02-11,87.98999786376953,88.97000122070312,87.88999938964844,88.80000305175781,80.25749206542969,38635500
2014-02-12,88.9800033569336,89.16999816894531,88.69999694824219,88.97000122070312,80.41114044189453,32507200
2014-02-13,88.31999969482422,89.69999694824219,88.30000305175781,89.62999725341797,81.00763702392578,40454500
2014-02-14,89.5999984741211,90.01000213623047,89.33000183105469,89.80999755859375,81.17033386230469,33212400
2014-02-18,89.95999908447266,90.41999816894531,89.73999786376953,90.25,81.56803131103516,29546600
2014-02-19,90.08000183105469,90.29000091552734,89.44999694824219,89.62999725341797,81.00763702392578,41749900
2014-02-20,89.69000244140625,90.22000122070312,89.30999755859375,90.05000305175781,81.38723754882812,41814800
2014-02-21,90.33999633789062,90.47000122070312,89.81999969482422,89.93000030517578,81.27881622314453,31192200
2014-02-24,90.13999938964844,90.81999969482422,90.04000091552734,90.41000366210938,81.7126235961914,31500400
2014-02-25,90.54000091552734,90.72000122070312,90.0199966430664,90.30999755859375,81.6222152709961,26771700
2014-02-26,90.55000305175781,90.83999633789062,89.87000274658203,90.2300033569336,81.54991912841797,42953700
2014-02-27,89.87000274658203,90.52999877929688,89.7300033569336,90.44000244140625,82.07902526855469,28742400
2014-02-28,90.41999816894531,90.95999908447266,89.54000091552734,90.33999633789062,81.9882583618164,48609800
2014-03-03,89.48999786376953,89.91000366210938,88.87000274658203,89.66999816894531,81.38019561767578,38885700
2014-03-04,90.6500015258789,90.9800033569336,90.55999755859375,90.80999755859375,82.41483306884766,33189000
2014-03-05,90.95999908447266,91.22000122070312,90.7699966430664,91.05999755859375,82.64173126220703,27203300
2014-03-06,91.2699966430664,91.33999633789062,90.6500015258789,90.9800033569336,82.569091796875,24063900
2014-03-07,91.2699966430664,91.36000061035156,90.06999969482422,90.52999877929688,82.16067504882812,31167800
2014-03-10,90.4800033569336,90.66000366210938,90.02999877929688,90.61000061035156,82.23332214355469,18131700
2014-03-11,90.83000183105469,91.05999755859375,89.94999694824219,90.22000122070312,81.87935638427734,27484300
2014-03-12,89.80999755859375,90.61000061035156,89.4800033569336,90.55999755859375,82.18790435791016,27977200
2014-03-13,90.9000015258789,90.93000030517578,88.87000274658203,89.27999877929688,81.02627563476562,48542000
2014-03-14,88.98999786376953,89.37999725341797,88.62999725341797,88.66999816894531,80.47267150878906,38732300
2014-03-17,89.23999786376953,89.91000366210938,89.19000244140625,89.44999694824219,81.18054962158203,28467200
2014-03-18,89.55999755859375,90.63999938964844,89.52999877929688,90.52999877929688,82.16067504882812,31250200
2014-03-19,90.55999755859375,90.66000366210938,89.44999694824219,90.04000091552734,81.71604919433594,40869400
2014-03-20,89.76000213623047,90.55999755859375,89.58000183105469,90.29000091552734,81.94288635253906,31634500
2014-03-21,90.5999984741211,90.6500015258789,88.83000183105469,89.0,80.95684051513672,62754000
2014-03-24,89.31999969482422,89.38999938964844,87.41000366210938,88.22000122070312,80.2473373413086,77735300
2014-03-25,88.68000030517578,89.25,87.7699966430664,88.51000213623047,80.51112365722656,41723300
2014-03-26,88.94999694824219,89.1500015258789,87.36000061035156,87.37000274658203,79.47418212890625,40930400
2014-03-27,87.25,87.63999938964844,86.4000015258789,86.87999725341797,79.02841186523438,64784500
2014-03-28,87.16000366210938,88.01000213623047,86.80999755859375,87.05000305175781,79.18305206298828,39895100
2014-03-31,87.7300033569336,88.26000213623047,87.62000274658203,87.66999816894531,79.74706268310547,33924300
2014-04-01,88.0999984741211,89.2699966430664,87.70999908447266,89.20999908447266,81.14785766601562,38683800
2014-04-02,89.58999633789062,89.68000030517578,89.04000091552734,89.44000244140625,81.35710144042969,34631600
2014-04-03,89.52999877929688,89.68000030517578,88.22000122070312,88.7300033569336,80.71125030517578,30319100
2014-04-04,89.31999969482422,89.41000366210938,86.13999938964844,86.37000274658203,78.56456756591797,131213200
2014-04-07,85.83000183105469,86.62999725341797,84.94999694824219,85.55000305175781,77.81864166259766,83995800
2014-04-08,85.6500015258789,86.45999908447266,85.3499984741211,86.33999633789062,78.5372543334961,51495700
2014-04-09,86.66000366210938,87.87000274658203,86.43000030517578,87.81999969482422,79.88349151611328,45685200
2014-04-10,87.87999725341797,87.87999725341797,84.86000061035156,85.0999984741211,77.4093246459961,73659600
2014-04-11,84.33999633789062,85.44000244140625,83.91000366210938,84.11000061035156,76.5087890625,93657400
2014-04-14,84.8499984741211,85.22000122070312,83.98999786376953,84.7699966430664,77.109130859375,46500700
2014-04-15,85.08000183105469,85.54000091552734,83.27999877929688,85.05000305175781,77.36382293701172,84631500
2014-04-16,85.79000091552734,86.18000030517578,85.08999633789062,86.18000030517578,78.39171600341797,46970900
2014-04-17,85.8499984741211,86.62999725341797,85.62999725341797,86.19999694824219,78.40989685058594,53719500
2014-04-21,86.4000015258789,86.83999633789062,86.0,86.83999633789062,78.99205017089844,25947900
2014-04-22,87.13999938964844,87.75,86.98999786376953,87.52999877929688,79.61968994140625,38593400
2014-04-23,87.52999877929688,87.55999755859375,86.70999908447266,86.76000213623047,78.91930389404297,34376700
2014-04-24,88.19000244140625,88.20999908447266,86.6500015258789,87.58999633789062,79.67427062988281,48926300
2014-04-25,87.06999969482422,87.16999816894531,85.9800033569336,86.19000244140625,78.40079498291016,44334000
2014-04-28,86.5999984741211,87.11000061035156,85.11000061035156,86.47000122070312,78.65548706054688,58623800
2014-04-29,86.7300033569336,87.31999969482422,86.30999755859375,87.16000366210938,79.28314971923828,36742700
2014-04-30,86.76000213623047,87.4800033569336,86.54000091552734,87.38999938964844,79.49234771728516,38689400
2014-05-01,87.52999877929688,88.1500015258789,87.30999755859375,87.6500015258789,79.72886657714844,37127200
2014-05-02,87.94999694824219,88.11000061035156,87.27999877929688,87.48999786376953,79.58328247070312,40074200
2014-05-05,86.97000122070312,87.97000122070312,86.76000213623047,87.94999694824219,80.00176239013672,27924400
2014-05-06,87.80999755859375,87.86000061035156,86.7699966430664,86.80999755859375,78.96478271484375,33698500
2014-05-07,86.98999786376953,87.08000183105469,85.52999877929688,86.55999755859375,78.73737335205078,67489100
2014-05-08,86.25,87.52999877929688,86.05000305175781,86.4800033569336,78.66458129882812,46556900
2014-05-09,86.43000030517578,86.86000061035156,85.8499984741211,86.80000305175781,78.95567321777344,35081500
2014-05-12,87.31999969482422,88.26000213623047,87.23999786376953,88.2300033569336,80.25643157958984,38951100
2014-05-13,88.30999755859375,88.61000061035156,88.12000274658203,88.29000091552734,80.31101989746094,30311900
2014-05-14,88.0199966430664,88.3499984741211,87.62000274658203,87.83000183105469,79.89259338378906,26483600
2014-05-15,87.80999755859375,87.95999908447266,86.58000183105469,87.13999938964844,79.26493835449219,59680300
2014-05-16,87.23999786376953,87.76000213623047,86.63999938964844,87.70999908447266,79.78343200683594,66804100
2014-05-19,87.44999694824219,88.45999908447266,87.30000305175781,88.31999969482422,80.33830261230469,32017000
2014-05-20,88.27999877929688,88.5999984741211,87.63999938964844,88.0,80.04722595214844,33716000
2014-05-21,88.16000366210938,88.88999938964844,88.11000061035156,88.83999633789062,80.81128692626953,36837700
2014-05-22,88.94000244140625,89.4800033569336,88.80000305175781,89.2300033569336,81.16608428955078,30617100
2014-05-23,89.31999969482422,89.9000015258789,89.12000274658203,89.87999725341797,81.7573471069336,22687300
2014-05-27,90.27999877929688,91.0199966430664,90.19999694824219,91.0,82.77610778808594,29725200
2014-05-28,90.97000122070312,91.0999984741211,90.6500015258789,90.72000122070312,82.52142333984375,30468100
2014-05-29,91.04000091552734,91.30999755859375,90.86000061035156,91.30000305175781,83.04901123046875,33036100
2014-05-30,91.31999969482422,91.44999694824219,90.83000183105469,91.30999755859375,83.0580825805664,29906400
2014-06-02,91.41999816894531,91.44000244140625,90.63999938964844,91.22000122070312,82.97623443603516,30409900
2014-06-03,90.91999816894531,91.33000183105469,90.80000305175781,91.18000030517578,82.93985748291016,21774500
2014-06-04,90.94999694824219,91.66999816894531,90.80999755859375,91.5199966430664,83.24913787841797,20118300
2014-06-05,91.5999984741211,92.45999908447266,91.29000091552734,92.29000091552734,83.94953918457031,35583100
2014-06-06,92.62999725341797,92.81999969482422,92.44999694824219,92.81999969482422,84.43162536621094,22680600
2014-06-09,92.83999633789062,92.9800033569336,92.5,92.75,84.36793518066406,23399500
2014-06-10,92.66999816894531,92.95999908447266,92.55999755859375,92.91000366210938,84.51351165771484,20626000
2014-06-11,92.58999633789062,93.0199966430664,92.5,92.88999938964844,84.49528503417969,22878200
2014-06-12,92.69000244140625,92.79000091552734,91.7300033569336,92.05000305175781,83.73121643066406,35275900
2014-06-13,92.44999694824219,92.55000305175781,91.91999816894531,92.31999969482422,83.97683715820312,39447100
2014-06-16,92.16000366210938,92.66999816894531,91.95999908447266,92.4000015258789,84.04959869384766,25212300
2014-06-17,92.33000183105469,92.69999694824219,92.18000030517578,92.44999694824219,84.0950927734375,19977900
2014-06-18,92.54000091552734,93.0999984741211,91.9800033569336,92.97000122070312,84.56807708740234,34514000
2014-06-19,93.11000061035156,93.16999816894531,92.48999786376953,92.91000366210938,84.51351165771484,38422200
2014-06-20,92.69999694824219,92.87000274658203,92.52999877929688,92.7699966430664,84.61292266845703,25897500
2014-06-23,92.76000213623047,92.81999969482422,92.51000213623047,92.79000091552734,84.63113403320312,20837900
2014-06-24,92.77999877929688,93.56999969482422,92.43000030517578,92.69999694824219,84.54907989501953,31945800
2014-06-25,92.48999786376953,93.44999694824219,92.4800033569336,93.29000091552734,85.08720397949219,32818600
2014-06-26,93.3499984741211,93.36000061035156,92.62000274658203,93.33999633789062,85.1328125,22563900
2014-06-27,93.22000122070312,93.7699966430664,93.19000244140625,93.75,85.50674438476562,22877800
2014-06-30,93.7300033569336,94.13999938964844,93.66999816894531,93.91000366210938,85.65270233154297,19751900
2014-07-01,94.23999786376953,95.19000244140625,94.19999694824219,94.94000244140625,86.59210205078125,31862500
2014-07-02,95.0,95.23999786376953,94.91000366210938,95.0999984741211,86.73802185058594,18777300
2014-07-03,95.41000366210938,95.69999694824219,95.1500015258789,95.69999694824219,87.28529357910156,15291700
2014-07-07,95.58999633789062,95.70999908447266,95.2300033569336,95.41000366210938,87.02078247070312,23266400
2014-07-08,95.2300033569336,95.30000305175781,93.87000274658203,94.26000213623047,85.9719009399414,40612400
2014-07-09,94.51000213623047,95.06999969482422,94.23999786376953,94.95999908447266,86.61036682128906,29919000
2014-07-10,93.73999786376953,95.05000305175781,93.62999725341797,94.66000366210938,86.33675384521484,44245300
2014-07-11,94.9000015258789,95.2699966430664,94.61000061035156,95.2699966430664,86.89306640625,19566300
2014-07-14,95.69999694824219,96.05999755859375,95.54000091552734,95.83999633789062,87.41295623779297,19579000
2014-07-15,95.98999786376953,96.12999725341797,94.83000183105469,95.51000213623047,87.11200714111328,39467500
2014-07-16,96.19999694824219,96.30000305175781,95.79000091552734,95.88999938964844,87.45856475830078,22052600
2014-07-17,95.62999725341797,95.97000122070312,94.31999969482422,94.62000274658203,86.30025482177734,43111500
2014-07-18,95.11000061035156,96.16999816894531,95.0,96.12000274658203,87.6683349609375,36682200
2014-07-21,95.91999816894531,96.16000366210938,95.55000305175781,96.0,87.55889129638672,29750700
2014-07-22,96.44999694824219,96.76000213623047,96.3499984741211,96.61000061035156,88.1152572631836,25770400
2014-07-23,96.94999694824219,97.33999633789062,96.7699966430664,97.2300033569336,88.68077850341797,28947500
2014-07-24,97.4000015258789,97.51000213623047,96.9800033569336,97.12000274658203,88.5804443359375,24707200
2014-07-25,96.62000274658203,96.87000274658203,96.2300033569336,96.73999786376953,88.23384094238281,29898900
2014-07-28,96.83999633789062,97.0199966430664,96.0199966430664,96.7699966430664,88.26119995117188,25603400
2014-07-29,96.9800033569336,97.19999694824219,96.5199966430664,96.5999984741211,88.10615539550781,27022200
2014-07-30,97.13999938964844,97.31999969482422,96.5999984741211,96.9800033569336,88.45274353027344,35348500
2014-07-31,96.18000030517578,96.33999633789062,94.87999725341797,95.0199966430664,86.66506958007812,50047900
2014-08-01,94.81999969482422,95.33999633789062,94.04000091552734,94.66999816894531,86.34584045410156,60708000
2014-08-04,94.87000274658203,95.69000244140625,94.5199966430664,95.31999969482422,86.93868255615234,33230500
2014-08-05,94.94000244140625,95.20999908447266,94.1500015258789,94.58999633789062,86.27288818359375,50331100
2014-08-06,94.0,95.11000061035156,93.91999816894531,94.5199966430664,86.20906066894531,34431900
2014-08-07,94.95999908447266,95.13999938964844,93.88999938964844,94.22000122070312,85.9354248046875,33274700
2014-08-08,94.37000274658203,95.01000213623047,93.97000122070312,94.9000015258789,86.55563354492188,40236900
2014-08-11,95.2699966430664,95.76000213623047,95.19999694824219,95.45999908447266,87.06640625,28277500
2014-08-12,95.36000061035156,95.66999816894531,94.93000030517578,95.41999816894531,87.0299072265625,28152300
2014-08-13,95.80999755859375,96.47000122070312,95.76000213623047,96.43000030517578,87.95111083984375,27996500
2014-08-14,96.55999755859375,96.94999694824219,96.43000030517578,96.93000030517578,88.40713500976562,25006600
2014-08-15,97.48999786376953,97.62999725341797,96.4800033569336,97.4000015258789,88.8358154296875,55205500
2014-08-18,97.91000366210938,98.23999786376953,97.7699966430664,98.1500015258789,89.51983642578125,38938300
2014-08-19,98.37999725341797,98.76000213623047,98.31999969482422,98.69999694824219,90.02149200439453,21363400
2014-08-20,98.62000274658203,98.9000015258789,98.52999877929688,98.69999694824219,90.02149200439453,23435600
2014-08-21,98.75,98.94999694824219,98.5999984741211,98.9000015258789,90.20392608642578,19339500
2014-08-22,98.94000244140625,99.25,98.72000122070312,99.05000305175781,90.34073638916016,24692000
2014-08-25,99.5199966430664,99.68000030517578,99.16000366210938,99.4000015258789,90.65996551513672,24124700
2014-08-26,99.55000305175781,99.61000061035156,99.2699966430664,99.5,90.75117492675781,20100400
2014-08-27,99.52999877929688,99.63999938964844,99.30999755859375,99.5199966430664,90.76940155029297,15589100
2014-08-28,99.18000030517578,99.52999877929688,99.08000183105469,99.41000366210938,90.6690902709961,23563900
2014-08-29,99.62999725341797,99.91000366210938,99.2699966430664,99.77999877929688,91.00653839111328,17906300
2014-09-02,100.0199966430664,100.0999984741211,99.66000366210938,100.06999969482422,91.27104949951172,18326800
2014-09-03,100.33999633789062,100.33999633789062,99.30000305175781,99.4800033569336,90.73292541503906,25950700
2014-09-04,99.70999908447266,100.22000122070312,99.13999938964844,99.38999938964844,90.6508560180664,24663500
2014-09-05,99.54000091552734,99.94999694824219,99.02999877929688,99.88999938964844,91.10687255859375,30798200
2014-09-08,99.91999816894531,100.33000183105469,99.62000274658203,100.08000183105469,91.28018188476562,25571300
2014-09-09,100.08999633789062,100.45999908447266,99.05999755859375,99.25,90.52313995361328,36449200
2014-09-10,99.37999725341797,100.11000061035156,99.0999984741211,100.06999969482422,91.27104949951172,31080100
2014-09-11,99.63999938964844,100.04000091552734,99.23999786376953,99.98999786376953,91.19807434082031,28691900
2014-09-12,99.9000015258789,99.93000030517578,99.16999816894531,99.4800033569336,90.73292541503906,30444400
2014-09-15,99.58999633789062,99.5999984741211,98.22000122070312,98.5199966430664,89.85733795166016,32972200
2014-09-16,98.1500015258789,99.56999969482422,98.05000305175781,99.37999725341797,90.64170837402344,38166900
2014-09-17,99.36000061035156,100.0,98.93000030517578,99.52999877929688,90.77853393554688,37196500
2014-09-18,99.83999633789062,100.29000091552734,99.7300033569336,100.27999877929688,91.46258544921875,30196700
2014-09-19,100.45999908447266,100.55999755859375,99.58000183105469,99.9800033569336,91.40589141845703,46918000
2014-09-22,99.73999786376953,99.75,98.62000274658203,99.05000305175781,90.55564880371094,48658000
2014-09-23,98.6500015258789,99.22000122070312,98.58000183105469,98.77999877929688,90.30882263183594,33989600
2014-09-24,98.87999725341797,99.88999938964844,98.54000091552734,99.83999633789062,91.27790069580078,35959000
2014-09-25,99.5199966430664,99.6500015258789,97.69999694824219,97.73999786376953,89.35797882080078,68642500
2014-09-26,98.05999755859375,98.95999908447266,97.88999938964844,98.77999877929688,90.30882263183594,56106200
2014-09-29,97.80000305175781,98.91999816894531,97.75,98.6500015258789,90.18993377685547,33342700
2014-09-30,98.91999816894531,99.30000305175781,98.31999969482422,98.79000091552734,90.31793975830078,41834300
2014-10-01,98.51000213623047,98.61000061035156,96.9000015258789,97.20999908447266,88.87345886230469,58164900
2014-10-02,97.16999816894531,97.51000213623047,95.97000122070312,97.20999908447266,88.87345886230469,54501300
2014-10-03,97.77999877929688,98.56999969482422,97.44000244140625,98.16999816894531,89.75113677978516,41627800
2014-10-06,98.4800033569336,98.72000122070312,97.66000366210938,97.95999908447266,89.55912017822266,36038700
2014-10-07,97.5,97.77999877929688,96.55999755859375,96.56999969482422,88.28832244873047,45154000
2014-10-08,96.62000274658203,98.76000213623047,96.05999755859375,98.44999694824219,90.00711822509766,64931600
2014-10-09,98.31999969482422,98.56999969482422,96.70999908447266,96.86000061035156,88.55342864990234,62497100
2014-10-10,96.29000091552734,96.83000183105469,94.41999816894531,94.44000244140625,86.34100341796875,77579400
2014-10-13,94.2699966430664,94.98999786376953,92.87999725341797,92.95999908447266,84.98792266845703,80835900
2014-10-14,93.54000091552734,94.16999816894531,92.70999908447266,92.97000122070312,84.9970474243164,71814500
2014-10-15,91.56999969482422,92.76000213623047,90.23999786376953,92.37000274658203,84.44851684570312,108847800
2014-10-16,90.41999816894531,92.58000183105469,90.38999938964844,91.79000091552734,83.91826629638672,93165800
2014-10-17,93.0,93.88999938964844,92.45999908447266,93.0,85.02448272705078,69546700
2014-10-20,92.98999786376953,94.47000122070312,92.80000305175781,94.38999938964844,86.2952880859375,41479300
2014-10-21,95.55999755859375,96.87000274658203,95.31999969482422,96.87000274658203,88.56260681152344,53609800
2014-10-22,97.16999816894531,97.30000305175781,96.30999755859375,96.37000274658203,88.10546875,39178000
2014-10-23,97.33999633789062,98.36000061035156,97.16999816894531,97.81999969482422,89.43113708496094,48123800
2014-10-24,98.02999877929688,98.69000244140625,97.63999938964844,98.62000274658203,90.16252136230469,43157600
2014-10-27,98.43000030517578,98.87000274658203,98.0199966430664,98.69000244140625,90.22651672363281,29545700
2014-10-28,99.1500015258789,100.19999694824219,99.08000183105469,100.18000030517578,91.58872985839844,34495100
2014-10-29,99.8499984741211,100.12000274658203,99.0999984741211,99.80999755859375,91.25045776367188,40552800
2014-10-30,99.36000061035156,100.26000213623047,99.13999938964844,100.0199966430664,91.44245910644531,35935800
2014-10-31,101.68000030517578,101.75,101.06999969482422,101.4000015258789,92.70413208007812,54254100
2014-11-03,101.58000183105469,101.97000122070312,101.43000030517578,101.69999694824219,92.9783935546875,33481000
2014-11-04,101.37999725341797,101.62000274658203,100.66999816894531,101.36000061035156,92.66754913330078,22773300
2014-11-05,102.02999877929688,102.02999877929688,101.0199966430664,101.37000274658203,92.67668914794922,25818600
2014-11-06,101.36000061035156,101.72000122070312,100.91999816894531,101.69000244140625,92.96925354003906,24671900
2014-11-07,101.87000274658203,101.91000366210938,101.06999969482422,101.5999984741211,92.886962890625,20931700
2014-11-10,101.6500015258789,102.08999633789062,101.37999725341797,101.95999908447266,93.21607208251953,20360000
2014-11-11,101.9800033569336,102.27999877929688,101.69999694824219,102.27999877929688,93.5086441040039,15454000
2014-11-12,101.87000274658203,102.56999969482422,101.87000274658203,102.45999908447266,93.67318725585938,22050300
2014-11-13,102.6500015258789,103.27999877929688,102.41999816894531,102.9000015258789,94.07547760009766,28027800
2014-11-14,102.87000274658203,103.22000122070312,102.52999877929688,103.22000122070312,94.36804962158203,19251300
2014-11-17,102.9800033569336,103.20999908447266,102.41999816894531,102.91000366210938,94.08462524414062,23361600
2014-11-18,103.0,103.81999969482422,102.98999786376953,103.68000030517578,94.7885971069336,26336800
2014-11-19,103.56999969482422,103.56999969482422,102.7300033569336,103.20999908447266,94.35887145996094,23760200
2014-11-20,102.7699966430664,103.76000213623047,102.69000244140625,103.66999816894531,94.77945709228516,22874000
2014-11-21,104.58999633789062,104.69000244140625,103.54000091552734,103.87000274658203,94.96229553222656,34049100
2014-11-24,104.1500015258789,104.7300033569336,104.05999755859375,104.68000030517578,95.70280456542969,17928300
2014-11-25,104.83999633789062,105.1500015258789,104.56999969482422,104.83999633789062,95.8490982055664,17526000
2014-11-26,104.94000244140625,105.58000183105469,104.83000183105469,105.5199966430664,96.47080993652344,18973800
2014-11-28,105.80000305175781,106.25,105.7300033569336,106.01000213623047,96.9188003540039,17360400
2014-12-01,105.72000122070312,105.91999816894531,104.41999816894531,104.80999755859375,95.8216552734375,35969500
2014-12-02,104.91999816894531,105.41999816894531,104.69999694824219,105.2300033569336,96.2056884765625,26031300
2014-12-03,105.38999938964844,105.56999969482422,104.76000213623047,105.41999816894531,96.37935638427734,32974300
2014-12-04,105.31999969482422,105.77999877929688,104.93000030517578,105.37000274658203,96.33367156982422,31008800
2014-12-05,105.54000091552734,105.69999694824219,105.1500015258789,105.37999725341797,96.34278106689453,25622200
2014-12-08,105.11000061035156,105.56999969482422,104.08000183105469,104.62999725341797,95.6571044921875,32685800
2014-12-09,103.41000366210938,105.04000091552734,103.04000091552734,104.95999908447266,95.95877838134766,46035100
2014-12-10,104.7699966430664,105.02999877929688,103.12000274658203,103.30999755859375,94.4503173828125,39330100
2014-12-11,103.61000061035156,105.04000091552734,103.58999633789062,103.80000305175781,94.8982925415039,47576000
2014-12-12,102.80999755859375,103.98999786376953,102.66000366210938,102.66999816894531,93.86520385742188,46889400
2014-12-15,103.19999694824219,103.58000183105469,101.31999969482422,101.61000061035156,92.8960952758789,52968400
2014-12-16,100.97000122070312,102.47000122070312,99.95999908447266,99.9800033569336,91.40589141845703,65348600
2014-12-17,100.05000305175781,102.08999633789062,99.91999816894531,101.80000305175781,93.06981658935547,79715300
2014-12-18,103.26000213623047,104.26000213623047,102.9800033569336,104.25,95.3097152709961,49840900
2014-12-19,103.97000122070312,104.73999786376953,103.70999908447266,104.31999969482422,95.72906494140625,51419900
2014-12-22,104.1500015258789,104.61000061035156,104.0999984741211,104.58000183105469,95.96765899658203,33869200
2014-12-23,104.95999908447266,104.97000122070312,104.08999633789062,104.20999908447266,95.62813568115234,30156900
2014-12-24,104.33999633789062,104.69999694824219,104.2699966430664,104.30000305175781,95.71072387695312,14291300
2014-12-26,104.5999984741211,105.26000213623047,104.56999969482422,105.04000091552734,96.38980102539062,13924300
2014-12-29,104.94000244140625,105.25,104.87999725341797,105.0199966430664,96.37142181396484,17073800
2014-12-30,104.72000122070312,104.95999908447266,104.18000030517578,104.31999969482422,95.72906494140625,18604000
2014-12-31,104.5,104.91000366210938,103.0999984741211,103.25,94.74717712402344,24367100
2015-01-02,103.76000213623047,104.19999694824219,102.44000244140625,102.94000244140625,94.46273040771484,31314600
2015-01-05,102.48999786376953,102.61000061035156,101.13999938964844,101.43000030517578,93.07708740234375,36521300
2015-01-06,101.58000183105469,101.75,99.62000274658203,100.06999969482422,91.82906341552734,66205500
2015-01-07,100.7300033569336,101.5999984741211,100.48999786376953,101.36000061035156,93.01283264160156,37577400
2015-01-08,102.22000122070312,103.5,102.11000061035156,103.30000305175781,94.7930908203125,40212600
2015-01-09,103.62000274658203,103.6500015258789,102.0199966430664,102.62000274658203,94.1690673828125,41410100
2015-01-12,102.81999969482422,102.93000030517578,101.29000091552734,101.55000305175781,93.18716430664062,34129800
2015-01-13,102.54000091552734,103.62000274658203,100.69999694824219,101.5199966430664,93.15965270996094,56162300
2015-01-14,100.5,101.4800033569336,100.06999969482422,100.95999908447266,92.64578247070312,51354200
2015-01-15,101.43000030517578,101.58999633789062,99.52999877929688,99.6500015258789,91.44364166259766,51005400
2015-01-16,99.5199966430664,100.94999694824219,99.36000061035156,100.81999969482422,92.51730346679688,35362200
2015-01-20,101.43000030517578,101.87999725341797,100.29000091552734,101.62000274658203,93.25143432617188,30964100
2015-01-21,101.31999969482422,102.62000274658203,100.95999908447266,102.13999938964844,93.72859954833984,40128800
2015-01-22,102.54000091552734,104.13999938964844,101.63999938964844,104.02999877929688,95.46292114257812,40887200
2015-01-23,104.0199966430664,104.58000183105469,103.72000122070312,104.26000213623047,95.67403411865234,34783000
2015-01-26,104.13999938964844,104.33000183105469,103.61000061035156,104.13999938964844,95.56390380859375,19960900
2015-01-27,102.5,102.55999755859375,101.0999984741211,101.44000244140625,93.08625030517578,45253200
2015-01-28,103.06999969482422,103.18000030517578,100.9000015258789,100.91999816894531,92.60906219482422,43591700
2015-01-29,100.83999633789062,102.08000183105469,99.95999908447266,101.88999938964844,93.49918365478516,46539700
2015-01-30,101.80000305175781,102.58000183105469,100.95999908447266,101.0999984741211,92.77423095703125,42927600
2015-02-02,101.33000183105469,102.06999969482422,99.75,101.9800033569336,93.58177185058594,43624700
2015-02-03,102.3499984741211,103.02999877929688,101.68000030517578,102.95999908447266,94.48108673095703,30750400
2015-02-04,102.54000091552734,103.55000305175781,102.30999755859375,102.87000274658203,94.39848327636719,34073200
2015-02-05,103.12999725341797,103.83000183105469,102.87000274658203,103.76000213623047,95.2151870727539,23605500
2015-02-06,103.91999816894531,104.16999816894531,102.76000213623047,103.12999725341797,94.63707733154297,34169300
2015-02-09,102.7300033569336,103.29000091552734,102.55000305175781,102.80000305175781,94.3342514038086,22604700
2015-02-10,103.37000274658203,104.54000091552734,103.20999908447266,104.4000015258789,95.80245208740234,23686500
2015-02-11,104.5199966430664,105.0199966430664,104.31999969482422,104.77999877929688,96.15121459960938,20303600
2015-02-12,105.45999908447266,106.04000091552734,105.30000305175781,106.0,97.27072143554688,22520300
2015-02-13,106.30000305175781,106.93000030517578,106.0999984741211,106.91000366210938,98.10575103759766,29030200
2015-02-17,106.91000366210938,107.08000183105469,106.63999938964844,107.01000213623047,98.19756317138672,17675300
2015-02-18,106.87999725341797,107.22000122070312,106.73999786376953,107.16000366210938,98.33517456054688,15149600
2015-02-19,107.08999633789062,107.76000213623047,107.05999755859375,107.69000244140625,98.82154846191406,19828100
2015-02-20,107.62000274658203,108.47000122070312,107.27999877929688,108.41000366210938,99.48225402832031,28336700
2015-02-23,108.3499984741211,108.55000305175781,108.11000061035156,108.5199966430664,99.58319091796875,17868000
2015-02-24,108.37999725341797,108.7300033569336,108.05000305175781,108.5999984741211,99.6566162109375,19745000
2015-02-25,108.44000244140625,108.86000061035156,108.08999633789062,108.33000183105469,99.40885162353516,19472300
2015-02-26,108.44000244140625,108.94000244140625,108.13999938964844,108.87999725341797,99.91354370117188,22255500
2015-02-27,108.83999633789062,108.91000366210938,108.2300033569336,108.4000015258789,99.47308349609375,27757600
2015-03-02,108.61000061035156,109.41999816894531,108.58999633789062,109.37999725341797,100.37236785888672,22988600
2015-03-03,109.05000305175781,109.16000366210938,108.18000030517578,108.87000274658203,99.90438079833984,20788900
2015-03-04,108.51000213623047,108.66999816894531,107.86000061035156,108.44999694824219,99.51893615722656,21007400
2015-03-05,108.7300033569336,108.97000122070312,108.19000244140625,108.63999938964844,99.69329071044922,15381000
2015-03-06,108.5,108.70999908447266,107.13999938964844,107.41000366210938,98.56461334228516,30990400
2015-03-09,107.62999725341797,107.98999786376953,107.19000244140625,107.72000122070312,98.84908294677734,26237100
2015-03-10,106.94999694824219,106.9800033569336,105.72000122070312,105.72000122070312,97.01376342773438,34234500
2015-03-11,105.87999725341797,106.01000213623047,105.06999969482422,105.11000061035156,96.4540023803711,25459700
2015-03-12,105.02999877929688,105.91999816894531,104.95999908447266,105.80000305175781,97.08719635009766,21473200
2015-03-13,105.69999694824219,106.12000274658203,104.68000030517578,105.33999633789062,96.66506958007812,42021100
2015-03-16,105.7300033569336,106.73999786376953,105.62000274658203,106.69999694824219,97.91307830810547,25674100
2015-03-17,106.41000366210938,107.04000091552734,106.16000366210938,106.87000274658203,98.06906127929688,19603800
2015-03-18,106.58000183105469,108.41000366210938,106.02999877929688,107.91999816894531,99.03260040283203,40622200
2015-03-19,108.02999877929688,108.37999725341797,107.87000274658203,108.08000183105469,99.17940521240234,31314000
2015-03-20,108.72000122070312,109.06999969482422,108.51000213623047,108.52999877929688,99.82140350341797,31761400
2015-03-23,108.47000122070312,108.7699966430664,108.27999877929688,108.31999969482422,99.62828063964844,17268500
2015-03-24,108.30999755859375,108.80999755859375,107.91000366210938,107.93000030517578,99.26957702636719,22445300
2015-03-25,108.0999984741211,108.19999694824219,105.41999816894531,105.45999908447266,96.99774169921875,41581400
2015-03-26,104.58999633789062,105.69999694824219,104.23999786376953,105.0999984741211,96.66666412353516,47846300
2015-03-27,105.08000183105469,105.7699966430664,104.91999816894531,105.5199966430664,97.05296325683594,33878400
2015-03-30,106.16000366210938,106.81999969482422,106.16000366210938,106.7300033569336,98.16584777832031,30570200
2015-03-31,106.43000030517578,106.6500015258789,105.56999969482422,105.5999984741211,97.12651062011719,30488100
2015-04-01,105.5999984741211,105.62000274658203,104.37000274658203,105.05000305175781,96.62066650390625,32970500
2015-04-02,105.1500015258789,105.45999908447266,104.77999877929688,105.12000274658203,96.6850357055664,19164200
2015-04-06,104.5,106.2699966430664,104.33999633789062,105.9800033569336,97.47602081298828,24451100
2015-04-07,105.91999816894531,106.69999694824219,105.80000305175781,105.80000305175781,97.31047821044922,19379400
2015-04-08,105.83999633789062,106.79000091552734,105.83000183105469,106.63999938964844,98.08306884765625,25866900
2015-04-09,106.58999633789062,107.3499984741211,106.2300033569336,107.30999755859375,98.69930267333984,23114700
2015-04-10,107.2699966430664,107.76000213623047,107.02999877929688,107.75,99.10400390625,17164300
2015-04-13,107.83000183105469,108.37999725341797,107.36000061035156,107.4800033569336,98.8556900024414,17783500
2015-04-14,107.37000274658203,107.68000030517578,106.55999755859375,107.16999816894531,98.57054901123047,23755700
2015-04-15,107.44999694824219,108.06999969482422,107.31999969482422,107.83999633789062,99.1867904663086,21128600
2015-04-16,107.55000305175781,107.87999725341797,107.4000015258789,107.69000244140625,99.04883575439453,16195300
2015-04-17,106.66000366210938,106.94999694824219,105.55000305175781,106.01000213623047,97.50363159179688,46514000
2015-04-20,106.54000091552734,107.79000091552734,106.5,107.5999984741211,98.96602630615234,28945900
2015-04-21,108.22000122070312,108.41000366210938,107.93000030517578,108.05999755859375,99.3891372680664,22759800
2015-04-22,108.33999633789062,108.83000183105469,107.63999938964844,108.6500015258789,99.93177795410156,21429200
2015-04-23,108.27999877929688,109.55000305175781,108.26000213623047,109.05999755859375,100.30890655517578,29473200
2015-04-24,110.20999908447266,110.69000244140625,110.02999877929688,110.54000091552734,101.67012023925781,32508100
2015-04-27,110.94999694824219,111.16000366210938,110.0199966430664,110.26000213623047,101.41259002685547,31121300
2015-04-28,110.33999633789062,110.55000305175781,109.11000061035156,110.04000091552734,101.21024322509766,36849200
2015-04-29,109.43000030517578,110.06999969482422,108.75,109.3499984741211,100.57560729980469,34043900
2015-04-30,108.7300033569336,109.16999816894531,107.05999755859375,107.62999725341797,98.99359893798828,44080500
2015-05-01,108.05000305175781,109.12000274658203,108.02999877929688,109.05000305175781,100.2997055053711,32874300
2015-05-04,109.4000015258789,109.91000366210938,109.16999816894531,109.2300033569336,100.46527862548828,23507300
2015-05-05,108.80000305175781,109.0,107.4000015258789,107.44999694824219,98.82807159423828,47843300
2015-05-06,107.63999938964844,107.94999694824219,106.0,106.70999908447266,98.14745330810547,42687200
2015-05-07,106.68000030517578,107.6500015258789,106.5999984741211,107.3499984741211,98.736083984375,29335800
2015-05-08,108.45999908447266,108.91999816894531,108.30000305175781,108.69000244140625,99.96858215332031,33023300
2015-05-11,108.76000213623047,108.9800033569336,108.19000244140625,108.2699966430664,99.58228302001953,19679300
2015-05-12,107.62999725341797,108.33000183105469,106.80000305175781,107.77999877929688,99.1316146850586,33665000
2015-05-13,108.25,108.80999755859375,107.83999633789062,108.0,99.33393859863281,20738400
2015-05-14,108.87999725341797,109.66999816894531,108.4800033569336,109.58000183105469,100.78715515136719,23904200
2015-05-15,109.86000061035156,110.01000213623047,109.30999755859375,109.58000183105469,100.78715515136719,23937400
2015-05-18,109.4000015258789,110.27999877929688,109.31999969482422,110.05999755859375,101.22867584228516,17631100
2015-05-19,110.18000030517578,110.3499984741211,109.76000213623047,109.94000244140625,101.1182861328125,14212900
2015-05-20,110.0199966430664,110.66999816894531,109.43000030517578,110.01000213623047,101.18267822265625,21131900
2015-05-21,109.81999969482422,110.7300033569336,109.66000366210938,110.58000183105469,101.70696258544922,16771800
2015-05-22,110.44999694824219,110.87000274658203,110.37999725341797,110.47000122070312,101.60572052001953,13543800
2015-05-26,110.2300033569336,110.37999725341797,108.76000213623047,109.19999694824219,100.43766784667969,25488400
2015-05-27,109.52999877929688,111.08000183105469,109.29000091552734,110.95999908447266,102.05644226074219,30572700
2015-05-28,110.75,111.01000213623047,110.37000274658203,110.70999908447266,101.82647705078125,17302400
2015-05-29,110.63999938964844,110.79000091552734,109.79000091552734,110.05000305175781,101.2194595336914,30383000
2015-06-01,110.63999938964844,110.72000122070312,109.5199966430664,110.41999816894531,101.55976104736328,24570200
2015-06-02,110.01000213623047,110.61000061035156,109.47000122070312,110.06999969482422,101.23784637451172,19449600
2015-06-03,110.56999969482422,110.80999755859375,110.12999725341797,110.4000015258789,101.5413589477539,20507200
2015-06-04,109.77999877929688,110.4800033569336,109.20999908447266,109.55999755859375,100.76876068115234,31374600
2015-06-05,109.43000030517578,109.69000244140625,108.62999725341797,109.30000305175781,100.52962493896484,22641700
2015-06-08,109.25,109.33000183105469,107.97000122070312,108.19000244140625,99.5086898803711,24549200
2015-06-09,107.93000030517578,108.4000015258789,107.19999694824219,108.01000213623047,99.34312438964844,27554600
2015-06-10,108.37999725341797,109.80999755859375,108.26000213623047,109.48999786376953,100.70441436767578,30297900
2015-06-11,109.86000061035156,110.1500015258789,109.45999908447266,109.6500015258789,100.85153198242188,17593500
2015-06-12,109.06999969482422,109.30000305175781,108.5999984741211,108.75,100.02374267578125,27201800
2015-06-15,107.94000244140625,108.37999725341797,107.30999755859375,108.20999908447266,99.52706146240234,31238800
2015-06-16,108.0999984741211,108.9800033569336,108.05000305175781,108.80000305175781,100.06974792480469,16456900
2015-06-17,108.9800033569336,109.44999694824219,108.43000030517578,109.0999984741211,100.34568786621094,23296700
2015-06-18,109.5,110.87999725341797,109.44000244140625,110.69000244140625,101.8080825805664,43032400
2015-06-19,110.48999786376953,110.58000183105469,109.80999755859375,109.88999938964844,101.30475616455078,27877600
2015-06-22,110.69999694824219,111.02999877929688,110.44999694824219,110.69999694824219,102.05148315429688,19120900
2015-06-23,110.81999969482422,110.88999938964844,110.33000183105469,110.79000091552734,102.13444519042969,18127900
2015-06-24,110.66000366210938,111.12999725341797,110.19000244140625,110.22000122070312,101.60897827148438,15815900
2015-06-25,110.6500015258789,110.76000213623047,109.81999969482422,110.0,101.40617370605469,18326700
2015-06-26,109.9800033569336,110.2300033569336,108.86000061035156,109.2699966430664,100.73318481445312,32311700
2015-06-29,108.05999755859375,108.66000366210938,106.63999938964844,106.69000244140625,98.35475158691406,50874900
2015-06-30,107.48999786376953,107.72000122070312,106.73999786376953,107.06999969482422,98.70504760742188,34809900
2015-07-01,108.12999725341797,108.3499984741211,107.41999816894531,107.91999816894531,99.48865509033203,21293000
2015-07-02,108.2300033569336,108.31999969482422,107.62000274658203,107.94999694824219,99.5163345336914,20499400
2015-07-06,107.2699966430664,108.31999969482422,107.04000091552734,107.69999694824219,99.28583526611328,24311000
2015-07-07,107.81999969482422,108.06999969482422,105.83000183105469,107.97000122070312,99.53475189208984,44230800
2015-07-08,107.19999694824219,107.33000183105469,105.88999938964844,106.08999633789062,97.8016357421875,39691500
2015-07-09,107.5,107.5999984741211,106.0199966430664,106.02999877929688,97.74629211425781,28381000
2015-07-10,107.44000244140625,108.05000305175781,107.05000305175781,107.6500015258789,99.23978424072266,26415800
2015-07-13,108.58000183105469,109.62999725341797,108.56999969482422,109.54000091552734,100.98209381103516,25780700
2015-07-14,109.69000244140625,110.55999755859375,109.62999725341797,110.26000213623047,101.6458511352539,21977200
2015-07-15,110.47000122070312,110.80999755859375,110.06999969482422,110.37999725341797,101.7564697265625,28631500
2015-07-16,111.29000091552734,111.95999908447266,111.06999969482422,111.94000244140625,103.19459533691406,29838900
2015-07-17,112.83999633789062,113.58999633789062,112.6500015258789,113.58999633789062,104.7156982421875,35926800
2015-07-20,113.83000183105469,114.38999938964844,113.4800033569336,113.9800033569336,105.07522583007812,26539000
2015-07-21,114.0199966430664,114.19999694824219,113.58000183105469,113.91000366210938,105.01069641113281,35468900
2015-07-22,112.16999816894531,113.16999816894531,112.16999816894531,112.62000274658203,103.82145690917969,35575000
2015-07-23,112.7300033569336,113.0999984741211,111.91000366210938,112.19999694824219,103.43428039550781,25698300
2015-07-24,112.80000305175781,113.0,110.93000030517578,111.0999984741211,102.42020416259766,30844700
2015-07-27,110.47000122070312,110.94999694824219,109.94000244140625,110.18000030517578,101.57209777832031,35994800
2015-07-28,110.66999816894531,111.3499984741211,109.79000091552734,111.12999725341797,102.44786834716797,33553500
2015-07-29,111.37000274658203,111.79000091552734,110.94000244140625,111.55000305175781,102.83505249023438,26714100
2015-07-30,111.29000091552734,112.2699966430664,110.62000274658203,112.08000183105469,103.32365417480469,25438100
2015-07-31,112.43000030517578,112.48999786376953,111.72000122070312,111.94999694824219,103.20380401611328,22081700
2015-08-03,111.97000122070312,112.27999877929688,110.86000061035156,111.5999984741211,102.88115692138672,25001800
2015-08-04,111.55000305175781,111.75,110.93000030517578,111.38999938964844,102.68756866455078,22132300
2015-08-05,112.01000213623047,113.0,111.87999725341797,112.25,103.48038482666016,28989900
2015-08-06,112.3499984741211,112.5,109.94999694824219,110.44999694824219,101.82099914550781,42125400
2015-08-07,110.18000030517578,110.56999969482422,109.4000015258789,110.30999755859375,101.69194793701172,30006800
2015-08-10,111.01000213623047,111.80999755859375,111.0,111.56999969482422,102.85350799560547,21500800
2015-08-11,110.9800033569336,111.41000366210938,109.52999877929688,110.13999938964844,101.53523254394531,36123300
2015-08-12,109.37999725341797,110.73999786376953,108.22000122070312,110.5199966430664,101.88552856445312,41889000
2015-08-13,110.62999725341797,111.16000366210938,110.0999984741211,110.33999633789062,101.7196044921875,22510500
2015-08-14,110.08000183105469,110.66999816894531,109.86000061035156,110.51000213623047,101.87630462646484,17924900
2015-08-17,110.23999786376953,111.45999908447266,109.95999908447266,111.43000030517578,102.72447204589844,21224900
2015-08-18,111.27999877929688,111.37000274658203,110.70999908447266,110.86000061035156,102.1989974975586,13984400
2015-08-19,110.5199966430664,111.11000061035156,109.48999786376953,110.12999725341797,101.52601623535156,42511400
2015-08-20,109.11000061035156,109.45999908447266,107.06999969482422,107.08000183105469,98.71427917480469,57747300
2015-08-21,105.56999969482422,106.47000122070312,102.4000015258789,102.4000015258789,94.3999252319336,97763400
2015-08-24,94.2300033569336,102.52999877929688,84.73999786376953,98.45999908447266,90.76771545410156,150829900
2015-08-25,102.06999969482422,102.73999786376953,98.01000213623047,98.08999633789062,90.42662811279297,75088300
2015-08-26,100.95999908447266,103.2300033569336,98.93000030517578,103.02999877929688,94.980712890625,104103800
2015-08-27,104.5199966430664,105.70999908447266,103.27999877929688,105.63999938964844,97.38680267333984,69377700
2015-08-28,105.08000183105469,106.0,104.8499984741211,105.62000274658203,97.36833953857422,49919600
2015-08-31,105.02999877929688,105.61000061035156,104.05000305175781,104.30999755859375,96.16072082519531,39549400
2015-09-01,101.70999908447266,103.29000091552734,100.62999725341797,101.05000305175781,93.15541076660156,73155500
2015-09-02,102.87999725341797,103.91999816894531,101.69999694824219,103.9000015258789,95.78272247314453,43963600
2015-09-03,104.30999755859375,105.0199966430664,103.0999984741211,103.38999938964844,95.31255340576172,45131800
2015-09-04,101.97000122070312,102.8499984741211,101.58999633789062,102.16000366210938,94.17866516113281,49379600
2015-09-08,104.12000274658203,105.16999816894531,103.69000244140625,105.04000091552734,96.83367156982422,37343500
2015-09-09,106.27999877929688,106.30999755859375,103.58999633789062,103.86000061035156,95.74585723876953,47146700
2015-09-10,103.73999786376953,105.68000030517578,103.62000274658203,104.98999786376953,96.78759765625,47686700
2015-09-11,104.51000213623047,105.56999969482422,104.20999908447266,105.56999969482422,97.32225799560547,29106100
2015-09-14,105.95999908447266,105.9800033569336,104.8499984741211,105.25,97.02725219726562,19718800
2015-09-15,105.5,106.81999969482422,105.11000061035156,106.48999786376953,98.17039489746094,30020200
2015-09-16,106.51000213623047,107.19000244140625,106.13999938964844,107.08999633789062,98.7234878540039,31329100
2015-09-17,106.9800033569336,108.7300033569336,106.63999938964844,107.12999725341797,98.76038360595703,56139800
2015-09-18,105.2300033569336,106.5999984741211,105.16999816894531,105.3499984741211,97.35575866699219,48384000
2015-09-21,105.93000030517578,106.55000305175781,104.7300033569336,105.68000030517578,97.66069793701172,35772600
2015-09-22,104.05999755859375,104.41999816894531,103.12999725341797,104.0999984741211,96.20059204101562,47359700
2015-09-23,104.37999725341797,104.66000366210938,103.63999938964844,104.18000030517578,96.27449798583984,21775100
2015-09-24,103.16999816894531,104.19000244140625,102.2699966430664,103.80000305175781,95.92333984375,38284300
2015-09-25,104.91000366210938,105.01000213623047,102.27999877929688,102.91999816894531,95.11011505126953,44700000
2015-09-28,102.4800033569336,102.55000305175781,99.69000244140625,99.98999786376953,92.40245819091797,44077500
2015-09-29,100.23999786376953,101.26000213623047,98.75,99.47000122070312,91.92191314697266,49315500
2015-09-30,100.88999938964844,101.87000274658203,100.5,101.76000213623047,94.03813171386719,41411400
2015-10-01,101.94000244140625,102.2300033569336,100.58999633789062,102.22000122070312,94.46322631835938,39339100
2015-10-02,100.80000305175781,104.01000213623047,100.4800033569336,104.01000213623047,96.11740112304688,59370900
2015-10-05,104.77999877929688,105.77999877929688,104.55000305175781,105.5,97.49435424804688,32853500
2015-10-06,105.25,105.5999984741211,104.18000030517578,105.0,97.03231048583984,33051500
2015-10-07,105.66000366210938,105.86000061035156,104.29000091552734,105.62999725341797,97.61445617675781,37389300
2015-10-08,105.2300033569336,106.2300033569336,104.20999908447266,106.05000305175781,98.00261688232422,50188900
2015-10-09,106.0999984741211,106.7300033569336,105.80999755859375,106.52999877929688,98.44619750976562,23916200
2015-10-12,106.7300033569336,106.98999786376953,106.3499984741211,106.79000091552734,98.68647003173828,16162000
2015-10-13,106.18000030517578,107.26000213623047,106.0,106.0999984741211,98.04881286621094,26999600
2015-10-14,106.0999984741211,106.62999725341797,105.48999786376953,105.93000030517578,97.89171600341797,30902600
2015-10-15,106.31999969482422,107.68000030517578,106.18000030517578,107.66999816894531,99.49967956542969,38393800
2015-10-16,107.9000015258789,108.18000030517578,107.37999725341797,108.12000274658203,99.91554260253906,27091100
2015-10-19,107.9800033569336,108.80999755859375,107.73999786376953,108.73999786376953,100.48846435546875,23776300
2015-10-20,108.55000305175781,108.77999877929688,107.80999755859375,108.18000030517578,99.97097778320312,23404700
2015-10-21,108.7300033569336,108.83999633789062,107.4800033569336,107.5199966430664,99.36107635498047,30195200
2015-10-22,108.4800033569336,109.80000305175781,108.16999816894531,109.70999908447266,101.38488006591797,42778700
2015-10-23,112.66000366210938,113.23999786376953,112.06999969482422,112.77999877929688,104.221923828125,53170900
2015-10-26,112.69999694824219,113.06999969482422,112.2699966430664,112.8499984741211,104.28662109375,25918000
2015-10-27,112.55000305175781,113.23999786376953,112.5199966430664,113.08000183105469,104.49916076660156,31390500
2015-10-28,113.25,114.0199966430664,112.33999633789062,114.0199966430664,105.3678207397461,42221900
2015-10-29,113.5,114.02999877929688,113.37999725341797,113.83999633789062,105.20146942138672,24913300
2015-10-30,113.88999938964844,114.08000183105469,113.30000305175781,113.33000183105469,104.73019409179688,27199200
2015-11-02,113.62999725341797,114.75,113.38999938964844,114.61000061035156,105.91304779052734,22176900
2015-11-03,114.37999725341797,115.41999816894531,114.20999908447266,115.01000213623047,106.28270721435547,20418400
2015-11-04,115.38999938964844,115.47000122070312,114.54000091552734,115.0199966430664,106.29194641113281,28633000
2015-11-05,115.12000274658203,115.4000015258789,114.11000061035156,114.70999908447266,106.00544738769531,25004100
2015-11-06,114.48999786376953,114.91999816894531,113.76000213623047,114.79000091552734,106.07938385009766,29924900
2015-11-09,114.36000061035156,114.51000213623047,112.87000274658203,113.56999969482422,104.95195770263672,33479800
2015-11-10,112.97000122070312,113.38999938964844,112.62999725341797,113.27999877929688,104.68399810791016,35452100
2015-11-11,113.58999633789062,114.13999938964844,112.94999694824219,113.13999938964844,104.55464172363281,22748800
2015-11-12,112.68000030517578,113.2300033569336,111.95999908447266,112.04000091552734,103.5380859375,31196900
2015-11-13,111.56999969482422,111.69000244140625,109.77999877929688,109.83999633789062,101.5049819946289,52836000
2015-11-16,109.7300033569336,111.44000244140625,109.4800033569336,111.41999816894531,102.96513366699219,33980600
2015-11-17,111.61000061035156,112.29000091552734,111.20999908447266,111.48999786376953,103.02979278564453,30579500
2015-11-18,111.94000244140625,113.73999786376953,111.83000183105469,113.62999725341797,105.0074234008789,32966500
2015-11-19,113.69000244140625,114.2300033569336,113.48999786376953,113.70999908447266,105.08135223388672,26188100
2015-11-20,114.25,114.56999969482422,114.13999938964844,114.4800033569336,105.79293823242188,22727600
2015-11-23,114.5199966430664,114.94000244140625,113.66000366210938,114.1500015258789,105.48796081542969,20696200
2015-11-24,113.41000366210938,114.31999969482422,112.83999633789062,114.05000305175781,105.39553833007812,26374400
2015-11-25,114.22000122070312,114.36000061035156,113.91000366210938,114.1500015258789,105.48796081542969,14159900
2015-11-27,114.4000015258789,114.54000091552734,113.91999816894531,114.30999755859375,105.63581085205078,8828000
2015-11-30,114.6500015258789,114.6500015258789,113.6500015258789,114.0199966430664,105.3678207397461,25041600
2015-12-01,114.4800033569336,115.16000366210938,114.33999633789062,115.16000366210938,106.42131805419922,28639400
2015-12-02,115.25,115.75,114.27999877929688,114.44999694824219,105.76519012451172,22395500
2015-12-03,114.76000213623047,114.95999908447266,111.83999633789062,112.51000213623047,103.9723892211914,42754300
2015-12-04,112.8499984741211,115.33000183105469,112.62000274658203,115.13999938964844,106.40283966064453,40037300
2015-12-07,115.22000122070312,115.29000091552734,114.06999969482422,114.62000274658203,105.92227172851562,25892100
2015-12-08,113.41999816894531,115.0,113.37999725341797,114.62999725341797,105.93153381347656,30792600
2015-12-09,114.12999725341797,114.76000213623047,112.19999694824219,112.88999938964844,104.32354736328125,48509200
2015-12-10,113.1500015258789,114.16000366210938,112.80999755859375,113.4000015258789,104.79487609863281,30154600
2015-12-11,112.08999633789062,112.38999938964844,110.72000122070312,110.79000091552734,102.38291931152344,56022200
2015-12-14,110.94000244140625,111.68000030517578,109.37999725341797,111.62999725341797,103.15919494628906,53098500
2015-12-15,112.66000366210938,113.27999877929688,112.16999816894531,112.30999755859375,103.78759765625,48428000
2015-12-16,113.06999969482422,114.16999816894531,111.88999938964844,113.9800033569336,105.33086395263672,44944100
2015-12-17,114.4800033569336,114.4800033569336,112.30000305175781,112.31999969482422,103.79682922363281,45668800
2015-12-18,111.62999725341797,111.87999725341797,109.83000183105469,109.83000183105469,101.80577850341797,53746100
2015-12-21,110.87000274658203,111.06999969482422,110.05000305175781,111.05000305175781,102.93663024902344,26432800
2015-12-22,111.63999938964844,111.94000244140625,111.05000305175781,111.77999877929688,103.61329650878906,26540300
2015-12-23,112.36000061035156,112.69000244140625,112.16000366210938,112.61000061035156,104.38262176513672,25656900
2015-12-24,112.61000061035156,112.9000015258789,112.54000091552734,112.58999633789062,104.36410522460938,11468600
2015-12-28,112.31999969482422,112.55000305175781,111.51000213623047,112.52999877929688,104.30848693847656,19183600
2015-12-29,113.19999694824219,114.55000305175781,113.12999725341797,114.30000305175781,105.94917297363281,27725700
2015-12-30,114.19999694824219,114.23999786376953,113.25,113.2699966430664,104.99442291259766,19520100
2015-12-31,112.87000274658203,113.08000183105469,111.83999633789062,111.86000061035156,103.68743896484375,29886800
2016-01-04,109.44999694824219,109.5999984741211,108.12000274658203,109.5,101.4998550415039,50807600
2016-01-05,110.04000091552734,110.18000030517578,108.80000305175781,109.30999755859375,101.32376098632812,38795200
2016-01-06,107.41000366210938,108.88999938964844,107.41000366210938,108.26000213623047,100.35045623779297,41891100
2016-01-07,105.94999694824219,107.29000091552734,104.80999755859375,104.87000274658203,97.2081298828125,61386300
2016-01-08,105.62999725341797,106.29000091552734,103.9000015258789,104.01000213623047,96.4109878540039,69344000
2016-01-11,104.75,105.05999755859375,102.7300033569336,104.33000183105469,96.70758819580078,50024100
2016-01-12,105.33000183105469,106.08000183105469,104.08000183105469,105.54000091552734,97.82918548583984,46734200
2016-01-13,105.97000122070312,106.2300033569336,101.73999786376953,101.9000015258789,94.45516967773438,69870700
2016-01-14,102.30000305175781,104.9800033569336,100.66999816894531,104.06999969482422,96.46659088134766,78445700
2016-01-15,100.62000274658203,101.94000244140625,99.51000213623047,100.83999633789062,93.47257232666016,91443900
2016-01-19,102.20999908447266,102.37000274658203,99.87999725341797,101.05999755859375,93.67646789550781,56563800
2016-01-20,99.47000122070312,101.83000183105469,97.25,100.75,93.38915252685547,86675000
2016-01-21,101.18000030517578,102.3499984741211,99.81999969482422,100.8499984741211,93.48181915283203,61660100
2016-01-22,102.87999725341797,103.80999755859375,102.52999877929688,103.7699966430664,96.18852233886719,42229800
2016-01-25,103.4000015258789,103.98999786376953,102.13999938964844,102.2300033569336,94.76101684570312,38881500
2016-01-26,102.66000366210938,103.58999633789062,101.76000213623047,103.1500015258789,95.61380767822266,36143900
2016-01-27,102.55000305175781,102.98999786376953,100.1500015258789,100.58000183105469,93.23155975341797,54524700
2016-01-28,102.25,102.29000091552734,100.26000213623047,102.0,94.54783630371094,47641500
2016-01-29,101.97000122070312,104.16999816894531,101.94000244140625,104.12999725341797,96.52220153808594,54245100
2016-02-01,103.62999725341797,104.80000305175781,103.2300033569336,104.41000366210938,96.78175354003906,32750300
2016-02-02,103.93000030517578,103.97000122070312,101.83999633789062,102.1500015258789,94.68684387207031,44928100
2016-02-03,102.83000183105469,102.83000183105469,99.87999725341797,101.66000366210938,94.23265075683594,61572900
2016-02-04,101.38999938964844,102.45999908447266,100.44000244140625,101.6500015258789,94.22338104248047,49321600
2016-02-05,101.29000091552734,101.33000183105469,97.72000122070312,98.12000274658203,90.9512710571289,70749900
2016-02-08,96.29000091552734,97.05000305175781,94.83999633789062,96.62000274658203,89.56088256835938,91673100
2016-02-09,95.33000183105469,97.77999877929688,95.18000030517578,96.31999969482422,89.28278350830078,73778400
2016-02-10,97.43000030517578,98.69000244140625,96.62000274658203,96.69000244140625,89.62576293945312,59421700
2016-02-11,95.45999908447266,97.31999969482422,95.19000244140625,96.55000305175781,89.49600219726562,76839200
2016-02-12,97.63999938964844,98.12000274658203,96.7300033569336,98.0199966430664,90.8586196899414,49186500
2016-02-16,99.47000122070312,100.2300033569336,98.8499984741211,100.2300033569336,92.9071273803711,40565900
2016-02-17,100.95999908447266,102.63999938964844,100.69999694824219,102.5,95.01130676269531,41766500
2016-02-18,102.81999969482422,102.83999633789062,101.19999694824219,101.33000183105469,93.9267807006836,38991500
2016-02-19,100.83999633789062,101.94000244140625,100.62000274658203,101.62999725341797,94.20486450195312,28257900
2016-02-22,102.58000183105469,103.37999725341797,102.4800033569336,103.27999877929688,95.73429870605469,23979100
2016-02-23,102.68000030517578,102.95999908447266,101.51000213623047,101.58000183105469,94.15850830078125,29869700
2016-02-24,100.38999938964844,102.68000030517578,99.7699966430664,102.55000305175781,95.05764770507812,40739100
2016-02-25,102.76000213623047,103.55999755859375,101.83999633789062,103.55999755859375,95.99384307861328,29389300
2016-02-26,104.3499984741211,104.37000274658203,103.18000030517578,103.43000030517578,95.87335968017578,30925000
2016-02-29,103.33000183105469,104.0999984741211,102.5,102.5,95.01130676269531,27553900
2016-03-01,103.4800033569336,105.79000091552734,103.16000366210938,105.79000091552734,98.06090545654297,37699800
2016-03-02,105.66000366210938,105.8499984741211,105.01000213623047,105.83000183105469,98.09799194335938,29209800
2016-03-03,105.72000122070312,105.75,104.87000274658203,105.62999725341797,97.91261291503906,25474600
2016-03-04,105.75,106.3499984741211,104.97000122070312,105.66999816894531,97.94967651367188,31655400
2016-03-07,105.12999725341797,105.73999786376953,104.2699966430664,105.0199966430664,97.34716033935547,25861200
2016-03-08,104.30000305175781,105.20999908447266,103.97000122070312,104.1500015258789,96.54077911376953,28898500
2016-03-09,104.54000091552734,104.83999633789062,103.95999908447266,104.81999969482422,97.16178131103516,31047400
2016-03-10,105.26000213623047,105.86000061035156,103.30999755859375,104.66000366210938,97.01347351074219,44236100
2016-03-11,105.79000091552734,106.48999786376953,105.45999908447266,106.48999786376953,98.70978546142578,31454000
2016-03-14,106.08999633789062,106.91999816894531,106.05999755859375,106.66999816894531,98.87664794921875,25374900
2016-03-15,106.29000091552734,106.75,105.94999694824219,106.62999725341797,98.83953857421875,26524600
2016-03-16,106.37000274658203,107.86000061035156,106.33999633789062,107.58000183105469,99.72016143798828,31693100
2016-03-17,107.2699966430664,107.7699966430664,106.87000274658203,107.5199966430664,99.66454315185547,29623700
2016-03-18,107.45999908447266,107.63999938964844,106.80000305175781,107.37000274658203,99.82072448730469,37682300
2016-03-21,107.18000030517578,107.88999938964844,107.12000274658203,107.79000091552734,100.21119689941406,17288600
2016-03-22,107.18000030517578,108.37000274658203,107.16000366210938,108.12000274658203,100.51797485351562,18840300
2016-03-23,107.91000366210938,107.98999786376953,106.98999786376953,107.2300033569336,99.69055938720703,20912900
2016-03-24,106.70999908447266,107.29000091552734,106.52999877929688,107.26000213623047,99.71844482421875,19017300
2016-03-28,107.55999755859375,107.58000183105469,106.91999816894531,107.11000061035156,99.57898712158203,13892300
2016-03-29,106.91000366210938,108.9000015258789,106.7300033569336,108.83000183105469,101.17808532714844,29963900
2016-03-30,109.4800033569336,110.04000091552734,109.12999725341797,109.36000061035156,101.67078399658203,23807200
2016-03-31,109.27999877929688,109.69000244140625,109.02999877929688,109.19999694824219,101.52206420898438,21447200
2016-04-01,108.54000091552734,110.4000015258789,108.38999938964844,110.36000061035156,102.60045623779297,26389000
2016-04-04,110.36000061035156,110.44000244140625,109.68000030517578,109.94000244140625,102.21001434326172,17163000
2016-04-05,109.08999633789062,109.5,108.73999786376953,108.87999725341797,101.22455596923828,20107900
2016-04-06,108.98999786376953,110.70999908447266,108.98999786376953,110.66999816894531,102.88867950439453,25056000
2016-04-07,110.02999877929688,110.2300033569336,108.61000061035156,109.08000183105469,101.41047668457031,28567200
2016-04-08,109.76000213623047,110.0199966430664,108.62000274658203,109.0,101.33610534667969,22898000
2016-04-11,109.47000122070312,110.0199966430664,108.58999633789062,108.5999984741211,100.96424865722656,25772100
2016-04-12,108.68000030517578,109.72000122070312,108.0199966430664,109.51000213623047,101.81026458740234,28564100
2016-04-13,110.3499984741211,111.08000183105469,110.20999908447266,110.91000366210938,103.11180114746094,25356700
2016-04-14,110.93000030517578,111.33000183105469,110.0,110.91999816894531,103.12110137939453,17199700
2016-04-15,110.83000183105469,111.05999755859375,110.36000061035156,110.63999938964844,102.86079406738281,21353300
2016-04-18,110.31999969482422,111.2699966430664,110.25,111.2300033569336,103.40930938720703,17126100
2016-04-19,111.44000244140625,111.44000244140625,109.87999725341797,110.55000305175781,102.77711486816406,42481400
2016-04-20,110.55000305175781,111.1500015258789,110.16999816894531,110.63999938964844,102.86079406738281,18078300
2016-04-21,110.58000183105469,111.05000305175781,110.1500015258789,110.6500015258789,102.87010192871094,20216000
2016-04-22,109.20999908447266,109.72000122070312,108.12000274658203,108.9800033569336,101.31751251220703,39074000
2016-04-25,108.6500015258789,108.98999786376953,108.44999694824219,108.9800033569336,101.31751251220703,14351900
2016-04-26,109.20999908447266,109.38999938964844,108.12000274658203,108.44999694824219,100.82476806640625,19118300
2016-04-27,107.33999633789062,107.83000183105469,106.69000244140625,107.58000183105469,100.01596069335938,33059800
2016-04-28,107.69999694824219,108.33000183105469,106.06999969482422,106.27999877929688,98.8073501586914,29818200
2016-04-29,106.27999877929688,106.5,104.87999725341797,105.72000122070312,98.28671264648438,67502800
2016-05-02,105.98999786376953,106.87000274658203,105.55000305175781,106.72000122070312,99.21641540527344,24813800
2016-05-03,105.95999908447266,106.44000244140625,105.44999694824219,105.7300033569336,98.2960433959961,38569400
2016-05-04,105.08999633789062,105.4800033569336,104.79000091552734,105.05000305175781,97.66383361816406,27474500
2016-05-05,105.43000030517578,105.66000366210938,104.80999755859375,105.0199966430664,97.63594818115234,20788100
2016-05-06,104.5,105.5999984741211,104.4000015258789,105.58000183105469,98.15657806396484,30758500
2016-05-09,105.58999633789062,106.37000274658203,105.54000091552734,105.87999725341797,98.43551635742188,19289600
2016-05-10,106.26000213623047,107.37999725341797,106.06999969482422,107.33000183105469,99.78352355957031,21178900
2016-05-11,107.16999816894531,107.48999786376953,106.33000183105469,106.36000061035156,98.8817138671875,20966300
2016-05-12,106.61000061035156,106.73999786376953,105.13999938964844,105.88999938964844,98.44478607177734,29196300
2016-05-13,105.80000305175781,106.44999694824219,105.29000091552734,105.5,98.08220672607422,21059300
2016-05-16,105.66000366210938,107.20999908447266,105.55999755859375,106.81999969482422,99.30936431884766,18311900
2016-05-17,106.7300033569336,107.04000091552734,105.19999694824219,105.4800033569336,98.06360626220703,29932700
2016-05-18,105.23999786376953,106.43000030517578,105.04000091552734,105.86000061035156,98.4168930053711,27524400
2016-05-19,105.44999694824219,105.70999908447266,104.54000091552734,105.30999755859375,97.90554809570312,27334600
2016-05-20,105.7300033569336,106.9000015258789,105.66999816894531,106.47000122070312,98.98397827148438,29549600
2016-05-23,106.58999633789062,106.97000122070312,106.2300033569336,106.33000183105469,98.85381317138672,15729800
2016-05-24,106.91999816894531,108.58999633789062,106.88999938964844,108.45999908447266,100.83407592773438,29931300
2016-05-25,108.87000274658203,109.56999969482422,108.68000030517578,109.23999786376953,101.55923461914062,37951700
2016-05-26,109.3499984741211,109.69999694824219,109.08999633789062,109.55999755859375,101.85672760009766,21885900
2016-05-27,109.62999725341797,110.13999938964844,109.61000061035156,110.12999725341797,102.38663482666016,19870000
2016-05-31,110.27999877929688,110.51000213623047,109.77999877929688,110.33999633789062,102.58190155029297,24366100
2016-06-01,110.0,110.5999984741211,109.91000366210938,110.3499984741211,102.59117126464844,19571500
2016-06-02,110.12999725341797,110.58999633789062,109.52999877929688,110.58000183105469,102.80502319335938,15696600
2016-06-03,110.37000274658203,110.41999816894531,109.33999633789062,110.05999755859375,102.32158660888672,20269900
2016-06-06,110.26000213623047,110.75,110.06999969482422,110.45999908447266,102.69346618652344,12502400
2016-06-07,110.5199966430664,110.62999725341797,110.12999725341797,110.18000030517578,102.43312072753906,12184300
2016-06-08,110.37000274658203,110.5999984741211,109.95999908447266,110.37000274658203,102.60978698730469,14568700
2016-06-09,109.91999816894531,110.30999755859375,109.70999908447266,110.19000244140625,102.44243621826172,17571600
2016-06-10,109.19000244140625,109.4000015258789,108.55999755859375,108.94000244140625,101.28034973144531,32965000
2016-06-13,108.31999969482422,108.93000030517578,107.88999938964844,108.02999877929688,100.4343032836914,25154700
2016-06-14,107.73999786376953,108.41999816894531,107.23999786376953,108.02999877929688,100.4343032836914,24588500
2016-06-15,108.29000091552734,108.44000244140625,107.54000091552734,107.72000122070312,100.1460952758789,24605700
2016-06-16,107.19000244140625,108.13999938964844,106.5,108.04000091552734,100.4435806274414,32079900
2016-06-17,107.52999877929688,107.68000030517578,106.23999786376953,106.48999786376953,99.26628112792969,29208800
2016-06-20,107.7300033569336,108.23999786376953,107.08000183105469,107.16000366210938,99.89085388183594,20562800
2016-06-21,107.30000305175781,107.72000122070312,107.0999984741211,107.5,100.2077407836914,22804100
2016-06-22,107.55999755859375,108.19000244140625,107.1500015258789,107.23999786376953,99.96538543701172,22724200
2016-06-23,108.06999969482422,108.79000091552734,107.62000274658203,108.7699966430664,101.3916015625,18714200
2016-06-24,104.9000015258789,106.5,104.05999755859375,104.29000091552734,97.21550750732422,68012700
2016-06-27,103.5999984741211,103.5999984741211,101.75,102.22000122070312,95.28590393066406,48222600
2016-06-28,103.3499984741211,104.51000213623047,103.30000305175781,104.45999908447266,97.37397003173828,28260600
2016-06-29,105.27999877929688,106.52999877929688,105.2300033569336,106.30999755859375,99.0984878540039,31356700
2016-06-30,106.48999786376953,107.61000061035156,106.12999725341797,107.54000091552734,100.24505615234375,36300800
2016-07-01,107.48999786376953,108.4800033569336,107.44999694824219,108.08000183105469,100.74842071533203,19902800
2016-07-05,107.51000213623047,107.66000366210938,106.83999633789062,107.41999816894531,100.13316345214844,21167900
2016-07-06,106.91000366210938,108.3499984741211,106.56999969482422,108.30000305175781,100.95350646972656,24579300
2016-07-07,108.4000015258789,108.86000061035156,108.11000061035156,108.62000274658203,101.25177764892578,19161700
2016-07-08,109.19999694824219,110.36000061035156,109.0199966430664,110.30000305175781,102.8178482055664,29457900
2016-07-11,110.66999816894531,111.33999633789062,110.66000366210938,110.93000030517578,103.40509033203125,20218500
2016-07-12,111.61000061035156,111.79000091552734,111.33999633789062,111.48999786376953,103.9271011352539,21906100
2016-07-13,111.75,111.81999969482422,111.20999908447266,111.22000122070312,103.67543029785156,21107800
2016-07-14,111.95999908447266,112.19000244140625,111.69999694824219,111.9800033569336,104.38384246826172,20871000
2016-07-15,112.23999786376953,112.30000305175781,111.55000305175781,111.80000305175781,104.216064453125,17999300
2016-07-18,111.87000274658203,112.73999786376953,111.8499984741211,112.54000091552734,104.90586853027344,20713900
2016-07-19,112.1500015258789,112.4800033569336,111.93000030517578,112.12999725341797,104.52368927001953,18936700
2016-07-20,112.73999786376953,113.6500015258789,112.5999984741211,113.44000244140625,105.74481201171875,24997900
2016-07-21,113.5199966430664,113.73999786376953,112.87000274658203,113.18000030517578,105.50247192382812,18885400
2016-07-22,113.26000213623047,113.77999877929688,112.91000366210938,113.6500015258789,105.94058990478516,20003400
2016-07-25,113.55999755859375,113.69000244140625,113.27999877929688,113.66000366210938,105.94989776611328,12968100
2016-07-26,113.62000274658203,114.19999694824219,113.22000122070312,113.79000091552734,106.07109832763672,21223800
2016-07-27,114.75,114.87999725341797,114.0999984741211,114.58000183105469,106.8074951171875,27646100
2016-07-28,114.76000213623047,115.11000061035156,114.4000015258789,114.9800033569336,107.18037414550781,16939700
2016-07-29,115.23999786376953,115.54000091552734,114.87000274658203,115.2300033569336,107.41342163085938,22385300
2016-08-01,115.30999755859375,116.12999725341797,115.16999816894531,115.83999633789062,107.9820327758789,13990100
2016-08-02,115.66999816894531,115.7699966430664,114.22000122070312,114.95999908447266,107.1617202758789,21278400
2016-08-03,114.87000274658203,115.3499984741211,114.80000305175781,115.33999633789062,107.51593017578125,15011300
2016-08-04,115.30000305175781,115.77999877929688,115.02999877929688,115.66999816894531,107.82353210449219,12835300
2016-08-05,116.26000213623047,117.04000091552734,116.12999725341797,116.77999877929688,108.85826873779297,23196600
2016-08-08,116.83999633789062,116.87000274658203,116.27999877929688,116.6500015258789,108.73707580566406,12358200
2016-08-09,116.73999786376953,117.29000091552734,116.66999816894531,116.91999816894531,108.98875427246094,13276500
2016-08-10,116.98999786376953,117.0199966430664,116.30999755859375,116.62000274658203,108.70912170410156,14688400
2016-08-11,117.0199966430664,117.37000274658203,116.77999877929688,117.12000274658203,109.17520904541016,12969800
2016-08-12,116.91999816894531,117.20999908447266,116.79000091552734,117.19999694824219,109.24977111816406,19379000
2016-08-15,117.3499984741211,117.97000122070312,117.30999755859375,117.69999694824219,109.71583557128906,11777800
2016-08-16,117.4800033569336,117.48999786376953,117.02999877929688,117.05000305175781,109.10995483398438,14161400
2016-08-17,117.08000183105469,117.30000305175781,116.43000030517578,117.26000213623047,109.30569458007812,15980300
2016-08-18,117.1500015258789,117.45999908447266,116.94999694824219,117.29000091552734,109.33367156982422,10036300
2016-08-19,117.08000183105469,117.5199966430664,116.76000213623047,117.26000213623047,109.30569458007812,18743000
2016-08-22,117.08999633789062,117.55000305175781,116.87000274658203,117.3499984741211,109.38959503173828,14500600
2016-08-23,117.80999755859375,118.01000213623047,117.51000213623047,117.55999755859375,109.58535766601562,11997900
2016-08-24,117.4800033569336,117.63999938964844,116.41000366210938,116.80000305175781,108.87690734863281,17728700
2016-08-25,116.5,116.97000122070312,116.36000061035156,116.61000061035156,108.69977569580078,24266300
2016-08-26,116.6500015258789,117.54000091552734,116.08000183105469,116.77999877929688,108.85826873779297,23896000
2016-08-29,116.80999755859375,117.25,116.79000091552734,116.94000244140625,109.00740814208984,11184900
2016-08-30,116.75,117.08999633789062,116.16000366210938,116.55999755859375,108.65314483642578,19843300
2016-08-31,116.37999725341797,116.55999755859375,115.94999694824219,116.44000244140625,108.54132080078125,16169800
2016-09-01,116.4800033569336,116.87999725341797,115.91000366210938,116.73999786376953,108.82095336914062,20944700
2016-09-02,117.31999969482422,117.55999755859375,116.68000030517578,117.12000274658203,109.17520904541016,18088200
2016-09-06,117.31999969482422,117.8499984741211,117.05999755859375,117.8499984741211,109.85568237304688,18525200
2016-09-07,117.95999908447266,118.12000274658203,117.47000122070312,117.91999816894531,109.9209213256836,17546900
2016-09-08,117.56999969482422,117.5999984741211,116.91999816894531,117.2300033569336,109.27776336669922,20125300
2016-09-09,116.25,116.51000213623047,114.26000213623047,114.27999877929688,106.52787017822266,50813300
2016-09-12,113.63999938964844,116.48999786376953,113.62999725341797,116.33000183105469,108.43878936767578,39646000
2016-09-13,115.75,116.08999633789062,114.7300033569336,115.29000091552734,107.46932983398438,45863900
2016-09-14,115.41000366210938,116.47000122070312,115.37999725341797,115.83999633789062,107.9820327758789,28221800
2016-09-15,115.87000274658203,117.81999969482422,115.86000061035156,117.63999938964844,109.65992736816406,38521400
2016-09-16,117.22000122070312,117.41000366210938,116.70999908447266,117.29000091552734,109.60761260986328,27596500
2016-09-19,117.58999633789062,117.94999694824219,116.55000305175781,116.77999877929688,109.1310043334961,16222900
2016-09-20,117.19999694824219,117.4800033569336,116.80000305175781,117.0,109.33660888671875,18078600
2016-09-21,117.5,118.31999969482422,116.80999755859375,118.1500015258789,110.41126251220703,31546800
2016-09-22,118.83999633789062,119.22000122070312,118.72000122070312,119.08999633789062,111.28970336914062,22614400
2016-09-23,119.0,119.0,118.16000366210938,118.33000183105469,110.57948303222656,22213400
2016-09-26,117.66000366210938,117.80000305175781,117.16999816894531,117.33999633789062,109.65430450439453,16403900
2016-09-27,117.26000213623047,118.55999755859375,117.1500015258789,118.5,110.73834228515625,20238400
2016-09-28,118.6500015258789,118.7699966430664,118.08999633789062,118.69999694824219,110.92521667480469,14794300
2016-09-29,118.5,118.72000122070312,117.33000183105469,117.83999633789062,110.1215591430664,27207500
2016-09-30,118.1500015258789,119.06999969482422,118.02999877929688,118.72000122070312,110.9439468383789,25543200
2016-10-03,118.56999969482422,118.69999694824219,118.08999633789062,118.55000305175781,110.78506469726562,19216400
2016-10-04,118.9000015258789,119.16000366210938,117.91999816894531,118.37000274658203,110.61683654785156,21239700
2016-10-05,118.72000122070312,119.16999816894531,118.66999816894531,118.79000091552734,111.00933837890625,14481300
2016-10-06,118.63999938964844,118.9800033569336,118.1500015258789,118.7300033569336,110.9532699584961,11987100
2016-10-07,118.83999633789062,119.01000213623047,117.88999938964844,118.47000122070312,110.71028137207031,19984200
2016-10-10,119.08000183105469,119.4800033569336,119.02999877929688,119.22000122070312,111.41117095947266,19687300
2016-10-11,119.12000274658203,119.13999938964844,117.0,117.5199966430664,109.82252502441406,27774400
2016-10-12,117.62999725341797,117.81999969482422,117.05999755859375,117.41999816894531,109.72908020019531,14267800
2016-10-13,116.62000274658203,117.31999969482422,115.94000244140625,117.0,109.33660888671875,22821000
2016-10-14,117.58000183105469,118.05000305175781,117.06999969482422,117.13999938964844,109.46742248535156,21313300
2016-10-17,117.04000091552734,117.30000305175781,116.66999816894531,116.81999969482422,109.16838836669922,14182700
2016-10-18,118.20999908447266,118.41000366210938,117.80000305175781,117.86000061035156,110.14025115966797,19276700
2016-10-19,117.7699966430664,118.0199966430664,117.63999938964844,117.8499984741211,110.13092041015625,13702900
2016-10-20,117.7300033569336,117.97000122070312,117.02999877929688,117.70999908447266,110.00008392333984,18132200
2016-10-21,117.80000305175781,118.22000122070312,117.41000366210938,118.1500015258789,110.41126251220703,15707800
2016-10-24,118.91000366210938,119.6500015258789,118.88999938964844,119.56999969482422,111.73825073242188,19143000
2016-10-25,119.63999938964844,119.66000366210938,119.01000213623047,119.19000244140625,111.38314056396484,20341800
2016-10-26,118.41999816894531,119.02999877929688,118.02999877929688,118.37999725341797,110.6261978149414,20463700
2016-10-27,118.88999938964844,118.98999786376953,117.66999816894531,117.83999633789062,110.1215591430664,19099800
2016-10-28,117.5,118.11000061035156,116.73999786376953,117.0999984741211,109.43004608154297,35369300
2016-10-31,117.52999877929688,117.52999877929688,116.93000030517578,116.98999786376953,109.32722473144531,18749400
2016-11-01,117.19000244140625,117.20999908447266,115.0999984741211,116.11000061035156,108.50486755371094,23498700
2016-11-02,116.02999877929688,116.30000305175781,114.88999938964844,115.18000030517578,107.63578796386719,26960100
2016-11-03,114.98999786376953,115.37000274658203,113.91999816894531,114.05000305175781,106.57981872558594,36205200
2016-11-04,113.7699966430664,114.54000091552734,113.44999694824219,113.6500015258789,106.20600128173828,26997500
2016-11-07,115.48999786376953,116.47000122070312,115.30000305175781,116.3499984741211,108.7291259765625,26591200
2016-11-08,116.2300033569336,117.63999938964844,115.95999908447266,117.11000061035156,109.43938446044922,20777900
2016-11-09,115.73999786376953,117.83999633789062,115.5999984741211,117.6500015258789,109.94400787353516,70234400
2016-11-10,118.22000122070312,118.37999725341797,114.19999694824219,115.75,108.16846466064453,72825400
2016-11-11,115.25,116.05000305175781,114.83999633789062,115.80000305175781,108.2151870727539,41115200
2016-11-14,115.83000183105469,115.94000244140625,114.02999877929688,114.62999725341797,107.121826171875,35906000
2016-11-15,115.5,116.62000274658203,115.33000183105469,116.22000122070312,108.607666015625,31796600
2016-11-16,115.66999816894531,116.98999786376953,115.66999816894531,116.91000366210938,109.25249481201172,16538100
2016-11-17,116.8499984741211,117.77999877929688,116.61000061035156,117.76000213623047,110.04682922363281,20598600
2016-11-18,117.9000015258789,118.0999984741211,117.20999908447266,117.31999969482422,109.6356430053711,16428700
2016-11-21,117.61000061035156,118.6500015258789,117.56999969482422,118.54000091552734,110.77570343017578,20268500
2016-11-22,119.01000213623047,119.19000244140625,118.61000061035156,118.9000015258789,111.11212921142578,18850600
2016-11-23,118.51000213623047,118.63999938964844,117.9000015258789,118.41999816894531,110.66358184814453,22926000
2016-11-25,118.55999755859375,118.8499984741211,118.41999816894531,118.80000305175781,111.01870727539062,7162800
2016-11-28,118.6500015258789,119.08000183105469,118.41000366210938,118.52999877929688,110.76634216308594,13479000
2016-11-29,118.63999938964844,119.51000213623047,118.30000305175781,118.94000244140625,111.1495361328125,18553000
2016-11-30,119.08999633789062,119.12999725341797,117.45999908447266,117.5,109.80387115478516,30405300
2016-12-01,117.45999908447266,117.47000122070312,115.29000091552734,115.47000122070312,107.90680694580078,39796600
2016-12-02,115.54000091552734,116.16000366210938,115.22000122070312,115.69999694824219,108.12174224853516,32876800
2016-12-05,116.30000305175781,117.05999755859375,115.7699966430664,116.5999984741211,108.96278381347656,21419700
2016-12-06,116.93000030517578,117.08000183105469,116.38999938964844,116.87999725341797,109.22444152832031,27293300
2016-12-07,116.63999938964844,118.51000213623047,116.29000091552734,118.36000061035156,110.60750579833984,26622400
2016-12-08,118.41000366210938,118.87000274658203,118.18000030517578,118.56999969482422,110.8037338256836,18578400
2016-12-09,119.01000213623047,119.54000091552734,119.0,119.5,111.67283630371094,21863100
2016-12-12,118.97000122070312,119.20999908447266,118.47000122070312,118.95999908447266,111.1682357788086,23259300
2016-12-13,119.31999969482422,121.11000061035156,119.31999969482422,120.45999908447266,112.56995391845703,54477900
2016-12-14,120.61000061035156,121.0,119.86000061035156,120.20999908447266,112.33634185791016,28746000
2016-12-15,120.37000274658203,121.11000061035156,120.08000183105469,120.4000015258789,112.51390075683594,22762300
2016-12-16,120.33999633789062,120.58000183105469,119.36000061035156,119.5999984741211,112.0968246459961,26283900
2016-12-19,119.72000122070312,120.83000183105469,119.55000305175781,120.08999633789062,112.55606842041016,21138700
2016-12-20,120.47000122070312,120.7699966430664,120.33000183105469,120.55000305175781,112.98722076416016,11461800
2016-12-21,120.5999984741211,120.68000030517578,120.19000244140625,120.45999908447266,112.90286254882812,7079300
2016-12-22,120.47000122070312,120.5,119.6500015258789,120.12000274658203,112.58419036865234,16645000
2016-12-23,119.91999816894531,120.25,119.80999755859375,120.19999694824219,112.6591567993164,9007500
2016-12-27,120.45999908447266,121.5199966430664,120.41000366210938,120.81999969482422,113.2402572631836,16110600
2016-12-28,121.08000183105469,121.19000244140625,119.80000305175781,119.87999725341797,112.35922241210938,17975200
2016-12-29,119.8499984741211,120.12999725341797,119.33000183105469,119.70999908447266,112.19989776611328,13267500
2016-12-30,119.94000244140625,119.94999694824219,118.13999938964844,118.4800033569336,111.04708099365234,41749000
2017-01-03,119.2699966430664,119.98999786376953,118.88999938964844,119.54000091552734,112.04057312011719,22307600
2017-01-04,119.66999816894531,120.41000366210938,119.66000366210938,120.19000244140625,112.6497802734375,19749100
2017-01-05,120.0999984741211,120.94999694824219,120.0999984741211,120.87000274658203,113.28715515136719,20644300
2017-01-06,121.0,122.25,120.69000244140625,121.93000030517578,114.28062438964844,24074300
2017-01-09,122.02999877929688,122.55000305175781,121.94999694824219,122.33000183105469,114.6555404663086,18909200
2017-01-10,122.37999725341797,122.97000122070312,122.0999984741211,122.5999984741211,114.90858459472656,16176600
2017-01-11,122.6500015258789,122.93000030517578,122.0199966430664,122.93000030517578,115.21791076660156,20686000
2017-01-12,122.48999786376953,122.81999969482422,121.5999984741211,122.73999786376953,115.03982543945312,19622500
2017-01-13,122.80000305175781,123.37000274658203,122.80000305175781,123.16000366210938,115.4334487915039,16930800
2017-01-17,122.83999633789062,123.02999877929688,122.43000030517578,122.79000091552734,115.08667755126953,14538500
2017-01-18,122.97000122070312,123.16000366210938,122.66000366210938,123.04000091552734,115.32099914550781,12499700
2017-01-19,123.22000122070312,123.6500015258789,122.72000122070312,122.9800033569336,115.2647705078125,12710700
2017-01-20,123.5199966430664,123.83000183105469,122.91999816894531,123.25,115.51779174804688,22091000
2017-01-23,123.16999816894531,123.52999877929688,122.56999969482422,123.3499984741211,115.6115493774414,17434200
2017-01-24,123.58999633789062,124.37000274658203,123.37999725341797,124.18000030517578,116.38948059082031,17640900
2017-01-25,124.95999908447266,125.45999908447266,124.8499984741211,125.43000030517578,117.5610580444336,15036200
2017-01-26,125.5999984741211,125.81999969482422,125.33999633789062,125.55999755859375,117.68292999267578,16052200
2017-01-27,125.83000183105469,125.91999816894531,125.38999938964844,125.80000305175781,117.9078598022461,15053000
2017-01-30,125.37999725341797,125.37999725341797,124.12999725341797,124.81999969482422,116.98932647705078,25006700
2017-01-31,124.37999725341797,124.5999984741211,123.8499984741211,124.56999969482422,116.75503540039062,19091100
2017-02-01,125.44999694824219,125.68000030517578,124.86000061035156,125.43000030517578,117.5610580444336,22861900
2017-02-02,125.20999908447266,125.69999694824219,124.86000061035156,125.31999969482422,117.45796966552734,15101400
2017-02-03,125.44999694824219,125.80999755859375,125.33000183105469,125.68000030517578,117.79539489746094,16957200
2017-02-06,125.47000122070312,125.8499984741211,125.3499984741211,125.83000183105469,117.93596649169922,11630100
2017-02-07,126.08999633789062,126.55000305175781,125.97000122070312,126.29000091552734,118.36709594726562,17541100
2017-02-08,126.12000274658203,126.68000030517578,125.87999725341797,126.5,118.56392669677734,12569100
2017-02-09,126.62999725341797,127.23999786376953,126.55999755859375,126.95999908447266,118.99508666992188,17542700
2017-02-10,127.23999786376953,127.55999755859375,127.0199966430664,127.37999725341797,119.38872528076172,13915700
2017-02-13,127.7699966430664,128.25999450683594,127.72000122070312,128.10000610351562,120.0635757446289,19120200
2017-02-14,128.14999389648438,128.5399932861328,127.73999786376953,128.52999877929688,120.46659088134766,16333500
2017-02-15,128.44000244140625,129.35000610351562,128.3699951171875,129.2899932861328,121.17887115478516,17891400
2017-02-16,129.3699951171875,129.6300048828125,128.9199981689453,129.25,121.14141845703125,15098300
2017-02-17,129.05999755859375,129.82000732421875,129.0399932861328,129.80999755859375,121.66629028320312,15563700
2017-02-21,130.05999755859375,130.52999877929688,129.99000549316406,130.4499969482422,122.26614379882812,18479600
2017-02-22,130.3300018310547,130.58999633789062,130.11000061035156,130.5,122.31300354003906,12110900
2017-02-23,130.6999969482422,130.6999969482422,129.49000549316406,130.00999450683594,121.85372161865234,17489000
2017-02-24,129.4199981689453,130.25999450683594,129.3800048828125,130.25999450683594,122.0880355834961,18624500
2017-02-27,130.02000427246094,130.42999267578125,129.8000030517578,130.4199981689453,122.23802185058594,12008700
2017-02-28,130.38999938964844,130.4499969482422,129.66000366210938,130.02000427246094,121.86309051513672,16598600
2017-03-01,130.85000610351562,131.67999267578125,130.60000610351562,131.44000244140625,123.19401550292969,25813800
2017-03-02,131.41000366210938,131.42999267578125,130.6199951171875,130.77999877929688,122.57545471191406,19951400
2017-03-03,130.69000244140625,131.05999755859375,130.33999633789062,131.02000427246094,122.80036926269531,13722700
2017-03-06,130.58999633789062,130.9499969482422,130.2100067138672,130.72999572753906,122.528564453125,12026200
2017-03-07,130.47000122070312,131.0800018310547,130.27999877929688,130.50999450683594,122.32234954833984,15500900
2017-03-08,130.58999633789062,131.14999389648438,130.4600067138672,130.74000549316406,122.53791809082031,15776000
2017-03-09,130.7100067138672,131.02000427246094,130.13999938964844,130.83999633789062,122.63167572021484,20855300
2017-03-10,131.44000244140625,131.60000610351562,130.82000732421875,131.38999938964844,123.14717102050781,21922600
2017-03-13,131.33999633789062,131.63999938964844,131.27000427246094,131.61000061035156,123.35334777832031,10731600
2017-03-14,131.30999755859375,131.36000061035156,130.75999450683594,131.2899932861328,123.05342864990234,14019700
2017-03-15,131.55999755859375,132.41000366210938,131.13999938964844,132.10000610351562,123.8126220703125,22709100
2017-03-16,132.35000610351562,132.35000610351562,131.7100067138672,132.00999450683594,123.72824096679688,18457300
2017-03-17,131.89999389648438,132.0399932861328,131.6199951171875,131.69000244140625,123.6850814819336,21234500
2017-03-20,131.64999389648438,132.11000061035156,131.4600067138672,131.80999755859375,123.79773712158203,10105200
2017-03-21,132.30999755859375,132.42999267578125,129.72999572753906,129.80999755859375,121.91934204101562,35841900
2017-03-22,129.85000610351562,130.82000732421875,129.67999267578125,130.69000244140625,122.74584197998047,29177900
2017-03-23,130.52000427246094,130.8800048828125,130.13999938964844,130.36000061035156,122.43586730957031,20311700
2017-03-24,130.77999877929688,131.2899932861328,130.1300048828125,130.6300048828125,122.68952178955078,22967600
2017-03-27,129.6999969482422,131.07000732421875,129.39999389648438,130.83999633789062,122.8866958618164,18472400
2017-03-28,130.83999633789062,132.02999877929688,130.5500030517578,131.63999938964844,123.6380844116211,23721900
2017-03-29,131.72999572753906,132.3000030517578,131.58999633789062,132.25,124.21100616455078,13710000
2017-03-30,132.1999969482422,132.61000061035156,132.0800018310547,132.47000122070312,124.41764831542969,16092400
2017-03-31,132.27999877929688,132.74000549316406,132.1300048828125,132.3800048828125,124.3331527709961,19841400
2017-04-03,132.49000549316406,132.80999755859375,131.55999755859375,132.3000030517578,124.2579345703125,23700300
2017-04-04,131.9199981689453,132.52999877929688,131.8699951171875,132.50999450683594,124.4552001953125,13400000
2017-04-05,132.6999969482422,133.47999572753906,131.72000122070312,131.97000122070312,123.94804382324219,32011200
2017-04-06,132.10000610351562,132.38999938964844,131.6999969482422,132.0399932861328,124.01380920410156,18832200
2017-04-07,132.0,132.3699951171875,131.5,131.97000122070312,123.94804382324219,16743100
2017-04-10,132.10000610351562,132.57000732421875,131.66000366210938,132.02000427246094,123.99501037597656,15619300
2017-04-11,131.89999389648438,132.10000610351562,130.5,131.4499969482422,123.45962524414062,33778400
2017-04-12,131.42999267578125,131.5399932861328,130.77999877929688,130.9199981689453,122.96182250976562,15955200
2017-04-13,130.74000549316406,131.50999450683594,130.3800048828125,130.39999389648438,122.47348022460938,23683000
2017-04-17,130.77000427246094,131.5,130.72000122070312,131.47999572753906,123.48783111572266,13325500
2017-04-18,131.0399932861328,131.66000366210938,130.9499969482422,131.27999877929688,123.29999542236328,12841100
2017-04-19,131.85000610351562,132.2899932861328,131.30999755859375,131.49000549316406,123.49723815917969,17764800
2017-04-20,132.02000427246094,132.8800048828125,131.82000732421875,132.58999633789062,124.53032684326172,21977900
2017-04-21,132.7100067138672,132.75999450683594,132.22000122070312,132.55999755859375,124.5021743774414,22454900
2017-04-24,134.02999877929688,134.2899932861328,133.8000030517578,134.16000366210938,126.0049057006836,22469900
2017-04-25,134.60000610351562,135.3699951171875,134.47999572753906,135.1300048828125,126.91600799560547,19384400
2017-04-26,135.17999267578125,135.50999450683594,134.86000061035156,134.94000244140625,126.73748779296875,25398500
2017-04-27,135.27000427246094,135.75,135.19000244140625,135.75,127.49819946289062,16136500
2017-04-28,136.2899932861328,136.33999633789062,135.77000427246094,135.99000549316406,127.72362518310547,22771900
2017-05-01,136.44000244140625,137.3800048828125,136.3800048828125,137.1999969482422,128.860107421875,24815500
2017-05-02,137.3699951171875,137.49000549316406,137.02000427246094,137.42999267578125,129.0761260986328,18345100
2017-05-03,137.1199951171875,137.1699981689453,136.6199951171875,136.99000549316406,128.66287231445312,23827600
2017-05-04,136.97000122070312,137.42999267578125,136.55999755859375,137.0399932861328,128.70985412597656,14630100
2017-05-05,137.38999938964844,137.5399932861328,136.8800048828125,137.5399932861328,129.17945861816406,19330700
2017-05-08,137.61000061035156,137.83999633789062,137.3300018310547,137.83999633789062,129.46119689941406,13279900
2017-05-09,138.0500030517578,138.6300048828125,137.92999267578125,138.32000732421875,129.9120635986328,28426100
2017-05-10,138.39999389648438,138.4499969482422,137.91000366210938,138.39999389648438,129.9871826171875,20499400
2017-05-11,138.02000427246094,138.3300018310547,137.3800048828125,138.2899932861328,129.8838653564453,27232100
2017-05-12,138.35000610351562,138.6300048828125,138.22999572753906,138.60000610351562,130.175048828125,19738600
2017-05-15,138.66000366210938,139.1199951171875,138.52999877929688,139.0399932861328,130.58827209472656,20481300
2017-05-16,139.39999389648438,139.63999938964844,138.99000549316406,139.6199951171875,131.13302612304688,21786000
2017-05-17,138.50999450683594,138.77000427246094,136.0500030517578,136.07000732421875,127.7988510131836,55642200
2017-05-18,136.02000427246094,137.72000122070312,135.8699951171875,137.25999450683594,128.9164581298828,41319900
2017-05-19,137.75,138.4199981689453,137.66000366210938,137.83999633789062,129.46119689941406,36730100
2017-05-22,138.14999389648438,139.07000732421875,138.10000610351562,139.0,130.5506591796875,19509700
2017-05-23,139.41000366210938,139.4199981689453,138.77999877929688,139.13999938964844,130.68215942382812,19687500
2017-05-24,139.55999755859375,139.85000610351562,139.1699981689453,139.77999877929688,131.2832489013672,15891900
2017-05-25,140.30999755859375,141.3300018310547,140.00999450683594,140.97000122070312,132.40097045898438,23928600
2017-05-26,141.0,141.27999877929688,140.80999755859375,141.22000122070312,132.6357879638672,13851600
2017-05-30,141.14999389648438,141.50999450683594,141.05999755859375,141.33999633789062,132.7484588623047,20306400
2017-05-31,141.83999633789062,141.83999633789062,140.57000732421875,141.2899932861328,132.70152282714844,33229400
2017-06-01,141.5800018310547,141.89999389648438,140.97999572753906,141.83999633789062,133.2180633544922,20120700
2017-06-02,142.33999633789062,143.49000549316406,142.11000061035156,143.4600067138672,134.73965454101562,37222900
2017-06-05,143.4499969482422,143.67999267578125,143.22999572753906,143.42999267578125,134.71142578125,15727500
2017-06-06,143.25999450683594,143.72999572753906,142.64999389648438,142.86000061035156,134.17608642578125,22393000
2017-06-07,143.25999450683594,143.5399932861328,142.60000610351562,143.4199981689453,134.7020263671875,18842400
2017-06-08,143.74000549316406,143.8000030517578,142.7899932861328,143.57000732421875,134.84291076660156,25417400
2017-06-09,143.74000549316406,143.89999389648438,138.11000061035156,139.97999572753906,131.47117614746094,109783700
2017-06-12,138.8000030517578,139.47999572753906,137.47000122070312,139.22999572753906,130.76669311523438,104454000
2017-06-13,140.00999450683594,140.55999755859375,139.27999877929688,140.36000061035156,131.8280487060547,51193000
2017-06-14,140.92999267578125,140.92999267578125,138.6199951171875,139.75,131.25514221191406,60093800
2017-06-15,138.33999633789062,139.27999877929688,137.49000549316406,139.1300048828125,130.6728515625,55145200
2017-06-16,138.67999267578125,138.77999877929688,137.63999938964844,138.14999389648438,130.1058807373047,48087400
2017-06-19,139.49000549316406,140.58999633789062,139.27999877929688,140.4600067138672,132.28135681152344,39626500
2017-06-20,140.32000732421875,140.5,139.30999755859375,139.36000061035156,131.24542236328125,40935100
2017-06-21,139.67999267578125,140.80999755859375,139.58999633789062,140.74000549316406,132.54507446289062,35743400
2017-06-22,140.9600067138672,141.22000122070312,140.33999633789062,140.6999969482422,132.50733947753906,24099100
2017-06-23,140.5399932861328,141.4199981689453,140.14999389648438,141.24000549316406,133.0159454345703,21654300
2017-06-26,142.0500030517578,142.2899932861328,140.27000427246094,140.5800018310547,132.3944091796875,34411100
2017-06-27,140.0500030517578,140.22000122070312,138.02000427246094,138.02999877929688,129.99285888671875,65957800
2017-06-28,138.5399932861328,140.13999938964844,137.74000549316406,140.02000427246094,131.86695861816406,57427200
2017-06-29,139.44000244140625,139.44000244140625,136.25,137.58999633789062,129.5784454345703,88769400
2017-06-30,137.97999572753906,138.6699981689453,137.19000244140625,137.63999938964844,129.62551879882812,68898300
2017-07-03,138.27000427246094,138.42999267578125,136.10000610351562,136.19000244140625,128.25999450683594,32797000
2017-07-05,136.6199951171875,137.89999389648438,136.16000366210938,137.52999877929688,129.52198791503906,42116600
2017-07-06,136.47999572753906,137.05999755859375,135.8000030517578,136.2899932861328,128.3541717529297,48430500
2017-07-07,136.75,138.1300048828125,136.74000549316406,137.75999450683594,129.7386016845703,36970400
2017-07-10,137.85000610351562,138.99000549316406,137.5,138.66000366210938,130.58619689941406,24853500
2017-07-11,138.4600067138672,139.22000122070312,137.94000244140625,139.0500030517578,130.95346069335938,31517700
2017-07-12,140.24000549316406,140.86000061035156,139.9600067138672,140.6999969482422,132.50733947753906,36045800
2017-07-13,140.8699951171875,141.35000610351562,140.60000610351562,141.00999450683594,132.79931640625,31073600
2017-07-14,141.63999938964844,142.3000030517578,141.19000244140625,142.1199951171875,133.84469604492188,34544800
2017-07-17,142.27000427246094,142.69000244140625,141.9199981689453,142.19000244140625,133.91062927246094,25343200
2017-07-18,142.08999633789062,143.1699981689453,141.63999938964844,143.13999938964844,134.8052978515625,25748500
2017-07-19,143.55999755859375,144.19000244140625,143.5,143.97999572753906,135.5963897705078,33752300
2017-07-20,144.35000610351562,144.44000244140625,143.52000427246094,144.1699981689453,135.77529907226562,36139400
2017-07-21,143.63999938964844,144.11000061035156,143.35000610351562,144.11000061035156,135.7187957763672,39697100
2017-07-24,144.08999633789062,144.8699951171875,143.9199981689453,144.77000427246094,136.34042358398438,26712700
2017-07-25,144.2899932861328,144.74000549316406,144.00999450683594,144.39999389648438,135.99192810058594,28120900
2017-07-26,144.75999450683594,144.9499969482422,144.52999877929688,144.8699951171875,136.43453979492188,18610600
2017-07-27,145.82000732421875,145.9600067138672,142.3000030517578,143.9600067138672,135.5775604248047,80665900
2017-07-28,143.10000610351562,144.0800018310547,142.8699951171875,143.83999633789062,135.46450805664062,38013200
2017-07-31,144.25,144.42999267578125,142.9199981689453,143.22999572753906,134.8900604248047,33848600
2017-08-01,143.72000122070312,143.75999450683594,143.1199951171875,143.55999755859375,135.2008514404297,20149400
2017-08-02,144.49000549316406,144.52000427246094,142.61000061035156,143.9499969482422,135.5681610107422,41769700
2017-08-03,144.08999633789062,144.1699981689453,143.1300048828125,143.38999938964844,135.04075622558594,27112800
2017-08-04,143.7100067138672,143.97000122070312,143.05999755859375,143.64999389648438,135.2855682373047,29472900
2017-08-07,143.91000366210938,144.55999755859375,143.7100067138672,144.55999755859375,136.14259338378906,17933900
2017-08-08,144.27999877929688,145.47000122070312,143.89999389648438,144.30999755859375,135.9072265625,30810400
2017-08-09,143.1199951171875,144.19000244140625,142.7899932861328,144.1199951171875,135.72821044921875,36169500
2017-08-10,143.3000030517578,143.39999389648438,140.88999938964844,141.02999877929688,132.81820678710938,63331700
2017-08-11,141.22000122070312,142.41000366210938,140.89999389648438,142.10000610351562,133.8258819580078,45862500
2017-08-14,143.22999572753906,144.14999389648438,143.19000244140625,143.92999267578125,135.54930114746094,34161000
2017-08-15,144.2899932861328,144.3000030517578,143.63999938964844,144.02999877929688,135.6435089111328,25509200
2017-08-16,144.38999938964844,144.9600067138672,143.8000030517578,144.27999877929688,135.8788604736328,31913000
2017-08-17,143.72000122070312,143.94000244140625,141.3300018310547,141.3300018310547,133.1007080078125,70191000
2017-08-18,141.41000366210938,142.1999969482422,140.64999389648438,141.22999572753906,133.00653076171875,60751900
2017-08-21,141.22000122070312,141.52999877929688,140.17999267578125,141.0500030517578,132.83700561523438,37111500
2017-08-22,141.80999755859375,143.35000610351562,141.75999450683594,143.1999969482422,134.86184692382812,36294200
2017-08-23,142.47999572753906,143.00999450683594,142.3800048828125,142.69000244140625,134.3814697265625,25702300
2017-08-24,143.00999450683594,143.1699981689453,141.47000122070312,142.27000427246094,133.9860076904297,38160800
2017-08-25,142.82000732421875,143.17999267578125,141.77999877929688,141.97000122070312,133.7034454345703,26380400
2017-08-28,142.39999389648438,142.74000549316406,141.9499969482422,142.41000366210938,134.11778259277344,15362100
2017-08-29,141.19000244140625,143.2100067138672,141.05999755859375,142.97000122070312,134.64524841308594,24498300
2017-08-30,143.08999633789062,144.88999938964844,143.0,144.64999389648438,136.22735595703125,33642700
2017-08-31,145.05999755859375,146.2100067138672,144.97999572753906,146.1999969482422,137.6871337890625,38480700
2017-09-01,146.38999938964844,146.58999633789062,145.61000061035156,146.0,137.49876403808594,22293600
2017-09-05,145.57000732421875,145.8800048828125,143.60000610351562,144.69000244140625,136.26507568359375,44794300
2017-09-06,145.05999755859375,145.4600067138672,144.0800018310547,145.1300048828125,136.67941284179688,30722700
2017-09-07,145.39999389648438,145.83999633789062,144.94000244140625,145.47000122070312,136.9996337890625,22721100
2017-09-08,145.27999877929688,145.35000610351562,144.05999755859375,144.2100067138672,135.8130340576172,27890100
2017-09-11,145.33999633789062,146.1199951171875,145.3000030517578,145.8699951171875,137.37632751464844,27126300
2017-09-12,146.27999877929688,146.41000366210938,145.52999877929688,146.22000122070312,137.7059783935547,30256700
2017-09-13,145.97000122070312,146.44000244140625,145.72999572753906,146.4199981689453,137.8943328857422,28450900
2017-09-14,145.85000610351562,146.2899932861328,145.47000122070312,145.55999755859375,137.08441162109375,35296400
2017-09-15,145.52999877929688,146.58999633789062,145.2899932861328,146.05999755859375,137.55526733398438,46422400
2017-09-18,145.91000366210938,146.3699951171875,145.11000061035156,145.5500030517578,137.37503051757812,24858200
2017-09-19,145.80999755859375,146.00999450683594,145.30999755859375,145.8000030517578,137.6109619140625,20871200
2017-09-20,145.75,145.91000366210938,144.22999572753906,145.35000610351562,137.18624877929688,34236200
2017-09-21,145.25,145.25999450683594,143.9499969482422,144.4600067138672,136.34622192382812,28841800
2017-09-22,144.0,144.52999877929688,143.85000610351562,144.32000732421875,136.21409606933594,21702400
2017-09-25,143.75,143.8300018310547,142.10000610351562,142.8000030517578,134.7794952392578,54947700
2017-09-26,143.52999877929688,143.8000030517578,142.6699981689453,143.1699981689453,135.12869262695312,29628800
2017-09-27,143.92999267578125,145.0,143.57000732421875,144.4600067138672,136.34622192382812,33249400
2017-09-28,144.11000061035156,144.55999755859375,143.77999877929688,144.41000366210938,136.29905700683594,24149400
2017-09-29,144.6999969482422,145.55999755859375,144.32000732421875,145.4499969482422,137.2806396484375,43102400
2017-10-02,145.6699981689453,146.1699981689453,144.92999267578125,145.5800018310547,137.4033203125,27351300
2017-10-03,145.77000427246094,146.05999755859375,145.4499969482422,145.88999938964844,137.69586181640625,19715200
2017-10-04,145.61000061035156,146.33999633789062,145.47000122070312,146.02999877929688,137.8280029296875,26381100
2017-10-05,146.55999755859375,147.5399932861328,146.41000366210938,147.4600067138672,139.17771911621094,31562400
2017-10-06,146.9600067138672,147.66000366210938,146.9600067138672,147.66000366210938,139.36651611328125,23561100
2017-10-09,147.85000610351562,148.00999450683594,147.3000030517578,147.49000549316406,139.20608520507812,13704800
2017-10-10,147.99000549316406,148.13999938964844,146.9499969482422,147.60000610351562,139.3098602294922,19223100
2017-10-11,147.52999877929688,148.07000732421875,147.33999633789062,148.0399932861328,139.72518920898438,12439100
2017-10-12,147.82000732421875,148.35000610351562,147.6199951171875,147.77000427246094,139.47030639648438,14513500
2017-10-13,148.3699951171875,148.50999450683594,147.77999877929688,148.33999633789062,140.00828552246094,18409900
2017-10-16,148.7100067138672,148.88999938964844,148.38999938964844,148.85000610351562,140.48963928222656,21809400
2017-10-17,148.8000030517578,149.05999755859375,148.57000732421875,149.0399932861328,140.6690216064453,13138200
2017-10-18,149.19000244140625,149.2100067138672,148.63999938964844,148.86000061035156,140.4990692138672,17218200
2017-10-19,147.99000549316406,148.3300018310547,147.27000427246094,148.30999755859375,139.97996520996094,27680300
2017-10-20,148.91000366210938,149.0399932861328,148.52999877929688,148.7100067138672,140.35751342773438,30173300
2017-10-23,149.02000427246094,149.02999877929688,147.52999877929688,147.74000549316406,139.4419708251953,29297100
2017-10-24,148.02999877929688,148.3000030517578,147.44000244140625,147.99000549316406,139.67794799804688,20289500
2017-10-25,147.6999969482422,148.17999267578125,146.3300018310547,147.42999267578125,139.1494140625,36179100
2017-10-26,147.33999633789062,147.7100067138672,146.9199981689453,146.9600067138672,138.70584106445312,28230200
2017-10-27,149.42999267578125,151.52000427246094,149.1999969482422,151.24000549316406,142.74546813964844,60165100
2017-10-30,151.1300048828125,152.19000244140625,150.99000549316406,151.5800018310547,143.06631469726562,31733400
2017-10-31,152.07000732421875,152.3699951171875,151.6300048828125,152.14999389648438,143.6042938232422,26319300
2017-11-01,152.75999450683594,152.8300018310547,151.5,152.10000610351562,143.55714416503906,29481600
2017-11-02,151.92999267578125,151.99000549316406,150.77000427246094,151.80999755859375,143.28341674804688,31017400
2017-11-03,152.36000061035156,153.2899932861328,151.83999633789062,153.27000427246094,144.66139221191406,26199200
2017-11-06,153.14999389648438,153.85000610351562,153.10000610351562,153.7899932861328,145.15219116210938,28693900
2017-11-07,153.6699981689453,154.0800018310547,153.33999633789062,153.8800048828125,145.23712158203125,21333100
2017-11-08,153.8000030517578,154.5399932861328,153.6199951171875,154.5,145.82232666015625,17373500
2017-11-09,153.22999572753906,153.77000427246094,152.11000061035156,153.69000244140625,145.0578155517578,40594500
2017-11-10,153.3300018310547,153.8000030517578,153.05999755859375,153.67999267578125,145.04840087890625,20150800
2017-11-13,153.10000610351562,154.07000732421875,153.10000610351562,153.8699951171875,145.22767639160156,12522400
2017-11-14,153.3300018310547,153.5,152.57000732421875,153.30999755859375,144.69918823242188,25173800
2017-11-15,152.64999389648438,153.0,151.77999877929688,152.58999633789062,144.01962280273438,24808000
2017-11-16,153.36000061035156,154.88999938964844,153.3300018310547,154.5399932861328,145.8600311279297,34790600
2017-11-17,154.5800018310547,154.69000244140625,153.8000030517578,153.9499969482422,145.30325317382812,28725800
2017-11-20,154.05999755859375,154.1999969482422,153.61000061035156,153.8300018310547,145.18994140625,21143900
2017-11-21,154.55999755859375,155.57000732421875,154.49000549316406,155.5,146.76617431640625,20147800
2017-11-22,155.63999938964844,155.83999633789062,155.33999633789062,155.69000244140625,146.94549560546875,17299000
2017-11-24,155.85000610351562,156.30999755859375,155.75999450683594,156.25999450683594,147.4834747314453,8280600
2017-11-27,156.2100067138672,156.55999755859375,155.8300018310547,156.19000244140625,147.41737365722656,22653400
2017-11-28,156.5399932861328,156.69000244140625,155.6999969482422,156.58999633789062,147.79490661621094,25227300
2017-11-29,156.41000366210938,156.4499969482422,153.1199951171875,153.86000061035156,145.21827697753906,71986300
2017-11-30,154.50999450683594,155.4499969482422,154.14999389648438,155.14999389648438,146.435791015625,56595500
2017-12-01,154.1999969482422,155.24000549316406,152.25999450683594,154.49000549316406,145.8128662109375,59015800
2017-12-04,155.4600067138672,155.6300048828125,152.55999755859375,152.7100067138672,144.1328887939453,51319100
2017-12-05,152.67999267578125,154.5500030517578,152.10000610351562,152.80999755859375,144.2272186279297,40604200
2017-12-06,152.24000549316406,153.74000549316406,152.05999755859375,153.5,144.87847900390625,28647800
2017-12-07,153.49000549316406,154.4600067138672,153.3300018310547,154.02000427246094,145.36932373046875,32666200
2017-12-08,155.14999389648438,155.52999877929688,154.4600067138672,154.6999969482422,146.0110321044922,28081700
2017-12-11,154.77000427246094,155.9499969482422,154.75999450683594,155.89999389648438,147.14369201660156,20821500
2017-12-12,155.8300018310547,156.14999389648438,155.36000061035156,155.69000244140625,146.94549560546875,20310300
2017-12-13,156.32000732421875,156.49000549316406,155.75999450683594,155.99000549316406,147.22865295410156,24418500
2017-12-14,156.25999450683594,156.66000366210938,155.7100067138672,155.8800048828125,147.12477111816406,24594700
2017-12-15,156.49000549316406,157.82000732421875,156.22999572753906,157.64999389648438,148.7953643798828,49816200
2017-12-18,158.36000061035156,158.77000427246094,158.07000732421875,158.63999938964844,150.04290771484375,26844500
2017-12-19,158.33999633789062,158.5,157.25999450683594,157.6999969482422,149.15382385253906,31415000
2017-12-20,158.25,158.27999877929688,156.91000366210938,157.52999877929688,148.99307250976562,38972600
2017-12-21,157.75,158.25,157.3699951171875,157.5500030517578,149.01194763183594,18638700
2017-12-22,157.30999755859375,157.42999267578125,156.9499969482422,157.3699951171875,148.8417510986328,23330400
2017-12-26,156.49000549316406,156.72000122070312,155.9499969482422,156.52000427246094,148.0377655029297,21918700
2017-12-27,156.52999877929688,156.9600067138672,156.38999938964844,156.5399932861328,148.05674743652344,22388200
2017-12-28,157.0399932861328,157.07000732421875,156.5399932861328,156.72999572753906,148.2364501953125,25393800
2017-12-29,156.8699951171875,156.89999389648438,155.6999969482422,155.75999450683594,147.3189697265625,33186000
2018-01-02,156.55999755859375,158.52999877929688,156.1699981689453,158.49000549316406,149.90106201171875,32573300
2018-01-03,158.63999938964844,160.1699981689453,158.61000061035156,160.02999877929688,151.35755920410156,29383600
2018-01-04,160.5800018310547,160.7899932861328,160.0800018310547,160.30999755859375,151.62240600585938,24776100
2018-01-05,161.07000732421875,162.02999877929688,160.77000427246094,161.9199981689453,153.1451416015625,26992300
2018-01-08,161.9199981689453,162.6300048828125,161.86000061035156,162.5500030517578,153.74105834960938,23159100
2018-01-09,162.8699951171875,163.0399932861328,162.07000732421875,162.55999755859375,153.75047302246094,24782400
2018-01-10,161.83999633789062,162.2100067138672,161.1199951171875,162.17999267578125,153.39108276367188,34004000
2018-01-11,162.4600067138672,163.3000030517578,162.2100067138672,163.2899932861328,154.44091796875,20473500
2018-01-12,163.14999389648438,164.66000366210938,162.94000244140625,164.49000549316406,155.57589721679688,37762700
2018-01-16,165.5800018310547,166.4199981689453,163.52999877929688,164.02000427246094,155.13133239746094,41231800
2018-01-17,164.8000030517578,166.0399932861328,164.0,165.7899932861328,156.80543518066406,33849900
2018-01-18,165.52999877929688,166.1999969482422,165.13999938964844,165.82000732421875,156.83384704589844,26432200
2018-01-19,166.30999755859375,166.61000061035156,165.5399932861328,166.33999633789062,157.3256072998047,38937600
2018-01-22,166.27999877929688,168.1199951171875,166.08999633789062,168.1199951171875,159.00918579101562,26081400
2018-01-23,168.63999938964844,169.66000366210938,168.55999755859375,169.50999450683594,160.32383728027344,37989700
2018-01-24,169.8699951171875,170.24000549316406,167.44000244140625,168.41000366210938,159.28343200683594,54287400
2018-01-25,169.57000732421875,169.6300048828125,167.80999755859375,168.35000610351562,159.2266845703125,28925000
2018-01-26,169.2899932861328,170.9499969482422,168.9600067138672,170.92999267578125,161.66690063476562,32038200
2018-01-29,170.57000732421875,170.91000366210938,169.74000549316406,170.10000610351562,160.88194274902344,37277800
2018-01-30,168.5500030517578,169.4199981689453,167.82000732421875,168.6999969482422,159.5576934814453,44987700
2018-01-31,169.64999389648438,169.99000549316406,168.33999633789062,169.39999389648438,160.21983337402344,42449200
2018-02-01,168.10000610351562,169.72999572753906,167.4199981689453,167.9600067138672,158.8578338623047,38037900
2018-02-02,167.3000030517578,167.6999969482422,164.47000122070312,164.61000061035156,155.6893768310547,68478100
2018-02-05,163.07000732421875,165.75,158.0,158.1199951171875,149.55108642578125,105372200
2018-02-06,155.80999755859375,162.50999450683594,155.10000610351562,162.30999755859375,153.5139923095703,118537900
2018-02-07,161.7899932861328,163.5500030517578,160.1999969482422,160.2100067138672,151.52784729003906,91028300
2018-02-08,160.6199951171875,160.8000030517578,153.4499969482422,153.4499969482422,145.13418579101562,94184800
2018-02-09,155.6199951171875,157.24000549316406,150.1300048828125,156.10000610351562,147.6405487060547,113836600
2018-02-12,157.6999969482422,159.9499969482422,156.4600067138672,158.8699951171875,150.2604217529297,63050600
2018-02-13,157.9600067138672,160.00999450683594,157.72000122070312,159.69000244140625,151.03599548339844,31785600
2018-02-14,158.75,162.92999267578125,158.0,162.67999267578125,153.86395263671875,52107400
2018-02-15,164.13999938964844,165.6999969482422,162.44000244140625,165.6999969482422,156.72027587890625,51633900
2018-02-16,165.16000366210938,166.75999450683594,164.67999267578125,164.9600067138672,156.02037048339844,62256300
2018-02-20,164.3800048828125,166.67999267578125,164.30999755859375,165.2899932861328,156.33255004882812,36785600
2018-02-21,166.10000610351562,167.72000122070312,164.72000122070312,164.82000732421875,155.88796997070312,41161800
2018-02-22,165.5399932861328,166.4199981689453,164.3800048828125,164.8000030517578,155.869140625,37074400
2018-02-23,166.1300048828125,168.1699981689453,165.4499969482422,168.1699981689453,159.05645751953125,50096900
2018-02-26,168.9600067138672,170.39999389648438,168.82000732421875,170.39999389648438,161.1656036376953,39266700
2018-02-27,170.4499969482422,170.72999572753906,168.2100067138672,168.2899932861328,159.16993713378906,42209900
2018-02-28,169.25,169.8000030517578,167.10000610351562,167.2100067138672,158.1484375,42936300
2018-03-01,167.3000030517578,168.07000732421875,163.0,164.47999572753906,155.56642150878906,76809900
2018-03-02,162.5,166.27999877929688,161.9600067138672,165.99000549316406,156.99456787109375,57445100
2018-03-05,165.2100067138672,168.25999450683594,164.58999633789062,167.8300018310547,158.73486328125,38540200
2018-03-06,168.64999389648438,169.11000061035156,167.47999572753906,168.5399932861328,159.40638732910156,29480900
2018-03-07,167.25,169.07000732421875,166.9600067138672,168.92999267578125,159.77529907226562,34609400
2018-03-08,169.6300048828125,169.97999572753906,168.9499969482422,169.86000061035156,160.65487670898438,25828400
2018-03-09,171.07000732421875,173.16000366210938,170.82000732421875,173.16000366210938,163.7760467529297,38310500
2018-03-12,173.6699981689453,174.47999572753906,173.27999877929688,174.0800018310547,164.64614868164062,37635000
2018-03-13,174.47999572753906,175.2100067138672,171.27000427246094,171.7100067138672,162.40463256835938,55638900
2018-03-14,172.61000061035156,172.74000549316406,170.92999267578125,171.67999267578125,162.376220703125,40536400
2018-03-15,171.8000030517578,172.52999877929688,170.89999389648438,171.52999877929688,162.23434448242188,28810400
2018-03-16,171.82000732421875,172.1999969482422,170.94000244140625,171.02000427246094,161.7519989013672,31176700
2018-03-19,169.10000610351562,169.22000122070312,165.63999938964844,167.10000610351562,158.30087280273438,71395100
2018-03-20,167.1699981689453,168.0399932861328,166.61000061035156,167.64999389648438,158.82188415527344,34075700
2018-03-21,167.2100067138672,168.75999450683594,166.19000244140625,166.9199981689453,158.1303253173828,43863500
2018-03-22,164.61000061035156,165.77000427246094,162.58999633789062,162.8000030517578,154.22727966308594,66607300
2018-03-23,162.61000061035156,163.3000030517578,158.42999267578125,158.50999450683594,150.16317749023438,80110400
2018-03-26,161.72000122070312,164.60000610351562,159.16000366210938,164.39999389648438,155.7430419921875,57481500
2018-03-27,165.6199951171875,165.6199951171875,157.67999267578125,159.0800018310547,150.7031707763672,78889100
2018-03-28,158.1699981689453,159.77999877929688,156.0399932861328,157.25,148.9695587158203,89369700
2018-03-29,158.10000610351562,161.7100067138672,156.6300048828125,160.1300048828125,151.69786071777344,68692600
2018-04-02,158.99000549316406,159.74000549316406,153.8800048828125,155.50999450683594,147.32113647460938,85549400
2018-04-03,156.8699951171875,157.9199981689453,154.44000244140625,157.25999450683594,148.97898864746094,64090000
2018-04-04,154.22000122070312,160.22999572753906,154.0399932861328,159.74000549316406,151.32839965820312,65768700
2018-04-05,161.3300018310547,161.5800018310547,159.47999572753906,160.64999389648438,152.19052124023438,43054900
2018-04-06,158.8800048828125,160.4600067138672,155.8800048828125,156.6300048828125,148.38221740722656,59870900
2018-04-09,157.97999572753906,160.8800048828125,157.4600067138672,157.72999572753906,149.42430114746094,41810400
2018-04-10,160.2100067138672,161.72999572753906,159.07000732421875,161.2100067138672,152.72097778320312,48296800
2018-04-11,160.1999969482422,162.0,160.10000610351562,160.27999877929688,151.8399200439453,41622100
2018-04-12,161.25,162.77000427246094,161.16000366210938,162.2100067138672,153.66835021972656,30467900
2018-04-13,163.02000427246094,163.25999450683594,160.6699981689453,161.3699951171875,152.8726043701172,44604900
2018-04-16,162.5,163.19000244140625,161.47999572753906,162.60000610351562,154.0377960205078,28180800
2018-04-17,164.24000549316406,166.4600067138672,163.91000366210938,166.10000610351562,157.3534698486328,35536100
2018-04-18,166.10000610351562,167.0,165.30999755859375,166.44000244140625,157.67564392089844,29573900
2018-04-19,165.60000610351562,165.99000549316406,164.33999633789062,164.91000366210938,156.2261962890625,34705700
2018-04-20,164.49000549316406,164.61000061035156,161.72999572753906,162.3000030517578,153.7536163330078,49197100
2018-04-23,163.08999633789062,163.72999572753906,161.02000427246094,161.88999938964844,153.3651580810547,33040600
2018-04-24,162.66000366210938,162.91000366210938,157.38999938964844,158.4600067138672,150.1157989501953,70256800
2018-04-25,158.74000549316406,159.30999755859375,156.47000122070312,158.64999389648438,150.29574584960938,52089300
2018-04-26,160.6999969482422,162.52999877929688,160.17999267578125,161.99000549316406,153.45994567871094,43005500
2018-04-27,164.3699951171875,164.41000366210938,161.1699981689453,162.08999633789062,153.55467224121094,51043400
2018-04-30,162.47000122070312,163.47999572753906,160.5399932861328,160.94000244140625,152.4652099609375,35615300
2018-05-01,160.52000427246094,162.8000030517578,160.13999938964844,162.77999877929688,154.20826721191406,36513500
2018-05-02,163.05999755859375,163.57000732421875,161.6300048828125,161.82000732421875,153.29888916015625,38646800
2018-05-03,161.0,162.39999389648438,159.22000122070312,161.8000030517578,153.27993774414062,60337100
2018-05-04,161.10000610351562,165.25,160.97999572753906,164.8699951171875,156.18824768066406,41543200
2018-05-07,165.63999938964844,166.77999877929688,165.50999450683594,166.24000549316406,157.486083984375,32500200
2018-05-08,165.88999938964844,166.42999267578125,164.86000061035156,166.07000732421875,157.3250732421875,26040200
2018-05-09,166.3699951171875,168.0,165.77999877929688,167.8800048828125,159.03977966308594,29122700
2018-05-10,168.4199981689453,169.74000549316406,168.2899932861328,169.6199951171875,160.6881561279297,27067600
2018-05-11,169.4199981689453,169.86000061035156,168.72000122070312,169.4600067138672,160.53660583496094,24688800
2018-05-14,169.85000610351562,170.82000732421875,169.47000122070312,169.75,160.81129455566406,21821700
2018-05-15,168.41000366210938,168.5,166.97999572753906,167.8699951171875,159.03030395507812,49361600
2018-05-16,168.08999633789062,169.3699951171875,168.00999450683594,168.97999572753906,160.0818328857422,22941200
2018-05-17,168.38999938964844,169.61000061035156,167.50999450683594,168.3300018310547,159.466064453125,27480200
2018-05-18,167.67999267578125,168.25999450683594,167.2100067138672,167.4600067138672,158.64187622070312,26217900
2018-05-21,168.75999450683594,169.5,167.67999267578125,168.39999389648438,159.5323486328125,22954600
2018-05-22,169.1699981689453,169.4499969482422,167.8800048828125,168.17999267578125,159.32395935058594,19477700
2018-05-23,166.89999389648438,169.6199951171875,166.8800048828125,169.60000610351562,160.66921997070312,26557800
2018-05-24,169.5500030517578,169.85000610351562,167.83999633789062,169.5500030517578,160.62181091308594,27696500
2018-05-25,169.52999877929688,170.3300018310547,169.2100067138672,169.72000122070312,160.78285217285156,27460500
2018-05-29,168.9499969482422,169.9199981689453,167.9600067138672,168.97000122070312,160.0723419189453,41220500
2018-05-30,169.5800018310547,170.47999572753906,169.22000122070312,170.17999267578125,161.21864318847656,22665800
2018-05-31,170.17999267578125,171.1999969482422,169.6300048828125,170.07000732421875,161.11448669433594,35670900
2018-06-01,170.9199981689453,172.83999633789062,170.8699951171875,172.74000549316406,163.6438751220703,45543300
2018-06-04,173.17999267578125,174.33999633789062,173.07000732421875,174.3000030517578,165.12173461914062,20459600
2018-06-05,174.7100067138672,175.1300048828125,174.07000732421875,174.83999633789062,165.63330078125,24779300
2018-06-06,175.02000427246094,175.88999938964844,174.13999938964844,175.86000061035156,166.59954833984375,25036600
2018-06-07,175.88999938964844,175.92999267578125,173.5500030517578,174.42999267578125,165.24488830566406,39600300
2018-06-08,173.61000061035156,174.8800048828125,173.17999267578125,174.44000244140625,165.25437927246094,31780300
2018-06-11,174.30999755859375,175.33999633789062,174.27999877929688,174.91000366210938,165.6995391845703,22319700
2018-06-12,175.14999389648438,176.0,174.9600067138672,175.8300018310547,166.57113647460938,22511800
2018-06-13,176.10000610351562,177.13999938964844,175.42999267578125,175.82000732421875,166.56167602539062,37858600
2018-06-14,176.6300048828125,177.88999938964844,176.5,177.60000610351562,168.24794006347656,35916000
2018-06-15,176.92999267578125,177.3300018310547,176.11000061035156,176.97999572753906,167.6605987548828,49615700
2018-06-18,175.49000549316406,176.64999389648438,174.94000244140625,176.5,167.563720703125,31633200
2018-06-19,174.27000427246094,176.0399932861328,173.7100067138672,176.0,167.08905029296875,38236000
2018-06-20,176.80999755859375,177.97999572753906,176.64999389648438,177.25,168.27578735351562,33038000
2018-06-21,177.6999969482422,177.8800048828125,175.3699951171875,175.7100067138672,166.81378173828125,43469400
2018-06-22,176.3000030517578,176.3699951171875,174.69000244140625,175.32000732421875,166.44349670410156,30073200
2018-06-25,173.72999572753906,173.99000549316406,169.80999755859375,171.3699951171875,162.69346618652344,77799700
2018-06-26,172.0,173.05999755859375,171.3699951171875,172.07000732421875,163.3580322265625,39008100
2018-06-27,172.8000030517578,173.5800018310547,169.61000061035156,169.72999572753906,161.13650512695312,52843500
2018-06-28,169.52000427246094,171.77000427246094,169.1699981689453,171.19000244140625,162.52259826660156,46407700
2018-06-29,172.00999450683594,172.9199981689453,171.39999389648438,171.64999389648438,162.95928955078125,36408500
2018-07-02,170.0399932861328,172.85000610351562,169.6699981689453,172.8000030517578,164.0510711669922,31770000
2018-07-03,173.4499969482422,173.4499969482422,170.6300048828125,170.8000030517578,162.15232849121094,25512700
2018-07-05,171.91000366210938,173.05999755859375,171.02999877929688,172.9199981689453,164.1649627685547,31626200
2018-07-06,173.32000732421875,175.74000549316406,173.0,175.61000061035156,166.7188262939453,37005600
2018-07-09,176.52000427246094,177.22999572753906,175.82000732421875,177.19000244140625,168.2187957763672,27362100
2018-07-10,177.52000427246094,177.72000122070312,176.7100067138672,177.32000732421875,168.3422088623047,23902500
2018-07-11,175.92999267578125,177.07000732421875,175.8000030517578,176.4199981689453,167.48777770996094,30280600
2018-07-12,177.1999969482422,179.4600067138672,177.0800018310547,179.4600067138672,170.3739013671875,27930100
2018-07-13,179.4499969482422,179.89999389648438,178.9499969482422,179.61000061035156,170.51625061035156,28049800
2018-07-16,179.64999389648438,179.9499969482422,178.8800048828125,179.17999267578125,170.10804748535156,21405300
2018-07-17,177.27999877929688,180.64999389648438,177.27999877929688,180.27000427246094,171.14291381835938,31034100
2018-07-18,180.2899932861328,180.44000244140625,179.3800048828125,179.92999267578125,170.8201141357422,23220800
2018-07-19,179.27999877929688,179.8800048828125,178.82000732421875,179.02999877929688,169.96560668945312,31094100
2018-07-20,179.57000732421875,180.1699981689453,178.7899932861328,178.99000549316406,169.9276580810547,35897300
2018-07-23,178.4600067138672,179.63999938964844,177.74000549316406,179.55999755859375,170.46884155273438,22184700
2018-07-24,181.41000366210938,182.0500030517578,179.55999755859375,180.3000030517578,171.17140197753906,36900300
2018-07-25,180.3800048828125,182.92999267578125,180.2899932861328,182.82000732421875,173.5637664794922,35026600
2018-07-26,180.33999633789062,180.9199981689453,179.80999755859375,180.0500030517578,170.93402099609375,40873500
2018-07-27,181.19000244140625,181.30999755859375,176.60000610351562,177.6199951171875,168.6270294189453,59456100
2018-07-30,177.6300048828125,177.72999572753906,174.27000427246094,175.11000061035156,166.24417114257812,60193000
2018-07-31,175.8000030517578,177.1300048828125,174.82000732421875,176.4499969482422,167.5162353515625,47285100
2018-08-01,176.86000061035156,177.64999389648438,176.10000610351562,177.1199951171875,168.15232849121094,37101900
2018-08-02,175.8699951171875,179.74000549316406,175.7899932861328,179.52999877929688,170.44029235839844,47178200
2018-08-03,179.8699951171875,180.08999633789062,179.0800018310547,180.0800018310547,170.9624481201172,28934400
2018-08-06,179.9600067138672,181.19000244140625,179.74000549316406,181.13999938964844,171.9688262939453,24808800
2018-08-07,181.64999389648438,182.13999938964844,181.25999450683594,181.8000030517578,172.59542846679688,29895700
2018-08-08,181.5500030517578,182.35000610351562,181.05999755859375,182.02000427246094,172.80426025390625,22680700
2018-08-09,181.91000366210938,182.6300048828125,181.63999938964844,181.91000366210938,172.6998748779297,18852900
2018-08-10,180.67999267578125,181.22000122070312,179.83999633789062,180.52000427246094,171.38021850585938,33818500
2018-08-13,180.85000610351562,182.00999450683594,180.24000549316406,180.32000732421875,171.19032287597656,26089200
2018-08-14,181.00999450683594,181.66000366210938,180.0399932861328,181.4499969482422,172.2631378173828,20913000
2018-08-15,180.00999450683594,180.5800018310547,178.1199951171875,179.22999572753906,170.155517578125,58528000
2018-08-16,180.61000061035156,180.99000549316406,179.47000122070312,179.82000732421875,170.71568298339844,27711800
2018-08-17,179.35000610351562,180.30999755859375,178.27000427246094,179.86000061035156,170.75363159179688,36092600
2018-08-20,180.25999450683594,180.3300018310547,179.0,179.6999969482422,170.6017303466797,24939000
2018-08-21,180.24000549316406,181.44000244140625,180.1300048828125,180.36000061035156,171.2283477783203,26258700
2018-08-22,179.97999572753906,181.27000427246094,179.75,181.05999755859375,171.89288330078125,18042400
2018-08-23,180.74000549316406,182.0500030517578,180.5,180.8000030517578,171.64602661132812,25776200
2018-08-24,181.39999389648438,182.6300048828125,181.36000061035156,182.47999572753906,173.24098205566406,23136100
2018-08-27,183.39999389648438,184.33999633789062,183.11000061035156,184.33999633789062,175.0067901611328,29343600
2018-08-28,184.8300018310547,185.02000427246094,184.22000122070312,184.61000061035156,175.26312255859375,20277000
2018-08-29,184.92999267578125,186.83999633789062,184.86000061035156,186.74000549316406,177.28529357910156,29175600
2018-08-30,186.3800048828125,187.52000427246094,185.7899932861328,186.41000366210938,176.9720001220703,29315500
2018-08-31,186.17999267578125,187.17999267578125,185.97999572753906,186.64999389648438,177.19981384277344,28653200
2018-09-04,186.0800018310547,186.39999389648438,184.85000610351562,185.85000610351562,176.44033813476562,29063500
2018-09-05,185.52000427246094,185.5500030517578,182.82000732421875,183.4499969482422,174.16192626953125,42623300
2018-09-06,183.52999877929688,183.75,180.5800018310547,181.80999755859375,172.60484313964844,46091400
2018-09-07,180.5,182.6699981689453,180.44000244140625,181.11000061035156,171.9403533935547,46629500
2018-09-10,182.14999389648438,182.25,180.72999572753906,181.72000122070312,172.5194549560547,26132000
2018-09-11,180.99000549316406,183.4199981689453,180.52000427246094,183.1199951171875,173.84857177734375,30116500
2018-09-12,182.85000610351562,182.97999572753906,181.00999450683594,182.5800018310547,173.33595275878906,36204000
2018-09-13,183.72000122070312,184.8800048828125,183.63999938964844,184.52999877929688,175.1871795654297,31133200
2018-09-14,184.66000366210938,184.9499969482422,183.25999450683594,183.99000549316406,174.674560546875,31224100
2018-09-17,183.67999267578125,183.80999755859375,181.1699981689453,181.33999633789062,172.1586456298828,33071200
2018-09-18,181.49000549316406,183.72999572753906,181.39999389648438,182.83999633789062,173.58277893066406,31877300
2018-09-19,182.8699951171875,183.3000030517578,181.50999450683594,182.6999969482422,173.4498748779297,31843400
2018-09-20,183.9600067138672,184.97000122070312,183.52000427246094,184.72000122070312,175.3675537109375,33295800
2018-09-21,185.22000122070312,185.47999572753906,183.47999572753906,183.7100067138672,174.40869140625,38605400
2018-09-24,182.0500030517578,183.9600067138672,181.3000030517578,183.88999938964844,174.89373779296875,34945600
2018-09-25,183.80999755859375,184.27999877929688,183.17999267578125,184.13999938964844,175.1315155029297,25277500
2018-09-26,184.3000030517578,185.99000549316406,183.91000366210938,184.27000427246094,175.2551727294922,36210600
2018-09-27,185.02000427246094,186.49000549316406,184.9199981689453,185.8300018310547,176.7388153076172,33113300
2018-09-28,185.30999755859375,186.27999877929688,184.97000122070312,185.7899932861328,176.70079040527344,28076800
2018-10-01,186.8699951171875,187.52999877929688,185.6999969482422,186.1699981689453,177.06222534179688,27371300
2018-10-02,186.00999450683594,187.17999267578125,185.32000732421875,185.75,176.6627655029297,25618600
2018-10-03,186.52999877929688,186.97000122070312,185.66000366210938,185.9499969482422,176.8529510498047,29128700
2018-10-04,185.1999969482422,185.32000732421875,181.05999755859375,182.3800048828125,173.4575958251953,80557300
2018-10-05,182.36000061035156,182.97000122070312,178.42999267578125,180.14999389648438,171.33668518066406,83325600
2018-10-08,179.52000427246094,180.63999938964844,176.92999267578125,179.0500030517578,170.29052734375,66864500
2018-10-09,179.17999267578125,181.02000427246094,178.75,179.6300048828125,170.8421630859375,49097900
2018-10-10,178.50999450683594,178.6199951171875,171.5,171.72999572753906,163.32861328125,114471100
2018-10-11,171.02000427246094,173.39999389648438,167.80999755859375,169.60000610351562,161.30284118652344,143084500
2018-10-12,174.1699981689453,174.86000061035156,170.92999267578125,174.32000732421875,165.7919464111328,102078400
2018-10-15,173.7100067138672,174.0399932861328,171.55999755859375,172.2100067138672,163.78514099121094,64885300
2018-10-16,174.02000427246094,177.64999389648438,173.6999969482422,177.22000122070312,168.550048828125,71979700
2018-10-17,178.0800018310547,178.25999450683594,175.47000122070312,177.2899932861328,168.6165771484375,66987600
2018-10-18,176.6199951171875,176.67999267578125,172.44000244140625,173.17999267578125,164.70770263671875,82486200
2018-10-19,174.5800018310547,176.07000732421875,172.38999938964844,173.02000427246094,164.55551147460938,82923700
2018-10-22,174.05999755859375,175.25,172.58999633789062,173.91000366210938,165.40199279785156,52909300
2018-10-23,170.63999938964844,174.1300048828125,168.82000732421875,173.27000427246094,164.79330444335938,77567000
2018-10-24,173.07000732421875,173.36000061035156,165.0399932861328,165.33999633789062,157.25125122070312,102997400
2018-10-25,167.91000366210938,172.0800018310547,167.16000366210938,171.05999755859375,162.69143676757812,83481100
2018-10-26,165.1999969482422,169.9600067138672,164.22999572753906,166.66000366210938,158.5067138671875,130970900
2018-10-29,169.2100067138672,169.86000061035156,160.08999633789062,163.22999572753906,155.2444610595703,111871900
2018-10-30,162.75,166.0399932861328,162.00999450683594,165.9199981689453,157.80288696289062,92584000
2018-10-31,168.6199951171875,171.25,168.5399932861328,169.82000732421875,161.5120849609375,73828600
2018-11-01,170.07000732421875,172.24000549316406,168.77999877929688,172.05999755859375,163.64251708984375,52706800
2018-11-02,171.52999877929688,172.5500030517578,168.22000122070312,169.3800048828125,161.09359741210938,75966800
2018-11-05,169.60000610351562,169.66000366210938,167.0800018310547,168.9600067138672,160.6941680908203,39573500
2018-11-06,168.97000122070312,171.19000244140625,168.72000122070312,170.24000549316406,161.91152954101562,34410400
2018-11-07,172.27999877929688,175.5800018310547,171.8699951171875,175.5800018310547,166.9903106689453,51169600
2018-11-08,174.75999450683594,175.3000030517578,173.6300048828125,174.4600067138672,165.92507934570312,40296500
2018-11-09,172.8300018310547,173.25,170.16000366210938,171.52000427246094,163.12889099121094,50602700
2018-11-12,170.32000732421875,170.63999938964844,166.17999267578125,166.3300018310547,158.19281005859375,62578400
2018-11-13,167.11000061035156,169.47999572753906,166.0,166.47000122070312,158.3259735107422,64128100
2018-11-14,168.1199951171875,168.6999969482422,164.25,165.1999969482422,157.1181182861328,75270700
2018-11-15,164.89999389648438,168.5399932861328,163.4600067138672,168.08999633789062,159.86672973632812,73254300
2018-11-16,166.4499969482422,168.30999755859375,165.77999877929688,167.5,159.30555725097656,65390700
2018-11-19,166.6999969482422,166.89999389648438,161.5399932861328,162.05999755859375,154.13172912597656,67280500
2018-11-20,158.3699951171875,161.3800048828125,157.1300048828125,159.16000366210938,151.37355041503906,102652800
2018-11-21,161.35000610351562,161.97000122070312,159.22999572753906,160.3699951171875,152.5243682861328,42965800
2018-11-23,159.08999633789062,160.83999633789062,159.08999633789062,159.2100067138672,151.4211883544922,23503700
2018-11-26,161.44000244140625,162.97000122070312,160.75999450683594,162.88999938964844,154.92108154296875,42012600
2018-11-27,162.0,163.85000610351562,161.17999267578125,163.44000244140625,155.44418334960938,36608100
2018-11-28,164.6199951171875,168.6999969482422,163.47000122070312,168.6999969482422,160.44686889648438,70141000
2018-11-29,167.99000549316406,169.25999450683594,166.82000732421875,168.14999389648438,159.92376708984375,44885700
2018-11-30,168.3800048828125,169.47000122070312,167.5399932861328,169.3699951171875,161.08407592773438,36722800
2018-12-03,173.11000061035156,173.30999755859375,169.50999450683594,172.3300018310547,163.8992919921875,50771700
2018-12-04,171.42999267578125,171.91000366210938,165.52000427246094,165.72000122070312,157.61260986328125,70594700
2018-12-06,162.3800048828125,166.91000366210938,161.77000427246094,166.88999938964844,158.72543334960938,71715500
2018-12-07,166.16000366210938,167.1199951171875,160.86000061035156,161.3800048828125,153.4849853515625,80432200
2018-12-10,161.0800018310547,163.77999877929688,159.41000366210938,163.07000732421875,155.09226989746094,73960800
2018-12-11,165.72999572753906,165.77000427246094,162.22999572753906,163.61000061035156,155.6058807373047,59058300
2018-12-12,166.0,167.60000610351562,164.9600067138672,165.0500030517578,156.9754638671875,53780000
2018-12-13,166.1300048828125,166.82000732421875,164.02999877929688,165.10000610351562,157.02305603027344,46378500
2018-12-14,163.2100067138672,163.80999755859375,160.6999969482422,161.0800018310547,153.1996612548828,56547400
2018-12-17,160.38999938964844,161.6699981689453,156.1699981689453,157.42999267578125,149.72825622558594,74834100
2018-12-18,158.64999389648438,159.9499969482422,157.0399932861328,158.4199981689453,150.6697998046875,63642100
2018-12-19,158.17999267578125,160.72000122070312,153.33999633789062,154.52999877929688,146.97010803222656,81856500
2018-12-20,154.14999389648438,155.8699951171875,150.38999938964844,152.2899932861328,144.83969116210938,99002100
2018-12-21,153.0500030517578,154.08999633789062,146.72000122070312,147.57000732421875,140.35060119628906,141129400
2018-12-24,146.0800018310547,147.97999572753906,143.4600067138672,143.5,136.87017822265625,56163300
2018-12-26,145.0800018310547,152.5399932861328,144.08999633789062,152.4600067138672,145.41622924804688,98982100
2018-12-27,150.3699951171875,153.17999267578125,147.0800018310547,153.0500030517578,145.9789581298828,85824300
2018-12-28,154.14999389648438,155.58999633789062,151.72000122070312,152.97000122070312,145.90269470214844,77856600
2018-12-31,154.47000122070312,154.97999572753906,152.7100067138672,154.25999450683594,147.13304138183594,53015300
