date,open,high,low,close,adjclose,volume
2002-07-30,81.12000274658203,81.12999725341797,81.0,81.01000213623047,50.720401763916016,95300
2002-07-31,81.16999816894531,81.30999755859375,81.1500015258789,81.26000213623047,50.876888275146484,38800
2002-08-01,81.33000183105469,81.44999694824219,81.33000183105469,81.41999816894531,50.97711944580078,86800
2002-08-02,81.45999908447266,81.63999938964844,81.4000015258789,81.58000183105469,51.07727813720703,83400
2002-08-05,81.62999725341797,81.7300033569336,81.56999969482422,81.70999908447266,51.158634185791016,93100
2002-08-06,81.61000061035156,81.61000061035156,81.44999694824219,81.51000213623047,51.033443450927734,58200
2002-08-07,81.58999633789062,81.69000244140625,81.54000091552734,81.62999725341797,51.10858154296875,127000
2002-08-08,81.61000061035156,81.62000274658203,81.47000122070312,81.51000213623047,51.033443450927734,111800
2002-08-09,81.4800033569336,81.55999755859375,81.45999908447266,81.52999877929688,51.04594421386719,50900
2002-08-12,81.51000213623047,81.56999969482422,81.47000122070312,81.5199966430664,51.039695739746094,52300
2002-08-13,81.58999633789062,81.68000030517578,81.4800033569336,81.66000366210938,51.12737274169922,36200
2002-08-14,81.69000244140625,81.70999908447266,81.45999908447266,81.4800033569336,51.01466369628906,108700
2002-08-15,81.37999725341797,81.54000091552734,81.30000305175781,81.41000366210938,50.9708366394043,87700
2002-08-16,81.54000091552734,81.55000305175781,81.30999755859375,81.36000061035156,50.93948745727539,274500
2002-08-19,81.41000366210938,81.43000030517578,81.30999755859375,81.37000274658203,50.94577407836914,36000
2002-08-20,81.51000213623047,81.56999969482422,81.45999908447266,81.55999755859375,51.06476593017578,51400
2002-08-21,81.45999908447266,81.54000091552734,81.41999816894531,81.48999786376953,51.02090835571289,43100
2002-08-22,81.5,81.5,81.37999725341797,81.4000015258789,50.964542388916016,47700
2002-08-23,81.4800033569336,81.5199966430664,81.44000244140625,81.5,51.02717971801758,60900
2002-08-26,81.48999786376953,81.55000305175781,81.44999694824219,81.48999786376953,51.02090835571289,49700
2002-08-27,81.4000015258789,81.44999694824219,81.3499984741211,81.43000030517578,50.98335266113281,54700
2002-08-28,81.51000213623047,81.52999877929688,81.45999908447266,81.48999786376953,51.02090835571289,50600
2002-08-29,81.63999938964844,81.63999938964844,81.55000305175781,81.58000183105469,51.07727813720703,53700
2002-08-30,81.62999725341797,81.62999725341797,81.5199966430664,81.61000061035156,51.09604263305664,143800
2002-09-03,81.62000274658203,81.77999877929688,81.61000061035156,81.66999816894531,51.21709060668945,83000
2002-09-04,81.66999816894531,81.7300033569336,81.5999984741211,81.63999938964844,51.198246002197266,49500
2002-09-05,81.69000244140625,81.7300033569336,81.63999938964844,81.7300033569336,51.25474548339844,49000
2002-09-06,81.55000305175781,81.61000061035156,81.52999877929688,81.56999969482422,51.15438461303711,33700
2002-09-09,81.5199966430664,81.56999969482422,81.44999694824219,81.45999908447266,51.08538818359375,65200
2002-09-10,81.44000244140625,81.54000091552734,81.41999816894531,81.51000213623047,51.116756439208984,51000
2002-09-11,81.4000015258789,81.45999908447266,81.36000061035156,81.45999908447266,51.08538818359375,24700
2002-09-12,81.4800033569336,81.55000305175781,81.45999908447266,81.5199966430664,51.12301254272461,50100
2002-09-13,81.55000305175781,81.58999633789062,81.5199966430664,81.58000183105469,51.16064453125,95100
2002-09-16,81.61000061035156,81.61000061035156,81.54000091552734,81.55000305175781,51.141841888427734,39000
2002-09-17,81.5199966430664,81.62000274658203,81.4800033569336,81.61000061035156,51.17948532104492,28800
2002-09-18,81.63999938964844,81.69999694824219,81.5999984741211,81.5999984741211,51.173179626464844,173700
2002-09-19,81.76000213623047,81.7699966430664,81.66000366210938,81.7699966430664,51.27979278564453,191100
2002-09-20,81.73999786376953,81.79000091552734,81.69999694824219,81.77999877929688,51.28605270385742,360800
2002-09-23,81.81999969482422,81.8499984741211,81.75,81.80000305175781,51.2985954284668,263600
2002-09-24,81.87000274658203,81.94000244140625,81.77999877929688,81.83999633789062,51.32371520996094,659400
2002-09-25,81.79000091552734,81.83000183105469,81.69999694824219,81.76000213623047,51.27354049682617,240400
2002-09-26,81.76000213623047,81.81999969482422,81.69000244140625,81.79000091552734,51.292320251464844,81100
2002-09-27,81.8499984741211,81.95999908447266,81.80999755859375,81.95999908447266,51.39892578125,136200
2002-09-30,82.02999877929688,82.12999725341797,82.0,82.08000183105469,51.474220275878906,216900
2002-10-01,81.91000366210938,82.0,81.83999633789062,81.86000061035156,51.41141128540039,94100
2002-10-02,81.88999938964844,81.94999694824219,81.83000183105469,81.93000030517578,51.45536422729492,79400
2002-10-03,81.9000015258789,81.97000122070312,81.80000305175781,81.94000244140625,51.461669921875,196500
2002-10-04,81.7699966430664,81.93000030517578,81.76000213623047,81.87000274658203,51.41763687133789,205600
2002-10-07,81.97000122070312,81.97000122070312,81.87999725341797,81.97000122070312,51.48046112060547,171600
2002-10-08,81.8499984741211,82.0,81.8499984741211,81.88999938964844,51.43025207519531,167100
2002-10-09,81.98999786376953,82.05999755859375,81.91999816894531,82.05999755859375,51.53702163696289,332800
2002-10-10,82.02999877929688,82.08000183105469,81.93000030517578,81.9800033569336,51.48673629760742,166200
2002-10-11,81.94999694824219,81.94999694824219,81.80000305175781,81.8499984741211,51.405120849609375,407000
2002-10-14,81.81999969482422,81.87999725341797,81.81999969482422,81.87000274658203,51.41763687133789,54500
2002-10-15,81.66999816894531,81.69999694824219,81.54000091552734,81.55999755859375,51.222999572753906,100800
2002-10-16,81.6500015258789,81.66999816894531,81.55000305175781,81.58999633789062,51.241825103759766,51300
2002-10-17,81.5199966430664,81.56999969482422,81.4800033569336,81.5199966430664,51.19785690307617,239200
2002-10-18,81.48999786376953,81.58999633789062,81.41000366210938,81.58999633789062,51.241825103759766,100600
2002-10-21,81.55999755859375,81.56999969482422,81.37000274658203,81.41000366210938,51.12880325317383,595800
2002-10-22,81.47000122070312,81.4800033569336,81.37000274658203,81.4000015258789,51.12250518798828,325800
2002-10-23,81.5,81.58000183105469,81.43000030517578,81.45999908447266,51.160179138183594,126700
2002-10-24,81.51000213623047,81.63999938964844,81.5,81.5999984741211,51.24810791015625,69400
2002-10-25,81.70999908447266,81.77999877929688,81.66000366210938,81.73999786376953,51.336021423339844,56000
2002-10-28,81.88999938964844,81.9000015258789,81.83000183105469,81.8499984741211,51.405120849609375,31100
2002-10-29,81.94000244140625,82.08999633789062,81.93000030517578,82.02999877929688,51.51816177368164,25000
2002-10-30,82.01000213623047,82.0999984741211,81.97000122070312,82.0199966430664,51.51188659667969,28800
2002-10-31,82.02999877929688,82.16999816894531,81.98999786376953,82.16000366210938,51.59981155395508,153700
2002-11-01,81.97000122070312,82.0199966430664,81.86000061035156,81.94000244140625,51.54511642456055,50300
2002-11-04,81.8499984741211,81.9000015258789,81.83000183105469,81.86000061035156,51.49477767944336,255200
2002-11-05,81.88999938964844,81.88999938964844,81.77999877929688,81.8499984741211,51.48845291137695,342100
2002-11-06,81.83999633789062,81.98999786376953,81.80000305175781,81.87999725341797,51.50735092163086,176100
2002-11-07,81.9000015258789,81.91999816894531,81.83999633789062,81.91999816894531,51.532508850097656,39900
2002-11-08,81.86000061035156,81.91000366210938,81.83000183105469,81.88999938964844,51.51365280151367,27800
2002-11-11,81.87000274658203,81.97000122070312,81.86000061035156,81.97000122070312,51.56394577026367,83800
2002-11-12,81.94000244140625,82.0,81.93000030517578,81.98999786376953,51.57655334472656,50300
2002-11-13,81.94000244140625,82.04000091552734,81.94000244140625,82.0,51.58283996582031,46400
2002-11-14,81.94000244140625,81.94000244140625,81.80000305175781,81.80000305175781,51.457000732421875,30900
2002-11-15,81.80000305175781,81.83999633789062,81.75,81.83999633789062,51.48218536376953,27500
2002-11-18,81.80000305175781,81.86000061035156,81.7699966430664,81.83999633789062,51.48218536376953,27300
2002-11-19,81.8499984741211,81.86000061035156,81.77999877929688,81.81999969482422,51.46962356567383,22400
2002-11-20,81.87999725341797,81.87999725341797,81.69999694824219,81.75,51.425559997558594,19400
2002-11-21,81.68000030517578,81.72000122070312,81.62999725341797,81.63999938964844,51.35634231567383,72500
2002-11-22,81.66000366210938,81.68000030517578,81.61000061035156,81.61000061035156,51.337486267089844,43400
2002-11-25,81.62000274658203,81.70999908447266,81.61000061035156,81.66000366210938,51.36901092529297,49100
2002-11-26,81.72000122070312,81.81999969482422,81.69000244140625,81.80999755859375,51.46329116821289,28500
2002-11-27,81.7300033569336,81.7300033569336,81.61000061035156,81.66999816894531,51.37525177001953,542100
2002-11-29,81.72000122070312,81.72000122070312,81.66999816894531,81.70999908447266,51.40039825439453,69100
2002-12-02,81.5,81.63999938964844,81.41999816894531,81.62000274658203,51.4193000793457,74100
2002-12-03,81.66000366210938,81.66000366210938,81.58000183105469,81.6500015258789,51.438167572021484,88900
2002-12-04,81.70999908447266,81.75,81.62000274658203,81.69999694824219,51.46971130371094,220000
2002-12-05,81.66999816894531,81.79000091552734,81.62999725341797,81.7699966430664,51.51381301879883,122300
2002-12-06,81.91000366210938,81.91000366210938,81.77999877929688,81.8499984741211,51.56418991088867,470600
2002-12-09,81.9000015258789,81.91999816894531,81.83999633789062,81.87000274658203,51.576759338378906,83500
2002-12-10,81.9000015258789,81.91000366210938,81.81999969482422,81.86000061035156,51.57050323486328,32500
2002-12-11,81.88999938964844,81.95999908447266,81.87999725341797,81.93000030517578,51.61461639404297,108700
2002-12-12,81.87999725341797,82.0,81.87000274658203,81.95999908447266,51.63347625732422,41200
2002-12-13,81.91999816894531,81.95999908447266,81.87999725341797,81.9000015258789,51.595672607421875,91600
2002-12-16,81.93000030517578,81.93000030517578,81.83000183105469,81.86000061035156,51.57050323486328,36500
2002-12-17,81.91999816894531,81.94000244140625,81.87000274658203,81.94000244140625,51.62092208862305,47200
2002-12-18,82.02999877929688,82.06999969482422,81.98999786376953,82.06999969482422,51.70277404785156,275400
2002-12-19,82.05999755859375,82.16000366210938,82.04000091552734,82.16000366210938,51.759498596191406,419200
2002-12-20,82.12000274658203,82.1500015258789,82.06999969482422,82.12000274658203,51.734283447265625,46800
2002-12-23,82.11000061035156,82.12999725341797,82.06999969482422,82.12999725341797,51.74060821533203,49100
2002-12-24,82.23999786376953,82.25,82.19999694824219,82.22000122070312,51.79729461669922,73300
2002-12-26,82.2300033569336,82.27999877929688,82.19000244140625,82.27999877929688,51.83509826660156,24800
2002-12-27,82.3499984741211,82.38999938964844,82.30000305175781,82.37999725341797,51.898067474365234,45600
2002-12-30,82.36000061035156,82.41999816894531,82.33999633789062,82.38999938964844,51.9044189453125,101400
2002-12-31,82.26000213623047,82.31999969482422,82.23999786376953,82.30999755859375,51.94163513183594,207600
2003-01-02,82.16000366210938,82.18000030517578,81.95999908447266,82.0,51.745994567871094,323800
2003-01-03,81.94000244140625,82.01000213623047,81.91000366210938,82.01000213623047,51.75234603881836,55100
2003-01-06,81.94999694824219,81.9800033569336,81.87000274658203,81.95999908447266,51.72071075439453,133000
2003-01-07,81.94000244140625,82.05999755859375,81.93000030517578,82.0199966430664,51.75861740112305,99900
2003-01-08,82.0999984741211,82.13999938964844,82.06999969482422,82.08999633789062,51.80278015136719,85000
2003-01-09,82.04000091552734,82.04000091552734,81.91000366210938,81.94000244140625,51.70813751220703,120500
2003-01-10,82.05999755859375,82.05999755859375,81.94000244140625,82.05000305175781,51.77757263183594,43700
2003-01-13,82.0199966430664,82.05999755859375,81.97000122070312,82.02999877929688,51.76491165161133,71500
2003-01-14,82.0999984741211,82.11000061035156,82.04000091552734,82.05999755859375,51.783897399902344,40700
2003-01-15,82.0999984741211,82.16999816894531,82.08999633789062,82.08999633789062,51.80278015136719,199300
2003-01-16,82.08999633789062,82.13999938964844,82.0199966430664,82.13999938964844,51.8343505859375,31300
2003-01-17,82.20999908447266,82.22000122070312,82.12000274658203,82.12000274658203,51.82173538208008,40300
2003-01-21,82.16000366210938,82.2300033569336,82.12999725341797,82.22000122070312,51.884830474853516,92800
2003-01-22,82.19999694824219,82.27999877929688,82.19999694824219,82.27999877929688,51.92268753051758,48100
2003-01-23,82.19999694824219,82.2699966430664,82.19999694824219,82.2300033569336,51.891136169433594,49700
2003-01-24,82.26000213623047,82.30000305175781,82.22000122070312,82.22000122070312,51.884830474853516,134500
2003-01-27,82.25,82.2699966430664,82.19000244140625,82.22000122070312,51.884830474853516,333200
2003-01-28,82.2300033569336,82.25,82.16999816894531,82.23999786376953,51.89744567871094,1039400
2003-01-29,82.26000213623047,82.2699966430664,82.13999938964844,82.16999816894531,51.85326385498047,27400
2003-01-30,82.16000366210938,82.2699966430664,82.1500015258789,82.2699966430664,51.9163818359375,138300
2003-01-31,82.27999877929688,82.27999877929688,82.19999694824219,82.25,51.90375900268555,136600
2003-02-03,82.08999633789062,82.11000061035156,82.05000305175781,82.08000183105469,51.87343978881836,94800
2003-02-04,82.16999816894531,82.18000030517578,82.12000274658203,82.16999816894531,51.9302864074707,85700
2003-02-05,82.16999816894531,82.19999694824219,82.0999984741211,82.13999938964844,51.91135787963867,27300
2003-02-06,82.19999694824219,82.20999908447266,82.1500015258789,82.18000030517578,51.93661880493164,66400
2003-02-07,82.16000366210938,82.26000213623047,82.12000274658203,82.25,51.98084259033203,70100
2003-02-10,82.23999786376953,82.25,82.1500015258789,82.19000244140625,51.94291687011719,60900
2003-02-11,82.12999725341797,82.2300033569336,82.12999725341797,82.22000122070312,51.961910247802734,59000
2003-02-12,82.23999786376953,82.30000305175781,82.2300033569336,82.29000091552734,52.006141662597656,77900
2003-02-13,82.30000305175781,82.37999725341797,82.2699966430664,82.36000061035156,52.050376892089844,63500
2003-02-14,82.29000091552734,82.33000183105469,82.25,82.29000091552734,52.006141662597656,152100
2003-02-18,82.23999786376953,82.2699966430664,82.19000244140625,82.26000213623047,51.98719024658203,155900
2003-02-19,82.27999877929688,82.33000183105469,82.25,82.30000305175781,52.01244354248047,76800
2003-02-20,82.27999877929688,82.36000061035156,82.27999877929688,82.3499984741211,52.044063568115234,50000
2003-02-21,82.30999755859375,82.36000061035156,82.2699966430664,82.27999877929688,51.99980163574219,76400
2003-02-24,82.33999633789062,82.3499984741211,82.29000091552734,82.31999969482422,52.025062561035156,103100
2003-02-25,82.37999725341797,82.41999816894531,82.33999633789062,82.37000274658203,52.056697845458984,84200
2003-02-26,82.4000015258789,82.41000366210938,82.36000061035156,82.41000366210938,52.08197784423828,151800
2003-02-27,82.4000015258789,82.41000366210938,82.33999633789062,82.41000366210938,52.08197784423828,57400
2003-02-28,82.37000274658203,82.44999694824219,82.33000183105469,82.44999694824219,52.10727310180664,57100
2003-03-03,82.2699966430664,82.37000274658203,82.2699966430664,82.37000274658203,52.12437057495117,47900
2003-03-04,82.33000183105469,82.41000366210938,82.33000183105469,82.36000061035156,52.118019104003906,51400
2003-03-05,82.44000244140625,82.4800033569336,82.4000015258789,82.43000030517578,52.162288665771484,60200
2003-03-06,82.47000122070312,82.47000122070312,82.37999725341797,82.45999908447266,52.1812744140625,69100
2003-03-07,82.58000183105469,82.58000183105469,82.4800033569336,82.54000091552734,52.231929779052734,149300
2003-03-10,82.55000305175781,82.62999725341797,82.55000305175781,82.62000274658203,52.282508850097656,64900
2003-03-11,82.58999633789062,82.5999984741211,82.52999877929688,82.55000305175781,52.238258361816406,75400
2003-03-12,82.4800033569336,82.54000091552734,82.45999908447266,82.48999786376953,52.20024490356445,59800
2003-03-13,82.36000061035156,82.38999938964844,82.23999786376953,82.23999786376953,52.042076110839844,68100
2003-03-14,82.30999755859375,82.37999725341797,82.29000091552734,82.31999969482422,52.09269714355469,338700
2003-03-17,82.44999694824219,82.44999694824219,82.19000244140625,82.22000122070312,52.0294189453125,133700
2003-03-18,82.22000122070312,82.29000091552734,82.12999725341797,82.1500015258789,51.985164642333984,126800
2003-03-19,82.19999694824219,82.19999694824219,82.12000274658203,82.12999725341797,51.97249221801758,62700
2003-03-20,82.18000030517578,82.25,82.12000274658203,82.2300033569336,52.03575897216797,93200
2003-03-21,82.13999938964844,82.1500015258789,82.0199966430664,82.0199966430664,51.90289306640625,131400
2003-03-24,82.18000030517578,82.2300033569336,82.16999816894531,82.19999694824219,52.01676940917969,54800
2003-03-25,82.2699966430664,82.2699966430664,82.12000274658203,82.19999694824219,52.01676940917969,31000
2003-03-26,82.19000244140625,82.30000305175781,82.19000244140625,82.30000305175781,52.08003234863281,62600
2003-03-27,82.33999633789062,82.37000274658203,82.27999877929688,82.31999969482422,52.09269714355469,47700
2003-03-28,82.41999816894531,82.43000030517578,82.36000061035156,82.43000030517578,52.162288665771484,88700
2003-03-31,82.5,82.52999877929688,82.44999694824219,82.48999786376953,52.20024490356445,86900
2003-04-01,82.33000183105469,82.4000015258789,82.29000091552734,82.36000061035156,52.18889617919922,41300
2003-04-02,82.27999877929688,82.30000305175781,82.20999908447266,82.2699966430664,52.1318359375,171700
2003-04-03,82.23999786376953,82.3499984741211,82.23999786376953,82.31999969482422,52.163516998291016,298000
2003-04-04,82.3499984741211,82.37999725341797,82.29000091552734,82.30000305175781,52.150821685791016,71700
2003-04-07,82.16999816894531,82.25,82.13999938964844,82.25,52.119178771972656,83600
2003-04-08,82.23999786376953,82.33000183105469,82.23999786376953,82.33000183105469,52.169898986816406,116800
2003-04-09,82.29000091552734,82.37999725341797,82.27999877929688,82.37999725341797,52.201568603515625,164800
2003-04-10,82.33000183105469,82.37000274658203,82.2699966430664,82.2699966430664,52.1318359375,32100
2003-04-11,82.19999694824219,82.2699966430664,82.1500015258789,82.2300033569336,52.10652160644531,270100
2003-04-14,82.1500015258789,82.18000030517578,82.0999984741211,82.16000366210938,52.06212615966797,261700
2003-04-15,82.19000244140625,82.25,82.1500015258789,82.22000122070312,52.10016632080078,91500
2003-04-16,82.16000366210938,82.25,82.16000366210938,82.2300033569336,52.10652160644531,101300
2003-04-17,82.2699966430664,82.27999877929688,82.1500015258789,82.16000366210938,52.06212615966797,106800
2003-04-21,82.16000366210938,82.20999908447266,82.11000061035156,82.20999908447266,52.093849182128906,37800
2003-04-22,82.25,82.2699966430664,82.18000030517578,82.19999694824219,52.08747863769531,225400
2003-04-23,82.26000213623047,82.2699966430664,82.19999694824219,82.26000213623047,52.12548828125,145700
2003-04-24,82.30999755859375,82.37000274658203,82.30000305175781,82.33999633789062,52.17620086669922,45300
2003-04-25,82.37000274658203,82.43000030517578,82.33999633789062,82.41999816894531,52.22686004638672,346200
2003-04-28,82.41999816894531,82.44000244140625,82.3499984741211,82.4000015258789,52.21426010131836,164700
2003-04-29,82.36000061035156,82.37999725341797,82.30999755859375,82.33999633789062,52.17620086669922,68200
2003-04-30,82.38999938964844,82.5199966430664,82.37000274658203,82.51000213623047,52.28390884399414,81600
2003-05-01,82.41999816894531,82.45999908447266,82.36000061035156,82.37999725341797,52.283931732177734,90700
2003-05-02,82.41000366210938,82.41000366210938,82.29000091552734,82.29000091552734,52.2267951965332,68400
2003-05-05,82.29000091552734,82.36000061035156,82.26000213623047,82.3499984741211,52.264896392822266,120700
2003-05-06,82.30000305175781,82.47000122070312,82.2300033569336,82.47000122070312,52.341060638427734,107400
2003-05-07,82.47000122070312,82.48999786376953,82.41999816894531,82.48999786376953,52.35368347167969,48200
2003-05-08,82.5,82.5,82.4000015258789,82.44999694824219,52.328338623046875,81900
2003-05-09,82.41000366210938,82.47000122070312,82.38999938964844,82.43000030517578,52.315635681152344,213900
2003-05-12,82.47000122070312,82.5199966430664,82.43000030517578,82.48999786376953,52.35368347167969,94800
2003-05-13,82.47000122070312,82.47000122070312,82.41000366210938,82.47000122070312,52.341060638427734,62600
2003-05-14,82.5,82.55999755859375,82.47000122070312,82.5199966430664,52.37276840209961,50500
2003-05-15,82.44000244140625,82.5199966430664,82.44000244140625,82.48999786376953,52.35368347167969,107600
2003-05-16,82.52999877929688,82.5999984741211,82.48999786376953,82.58000183105469,52.4108772277832,50000
2003-05-19,82.66999816894531,82.66999816894531,82.5999984741211,82.5999984741211,52.423553466796875,68700
2003-05-20,82.56999969482422,82.70999908447266,82.56999969482422,82.70999908447266,52.493438720703125,104800
2003-05-21,82.56999969482422,82.69000244140625,82.56999969482422,82.5999984741211,52.423553466796875,40400
2003-05-22,82.66999816894531,82.66999816894531,82.5999984741211,82.62999725341797,52.44261169433594,45500
2003-05-23,82.6500015258789,82.66999816894531,82.5999984741211,82.66000366210938,52.461647033691406,48400
2003-05-27,82.66000366210938,82.68000030517578,82.58999633789062,82.62999725341797,52.44261169433594,79100
2003-05-28,82.61000061035156,82.69000244140625,82.5999984741211,82.68000030517578,52.474308013916016,51200
2003-05-29,82.69000244140625,82.7300033569336,82.6500015258789,82.70999908447266,52.493438720703125,57400
2003-05-30,82.68000030517578,82.69000244140625,82.62000274658203,82.68000030517578,52.474308013916016,191900
2003-06-02,82.54000091552734,82.56999969482422,82.5,82.52999877929688,52.44700241088867,100300
2003-06-03,82.5999984741211,82.7300033569336,82.56999969482422,82.69000244140625,52.548702239990234,52700
2003-06-04,82.77999877929688,82.77999877929688,82.70999908447266,82.76000213623047,52.593143463134766,104100
2003-06-05,82.75,82.80000305175781,82.66999816894531,82.70999908447266,52.5614013671875,96100
2003-06-06,82.62000274658203,82.69999694824219,82.5999984741211,82.69000244140625,52.548702239990234,156100
2003-06-09,82.7699966430664,82.80000305175781,82.72000122070312,82.80000305175781,52.618595123291016,105900
2003-06-10,82.8499984741211,82.88999938964844,82.80000305175781,82.88999938964844,52.67580032348633,49100
2003-06-11,82.87999725341797,82.87999725341797,82.80999755859375,82.83000183105469,52.63770294189453,147300
2003-06-12,82.8499984741211,82.91999816894531,82.80999755859375,82.87999725341797,52.66937255859375,208400
2003-06-13,82.91999816894531,82.9800033569336,82.87000274658203,82.94999694824219,52.71388626098633,115700
2003-06-16,82.93000030517578,82.94000244140625,82.81999969482422,82.8499984741211,52.65031433105469,141300
2003-06-17,82.80000305175781,82.80000305175781,82.70999908447266,82.7300033569336,52.574119567871094,163700
2003-06-18,82.7300033569336,82.80000305175781,82.70999908447266,82.73999786376953,52.5804443359375,106600
2003-06-19,82.80999755859375,82.87000274658203,82.76000213623047,82.81999969482422,52.631263732910156,145300
2003-06-20,82.80000305175781,82.83999633789062,82.7699966430664,82.80000305175781,52.618595123291016,87900
2003-06-23,82.8499984741211,82.87999725341797,82.80999755859375,82.87999725341797,52.66937255859375,84900
2003-06-24,82.91999816894531,82.94999694824219,82.87000274658203,82.94000244140625,52.707515716552734,211300
2003-06-25,83.02999877929688,83.04000091552734,82.72000122070312,82.7699966430664,52.59952163696289,818400
2003-06-26,82.76000213623047,82.76000213623047,82.55999755859375,82.62000274658203,52.50416564941406,177200
2003-06-27,82.6500015258789,82.6500015258789,82.5199966430664,82.63999938964844,52.51689147949219,137300
2003-06-30,82.58999633789062,82.72000122070312,82.58999633789062,82.70999908447266,52.5614013671875,225300
2003-07-01,82.56999969482422,82.69000244140625,82.55000305175781,82.61000061035156,52.562652587890625,105900
2003-07-02,82.55000305175781,82.66000366210938,82.51000213623047,82.6500015258789,52.58812713623047,72100
2003-07-03,82.68000030517578,82.68000030517578,82.55999755859375,82.55999755859375,52.53086471557617,160900
2003-07-07,82.55999755859375,82.55999755859375,82.5,82.54000091552734,52.51811981201172,109500
2003-07-08,82.5199966430664,82.56999969482422,82.47000122070312,82.51000213623047,52.4990234375,108700
2003-07-09,82.51000213623047,82.58000183105469,82.51000213623047,82.52999877929688,52.51174545288086,66600
2003-07-10,82.54000091552734,82.61000061035156,82.54000091552734,82.5999984741211,52.556331634521484,282900
2003-07-11,82.54000091552734,82.66000366210938,82.54000091552734,82.62999725341797,52.57537078857422,47700
2003-07-14,82.62999725341797,82.6500015258789,82.55000305175781,82.55999755859375,52.53086471557617,134100
2003-07-15,82.55000305175781,82.58000183105469,82.41000366210938,82.45999908447266,52.46718215942383,136700
2003-07-16,82.37999725341797,82.48999786376953,82.37000274658203,82.47000122070312,52.47358703613281,104100
2003-07-17,82.44000244140625,82.47000122070312,82.38999938964844,82.41999816894531,52.441734313964844,84900
2003-07-18,82.44999694824219,82.47000122070312,82.37999725341797,82.41000366210938,52.43540573120117,116000
2003-07-21,82.36000061035156,82.4000015258789,82.25,82.2699966430664,52.34633255004883,96000
2003-07-22,82.31999969482422,82.36000061035156,82.27999877929688,82.3499984741211,52.397212982177734,146900
2003-07-23,82.43000030517578,82.47000122070312,82.38999938964844,82.38999938964844,52.42271423339844,221600
2003-07-24,82.33999633789062,82.41999816894531,82.33999633789062,82.37999725341797,52.416316986083984,111900
2003-07-25,82.37999725341797,82.47000122070312,82.37999725341797,82.41999816894531,52.441734313964844,86500
2003-07-28,82.30999755859375,82.37000274658203,82.30000305175781,82.30999755859375,52.371761322021484,86400
2003-07-29,82.30000305175781,82.44000244140625,82.20999908447266,82.23999786376953,52.32724380493164,120500
2003-07-30,82.29000091552734,82.37999725341797,82.2699966430664,82.27999877929688,52.35268020629883,59000
2003-07-31,82.23999786376953,82.2699966430664,82.02999877929688,82.19000244140625,52.29542541503906,130700
2003-08-01,81.9000015258789,82.0999984741211,81.87999725341797,82.0,52.2393684387207,276500
2003-08-04,81.9800033569336,82.16999816894531,81.9800033569336,82.12999725341797,52.322200775146484,127300
2003-08-05,82.16000366210938,82.16000366210938,81.9000015258789,81.9800033569336,52.22658920288086,124500
2003-08-06,81.94000244140625,82.0999984741211,81.94000244140625,82.05999755859375,52.27760314941406,80000
2003-08-07,82.12000274658203,82.1500015258789,82.0199966430664,82.1500015258789,52.334964752197266,99100
2003-08-08,82.19999694824219,82.26000213623047,82.13999938964844,82.16999816894531,52.3476448059082,187100
2003-08-11,82.13999938964844,82.13999938964844,82.02999877929688,82.05999755859375,52.27760314941406,84800
2003-08-12,82.0999984741211,82.20999908447266,82.05000305175781,82.19999694824219,52.366764068603516,46100
2003-08-13,82.08999633789062,82.11000061035156,82.0,82.04000091552734,52.26482391357422,83200
2003-08-14,81.97000122070312,82.04000091552734,81.94000244140625,82.0199966430664,52.25212860107422,134600
2003-08-15,82.0999984741211,82.19999694824219,82.05000305175781,82.08000183105469,52.29035186767578,21100
2003-08-18,82.12000274658203,82.12000274658203,82.01000213623047,82.06999969482422,52.2839469909668,134100
2003-08-19,82.04000091552734,82.16999816894531,81.9800033569336,82.16999816894531,52.3476448059082,88900
2003-08-20,82.13999938964844,82.18000030517578,82.05999755859375,82.11000061035156,52.30944061279297,81200
2003-08-21,82.08000183105469,82.0999984741211,81.87999725341797,81.98999786376953,52.23295593261719,99200
2003-08-22,81.87999725341797,82.0199966430664,81.87999725341797,81.97000122070312,52.220252990722656,174500
2003-08-25,82.0,82.01000213623047,81.91000366210938,81.93000030517578,52.19473648071289,77100
2003-08-26,81.91999816894531,82.0199966430664,81.87999725341797,82.0199966430664,52.25212860107422,350400
2003-08-27,82.02999877929688,82.02999877929688,81.9000015258789,81.94000244140625,52.20114517211914,43300
2003-08-28,82.0199966430664,82.11000061035156,81.98999786376953,82.05999755859375,52.27760314941406,91000
2003-08-29,82.06999969482422,82.06999969482422,81.98999786376953,82.05000305175781,52.27123260498047,156800
2003-09-02,81.86000061035156,81.91000366210938,81.81999969482422,81.83999633789062,52.20295333862305,378800
2003-09-03,81.8499984741211,81.9000015258789,81.83000183105469,81.9000015258789,52.241188049316406,117700
2003-09-04,81.94000244140625,82.05000305175781,81.91999816894531,82.01000213623047,52.31138229370117,79900
2003-09-05,82.22000122070312,82.30000305175781,82.1500015258789,82.29000091552734,52.489994049072266,66800
2003-09-08,82.2300033569336,82.4000015258789,82.19000244140625,82.19000244140625,52.426204681396484,194400
2003-09-09,82.27999877929688,82.33000183105469,82.19999694824219,82.33000183105469,52.51553726196289,102100
2003-09-10,82.3499984741211,82.41999816894531,82.30999755859375,82.37999725341797,52.54737854003906,91000
2003-09-11,82.31999969482422,82.36000061035156,82.30000305175781,82.31999969482422,52.509117126464844,75800
2003-09-12,82.44999694824219,82.48999786376953,82.37000274658203,82.38999938964844,52.55379867553711,222200
2003-09-15,82.4000015258789,82.4800033569336,82.3499984741211,82.47000122070312,52.60481643676758,66200
2003-09-16,82.5,82.5,82.38999938964844,82.4800033569336,52.6112060546875,102200
2003-09-17,82.47000122070312,82.52999877929688,82.41999816894531,82.47000122070312,52.60481643676758,86400
2003-09-18,82.44999694824219,82.44999694824219,82.3499984741211,82.38999938964844,52.55379867553711,192800
2003-09-19,82.37999725341797,82.41000366210938,82.31999969482422,82.38999938964844,52.55379867553711,59500
2003-09-22,82.37000274658203,82.43000030517578,82.29000091552734,82.41999816894531,52.57295608520508,86700
2003-09-23,82.38999938964844,82.44000244140625,82.33999633789062,82.44000244140625,52.58570861816406,265000
2003-09-24,82.41000366210938,82.51000213623047,82.37000274658203,82.48999786376953,52.61758804321289,62400
2003-09-25,82.48999786376953,82.52999877929688,82.44999694824219,82.5,52.62394332885742,103100
2003-09-26,82.5199966430664,82.5999984741211,82.4800033569336,82.5999984741211,52.687721252441406,76100
2003-09-29,82.58999633789062,82.61000061035156,82.52999877929688,82.55999755859375,52.662193298339844,159300
2003-09-30,82.62000274658203,82.7300033569336,82.58000183105469,82.7300033569336,52.770660400390625,92900
2003-10-01,82.62000274658203,82.68000030517578,82.5999984741211,82.6500015258789,52.77900695800781,115000
2003-10-02,82.55000305175781,82.66000366210938,82.52999877929688,82.6500015258789,52.77900695800781,93500
2003-10-03,82.44000244140625,82.47000122070312,82.37999725341797,82.44000244140625,52.644866943359375,134300
2003-10-06,82.37999725341797,82.51000213623047,82.37999725341797,82.5,52.68318557739258,98900
2003-10-07,82.5,82.5,82.4000015258789,82.41999816894531,52.632076263427734,171400
2003-10-08,82.4000015258789,82.48999786376953,82.4000015258789,82.41999816894531,52.632076263427734,71900
2003-10-09,82.36000061035156,82.41000366210938,82.3499984741211,82.41000366210938,52.62572479248047,143600
2003-10-10,82.4800033569336,82.48999786376953,82.41000366210938,82.45999908447266,52.65761947631836,212200
2003-10-13,82.44999694824219,82.47000122070312,82.4000015258789,82.47000122070312,52.664031982421875,165500
2003-10-14,82.37000274658203,82.41999816894531,82.33999633789062,82.38999938964844,52.61293029785156,59900
2003-10-15,82.30000305175781,82.31999969482422,82.26000213623047,82.29000091552734,52.54907989501953,82300
2003-10-16,82.33000183105469,82.33999633789062,82.06999969482422,82.0999984741211,52.427730560302734,121800
2003-10-17,82.12000274658203,82.19999694824219,82.08000183105469,82.19999694824219,52.4915657043457,118200
2003-10-20,82.13999938964844,82.25,82.0999984741211,82.20999908447266,52.49800491333008,185700
2003-10-21,82.26000213623047,82.27999877929688,82.19000244140625,82.2300033569336,52.510738372802734,126400
2003-10-22,82.26000213623047,82.36000061035156,82.22000122070312,82.31999969482422,52.5682373046875,95300
2003-10-23,82.30999755859375,82.33999633789062,82.2300033569336,82.30000305175781,52.55548858642578,102000
2003-10-24,82.3499984741211,82.41000366210938,82.30000305175781,82.4000015258789,52.61933135986328,70700
2003-10-27,82.3499984741211,82.36000061035156,82.30000305175781,82.30999755859375,52.561832427978516,120100
2003-10-28,82.25,82.47000122070312,82.22000122070312,82.44999694824219,52.651222229003906,97600
2003-10-29,82.37999725341797,82.5,82.33999633789062,82.36000061035156,52.5937614440918,216500
2003-10-30,82.27999877929688,82.31999969482422,82.23999786376953,82.29000091552734,52.54907989501953,117500
2003-10-31,82.31999969482422,82.3499984741211,82.27999877929688,82.30000305175781,52.55548858642578,73900
2003-11-03,82.12999725341797,82.16999816894531,82.06999969482422,82.13999938964844,52.52413558959961,378300
2003-11-04,82.1500015258789,82.20999908447266,82.1500015258789,82.19999694824219,52.562469482421875,89900
2003-11-05,82.19999694824219,82.20999908447266,82.08000183105469,82.12000274658203,52.51133346557617,309100
2003-11-06,82.0199966430664,82.05999755859375,82.0,82.02999877929688,52.45378494262695,120900
2003-11-07,81.91999816894531,81.9800033569336,81.88999938964844,81.95999908447266,52.409027099609375,81900
2003-11-10,82.0,82.02999877929688,81.91000366210938,81.9800033569336,52.421810150146484,180300
2003-11-11,81.9000015258789,81.98999786376953,81.88999938964844,81.9800033569336,52.421810150146484,167300
2003-11-12,82.01000213623047,82.02999877929688,81.9800033569336,82.02999877929688,52.45378494262695,66200
2003-11-13,82.1500015258789,82.20999908447266,82.0999984741211,82.20999908447266,52.568904876708984,83800
2003-11-14,82.25,82.30999755859375,82.19999694824219,82.30999755859375,52.632816314697266,110200
2003-11-17,82.33999633789062,82.4000015258789,82.31999969482422,82.36000061035156,52.66481018066406,93000
2003-11-18,82.27999877929688,82.37000274658203,82.25,82.37000274658203,52.67121887207031,102300
2003-11-19,82.38999938964844,82.4000015258789,82.22000122070312,82.22000122070312,52.57529830932617,125300
2003-11-20,82.37999725341797,82.37999725341797,82.26000213623047,82.37999725341797,52.6776008605957,102200
2003-11-21,82.3499984741211,82.43000030517578,82.33000183105469,82.3499984741211,52.65839767456055,111100
2003-11-24,82.30000305175781,82.30999755859375,82.20999908447266,82.23999786376953,52.58811950683594,99300
2003-11-25,82.2699966430664,82.3499984741211,82.2300033569336,82.33000183105469,52.64560317993164,165400
2003-11-26,82.2699966430664,82.30000305175781,82.19999694824219,82.23999786376953,52.58811950683594,150100
2003-11-28,82.16000366210938,82.16000366210938,82.11000061035156,82.13999938964844,52.52413558959961,57800
2003-12-01,81.94000244140625,81.94999694824219,81.86000061035156,81.91999816894531,52.45240020751953,158100
2003-12-02,81.97000122070312,82.01000213623047,81.87000274658203,82.01000213623047,52.51005554199219,220300
2003-12-03,82.01000213623047,82.05000305175781,81.91000366210938,81.94000244140625,52.465213775634766,254000
2003-12-04,81.9800033569336,82.04000091552734,81.94000244140625,82.0199966430664,52.51643371582031,76600
2003-12-05,82.23999786376953,82.30999755859375,82.18000030517578,82.27999877929688,52.682918548583984,105300
2003-12-08,82.27999877929688,82.27999877929688,82.18000030517578,82.19000244140625,52.62529373168945,110300
2003-12-09,82.26000213623047,82.30000305175781,82.04000091552734,82.13999938964844,52.59328079223633,92300
2003-12-10,82.22000122070312,82.25,82.1500015258789,82.23999786376953,52.6573486328125,489600
2003-12-11,82.20999908447266,82.43000030517578,82.16999816894531,82.41000366210938,52.766178131103516,214900
2003-12-12,82.44999694824219,82.48999786376953,82.3499984741211,82.38999938964844,52.753353118896484,113700
2003-12-15,82.37000274658203,82.41999816894531,82.30000305175781,82.37000274658203,52.74055862426758,139300
2003-12-16,82.38999938964844,82.41999816894531,82.31999969482422,82.41999816894531,52.98802947998047,107800
2003-12-17,82.4800033569336,82.48999786376953,82.38999938964844,82.43000030517578,52.99448013305664,130900
2003-12-18,82.41000366210938,82.44999694824219,82.33000183105469,82.44999694824219,53.00736618041992,134000
2003-12-19,82.41000366210938,82.5,82.37000274658203,82.47000122070312,53.020233154296875,97400
2003-12-22,82.5,82.51000213623047,82.37000274658203,82.41999816894531,52.98802947998047,81700
2003-12-23,82.4000015258789,82.4000015258789,82.2699966430664,82.29000091552734,52.90446472167969,121500
2003-12-24,82.41999816894531,82.4800033569336,82.4000015258789,82.4800033569336,53.02666091918945,97600
2003-12-26,82.52999877929688,82.55000305175781,82.5,82.55000305175781,53.07164001464844,151300
2003-12-29,82.5199966430664,82.5199966430664,82.43000030517578,82.44000244140625,53.000919342041016,101300
2003-12-30,82.44000244140625,82.52999877929688,82.41000366210938,82.4800033569336,53.02666091918945,97000
2003-12-31,82.38999938964844,82.4800033569336,82.3499984741211,82.47000122070312,53.09490966796875,191000
2004-01-02,82.37000274658203,82.37000274658203,82.19999694824219,82.2699966430664,52.96609115600586,142700
2004-01-05,82.25,82.27999877929688,82.19999694824219,82.27999877929688,52.97260284423828,272400
2004-01-06,82.29000091552734,82.43000030517578,82.29000091552734,82.37999725341797,53.036964416503906,243500
2004-01-07,82.4000015258789,82.47000122070312,82.37000274658203,82.44000244140625,53.0755615234375,115400
2004-01-08,82.41999816894531,82.45999908447266,82.4000015258789,82.44999694824219,53.0820198059082,104200
2004-01-09,82.62999725341797,82.69999694824219,82.5999984741211,82.6500015258789,53.210777282714844,196600
2004-01-12,82.66999816894531,82.7699966430664,82.63999938964844,82.69999694824219,53.24298858642578,116900
2004-01-13,82.69999694824219,82.80000305175781,82.66000366210938,82.80000305175781,53.307281494140625,160000
2004-01-14,82.75,82.80999755859375,82.70999908447266,82.72000122070312,53.25590896606445,252400
2004-01-15,82.69999694824219,82.7300033569336,82.66000366210938,82.70999908447266,53.2493782043457,279800
2004-01-16,82.72000122070312,82.76000213623047,82.6500015258789,82.6500015258789,53.210777282714844,111700
2004-01-20,82.66999816894531,82.72000122070312,82.62000274658203,82.69000244140625,53.23653030395508,288600
2004-01-21,82.69000244140625,82.73999786376953,82.66999816894531,82.73999786376953,53.26873016357422,267700
2004-01-22,82.73999786376953,82.80000305175781,82.69999694824219,82.80000305175781,53.307281494140625,237500
2004-01-23,82.80000305175781,82.83000183105469,82.66000366210938,82.68000030517578,53.230064392089844,113100
2004-01-26,82.69999694824219,82.69999694824219,82.62000274658203,82.62000274658203,53.1914176940918,421700
2004-01-27,82.62999725341797,82.73999786376953,82.62999725341797,82.72000122070312,53.25590896606445,137100
2004-01-28,82.73999786376953,82.80000305175781,82.30999755859375,82.51000213623047,53.12065887451172,221000
2004-01-29,82.52999877929688,82.52999877929688,82.41999816894531,82.52999877929688,53.13351821899414,353000
2004-01-30,82.58000183105469,82.58999633789062,82.51000213623047,82.56999969482422,53.1592903137207,108400
2004-02-02,82.45999908447266,82.51000213623047,82.41999816894531,82.4800033569336,53.177974700927734,240100
2004-02-03,82.4800033569336,82.55999755859375,82.4800033569336,82.55999755859375,53.229576110839844,148600
2004-02-04,82.52999877929688,82.55000305175781,82.5,82.51000213623047,53.19731521606445,94100
2004-02-05,82.52999877929688,82.55000305175781,82.41000366210938,82.44999694824219,53.15861511230469,256600
2004-02-06,82.58999633789062,82.58999633789062,82.54000091552734,82.58000183105469,53.24244689941406,177600
2004-02-09,82.5,82.61000061035156,82.5,82.61000061035156,53.26178741455078,96000
2004-02-10,82.56999969482422,82.56999969482422,82.5,82.5,53.1909065246582,236500
2004-02-11,82.47000122070312,82.69999694824219,82.47000122070312,82.62999725341797,53.27468490600586,510900
2004-02-12,82.66000366210938,82.68000030517578,82.62000274658203,82.66000366210938,53.294010162353516,167400
2004-02-13,82.72000122070312,82.77999877929688,82.69000244140625,82.77999877929688,53.371368408203125,133900
2004-02-17,82.73999786376953,82.75,82.69000244140625,82.70999908447266,53.326229095458984,129700
2004-02-18,82.77999877929688,82.77999877929688,82.69000244140625,82.72000122070312,53.332763671875,122100
2004-02-19,82.69999694824219,82.76000213623047,82.68000030517578,82.76000213623047,53.358497619628906,153200
2004-02-20,82.72000122070312,82.72000122070312,82.63999938964844,82.66999816894531,53.300437927246094,124900
2004-02-23,82.69999694824219,82.76000213623047,82.68000030517578,82.75,53.3520393371582,133500
2004-02-24,82.76000213623047,82.80000305175781,82.72000122070312,82.76000213623047,53.358497619628906,156300
2004-02-25,82.80000305175781,82.81999969482422,82.76000213623047,82.81999969482422,53.39716720581055,119900
2004-02-26,82.80000305175781,82.81999969482422,82.76000213623047,82.79000091552734,53.37785720825195,227000
2004-02-27,82.80000305175781,82.8499984741211,82.79000091552734,82.8499984741211,53.41652297973633,148600
2004-03-01,82.73999786376953,82.73999786376953,82.6500015258789,82.70999908447266,53.39906311035156,175900
2004-03-02,82.69000244140625,82.69000244140625,82.56999969482422,82.62999725341797,53.34745788574219,218800
2004-03-03,82.55000305175781,82.61000061035156,82.51000213623047,82.56999969482422,53.308677673339844,188400
2004-03-04,82.58999633789062,82.6500015258789,82.54000091552734,82.63999938964844,53.35386276245117,191500
2004-03-05,82.87999725341797,82.88999938964844,82.81999969482422,82.81999969482422,53.47008514404297,451000
2004-03-08,82.94000244140625,82.95999908447266,82.88999938964844,82.94999694824219,53.554039001464844,152600
2004-03-09,82.94999694824219,83.0,82.91000366210938,83.0,53.58631134033203,114500
2004-03-10,82.93000030517578,82.98999786376953,82.91999816894531,82.94999694824219,53.554039001464844,251200
2004-03-11,83.0199966430664,83.02999877929688,82.9000015258789,83.0199966430664,53.5992317199707,162900
2004-03-12,83.0,83.0199966430664,82.93000030517578,82.95999908447266,53.56047058105469,133200
2004-03-15,82.94999694824219,82.97000122070312,82.88999938964844,82.91999816894531,53.53464889526367,141700
2004-03-16,82.91999816894531,83.02999877929688,82.87000274658203,82.9800033569336,53.573360443115234,165600
2004-03-17,83.04000091552734,83.04000091552734,82.97000122070312,82.9800033569336,53.573360443115234,147100
2004-03-18,82.9800033569336,83.0199966430664,82.91000366210938,82.94999694824219,53.554039001464844,455600
2004-03-19,82.9800033569336,83.0,82.93000030517578,82.9800033569336,53.573360443115234,127500
2004-03-22,82.98999786376953,83.02999877929688,82.97000122070312,83.02999877929688,53.605682373046875,233300
2004-03-23,83.0199966430664,83.05000305175781,83.0,83.05000305175781,53.6186408996582,208200
2004-03-24,83.05999755859375,83.06999969482422,83.0199966430664,83.06999969482422,53.631553649902344,245900
2004-03-25,83.05000305175781,83.06999969482422,83.0,83.05999755859375,53.625022888183594,181500
2004-03-26,83.08000183105469,83.08000183105469,82.94000244140625,82.9800033569336,53.573360443115234,344100
2004-03-29,82.87000274658203,82.91999816894531,82.86000061035156,82.91999816894531,53.53464889526367,174200
2004-03-30,82.94999694824219,82.95999908447266,82.87999725341797,82.91000366210938,53.528167724609375,190300
2004-03-31,82.91999816894531,82.98999786376953,82.91999816894531,82.97000122070312,53.56694030761719,179400
2004-04-01,82.83000183105469,82.83000183105469,82.73999786376953,82.75,53.50227737426758,270900
2004-04-02,82.45999908447266,82.63999938964844,82.41999816894531,82.45999908447266,53.31479263305664,412100
2004-04-05,82.41999816894531,82.43000030517578,82.37999725341797,82.37999725341797,53.263092041015625,291000
2004-04-06,82.44000244140625,82.51000213623047,82.43000030517578,82.4800033569336,53.32774353027344,125900
2004-04-07,82.48999786376953,82.54000091552734,82.45999908447266,82.5,53.34063720703125,134300
2004-04-08,82.43000030517578,82.51000213623047,82.41999816894531,82.5,53.34063720703125,146500
2004-04-12,82.41999816894531,82.45999908447266,82.37999725341797,82.41999816894531,53.28892135620117,233600
2004-04-13,82.33999633789062,82.36000061035156,82.2699966430664,82.30999755859375,53.21782302856445,181500
2004-04-14,82.19000244140625,82.20999908447266,82.12000274658203,82.16999816894531,53.127262115478516,291200
2004-04-15,82.22000122070312,82.2300033569336,82.12999725341797,82.22000122070312,53.159637451171875,209300
2004-04-16,82.3499984741211,82.3499984741211,82.27999877929688,82.33000183105469,53.23075866699219,133100
2004-04-19,82.3499984741211,82.3499984741211,82.2300033569336,82.2300033569336,53.16606521606445,438900
2004-04-20,82.25,82.27999877929688,82.04000091552734,82.04000091552734,53.04323959350586,185400
2004-04-21,82.04000091552734,82.18000030517578,82.04000091552734,82.05000305175781,53.0496711730957,145200
2004-04-22,82.1500015258789,82.16999816894531,82.0999984741211,82.16999816894531,53.127262115478516,334000
2004-04-23,82.08999633789062,82.08999633789062,81.97000122070312,82.0,53.01736831665039,256800
2004-04-26,82.0199966430664,82.0199966430664,81.97000122070312,82.01000213623047,53.023841857910156,1060700
2004-04-27,82.01000213623047,82.11000061035156,81.98999786376953,82.11000061035156,53.08849334716797,978500
2004-04-28,82.08000183105469,82.08000183105469,81.94000244140625,81.94000244140625,52.97855758666992,229400
2004-04-29,81.97000122070312,82.04000091552734,81.88999938964844,81.93000030517578,52.972137451171875,1179200
2004-04-30,81.98999786376953,82.0199966430664,81.93000030517578,81.97000122070312,52.99800491333008,114700
2004-05-03,81.83000183105469,81.88999938964844,81.80999755859375,81.88999938964844,53.02128219604492,143000
2004-05-04,81.95999908447266,82.04000091552734,81.81999969482422,81.87000274658203,53.008323669433594,248800
2004-05-05,81.95999908447266,81.95999908447266,81.83999633789062,81.83999633789062,52.9889030456543,123400
2004-05-06,81.88999938964844,81.88999938964844,81.77999877929688,81.81999969482422,52.97597122192383,574000
2004-05-07,81.5999984741211,81.5999984741211,81.45999908447266,81.4800033569336,52.75582504272461,733300
2004-05-10,81.5999984741211,81.5999984741211,81.48999786376953,81.5199966430664,52.781707763671875,382200
2004-05-11,81.5,81.56999969482422,81.31999969482422,81.52999877929688,52.7882080078125,192400
2004-05-12,81.5999984741211,81.5999984741211,81.5199966430664,81.55000305175781,52.80115509033203,260000
2004-05-13,81.5,81.55000305175781,81.45999908447266,81.51000213623047,52.77523422241211,200200
2004-05-14,81.5199966430664,81.63999938964844,81.5199966430664,81.63999938964844,52.859439849853516,259600
2004-05-17,81.76000213623047,81.76000213623047,81.69000244140625,81.75,52.93063735961914,206600
2004-05-18,81.70999908447266,81.70999908447266,81.62999725341797,81.66999816894531,52.87883758544922,210500
2004-05-19,81.62999725341797,81.62999725341797,81.55999755859375,81.62999725341797,52.85291290283203,165000
2004-05-20,81.6500015258789,81.72000122070312,81.62999725341797,81.66999816894531,52.87883758544922,102200
2004-05-21,81.75,81.76000213623047,81.62999725341797,81.66999816894531,52.87883758544922,226400
2004-05-24,81.68000030517578,81.69000244140625,81.62000274658203,81.69000244140625,52.891815185546875,180700
2004-05-25,81.68000030517578,81.73999786376953,81.66000366210938,81.69000244140625,52.891815185546875,158200
2004-05-26,81.72000122070312,81.83999633789062,81.72000122070312,81.83999633789062,52.9889030456543,143800
2004-05-27,81.8499984741211,81.9000015258789,81.81999969482422,81.87999725341797,53.014793395996094,275000
2004-05-28,81.87999725341797,81.87999725341797,81.77999877929688,81.8499984741211,52.99542236328125,153400
2004-06-01,81.62999725341797,81.66999816894531,81.55000305175781,81.61000061035156,52.920162200927734,117700
2004-06-02,81.55999755859375,81.58999633789062,81.51000213623047,81.55999755859375,52.88777542114258,166400
2004-06-03,81.56999969482422,81.5999984741211,81.54000091552734,81.58000183105469,52.900726318359375,158500
2004-06-04,81.54000091552734,81.54000091552734,81.44999694824219,81.44999694824219,52.816402435302734,303000
2004-06-07,81.45999908447266,81.5199966430664,81.41999816894531,81.4800033569336,52.83584976196289,119300
2004-06-08,81.4800033569336,81.48999786376953,81.41000366210938,81.48999786376953,52.84237289428711,184300
2004-06-09,81.44000244140625,81.44000244140625,81.33000183105469,81.36000061035156,52.7580451965332,419300
2004-06-10,81.36000061035156,81.37999725341797,81.29000091552734,81.3499984741211,52.75157928466797,349900
2004-06-14,81.27999877929688,81.27999877929688,81.13999938964844,81.13999938964844,52.61541748046875,141200
2004-06-15,81.33000183105469,81.45999908447266,81.30000305175781,81.41000366210938,52.79046630859375,569800
2004-06-16,81.37999725341797,81.43000030517578,81.3499984741211,81.3499984741211,52.75157928466797,180200
2004-06-17,81.30999755859375,81.44999694824219,81.27999877929688,81.44999694824219,52.816402435302734,181000
2004-06-18,81.43000030517578,81.4800033569336,81.4000015258789,81.4000015258789,52.78398132324219,184000
2004-06-21,81.4800033569336,81.5,81.44000244140625,81.45999908447266,52.82288360595703,115800
2004-06-22,81.47000122070312,81.5,81.41999816894531,81.48999786376953,52.84237289428711,101900
2004-06-23,81.45999908447266,81.52999877929688,81.43000030517578,81.51000213623047,52.85532760620117,258200
2004-06-24,81.61000061035156,81.62999725341797,81.54000091552734,81.58999633789062,52.90719223022461,161500
2004-06-25,81.52999877929688,81.5999984741211,81.52999877929688,81.5999984741211,52.91365051269531,252000
2004-06-28,81.51000213623047,81.51000213623047,81.4000015258789,81.41000366210938,52.79046630859375,193700
2004-06-29,81.4000015258789,81.5,81.38999938964844,81.48999786376953,52.84237289428711,191100
2004-06-30,81.52999877929688,81.70999908447266,81.4800033569336,81.70999908447266,52.98503494262695,130900
2004-07-01,81.48999786376953,81.6500015258789,81.4800033569336,81.58000183105469,52.996036529541016,632000
2004-07-02,81.77999877929688,81.86000061035156,81.7300033569336,81.80000305175781,53.138999938964844,164900
2004-07-06,81.80000305175781,81.80000305175781,81.70999908447266,81.77999877929688,53.125953674316406,203300
2004-07-07,81.80999755859375,81.80999755859375,81.75,81.79000091552734,53.132476806640625,206500
2004-07-08,81.81999969482422,81.8499984741211,81.77999877929688,81.81999969482422,53.15196990966797,259600
2004-07-09,81.8499984741211,81.86000061035156,81.79000091552734,81.81999969482422,53.15196990966797,250200
2004-07-12,81.87999725341797,81.87999725341797,81.81999969482422,81.8499984741211,53.17146301269531,285500
2004-07-13,81.79000091552734,81.80999755859375,81.7300033569336,81.79000091552734,53.132476806640625,204800
2004-07-14,81.79000091552734,81.80000305175781,81.7300033569336,81.76000213623047,53.113006591796875,99800
2004-07-15,81.75,81.77999877929688,81.70999908447266,81.76000213623047,53.113006591796875,232400
2004-07-16,81.87000274658203,81.91999816894531,81.83000183105469,81.91999816894531,53.21694564819336,181100
2004-07-19,81.91999816894531,81.91999816894531,81.86000061035156,81.87999725341797,53.19091033935547,178900
2004-07-20,81.81999969482422,81.87999725341797,81.69999694824219,81.7300033569336,53.093475341796875,137500
2004-07-21,81.70999908447266,81.70999908447266,81.62999725341797,81.70999908447266,53.080528259277344,171400
2004-07-22,81.73999786376953,81.76000213623047,81.69000244140625,81.7300033569336,53.093475341796875,117100
2004-07-23,81.76000213623047,81.7699966430664,81.72000122070312,81.7300033569336,53.093475341796875,138700
2004-07-26,81.7300033569336,81.7300033569336,81.6500015258789,81.66999816894531,53.054542541503906,156000
2004-07-27,81.68000030517578,81.69000244140625,81.55999755859375,81.5999984741211,53.009033203125,117500
2004-07-28,81.58999633789062,81.66999816894531,81.54000091552734,81.6500015258789,53.041465759277344,74400
2004-07-29,81.61000061035156,81.70999908447266,81.61000061035156,81.66999816894531,53.054542541503906,198500
2004-07-30,81.79000091552734,81.81999969482422,81.75,81.79000091552734,53.132476806640625,102200
2004-08-02,81.72000122070312,81.73999786376953,81.66000366210938,81.70999908447266,53.17348098754883,212200
2004-08-03,81.69000244140625,81.75,81.6500015258789,81.7300033569336,53.18647003173828,280700
2004-08-04,81.7300033569336,81.77999877929688,81.69999694824219,81.72000122070312,53.179996490478516,82900
2004-08-05,81.76000213623047,81.79000091552734,81.72000122070312,81.7699966430664,53.2125129699707,480600
2004-08-06,82.12999725341797,82.1500015258789,82.0199966430664,82.05999755859375,53.40126037597656,632300
2004-08-09,82.08999633789062,82.08999633789062,82.01000213623047,82.05000305175781,53.39470672607422,212400
2004-08-10,82.05000305175781,82.05999755859375,81.8499984741211,81.8499984741211,53.26458740234375,163000
2004-08-11,81.9000015258789,81.9800033569336,81.88999938964844,81.9800033569336,53.34914016723633,180000
2004-08-12,81.95999908447266,82.01000213623047,81.91000366210938,82.0,53.36219787597656,110700
2004-08-13,82.06999969482422,82.08999633789062,82.02999877929688,82.08000183105469,53.41425323486328,117100
2004-08-16,82.0,82.05999755859375,81.97000122070312,82.05999755859375,53.40126037597656,97600
2004-08-17,82.11000061035156,82.13999938964844,82.05999755859375,82.13999938964844,53.45331573486328,197400
2004-08-18,82.19000244140625,82.19999694824219,82.0999984741211,82.12000274658203,53.440284729003906,192000
2004-08-19,82.08000183105469,82.16999816894531,82.08000183105469,82.16999816894531,53.472808837890625,265400
2004-08-20,82.16000366210938,82.16999816894531,82.08999633789062,82.12000274658203,53.440284729003906,132500
2004-08-23,82.08000183105469,82.08000183105469,82.04000091552734,82.05000305175781,53.39470672607422,98600
2004-08-24,82.04000091552734,82.08999633789062,81.98999786376953,82.08999633789062,53.420738220214844,188000
2004-08-25,82.11000061035156,82.13999938964844,82.02999877929688,82.05999755859375,53.40126037597656,114800
2004-08-26,82.0999984741211,82.13999938964844,82.05999755859375,82.13999938964844,53.45331573486328,111400
2004-08-27,82.13999938964844,82.16000366210938,82.08999633789062,82.11000061035156,53.43376159667969,90500
2004-08-30,82.11000061035156,82.16000366210938,82.0999984741211,82.12999725341797,53.44682693481445,66100
2004-08-31,82.18000030517578,82.27999877929688,82.13999938964844,82.25,53.52488327026367,100200
2004-09-01,82.1500015258789,82.1500015258789,82.04000091552734,82.13999938964844,53.53922653198242,285100
2004-09-02,82.0999984741211,82.0999984741211,82.01000213623047,82.01000213623047,53.454463958740234,133700
2004-09-03,81.94000244140625,81.94000244140625,81.81999969482422,81.9000015258789,53.38277816772461,435400
2004-09-07,81.88999938964844,81.91000366210938,81.8499984741211,81.9000015258789,53.38277816772461,126900
2004-09-08,81.86000061035156,82.05000305175781,81.83999633789062,82.0199966430664,53.46097183227539,86800
2004-09-09,82.05000305175781,82.08000183105469,82.0,82.02999877929688,53.467525482177734,94500
2004-09-10,82.11000061035156,82.11000061035156,82.02999877929688,82.05000305175781,53.48052978515625,79600
2004-09-13,82.02999877929688,82.06999969482422,82.01000213623047,82.05999755859375,53.48710632324219,87000
2004-09-14,82.0,82.12000274658203,82.0,82.08000183105469,53.5001106262207,140200
2004-09-15,82.08000183105469,82.0999984741211,82.0199966430664,82.02999877929688,53.467525482177734,203000
2004-09-16,82.04000091552734,82.19999694824219,82.04000091552734,82.16999816894531,53.55875015258789,341400
2004-09-17,82.16999816894531,82.18000030517578,82.06999969482422,82.06999969482422,53.49359893798828,165600
2004-09-20,82.16000366210938,82.19999694824219,82.11000061035156,82.19999694824219,53.578304290771484,1060900
2004-09-21,82.16999816894531,82.18000030517578,82.05000305175781,82.08000183105469,53.5001106262207,133600
2004-09-22,82.12000274658203,82.16999816894531,82.06999969482422,82.16000366210938,53.552242279052734,153900
2004-09-23,82.20999908447266,82.20999908447266,82.01000213623047,82.05999755859375,53.48710632324219,441400
2004-09-24,82.0,82.02999877929688,81.94999694824219,82.01000213623047,53.454463958740234,194100
2004-09-27,82.08000183105469,82.08999633789062,82.02999877929688,82.05999755859375,53.48710632324219,105900
2004-09-28,82.0999984741211,82.12999725341797,82.05999755859375,82.11000061035156,53.519649505615234,282800
2004-09-29,82.05999755859375,82.05999755859375,81.9800033569336,82.01000213623047,53.454463958740234,117100
2004-09-30,81.95999908447266,82.05000305175781,81.91999816894531,82.04000091552734,53.47404098510742,228200
2004-10-01,81.87999725341797,81.9000015258789,81.80000305175781,81.8499984741211,53.43617630004883,451800
2004-10-04,81.80000305175781,81.87000274658203,81.80000305175781,81.86000061035156,53.44269943237305,98800
2004-10-05,81.87999725341797,81.9000015258789,81.83999633789062,81.87000274658203,53.449241638183594,168200
2004-10-06,81.88999938964844,81.88999938964844,81.80000305175781,81.80000305175781,53.40354919433594,133600
2004-10-07,81.81999969482422,81.83000183105469,81.73999786376953,81.7699966430664,53.383934020996094,160400
2004-10-08,82.0,82.0199966430664,81.94999694824219,81.9800033569336,53.5210075378418,137900
2004-10-11,82.0199966430664,82.04000091552734,81.9800033569336,82.04000091552734,53.56022262573242,64800
2004-10-12,82.01000213623047,82.06999969482422,82.01000213623047,82.05999755859375,53.573307037353516,162700
2004-10-13,82.0199966430664,82.12000274658203,82.0,82.12000274658203,53.61243438720703,130600
2004-10-14,82.12999725341797,82.18000030517578,82.08999633789062,82.13999938964844,53.62550354003906,180400
2004-10-15,82.11000061035156,82.12999725341797,82.0,82.11000061035156,53.60588073730469,221900
2004-10-18,82.08999633789062,82.12000274658203,82.05999755859375,82.12000274658203,53.61243438720703,149000
2004-10-19,82.02999877929688,82.0999984741211,82.0199966430664,82.08999633789062,53.592838287353516,297400
2004-10-20,82.0999984741211,82.16000366210938,82.08999633789062,82.16000366210938,53.63853073120117,164000
2004-10-21,82.13999938964844,82.16999816894531,82.05999755859375,82.05999755859375,53.573307037353516,161300
2004-10-22,82.0999984741211,82.13999938964844,82.06999969482422,82.13999938964844,53.62550354003906,106700
2004-10-25,82.19999694824219,82.19999694824219,82.13999938964844,82.16999816894531,53.645057678222656,120600
2004-10-26,82.19000244140625,82.19000244140625,82.12999725341797,82.16000366210938,53.63853073120117,121300
2004-10-27,82.16000366210938,82.19000244140625,82.02999877929688,82.05000305175781,53.566734313964844,263400
2004-10-28,82.06999969482422,82.11000061035156,82.01000213623047,82.08000183105469,53.58633041381836,102800
2004-10-29,82.12999725341797,82.1500015258789,82.06999969482422,82.1500015258789,53.632041931152344,181800
2004-11-01,81.98999786376953,82.0199966430664,81.91999816894531,81.95999908447266,53.59799575805664,237800
2004-11-02,81.97000122070312,82.0,81.9000015258789,82.0,53.62413787841797,303600
2004-11-03,81.9000015258789,81.98999786376953,81.86000061035156,81.98999786376953,53.61767578125,232000
2004-11-04,81.95999908447266,82.0,81.87999725341797,81.91999816894531,53.57188034057617,279700
2004-11-05,81.75,81.77999877929688,81.69000244140625,81.70999908447266,53.434532165527344,335100
2004-11-08,81.70999908447266,81.72000122070312,81.62000274658203,81.66999816894531,53.408390045166016,224400
2004-11-09,81.7300033569336,81.73999786376953,81.68000030517578,81.7300033569336,53.44760513305664,198700
2004-11-10,81.69999694824219,81.72000122070312,81.62000274658203,81.62999725341797,53.38220977783203,170600
2004-11-11,81.66000366210938,81.7300033569336,81.5999984741211,81.69000244140625,53.42150115966797,121500
2004-11-12,81.69000244140625,81.7300033569336,81.63999938964844,81.66999816894531,53.408390045166016,179500
2004-11-15,81.68000030517578,81.69999694824219,81.61000061035156,81.66999816894531,53.408390045166016,210300
2004-11-16,81.5999984741211,81.6500015258789,81.58999633789062,81.61000061035156,53.36913299560547,143600
2004-11-17,81.66000366210938,81.7300033569336,81.62999725341797,81.7300033569336,53.44760513305664,122300
2004-11-18,81.69999694824219,81.72000122070312,81.6500015258789,81.72000122070312,53.44104766845703,287700
2004-11-19,81.69000244140625,81.69999694824219,81.55999755859375,81.58999633789062,53.356056213378906,209400
2004-11-22,81.62000274658203,81.62999725341797,81.56999969482422,81.61000061035156,53.36913299560547,466700
2004-11-23,81.5999984741211,81.66000366210938,81.55000305175781,81.5999984741211,53.36259078979492,262600
2004-11-24,81.58999633789062,81.62000274658203,81.55000305175781,81.58999633789062,53.356056213378906,184200
2004-11-26,81.51000213623047,81.55000305175781,81.5,81.51000213623047,53.303741455078125,138700
2004-11-29,81.5,81.5199966430664,81.47000122070312,81.5199966430664,53.31027603149414,144100
2004-11-30,81.51000213623047,81.5999984741211,81.51000213623047,81.54000091552734,53.323368072509766,398000
2004-12-01,81.5199966430664,81.5199966430664,81.41999816894531,81.44999694824219,53.35942459106445,188300
2004-12-02,81.4000015258789,81.44000244140625,81.33999633789062,81.41999816894531,53.339778900146484,227800
2004-12-03,81.58999633789062,81.63999938964844,81.56999969482422,81.5999984741211,53.457618713378906,418300
2004-12-06,81.58000183105469,81.62999725341797,81.54000091552734,81.61000061035156,53.464210510253906,197200
2004-12-07,81.58999633789062,81.61000061035156,81.51000213623047,81.61000061035156,53.464210510253906,516500
2004-12-08,81.55000305175781,81.66999816894531,81.55000305175781,81.63999938964844,53.483863830566406,141300
2004-12-09,81.63999938964844,81.69999694824219,81.58999633789062,81.62999725341797,53.47734451293945,263600
2004-12-10,81.6500015258789,81.66000366210938,81.5999984741211,81.63999938964844,53.483863830566406,245900
2004-12-13,81.5999984741211,81.63999938964844,81.54000091552734,81.58000183105469,53.444541931152344,237400
2004-12-14,81.58999633789062,81.63999938964844,81.52999877929688,81.5999984741211,53.457618713378906,300400
2004-12-15,81.6500015258789,81.68000030517578,81.61000061035156,81.68000030517578,53.51009750366211,325700
2004-12-16,81.62999725341797,81.66999816894531,81.52999877929688,81.58999633789062,53.451080322265625,326100
2004-12-17,81.5199966430664,81.5999984741211,81.5199966430664,81.55999755859375,53.431427001953125,92700
2004-12-20,81.58999633789062,81.61000061035156,81.51000213623047,81.55999755859375,53.431427001953125,260100
2004-12-21,81.55000305175781,81.58000183105469,81.5199966430664,81.56999969482422,53.4379997253418,283300
2004-12-22,81.56999969482422,81.58999633789062,81.52999877929688,81.56999969482422,53.4379997253418,709900
2004-12-23,81.62999725341797,81.62999725341797,81.54000091552734,81.55000305175781,53.4249382019043,417600
2004-12-27,81.54000091552734,81.56999969482422,81.47000122070312,81.5,53.39213562011719,142900
2004-12-28,81.51000213623047,81.55999755859375,81.4800033569336,81.52999877929688,53.41181182861328,243500
2004-12-29,81.55999755859375,81.55999755859375,81.4800033569336,81.5199966430664,53.40521240234375,214600
2004-12-30,81.5199966430664,81.58999633789062,81.48999786376953,81.55000305175781,53.4249382019043,208000
2004-12-31,81.44999694824219,81.47000122070312,81.41000366210938,81.43000030517578,53.447227478027344,170600
2005-01-03,81.37000274658203,81.44999694824219,81.37000274658203,81.44000244140625,53.45378494262695,370200
2005-01-04,81.41000366210938,81.41999816894531,81.26000213623047,81.26000213623047,53.335655212402344,425300
2005-01-05,81.26000213623047,81.31999969482422,81.23999786376953,81.27999877929688,53.34879684448242,273500
2005-01-06,81.30000305175781,81.37000274658203,81.30000305175781,81.31999969482422,53.375022888183594,318800
2005-01-07,81.33000183105469,81.33999633789062,81.29000091552734,81.33000183105469,53.38161087036133,142500
2005-01-10,81.31999969482422,81.33000183105469,81.26000213623047,81.27999877929688,53.34879684448242,296100
2005-01-11,81.31999969482422,81.31999969482422,81.2699966430664,81.30000305175781,53.36185836791992,296000
2005-01-12,81.29000091552734,81.37000274658203,81.29000091552734,81.30999755859375,53.36845397949219,126400
2005-01-13,81.37000274658203,81.41000366210938,81.33999633789062,81.41000366210938,53.43406677246094,104500
2005-01-14,81.3499984741211,81.38999938964844,81.27999877929688,81.37000274658203,53.40782928466797,213100
2005-01-18,81.26000213623047,81.33999633789062,81.26000213623047,81.33999633789062,53.38814926147461,167000
2005-01-19,81.33999633789062,81.3499984741211,81.27999877929688,81.3499984741211,53.39466094970703,221700
2005-01-20,81.37000274658203,81.43000030517578,81.33999633789062,81.41999816894531,53.440673828125,156500
2005-01-21,81.4000015258789,81.5,81.4000015258789,81.5,53.493160247802734,188000
2005-01-24,81.48999786376953,81.48999786376953,81.4000015258789,81.44999694824219,53.46035385131836,325700
2005-01-25,81.43000030517578,81.43000030517578,81.36000061035156,81.41999816894531,53.440673828125,219300
2005-01-26,81.37999725341797,81.44000244140625,81.37000274658203,81.38999938964844,53.420989990234375,114100
2005-01-27,81.37000274658203,81.37999725341797,81.33000183105469,81.37000274658203,53.40782928466797,273700
2005-01-28,81.4000015258789,81.44999694824219,81.38999938964844,81.41000366210938,53.43406677246094,101400
2005-01-31,81.4000015258789,81.41000366210938,81.33999633789062,81.4000015258789,53.42752456665039,179500
2005-02-01,81.23999786376953,81.27999877929688,81.22000122070312,81.25,53.441341400146484,215200
2005-02-02,81.2300033569336,81.2699966430664,81.19999694824219,81.22000122070312,53.421607971191406,179400
2005-02-03,81.1500015258789,81.19999694824219,81.1500015258789,81.16999816894531,53.38871765136719,270600
2005-02-04,81.25,81.30000305175781,81.19999694824219,81.25,53.441341400146484,451400
2005-02-07,81.23999786376953,81.25,81.19000244140625,81.2300033569336,53.42818069458008,345800
2005-02-08,81.20999908447266,81.2300033569336,81.16999816894531,81.19999694824219,53.408443450927734,154400
2005-02-09,81.23999786376953,81.37000274658203,81.23999786376953,81.3499984741211,53.5070686340332,415000
2005-02-10,81.33999633789062,81.33999633789062,81.26000213623047,81.29000091552734,53.46766662597656,506600
2005-02-11,81.30000305175781,81.31999969482422,81.22000122070312,81.25,53.441341400146484,298600
2005-02-14,81.25,81.25,81.18000030517578,81.20999908447266,53.41505432128906,640800
2005-02-15,81.19000244140625,81.23999786376953,81.19000244140625,81.22000122070312,53.421607971191406,261000
2005-02-16,81.22000122070312,81.26000213623047,81.13999938964844,81.18000030517578,53.395328521728516,163100
2005-02-17,81.18000030517578,81.2300033569336,81.1500015258789,81.22000122070312,53.421607971191406,443800
2005-02-18,81.16999816894531,81.19000244140625,81.0999984741211,81.11000061035156,53.34929275512695,199100
2005-02-22,81.11000061035156,81.16999816894531,81.11000061035156,81.13999938964844,53.36896896362305,177600
2005-02-23,81.13999938964844,81.19999694824219,81.12999725341797,81.12999725341797,53.3624267578125,727500
2005-02-24,81.12999725341797,81.16999816894531,81.08000183105469,81.11000061035156,53.34929275512695,223400
2005-02-25,81.11000061035156,81.11000061035156,81.05000305175781,81.06999969482422,53.32297134399414,595100
2005-02-28,81.05999755859375,81.08000183105469,80.94999694824219,81.0199966430664,53.29005432128906,502900
2005-03-01,80.9000015258789,80.91000366210938,80.81999969482422,80.83999633789062,53.27886962890625,265100
2005-03-02,80.87999725341797,80.93000030517578,80.83999633789062,80.88999938964844,53.3118782043457,390100
2005-03-03,80.93000030517578,80.94999694824219,80.87000274658203,80.91999816894531,53.331565856933594,1341100
2005-03-04,80.9800033569336,80.9800033569336,80.91000366210938,80.91999816894531,53.331565856933594,438000
2005-03-07,80.9000015258789,80.94999694824219,80.87999725341797,80.88999938964844,53.3118782043457,429300
2005-03-08,80.87999725341797,80.88999938964844,80.81999969482422,80.88999938964844,53.3118782043457,242400
2005-03-09,80.81999969482422,80.9000015258789,80.81999969482422,80.86000061035156,53.29206466674805,376400
2005-03-10,80.87000274658203,80.87000274658203,80.79000091552734,80.80000305175781,53.25248718261719,236900
2005-03-11,80.83000183105469,80.83000183105469,80.73999786376953,80.77999877929688,53.239288330078125,758700
2005-03-14,80.77999877929688,80.77999877929688,80.72000122070312,80.75,53.21953201293945,214900
2005-03-15,80.76000213623047,80.79000091552734,80.72000122070312,80.72000122070312,53.199798583984375,258900
2005-03-16,80.81999969482422,80.87999725341797,80.77999877929688,80.81999969482422,53.265647888183594,376100
2005-03-17,80.87999725341797,80.9000015258789,80.81999969482422,80.8499984741211,53.28545379638672,224400
2005-03-18,80.8499984741211,80.8499984741211,80.80000305175781,80.80999755859375,53.25909423828125,111200
2005-03-21,80.80999755859375,80.86000061035156,80.79000091552734,80.86000061035156,53.29206466674805,1622400
2005-03-22,80.87000274658203,80.91999816894531,80.68000030517578,80.72000122070312,53.199798583984375,1623900
2005-03-23,80.66000366210938,80.72000122070312,80.62000274658203,80.70999908447266,53.19319152832031,216000
2005-03-24,80.70999908447266,80.76000213623047,80.66999816894531,80.7300033569336,53.20637130737305,270500
2005-03-28,80.69000244140625,80.70999908447266,80.6500015258789,80.69000244140625,53.18000793457031,865700
2005-03-29,80.68000030517578,80.75,80.68000030517578,80.75,53.21953201293945,263600
2005-03-30,80.70999908447266,80.77999877929688,80.70999908447266,80.76000213623047,53.226131439208984,168300
2005-03-31,80.80000305175781,80.87000274658203,80.79000091552734,80.87000274658203,53.298606872558594,189200
2005-04-01,80.7300033569336,80.7699966430664,80.6500015258789,80.7300033569336,53.3316650390625,779200
2005-04-04,80.72000122070312,80.77999877929688,80.69999694824219,80.7300033569336,53.3316650390625,543700
2005-04-05,80.7699966430664,80.77999877929688,80.70999908447266,80.75,53.344844818115234,134500
2005-04-06,80.77999877929688,80.83000183105469,80.7699966430664,80.80999755859375,53.38447952270508,175200
2005-04-07,80.83999633789062,80.86000061035156,80.7699966430664,80.77999877929688,53.36467361450195,294200
2005-04-08,80.7300033569336,80.77999877929688,80.72000122070312,80.7699966430664,53.35810852050781,136900
2005-04-11,80.75,80.80000305175781,80.72000122070312,80.7699966430664,53.35810852050781,208000
2005-04-12,80.75,80.87999725341797,80.7300033569336,80.81999969482422,53.39115524291992,140300
2005-04-13,80.87000274658203,80.94000244140625,80.8499984741211,80.94000244140625,53.470367431640625,262800
2005-04-14,80.94999694824219,81.04000091552734,80.94000244140625,81.01000213623047,53.51664733886719,163100
2005-04-15,81.08000183105469,81.13999938964844,81.01000213623047,81.13999938964844,53.60253143310547,292000
2005-04-18,81.13999938964844,81.18000030517578,81.08000183105469,81.0999984741211,53.576087951660156,725600
2005-04-19,81.08000183105469,81.22000122070312,81.08000183105469,81.19999694824219,53.64216995239258,1463600
2005-04-20,81.0999984741211,81.19999694824219,81.06999969482422,81.16999816894531,53.62232971191406,496600
2005-04-21,81.11000061035156,81.13999938964844,81.01000213623047,81.02999877929688,53.529842376708984,200900
2005-04-22,81.12000274658203,81.12000274658203,81.02999877929688,81.05000305175781,53.543094635009766,141300
2005-04-25,81.06999969482422,81.06999969482422,81.02999877929688,81.06999969482422,53.55626678466797,315100
2005-04-26,81.08000183105469,81.08999633789062,80.98999786376953,81.05000305175781,53.543094635009766,192400
2005-04-27,81.12999725341797,81.1500015258789,81.05999755859375,81.11000061035156,53.58270263671875,479900
2005-04-28,81.18000030517578,81.20999908447266,81.13999938964844,81.18000030517578,53.62892532348633,273700
2005-04-29,81.1500015258789,81.18000030517578,81.08000183105469,81.0999984741211,53.576087951660156,428400
2005-05-02,80.9000015258789,80.94999694824219,80.87000274658203,80.91999816894531,53.582698822021484,246600
2005-05-03,80.91999816894531,80.9800033569336,80.87999725341797,80.97000122070312,53.615840911865234,303200
2005-05-04,80.9800033569336,81.01000213623047,80.94000244140625,81.0,53.63569641113281,621300
2005-05-05,81.06999969482422,81.12999725341797,81.0,81.08000183105469,53.688636779785156,214600
2005-05-06,80.93000030517578,80.94000244140625,80.83999633789062,80.9000015258789,53.56948471069336,213600
2005-05-09,80.86000061035156,80.87000274658203,80.81999969482422,80.86000061035156,53.542972564697266,118700
2005-05-10,80.87000274658203,80.95999908447266,80.86000061035156,80.91999816894531,53.582698822021484,229200
2005-05-11,80.98999786376953,81.02999877929688,80.94999694824219,80.97000122070312,53.615840911865234,92800
2005-05-12,80.95999908447266,81.01000213623047,80.88999938964844,81.01000213623047,53.6423225402832,216200
2005-05-13,81.06999969482422,81.11000061035156,81.02999877929688,81.0999984741211,53.70189666748047,129900
2005-05-16,81.12999725341797,81.12999725341797,81.08000183105469,81.08000183105469,53.688636779785156,129300
2005-05-17,81.12000274658203,81.1500015258789,81.08000183105469,81.08000183105469,53.688636779785156,118800
2005-05-18,81.16000366210938,81.20999908447266,81.12000274658203,81.16000366210938,53.741615295410156,302100
2005-05-19,81.08999633789062,81.13999938964844,81.04000091552734,81.04000091552734,53.66218948364258,200900
2005-05-20,81.08000183105469,81.08999633789062,81.0199966430664,81.04000091552734,53.66218948364258,143500
2005-05-23,81.08999633789062,81.12000274658203,81.05999755859375,81.08999633789062,53.695289611816406,1662900
2005-05-24,81.11000061035156,81.13999938964844,81.08999633789062,81.13999938964844,53.72840881347656,123700
2005-05-25,81.20999908447266,81.20999908447266,81.11000061035156,81.16999816894531,53.74824523925781,228300
2005-05-26,81.12999725341797,81.1500015258789,81.0999984741211,81.13999938964844,53.72840881347656,191400
2005-05-27,81.12000274658203,81.16999816894531,81.11000061035156,81.16999816894531,53.74824523925781,130100
2005-05-31,81.16999816894531,81.23999786376953,81.1500015258789,81.2300033569336,53.78797912597656,164200
2005-06-01,81.02999877929688,81.29000091552734,81.02999877929688,81.19999694824219,53.894168853759766,782400
2005-06-02,81.13999938964844,81.19000244140625,81.12000274658203,81.16999816894531,53.874267578125,401400
2005-06-03,81.2300033569336,81.2300033569336,81.05999755859375,81.06999969482422,53.807891845703125,180400
2005-06-06,81.0999984741211,81.12000274658203,81.05000305175781,81.11000061035156,53.83449935913086,1264700
2005-06-07,81.1500015258789,81.1500015258789,81.06999969482422,81.12999725341797,53.84775161743164,190000
2005-06-08,81.1500015258789,81.1500015258789,81.08000183105469,81.11000061035156,53.83449935913086,149300
2005-06-09,81.08000183105469,81.08000183105469,81.01000213623047,81.05999755859375,53.80124282836914,338200
2005-06-10,81.01000213623047,81.02999877929688,80.94999694824219,80.98999786376953,53.754798889160156,313900
2005-06-13,81.0,81.01000213623047,80.94999694824219,80.98999786376953,53.754798889160156,153100
2005-06-14,81.0,81.01000213623047,80.97000122070312,81.01000213623047,53.76810073852539,264200
2005-06-15,80.98999786376953,81.0199966430664,80.94999694824219,80.98999786376953,53.754798889160156,135000
2005-06-16,80.98999786376953,81.05999755859375,80.95999908447266,81.05999755859375,53.80124282836914,379600
2005-06-17,81.02999877929688,81.05999755859375,81.0,81.05000305175781,53.794620513916016,887800
2005-06-20,81.0199966430664,81.04000091552734,81.0,81.02999877929688,53.7813835144043,211600
2005-06-21,81.05000305175781,81.08999633789062,81.0199966430664,81.04000091552734,53.78797912597656,253700
2005-06-22,81.16000366210938,81.22000122070312,81.08000183105469,81.22000122070312,53.90744400024414,274500
2005-06-23,81.19000244140625,81.20999908447266,81.12999725341797,81.19000244140625,53.88752746582031,198300
2005-06-24,81.27999877929688,81.27999877929688,81.20999908447266,81.2300033569336,53.914085388183594,383000
2005-06-27,81.25,81.2699966430664,81.20999908447266,81.26000213623047,53.93403244018555,144500
2005-06-28,81.19999694824219,81.2300033569336,81.16999816894531,81.16999816894531,53.874267578125,189000
2005-06-29,81.25,81.25,81.1500015258789,81.19000244140625,53.88752746582031,291500
2005-06-30,81.25,81.26000213623047,81.1500015258789,81.23999786376953,53.920753479003906,474900
2005-07-01,81.01000213623047,81.01000213623047,80.80999755859375,80.83000183105469,53.771751403808594,206400
2005-07-05,80.83999633789062,80.88999938964844,80.80999755859375,80.8499984741211,53.7850227355957,198600
2005-07-06,80.83000183105469,80.9000015258789,80.83000183105469,80.9000015258789,53.81827926635742,130500
2005-07-07,80.98999786376953,81.01000213623047,80.94000244140625,80.97000122070312,53.86486053466797,151400
2005-07-08,80.95999908447266,80.95999908447266,80.86000061035156,80.87999725341797,53.80494689941406,126300
2005-07-11,80.86000061035156,80.86000061035156,80.80000305175781,80.81999969482422,53.76506042480469,1435900
2005-07-12,80.8499984741211,80.87000274658203,80.80999755859375,80.81999969482422,53.76506042480469,168100
2005-07-13,80.83000183105469,80.86000061035156,80.81999969482422,80.83000183105469,53.771751403808594,404800
2005-07-14,80.87999725341797,80.87999725341797,80.80999755859375,80.83000183105469,53.771751403808594,280300
2005-07-15,80.80999755859375,80.87000274658203,80.80000305175781,80.83999633789062,53.7783317565918,299200
2005-07-18,80.83000183105469,80.83999633789062,80.77999877929688,80.81999969482422,53.76506042480469,309300
2005-07-19,80.80000305175781,80.86000061035156,80.77999877929688,80.8499984741211,53.7850227355957,216100
2005-07-20,80.83000183105469,80.87999725341797,80.76000213623047,80.83999633789062,53.7783317565918,196200
2005-07-21,80.80000305175781,80.83999633789062,80.73999786376953,80.76000213623047,53.72515869140625,322600
2005-07-22,80.75,80.86000061035156,80.75,80.83999633789062,53.7783317565918,547000
2005-07-25,80.80000305175781,80.8499984741211,80.79000091552734,80.80999755859375,53.75846481323242,191600
2005-07-26,80.81999969482422,80.83000183105469,80.7699966430664,80.79000091552734,53.74513626098633,207200
2005-07-27,80.76000213623047,80.80999755859375,80.76000213623047,80.79000091552734,53.74513626098633,160000
2005-07-28,80.7699966430664,80.81999969482422,80.7699966430664,80.80000305175781,53.751739501953125,359100
2005-07-29,80.80000305175781,80.80000305175781,80.7300033569336,80.75,53.718505859375,1124300
2005-08-01,80.58000183105469,80.58000183105469,80.51000213623047,80.5199966430664,53.68581771850586,273300
2005-08-02,80.5199966430664,80.58000183105469,80.5,80.52999877929688,53.69252014160156,512700
2005-08-03,80.54000091552734,80.58999633789062,80.5199966430664,80.55999755859375,53.71246337890625,253500
2005-08-04,80.55999755859375,80.62000274658203,80.55000305175781,80.55999755859375,53.71246337890625,230700
2005-08-05,80.52999877929688,80.52999877929688,80.44999694824219,80.48999786376953,53.6657829284668,289400
2005-08-08,80.48999786376953,80.48999786376953,80.41000366210938,80.41000366210938,53.61247253417969,156600
2005-08-09,80.41000366210938,80.5,80.38999938964844,80.5,53.672462463378906,168100
2005-08-10,80.56999969482422,80.56999969482422,80.47000122070312,80.5,53.672462463378906,260300
2005-08-11,80.51000213623047,80.5999984741211,80.4800033569336,80.55999755859375,53.71246337890625,177800
2005-08-12,80.58999633789062,80.66000366210938,80.58000183105469,80.66000366210938,53.77918243408203,224900
2005-08-15,80.66000366210938,80.66000366210938,80.58000183105469,80.62000274658203,53.75249481201172,148500
2005-08-16,80.66000366210938,80.69999694824219,80.63999938964844,80.66000366210938,53.77918243408203,252800
2005-08-17,80.66999816894531,80.69999694824219,80.62999725341797,80.68000030517578,53.79254150390625,178400
2005-08-18,80.69999694824219,80.75,80.66999816894531,80.75,53.83916473388672,115000
2005-08-19,80.7300033569336,80.73999786376953,80.68000030517578,80.72000122070312,53.819183349609375,218000
2005-08-22,80.69999694824219,80.7699966430664,80.68000030517578,80.7300033569336,53.82582092285156,974800
2005-08-23,80.77999877929688,80.81999969482422,80.76000213623047,80.80999755859375,53.87914276123047,192500
2005-08-24,80.8499984741211,80.8499984741211,80.76000213623047,80.81999969482422,53.88589859008789,145900
2005-08-25,80.83000183105469,80.83000183105469,80.79000091552734,80.80999755859375,53.87914276123047,186200
2005-08-26,80.80999755859375,80.81999969482422,80.7300033569336,80.75,53.83916473388672,272100
2005-08-29,80.75,80.80999755859375,80.73999786376953,80.7699966430664,53.8525276184082,183200
2005-08-30,80.80999755859375,80.91999816894531,80.77999877929688,80.88999938964844,53.93254852294922,455500
2005-08-31,80.98999786376953,81.0999984741211,80.93000030517578,81.0999984741211,54.07252502441406,289000
2005-09-01,80.87999725341797,81.06999969482422,80.8499984741211,80.97000122070312,54.138057708740234,624000
2005-09-02,80.94999694824219,81.06999969482422,80.94000244140625,81.06999969482422,54.20492935180664,204400
2005-09-06,80.9000015258789,80.95999908447266,80.8499984741211,80.94000244140625,54.118011474609375,238600
2005-09-07,80.93000030517578,80.93000030517578,80.83000183105469,80.87999725341797,54.07785415649414,887200
2005-09-08,80.91999816894531,80.91999816894531,80.83999633789062,80.83999633789062,54.05116271972656,225800
2005-09-09,80.83999633789062,80.91000366210938,80.83000183105469,80.86000061035156,54.06451416015625,454400
2005-09-12,80.83000183105469,80.83999633789062,80.76000213623047,80.83000183105469,54.044456481933594,157100
2005-09-13,80.8499984741211,80.91000366210938,80.83999633789062,80.87999725341797,54.07785415649414,683300
2005-09-14,80.91999816894531,80.91999816894531,80.8499984741211,80.87000274658203,54.07121276855469,335000
2005-09-15,80.87000274658203,80.93000030517578,80.81999969482422,80.8499984741211,54.057823181152344,347600
2005-09-16,80.87999725341797,80.9000015258789,80.75,80.79000091552734,54.017704010009766,240800
2005-09-19,80.81999969482422,80.87999725341797,80.7699966430664,80.80999755859375,54.03108596801758,188800
2005-09-20,80.80999755859375,80.83999633789062,80.70999908447266,80.75,53.990970611572266,284200
2005-09-21,80.86000061035156,80.87999725341797,80.80999755859375,80.83000183105469,54.044456481933594,465100
2005-09-22,80.87000274658203,80.91000366210938,80.83000183105469,80.86000061035156,54.06451416015625,411000
2005-09-23,80.8499984741211,80.87000274658203,80.73999786376953,80.79000091552734,54.017704010009766,131200
2005-09-26,80.66000366210938,80.75,80.66000366210938,80.7300033569336,53.977603912353516,162800
2005-09-27,80.76000213623047,80.77999877929688,80.6500015258789,80.69999694824219,53.957523345947266,265200
2005-09-28,80.66999816894531,80.75,80.66999816894531,80.7300033569336,53.977603912353516,243700
2005-09-29,80.70999908447266,80.73999786376953,80.66000366210938,80.69999694824219,53.957523345947266,243900
2005-09-30,80.69999694824219,80.69999694824219,80.58999633789062,80.62999725341797,53.91071319580078,199800
2005-10-03,80.43000030517578,80.43000030517578,80.30999755859375,80.36000061035156,53.88662338256836,212300
2005-10-04,80.41000366210938,80.41000366210938,80.30999755859375,80.3499984741211,53.87986755371094,488400
2005-10-05,80.37000274658203,80.44999694824219,80.37000274658203,80.38999938964844,53.90668869018555,569000
2005-10-06,80.44999694824219,80.44999694824219,80.37999725341797,80.38999938964844,53.90668869018555,333000
2005-10-07,80.4000015258789,80.47000122070312,80.3499984741211,80.44999694824219,53.94697952270508,156100
2005-10-10,80.58000183105469,80.5999984741211,80.43000030517578,80.44000244140625,53.94026184082031,114400
2005-10-11,80.37000274658203,80.43000030517578,80.36000061035156,80.41999816894531,53.926795959472656,215800
2005-10-12,80.43000030517578,80.43000030517578,80.3499984741211,80.36000061035156,53.88662338256836,509100
2005-10-13,80.38999938964844,80.38999938964844,80.33000183105469,80.36000061035156,53.88662338256836,548500
2005-10-14,80.3499984741211,80.43000030517578,80.30999755859375,80.37999725341797,53.90005111694336,340700
2005-10-17,80.4000015258789,80.43000030517578,80.33000183105469,80.33999633789062,53.87321090698242,308200
2005-10-18,80.36000061035156,80.41999816894531,80.36000061035156,80.41000366210938,53.92009353637695,241200
2005-10-19,80.48999786376953,80.48999786376953,80.4000015258789,80.44999694824219,53.94697952270508,575200
2005-10-20,80.41000366210938,80.44999694824219,80.37000274658203,80.44999694824219,53.94697952270508,323600
2005-10-21,80.48999786376953,80.51000213623047,80.44999694824219,80.5,53.98049545288086,362700
2005-10-24,80.4800033569336,80.48999786376953,80.41000366210938,80.47000122070312,53.960350036621094,277500
2005-10-25,80.41999816894531,80.47000122070312,80.31999969482422,80.33000183105469,53.86648941040039,373200
2005-10-26,80.36000061035156,80.37000274658203,80.2699966430664,80.30000305175781,53.846317291259766,224400
2005-10-27,80.36000061035156,80.4000015258789,80.30000305175781,80.36000061035156,53.88662338256836,307900
2005-10-28,80.4000015258789,80.41000366210938,80.29000091552734,80.36000061035156,53.88662338256836,369900
2005-10-31,80.31999969482422,80.37999725341797,80.30000305175781,80.33000183105469,53.86648941040039,294900
2005-11-01,80.16999816894531,80.18000030517578,80.05999755859375,80.12000274658203,53.88125991821289,639300
2005-11-02,80.12000274658203,80.13999938964844,80.06999969482422,80.11000061035156,53.874534606933594,150800
2005-11-03,80.0999984741211,80.12999725341797,80.02999877929688,80.06999969482422,53.8476448059082,228600
2005-11-04,80.08999633789062,80.11000061035156,80.02999877929688,80.06999969482422,53.8476448059082,174800
2005-11-07,80.08999633789062,80.11000061035156,80.05000305175781,80.05999755859375,53.840919494628906,243500
2005-11-08,80.1500015258789,80.19000244140625,80.12000274658203,80.16000366210938,53.908172607421875,238100
2005-11-09,80.16999816894531,80.16999816894531,80.05999755859375,80.05999755859375,53.840919494628906,199200
2005-11-10,80.1500015258789,80.19000244140625,80.0999984741211,80.16999816894531,53.914878845214844,291600
2005-11-11,80.11000061035156,80.23999786376953,80.0999984741211,80.19999694824219,53.93503952026367,211600
2005-11-14,80.18000030517578,80.18000030517578,80.08000183105469,80.08000183105469,53.85433578491211,448500
2005-11-15,80.13999938964844,80.19999694824219,80.0999984741211,80.13999938964844,53.89469528198242,249700
2005-11-16,80.19999694824219,80.27999877929688,80.19000244140625,80.23999786376953,53.961952209472656,328700
2005-11-17,80.20999908447266,80.3499984741211,80.20999908447266,80.30999755859375,54.0090446472168,456400
2005-11-18,80.25,80.33000183105469,80.25,80.30999755859375,54.0090446472168,206400
2005-11-21,80.3499984741211,80.38999938964844,80.30000305175781,80.36000061035156,54.042724609375,255300
2005-11-22,80.37000274658203,80.48999786376953,80.33000183105469,80.47000122070312,54.11663055419922,1358500
2005-11-23,80.47000122070312,80.47000122070312,80.33999633789062,80.37000274658203,54.04936981201172,238400
2005-11-25,80.41000366210938,80.47000122070312,80.41000366210938,80.44000244140625,54.09648513793945,85700
2005-11-28,80.44999694824219,80.48999786376953,80.41999816894531,80.45999908447266,54.10990905761719,214400
2005-11-29,80.4800033569336,80.4800033569336,80.36000061035156,80.4000015258789,54.069602966308594,175900
2005-11-30,80.4000015258789,80.44000244140625,80.3499984741211,80.41000366210938,54.0762939453125,219800
2005-12-01,80.12999725341797,80.16999816894531,80.08000183105469,80.0999984741211,54.023006439208984,745500
2005-12-02,80.13999938964844,80.16999816894531,80.11000061035156,80.16999816894531,54.070213317871094,449400
2005-12-05,80.12999725341797,80.1500015258789,80.06999969482422,80.08000183105469,54.009490966796875,1608600
2005-12-06,80.1500015258789,80.2300033569336,80.12000274658203,80.19000244140625,54.08371353149414,260100
2005-12-07,80.22000122070312,80.23999786376953,80.18000030517578,80.19999694824219,54.090431213378906,317400
2005-12-08,80.27999877929688,80.33000183105469,80.25,80.30000305175781,54.157875061035156,155300
2005-12-09,80.2699966430664,80.29000091552734,80.20999908447266,80.22000122070312,54.10395050048828,869500
2005-12-12,80.26000213623047,80.26000213623047,80.16000366210938,80.20999908447266,54.097206115722656,1200500
2005-12-13,80.2300033569336,80.30999755859375,80.20999908447266,80.25,54.124210357666016,354600
2005-12-14,80.31999969482422,80.37999725341797,80.30000305175781,80.33999633789062,54.1849365234375,368200
2005-12-15,80.33999633789062,80.36000061035156,80.2699966430664,80.33999633789062,54.1849365234375,420900
2005-12-16,80.41000366210938,80.41999816894531,80.33999633789062,80.38999938964844,54.21859359741211,161500
2005-12-19,80.30999755859375,80.4000015258789,80.30999755859375,80.33999633789062,54.1849365234375,182100
2005-12-20,80.36000061035156,80.36000061035156,80.29000091552734,80.33000183105469,54.17815017700195,389300
2005-12-21,80.36000061035156,80.36000061035156,80.29000091552734,80.33000183105469,54.17815017700195,363400
2005-12-22,80.37999725341797,80.43000030517578,80.33999633789062,80.4000015258789,54.225379943847656,1288100
2005-12-23,80.37000274658203,80.5,80.3499984741211,80.44000244140625,54.25233840942383,196100
2005-12-27,80.38999938964844,80.51000213623047,80.38999938964844,80.44999694824219,54.25908660888672,552500
2005-12-28,80.29000091552734,80.31999969482422,80.19999694824219,80.30000305175781,54.326053619384766,401000
2005-12-29,80.2699966430664,80.2699966430664,80.16999816894531,80.23999786376953,54.28546142578125,418800
2005-12-30,80.22000122070312,80.27999877929688,80.16999816894531,80.20999908447266,54.26513671875,410400
2006-01-03,80.16999816894531,80.3499984741211,80.16999816894531,80.31999969482422,54.339561462402344,1075400
2006-01-04,80.30000305175781,80.4000015258789,80.29000091552734,80.4000015258789,54.393699645996094,345500
2006-01-05,80.31999969482422,80.4000015258789,80.31999969482422,80.33000183105469,54.34638977050781,274400
2006-01-06,80.30999755859375,80.36000061035156,80.30000305175781,80.3499984741211,54.3598518371582,500200
2006-01-09,80.3499984741211,80.36000061035156,80.30000305175781,80.36000061035156,54.36667251586914,351500
2006-01-10,80.27999877929688,80.33000183105469,80.2699966430664,80.27999877929688,54.3125114440918,406000
2006-01-11,80.30000305175781,80.36000061035156,80.25,80.27999877929688,54.3125114440918,484700
2006-01-12,80.30999755859375,80.37000274658203,80.27999877929688,80.31999969482422,54.339561462402344,450600
2006-01-13,80.4000015258789,80.4800033569336,80.37000274658203,80.4800033569336,54.44779968261719,226500
2006-01-17,80.44999694824219,80.45999908447266,80.4000015258789,80.44999694824219,54.42752456665039,447900
2006-01-18,80.45999908447266,80.5,80.41999816894531,80.44000244140625,54.4207763671875,393200
2006-01-19,80.44999694824219,80.45999908447266,80.4000015258789,80.44999694824219,54.42752456665039,588600
2006-01-20,80.41000366210938,80.48999786376953,80.38999938964844,80.4800033569336,54.44779968261719,383900
2006-01-23,80.44000244140625,80.5,80.4000015258789,80.48999786376953,54.4546012878418,565500
2006-01-24,80.4800033569336,80.4800033569336,80.41999816894531,80.47000122070312,54.44107437133789,227300
2006-01-25,80.47000122070312,80.47000122070312,80.36000061035156,80.36000061035156,54.36667251586914,244600
2006-01-26,80.33000183105469,80.37000274658203,80.30000305175781,80.37000274658203,54.3734130859375,220000
2006-01-27,80.41000366210938,80.41000366210938,80.30000305175781,80.30999755859375,54.332794189453125,362800
2006-01-30,80.33999633789062,80.36000061035156,80.29000091552734,80.3499984741211,54.3598518371582,204100
2006-01-31,80.31999969482422,80.37999725341797,80.30000305175781,80.3499984741211,54.3598518371582,256400
2006-02-01,80.06999969482422,80.0999984741211,80.0,80.02999877929688,54.31033706665039,950100
2006-02-02,80.06999969482422,80.06999969482422,79.98999786376953,80.02999877929688,54.31033706665039,435200
2006-02-03,80.0,80.06999969482422,79.95999908447266,80.06999969482422,54.337467193603516,250800
2006-02-06,80.05000305175781,80.05000305175781,80.0,80.02999877929688,54.31033706665039,192800
2006-02-07,80.05000305175781,80.05000305175781,79.97000122070312,80.04000091552734,54.317142486572266,195800
2006-02-08,80.06999969482422,80.06999969482422,79.98999786376953,80.01000213623047,54.29677200317383,334300
2006-02-09,80.05999755859375,80.05999755859375,79.95999908447266,79.98999786376953,54.283199310302734,226500
2006-02-10,80.06999969482422,80.06999969482422,79.93000030517578,79.93000030517578,54.24248123168945,610800
2006-02-13,80.01000213623047,80.0199966430664,79.95999908447266,79.98999786376953,54.283199310302734,159200
2006-02-14,79.94000244140625,80.0,79.91999816894531,79.98999786376953,54.283199310302734,296100
2006-02-15,80.05999755859375,80.05999755859375,79.95999908447266,79.9800033569336,54.276397705078125,435800
2006-02-16,80.0199966430664,80.05000305175781,79.9800033569336,80.04000091552734,54.317142486572266,167200
2006-02-17,80.08999633789062,80.11000061035156,80.04000091552734,80.0999984741211,54.357826232910156,353400
2006-02-21,80.04000091552734,80.08000183105469,80.01000213623047,80.04000091552734,54.317142486572266,11045800
2006-02-22,80.08999633789062,80.0999984741211,80.04000091552734,80.0999984741211,54.357826232910156,230700
2006-02-23,80.08000183105469,80.08999633789062,80.01000213623047,80.02999877929688,54.31033706665039,288200
2006-02-24,80.06999969482422,80.0999984741211,80.0199966430664,80.05999755859375,54.33070755004883,282600
2006-02-27,80.08999633789062,80.0999984741211,80.01000213623047,80.0199966430664,54.30356216430664,216200
2006-02-28,80.08999633789062,80.1500015258789,80.08000183105469,80.12999725341797,54.37821578979492,270800
2006-03-01,79.9000015258789,79.94000244140625,79.80999755859375,79.80999755859375,54.35029983520508,556600
2006-03-02,79.87000274658203,79.87000274658203,79.77999877929688,79.83999633789062,54.370662689208984,207300
2006-03-03,79.83999633789062,79.83999633789062,79.73999786376953,79.76000213623047,54.31622314453125,251000
2006-03-06,79.80000305175781,79.80999755859375,79.75,79.79000091552734,54.336631774902344,797100
2006-03-07,79.73999786376953,79.79000091552734,79.72000122070312,79.79000091552734,54.336631774902344,276800
2006-03-08,79.80999755859375,79.8499984741211,79.76000213623047,79.83999633789062,54.370662689208984,865100
2006-03-09,79.83999633789062,79.87000274658203,79.80000305175781,79.87000274658203,54.39113998413086,785800
2006-03-10,79.83000183105469,79.83000183105469,79.76000213623047,79.79000091552734,54.336631774902344,153300
2006-03-13,79.83000183105469,79.83000183105469,79.77999877929688,79.79000091552734,54.336631774902344,168200
2006-03-14,79.80000305175781,79.95999908447266,79.80000305175781,79.94999694824219,54.4455680847168,556900
2006-03-15,79.91999816894531,79.9800033569336,79.91000366210938,79.97000122070312,54.4592399597168,161900
2006-03-16,80.0,80.12999725341797,79.97000122070312,80.11000061035156,54.5545768737793,522100
2006-03-17,80.08999633789062,80.11000061035156,80.0199966430664,80.08000183105469,54.53416061401367,362600
2006-03-20,80.0999984741211,80.12000274658203,80.06999969482422,80.12000274658203,54.56139373779297,421400
2006-03-21,80.01000213623047,80.05999755859375,79.94999694824219,79.9800033569336,54.466041564941406,195500
2006-03-22,80.01000213623047,80.05000305175781,79.97000122070312,80.0,54.47968673706055,440000
2006-03-23,80.0199966430664,80.04000091552734,79.94999694824219,79.9800033569336,54.466041564941406,673000
2006-03-24,80.0,80.11000061035156,79.95999908447266,80.08999633789062,54.540950775146484,165200
2006-03-27,80.06999969482422,80.08000183105469,80.0,80.06999969482422,54.527320861816406,136700
2006-03-28,80.05999755859375,80.08999633789062,79.9800033569336,80.0,54.47968673706055,716500
2006-03-29,79.97000122070312,80.01000213623047,79.94999694824219,80.0,54.47968673706055,586800
2006-03-30,79.98999786376953,80.0,79.9000015258789,79.95999908447266,54.452415466308594,554600
2006-03-31,79.98999786376953,80.01000213623047,79.94999694824219,79.98999786376953,54.47285842895508,333900
2006-04-03,79.62000274658203,79.70999908447266,79.58999633789062,79.68000030517578,54.442771911621094,526700
2006-04-04,79.70999908447266,79.75,79.66000366210938,79.73999786376953,54.48379135131836,313800
2006-04-05,79.80999755859375,79.80999755859375,79.73999786376953,79.75,54.49061965942383,1029300
2006-04-06,79.77999877929688,79.79000091552734,79.70999908447266,79.73999786376953,54.48379135131836,3739500
2006-04-07,79.73999786376953,79.73999786376953,79.6500015258789,79.69000244140625,54.449649810791016,230300
2006-04-10,79.69999694824219,79.70999908447266,79.66000366210938,79.70999908447266,54.46328353881836,1151000
2006-04-11,79.75,79.77999877929688,79.69999694824219,79.77999877929688,54.51112747192383,397600
2006-04-12,79.80000305175781,79.80000305175781,79.70999908447266,79.7300033569336,54.476951599121094,511800
2006-04-13,79.75,79.75,79.6500015258789,79.72000122070312,54.470088958740234,376500
2006-04-17,79.75,79.7699966430664,79.69000244140625,79.7699966430664,54.504276275634766,702100
2006-04-18,79.77999877929688,79.91999816894531,79.7699966430664,79.87999725341797,54.57944869995117,3043100
2006-04-19,79.76000213623047,79.86000061035156,79.76000213623047,79.86000061035156,54.56575393676758,694600
2006-04-20,79.8499984741211,79.8499984741211,79.80000305175781,79.83000183105469,54.54528045654297,447300
2006-04-21,79.86000061035156,79.86000061035156,79.80000305175781,79.83000183105469,54.54528045654297,385400
2006-04-24,79.8499984741211,79.9000015258789,79.81999969482422,79.87000274658203,54.57265090942383,242500
2006-04-25,79.87000274658203,79.87000274658203,79.75,79.80999755859375,54.5316047668457,344100
2006-04-26,79.80999755859375,79.80999755859375,79.7300033569336,79.75,54.49061965942383,284200
2006-04-27,79.70999908447266,79.9000015258789,79.70999908447266,79.87999725341797,54.57944869995117,492600
2006-04-28,79.91999816894531,79.95999908447266,79.87000274658203,79.9000015258789,54.593135833740234,207000
2006-05-01,79.6500015258789,79.66000366210938,79.52999877929688,79.58999633789062,54.560916900634766,277700
2006-05-02,79.58999633789062,79.63999938964844,79.54000091552734,79.5999984741211,54.567779541015625,445700
2006-05-03,79.63999938964844,79.6500015258789,79.56999969482422,79.5999984741211,54.567779541015625,1665200
2006-05-04,79.55000305175781,79.62999725341797,79.55000305175781,79.61000061035156,54.57460403442383,397400
2006-05-05,79.58999633789062,79.66999816894531,79.58999633789062,79.62999725341797,54.58831787109375,376800
2006-05-08,79.63999938964844,79.6500015258789,79.56999969482422,79.62000274658203,54.58149719238281,281500
2006-05-09,79.55999755859375,79.63999938964844,79.55999755859375,79.62999725341797,54.58831787109375,233800
2006-05-10,79.62999725341797,79.7699966430664,79.55000305175781,79.62999725341797,54.58831787109375,454100
2006-05-11,79.63999938964844,79.66000366210938,79.58999633789062,79.66000366210938,54.60888671875,343300
2006-05-12,79.66000366210938,79.66999816894531,79.58000183105469,79.62999725341797,54.58831787109375,2040900
2006-05-15,79.66999816894531,79.69000244140625,79.62000274658203,79.66999816894531,54.615726470947266,350900
2006-05-16,79.69999694824219,79.75,79.6500015258789,79.73999786376953,54.66374206542969,607600
2006-05-17,79.70999908447266,79.7300033569336,79.62999725341797,79.69999694824219,54.636287689208984,463200
2006-05-18,79.72000122070312,79.81999969482422,79.72000122070312,79.77999877929688,54.69114685058594,491400
2006-05-19,79.79000091552734,79.81999969482422,79.7300033569336,79.76000213623047,54.67743682861328,353000
2006-05-22,79.77999877929688,79.8499984741211,79.75,79.76000213623047,54.67743682861328,543600
2006-05-23,79.80000305175781,79.80999755859375,79.70999908447266,79.80999755859375,54.711692810058594,307400
2006-05-24,79.88999938964844,79.88999938964844,79.80000305175781,79.86000061035156,54.74595260620117,298000
2006-05-25,79.91000366210938,79.91000366210938,79.83000183105469,79.86000061035156,54.74595260620117,603700
2006-05-26,79.86000061035156,79.94999694824219,79.8499984741211,79.88999938964844,54.766544342041016,1221300
2006-05-30,79.8499984741211,79.88999938964844,79.81999969482422,79.83000183105469,54.72541809082031,977400
2006-05-31,79.88999938964844,79.9000015258789,79.7699966430664,79.7699966430664,54.68429946899414,412200
2006-06-01,79.55999755859375,79.62999725341797,79.5,79.5999984741211,54.751686096191406,1356100
2006-06-02,79.7300033569336,79.75,79.66000366210938,79.72000122070312,54.83423614501953,1762200
2006-06-05,79.68000030517578,79.7300033569336,79.62000274658203,79.6500015258789,54.786067962646484,325800
2006-06-06,79.6500015258789,79.66999816894531,79.5999984741211,79.6500015258789,54.786067962646484,195800
2006-06-07,79.58999633789062,79.6500015258789,79.58999633789062,79.5999984741211,54.751686096191406,256700
2006-06-08,79.66999816894531,79.73999786376953,79.5999984741211,79.69000244140625,54.81360626220703,772000
2006-06-09,79.68000030517578,79.70999908447266,79.62000274658203,79.69000244140625,54.81360626220703,689600
2006-06-12,79.68000030517578,79.70999908447266,79.6500015258789,79.69999694824219,54.820491790771484,1695900
2006-06-13,79.66999816894531,79.7300033569336,79.6500015258789,79.68000030517578,54.80670928955078,322200
2006-06-14,79.62999725341797,79.63999938964844,79.55000305175781,79.5999984741211,54.751686096191406,507600
2006-06-15,79.5199966430664,79.5999984741211,79.51000213623047,79.58000183105469,54.73795700073242,1066600
2006-06-16,79.5199966430664,79.58000183105469,79.48999786376953,79.54000091552734,54.71039962768555,357700
2006-06-19,79.5199966430664,79.52999877929688,79.4800033569336,79.51000213623047,54.689815521240234,286100
2006-06-20,79.5,79.5199966430664,79.47000122070312,79.5,54.682926177978516,460500
2006-06-21,79.55999755859375,79.55999755859375,79.48999786376953,79.5199966430664,54.69666290283203,1958400
2006-06-22,79.51000213623047,79.51000213623047,79.44000244140625,79.4800033569336,54.6691780090332,323000
2006-06-23,79.5,79.5,79.41999816894531,79.45999908447266,54.65534591674805,322900
2006-06-26,79.48999786376953,79.48999786376953,79.43000030517578,79.47000122070312,54.66226577758789,230200
2006-06-27,79.5,79.55000305175781,79.4800033569336,79.5199966430664,54.69666290283203,1816700
2006-06-28,79.52999877929688,79.52999877929688,79.43000030517578,79.4800033569336,54.6691780090332,378200
2006-06-29,79.47000122070312,79.62999725341797,79.47000122070312,79.62000274658203,54.76546096801758,557000
2006-06-30,79.5999984741211,79.69999694824219,79.5999984741211,79.69000244140625,54.81360626220703,1242600
2006-07-03,79.30999755859375,79.41999816894531,79.30000305175781,79.4000015258789,54.805320739746094,916000
2006-07-05,79.37000274658203,79.37999725341797,79.26000213623047,79.33000183105469,54.75700759887695,2003600
2006-07-06,79.31999969482422,79.38999938964844,79.30000305175781,79.38999938964844,54.79844284057617,1200600
2006-07-07,79.43000030517578,79.44999694824219,79.37000274658203,79.44999694824219,54.8398323059082,476800
2006-07-10,79.44999694824219,79.45999908447266,79.4000015258789,79.44999694824219,54.8398323059082,667700
2006-07-11,79.4800033569336,79.5,79.44000244140625,79.44999694824219,54.8398323059082,305600
2006-07-12,79.44000244140625,79.48999786376953,79.41999816894531,79.4800033569336,54.86054229736328,2930100
2006-07-13,79.52999877929688,79.58000183105469,79.45999908447266,79.58000183105469,54.92953872680664,456800
2006-07-14,79.5999984741211,79.63999938964844,79.54000091552734,79.58999633789062,54.93647003173828,333800
2006-07-17,79.52999877929688,79.61000061035156,79.52999877929688,79.58000183105469,54.92953872680664,792500
2006-07-18,79.5199966430664,79.56999969482422,79.4800033569336,79.5199966430664,54.88815689086914,823300
2006-07-19,79.43000030517578,79.6500015258789,79.43000030517578,79.62999725341797,54.964115142822266,594000
2006-07-20,79.58999633789062,79.7300033569336,79.58999633789062,79.7300033569336,55.03310775756836,386300
2006-07-21,79.80000305175781,79.80000305175781,79.66999816894531,79.70999908447266,55.0192985534668,1209200
2006-07-24,79.7300033569336,79.7699966430664,79.69000244140625,79.70999908447266,55.0192985534668,161200
2006-07-25,79.7300033569336,79.73999786376953,79.6500015258789,79.69000244140625,55.005470275878906,255000
2006-07-26,79.73999786376953,79.81999969482422,79.69999694824219,79.79000091552734,55.074485778808594,872800
2006-07-27,79.80000305175781,79.87000274658203,79.80000305175781,79.83000183105469,55.102134704589844,724900
2006-07-28,79.8499984741211,79.94999694824219,79.8499984741211,79.93000030517578,55.17116165161133,500800
2006-07-31,79.95999908447266,79.9800033569336,79.91999816894531,79.94000244140625,55.178077697753906,401900
2006-08-01,79.69000244140625,79.72000122070312,79.6500015258789,79.69999694824219,55.212005615234375,202700
2006-08-02,79.69999694824219,79.75,79.66999816894531,79.69999694824219,55.212005615234375,302400
2006-08-03,79.72000122070312,79.7300033569336,79.6500015258789,79.69000244140625,55.20502471923828,249400
2006-08-04,79.75,79.83999633789062,79.73999786376953,79.76000213623047,55.25358200073242,681400
2006-08-07,79.7699966430664,79.80000305175781,79.75,79.79000091552734,55.27429962158203,342700
2006-08-08,79.77999877929688,79.8499984741211,79.72000122070312,79.83000183105469,55.30205535888672,464800
2006-08-09,79.83999633789062,79.87000274658203,79.80000305175781,79.86000061035156,55.322853088378906,499900
2006-08-10,79.87000274658203,79.87999725341797,79.80000305175781,79.83999633789062,55.30898666381836,238600
2006-08-11,79.80999755859375,79.81999969482422,79.73999786376953,79.7699966430664,55.26051330566406,224100
2006-08-14,79.77999877929688,79.79000091552734,79.70999908447266,79.7300033569336,55.232791900634766,351600
2006-08-15,79.83999633789062,79.8499984741211,79.80000305175781,79.83999633789062,55.30898666381836,356800
2006-08-16,79.94000244140625,79.9800033569336,79.91000366210938,79.97000122070312,55.39901351928711,654800
2006-08-17,79.95999908447266,79.9800033569336,79.91999816894531,79.95999908447266,55.39207077026367,262500
2006-08-18,79.9800033569336,80.0,79.94999694824219,79.98999786376953,55.41288375854492,252900
2006-08-21,80.02999877929688,80.04000091552734,79.9800033569336,80.04000091552734,55.4475212097168,294200
2006-08-22,80.04000091552734,80.05999755859375,80.0,80.02999877929688,55.44062042236328,276500
2006-08-23,80.0199966430664,80.04000091552734,79.98999786376953,80.01000213623047,55.42680740356445,389100
2006-08-24,80.02999877929688,80.05999755859375,80.0199966430664,80.05999755859375,55.46138000488281,315800
2006-08-25,80.06999969482422,80.0999984741211,80.02999877929688,80.08000183105469,55.47523880004883,287700
2006-08-28,80.08999633789062,80.0999984741211,80.05000305175781,80.0999984741211,55.489070892333984,210100
2006-08-29,80.08000183105469,80.12999725341797,80.01000213623047,80.12999725341797,55.5098762512207,419000
2006-08-30,80.12999725341797,80.18000030517578,80.12999725341797,80.18000030517578,55.54452133178711,153400
2006-08-31,80.22000122070312,80.26000213623047,80.16999816894531,80.25,55.59304428100586,290200
2006-09-01,79.95999908447266,80.0999984741211,79.94000244140625,80.05000305175781,55.65628433227539,312800
2006-09-05,80.0,80.0,79.91999816894531,79.95999908447266,55.59366989135742,369900
2006-09-06,79.94999694824219,79.95999908447266,79.88999938964844,79.95999908447266,55.59366989135742,398200
2006-09-07,79.97000122070312,79.9800033569336,79.91999816894531,79.95999908447266,55.59366989135742,556300
2006-09-08,80.0,80.04000091552734,79.9800033569336,80.01000213623047,55.628536224365234,491500
2006-09-11,80.02999877929688,80.02999877929688,79.94999694824219,80.0,55.62153244018555,371900
2006-09-12,79.97000122070312,80.04000091552734,79.94999694824219,80.04000091552734,55.64931869506836,262500
2006-09-13,80.04000091552734,80.08999633789062,80.01000213623047,80.05000305175781,55.65628433227539,266300
2006-09-14,80.05999755859375,80.08000183105469,79.9800033569336,79.9800033569336,55.60761260986328,560200
2006-09-15,80.08000183105469,80.08000183105469,79.94999694824219,80.01000213623047,55.628536224365234,682900
2006-09-18,79.97000122070312,80.0,79.9000015258789,80.0,55.62153244018555,177000
2006-09-19,80.0999984741211,80.12000274658203,80.02999877929688,80.11000061035156,55.69797897338867,729500
2006-09-20,80.16000366210938,80.19999694824219,80.08000183105469,80.13999938964844,55.71882629394531,645500
2006-09-21,80.16000366210938,80.30000305175781,80.0999984741211,80.27999877929688,55.81619644165039,574400
2006-09-22,80.33000183105469,80.33000183105469,80.27999877929688,80.31999969482422,55.843997955322266,841000
2006-09-25,80.38999938964844,80.41000366210938,80.33000183105469,80.38999938964844,55.89269256591797,382000
2006-09-26,80.4000015258789,80.4000015258789,80.29000091552734,80.30000305175781,55.83009719848633,497800
2006-09-27,80.41000366210938,80.43000030517578,80.30999755859375,80.36000061035156,55.87181091308594,828800
2006-09-28,80.38999938964844,80.38999938964844,80.29000091552734,80.38999938964844,55.89269256591797,766900
2006-09-29,80.4000015258789,80.41000366210938,80.29000091552734,80.30999755859375,55.83702850341797,289900
2006-10-02,80.0999984741211,80.12999725341797,80.01000213623047,80.11000061035156,55.90263748168945,486500
2006-10-03,80.13999938964844,80.16000366210938,80.08000183105469,80.12000274658203,55.909664154052734,384800
2006-10-04,80.19000244140625,80.27999877929688,80.16000366210938,80.26000213623047,56.00727844238281,438300
2006-10-05,80.2699966430664,80.2699966430664,80.12999725341797,80.18000030517578,55.95147705078125,409000
2006-10-06,80.1500015258789,80.1500015258789,80.0,80.08000183105469,55.88172149658203,1015600
2006-10-09,80.12999725341797,80.1500015258789,80.02999877929688,80.08999633789062,55.888668060302734,202800
2006-10-10,80.05000305175781,80.05999755859375,79.94999694824219,79.9800033569336,55.811912536621094,296500
2006-10-11,80.0199966430664,80.05999755859375,79.9000015258789,79.97000122070312,55.80493927001953,327300
2006-10-12,79.94999694824219,80.02999877929688,79.94999694824219,80.01000213623047,55.832908630371094,1874600
2006-10-13,79.98999786376953,79.98999786376953,79.94000244140625,79.9800033569336,55.811912536621094,532800
2006-10-16,79.93000030517578,80.0199966430664,79.93000030517578,80.0199966430664,55.83979797363281,524200
2006-10-17,80.06999969482422,80.08000183105469,79.98999786376953,80.02999877929688,55.846832275390625,391900
2006-10-18,80.04000091552734,80.05999755859375,79.98999786376953,80.04000091552734,55.853782653808594,309300
2006-10-19,80.05000305175781,80.05999755859375,79.98999786376953,80.02999877929688,55.846832275390625,817100
2006-10-20,80.05999755859375,80.05999755859375,80.01000213623047,80.05999755859375,55.86772537231445,542100
2006-10-23,80.0199966430664,80.0199966430664,79.97000122070312,80.0199966430664,55.83979797363281,219900
2006-10-24,80.01000213623047,80.02999877929688,79.9800033569336,80.0199966430664,55.83979797363281,321400
2006-10-25,80.05000305175781,80.12999725341797,79.9800033569336,80.11000061035156,55.90263748168945,1177200
2006-10-26,80.18000030517578,80.22000122070312,80.12000274658203,80.20999908447266,55.972415924072266,1000200
2006-10-27,80.29000091552734,80.30000305175781,80.2300033569336,80.29000091552734,56.028221130371094,612700
2006-10-30,80.22000122070312,80.2699966430664,80.22000122070312,80.23999786376953,55.99335479736328,281400
2006-10-31,80.23999786376953,80.3499984741211,80.23999786376953,80.3499984741211,56.07014465332031,471700
2006-11-01,80.08999633789062,80.19000244140625,80.04000091552734,80.11000061035156,56.11000442504883,745900
2006-11-02,80.1500015258789,80.1500015258789,80.08000183105469,80.08999633789062,56.096065521240234,287800
2006-11-03,79.98999786376953,80.0,79.9000015258789,79.94000244140625,55.99092483520508,572800
2006-11-06,79.91999816894531,79.94999694824219,79.88999938964844,79.93000030517578,55.98396682739258,362700
2006-11-07,80.02999877929688,80.05000305175781,79.98999786376953,80.02999877929688,56.05403137207031,150500
2006-11-08,80.05000305175781,80.08000183105469,80.01000213623047,80.06999969482422,56.082008361816406,406800
2006-11-09,80.0999984741211,80.0999984741211,80.04000091552734,80.05999755859375,56.07502365112305,1603400
2006-11-10,80.12999725341797,80.13999938964844,80.08000183105469,80.12000274658203,56.11705017089844,236500
2006-11-13,80.12999725341797,80.12999725341797,80.05000305175781,80.12000274658203,56.11705017089844,785200
2006-11-14,80.19000244140625,80.19000244140625,80.11000061035156,80.12999725341797,56.12405014038086,391800
2006-11-15,80.12999725341797,80.13999938964844,80.05000305175781,80.08000183105469,56.089046478271484,277400
2006-11-16,80.0999984741211,80.1500015258789,80.0199966430664,80.05000305175781,56.068023681640625,3239700
2006-11-17,80.12000274658203,80.19000244140625,80.0999984741211,80.1500015258789,56.138065338134766,464300
2006-11-20,80.11000061035156,80.19000244140625,80.11000061035156,80.16999816894531,56.15207290649414,309600
2006-11-21,80.19000244140625,80.20999908447266,80.13999938964844,80.19000244140625,56.16606521606445,394500
2006-11-22,80.27999877929688,80.27999877929688,80.18000030517578,80.25,56.208099365234375,281500
2006-11-24,80.23999786376953,80.31999969482422,80.22000122070312,80.26000213623047,56.21509552001953,271100
2006-11-27,80.2699966430664,80.33000183105469,80.19000244140625,80.30999755859375,56.25009536743164,370300
2006-11-28,80.33999633789062,80.37999725341797,80.30000305175781,80.3499984741211,56.278141021728516,405700
2006-11-29,80.4000015258789,80.41000366210938,80.33999633789062,80.3499984741211,56.278141021728516,357100
2006-11-30,80.41000366210938,80.44999694824219,80.37999725341797,80.44000244140625,56.341163635253906,855400
2006-12-01,80.22000122070312,80.3499984741211,80.16000366210938,80.30999755859375,56.4515266418457,241800
2006-12-04,80.30999755859375,80.33000183105469,80.2699966430664,80.30000305175781,56.444515228271484,276800
2006-12-05,80.31999969482422,80.37000274658203,80.22000122070312,80.30000305175781,56.444515228271484,3681300
2006-12-06,80.33000183105469,80.33000183105469,80.26000213623047,80.29000091552734,56.4374885559082,1438800
2006-12-07,80.30000305175781,80.30999755859375,80.26000213623047,80.2699966430664,56.42338943481445,1203900
2006-12-08,80.27999877929688,80.27999877929688,80.16000366210938,80.16999816894531,56.353118896484375,471200
2006-12-11,80.22000122070312,80.23999786376953,80.16999816894531,80.18000030517578,56.36016082763672,523800
2006-12-12,80.2300033569336,80.30000305175781,80.20999908447266,80.29000091552734,56.4374885559082,267500
2006-12-13,80.19999694824219,80.2300033569336,80.1500015258789,80.18000030517578,56.36016082763672,322000
2006-12-14,80.19000244140625,80.19000244140625,80.12000274658203,80.13999938964844,56.33202362060547,1122100
2006-12-15,80.29000091552734,80.30000305175781,80.1500015258789,80.16999816894531,56.353118896484375,889400
2006-12-18,80.18000030517578,80.19000244140625,80.13999938964844,80.16999816894531,56.353118896484375,1125500
2006-12-19,80.16999816894531,80.20999908447266,80.16000366210938,80.18000030517578,56.36016082763672,261800
2006-12-20,80.22000122070312,80.23999786376953,80.19000244140625,80.2300033569336,56.39529037475586,593100
2006-12-21,80.25,80.33999633789062,80.19999694824219,80.29000091552734,56.4374885559082,1347900
2006-12-22,80.25,80.31999969482422,80.20999908447266,80.27999877929688,56.43043899536133,1097100
2006-12-26,80.30999755859375,80.30999755859375,80.2300033569336,80.27999877929688,56.43043899536133,1254300
2006-12-27,80.05999755859375,80.05999755859375,79.97000122070312,79.98999786376953,56.3994140625,547400
2006-12-28,80.0199966430664,80.02999877929688,79.9000015258789,79.94000244140625,56.3641242980957,689900
2006-12-29,79.91000366210938,79.97000122070312,79.9000015258789,79.95999908447266,56.378265380859375,898300
2007-01-03,80.0,80.08999633789062,79.95999908447266,80.04000091552734,56.434696197509766,1245700
2007-01-04,80.06999969482422,80.12000274658203,80.04000091552734,80.12000274658203,56.4911003112793,500200
2007-01-05,80.0199966430664,80.06999969482422,79.9800033569336,80.06999969482422,56.45581817626953,261300
2007-01-08,80.05999755859375,80.05999755859375,80.0199966430664,80.0199966430664,56.420597076416016,267000
2007-01-09,80.05000305175781,80.06999969482422,80.01000213623047,80.05000305175781,56.441749572753906,674500
2007-01-10,80.08000183105469,80.08000183105469,80.0199966430664,80.02999877929688,56.42763137817383,286300
2007-01-11,80.0,80.02999877929688,79.94999694824219,79.97000122070312,56.38529968261719,685200
2007-01-12,80.0,80.0,79.9000015258789,79.91999816894531,56.350059509277344,258200
2007-01-16,79.9800033569336,80.02999877929688,79.75,80.0,56.40648651123047,422500
2007-01-17,80.0,80.0199966430664,79.94000244140625,79.97000122070312,56.38529968261719,621300
2007-01-18,79.97000122070312,80.0199966430664,79.94000244140625,80.0,56.40648651123047,611400
2007-01-19,80.01000213623047,80.0199966430664,79.95999908447266,79.98999786376953,56.3994140625,412500
2007-01-22,80.01000213623047,80.0199966430664,79.97000122070312,80.0199966430664,56.420597076416016,301300
2007-01-23,80.01000213623047,80.01000213623047,79.94999694824219,79.9800033569336,56.392330169677734,318600
2007-01-24,79.9800033569336,80.19999694824219,79.97000122070312,80.0199966430664,56.420597076416016,529300
2007-01-25,80.0,80.0,79.91999816894531,79.95999908447266,56.378265380859375,708800
2007-01-26,79.94999694824219,80.01000213623047,79.93000030517578,79.97000122070312,56.38529968261719,502500
2007-01-29,79.98999786376953,80.02999877929688,79.94000244140625,79.9800033569336,56.392330169677734,877600
2007-01-30,80.0,80.0199966430664,79.97000122070312,80.0,56.40648651123047,297900
2007-01-31,79.98999786376953,80.08999633789062,79.98999786376953,80.08999633789062,56.46992492675781,526800
2007-02-01,79.87999725341797,79.87999725341797,79.75,79.77999877929688,56.46284484863281,520400
2007-02-02,79.80999755859375,79.81999969482422,79.76000213623047,79.80999755859375,56.48409652709961,303900
2007-02-05,79.81999969482422,79.8499984741211,79.77999877929688,79.79000091552734,56.46991729736328,758800
2007-02-06,79.83000183105469,79.88999938964844,79.80000305175781,79.87999725341797,56.53364562988281,296300
2007-02-07,79.9000015258789,79.94999694824219,79.88999938964844,79.91999816894531,56.5618896484375,1107600
2007-02-08,79.93000030517578,79.95999908447266,79.9000015258789,79.94999694824219,56.58319091796875,217200
2007-02-09,79.91000366210938,79.91999816894531,79.86000061035156,79.87000274658203,56.5265998840332,437300
2007-02-12,79.87000274658203,79.91000366210938,79.8499984741211,79.87000274658203,56.5265998840332,534200
2007-02-13,79.91000366210938,79.91000366210938,79.86000061035156,79.86000061035156,56.51947021484375,689500
2007-02-14,79.93000030517578,80.05000305175781,79.93000030517578,80.04000091552734,56.64686584472656,596200
2007-02-15,80.0999984741211,80.11000061035156,80.05999755859375,80.08000183105469,56.675148010253906,435900
2007-02-16,80.08999633789062,80.12999725341797,80.05000305175781,80.0999984741211,56.68934631347656,344200
2007-02-20,80.08000183105469,80.12999725341797,80.08000183105469,80.08999633789062,56.6822624206543,258100
2007-02-21,80.08999633789062,80.13999938964844,80.08999633789062,80.13999938964844,56.71764373779297,223400
2007-02-22,80.11000061035156,80.12000274658203,80.05000305175781,80.08999633789062,56.6822624206543,250200
2007-02-23,80.12999725341797,80.19000244140625,80.11000061035156,80.18000030517578,56.74595642089844,380300
2007-02-26,80.19999694824219,80.25,80.19000244140625,80.23999786376953,56.78835678100586,462800
2007-02-27,80.27999877929688,80.5,80.23999786376953,80.43000030517578,56.92289352416992,1362900
2007-02-28,80.44000244140625,80.47000122070312,80.31999969482422,80.37000274658203,56.880374908447266,666500
2007-03-01,80.19999694824219,80.27999877929688,80.12999725341797,80.20999908447266,56.95921325683594,1002300
2007-03-02,80.25,80.31999969482422,80.2300033569336,80.30000305175781,57.02316665649414,974400
2007-03-05,80.37000274658203,80.37000274658203,80.23999786376953,80.33000183105469,57.044429779052734,1420400
2007-03-06,80.23999786376953,80.33999633789062,80.19999694824219,80.26000213623047,56.99476623535156,512300
2007-03-07,80.29000091552734,80.36000061035156,80.25,80.33999633789062,57.051570892333984,387000
2007-03-08,80.30000305175781,80.3499984741211,80.26000213623047,80.33999633789062,57.051570892333984,365500
2007-03-09,80.19000244140625,80.22000122070312,80.1500015258789,80.19999694824219,56.95210266113281,555100
2007-03-12,80.23999786376953,80.29000091552734,80.22000122070312,80.2699966430664,57.001808166503906,361900
2007-03-13,80.37999725341797,80.41999816894531,80.33000183105469,80.37999725341797,57.0799674987793,887300
2007-03-14,80.3499984741211,80.47000122070312,80.3499984741211,80.4000015258789,57.09414291381836,622800
2007-03-15,80.37999725341797,80.38999938964844,80.33999633789062,80.37999725341797,57.0799674987793,598600
2007-03-16,80.33000183105469,80.37999725341797,80.30999755859375,80.37000274658203,57.072818756103516,842300
2007-03-19,80.31999969482422,80.31999969482422,80.27999877929688,80.30000305175781,57.02316665649414,238500
2007-03-20,80.4000015258789,80.4000015258789,80.33999633789062,80.37000274658203,57.072818756103516,619300
2007-03-21,80.36000061035156,80.51000213623047,80.33999633789062,80.5,57.165184020996094,414300
2007-03-22,80.44999694824219,80.48999786376953,80.37999725341797,80.41999816894531,57.108367919921875,382000
2007-03-23,80.44000244140625,80.4800033569336,80.36000061035156,80.37000274658203,57.072818756103516,288700
2007-03-26,80.41000366210938,80.4800033569336,80.36000061035156,80.44999694824219,57.129676818847656,524300
2007-03-27,80.44000244140625,80.4800033569336,80.41000366210938,80.45999908447266,57.13674545288086,427900
2007-03-28,80.5,80.5999984741211,80.48999786376953,80.5,57.165184020996094,429300
2007-03-29,80.4800033569336,80.4800033569336,80.43000030517578,80.45999908447266,57.13674545288086,335200
2007-03-30,80.47000122070312,80.56999969482422,80.37000274658203,80.45999908447266,57.13674545288086,464700
2007-04-02,80.16999816894531,80.19000244140625,80.12000274658203,80.18000030517578,57.14745330810547,313900
2007-04-03,80.16000366210938,80.19999694824219,80.12000274658203,80.18000030517578,57.14745330810547,419100
2007-04-04,80.20999908447266,80.25,80.16999816894531,80.2300033569336,57.18310546875,405300
2007-04-05,80.19999694824219,80.2300033569336,80.1500015258789,80.19999694824219,57.16168212890625,271900
2007-04-09,80.04000091552734,80.05999755859375,80.01000213623047,80.0199966430664,57.03340530395508,356200
2007-04-10,80.06999969482422,80.13999938964844,80.05999755859375,80.12000274658203,57.10470199584961,780300
2007-04-11,80.16000366210938,80.18000030517578,80.05999755859375,80.12000274658203,57.10470199584961,773900
2007-04-12,80.0999984741211,80.12000274658203,80.02999877929688,80.11000061035156,57.097557067871094,374300
2007-04-13,80.11000061035156,80.13999938964844,80.0199966430664,80.06999969482422,57.069068908691406,261100
2007-04-16,80.0999984741211,80.12999725341797,80.05000305175781,80.05999755859375,57.061954498291016,285500
2007-04-17,80.16999816894531,80.19999694824219,80.12999725341797,80.19000244140625,57.15459442138672,398000
2007-04-18,80.23999786376953,80.30000305175781,80.2300033569336,80.30000305175781,57.23301696777344,977800
2007-04-19,80.30000305175781,80.33999633789062,80.26000213623047,80.30000305175781,57.23301696777344,223200
2007-04-20,80.26000213623047,80.30000305175781,80.2300033569336,80.27999877929688,57.21871566772461,293200
2007-04-23,80.29000091552734,80.3499984741211,80.0999984741211,80.33999633789062,57.26151657104492,1900700
2007-04-24,80.33000183105469,80.41000366210938,80.31999969482422,80.41000366210938,57.311363220214844,264000
2007-04-25,80.37999725341797,80.41000366210938,80.36000061035156,80.37999725341797,57.29001235961914,847200
2007-04-26,80.37999725341797,80.37999725341797,80.27999877929688,80.31999969482422,57.24725341796875,1356200
2007-04-27,80.36000061035156,80.37000274658203,80.30000305175781,80.3499984741211,57.26863479614258,267400
2007-04-30,80.36000061035156,80.44999694824219,80.3499984741211,80.41000366210938,57.311363220214844,266000
2007-05-01,80.19000244140625,80.19999694824219,80.06999969482422,80.08999633789062,57.287086486816406,352500
2007-05-02,80.12999725341797,80.1500015258789,80.08000183105469,80.12999725341797,57.315677642822266,240900
2007-05-03,80.08999633789062,80.11000061035156,80.04000091552734,80.06999969482422,57.27278518676758,301300
2007-05-04,80.12000274658203,80.13999938964844,80.08999633789062,80.11000061035156,57.301387786865234,272600
2007-05-07,80.12000274658203,80.1500015258789,80.0999984741211,80.11000061035156,57.301387786865234,917000
2007-05-08,80.1500015258789,80.16999816894531,80.11000061035156,80.1500015258789,57.33000183105469,311100
2007-05-09,80.1500015258789,80.18000030517578,80.08000183105469,80.08999633789062,57.287086486816406,547900
2007-05-10,80.11000061035156,80.16000366210938,80.0999984741211,80.16000366210938,57.33720016479492,458000
2007-05-11,80.22000122070312,80.22000122070312,80.08999633789062,80.12999725341797,57.315677642822266,1229700
2007-05-14,80.12999725341797,80.1500015258789,80.06999969482422,80.06999969482422,57.27278518676758,280100
2007-05-15,80.1500015258789,80.16000366210938,80.08000183105469,80.08999633789062,57.287086486816406,947000
2007-05-16,80.13999938964844,80.19000244140625,80.04000091552734,80.16999816894531,57.344276428222656,1348000
2007-05-17,80.13999938964844,80.1500015258789,80.08999633789062,80.12000274658203,57.308589935302734,394500
2007-05-18,80.0999984741211,80.0999984741211,80.02999877929688,80.04000091552734,57.25130844116211,859700
2007-05-21,80.04000091552734,80.11000061035156,80.04000091552734,80.05999755859375,57.265625,852300
2007-05-22,80.06999969482422,80.11000061035156,80.04000091552734,80.08000183105469,57.2799072265625,1016600
2007-05-23,80.08000183105469,80.12999725341797,80.05999755859375,80.05999755859375,57.265625,642200
2007-05-24,80.11000061035156,80.12000274658203,80.0199966430664,80.08999633789062,57.287086486816406,844700
2007-05-25,80.05999755859375,80.1500015258789,80.05000305175781,80.13999938964844,57.32286834716797,1649800
2007-05-29,80.0999984741211,80.12000274658203,80.05999755859375,80.05999755859375,57.265625,311100
2007-05-30,80.11000061035156,80.13999938964844,80.06999969482422,80.12000274658203,57.308589935302734,466300
2007-05-31,80.12999725341797,80.12999725341797,80.04000091552734,80.06999969482422,57.27278518676758,948300
2007-06-01,79.7699966430664,79.8499984741211,79.72000122070312,79.73999786376953,57.24333572387695,1827100
2007-06-04,79.76000213623047,79.77999877929688,79.72000122070312,79.7699966430664,57.26483154296875,242300
2007-06-05,79.73999786376953,79.7699966430664,79.69000244140625,79.69999694824219,57.214622497558594,294400
2007-06-06,79.75,79.81999969482422,79.7300033569336,79.80000305175781,57.28639221191406,779300
2007-06-07,79.76000213623047,79.77999877929688,79.6500015258789,79.70999908447266,57.22180938720703,1047900
2007-06-08,79.69999694824219,79.73999786376953,79.68000030517578,79.73999786376953,57.24333572387695,1129500
2007-06-11,79.72000122070312,79.7699966430664,79.70999908447266,79.75,57.25053787231445,358400
2007-06-12,79.69000244140625,79.73999786376953,79.63999938964844,79.68000030517578,57.200252532958984,855700
2007-06-13,79.68000030517578,79.7300033569336,79.63999938964844,79.69999694824219,57.214622497558594,592200
2007-06-14,79.69000244140625,79.72000122070312,79.66000366210938,79.69999694824219,57.214622497558594,341300
2007-06-15,79.73999786376953,79.80999755859375,79.69999694824219,79.80999755859375,57.29361343383789,343400
2007-06-18,79.77999877929688,79.81999969482422,79.73999786376953,79.80999755859375,57.29361343383789,461500
2007-06-19,79.88999938964844,79.97000122070312,79.83999633789062,79.94999694824219,57.394134521484375,1196700
2007-06-20,79.91000366210938,79.93000030517578,79.81999969482422,79.87000274658203,57.3366813659668,1038700
2007-06-21,79.91000366210938,79.94999694824219,79.87999725341797,79.9000015258789,57.35820388793945,178800
2007-06-22,79.87000274658203,80.01000213623047,79.87000274658203,80.01000213623047,57.4371452331543,353100
2007-06-25,80.05999755859375,80.08000183105469,79.9800033569336,80.08000183105469,57.48740005493164,380200
2007-06-26,80.05999755859375,80.05999755859375,80.0,80.02999877929688,57.45158767700195,462100
2007-06-27,80.12999725341797,80.12999725341797,80.0199966430664,80.0199966430664,57.4443473815918,450500
2007-06-28,80.04000091552734,80.08000183105469,79.9800033569336,80.0,57.42995834350586,360800
2007-06-29,80.08999633789062,80.16999816894531,80.02999877929688,80.16000366210938,57.544898986816406,1063700
2007-07-02,79.87000274658203,79.93000030517578,79.8499984741211,79.91000366210938,57.58229064941406,4806500
2007-07-03,79.91999816894531,79.94000244140625,79.83000183105469,79.87999725341797,57.560699462890625,296400
2007-07-05,79.80000305175781,79.83000183105469,79.73999786376953,79.7699966430664,57.48139190673828,820300
2007-07-06,79.76000213623047,79.77999877929688,79.69000244140625,79.76000213623047,57.47427749633789,991700
2007-07-09,79.73999786376953,79.81999969482422,79.73999786376953,79.81999969482422,57.51747512817383,652600
2007-07-10,79.9000015258789,79.97000122070312,79.83999633789062,79.97000122070312,57.625579833984375,673700
2007-07-11,79.98999786376953,79.98999786376953,79.9000015258789,79.93000030517578,57.59668731689453,315300
2007-07-12,79.98999786376953,79.98999786376953,79.83000183105469,79.87999725341797,57.560699462890625,550100
2007-07-13,79.93000030517578,79.93000030517578,79.8499984741211,79.91999816894531,57.5894660949707,1058600
2007-07-16,79.91999816894531,80.0,79.91000366210938,80.0,57.64713668823242,295500
2007-07-17,79.94999694824219,80.01000213623047,79.93000030517578,79.94999694824219,57.61119079589844,2105200
2007-07-18,80.01000213623047,80.0999984741211,79.98999786376953,80.06999969482422,57.69762420654297,611200
2007-07-19,80.01000213623047,80.06999969482422,80.0,80.05999755859375,57.69041442871094,2355100
2007-07-20,80.12000274658203,80.20999908447266,80.11000061035156,80.19000244140625,57.78406524658203,522700
2007-07-23,80.16000366210938,80.19000244140625,80.12000274658203,80.12999725341797,57.74082946777344,294600
2007-07-24,80.19000244140625,80.2300033569336,80.16999816894531,80.20999908447266,57.79845428466797,363100
2007-07-25,80.2300033569336,80.29000091552734,80.20999908447266,80.2699966430664,57.84174346923828,316100
2007-07-26,80.38999938964844,80.5199966430664,80.37999725341797,80.45999908447266,57.97861862182617,1740500
2007-07-27,80.5,80.56999969482422,80.44000244140625,80.55000305175781,58.043514251708984,1063600
2007-07-30,80.55999755859375,80.61000061035156,80.44999694824219,80.44999694824219,57.97142028808594,778700
2007-07-31,80.45999908447266,80.58000183105469,80.41000366210938,80.58000183105469,58.065101623535156,449900
2007-08-01,80.26000213623047,80.31999969482422,80.16999816894531,80.19999694824219,58.00870895385742,865700
2007-08-02,80.19999694824219,80.25,80.16000366210938,80.23999786376953,58.0376091003418,386200
2007-08-03,80.30000305175781,80.44999694824219,80.29000091552734,80.44000244140625,58.18226623535156,678200
2007-08-06,80.41999816894531,80.48999786376953,80.31999969482422,80.33999633789062,58.10994338989258,2911800
2007-08-07,80.31999969482422,80.45999908447266,80.20999908447266,80.2699966430664,58.05934143066406,818900
2007-08-08,80.20999908447266,80.23999786376953,80.12000274658203,80.20999908447266,58.015907287597656,533600
2007-08-09,80.37999725341797,80.44000244140625,80.31999969482422,80.44000244140625,58.18226623535156,1314300
2007-08-10,80.5,80.5199966430664,80.37999725341797,80.41000366210938,58.16053771972656,1899400
2007-08-13,80.38999938964844,80.5,80.36000061035156,80.4800033569336,58.21124267578125,603400
2007-08-14,80.4000015258789,80.58999633789062,80.4000015258789,80.58999633789062,58.29074478149414,1720300
2007-08-15,80.66999816894531,80.7699966430664,80.5999984741211,80.69999694824219,58.370338439941406,1299000
2007-08-16,80.83999633789062,81.1500015258789,80.80000305175781,80.86000061035156,58.486080169677734,2481100
2007-08-17,80.86000061035156,80.97000122070312,80.80999755859375,80.93000030517578,58.53668212890625,936000
2007-08-20,80.93000030517578,81.0999984741211,80.91999816894531,81.02999877929688,58.60896682739258,1029600
2007-08-21,81.22000122070312,81.2300033569336,81.01000213623047,81.13999938964844,58.68861389160156,876500
2007-08-22,81.0,81.05999755859375,80.94999694824219,81.02999877929688,58.60896682739258,774100
2007-08-23,80.93000030517578,81.08000183105469,80.88999938964844,80.9800033569336,58.572872161865234,842000
2007-08-24,80.94999694824219,80.97000122070312,80.79000091552734,80.83000183105469,58.46439743041992,700700
2007-08-27,80.88999938964844,80.95999908447266,80.81999969482422,80.94000244140625,58.54396057128906,480400
2007-08-28,80.9800033569336,81.1500015258789,80.97000122070312,81.1500015258789,58.695823669433594,602800
2007-08-29,81.0999984741211,81.19999694824219,81.05000305175781,81.05000305175781,58.623531341552734,443600
2007-08-30,81.12999725341797,81.19000244140625,81.08000183105469,81.12000274658203,58.67409896850586,389600
2007-08-31,81.05000305175781,81.25,80.9000015258789,81.12000274658203,58.67409896850586,2442400
2007-09-04,80.98999786376953,80.98999786376953,80.27999877929688,80.80999755859375,58.6712532043457,603600
2007-09-05,80.95999908447266,81.05000305175781,80.9000015258789,81.0199966430664,58.82372283935547,358700
2007-09-06,81.0,81.01000213623047,80.79000091552734,80.91999816894531,58.75111770629883,339600
2007-09-07,81.16999816894531,81.22000122070312,81.0999984741211,81.19999694824219,58.95438766479492,470900
2007-09-10,81.22000122070312,81.31999969482422,81.0999984741211,81.2300033569336,58.976173400878906,691300
2007-09-11,81.18000030517578,81.22000122070312,81.11000061035156,81.11000061035156,58.88908386230469,537700
2007-09-12,81.1500015258789,81.30999755859375,81.11000061035156,81.18000030517578,58.939849853515625,410100
2007-09-13,81.11000061035156,81.1500015258789,80.98999786376953,81.05999755859375,58.85277557373047,532100
2007-09-14,81.16000366210938,81.20999908447266,80.80999755859375,81.05000305175781,58.84548568725586,451100
2007-09-17,80.95999908447266,81.1500015258789,80.95999908447266,81.04000091552734,58.83823013305664,347900
2007-09-18,80.94999694824219,81.19999694824219,79.87000274658203,81.1500015258789,58.91807556152344,743300
2007-09-19,81.06999969482422,81.27999877929688,81.06999969482422,81.1500015258789,58.91807556152344,1602400
2007-09-20,81.11000061035156,81.16000366210938,80.97000122070312,80.9800033569336,58.79467010498047,2156700
2007-09-21,81.0199966430664,81.18000030517578,81.0,81.08999633789062,58.87448501586914,418300
2007-09-24,81.12000274658203,81.19000244140625,81.05999755859375,81.18000030517578,58.939849853515625,289400
2007-09-25,81.2300033569336,81.30999755859375,81.12999725341797,81.25,58.99069595336914,611400
2007-09-26,81.23999786376953,81.31999969482422,81.16999816894531,81.19999694824219,58.95438766479492,528000
2007-09-27,81.2300033569336,81.44000244140625,81.2300033569336,81.3499984741211,59.06325912475586,878800
2007-09-28,81.33000183105469,81.41999816894531,81.26000213623047,81.26000213623047,58.997920989990234,701000
2007-10-01,81.0199966430664,81.06999969482422,80.94999694824219,80.9800033569336,59.01033401489258,5263100
2007-10-02,80.91999816894531,81.05000305175781,80.91999816894531,81.02999877929688,59.04676818847656,1337200
2007-10-03,81.11000061035156,81.12999725341797,80.9800033569336,81.0199966430664,59.039527893066406,1713300
2007-10-04,81.02999877929688,81.06999969482422,81.0,81.05999755859375,59.06858825683594,219200
2007-10-05,80.9000015258789,81.05000305175781,80.88999938964844,80.97000122070312,59.003082275390625,2065600
2007-10-08,81.05999755859375,81.08000183105469,80.9000015258789,81.05000305175781,59.06133270263672,268400
2007-10-09,80.9000015258789,80.95999908447266,80.8499984741211,80.87000274658203,58.93013000488281,1313900
2007-10-10,80.83999633789062,80.91999816894531,80.79000091552734,80.88999938964844,58.94471740722656,477100
2007-10-11,80.7699966430664,80.91999816894531,80.7699966430664,80.91000366210938,58.95930099487305,1196000
2007-10-12,80.83000183105469,80.88999938964844,80.77999877929688,80.81999969482422,58.89375686645508,1798400
2007-10-15,80.75,80.8499984741211,80.72000122070312,80.81999969482422,58.89375686645508,2014700
2007-10-16,80.87000274658203,81.0999984741211,80.87000274658203,80.91999816894531,58.96660232543945,561900
2007-10-17,80.97000122070312,81.18000030517578,80.97000122070312,81.11000061035156,59.105072021484375,1432000
2007-10-18,81.25,81.27999877929688,81.16999816894531,81.22000122070312,59.18523025512695,385600
2007-10-19,81.30000305175781,81.5199966430664,81.2699966430664,81.43000030517578,59.338253021240234,900600
2007-10-22,81.3499984741211,81.4800033569336,81.19999694824219,81.36000061035156,59.287269592285156,607400
2007-10-23,81.33999633789062,81.4000015258789,81.30000305175781,81.37000274658203,59.29456329345703,380100
2007-10-24,81.41999816894531,81.58999633789062,81.41999816894531,81.52999877929688,59.411102294921875,457500
2007-10-25,81.55999755859375,81.58999633789062,81.4800033569336,81.4800033569336,59.37466812133789,566300
2007-10-26,81.47000122070312,81.56999969482422,81.43000030517578,81.48999786376953,59.381961822509766,1568500
2007-10-29,81.5,81.52999877929688,81.44000244140625,81.48999786376953,59.381961822509766,592000
2007-10-30,81.45999908447266,81.5,81.44000244140625,81.4800033569336,59.37466812133789,293000
2007-10-31,81.45999908447266,81.48999786376953,81.30999755859375,81.3499984741211,59.27994918823242,554900
2007-11-01,81.08999633789062,81.31999969482422,81.08999633789062,81.30999755859375,59.47226333618164,1776000
2007-11-02,81.2300033569336,81.69000244140625,81.2300033569336,81.41000366210938,59.54548645019531,418900
2007-11-05,81.48999786376953,81.5,81.3499984741211,81.4000015258789,59.538150787353516,520700
2007-11-06,81.37999725341797,81.47000122070312,81.3499984741211,81.3499984741211,59.50157165527344,996400
2007-11-07,81.48999786376953,81.5999984741211,81.44000244140625,81.58000183105469,59.66981887817383,484400
2007-11-08,81.63999938964844,81.80999755859375,81.58000183105469,81.70999908447266,59.76484298706055,1829600
2007-11-09,81.83000183105469,82.05999755859375,81.69000244140625,81.73999786376953,59.786781311035156,1566300
2007-11-12,81.9000015258789,81.97000122070312,81.76000213623047,81.93000030517578,59.92578887939453,699100
2007-11-13,81.77999877929688,81.83999633789062,81.5999984741211,81.68000030517578,59.742958068847656,1081200
2007-11-14,81.6500015258789,81.75,81.62000274658203,81.72000122070312,59.772212982177734,570400
2007-11-15,81.9000015258789,82.0,81.83999633789062,81.98999786376953,59.969688415527344,630200
2007-11-16,81.98999786376953,82.05999755859375,81.93000030517578,81.98999786376953,59.969688415527344,434500
2007-11-19,82.0,82.30000305175781,81.6500015258789,82.26000213623047,60.16717529296875,973800
2007-11-20,82.23999786376953,82.33999633789062,82.1500015258789,82.2300033569336,60.145233154296875,620000
2007-11-21,82.38999938964844,82.55000305175781,82.38999938964844,82.48999786376953,60.335391998291016,1685000
2007-11-23,82.43000030517578,82.5,82.3499984741211,82.4000015258789,60.26956558227539,275600
2007-11-26,82.44000244140625,83.1500015258789,82.25,82.62999725341797,60.43782424926758,983500
2007-11-27,82.55999755859375,82.9800033569336,82.33000183105469,82.37999725341797,60.25495147705078,793900
2007-11-28,82.33999633789062,82.37999725341797,82.2300033569336,82.30999755859375,60.20376968383789,740300
2007-11-29,82.43000030517578,82.5999984741211,82.37999725341797,82.45999908447266,60.313411712646484,509000
2007-11-30,82.36000061035156,82.52999877929688,82.30999755859375,82.5,60.34270477294922,640200
2007-12-03,82.3499984741211,82.41999816894531,81.95999908447266,82.41000366210938,60.47920608520508,486000
2007-12-04,82.52999877929688,82.52999877929688,82.31999969482422,82.4000015258789,60.47184371948242,1015400
2007-12-05,82.33999633789062,82.47000122070312,82.30000305175781,82.43000030517578,60.4939079284668,615100
2007-12-06,82.37000274658203,82.37000274658203,82.22000122070312,82.26000213623047,60.369144439697266,1601200
2007-12-07,82.26000213623047,82.26000213623047,82.08000183105469,82.16999816894531,60.30305862426758,888000
2007-12-10,82.19999694824219,82.20999908447266,82.06999969482422,82.11000061035156,60.2590446472168,499000
2007-12-11,82.12000274658203,82.41999816894531,82.05999755859375,82.41000366210938,60.47920608520508,1751200
2007-12-12,82.05000305175781,82.29000091552734,82.0,82.19999694824219,60.325077056884766,452900
2007-12-13,82.12000274658203,82.2300033569336,82.05000305175781,82.08000183105469,60.23700714111328,493100
2007-12-14,82.01000213623047,82.04000091552734,81.87999725341797,81.87999725341797,60.090274810791016,539300
2007-12-17,81.95999908447266,82.12000274658203,81.95999908447266,82.12000274658203,60.266334533691406,662700
2007-12-18,82.13999938964844,82.18000030517578,82.0199966430664,82.06999969482422,60.229637145996094,697000
2007-12-19,82.18000030517578,82.33000183105469,82.05999755859375,82.27999877929688,60.38383102416992,718100
2007-12-20,82.31999969482422,82.4000015258789,82.19999694824219,82.33999633789062,60.42781066894531,1304600
2007-12-21,82.30000305175781,82.31999969482422,82.13999938964844,82.20999908447266,60.33248519897461,2023700
2007-12-24,82.08000183105469,82.16000366210938,82.04000091552734,82.13999938964844,60.281070709228516,314800
2007-12-26,82.11000061035156,82.18000030517578,82.0,82.05999755859375,60.22233200073242,472700
2007-12-27,82.0199966430664,82.0199966430664,81.8499984741211,81.95999908447266,60.35416793823242,688500
2007-12-28,81.94999694824219,82.08000183105469,81.94999694824219,82.05999755859375,60.427772521972656,584100
2007-12-31,82.11000061035156,82.19000244140625,82.0999984741211,82.19000244140625,60.52356719970703,1120400
2008-01-02,82.2699966430664,82.44000244140625,82.16000366210938,82.33999633789062,60.63397216796875,1471100
2008-01-03,82.43000030517578,82.5,82.31999969482422,82.47000122070312,60.7297477722168,408400
2008-01-04,82.6500015258789,82.66999816894531,82.55000305175781,82.58999633789062,60.81807327270508,884700
2008-01-07,82.58000183105469,82.61000061035156,82.5,82.54000091552734,60.78129196166992,917400
2008-01-08,82.54000091552734,82.66000366210938,82.47000122070312,82.66000366210938,60.86968994140625,1154500
2008-01-09,82.70999908447266,82.7300033569336,82.61000061035156,82.62000274658203,60.840110778808594,2590700
2008-01-10,82.63999938964844,82.73999786376953,82.58999633789062,82.62000274658203,60.840110778808594,997700
2008-01-11,82.66000366210938,82.87000274658203,82.66000366210938,82.8499984741211,61.0095329284668,490100
2008-01-14,82.83999633789062,82.87999725341797,82.79000091552734,82.87999725341797,61.031639099121094,1272300
2008-01-15,82.93000030517578,82.94999694824219,82.83999633789062,82.94999694824219,61.08320999145508,1448400
2008-01-16,83.0,83.05000305175781,82.9000015258789,83.0199966430664,61.134735107421875,965700
2008-01-17,82.97000122070312,83.18000030517578,82.94000244140625,83.16000366210938,61.23780822753906,1032200
2008-01-18,83.13999938964844,83.29000091552734,83.0999984741211,83.2300033569336,61.289363861083984,939100
2008-01-22,84.4800033569336,84.4800033569336,83.43000030517578,83.58000183105469,61.54714584350586,2395400
2008-01-23,83.9800033569336,83.9800033569336,83.5199966430664,83.54000091552734,61.517642974853516,1906100
2008-01-24,83.54000091552734,83.54000091552734,83.27999877929688,83.27999877929688,61.32618713378906,1047100
2008-01-25,83.16000366210938,83.52999877929688,83.1500015258789,83.5,61.48817825317383,1281300
2008-01-28,83.47000122070312,83.52999877929688,83.4000015258789,83.45999908447266,61.458736419677734,758600
2008-01-29,83.3499984741211,83.41999816894531,83.30000305175781,83.41000366210938,61.421905517578125,872000
2008-01-30,83.4000015258789,83.47000122070312,83.25,83.47000122070312,61.46610641479492,3025000
2008-01-31,83.62999725341797,83.66000366210938,83.4800033569336,83.55000305175781,61.52499008178711,905800
2008-02-01,83.48999786376953,83.5,83.37000274658203,83.41999816894531,61.59223175048828,1754600
2008-02-04,83.38999938964844,83.91999816894531,83.3499984741211,83.43000030517578,61.59962463378906,787300
2008-02-05,83.63999938964844,83.6500015258789,83.52999877929688,83.62000274658203,61.739891052246094,1949700
2008-02-06,83.62999725341797,83.68000030517578,83.55000305175781,83.6500015258789,61.76203918457031,898700
2008-02-07,83.72000122070312,83.72000122070312,83.47000122070312,83.54000091552734,61.68081283569336,2791400
2008-02-08,83.58000183105469,83.69999694824219,83.56999969482422,83.69000244140625,61.79150390625,2447100
2008-02-11,83.70999908447266,83.77999877929688,83.66999816894531,83.72000122070312,61.81367492675781,669400
2008-02-12,83.58999633789062,83.76000213623047,83.58000183105469,83.75,61.83584976196289,936700
2008-02-13,83.7699966430664,83.86000061035156,83.7300033569336,83.77999877929688,61.85797119140625,632300
2008-02-14,83.75,83.80000305175781,83.69000244140625,83.72000122070312,61.81367492675781,1471200
2008-02-15,83.77999877929688,83.83999633789062,83.55999755859375,83.62999725341797,61.74728012084961,1830200
2008-02-19,83.66000366210938,83.69999694824219,83.5199966430664,83.56999969482422,61.70295333862305,1031900
2008-02-20,83.5999984741211,83.63999938964844,83.41999816894531,83.47000122070312,61.629127502441406,822500
2008-02-21,83.41999816894531,83.70999908447266,83.3499984741211,83.69999694824219,61.7989616394043,588900
2008-02-22,83.62000274658203,83.73999786376953,83.58000183105469,83.61000061035156,61.73245620727539,1470900
2008-02-25,83.5999984741211,83.6500015258789,83.44000244140625,83.4800033569336,61.636497497558594,689400
2008-02-26,83.4800033569336,83.62000274658203,83.4800033569336,83.5999984741211,61.72509765625,657700
2008-02-27,83.70999908447266,83.77999877929688,83.5999984741211,83.69999694824219,61.7989616394043,1626500
2008-02-28,83.86000061035156,83.9000015258789,83.80000305175781,83.9000015258789,61.94660186767578,823700
2008-02-29,84.08000183105469,84.20999908447266,83.97000122070312,84.19000244140625,62.16069793701172,901700
2008-03-03,84.05000305175781,84.08000183105469,83.9000015258789,84.02999877929688,62.16295623779297,1341900
2008-03-04,84.04000091552734,84.23999786376953,83.9800033569336,84.01000213623047,62.14815902709961,662900
2008-03-05,84.05000305175781,84.0999984741211,83.88999938964844,83.95999908447266,62.11116409301758,607700
2008-03-06,84.12999725341797,84.20999908447266,84.05999755859375,84.20999908447266,62.29608917236328,1482800
2008-03-07,84.27999877929688,84.33000183105469,84.01000213623047,84.16999816894531,62.266502380371094,1557200
2008-03-10,84.16000366210938,84.30999755859375,84.08999633789062,84.26000213623047,62.333106994628906,701400
2008-03-11,83.98999786376953,84.0,83.83999633789062,83.83999633789062,62.022369384765625,638300
2008-03-12,83.91999816894531,84.12999725341797,83.9000015258789,84.11000061035156,62.22209930419922,459200
2008-03-13,84.22000122070312,84.29000091552734,84.01000213623047,84.06999969482422,62.19253921508789,915400
2008-03-14,84.0199966430664,84.44999694824219,84.0199966430664,84.31999969482422,62.37748718261719,1031000
2008-03-17,84.54000091552734,84.61000061035156,84.41000366210938,84.51000213623047,62.51800537109375,851000
2008-03-18,84.43000030517578,84.5,84.16999816894531,84.20999908447266,62.29608917236328,735400
2008-03-19,84.18000030517578,84.37999725341797,84.06999969482422,84.30000305175781,62.362735748291016,696300
2008-03-20,84.27999877929688,84.44000244140625,84.0999984741211,84.19999694824219,62.28871536254883,1289400
2008-03-24,84.0199966430664,84.0199966430664,83.81999969482422,83.8499984741211,62.02974319458008,849600
2008-03-25,83.95999908447266,84.02999877929688,83.91000366210938,83.91000366210938,62.07423782348633,1870900
2008-03-26,84.04000091552734,84.16000366210938,83.94999694824219,84.08999633789062,62.207275390625,474100
2008-03-27,84.11000061035156,84.19000244140625,84.08000183105469,84.18000030517578,62.27395248413086,437800
2008-03-28,84.1500015258789,84.22000122070312,84.02999877929688,84.22000122070312,62.30348587036133,370800
2008-03-31,84.22000122070312,84.2699966430664,84.18000030517578,84.23999786376953,62.318260192871094,474400
2008-04-01,83.91000366210938,83.97000122070312,83.76000213623047,83.76000213623047,62.092952728271484,2527500
2008-04-02,83.72000122070312,83.80000305175781,83.58000183105469,83.69000244140625,62.04096603393555,818600
2008-04-03,83.75,83.77999877929688,83.61000061035156,83.62999725341797,61.99657440185547,688400
2008-04-04,83.69999694824219,83.79000091552734,83.68000030517578,83.77999877929688,62.10778045654297,1027900
2008-04-07,83.6500015258789,83.68000030517578,83.5,83.62000274658203,61.98917007446289,574700
2008-04-08,83.66000366210938,83.73999786376953,83.62999725341797,83.66999816894531,62.02617645263672,986000
2008-04-09,83.80999755859375,83.93000030517578,83.77999877929688,83.83000183105469,62.14482498168945,610500
2008-04-10,83.91999816894531,83.94000244140625,83.76000213623047,83.80000305175781,62.122589111328125,433900
2008-04-11,83.86000061035156,83.94000244140625,83.8499984741211,83.94000244140625,62.22636032104492,1193300
2008-04-14,83.91999816894531,83.94999694824219,83.87000274658203,83.88999938964844,62.189353942871094,551000
2008-04-15,83.83000183105469,83.87000274658203,83.73999786376953,83.77999877929688,62.10778045654297,483800
2008-04-16,83.77999877929688,83.80000305175781,83.56999969482422,83.5999984741211,61.974342346191406,1370900
2008-04-17,83.62000274658203,83.62000274658203,83.3499984741211,83.44999694824219,61.86314392089844,792700
2008-04-18,83.27999877929688,83.4000015258789,83.19000244140625,83.4000015258789,61.82611083984375,1436200
2008-04-21,83.3499984741211,83.41000366210938,83.29000091552734,83.31999969482422,61.766788482666016,753400
2008-04-22,83.29000091552734,83.37000274658203,83.27999877929688,83.3499984741211,61.78899383544922,494100
2008-04-23,83.33000183105469,83.38999938964844,83.2699966430664,83.3499984741211,61.78899383544922,505600
2008-04-24,83.19999694824219,83.26000213623047,83.06999969482422,83.12000274658203,61.61849594116211,975700
2008-04-25,83.05999755859375,83.19000244140625,83.05999755859375,83.12999725341797,61.62586975097656,1386000
2008-04-28,83.12999725341797,83.2300033569336,83.04000091552734,83.22000122070312,61.69264221191406,593600
2008-04-29,83.26000213623047,83.30999755859375,83.19000244140625,83.19999694824219,61.677833557128906,695300
2008-04-30,83.22000122070312,83.36000061035156,83.08999633789062,83.36000061035156,61.796424865722656,870600
2008-05-01,83.27999877929688,83.27999877929688,83.01000213623047,83.05000305175781,61.68647003173828,1129900
2008-05-02,82.91000366210938,83.48999786376953,82.8499984741211,82.94000244140625,61.60472869873047,878100
2008-05-05,83.0,83.05999755859375,82.94000244140625,83.02999877929688,61.67166519165039,723600
2008-05-06,83.11000061035156,83.18000030517578,82.98999786376953,83.08000183105469,61.70876693725586,893400
2008-05-07,83.0199966430664,83.18000030517578,83.0199966430664,83.18000030517578,61.783016204833984,861500
2008-05-08,83.25,83.30999755859375,83.13999938964844,83.25,61.83501052856445,1319900
2008-05-09,83.33999633789062,83.3499984741211,83.23999786376953,83.27999877929688,61.85726547241211,848600
2008-05-12,83.20999908447266,83.30000305175781,83.12000274658203,83.12000274658203,61.73846435546875,569800
2008-05-13,83.01000213623047,83.08000183105469,82.91000366210938,82.9800033569336,61.63448715209961,557100
2008-05-14,83.0199966430664,83.0199966430664,82.80999755859375,82.91999816894531,61.58988571166992,574000
2008-05-15,82.88999938964844,83.04000091552734,82.88999938964844,82.98999786376953,61.64186477661133,657100
2008-05-16,82.88999938964844,83.08999633789062,82.88999938964844,83.01000213623047,61.65684127807617,417200
2008-05-19,83.06999969482422,83.11000061035156,82.97000122070312,83.0999984741211,61.72357177734375,371100
2008-05-20,83.0999984741211,83.2300033569336,83.0999984741211,83.22000122070312,61.812774658203125,462600
2008-05-21,83.13999938964844,83.23999786376953,83.0999984741211,83.12999725341797,61.74586486816406,900100
2008-05-22,82.98999786376953,83.0,82.86000061035156,82.9000015258789,61.575096130371094,433700
2008-05-23,82.95999908447266,83.13999938964844,82.95999908447266,83.05999755859375,61.69389724731445,555000
2008-05-27,83.02999877929688,83.06999969482422,82.91999816894531,82.97000122070312,61.62702941894531,501600
2008-05-28,82.91000366210938,82.93000030517578,82.80999755859375,82.81999969482422,61.515663146972656,413700
2008-05-29,82.73999786376953,82.81999969482422,82.54000091552734,82.79000091552734,61.493385314941406,439600
2008-05-30,82.87999725341797,82.94999694824219,82.86000061035156,82.91000366210938,61.58247375488281,1970100
2008-06-02,82.69999694824219,82.9000015258789,82.68000030517578,82.8499984741211,61.70387649536133,369300
2008-06-03,82.93000030517578,83.0,82.69999694824219,82.97000122070312,61.793216705322266,445000
2008-06-04,83.0,83.0199966430664,82.88999938964844,82.94000244140625,61.7708625793457,607100
2008-06-05,82.87999725341797,82.91999816894531,82.80000305175781,82.83000183105469,61.68906021118164,679300
2008-06-06,82.91000366210938,83.06999969482422,82.88999938964844,82.94000244140625,61.7708625793457,345400
2008-06-09,82.79000091552734,82.80000305175781,82.51000213623047,82.5199966430664,61.45815658569336,566100
2008-06-10,82.4000015258789,82.45999908447266,82.27999877929688,82.33000183105469,61.316612243652344,1293900
2008-06-11,82.4000015258789,82.52999877929688,82.33000183105469,82.47000122070312,61.420921325683594,641300
2008-06-12,82.27999877929688,82.33999633789062,82.06999969482422,82.06999969482422,61.12295150756836,1064700
2008-06-13,82.20999908447266,82.33999633789062,82.13999938964844,82.16000366210938,61.189945220947266,834300
2008-06-16,82.19999694824219,82.26000213623047,82.16999816894531,82.20999908447266,61.227298736572266,318500
2008-06-17,82.29000091552734,82.37999725341797,82.25,82.37000274658203,61.34640884399414,388300
2008-06-18,82.37000274658203,82.4800033569336,82.37000274658203,82.44999694824219,61.406005859375,1229800
2008-06-19,82.37000274658203,82.44000244140625,82.27999877929688,82.29000091552734,61.28683853149414,549000
2008-06-20,82.38999938964844,82.51000213623047,82.38999938964844,82.44000244140625,61.398555755615234,362800
2008-06-23,82.36000061035156,82.44000244140625,82.30999755859375,82.3499984741211,61.331485748291016,924300
2008-06-24,82.4000015258789,82.52999877929688,82.37999725341797,82.5,61.44321823120117,650600
2008-06-25,82.44999694824219,82.5999984741211,82.3499984741211,82.55999755859375,61.487918853759766,838000
2008-06-26,82.58999633789062,82.81999969482422,82.58999633789062,82.80000305175781,61.66666030883789,1378900
2008-06-27,82.8499984741211,82.87000274658203,82.69999694824219,82.83999633789062,61.6964111328125,812900
2008-06-30,82.80999755859375,82.88999938964844,82.75,82.88999938964844,61.73368835449219,953300
2008-07-01,82.76000213623047,82.8499984741211,82.63999938964844,82.6500015258789,61.718021392822266,1032300
2008-07-02,82.61000061035156,82.75,82.5999984741211,82.66000366210938,61.72547912597656,903200
2008-07-03,82.75,82.83000183105469,82.66000366210938,82.80000305175781,61.830013275146484,328900
2008-07-07,82.81999969482422,83.01000213623047,82.7300033569336,82.8499984741211,61.86735534667969,1115100
2008-07-08,82.87999725341797,83.0,82.80999755859375,82.86000061035156,61.87480926513672,507000
2008-07-09,82.8499984741211,83.0,82.80999755859375,83.0,61.97934341430664,459000
2008-07-10,83.0,83.0,82.88999938964844,82.9000015258789,61.90467834472656,736100
2008-07-11,82.94999694824219,82.95999908447266,82.68000030517578,82.7300033569336,61.77772521972656,532200
2008-07-14,82.76000213623047,82.93000030517578,82.68000030517578,82.91999816894531,61.91963195800781,681300
2008-07-15,83.0,83.19000244140625,82.95999908447266,83.04000091552734,62.009239196777344,715700
2008-07-16,83.0199966430664,83.06999969482422,82.94999694824219,82.95999908447266,61.94948959350586,618700
2008-07-17,82.91999816894531,82.97000122070312,82.77999877929688,82.83999633789062,61.85989761352539,937600
2008-07-18,82.87000274658203,82.91000366210938,82.62999725341797,82.69000244140625,61.74782943725586,1190400
2008-07-21,82.66999816894531,82.7300033569336,82.58999633789062,82.7300033569336,61.77772521972656,811900
2008-07-22,82.72000122070312,82.72000122070312,82.56999969482422,82.66000366210938,61.72547912597656,1046200
2008-07-23,82.55000305175781,82.63999938964844,82.48999786376953,82.62000274658203,61.695560455322266,867600
2008-07-24,82.62999725341797,82.86000061035156,82.62999725341797,82.8499984741211,61.86735534667969,520000
2008-07-25,82.81999969482422,82.8499984741211,82.69999694824219,82.73999786376953,61.78520965576172,874800
2008-07-28,82.83999633789062,82.91999816894531,82.81999969482422,82.91000366210938,61.91214370727539,513100
2008-07-29,82.87000274658203,82.87000274658203,82.76000213623047,82.83999633789062,61.85989761352539,487900
2008-07-30,82.7699966430664,82.91999816894531,82.76000213623047,82.86000061035156,61.87480926513672,516000
2008-07-31,82.95999908447266,83.04000091552734,82.94999694824219,83.02999877929688,62.001792907714844,629900
2008-08-01,82.77999877929688,82.79000091552734,82.70999908447266,82.77999877929688,62.013729095458984,657400
2008-08-04,82.76000213623047,82.81999969482422,82.7300033569336,82.7699966430664,62.00626754760742,935500
2008-08-05,82.75,82.76000213623047,82.68000030517578,82.7300033569336,61.97629928588867,567900
2008-08-06,82.76000213623047,82.7699966430664,82.6500015258789,82.73999786376953,61.98377990722656,534700
2008-08-07,82.80999755859375,82.94000244140625,82.80999755859375,82.91999816894531,62.11865997314453,445700
2008-08-08,82.94000244140625,83.0,82.79000091552734,82.8499984741211,62.0661735534668,530000
2008-08-11,82.83999633789062,82.83999633789062,82.56999969482422,82.73999786376953,61.98377990722656,711000
2008-08-12,82.87000274658203,82.91000366210938,82.83999633789062,82.88999938964844,62.09617614746094,587800
2008-08-13,82.97000122070312,82.9800033569336,82.83999633789062,82.87999725341797,62.08866882324219,1158100
2008-08-14,82.93000030517578,82.94999694824219,82.86000061035156,82.91000366210938,62.111141204833984,1061400
2008-08-15,83.0199966430664,83.05000305175781,82.93000030517578,82.97000122070312,62.156028747558594,1816300
2008-08-18,82.98999786376953,83.06999969482422,82.95999908447266,83.04000091552734,62.208526611328125,537000
2008-08-19,83.13999938964844,83.1500015258789,83.05000305175781,83.0999984741211,62.253448486328125,683800
2008-08-20,83.08999633789062,83.22000122070312,83.08999633789062,83.20999908447266,62.33586883544922,717200
2008-08-21,83.19000244140625,83.19000244140625,83.08999633789062,83.13999938964844,62.283443450927734,540600
2008-08-22,83.05000305175781,83.05000305175781,82.94999694824219,82.98999786376953,62.17103576660156,509600
2008-08-25,83.08999633789062,83.13999938964844,83.06999969482422,83.12999725341797,62.27595138549805,511800
2008-08-26,83.08999633789062,83.0999984741211,83.02999877929688,83.0999984741211,62.253448486328125,600200
2008-08-27,83.05999755859375,83.1500015258789,83.0199966430664,83.1500015258789,62.29092788696289,664000
2008-08-28,83.11000061035156,83.12000274658203,83.04000091552734,83.11000061035156,62.26094436645508,510300
2008-08-29,83.06999969482422,83.1500015258789,83.02999877929688,83.1500015258789,62.29092788696289,597400
2008-09-02,82.83999633789062,83.0199966430664,82.77999877929688,83.0199966430664,62.36981201171875,645200
2008-09-03,83.04000091552734,83.0999984741211,83.01000213623047,83.05000305175781,62.392356872558594,947200
2008-09-04,83.05999755859375,83.16999816894531,83.05000305175781,83.0999984741211,62.42987060546875,861400
2008-09-05,83.19999694824219,83.2300033569336,83.04000091552734,83.06999969482422,62.407352447509766,1047500
2008-09-08,82.88999938964844,83.04000091552734,82.81999969482422,83.02999877929688,62.37734603881836,505100
2008-09-09,82.98999786376953,83.20999908447266,82.87999725341797,83.16000366210938,62.47499465942383,642200
2008-09-10,83.11000061035156,83.19999694824219,83.04000091552734,83.18000030517578,62.49001693725586,536600
2008-09-11,83.2699966430664,83.29000091552734,83.13999938964844,83.1500015258789,62.46746063232422,825500
2008-09-12,83.18000030517578,83.23999786376953,83.05000305175781,83.16000366210938,62.47499465942383,1061400
2008-09-15,83.69999694824219,83.79000091552734,83.48999786376953,83.75,62.91827392578125,1710200
2008-09-16,84.02999877929688,84.05999755859375,83.58000183105469,83.5999984741211,62.80550003051758,1671800
2008-09-17,83.93000030517578,84.0199966430664,83.41999816894531,84.0,63.10606002807617,5535100
2008-09-18,83.87000274658203,84.29000091552734,83.6500015258789,83.7300033569336,62.90321350097656,13824800
2008-09-19,83.05999755859375,83.36000061035156,83.0199966430664,83.26000213623047,62.55010986328125,3398300
2008-09-22,83.05999755859375,83.33000183105469,83.01000213623047,83.31999969482422,62.59518814086914,1542400
2008-09-23,83.41999816894531,83.41999816894531,83.22000122070312,83.37999725341797,62.64027404785156,1226200
2008-09-24,83.4000015258789,83.58000183105469,83.30999755859375,83.55999755859375,62.775508880615234,831100
2008-09-25,83.55000305175781,83.55999755859375,83.2699966430664,83.41000366210938,62.662784576416016,1089800
2008-09-26,83.5999984741211,83.62000274658203,83.4000015258789,83.41000366210938,62.662784576416016,1268200
2008-09-29,83.68000030517578,84.16000366210938,83.58000183105469,83.88999938964844,63.02339172363281,2506000
2008-09-30,83.97000122070312,84.0199966430664,83.55999755859375,83.55999755859375,62.775508880615234,1460200
2008-10-01,83.55000305175781,83.62999725341797,83.31999969482422,83.54000091552734,62.971466064453125,4156600
2008-10-02,83.70999908447266,83.87000274658203,83.58999633789062,83.72000122070312,63.107177734375,2180500
2008-10-03,83.81999969482422,83.94999694824219,83.5,83.94999694824219,63.28056335449219,1009900
2008-10-06,84.05000305175781,84.2699966430664,83.9800033569336,84.12000274658203,63.408599853515625,2985200
2008-10-07,83.97000122070312,84.16999816894531,83.86000061035156,84.13999938964844,63.42375564575195,5766800
2008-10-08,84.33000183105469,84.33999633789062,83.61000061035156,83.77999877929688,63.15235900878906,7752100
2008-10-09,83.72000122070312,83.8499984741211,83.58999633789062,83.83000183105469,63.190120697021484,6909600
2008-10-10,84.0,84.12000274658203,83.48999786376953,83.95999908447266,63.28806686401367,4586600
2008-10-13,83.83000183105469,83.83000183105469,82.7300033569336,83.58999633789062,63.0091552734375,1399300
2008-10-14,83.55000305175781,83.7300033569336,83.3499984741211,83.61000061035156,63.02420425415039,3418700
2008-10-15,83.61000061035156,84.02999877929688,83.61000061035156,83.88999938964844,63.235328674316406,1202300
2008-10-16,83.79000091552734,84.1500015258789,83.77999877929688,83.83999633789062,63.1976203918457,1174500
2008-10-17,83.94999694824219,84.0199966430664,83.75,83.9000015258789,63.242889404296875,942100
2008-10-20,83.9800033569336,84.06999969482422,83.77999877929688,83.83999633789062,63.1976203918457,1514800
2008-10-21,84.08999633789062,84.11000061035156,83.83999633789062,84.01000213623047,63.325740814208984,711100
2008-10-22,84.02999877929688,84.16000366210938,83.88999938964844,84.12999725341797,63.416236877441406,1161600
2008-10-23,84.08000183105469,84.30999755859375,83.93000030517578,84.08000183105469,63.37849426269531,901100
2008-10-24,84.3499984741211,84.37000274658203,84.04000091552734,84.1500015258789,63.43132781982422,1208800
2008-10-27,84.0199966430664,84.12999725341797,83.87999725341797,83.94000244140625,63.2729606628418,1122100
2008-10-28,83.95999908447266,84.08000183105469,83.87999725341797,84.04000091552734,63.348384857177734,1028700
2008-10-29,84.12000274658203,84.22000122070312,84.0,84.08999633789062,63.38607406616211,1302400
2008-10-30,84.11000061035156,84.19999694824219,84.01000213623047,84.16000366210938,63.43879699707031,821500
2008-10-31,84.12999725341797,84.19999694824219,84.0199966430664,84.19999694824219,63.468994140625,1271700
2008-11-03,83.94000244140625,84.02999877929688,83.80000305175781,84.02999877929688,63.58778381347656,901900
2008-11-04,84.0,84.12000274658203,83.83999633789062,84.0,63.56509780883789,1290100
2008-11-05,83.98999786376953,84.1500015258789,83.94999694824219,84.1500015258789,63.67857360839844,1421400
2008-11-06,84.0199966430664,84.19000244140625,83.97000122070312,84.18000030517578,63.701290130615234,2190300
2008-11-07,84.08000183105469,84.1500015258789,84.01000213623047,84.02999877929688,63.58778381347656,661000
2008-11-10,84.08000183105469,84.29000091552734,84.01000213623047,84.29000091552734,63.7845573425293,703900
2008-11-11,84.1500015258789,84.37000274658203,84.1500015258789,84.3499984741211,63.82996368408203,493200
2008-11-12,84.33999633789062,84.4800033569336,84.30999755859375,84.4800033569336,63.9283447265625,972600
2008-11-13,84.44999694824219,84.47000122070312,84.25,84.2699966430664,63.7694091796875,1089400
2008-11-14,84.29000091552734,84.41000366210938,84.25,84.25,63.75428009033203,858300
2008-11-17,84.25,84.41000366210938,84.25,84.4000015258789,63.86776351928711,613000
2008-11-18,84.30999755859375,84.5,84.30000305175781,84.48999786376953,63.93585968017578,649600
2008-11-19,84.47000122070312,84.61000061035156,84.43000030517578,84.61000061035156,64.0267105102539,740000
2008-11-20,84.75,84.80000305175781,84.56999969482422,84.7699966430664,64.14779663085938,2529500
2008-11-21,84.62999725341797,84.69999694824219,84.45999908447266,84.62999725341797,64.04183197021484,1693400
2008-11-24,84.45999908447266,84.52999877929688,84.33999633789062,84.41999816894531,63.88291931152344,957100
2008-11-25,84.52999877929688,84.66000366210938,84.41000366210938,84.48999786376953,63.93585968017578,810300
2008-11-26,84.5,84.76000213623047,84.5,84.75,64.13263702392578,671900
2008-11-28,84.63999938964844,84.80000305175781,84.54000091552734,84.80000305175781,64.17041778564453,234700
2008-12-01,84.62999725341797,84.72000122070312,84.5199966430664,84.66000366210938,64.27603149414062,869100
2008-12-02,84.62999725341797,84.70999908447266,84.55000305175781,84.6500015258789,64.2684097290039,725000
2008-12-03,84.56999969482422,84.77999877929688,84.56999969482422,84.72000122070312,64.3215560913086,956300
2008-12-04,84.7300033569336,84.8499984741211,84.6500015258789,84.73999786376953,64.33673858642578,1181300
2008-12-05,84.7699966430664,84.80000305175781,84.51000213623047,84.63999938964844,64.26078796386719,877800
2008-12-08,84.62000274658203,84.66000366210938,84.4800033569336,84.5199966430664,64.16970825195312,1051300
2008-12-09,84.63999938964844,84.77999877929688,84.44999694824219,84.77999877929688,64.36710357666016,980400
2008-12-10,84.69000244140625,84.7699966430664,84.55000305175781,84.66999816894531,64.2835922241211,938100
2008-12-11,84.75,84.87000274658203,84.6500015258789,84.87000274658203,64.43549346923828,919400
2008-12-12,84.77999877929688,84.94999694824219,84.6500015258789,84.91000366210938,64.46578216552734,538500
2008-12-15,84.8499984741211,84.9800033569336,84.75,84.97000122070312,64.5113754272461,1399200
2008-12-16,85.01000213623047,85.13999938964844,84.73999786376953,85.01000213623047,64.54169464111328,734500
2008-12-17,84.98999786376953,85.16999816894531,84.83000183105469,84.83000183105469,64.40505981445312,1398100
2008-12-18,85.01000213623047,85.02999877929688,84.86000061035156,84.87000274658203,64.43549346923828,1120900
2008-12-19,84.7699966430664,84.88999938964844,84.75,84.79000091552734,64.3746566772461,848900
2008-12-22,84.79000091552734,84.81999969482422,84.62000274658203,84.62999725341797,64.25324249267578,812700
2008-12-23,84.6500015258789,84.75,84.62000274658203,84.6500015258789,64.2684097290039,698300
2008-12-24,84.69000244140625,84.79000091552734,84.66000366210938,84.66999816894531,64.2835922241211,271600
2008-12-26,84.66000366210938,84.80000305175781,84.6500015258789,84.7699966430664,64.3594970703125,444400
2008-12-29,84.56999969482422,84.68000030517578,84.44999694824219,84.62000274658203,64.50129699707031,715900
2008-12-30,84.5999984741211,84.69999694824219,84.52999877929688,84.69999694824219,64.56231689453125,531900
2008-12-31,84.66999816894531,84.69000244140625,84.45999908447266,84.66000366210938,64.53177642822266,587400
2009-01-02,84.68000030517578,84.68000030517578,84.20999908447266,84.20999908447266,64.18878173828125,1138500
2009-01-05,84.3499984741211,84.45999908447266,84.30999755859375,84.37999725341797,64.31834411621094,5046300
2009-01-06,84.31999969482422,84.45999908447266,84.2699966430664,84.41999816894531,64.34891510009766,1459700
2009-01-07,84.44999694824219,84.44999694824219,84.30000305175781,84.36000061035156,64.30316162109375,2015400
2009-01-08,84.33000183105469,84.48999786376953,84.33000183105469,84.37999725341797,64.31834411621094,805800
2009-01-09,84.38999938964844,84.52999877929688,84.37999725341797,84.44000244140625,64.36405181884766,847200
2009-01-12,84.44000244140625,84.58999633789062,84.41999816894531,84.45999908447266,64.37932586669922,1228000
2009-01-13,84.47000122070312,84.54000091552734,84.4000015258789,84.47000122070312,64.38688659667969,583400
2009-01-14,84.5199966430664,84.6500015258789,84.5199966430664,84.56999969482422,64.46320343017578,1117800
2009-01-15,84.55999755859375,84.58999633789062,84.41000366210938,84.4800033569336,64.39460754394531,4473500
2009-01-16,84.41999816894531,84.55999755859375,84.4000015258789,84.5199966430664,64.42500305175781,660600
2009-01-20,84.44999694824219,84.58000183105469,84.37999725341797,84.55999755859375,64.45558166503906,2102800
2009-01-21,84.4800033569336,84.55000305175781,84.41000366210938,84.43000030517578,64.3564682006836,992100
2009-01-22,84.47000122070312,84.55000305175781,84.41999816894531,84.47000122070312,64.38688659667969,568900
2009-01-23,84.43000030517578,84.4800033569336,84.27999877929688,84.44999694824219,64.37178039550781,1840900
2009-01-26,84.43000030517578,84.43000030517578,84.27999877929688,84.33999633789062,64.28784942626953,910100
2009-01-27,84.30000305175781,84.44000244140625,84.30000305175781,84.43000030517578,64.3564682006836,1186800
2009-01-28,84.38999938964844,84.45999908447266,84.33000183105469,84.4000015258789,64.3335952758789,1637100
2009-01-29,84.2699966430664,84.33000183105469,84.22000122070312,84.23999786376953,64.211669921875,1642800
2009-01-30,84.27999877929688,84.37999725341797,84.2300033569336,84.29000091552734,64.24974060058594,1134300
2009-02-02,84.13999938964844,84.23999786376953,84.12000274658203,84.2300033569336,64.30926513671875,775500
2009-02-03,84.20999908447266,84.23999786376953,84.08000183105469,84.13999938964844,64.24057006835938,872000
2009-02-04,84.12000274658203,84.13999938964844,83.97000122070312,84.0,64.13369750976562,1806100
2009-02-05,84.04000091552734,84.08999633789062,83.97000122070312,84.0199966430664,64.14898681640625,1131500
2009-02-06,84.12000274658203,84.12000274658203,83.97000122070312,83.97000122070312,64.11080932617188,970500
2009-02-09,83.9800033569336,84.05000305175781,83.91999816894531,83.94000244140625,64.087890625,823200
2009-02-10,84.0,84.18000030517578,83.95999908447266,84.12999725341797,64.23298645019531,1168400
2009-02-11,84.16000366210938,84.2300033569336,84.0999984741211,84.11000061035156,64.2176513671875,880200
2009-02-12,84.16999816894531,84.26000213623047,84.16999816894531,84.20999908447266,64.2940444946289,879800
2009-02-13,84.1500015258789,84.16999816894531,84.04000091552734,84.05000305175781,64.17186737060547,658100
2009-02-17,84.1500015258789,84.27999877929688,84.1500015258789,84.2699966430664,64.33983612060547,901700
2009-02-18,84.16999816894531,84.23999786376953,84.06999969482422,84.12999725341797,64.23298645019531,622500
2009-02-19,84.06999969482422,84.1500015258789,84.0199966430664,84.0999984741211,64.2100830078125,646200
2009-02-20,84.12999725341797,84.26000213623047,84.12000274658203,84.16999816894531,64.26346588134766,888400
2009-02-23,84.08000183105469,84.16999816894531,84.01000213623047,84.16000366210938,64.25586700439453,2477700
2009-02-24,84.11000061035156,84.19000244140625,84.06999969482422,84.0999984741211,64.2100830078125,863900
2009-02-25,84.0999984741211,84.13999938964844,83.94000244140625,83.94000244140625,64.087890625,919000
2009-02-26,83.95999908447266,83.98999786376953,83.91000366210938,83.9800033569336,64.11844635009766,863300
2009-02-27,84.01000213623047,84.08999633789062,83.94999694824219,84.02999877929688,64.15658569335938,793500
2009-03-02,84.01000213623047,84.11000061035156,83.97000122070312,84.08999633789062,64.30115509033203,1559300
2009-03-03,84.16999816894531,84.16999816894531,83.97000122070312,84.0199966430664,64.24764251708984,1011700
2009-03-04,83.91999816894531,83.94000244140625,83.83000183105469,83.93000030517578,64.17876434326172,2098600
2009-03-05,83.94000244140625,84.05999755859375,83.91000366210938,84.02999877929688,64.25523376464844,1025300
2009-03-06,83.9000015258789,84.05999755859375,83.87999725341797,83.97000122070312,64.2093734741211,1402800
2009-03-09,83.9800033569336,83.98999786376953,83.80000305175781,83.88999938964844,64.14818572998047,896100
2009-03-10,83.87000274658203,83.87000274658203,83.5,83.83999633789062,64.10993194580078,2253200
2009-03-11,83.83000183105469,83.88999938964844,83.7699966430664,83.87999725341797,64.14051818847656,1011700
2009-03-12,83.8499984741211,83.94000244140625,83.83000183105469,83.91000366210938,64.16350555419922,902300
2009-03-13,83.8499984741211,83.98999786376953,83.83999633789062,83.9800033569336,64.21700286865234,1320000
2009-03-16,83.8499984741211,83.91999816894531,83.8499984741211,83.87000274658203,64.13297271728516,730400
2009-03-17,83.9000015258789,83.93000030517578,83.80000305175781,83.8499984741211,64.11760711669922,1135200
2009-03-18,83.87000274658203,84.19999694824219,83.86000061035156,84.16999816894531,64.3622817993164,2771700
2009-03-19,84.13999938964844,84.16999816894531,84.05999755859375,84.06999969482422,64.28579711914062,2064700
2009-03-20,84.13999938964844,84.20999908447266,84.06999969482422,84.16999816894531,64.3622817993164,1939900
2009-03-23,84.08000183105469,84.1500015258789,84.04000091552734,84.0999984741211,64.30875396728516,1068700
2009-03-24,84.11000061035156,84.12000274658203,83.9800033569336,83.98999786376953,64.22467803955078,2632300
2009-03-25,84.04000091552734,84.05999755859375,83.95999908447266,83.97000122070312,64.2093734741211,1233200
2009-03-26,84.05999755859375,84.16999816894531,84.01000213623047,84.08000183105469,64.2934799194336,1249300
2009-03-27,84.0999984741211,84.16999816894531,84.0999984741211,84.12000274658203,64.32405853271484,704600
2009-03-30,84.19000244140625,84.25,84.16000366210938,84.19999694824219,64.38526916503906,787000
2009-03-31,84.19999694824219,84.33000183105469,84.19999694824219,84.31999969482422,64.47704315185547,2398100
2009-04-01,84.13999938964844,84.19999694824219,84.11000061035156,84.16000366210938,64.46247863769531,968800
2009-04-02,84.06999969482422,84.12000274658203,83.97000122070312,84.0199966430664,64.35520935058594,996700
2009-04-03,83.97000122070312,83.9800033569336,83.80999755859375,83.83000183105469,64.20970153808594,1979300
2009-04-06,83.80000305175781,83.91000366210938,83.80000305175781,83.88999938964844,64.25566864013672,1236400
2009-04-07,83.93000030517578,83.97000122070312,83.88999938964844,83.91999816894531,64.27857971191406,592100
2009-04-08,83.94999694824219,84.01000213623047,83.87000274658203,83.91999816894531,64.27857971191406,1021000
2009-04-09,83.88999938964844,83.91999816894531,83.81999969482422,83.81999969482422,64.20203399658203,1768800
2009-04-13,83.87000274658203,84.05999755859375,83.87000274658203,83.9800033569336,64.3245849609375,664800
2009-04-14,84.0,84.0999984741211,83.98999786376953,84.05000305175781,64.37820434570312,1485700
2009-04-15,84.04000091552734,84.11000061035156,84.0,84.08999633789062,64.40888214111328,726200
2009-04-16,84.01000213623047,84.08999633789062,83.97000122070312,83.97000122070312,64.31694030761719,1374700
2009-04-17,83.94000244140625,84.08999633789062,83.83999633789062,83.87999725341797,64.2480239868164,826800
2009-04-20,83.93000030517578,84.04000091552734,83.93000030517578,83.95999908447266,64.3092269897461,618200
2009-04-21,84.04000091552734,84.06999969482422,83.97000122070312,83.97000122070312,64.31694030761719,284600
2009-04-22,84.01000213623047,84.01000213623047,83.88999938964844,83.97000122070312,64.31694030761719,884900
2009-04-23,83.95999908447266,83.97000122070312,83.88999938964844,83.91000366210938,64.27103424072266,1306900
2009-04-24,83.91999816894531,83.95999908447266,83.87000274658203,83.91000366210938,64.27103424072266,1050300
2009-04-27,84.02999877929688,84.05000305175781,83.93000030517578,84.01000213623047,64.34760284423828,848600
2009-04-28,84.05000305175781,84.06999969482422,83.91999816894531,83.93000030517578,64.28621673583984,869300
2009-04-29,83.97000122070312,84.01000213623047,83.9000015258789,83.97000122070312,64.31694030761719,867700
2009-04-30,83.94999694824219,84.04000091552734,83.91000366210938,84.04000091552734,64.37054443359375,690100
2009-05-01,83.7699966430664,83.83000183105469,83.76000213623047,83.80999755859375,64.32225036621094,695400
2009-05-04,83.8499984741211,83.8499984741211,83.75,83.79000091552734,64.30679321289062,959800
2009-05-05,83.73999786376953,83.80000305175781,83.70999908447266,83.7699966430664,64.29149627685547,1067400
2009-05-06,83.80000305175781,83.8499984741211,83.75,83.81999969482422,64.32986450195312,660200
2009-05-07,83.72000122070312,83.77999877929688,83.66999816894531,83.69999694824219,64.23775482177734,1587600
2009-05-08,83.72000122070312,83.77999877929688,83.70999908447266,83.76000213623047,64.2838134765625,946000
2009-05-11,83.79000091552734,83.91000366210938,83.79000091552734,83.9000015258789,64.39122772216797,528500
2009-05-12,83.87000274658203,83.91999816894531,83.87000274658203,83.88999938964844,64.38360595703125,1212900
2009-05-13,83.91999816894531,84.0,83.91000366210938,83.93000030517578,64.41422271728516,827700
2009-05-14,83.91000366210938,83.98999786376953,83.91000366210938,83.95999908447266,64.43729400634766,1673100
2009-05-15,83.94999694824219,84.01000213623047,83.93000030517578,83.94999694824219,64.42965698242188,1158000
2009-05-18,83.94999694824219,83.97000122070312,83.87000274658203,83.87000274658203,64.36820983886719,1131700
2009-05-19,83.9000015258789,83.94999694824219,83.83999633789062,83.91999816894531,64.40657043457031,1081800
2009-05-20,84.0,84.02999877929688,83.91999816894531,84.02999877929688,64.49100494384766,1122100
2009-05-21,84.02999877929688,84.04000091552734,83.91999816894531,83.91999816894531,64.40657043457031,1612700
2009-05-22,83.9000015258789,83.94999694824219,83.87000274658203,83.94000244140625,64.42194366455078,654900
2009-05-26,83.94000244140625,83.97000122070312,83.81999969482422,83.83000183105469,64.33756256103516,840600
2009-05-27,83.83000183105469,83.93000030517578,83.80000305175781,83.80999755859375,64.32225036621094,553300
2009-05-28,83.83000183105469,83.9000015258789,83.80000305175781,83.80000305175781,64.31449890136719,728200
2009-05-29,83.83999633789062,83.97000122070312,83.83000183105469,83.91999816894531,64.40657043457031,852800
2009-06-01,83.69999694824219,83.81999969482422,83.66000366210938,83.72000122070312,64.35355377197266,1745800
2009-06-02,83.75,83.80000305175781,83.69000244140625,83.69000244140625,64.33051300048828,2210000
2009-06-03,83.79000091552734,83.8499984741211,83.73999786376953,83.83999633789062,64.44581604003906,1227700
2009-06-04,83.73999786376953,83.83999633789062,83.73999786376953,83.76000213623047,64.38433074951172,1196400
2009-06-05,83.4000015258789,83.52999877929688,83.18000030517578,83.20999908447266,63.9615364074707,1198700
2009-06-08,83.16000366210938,83.20999908447266,82.98999786376953,82.98999786376953,63.792415618896484,1100900
2009-06-09,83.1500015258789,83.23999786376953,83.1500015258789,83.18000030517578,63.938446044921875,996100
2009-06-10,83.20999908447266,83.26000213623047,83.05999755859375,83.16999816894531,63.9307861328125,759400
2009-06-11,83.12000274658203,83.2300033569336,83.11000061035156,83.18000030517578,63.938446044921875,763000
2009-06-12,83.18000030517578,83.30999755859375,83.16999816894531,83.2699966430664,64.00764465332031,607800
2009-06-15,83.33000183105469,83.37999725341797,83.30000305175781,83.33000183105469,64.05381774902344,959400
2009-06-16,83.36000061035156,83.4800033569336,83.33000183105469,83.41999816894531,64.12297821044922,1126500
2009-06-17,83.5199966430664,83.56999969482422,83.45999908447266,83.51000213623047,64.19216918945312,752200
2009-06-18,83.47000122070312,83.47000122070312,83.30999755859375,83.37000274658203,64.08452606201172,619800
2009-06-19,83.36000061035156,83.44999694824219,83.30000305175781,83.41999816894531,64.12297821044922,1051200
2009-06-22,83.44999694824219,83.54000091552734,83.44999694824219,83.52999877929688,64.20751953125,1054400
2009-06-23,83.47000122070312,83.58999633789062,83.45999908447266,83.52999877929688,64.20751953125,721300
2009-06-24,83.56999969482422,83.70999908447266,83.5,83.5199966430664,64.19986724853516,698700
2009-06-25,83.56999969482422,83.72000122070312,83.55999755859375,83.68000030517578,64.32281494140625,1241300
2009-06-26,83.69000244140625,83.73999786376953,83.66999816894531,83.72000122070312,64.35355377197266,692200
2009-06-29,83.7300033569336,83.75,83.69000244140625,83.72000122070312,64.35355377197266,652300
2009-06-30,83.63999938964844,83.73999786376953,83.61000061035156,83.70999908447266,64.34584045410156,703300
2009-07-01,83.58999633789062,83.68000030517578,83.55999755859375,83.68000030517578,64.40898895263672,1202200
2009-07-02,83.7699966430664,83.80000305175781,83.72000122070312,83.7699966430664,64.47823333740234,544300
2009-07-06,83.76000213623047,83.83999633789062,83.73999786376953,83.80000305175781,64.50135040283203,474400
2009-07-07,83.80000305175781,83.87000274658203,83.76000213623047,83.79000091552734,64.49365234375,1668300
2009-07-08,83.80999755859375,83.95999908447266,83.7699966430664,83.91999816894531,64.59371948242188,773700
2009-07-09,83.8499984741211,83.91999816894531,83.83999633789062,83.87999725341797,64.56293487548828,824100
2009-07-10,83.94000244140625,83.9800033569336,83.9000015258789,83.95999908447266,64.62452697753906,666200
2009-07-13,83.93000030517578,83.9800033569336,83.88999938964844,83.91000366210938,64.58604431152344,699800
2009-07-14,83.83999633789062,83.91000366210938,83.81999969482422,83.8499984741211,64.53982543945312,488900
2009-07-15,83.77999877929688,83.80000305175781,83.6500015258789,83.6500015258789,64.38589477539062,747200
2009-07-16,83.80999755859375,83.83000183105469,83.76000213623047,83.77999877929688,64.48597717285156,504500
2009-07-17,83.72000122070312,83.7699966430664,83.70999908447266,83.75,64.4628677368164,833100
2009-07-20,83.66000366210938,83.77999877929688,83.6500015258789,83.73999786376953,64.45516967773438,808800
2009-07-21,83.70999908447266,83.91000366210938,83.70999908447266,83.83999633789062,64.53218841552734,1071800
2009-07-22,83.9000015258789,83.9000015258789,83.77999877929688,83.80000305175781,64.50135040283203,628000
2009-07-23,83.79000091552734,83.80000305175781,83.62000274658203,83.6500015258789,64.38589477539062,1026000
2009-07-24,83.66000366210938,83.7300033569336,83.6500015258789,83.69999694824219,64.42440795898438,969800
2009-07-27,83.61000061035156,83.68000030517578,83.56999969482422,83.63999938964844,64.378173828125,707600
2009-07-28,83.66999816894531,83.72000122070312,83.55999755859375,83.58999633789062,64.33966827392578,763200
2009-07-29,83.62999725341797,83.6500015258789,83.44999694824219,83.54000091552734,64.3012466430664,635700
2009-07-30,83.51000213623047,83.55999755859375,83.4800033569336,83.55000305175781,64.30889892578125,774200
2009-07-31,83.56999969482422,83.69000244140625,83.56999969482422,83.69000244140625,64.41670989990234,624200
2009-08-03,83.51000213623047,83.5199966430664,83.37999725341797,83.45999908447266,64.32569885253906,1073800
2009-08-04,83.4800033569336,83.5,83.3499984741211,83.38999938964844,64.27185821533203,940200
2009-08-05,83.31999969482422,83.5,83.31999969482422,83.36000061035156,64.24871063232422,1230500
2009-08-06,83.33999633789062,83.41000366210938,83.33000183105469,83.36000061035156,64.24871063232422,892300
2009-08-07,83.23999786376953,83.2699966430664,83.19000244140625,83.22000122070312,64.14075469970703,1192200
2009-08-10,83.27999877929688,83.37999725341797,83.2699966430664,83.3499984741211,64.24095153808594,639000
2009-08-11,83.37000274658203,83.45999908447266,83.37000274658203,83.44000244140625,64.31033325195312,870800
2009-08-12,83.47000122070312,83.5,83.37999725341797,83.47000122070312,64.33344268798828,856900
2009-08-13,83.5199966430664,83.62000274658203,83.4800033569336,83.61000061035156,64.44137573242188,874800
2009-08-14,83.5999984741211,83.73999786376953,83.58999633789062,83.66999816894531,64.48760986328125,515000
2009-08-17,83.72000122070312,83.80000305175781,83.72000122070312,83.76000213623047,64.55696868896484,750800
2009-08-18,83.76000213623047,83.7699966430664,83.69999694824219,83.73999786376953,64.54154968261719,691600
2009-08-19,83.79000091552734,83.81999969482422,83.75,83.77999877929688,64.57239532470703,1102800
2009-08-20,83.7699966430664,83.80000305175781,83.73999786376953,83.76000213623047,64.55696868896484,588800
2009-08-21,83.76000213623047,83.79000091552734,83.5999984741211,83.62999725341797,64.45680236816406,848100
2009-08-24,83.62000274658203,83.75,83.58999633789062,83.7300033569336,64.53388977050781,555900
2009-08-25,83.75,83.76000213623047,83.66000366210938,83.7300033569336,64.53388977050781,664500
2009-08-26,83.80000305175781,83.80999755859375,83.7300033569336,83.77999877929688,64.57239532470703,733200
2009-08-27,83.7699966430664,83.81999969482422,83.7300033569336,83.7699966430664,64.56463623046875,605200
2009-08-28,83.72000122070312,83.86000061035156,83.72000122070312,83.86000061035156,64.6340103149414,764100
2009-08-31,83.86000061035156,83.93000030517578,83.81999969482422,83.91999816894531,64.68028259277344,541100
2009-09-01,83.83999633789062,83.91999816894531,83.76000213623047,83.87999725341797,64.73271942138672,927000
2009-09-02,83.91999816894531,83.97000122070312,83.87000274658203,83.97000122070312,64.8022232055664,690900
2009-09-03,83.93000030517578,83.93000030517578,83.87000274658203,83.88999938964844,64.74042510986328,505300
2009-09-04,83.88999938964844,83.91000366210938,83.83999633789062,83.8499984741211,64.70964050292969,489900
2009-09-08,83.88999938964844,83.88999938964844,83.81999969482422,83.86000061035156,64.71728515625,640800
2009-09-09,83.83999633789062,83.88999938964844,83.80000305175781,83.87000274658203,64.72503662109375,598500
2009-09-10,83.91999816894531,83.9800033569336,83.9000015258789,83.91999816894531,64.76361083984375,577700
2009-09-11,83.94999694824219,84.0199966430664,83.88999938964844,83.88999938964844,64.74042510986328,850500
2009-09-14,83.94999694824219,83.94999694824219,83.83000183105469,83.83999633789062,64.70191192626953,636100
2009-09-15,83.80999755859375,83.88999938964844,83.80999755859375,83.87999725341797,64.73271942138672,657500
2009-09-16,83.87999725341797,83.9000015258789,83.76000213623047,83.7699966430664,64.64783477783203,709300
2009-09-17,83.7699966430664,83.9000015258789,83.73999786376953,83.88999938964844,64.74042510986328,832600
2009-09-18,83.86000061035156,83.87999725341797,83.41999816894531,83.80999755859375,64.67879486083984,1287300
2009-09-21,83.80999755859375,83.87999725341797,83.80999755859375,83.83999633789062,64.70191192626953,600800
2009-09-22,83.83999633789062,83.87000274658203,83.81999969482422,83.81999969482422,64.68647003173828,711300
2009-09-23,83.83000183105469,83.95999908447266,83.80000305175781,83.94999694824219,64.78679656982422,943300
2009-09-24,83.91000366210938,83.98999786376953,83.9000015258789,83.97000122070312,64.8022232055664,859900
2009-09-25,83.95999908447266,83.97000122070312,83.87999725341797,83.94000244140625,64.77906799316406,866400
2009-09-28,83.95999908447266,83.97000122070312,83.9000015258789,83.93000030517578,64.77135467529297,716400
2009-09-29,83.87000274658203,83.94000244140625,83.83000183105469,83.91999816894531,64.76361083984375,1051300
2009-09-30,83.88999938964844,84.02999877929688,83.88999938964844,84.01000213623047,64.83304595947266,1421900
2009-10-01,83.98999786376953,84.04000091552734,83.94000244140625,83.98999786376953,64.89801788330078,1122900
2009-10-02,84.05000305175781,84.08000183105469,83.95999908447266,84.0199966430664,64.92113494873047,883500
2009-10-05,84.05999755859375,84.05999755859375,83.98999786376953,84.0199966430664,64.92113494873047,683000
2009-10-06,83.9800033569336,84.0,83.93000030517578,83.97000122070312,64.88253784179688,1163100
2009-10-07,84.0199966430664,84.0999984741211,83.98999786376953,84.08000183105469,64.96753692626953,880300
2009-10-08,84.05999755859375,84.06999969482422,83.97000122070312,84.0,64.90569305419922,817700
2009-10-09,83.9000015258789,83.91000366210938,83.81999969482422,83.87999725341797,64.81300354003906,1141400
2009-10-12,83.8499984741211,84.19999694824219,83.8499984741211,83.9800033569336,64.89026641845703,624300
2009-10-13,83.95999908447266,84.02999877929688,83.95999908447266,84.02999877929688,64.92888641357422,886200
2009-10-14,83.94000244140625,84.0,83.9000015258789,83.91999816894531,64.84393310546875,1078700
2009-10-15,83.87999725341797,83.95999908447266,83.87000274658203,83.87000274658203,64.80522155761719,719500
2009-10-16,83.8499984741211,83.93000030517578,83.83000183105469,83.91999816894531,64.84393310546875,508400
2009-10-19,83.87999725341797,83.91999816894531,83.8499984741211,83.91999816894531,64.84393310546875,670100
2009-10-20,83.97000122070312,84.0199966430664,83.91000366210938,83.95999908447266,64.87478637695312,1642100
2009-10-21,83.94000244140625,83.95999908447266,83.87000274658203,83.91999816894531,64.84393310546875,1529300
2009-10-22,83.8499984741211,83.93000030517578,83.8499984741211,83.93000030517578,64.85162353515625,572600
2009-10-23,83.81999969482422,83.83999633789062,83.79000091552734,83.79000091552734,64.74348449707031,572500
2009-10-26,83.79000091552734,83.79000091552734,83.69999694824219,83.69999694824219,64.67391967773438,1301600
2009-10-27,83.76000213623047,83.9000015258789,83.73999786376953,83.87000274658203,64.80522155761719,1267500
2009-10-28,83.94000244140625,84.0,83.88999938964844,83.98999786376953,64.89801788330078,795500
2009-10-29,83.93000030517578,83.93000030517578,83.87000274658203,83.91999816894531,64.84393310546875,788200
2009-10-30,83.9800033569336,84.05999755859375,83.94999694824219,84.0199966430664,64.92113494873047,988900
2009-11-02,83.8499984741211,83.87000274658203,83.80000305175781,83.83999633789062,64.92891693115234,1469400
2009-11-03,83.87999725341797,83.87999725341797,83.80000305175781,83.83000183105469,64.92115020751953,779200
2009-11-04,83.80000305175781,83.86000061035156,83.76000213623047,83.81999969482422,64.9134521484375,658500
2009-11-05,83.83999633789062,83.91000366210938,83.83999633789062,83.9000015258789,64.97539520263672,667900
2009-11-06,83.95999908447266,83.95999908447266,83.91000366210938,83.95999908447266,65.0218505859375,798000
2009-11-09,83.91000366210938,83.95999908447266,83.91000366210938,83.95999908447266,65.0218505859375,590800
2009-11-10,83.9800033569336,84.0,83.94000244140625,83.94000244140625,65.00635528564453,546700
2009-11-11,84.0,84.04000091552734,83.94000244140625,84.02999877929688,65.07606506347656,399000
2009-11-12,83.97000122070312,84.02999877929688,83.95999908447266,84.0199966430664,65.06830596923828,909000
2009-11-13,83.98999786376953,84.04000091552734,83.97000122070312,84.04000091552734,65.08380126953125,584700
2009-11-16,83.97000122070312,84.0999984741211,83.97000122070312,84.08999633789062,65.1225814819336,845200
2009-11-17,84.05999755859375,84.12000274658203,84.02999877929688,84.11000061035156,65.13800048828125,1033000
2009-11-18,84.11000061035156,84.13999938964844,84.08000183105469,84.11000061035156,65.13800048828125,876600
2009-11-19,84.13999938964844,84.22000122070312,84.13999938964844,84.13999938964844,65.16124725341797,936100
2009-11-20,84.16999816894531,84.22000122070312,84.13999938964844,84.16000366210938,65.17672729492188,566500
2009-11-23,84.0999984741211,84.1500015258789,84.08999633789062,84.1500015258789,65.16900634765625,745600
2009-11-24,84.16000366210938,84.2300033569336,84.1500015258789,84.22000122070312,65.22322845458984,680300
2009-11-25,84.20999908447266,84.26000213623047,84.18000030517578,84.26000213623047,65.25415802001953,879100
2009-11-27,84.33000183105469,84.33999633789062,84.26000213623047,84.31999969482422,65.30062866210938,346400
2009-11-30,84.31999969482422,84.37999725341797,84.27999877929688,84.33000183105469,65.30842590332031,683500
2009-12-01,83.88999938964844,83.88999938964844,83.7300033569336,83.7699966430664,65.32473754882812,1355900
2009-12-02,83.75,83.7699966430664,83.66999816894531,83.69999694824219,65.27019500732422,863700
2009-12-03,83.62999725341797,83.69000244140625,83.5999984741211,83.6500015258789,65.23116302490234,1045800
2009-12-04,83.5,83.5,83.41999816894531,83.44000244140625,65.06742858886719,730400
2009-12-07,83.55000305175781,83.62000274658203,83.48999786376953,83.62000274658203,65.20783233642578,753600
2009-12-08,83.68000030517578,83.70999908447266,83.62999725341797,83.69999694824219,65.27019500732422,657300
2009-12-09,83.68000030517578,83.69999694824219,83.62999725341797,83.63999938964844,65.22340393066406,642400
2009-12-10,83.5999984741211,83.6500015258789,83.55000305175781,83.61000061035156,65.19998168945312,535700
2009-12-11,83.55000305175781,83.56999969482422,83.48999786376953,83.5199966430664,65.12984466552734,486800
2009-12-14,83.55999755859375,83.55999755859375,83.43000030517578,83.43000030517578,65.0596923828125,525800
2009-12-15,83.44000244140625,83.44000244140625,83.36000061035156,83.41000366210938,65.04401397705078,566900
2009-12-16,83.45999908447266,83.52999877929688,83.43000030517578,83.47000122070312,65.09080505371094,686200
2009-12-17,83.5999984741211,83.62999725341797,83.52999877929688,83.62999725341797,65.21556854248047,698000
2009-12-18,83.58000183105469,83.5999984741211,83.5199966430664,83.56999969482422,65.16883087158203,540600
2009-12-21,83.5,83.51000213623047,83.4000015258789,83.44000244140625,65.06742858886719,958500
2009-12-22,83.4000015258789,83.41999816894531,83.31999969482422,83.33999633789062,64.98944854736328,846800
2009-12-23,83.38999938964844,83.41999816894531,83.31999969482422,83.33999633789062,64.98944854736328,767400
2009-12-24,83.2699966430664,83.30000305175781,83.23999786376953,83.23999786376953,64.91145324707031,325400
2009-12-28,83.19999694824219,83.22000122070312,83.12000274658203,83.12000274658203,64.81791687011719,1728200
2009-12-29,83.05000305175781,83.08999633789062,83.0199966430664,83.08999633789062,64.86082458496094,857500
2009-12-30,83.08000183105469,83.08999633789062,83.04000091552734,83.05999755859375,64.83736419677734,785600
2009-12-31,82.9800033569336,83.01000213623047,82.87999725341797,82.95999908447266,64.75936126708984,633000
2010-01-04,83.02999877929688,83.08999633789062,83.0,83.06999969482422,64.84524536132812,1220600
2010-01-05,83.1500015258789,83.20999908447266,83.1500015258789,83.16999816894531,64.92324829101562,598200
2010-01-06,83.19000244140625,83.2300033569336,83.12000274658203,83.18000030517578,64.9310531616211,1534900
2010-01-07,83.18000030517578,83.19999694824219,83.1500015258789,83.16000366210938,64.91545104980469,772000
2010-01-08,83.26000213623047,83.27999877929688,83.19999694824219,83.23999786376953,64.97795104980469,713200
2010-01-11,83.2699966430664,83.30999755859375,83.2699966430664,83.27999877929688,65.00914001464844,756600
2010-01-12,83.33999633789062,83.37000274658203,83.33000183105469,83.3499984741211,65.06371307373047,582900
2010-01-13,83.30999755859375,83.36000061035156,83.27999877929688,83.27999877929688,65.00914001464844,590500
2010-01-14,83.33000183105469,83.4000015258789,83.33000183105469,83.36000061035156,65.07159423828125,549900
2010-01-15,83.41000366210938,83.45999908447266,83.41000366210938,83.43000030517578,65.1262435913086,648300
2010-01-19,83.41000366210938,83.44999694824219,83.38999938964844,83.44999694824219,65.1418228149414,1154000
2010-01-20,83.45999908447266,83.5,83.44000244140625,83.44999694824219,65.1418228149414,1085600
2010-01-21,83.41999816894531,83.52999877929688,83.4000015258789,83.5199966430664,65.19644165039062,1281000
2010-01-22,83.5199966430664,83.58999633789062,83.5,83.58999633789062,65.25110626220703,725600
2010-01-25,83.55000305175781,83.55999755859375,83.51000213623047,83.5199966430664,65.19644165039062,624600
2010-01-26,83.56999969482422,83.58999633789062,83.51000213623047,83.52999877929688,65.20426940917969,758500
2010-01-27,83.5999984741211,83.62000274658203,83.45999908447266,83.5,65.18092346191406,875700
2010-01-28,83.48999786376953,83.54000091552734,83.45999908447266,83.54000091552734,65.21212005615234,982100
2010-01-29,83.48999786376953,83.62000274658203,83.45999908447266,83.62000274658203,65.27457427978516,900600
2010-02-01,83.5199966430664,83.5199966430664,83.43000030517578,83.5,65.24642181396484,1001000
2010-02-02,83.4800033569336,83.5199966430664,83.4800033569336,83.51000213623047,65.25418853759766,724800
2010-02-03,83.45999908447266,83.4800033569336,83.43000030517578,83.44999694824219,65.20734405517578,1283800
2010-02-04,83.54000091552734,83.58999633789062,83.5199966430664,83.56999969482422,65.30110931396484,624300
2010-02-05,83.62999725341797,83.7300033569336,83.61000061035156,83.69999694824219,65.40269470214844,1362400
2010-02-08,83.62000274658203,83.66000366210938,83.5999984741211,83.63999938964844,65.35578155517578,857100
2010-02-09,83.61000061035156,83.62999725341797,83.5199966430664,83.55999755859375,65.29328918457031,1415000
2010-02-10,83.58000183105469,83.58000183105469,83.44999694824219,83.47000122070312,65.22297668457031,670100
2010-02-11,83.45999908447266,83.5,83.43000030517578,83.5,65.24642181396484,1266000
2010-02-12,83.55000305175781,83.58000183105469,83.54000091552734,83.56999969482422,65.30110931396484,505700
2010-02-16,83.55999755859375,83.62000274658203,83.52999877929688,83.58000183105469,65.30894470214844,733000
2010-02-17,83.52999877929688,83.56999969482422,83.4800033569336,83.51000213623047,65.25418853759766,672300
2010-02-18,83.52999877929688,83.52999877929688,83.44999694824219,83.45999908447266,65.21510314941406,888900
2010-02-19,83.41999816894531,83.44000244140625,83.3499984741211,83.43000030517578,65.19173431396484,1352700
2010-02-22,83.45999908447266,83.47000122070312,83.41999816894531,83.45999908447266,65.21510314941406,681700
2010-02-23,83.5199966430664,83.55999755859375,83.48999786376953,83.52999877929688,65.26982879638672,832000
2010-02-24,83.5199966430664,83.58999633789062,83.51000213623047,83.56999969482422,65.30110931396484,1194200
2010-02-25,83.63999938964844,83.66000366210938,83.61000061035156,83.63999938964844,65.35578155517578,733600
2010-02-26,83.63999938964844,83.69000244140625,83.62000274658203,83.66999816894531,65.37926483154297,936700
2010-03-01,83.55000305175781,83.61000061035156,83.55000305175781,83.58000183105469,65.3675308227539,863200
2010-03-02,83.56999969482422,83.61000061035156,83.55999755859375,83.58000183105469,65.3675308227539,1148800
2010-03-03,83.55999755859375,83.61000061035156,83.52999877929688,83.56999969482422,65.35970306396484,1204600
2010-03-04,83.52999877929688,83.58000183105469,83.5,83.54000091552734,65.33627319335938,820800
2010-03-05,83.45999908447266,83.4800033569336,83.4000015258789,83.47000122070312,65.28145599365234,1145300
2010-03-08,83.44000244140625,83.44999694824219,83.41999816894531,83.43000030517578,65.25020599365234,943100
2010-03-09,83.4800033569336,83.5,83.44999694824219,83.48999786376953,65.29710388183594,641400
2010-03-10,83.44000244140625,83.48999786376953,83.44000244140625,83.47000122070312,65.28145599365234,1220100
2010-03-11,83.38999938964844,83.43000030517578,83.37000274658203,83.37000274658203,65.2032699584961,1763300
2010-03-12,83.36000061035156,83.41000366210938,83.33999633789062,83.37999725341797,65.21111297607422,1100500
2010-03-15,83.38999938964844,83.41000366210938,83.37000274658203,83.41000366210938,65.23460388183594,423400
2010-03-16,83.41999816894531,83.4800033569336,83.37000274658203,83.43000030517578,65.25020599365234,773100
2010-03-17,83.44999694824219,83.45999908447266,83.41999816894531,83.44999694824219,65.26583862304688,961200
2010-03-18,83.43000030517578,83.43000030517578,83.37000274658203,83.4000015258789,65.22669982910156,605400
2010-03-19,83.33999633789062,83.4000015258789,83.33000183105469,83.33999633789062,65.17982482910156,597100
2010-03-22,83.37000274658203,83.4000015258789,83.3499984741211,83.37000274658203,65.2032699584961,461900
2010-03-23,83.37999725341797,83.4000015258789,83.33000183105469,83.33999633789062,65.17982482910156,465300
2010-03-24,83.27999877929688,83.31999969482422,83.19999694824219,83.20999908447266,65.07818603515625,651700
2010-03-25,83.23999786376953,83.25,83.16000366210938,83.23999786376953,65.10164642333984,759700
2010-03-26,83.23999786376953,83.30000305175781,83.22000122070312,83.29000091552734,65.14067840576172,595000
2010-03-29,83.30000305175781,83.33000183105469,83.2699966430664,83.33000183105469,65.17202758789062,1219600
2010-03-30,83.31999969482422,83.33000183105469,83.29000091552734,83.30999755859375,65.15634155273438,703300
2010-03-31,83.33999633789062,83.41999816894531,83.31999969482422,83.37000274658203,65.2032699584961,2179100
2010-04-01,83.30000305175781,83.30999755859375,83.25,83.26000213623047,65.17980194091797,609000
2010-04-05,83.12000274658203,83.13999938964844,83.0199966430664,83.02999877929688,64.99974822998047,3762900
2010-04-06,83.08999633789062,83.0999984741211,83.05000305175781,83.08999633789062,65.04669189453125,1014200
2010-04-07,83.13999938964844,83.22000122070312,83.13999938964844,83.22000122070312,65.14846801757812,1811100
2010-04-08,83.2699966430664,83.27999877929688,83.19999694824219,83.19999694824219,65.13279724121094,709900
2010-04-09,83.18000030517578,83.2300033569336,83.16000366210938,83.22000122070312,65.14846801757812,481800
2010-04-12,83.2300033569336,83.27999877929688,83.22000122070312,83.26000213623047,65.17980194091797,1050800
2010-04-13,83.30000305175781,83.30000305175781,83.22000122070312,83.23999786376953,65.1641845703125,736700
2010-04-14,83.26000213623047,83.29000091552734,83.23999786376953,83.23999786376953,65.1641845703125,970900
2010-04-15,83.25,83.31999969482422,83.23999786376953,83.30000305175781,65.21112060546875,1206300
2010-04-16,83.3499984741211,83.44999694824219,83.33000183105469,83.43000030517578,65.3128662109375,801800
2010-04-19,83.43000030517578,83.43000030517578,83.3499984741211,83.3499984741211,65.25025939941406,661300
2010-04-20,83.3499984741211,83.36000061035156,83.30999755859375,83.36000061035156,65.2580795288086,895200
2010-04-21,83.33999633789062,83.37000274658203,83.30000305175781,83.37000274658203,65.26591491699219,648500
2010-04-22,83.38999938964844,83.43000030517578,83.30999755859375,83.30999755859375,65.21893310546875,169300
2010-04-23,83.27999877929688,83.30000305175781,83.23999786376953,83.27999877929688,65.19540405273438,658300
2010-04-26,83.29000091552734,83.31999969482422,83.26000213623047,83.27999877929688,65.19540405273438,545600
2010-04-27,83.36000061035156,83.4800033569336,83.33000183105469,83.44000244140625,65.3207015991211,1530800
2010-04-28,83.38999938964844,83.43000030517578,83.3499984741211,83.41999816894531,65.30506896972656,1269900
2010-04-29,83.43000030517578,83.44000244140625,83.38999938964844,83.44000244140625,65.3207015991211,421600
2010-04-30,83.45999908447266,83.54000091552734,83.44999694824219,83.54000091552734,65.39900207519531,517300
2010-05-03,83.37000274658203,83.41000366210938,83.3499984741211,83.37999725341797,65.33476257324219,494900
2010-05-04,83.44999694824219,83.4800033569336,83.41999816894531,83.43000030517578,65.3739013671875,1219600
2010-05-05,83.55999755859375,83.69000244140625,83.5199966430664,83.54000091552734,65.46012878417969,1777200
2010-05-06,83.5999984741211,83.83000183105469,83.55000305175781,83.72000122070312,65.60118865966797,1864500
2010-05-07,83.72000122070312,83.80999755859375,83.5999984741211,83.69000244140625,65.57768249511719,3637100
2010-05-10,83.5,83.63999938964844,83.48999786376953,83.58000183105469,65.4914321899414,1349100
2010-05-11,83.63999938964844,83.66000366210938,83.58000183105469,83.62999725341797,65.53059387207031,709400
2010-05-12,83.62000274658203,83.62999725341797,83.56999969482422,83.61000061035156,65.51493072509766,734200
2010-05-13,83.5999984741211,83.66000366210938,83.58000183105469,83.66000366210938,65.55412292480469,992800
2010-05-14,83.69999694824219,83.80000305175781,83.69000244140625,83.7699966430664,65.64033508300781,1110500
2010-05-17,83.76000213623047,83.80999755859375,83.70999908447266,83.73999786376953,65.61685180664062,1433400
2010-05-18,83.72000122070312,83.83999633789062,83.69999694824219,83.83000183105469,65.68734741210938,764200
2010-05-19,83.80000305175781,83.86000061035156,83.77999877929688,83.79000091552734,65.65603637695312,3042700
2010-05-20,83.87000274658203,83.94999694824219,83.83000183105469,83.88999938964844,65.73438262939453,4210900
2010-05-21,83.94000244140625,83.95999908447266,83.81999969482422,83.83000183105469,65.68734741210938,2753800
2010-05-24,83.8499984741211,83.87000274658203,83.80000305175781,83.81999969482422,65.67950439453125,1095600
2010-05-25,83.87000274658203,83.9000015258789,83.77999877929688,83.80999755859375,65.67168426513672,1777400
2010-05-26,83.7699966430664,83.7699966430664,83.63999938964844,83.73999786376953,65.61685180664062,1238600
2010-05-27,83.6500015258789,83.69000244140625,83.63999938964844,83.68000030517578,65.56977081298828,1114900
2010-05-28,83.76000213623047,83.8499984741211,83.70999908447266,83.83999633789062,65.6951675415039,751200
2010-06-01,83.76000213623047,83.83000183105469,83.73999786376953,83.7699966430664,65.69596862792969,1439300
2010-06-02,83.76000213623047,83.77999877929688,83.69999694824219,83.70999908447266,65.64888763427734,2091500
2010-06-03,83.66000366210938,83.73999786376953,83.6500015258789,83.69000244140625,65.63325500488281,1095300
2010-06-04,83.83000183105469,83.88999938964844,83.81999969482422,83.87999725341797,65.7822494506836,1429300
2010-06-07,83.80000305175781,83.87999725341797,83.79000091552734,83.8499984741211,65.75871276855469,1553900
2010-06-08,83.83000183105469,83.87999725341797,83.80999755859375,83.83999633789062,65.75084686279297,1050800
2010-06-09,83.80999755859375,83.87000274658203,83.80000305175781,83.8499984741211,65.75871276855469,569400
2010-06-10,83.83000183105469,83.83000183105469,83.73999786376953,83.73999786376953,65.6724853515625,656900
2010-06-11,83.80999755859375,83.87000274658203,83.7699966430664,83.83000183105469,65.7430419921875,705200
2010-06-14,83.7699966430664,83.86000061035156,83.7699966430664,83.8499984741211,65.75871276855469,694000
2010-06-15,83.86000061035156,83.87000274658203,83.79000091552734,83.80999755859375,65.72734832763672,1212700
2010-06-16,83.87000274658203,83.87000274658203,83.80999755859375,83.83000183105469,65.7430419921875,1467000
2010-06-17,83.86000061035156,83.94999694824219,83.86000061035156,83.87999725341797,65.7822494506836,1394200
2010-06-18,83.88999938964844,83.91000366210938,83.87000274658203,83.88999938964844,65.79010772705078,592000
2010-06-21,83.83000183105469,83.9000015258789,83.80999755859375,83.9000015258789,65.79792022705078,1900900
2010-06-22,83.87000274658203,83.94000244140625,83.86000061035156,83.94000244140625,65.82931518554688,2290200
2010-06-23,83.94999694824219,84.01000213623047,83.94999694824219,84.0,65.8763198852539,2075700
2010-06-24,84.0199966430664,84.05000305175781,83.9800033569336,84.0199966430664,65.8920669555664,819200
2010-06-25,84.01000213623047,84.06999969482422,83.9800033569336,84.05000305175781,65.91553497314453,959000
2010-06-28,84.08000183105469,84.0999984741211,84.05000305175781,84.0999984741211,65.95479583740234,662000
2010-06-29,84.08999633789062,84.13999938964844,84.08999633789062,84.13999938964844,65.98612976074219,1043400
2010-06-30,84.0999984741211,84.12999725341797,84.04000091552734,84.12000274658203,65.97046661376953,1304200
2010-07-01,84.0199966430664,84.08000183105469,84.0,84.0199966430664,65.94927215576172,1760800
2010-07-02,84.0,84.02999877929688,83.95999908447266,84.0199966430664,65.94927215576172,565500
2010-07-06,84.0,84.05000305175781,83.95999908447266,84.0199966430664,65.94927215576172,1365300
2010-07-07,84.04000091552734,84.05999755859375,83.9800033569336,84.01000213623047,65.94144439697266,1024600
2010-07-08,84.0,84.04000091552734,83.97000122070312,84.0199966430664,65.94927215576172,1074300
2010-07-09,84.0,84.0199966430664,83.97000122070312,83.98999786376953,65.9256820678711,614300
2010-07-12,84.01000213623047,84.0199966430664,83.9800033569336,84.0,65.93354797363281,1013900
2010-07-13,83.95999908447266,83.9800033569336,83.91999816894531,83.94000244140625,65.88650512695312,1374000
2010-07-14,83.98999786376953,84.05999755859375,83.9800033569336,84.02999877929688,65.95710754394531,1081800
2010-07-15,84.04000091552734,84.11000061035156,84.04000091552734,84.05000305175781,65.9727783203125,540700
2010-07-16,84.06999969482422,84.13999938964844,84.05000305175781,84.12999725341797,66.03555297851562,812400
2010-07-19,84.11000061035156,84.12999725341797,84.08999633789062,84.0999984741211,66.01203918457031,529600
2010-07-20,84.13999938964844,84.13999938964844,84.0999984741211,84.12999725341797,66.03555297851562,1246900
2010-07-21,84.12000274658203,84.19000244140625,84.11000061035156,84.16999816894531,66.06697082519531,676700
2010-07-22,84.1500015258789,84.16000366210938,84.11000061035156,84.13999938964844,66.0434341430664,591800
2010-07-23,84.13999938964844,84.18000030517578,84.0999984741211,84.0999984741211,66.01203918457031,1075600
2010-07-26,84.0999984741211,84.0999984741211,84.05000305175781,84.06999969482422,65.9885025024414,2052000
2010-07-27,84.05000305175781,84.05000305175781,84.0,84.0199966430664,65.94927215576172,1320300
2010-07-28,84.08000183105469,84.13999938964844,84.04000091552734,84.0999984741211,66.01203918457031,1274700
2010-07-29,84.1500015258789,84.18000030517578,84.12000274658203,84.16999816894531,66.06697082519531,2207900
2010-07-30,84.23999786376953,84.23999786376953,84.19000244140625,84.20999908447266,66.09838104248047,1064400
2010-08-02,84.12999725341797,84.1500015258789,84.11000061035156,84.12000274658203,66.0835189819336,1174200
2010-08-03,84.18000030517578,84.20999908447266,84.16999816894531,84.18000030517578,66.13063049316406,1444300
2010-08-04,84.16999816894531,84.16999816894531,84.11000061035156,84.11000061035156,66.07559967041016,1962200
2010-08-05,84.1500015258789,84.20999908447266,84.13999938964844,84.20999908447266,66.1541519165039,1559300
2010-08-06,84.2300033569336,84.26000213623047,84.20999908447266,84.2300033569336,66.16987609863281,941200
2010-08-09,84.22000122070312,84.2300033569336,84.18000030517578,84.18000030517578,66.13063049316406,1120200
2010-08-10,84.1500015258789,84.2300033569336,84.13999938964844,84.22000122070312,66.16201782226562,1465900
2010-08-11,84.26000213623047,84.27999877929688,84.2300033569336,84.23999786376953,66.17771911621094,748700
2010-08-12,84.25,84.25,84.19000244140625,84.22000122070312,66.16201782226562,1556800
2010-08-13,84.20999908447266,84.2300033569336,84.19999694824219,84.20999908447266,66.1541519165039,427900
2010-08-16,84.26000213623047,84.29000091552734,84.25,84.29000091552734,66.21699523925781,652100
2010-08-17,84.26000213623047,84.2699966430664,84.22000122070312,84.2699966430664,66.20132446289062,794000
2010-08-18,84.30000305175781,84.30000305175781,84.25,84.29000091552734,66.21699523925781,838100
2010-08-19,84.2699966430664,84.31999969482422,84.26000213623047,84.30999755859375,66.23270416259766,756200
2010-08-20,84.30999755859375,84.30999755859375,84.26000213623047,84.27999877929688,66.20919799804688,703700
2010-08-23,84.26000213623047,84.30000305175781,84.26000213623047,84.29000091552734,66.21699523925781,527800
2010-08-24,84.33000183105469,84.37000274658203,84.30000305175781,84.3499984741211,66.26419067382812,1533700
2010-08-25,84.33000183105469,84.36000061035156,84.25,84.2699966430664,66.20132446289062,1168600
2010-08-26,84.2699966430664,84.30000305175781,84.26000213623047,84.2699966430664,66.20132446289062,724400
2010-08-27,84.23999786376953,84.29000091552734,84.18000030517578,84.20999908447266,66.1541519165039,904100
2010-08-30,84.29000091552734,84.31999969482422,84.26000213623047,84.30999755859375,66.23270416259766,726800
2010-08-31,84.31999969482422,84.3499984741211,84.30000305175781,84.33999633789062,66.25628662109375,938600
2010-09-01,84.2300033569336,84.26000213623047,84.18000030517578,84.22000122070312,66.21697235107422,2009100
2010-09-02,84.20999908447266,84.23999786376953,84.19000244140625,84.19999694824219,66.20126342773438,1251400
2010-09-03,84.13999938964844,84.19000244140625,84.13999938964844,84.16000366210938,66.1698226928711,892600
2010-09-07,84.19000244140625,84.25,84.19000244140625,84.25,66.24055480957031,1104000
2010-09-08,84.20999908447266,84.20999908447266,84.16000366210938,84.19000244140625,66.193359375,1677100
2010-09-09,84.18000030517578,84.18000030517578,84.08000183105469,84.0999984741211,66.1225814819336,1291500
2010-09-10,84.08000183105469,84.11000061035156,84.06999969482422,84.08999633789062,66.11477661132812,1096200
2010-09-13,84.12000274658203,84.18000030517578,84.0999984741211,84.16000366210938,66.1698226928711,522000
2010-09-14,84.19000244140625,84.2300033569336,84.16999816894531,84.22000122070312,66.21697235107422,968100
2010-09-15,84.25,84.2699966430664,84.22000122070312,84.23999786376953,66.23267364501953,664400
2010-09-16,84.26000213623047,84.2699966430664,84.22000122070312,84.26000213623047,66.24842834472656,730900
2010-09-17,84.26000213623047,84.27999877929688,84.25,84.27999877929688,66.26419830322266,548800
2010-09-20,84.25,84.29000091552734,84.23999786376953,84.29000091552734,66.27200317382812,1132900
2010-09-21,84.29000091552734,84.37000274658203,84.23999786376953,84.3499984741211,66.31922149658203,1430900
2010-09-22,84.36000061035156,84.37999725341797,84.33000183105469,84.33999633789062,66.31128692626953,1158200
2010-09-23,84.37999725341797,84.38999938964844,84.33999633789062,84.3499984741211,66.31922149658203,779000
2010-09-24,84.33000183105469,84.3499984741211,84.31999969482422,84.33999633789062,66.31128692626953,1214500
2010-09-27,84.36000061035156,84.37000274658203,84.33000183105469,84.36000061035156,66.32701873779297,2443500
2010-09-28,84.36000061035156,84.4000015258789,84.3499984741211,84.37999725341797,66.34280395507812,764700
2010-09-29,84.37999725341797,84.38999938964844,84.36000061035156,84.36000061035156,66.32701873779297,798400
2010-09-30,84.37999725341797,84.38999938964844,84.31999969482422,84.37000274658203,66.33492279052734,1451800
2010-10-01,84.30000305175781,84.33999633789062,84.30000305175781,84.31999969482422,66.34675598144531,2388000
2010-10-04,84.3499984741211,84.37000274658203,84.33000183105469,84.33000183105469,66.35454559326172,1035100
2010-10-05,84.36000061035156,84.37000274658203,84.33999633789062,84.37000274658203,66.38601684570312,945100
2010-10-06,84.41000366210938,84.41999816894531,84.37999725341797,84.37999725341797,66.39393615722656,1772600
2010-10-07,84.43000030517578,84.44999694824219,84.41999816894531,84.44999694824219,66.44904327392578,1430200
2010-10-08,84.47000122070312,84.48999786376953,84.44999694824219,84.44999694824219,66.44904327392578,1604700
2010-10-11,84.47000122070312,84.5,84.41999816894531,84.45999908447266,66.45687103271484,1051900
2010-10-12,84.4800033569336,84.4800033569336,84.4000015258789,84.4000015258789,66.40969848632812,950600
2010-10-13,84.44000244140625,84.44000244140625,84.37999725341797,84.41000366210938,66.41755676269531,645700
2010-10-14,84.41999816894531,84.41999816894531,84.37000274658203,84.37000274658203,66.38601684570312,1130100
2010-10-15,84.44000244140625,84.44999694824219,84.38999938964844,84.4000015258789,66.40969848632812,883700
2010-10-18,84.41999816894531,84.44999694824219,84.41999816894531,84.41999816894531,66.42540740966797,765500
2010-10-19,84.43000030517578,84.47000122070312,84.43000030517578,84.45999908447266,66.45687103271484,740900
2010-10-20,84.47000122070312,84.48999786376953,84.44000244140625,84.47000122070312,66.4647445678711,1247500
2010-10-21,84.47000122070312,84.48999786376953,84.44999694824219,84.4800033569336,66.47261810302734,1035700
2010-10-22,84.47000122070312,84.4800033569336,84.45999908447266,84.45999908447266,66.45687103271484,522000
2010-10-25,84.47000122070312,84.51000213623047,84.47000122070312,84.4800033569336,66.47261810302734,1594800
2010-10-26,84.41999816894531,84.43000030517578,84.38999938964844,84.4000015258789,66.40969848632812,1325400
2010-10-27,84.4000015258789,84.41000366210938,84.36000061035156,84.36000061035156,66.3781967163086,751900
2010-10-28,84.44000244140625,84.47000122070312,84.41999816894531,84.47000122070312,66.4647445678711,782300
2010-10-29,84.4800033569336,84.51000213623047,84.45999908447266,84.48999786376953,66.48049926757812,875500
2010-11-01,84.44000244140625,84.45999908447266,84.43000030517578,84.45999908447266,66.5096206665039,709700
2010-11-02,84.43000030517578,84.44999694824219,84.41000366210938,84.41000366210938,66.47021484375,610100
2010-11-03,84.44000244140625,84.44999694824219,84.33000183105469,84.44000244140625,66.49384307861328,643400
2010-11-04,84.45999908447266,84.4800033569336,84.45999908447266,84.45999908447266,66.5096206665039,874600
2010-11-05,84.43000030517578,84.44999694824219,84.37999725341797,84.38999938964844,66.45451354980469,1782600
2010-11-08,84.37000274658203,84.37999725341797,84.33000183105469,84.3499984741211,66.42298889160156,1086100
2010-11-09,84.37000274658203,84.37000274658203,84.23999786376953,84.23999786376953,66.33639526367188,1709900
2010-11-10,84.25,84.29000091552734,84.16999816894531,84.29000091552734,66.37572479248047,1019100
2010-11-11,84.2699966430664,84.27999877929688,84.12999725341797,84.16000366210938,66.2733383178711,553500
2010-11-12,84.20999908447266,84.25,84.16000366210938,84.16000366210938,66.2733383178711,1465400
2010-11-15,84.11000061035156,84.18000030517578,84.08999633789062,84.11000061035156,66.2340316772461,1869600
2010-11-16,84.1500015258789,84.18000030517578,84.11000061035156,84.1500015258789,66.26548767089844,1070400
2010-11-17,84.19999694824219,84.22000122070312,84.16999816894531,84.19999694824219,66.30487823486328,1860000
2010-11-18,84.16000366210938,84.20999908447266,84.12999725341797,84.20999908447266,66.31277465820312,799100
2010-11-19,84.16999816894531,84.19000244140625,84.16000366210938,84.16000366210938,66.2733383178711,1324400
2010-11-22,84.16000366210938,84.25,84.16000366210938,84.23999786376953,66.33639526367188,741000
2010-11-23,84.30999755859375,84.31999969482422,84.27999877929688,84.29000091552734,66.37572479248047,722600
2010-11-24,84.2300033569336,84.23999786376953,84.12999725341797,84.13999938964844,66.25762176513672,1604700
2010-11-26,84.1500015258789,84.19999694824219,84.1500015258789,84.19999694824219,66.30487823486328,221300
2010-11-29,84.20999908447266,84.20999908447266,84.16000366210938,84.19000244140625,66.2969970703125,664000
2010-11-30,84.25,84.2699966430664,84.2300033569336,84.25,66.34424591064453,884500
2010-12-01,84.11000061035156,84.12000274658203,84.05000305175781,84.05999755859375,66.2449722290039,1000000
2010-12-02,84.05999755859375,84.0999984741211,84.02999877929688,84.05999755859375,66.2449722290039,896500
2010-12-03,84.16000366210938,84.19000244140625,84.12000274658203,84.16999816894531,66.33163452148438,1364900
2010-12-06,84.22000122070312,84.25,84.19999694824219,84.22000122070312,66.37106323242188,1686500
2010-12-07,84.19999694824219,84.19999694824219,84.04000091552734,84.06999969482422,66.25286102294922,1018800
2010-12-08,83.9800033569336,83.98999786376953,83.9000015258789,83.94000244140625,66.15042877197266,1235900
2010-12-09,83.95999908447266,83.9800033569336,83.9000015258789,83.93000030517578,66.14251708984375,1132700
2010-12-10,83.94999694824219,83.95999908447266,83.88999938964844,83.9000015258789,66.11884307861328,912300
2010-12-13,83.91000366210938,83.98999786376953,83.87999725341797,83.94999694824219,66.15823364257812,944200
2010-12-14,83.95999908447266,83.97000122070312,83.8499984741211,83.91000366210938,66.1267318725586,873100
2010-12-15,83.88999938964844,83.94999694824219,83.83000183105469,83.87999725341797,66.1031265258789,720700
2010-12-16,83.86000061035156,83.93000030517578,83.81999969482422,83.9000015258789,66.11884307861328,1131600
2010-12-17,83.9000015258789,83.98999786376953,83.9000015258789,83.97000122070312,66.17400360107422,1075900
2010-12-20,83.98999786376953,84.04000091552734,83.97000122070312,83.98999786376953,66.18977355957031,621100
2010-12-21,83.98999786376953,83.98999786376953,83.93000030517578,83.97000122070312,66.17400360107422,879700
2010-12-22,83.97000122070312,83.9800033569336,83.9000015258789,83.94999694824219,66.15823364257812,526900
2010-12-23,83.87999725341797,83.9000015258789,83.83999633789062,83.83999633789062,66.07160186767578,581000
2010-12-27,83.81999969482422,83.88999938964844,83.7699966430664,83.88999938964844,66.11099243164062,730000
2010-12-28,83.79000091552734,83.83000183105469,83.70999908447266,83.70999908447266,66.02264404296875,823400
2010-12-29,83.75,83.94000244140625,83.73999786376953,83.91000366210938,66.18038940429688,1204800
2010-12-30,83.88999938964844,83.9000015258789,83.83000183105469,83.87999725341797,66.15670776367188,1119100
2010-12-31,83.9000015258789,83.98999786376953,83.88999938964844,83.9800033569336,66.23560333251953,664600
2011-01-03,83.94000244140625,83.97000122070312,83.9000015258789,83.95999908447266,66.21984100341797,676200
2011-01-04,83.95999908447266,84.01000213623047,83.91999816894531,83.94000244140625,66.20407104492188,2022500
2011-01-05,83.81999969482422,83.8499984741211,83.7699966430664,83.79000091552734,66.08573150634766,1276200
2011-01-06,83.83000183105469,83.9000015258789,83.80999755859375,83.87999725341797,66.15670776367188,1686600
2011-01-07,83.94000244140625,84.0199966430664,83.93000030517578,84.0,66.25137329101562,792200
2011-01-10,84.0,84.05000305175781,84.0,84.04000091552734,66.28291320800781,1202900
2011-01-11,84.05000305175781,84.05000305175781,83.9800033569336,83.98999786376953,66.24349975585938,1060400
2011-01-12,83.94999694824219,84.0,83.93000030517578,83.98999786376953,66.24349975585938,703200
2011-01-13,83.98999786376953,84.02999877929688,83.95999908447266,84.0199966430664,66.26714324951172,685900
2011-01-14,84.04000091552734,84.06999969482422,84.01000213623047,84.0199966430664,66.26714324951172,841900
2011-01-18,84.0,84.04000091552734,83.9800033569336,84.0,66.25137329101562,692200
2011-01-19,84.0199966430664,84.05000305175781,84.01000213623047,84.04000091552734,66.28291320800781,1450300
2011-01-20,84.0199966430664,84.0199966430664,83.94000244140625,83.94999694824219,66.2119140625,781700
2011-01-21,83.94000244140625,83.9800033569336,83.94000244140625,83.97000122070312,66.22767639160156,463600
2011-01-24,83.94000244140625,83.9800033569336,83.94000244140625,83.95999908447266,66.21984100341797,631800
2011-01-25,83.95999908447266,84.04000091552734,83.94000244140625,84.0199966430664,66.26714324951172,1627100
2011-01-26,83.9800033569336,84.01000213623047,83.94999694824219,84.0,66.25137329101562,1130100
2011-01-27,84.04000091552734,84.06999969482422,84.01000213623047,84.05999755859375,66.29874420166016,917600
2011-01-28,84.05000305175781,84.13999938964844,84.04000091552734,84.0999984741211,66.33014678955078,678500
2011-01-31,84.12000274658203,84.12999725341797,84.06999969482422,84.08999633789062,66.32234954833984,1139000
2011-02-01,83.9800033569336,83.9800033569336,83.93000030517578,83.93000030517578,66.24971771240234,1358700
2011-02-02,83.93000030517578,83.95999908447266,83.8499984741211,83.87999725341797,66.21027374267578,1139300
2011-02-03,83.80999755859375,83.83999633789062,83.76000213623047,83.80000305175781,66.14714813232422,1843800
2011-02-04,83.75,83.77999877929688,83.69999694824219,83.7300033569336,66.09184265136719,612300
2011-02-07,83.66999816894531,83.72000122070312,83.6500015258789,83.69000244140625,66.06022644042969,532500
2011-02-08,83.68000030517578,83.69000244140625,83.55999755859375,83.58000183105469,65.97339630126953,1348600
2011-02-09,83.62000274658203,83.69000244140625,83.61000061035156,83.63999938964844,66.0208511352539,1278000
2011-02-10,83.62999725341797,83.66000366210938,83.58999633789062,83.5999984741211,65.9892807006836,607200
2011-02-11,83.6500015258789,83.69000244140625,83.5999984741211,83.5999984741211,65.9892807006836,786700
2011-02-14,83.58999633789062,83.62000274658203,83.58999633789062,83.5999984741211,65.9892807006836,1257700
2011-02-15,83.55999755859375,83.63999938964844,83.55999755859375,83.63999938964844,66.0208511352539,981700
2011-02-16,83.61000061035156,83.68000030517578,83.58999633789062,83.62999725341797,66.01293182373047,963300
2011-02-17,83.69000244140625,83.73999786376953,83.69000244140625,83.7300033569336,66.09184265136719,1095900
2011-02-18,83.69000244140625,83.7699966430664,83.68000030517578,83.76000213623047,66.1155776977539,709200
2011-02-22,83.80000305175781,83.87000274658203,83.7699966430664,83.8499984741211,66.18657684326172,1885000
2011-02-23,83.86000061035156,83.88999938964844,83.81999969482422,83.83000183105469,66.17082977294922,831600
2011-02-24,83.8499984741211,83.88999938964844,83.83999633789062,83.87000274658203,66.202392578125,666700
2011-02-25,83.83999633789062,83.9000015258789,83.83999633789062,83.88999938964844,66.21817779541016,786000
2011-02-28,83.91000366210938,83.94999694824219,83.88999938964844,83.91999816894531,66.24185943603516,667600
2011-03-01,83.80999755859375,83.91999816894531,83.80999755859375,83.91000366210938,66.2821044921875,785200
2011-03-02,83.91000366210938,83.93000030517578,83.86000061035156,83.87000274658203,66.25053405761719,834800
2011-03-03,83.75,83.7699966430664,83.69999694824219,83.69999694824219,66.1162338256836,740400
2011-03-04,83.79000091552734,83.88999938964844,83.79000091552734,83.88999938964844,66.2663345336914,627700
2011-03-07,83.80999755859375,83.88999938964844,83.80999755859375,83.83000183105469,66.21895599365234,668500
2011-03-08,83.79000091552734,83.81999969482422,83.7699966430664,83.80000305175781,66.1952133178711,863500
2011-03-09,83.8499984741211,83.91000366210938,83.81999969482422,83.86000061035156,66.24260711669922,924200
2011-03-10,83.88999938964844,83.97000122070312,83.86000061035156,83.94999694824219,66.31371307373047,692000
2011-03-11,83.94999694824219,83.9800033569336,83.93000030517578,83.95999908447266,66.32162475585938,678200
2011-03-14,84.02999877929688,84.08999633789062,84.01000213623047,84.01000213623047,66.36113739013672,1522200
2011-03-15,84.12999725341797,84.13999938964844,83.97000122070312,83.97000122070312,66.32946014404297,1152200
2011-03-16,84.04000091552734,84.16000366210938,84.0199966430664,84.12000274658203,66.44803619384766,2603900
2011-03-17,84.05999755859375,84.08999633789062,84.01000213623047,84.08000183105469,66.41641998291016,1012000
2011-03-18,84.04000091552734,84.08000183105469,84.02999877929688,84.04000091552734,66.38481140136719,814000
2011-03-21,84.01000213623047,84.01000213623047,83.94000244140625,83.94999694824219,66.31371307373047,611900
2011-03-22,83.9000015258789,83.94999694824219,83.9000015258789,83.93000030517578,66.29790496826172,1402600
2011-03-23,84.0,84.0,83.93000030517578,83.94000244140625,66.30586242675781,868700
2011-03-24,83.91000366210938,83.94000244140625,83.87000274658203,83.87999725341797,66.25843048095703,1038400
2011-03-25,83.91999816894531,83.91999816894531,83.80000305175781,83.81999969482422,66.21100616455078,811100
2011-03-28,83.77999877929688,83.83000183105469,83.76000213623047,83.77999877929688,66.17945861816406,1493000
2011-03-29,83.79000091552734,83.81999969482422,83.73999786376953,83.75,66.15570831298828,863400
2011-03-30,83.77999877929688,83.80999755859375,83.7699966430664,83.80000305175781,66.1952133178711,631200
2011-03-31,83.83000183105469,83.8499984741211,83.75,83.75,66.15570831298828,935200
2011-04-01,83.61000061035156,83.75,83.5999984741211,83.75,66.20870208740234,855800
2011-04-04,83.7699966430664,83.80999755859375,83.76000213623047,83.7699966430664,66.22449493408203,1159400
2011-04-05,83.73999786376953,83.7699966430664,83.68000030517578,83.68000030517578,66.15330505371094,1581000
2011-04-06,83.68000030517578,83.70999908447266,83.66000366210938,83.68000030517578,66.15330505371094,663000
2011-04-07,83.69999694824219,83.76000213623047,83.69000244140625,83.73999786376953,66.20085144042969,501800
2011-04-08,83.69999694824219,83.7300033569336,83.69000244140625,83.70999908447266,66.17705535888672,692200
2011-04-11,83.70999908447266,83.7300033569336,83.68000030517578,83.69999694824219,66.169189453125,679500
2011-04-12,83.76000213623047,83.83999633789062,83.76000213623047,83.83999633789062,66.27985382080078,826100
2011-04-13,83.80000305175781,83.88999938964844,83.77999877929688,83.87999725341797,66.31147003173828,859000
2011-04-14,83.87000274658203,83.9000015258789,83.80000305175781,83.80000305175781,66.24822235107422,919400
2011-04-15,83.87000274658203,83.95999908447266,83.87000274658203,83.95999908447266,66.37471771240234,1139000
2011-04-18,83.98999786376953,84.02999877929688,83.97000122070312,83.9800033569336,66.39054107666016,616000
2011-04-19,84.0,84.0199966430664,83.9800033569336,84.0,66.40636444091797,628400
2011-04-20,83.97000122070312,84.0,83.94000244140625,83.98999786376953,66.39842224121094,746700
2011-04-21,83.98999786376953,84.01000213623047,83.95999908447266,83.97000122070312,66.382568359375,1119500
2011-04-25,83.97000122070312,84.01000213623047,83.94999694824219,83.9800033569336,66.39054107666016,1049600
2011-04-26,84.0199966430664,84.08000183105469,84.0,84.05999755859375,66.45379638671875,569000
2011-04-27,84.01000213623047,84.08999633789062,83.9800033569336,84.08999633789062,66.47747802734375,1169700
2011-04-28,84.11000061035156,84.12000274658203,84.08000183105469,84.08999633789062,66.47747802734375,704400
2011-04-29,84.0999984741211,84.1500015258789,84.08000183105469,84.12999725341797,66.50908660888672,803000
2011-05-02,84.06999969482422,84.0999984741211,84.05000305175781,84.05000305175781,66.49803161621094,716200
2011-05-03,84.08000183105469,84.08999633789062,84.05000305175781,84.08000183105469,66.521728515625,451000
2011-05-04,84.08000183105469,84.13999938964844,84.04000091552734,84.12000274658203,66.5534439086914,1527400
2011-05-05,84.11000061035156,84.13999938964844,84.0999984741211,84.13999938964844,66.56924438476562,899600
2011-05-06,84.08999633789062,84.19000244140625,84.06999969482422,84.1500015258789,66.5771713256836,1627000
2011-05-09,84.19000244140625,84.19999694824219,84.16999816894531,84.19000244140625,66.60881042480469,530900
2011-05-10,84.16999816894531,84.16999816894531,84.11000061035156,84.11000061035156,66.5455322265625,725400
2011-05-11,84.12999725341797,84.19999694824219,84.12000274658203,84.19000244140625,66.60881042480469,1403100
2011-05-12,84.19000244140625,84.19000244140625,84.12999725341797,84.1500015258789,66.5771713256836,745000
2011-05-13,84.16999816894531,84.20999908447266,84.16000366210938,84.19000244140625,66.60881042480469,683200
2011-05-16,84.19000244140625,84.2300033569336,84.16999816894531,84.2300033569336,66.64046478271484,1458600
2011-05-17,84.22000122070312,84.2699966430664,84.20999908447266,84.23999786376953,66.64837646484375,949700
2011-05-18,84.22000122070312,84.2300033569336,84.18000030517578,84.19999694824219,66.61669158935547,1321800
2011-05-19,84.11000061035156,84.2300033569336,84.11000061035156,84.20999908447266,66.6246337890625,756000
2011-05-20,84.2300033569336,84.26000213623047,84.22000122070312,84.23999786376953,66.64837646484375,1059900
2011-05-23,84.2699966430664,84.27999877929688,84.23999786376953,84.25,66.65625,708400
2011-05-24,84.2300033569336,84.26000213623047,84.22000122070312,84.25,66.65625,903000
2011-05-25,84.29000091552734,84.29000091552734,84.26000213623047,84.29000091552734,66.68792724609375,712100
2011-05-26,84.30000305175781,84.33999633789062,84.30000305175781,84.33999633789062,66.72744750976562,653800
2011-05-27,84.33000183105469,84.37000274658203,84.31999969482422,84.37000274658203,66.75121307373047,635700
2011-05-31,84.31999969482422,84.38999938964844,84.31999969482422,84.37000274658203,66.75121307373047,775300
2011-06-01,84.31999969482422,84.37000274658203,84.31999969482422,84.36000061035156,66.7955551147461,2248000
2011-06-02,84.31999969482422,84.3499984741211,84.30000305175781,84.30999755859375,66.75601196289062,696300
2011-06-03,84.37999725341797,84.37999725341797,84.30999755859375,84.33999633789062,66.77967071533203,975500
2011-06-06,84.33000183105469,84.37999725341797,84.31999969482422,84.3499984741211,66.78767395019531,1836500
2011-06-07,84.36000061035156,84.41000366210938,84.33000183105469,84.41000366210938,66.83512115478516,1384700
2011-06-08,84.38999938964844,84.44000244140625,84.38999938964844,84.41999816894531,66.84309387207031,914300
2011-06-09,84.38999938964844,84.4000015258789,84.31999969482422,84.33000183105469,66.7718505859375,1145900
2011-06-10,84.36000061035156,84.4000015258789,84.36000061035156,84.4000015258789,66.82720947265625,717200
2011-06-13,84.36000061035156,84.41999816894531,84.33999633789062,84.37000274658203,66.80345916748047,898400
2011-06-14,84.30999755859375,84.3499984741211,84.30000305175781,84.30000305175781,66.74808502197266,1300600
2011-06-15,84.3499984741211,84.44000244140625,84.3499984741211,84.41999816894531,66.84309387207031,695100
2011-06-16,84.43000030517578,84.44000244140625,84.38999938964844,84.43000030517578,66.85101318359375,1112300
2011-06-17,84.43000030517578,84.44999694824219,84.41000366210938,84.44999694824219,66.86681365966797,1689000
2011-06-20,84.44000244140625,84.44999694824219,84.4000015258789,84.44999694824219,66.86681365966797,917300
2011-06-21,84.41000366210938,84.45999908447266,84.41000366210938,84.45999908447266,66.8747329711914,7491500
2011-06-22,84.47000122070312,84.4800033569336,84.41999816894531,84.44000244140625,66.85891723632812,1174000
2011-06-23,84.48999786376953,84.51000213623047,84.47000122070312,84.48999786376953,66.89851379394531,1875000
2011-06-24,84.48999786376953,84.55000305175781,84.47000122070312,84.54000091552734,66.93805694580078,1068600
2011-06-27,84.5,84.5199966430664,84.43000030517578,84.45999908447266,66.8747329711914,1431800
2011-06-28,84.4000015258789,84.43000030517578,84.30000305175781,84.30999755859375,66.75601196289062,1126700
2011-06-29,84.31999969482422,84.33999633789062,84.27999877929688,84.30999755859375,66.75601196289062,1312800
2011-06-30,84.3499984741211,84.36000061035156,84.23999786376953,84.30000305175781,66.74808502197266,1898000
2011-07-01,84.27999877929688,84.29000091552734,84.19000244140625,84.20999908447266,66.72510528564453,3176800
2011-07-05,84.2699966430664,84.31999969482422,84.2699966430664,84.30999755859375,66.80435943603516,1128700
2011-07-06,84.31999969482422,84.36000061035156,84.31999969482422,84.33999633789062,66.82804107666016,669900
2011-07-07,84.29000091552734,84.29000091552734,84.2300033569336,84.26000213623047,66.76469421386719,959800
2011-07-08,84.37000274658203,84.41000366210938,84.37000274658203,84.37999725341797,66.85982513427734,830500
2011-07-11,84.4000015258789,84.44999694824219,84.4000015258789,84.44000244140625,66.90733337402344,1723500
2011-07-12,84.43000030517578,84.44999694824219,84.38999938964844,84.43000030517578,66.89942169189453,1065600
2011-07-13,84.43000030517578,84.45999908447266,84.41000366210938,84.44999694824219,66.91525268554688,612400
2011-07-14,84.4000015258789,84.44000244140625,84.4000015258789,84.41999816894531,66.8915023803711,920300
2011-07-15,84.4000015258789,84.44000244140625,84.38999938964844,84.44000244140625,66.90733337402344,607500
2011-07-18,84.43000030517578,84.45999908447266,84.41999816894531,84.44000244140625,66.90733337402344,1518000
2011-07-19,84.44999694824219,84.47000122070312,84.41999816894531,84.44000244140625,66.90733337402344,850000
2011-07-20,84.41999816894531,84.44000244140625,84.4000015258789,84.41000366210938,66.88349914550781,615600
2011-07-21,84.4000015258789,84.41999816894531,84.36000061035156,84.37000274658203,66.85182189941406,718900
2011-07-22,84.41000366210938,84.43000030517578,84.37999725341797,84.37999725341797,66.85982513427734,712600
2011-07-25,84.36000061035156,84.4000015258789,84.33999633789062,84.33999633789062,66.82804107666016,3881100
2011-07-26,84.36000061035156,84.41000366210938,84.36000061035156,84.38999938964844,66.86775207519531,1157200
2011-07-27,84.37000274658203,84.37999725341797,84.31999969482422,84.33999633789062,66.82804107666016,1120100
2011-07-28,84.41999816894531,84.43000030517578,84.37999725341797,84.38999938964844,66.86775207519531,3369200
2011-07-29,84.43000030517578,84.51000213623047,84.43000030517578,84.4800033569336,66.93902587890625,1178200
2011-08-01,84.4000015258789,84.44999694824219,84.37999725341797,84.38999938964844,66.91606903076172,2428900
2011-08-02,84.45999908447266,84.51000213623047,84.44000244140625,84.5,67.00326538085938,1104600
2011-08-03,84.47000122070312,84.51000213623047,84.45999908447266,84.48999786376953,66.99527740478516,2656600
2011-08-04,84.4800033569336,84.58000183105469,84.4800033569336,84.56999969482422,67.0587158203125,2556300
2011-08-05,84.51000213623047,84.58000183105469,84.48999786376953,84.55000305175781,67.04287719726562,3777400
2011-08-08,84.55999755859375,84.63999938964844,84.55999755859375,84.58000183105469,67.06669616699219,3003000
2011-08-09,84.55000305175781,84.73999786376953,84.51000213623047,84.66999816894531,67.13801574707031,5224400
2011-08-10,84.70999908447266,84.75,84.68000030517578,84.7300033569336,67.18561553955078,2682500
2011-08-11,84.70999908447266,84.7300033569336,84.68000030517578,84.70999908447266,67.16975402832031,1352200
2011-08-12,84.69000244140625,84.72000122070312,84.66999816894531,84.72000122070312,67.17770385742188,4026200
2011-08-15,84.69999694824219,84.69999694824219,84.66000366210938,84.69000244140625,67.15387725830078,924400
2011-08-16,84.68000030517578,84.69000244140625,84.66000366210938,84.69000244140625,67.15387725830078,2724700
2011-08-17,84.69999694824219,84.70999908447266,84.66000366210938,84.70999908447266,67.16975402832031,1471600
2011-08-18,84.7300033569336,84.73999786376953,84.69000244140625,84.69999694824219,67.16184997558594,1197000
2011-08-19,84.66999816894531,84.69999694824219,84.66999816894531,84.69999694824219,67.16184997558594,1894500
2011-08-22,84.68000030517578,84.69000244140625,84.66999816894531,84.69000244140625,67.15387725830078,1112400
2011-08-23,84.66999816894531,84.68000030517578,84.6500015258789,84.6500015258789,67.1221694946289,1531000
2011-08-24,84.66000366210938,84.66999816894531,84.62999725341797,84.6500015258789,67.1221694946289,780700
2011-08-25,84.68000030517578,84.70999908447266,84.68000030517578,84.69999694824219,67.16184997558594,1397200
2011-08-26,84.72000122070312,84.73999786376953,84.69999694824219,84.70999908447266,67.16975402832031,1011300
2011-08-29,84.69999694824219,84.70999908447266,84.68000030517578,84.69000244140625,67.15387725830078,533300
2011-08-30,84.69999694824219,84.7300033569336,84.69999694824219,84.70999908447266,67.16975402832031,2234000
2011-08-31,84.7300033569336,84.7300033569336,84.66999816894531,84.70999908447266,67.16975402832031,1416500
2011-09-01,84.68000030517578,84.69000244140625,84.63999938964844,84.68000030517578,67.18880462646484,1562800
2011-09-02,84.66000366210938,84.66000366210938,84.62000274658203,84.63999938964844,67.15702819824219,1988100
2011-09-06,84.63999938964844,84.6500015258789,84.61000061035156,84.6500015258789,67.16500854492188,1125600
2011-09-07,84.62000274658203,84.6500015258789,84.62000274658203,84.62999725341797,67.14912414550781,1087400
2011-09-08,84.66999816894531,84.66999816894531,84.63999938964844,84.66000366210938,67.17293548583984,755600
2011-09-09,84.68000030517578,84.69999694824219,84.66999816894531,84.69000244140625,67.19670867919922,921700
2011-09-12,84.66999816894531,84.66999816894531,84.62999725341797,84.62999725341797,67.14912414550781,2117700
2011-09-13,84.62999725341797,84.6500015258789,84.62000274658203,84.63999938964844,67.15702819824219,992400
2011-09-14,84.66000366210938,84.68000030517578,84.62999725341797,84.63999938964844,67.15702819824219,808700
2011-09-15,84.62999725341797,84.6500015258789,84.61000061035156,84.6500015258789,67.16500854492188,1466400
2011-09-16,84.62000274658203,84.68000030517578,84.62000274658203,84.66999816894531,67.18086242675781,997900
2011-09-19,84.70999908447266,84.72000122070312,84.69000244140625,84.70999908447266,67.21260833740234,644600
2011-09-20,84.68000030517578,84.70999908447266,84.66999816894531,84.66999816894531,67.18086242675781,1905900
2011-09-21,84.69999694824219,84.70999908447266,84.58000183105469,84.58000183105469,67.10944366455078,984800
2011-09-22,84.62999725341797,84.63999938964844,84.58999633789062,84.58999633789062,67.11738586425781,2479700
2011-09-23,84.62000274658203,84.62000274658203,84.58000183105469,84.5999984741211,67.12528991699219,2848600
2011-09-26,84.58999633789062,84.58999633789062,84.55999755859375,84.56999969482422,67.10147094726562,977500
2011-09-27,84.52999877929688,84.55999755859375,84.52999877929688,84.54000091552734,67.07770538330078,1303100
2011-09-28,84.5199966430664,84.54000091552734,84.5,84.51000213623047,67.0539321899414,2755700
2011-09-29,84.5199966430664,84.54000091552734,84.51000213623047,84.52999877929688,67.06977844238281,1206500
2011-09-30,84.55999755859375,84.56999969482422,84.52999877929688,84.56999969482422,67.10147094726562,2114100
2011-10-03,84.5199966430664,84.55000305175781,84.5,84.54000091552734,67.11656188964844,2885800
2011-10-04,84.52999877929688,84.54000091552734,84.48999786376953,84.48999786376953,67.0769271850586,4037200
2011-10-05,84.5,84.5,84.47000122070312,84.48999786376953,67.0769271850586,1734600
2011-10-06,84.47000122070312,84.48999786376953,84.47000122070312,84.47000122070312,67.06096649169922,1221500
2011-10-07,84.45999908447266,84.47000122070312,84.4000015258789,84.44000244140625,67.03721618652344,2255300
2011-10-10,84.47000122070312,84.47000122070312,84.3499984741211,84.37000274658203,66.98162078857422,1532300
2011-10-11,84.4000015258789,84.41999816894531,84.38999938964844,84.41000366210938,67.01339721679688,948000
2011-10-12,84.37000274658203,84.41000366210938,84.37000274658203,84.41000366210938,67.01339721679688,3140200
2011-10-13,84.45999908447266,84.47000122070312,84.43000030517578,84.43000030517578,67.02928161621094,2722800
2011-10-14,84.43000030517578,84.4800033569336,84.43000030517578,84.47000122070312,67.06096649169922,1096600
2011-10-17,84.47000122070312,84.48999786376953,84.45999908447266,84.4800033569336,67.0689926147461,834800
2011-10-18,84.4800033569336,84.5,84.47000122070312,84.4800033569336,67.0689926147461,1390000
2011-10-19,84.47000122070312,84.51000213623047,84.47000122070312,84.51000213623047,67.09280395507812,1987400
2011-10-20,84.48999786376953,84.5199966430664,84.4800033569336,84.5199966430664,67.10069274902344,2206000
2011-10-21,84.51000213623047,84.51000213623047,84.4800033569336,84.48999786376953,67.0769271850586,1426600
2011-10-24,84.48999786376953,84.48999786376953,84.47000122070312,84.48999786376953,67.0769271850586,1742300
2011-10-25,84.48999786376953,84.54000091552734,84.47000122070312,84.54000091552734,67.11656188964844,3601800
2011-10-26,84.5,84.51000213623047,84.4800033569336,84.48999786376953,67.0769271850586,1070400
2011-10-27,84.4800033569336,84.4800033569336,84.41999816894531,84.43000030517578,67.02928161621094,1521600
2011-10-28,84.45999908447266,84.4800033569336,84.41999816894531,84.47000122070312,67.06096649169922,2016000
2011-10-31,84.51000213623047,84.55000305175781,84.51000213623047,84.55000305175781,67.12451171875,1376000
2011-11-01,84.54000091552734,84.54000091552734,84.5,84.51000213623047,67.13092803955078,5677600
2011-11-02,84.5199966430664,84.55000305175781,84.5199966430664,84.52999877929688,67.14675903320312,1863600
2011-11-03,84.52999877929688,84.54000091552734,84.5199966430664,84.54000091552734,67.15467834472656,1559800
2011-11-04,84.5199966430664,84.55000305175781,84.5199966430664,84.54000091552734,67.15467834472656,618700
2011-11-07,84.54000091552734,84.55999755859375,84.5199966430664,84.5199966430664,67.13885498046875,1082500
2011-11-08,84.51000213623047,84.54000091552734,84.51000213623047,84.51000213623047,67.13092803955078,711300
2011-11-09,84.5199966430664,84.55000305175781,84.5199966430664,84.52999877929688,67.14675903320312,1154900
2011-11-10,84.54000091552734,84.55000305175781,84.5199966430664,84.54000091552734,67.15467834472656,3677900
2011-11-11,84.5199966430664,84.54000091552734,84.5,84.5,67.12289428710938,1011800
2011-11-14,84.51000213623047,84.56999969482422,84.51000213623047,84.54000091552734,67.15467834472656,2637100
2011-11-15,84.54000091552734,84.55000305175781,84.5199966430664,84.52999877929688,67.14675903320312,788200
2011-11-16,84.52999877929688,84.54000091552734,84.51000213623047,84.51000213623047,67.13092803955078,978300
2011-11-17,84.5,84.5199966430664,84.48999786376953,84.5199966430664,67.13885498046875,1751200
2011-11-18,84.5,84.51000213623047,84.4800033569336,84.48999786376953,67.11502838134766,1504000
2011-11-21,84.5,84.5,84.4800033569336,84.5,67.12289428710938,1352100
2011-11-22,84.5199966430664,84.5199966430664,84.48999786376953,84.51000213623047,67.13092803955078,2871900
2011-11-23,84.48999786376953,84.52999877929688,84.48999786376953,84.5199966430664,67.13885498046875,1470200
2011-11-25,84.5199966430664,84.5199966430664,84.5,84.5199966430664,67.13885498046875,554700
2011-11-28,84.4800033569336,84.52999877929688,84.4800033569336,84.52999877929688,67.14675903320312,1210200
2011-11-29,84.5199966430664,84.54000091552734,84.51000213623047,84.54000091552734,67.15467834472656,1693200
2011-11-30,84.51000213623047,84.54000091552734,84.5,84.54000091552734,67.15467834472656,1486200
2011-12-01,84.5,84.5,84.45999908447266,84.5,67.15867614746094,6682400
2011-12-02,84.48999786376953,84.48999786376953,84.45999908447266,84.4800033569336,67.14283752441406,1780300
2011-12-05,84.4800033569336,84.5,84.47000122070312,84.48999786376953,67.15074920654297,1356600
2011-12-06,84.4800033569336,84.5,84.47000122070312,84.48999786376953,67.15074920654297,817300
2011-12-07,84.48999786376953,84.5199966430664,84.48999786376953,84.5199966430664,67.17459869384766,1330000
2011-12-08,84.52999877929688,84.54000091552734,84.51000213623047,84.52999877929688,67.1825180053711,2097100
2011-12-09,84.52999877929688,84.54000091552734,84.5199966430664,84.52999877929688,67.1825180053711,1726600
2011-12-12,84.5199966430664,84.54000091552734,84.5199966430664,84.52999877929688,67.1825180053711,1750800
2011-12-13,84.5199966430664,84.54000091552734,84.51000213623047,84.52999877929688,67.1825180053711,836100
2011-12-14,84.48999786376953,84.5199966430664,84.48999786376953,84.51000213623047,67.1666488647461,2196200
2011-12-15,84.5199966430664,84.5199966430664,84.48999786376953,84.5,67.15867614746094,2872000
2011-12-16,84.52999877929688,84.54000091552734,84.51000213623047,84.54000091552734,67.19046783447266,2330700
2011-12-19,84.52999877929688,84.54000091552734,84.51000213623047,84.52999877929688,67.1825180053711,1544000
2011-12-20,84.5199966430664,84.5199966430664,84.48999786376953,84.51000213623047,67.1666488647461,1549200
2011-12-21,84.48999786376953,84.5,84.45999908447266,84.4800033569336,67.14283752441406,1205300
2011-12-22,84.47000122070312,84.4800033569336,84.44000244140625,84.47000122070312,67.13485717773438,2395300
2011-12-23,84.44999694824219,84.48999786376953,84.44000244140625,84.48999786376953,67.15074920654297,1029000
2011-12-27,84.4000015258789,84.41999816894531,84.4000015258789,84.41999816894531,67.12610626220703,669100
2011-12-28,84.4000015258789,84.44999694824219,84.4000015258789,84.44000244140625,67.14200592041016,2493200
2011-12-29,84.43000030517578,84.45999908447266,84.43000030517578,84.44999694824219,67.14997100830078,1510900
2011-12-30,84.4800033569336,84.5,84.45999908447266,84.5,67.189697265625,2343700
2012-01-03,84.48999786376953,84.48999786376953,84.44999694824219,84.44999694824219,67.14997100830078,5743100
2012-01-04,84.45999908447266,84.47000122070312,84.44999694824219,84.45999908447266,67.15789794921875,1767300
2012-01-05,84.44999694824219,84.4800033569336,84.44999694824219,84.47000122070312,67.16585540771484,1583400
2012-01-06,84.47000122070312,84.8499984741211,84.44999694824219,84.45999908447266,67.15789794921875,2068000
2012-01-09,84.48999786376953,84.48999786376953,84.47000122070312,84.4800033569336,67.17381286621094,1236100
2012-01-10,84.4800033569336,84.51000213623047,84.47000122070312,84.48999786376953,67.18174743652344,813400
2012-01-11,84.5,84.52999877929688,84.5,84.5199966430664,67.20562744140625,2467000
2012-01-12,84.51000213623047,84.54000091552734,84.51000213623047,84.51000213623047,67.19769287109375,2119900
2012-01-13,84.54000091552734,84.54000091552734,84.52999877929688,84.52999877929688,67.21353912353516,1151800
2012-01-17,84.54000091552734,84.55999755859375,84.52999877929688,84.54000091552734,67.22151184082031,2337200
2012-01-18,84.54000091552734,84.55000305175781,84.52999877929688,84.52999877929688,67.21353912353516,1189700
2012-01-19,84.5199966430664,84.54000091552734,84.5,84.52999877929688,67.21353912353516,2062000
2012-01-20,84.5,84.5199966430664,84.5,84.51000213623047,67.19769287109375,2601600
2012-01-23,84.51000213623047,84.5199966430664,84.48999786376953,84.5199966430664,67.20562744140625,2628500
2012-01-24,84.5199966430664,84.5199966430664,84.48999786376953,84.5199966430664,67.20562744140625,3799300
2012-01-25,84.51000213623047,84.58999633789062,84.51000213623047,84.56999969482422,67.24539184570312,2108000
2012-01-26,84.56999969482422,84.5999984741211,84.56999969482422,84.58000183105469,67.25336456298828,1436100
2012-01-27,84.58999633789062,84.5999984741211,84.58000183105469,84.5999984741211,67.26920318603516,1297900
2012-01-30,84.56999969482422,84.58999633789062,84.56999969482422,84.56999969482422,67.24539184570312,1885700
2012-01-31,84.55000305175781,84.56999969482422,84.55000305175781,84.56999969482422,67.24539184570312,2644300
2012-02-01,84.52999877929688,84.55000305175781,84.51000213623047,84.51000213623047,67.22232055664062,5980200
2012-02-02,84.5199966430664,84.54000091552734,84.51000213623047,84.5199966430664,67.23023986816406,2990400
2012-02-03,84.51000213623047,84.52999877929688,84.5,84.5199966430664,67.23023986816406,2434800
2012-02-06,84.5199966430664,84.5199966430664,84.5,84.5,67.21436309814453,2384500
2012-02-07,84.5,84.5,84.47000122070312,84.4800033569336,67.19844055175781,1930100
2012-02-08,84.45999908447266,84.48999786376953,84.45999908447266,84.4800033569336,67.19844055175781,1207300
2012-02-09,84.4800033569336,84.4800033569336,84.44000244140625,84.44000244140625,67.16661071777344,766500
2012-02-10,84.44000244140625,84.47000122070312,84.44000244140625,84.45999908447266,67.1824951171875,1025300
2012-02-13,84.44000244140625,84.45999908447266,84.41000366210938,84.41000366210938,67.1427993774414,1083500
2012-02-14,84.41000366210938,84.43000030517578,84.41000366210938,84.43000030517578,67.15868377685547,1069400
2012-02-15,84.41999816894531,84.45999908447266,84.41000366210938,84.44000244140625,67.16661071777344,1229700
2012-02-16,84.44000244140625,84.44999694824219,84.41000366210938,84.41000366210938,67.1427993774414,1467200
2012-02-17,84.41000366210938,84.41999816894531,84.38999938964844,84.38999938964844,67.12690734863281,827900
2012-02-21,84.4000015258789,84.4000015258789,84.37000274658203,84.37000274658203,67.11095428466797,1954600
2012-02-22,84.38999938964844,84.41000366210938,84.37999725341797,84.41000366210938,67.1427993774414,1604800
2012-02-23,84.38999938964844,84.41999816894531,84.38999938964844,84.4000015258789,67.13479614257812,3341900
2012-02-24,84.4000015258789,84.41000366210938,84.37999725341797,84.37999725341797,67.118896484375,3698600
2012-02-27,84.41999816894531,84.43000030517578,84.4000015258789,84.4000015258789,67.13479614257812,1060900
2012-02-28,84.41999816894531,84.44000244140625,84.41000366210938,84.41999816894531,67.15070343017578,982800
2012-02-29,84.41999816894531,84.41999816894531,84.38999938964844,84.41999816894531,67.15070343017578,656500
2012-03-01,84.3499984741211,84.37000274658203,84.3499984741211,84.37000274658203,67.13880157470703,1044000
2012-03-02,84.37999725341797,84.4000015258789,84.37999725341797,84.38999938964844,67.15467071533203,914500
2012-03-05,84.37999725341797,84.38999938964844,84.37000274658203,84.38999938964844,67.15467071533203,1166200
2012-03-06,84.41000366210938,84.41000366210938,84.38999938964844,84.38999938964844,67.15467071533203,2282700
2012-03-07,84.38999938964844,84.4000015258789,84.37000274658203,84.37000274658203,67.13880157470703,587900
2012-03-08,84.37000274658203,84.37000274658203,84.33999633789062,84.33999633789062,67.11495208740234,960100
2012-03-09,84.36000061035156,84.37000274658203,84.33999633789062,84.33999633789062,67.11495208740234,660400
2012-03-12,84.36000061035156,84.37000274658203,84.33999633789062,84.3499984741211,67.12286376953125,761700
2012-03-13,84.31999969482422,84.33000183105469,84.29000091552734,84.30000305175781,67.08307647705078,1284700
2012-03-14,84.26000213623047,84.2699966430664,84.18000030517578,84.18000030517578,66.98756408691406,1351500
2012-03-15,84.22000122070312,84.26000213623047,84.20999908447266,84.2300033569336,67.02738189697266,3730100
2012-03-16,84.2699966430664,84.29000091552734,84.23999786376953,84.27999877929688,67.06714630126953,2790700
2012-03-19,84.23999786376953,84.25,84.19999694824219,84.22000122070312,67.01946258544922,2260800
2012-03-20,84.22000122070312,84.23999786376953,84.18000030517578,84.19999694824219,67.00347900390625,793800
2012-03-21,84.2300033569336,84.25,84.20999908447266,84.25,67.04325866699219,572200
2012-03-22,84.2699966430664,84.2699966430664,84.25,84.26000213623047,67.05123138427734,840000
2012-03-23,84.27999877929688,84.29000091552734,84.2699966430664,84.2699966430664,67.05916595458984,698400
2012-03-26,84.27999877929688,84.29000091552734,84.2699966430664,84.29000091552734,67.07513427734375,1035600
2012-03-27,84.30999755859375,84.33000183105469,84.29000091552734,84.31999969482422,67.09900665283203,1091100
2012-03-28,84.31999969482422,84.33999633789062,84.30000305175781,84.30000305175781,67.08307647705078,736600
2012-03-29,84.33000183105469,84.33000183105469,84.30999755859375,84.33000183105469,67.1069564819336,739200
2012-03-30,84.31999969482422,84.33000183105469,84.30999755859375,84.31999969482422,67.09900665283203,949300
2012-04-02,84.33000183105469,84.33000183105469,84.29000091552734,84.30999755859375,67.11498260498047,695600
2012-04-03,84.30999755859375,84.30999755859375,84.23999786376953,84.25,67.06710815429688,1631600
2012-04-04,84.30000305175781,84.30000305175781,84.26000213623047,84.2699966430664,67.08305358886719,1395900
2012-04-05,84.29000091552734,84.30000305175781,84.27999877929688,84.30000305175781,67.10694122314453,758900
2012-04-09,84.33000183105469,84.36000061035156,84.33000183105469,84.36000061035156,67.15470886230469,898600
2012-04-10,84.36000061035156,84.4000015258789,84.3499984741211,84.4000015258789,67.18653869628906,1024900
2012-04-11,84.37000274658203,84.4000015258789,84.37000274658203,84.38999938964844,67.17859649658203,2299100
2012-04-12,84.41000366210938,84.41000366210938,84.38999938964844,84.4000015258789,67.18653869628906,845700
2012-04-13,84.41999816894531,84.41999816894531,84.4000015258789,84.41000366210938,67.19449615478516,2859200
2012-04-16,84.41999816894531,84.43000030517578,84.41000366210938,84.41000366210938,67.19449615478516,569900
2012-04-17,84.41999816894531,84.43000030517578,84.4000015258789,84.41000366210938,67.19449615478516,773000
2012-04-18,84.44000244140625,84.44000244140625,84.41999816894531,84.43000030517578,67.21047973632812,469200
2012-04-19,84.41999816894531,84.44000244140625,84.41999816894531,84.44000244140625,67.2183609008789,558800
2012-04-20,84.43000030517578,84.44000244140625,84.41000366210938,84.44000244140625,67.2183609008789,503200
2012-04-23,84.45999908447266,84.45999908447266,84.44000244140625,84.45999908447266,67.23432159423828,741000
2012-04-24,84.45999908447266,84.47000122070312,84.43000030517578,84.43000030517578,67.21047973632812,1149600
2012-04-25,84.41999816894531,84.45999908447266,84.41999816894531,84.44999694824219,67.22635650634766,914100
2012-04-26,84.45999908447266,84.47000122070312,84.44000244140625,84.45999908447266,67.23432159423828,711600
2012-04-27,84.47000122070312,84.47000122070312,84.44000244140625,84.44000244140625,67.2183609008789,741700
2012-04-30,84.47000122070312,84.47000122070312,84.44999694824219,84.45999908447266,67.23432159423828,644700
2012-05-01,84.43000030517578,84.44999694824219,84.41000366210938,84.43000030517578,67.23274993896484,8197400
2012-05-02,84.43000030517578,84.44000244140625,84.41999816894531,84.44000244140625,67.24070739746094,2107000
2012-05-03,84.43000030517578,84.44999694824219,84.41999816894531,84.43000030517578,67.23274993896484,876700
2012-05-04,84.45999908447266,84.45999908447266,84.44999694824219,84.45999908447266,67.25665283203125,798700
2012-05-07,84.45999908447266,84.47000122070312,84.44999694824219,84.45999908447266,67.25665283203125,1315200
2012-05-08,84.45999908447266,84.47000122070312,84.44000244140625,84.47000122070312,67.26459503173828,1016600
2012-05-09,84.45999908447266,84.47000122070312,84.44999694824219,84.45999908447266,67.25665283203125,1260700
2012-05-10,84.44000244140625,84.45999908447266,84.43000030517578,84.44999694824219,67.24868774414062,1071300
2012-05-11,84.45999908447266,84.45999908447266,84.44000244140625,84.45999908447266,67.25665283203125,432100
2012-05-14,84.44999694824219,84.45999908447266,84.44999694824219,84.44999694824219,67.24868774414062,799600
2012-05-15,84.44999694824219,84.47000122070312,84.43000030517578,84.44000244140625,67.24070739746094,3270000
2012-05-16,84.41999816894531,84.43000030517578,84.41000366210938,84.43000030517578,67.23274993896484,1186300
2012-05-17,84.41999816894531,84.41999816894531,84.38999938964844,84.38999938964844,67.20086669921875,1894100
2012-05-18,84.38999938964844,84.4000015258789,84.37000274658203,84.4000015258789,67.2088623046875,2716100
2012-05-21,84.4000015258789,84.41000366210938,84.37999725341797,84.41000366210938,67.21678161621094,954600
2012-05-22,84.4000015258789,84.4000015258789,84.37999725341797,84.37999725341797,67.19291687011719,1193100
2012-05-23,84.41000366210938,84.41999816894531,84.38999938964844,84.41999816894531,67.22476196289062,928000
2012-05-24,84.38999938964844,84.38999938964844,84.37999725341797,84.38999938964844,67.20086669921875,644900
2012-05-25,84.41999816894531,84.43000030517578,84.38999938964844,84.43000030517578,67.23274993896484,795600
2012-05-29,84.4000015258789,84.43000030517578,84.4000015258789,84.41000366210938,67.21678161621094,1296100
2012-05-30,84.41999816894531,84.45999908447266,84.41999816894531,84.44999694824219,67.24868774414062,1239600
2012-05-31,84.4800033569336,84.48999786376953,84.44000244140625,84.4800033569336,67.27257537841797,3737600
2012-06-01,84.48999786376953,84.48999786376953,84.44999694824219,84.45999908447266,67.27896118164062,2218600
2012-06-04,84.45999908447266,84.47000122070312,84.44999694824219,84.44999694824219,67.27094268798828,5799600
2012-06-05,84.45999908447266,84.47000122070312,84.44000244140625,84.47000122070312,67.286865234375,1666200
2012-06-06,84.47000122070312,84.47000122070312,84.43000030517578,84.44000244140625,67.26302337646484,1382500
2012-06-07,84.44000244140625,84.44000244140625,84.4000015258789,84.43000030517578,67.25505065917969,2898800
2012-06-08,84.44000244140625,84.44000244140625,84.41999816894531,84.43000030517578,67.25505065917969,1090400
2012-06-11,84.4000015258789,84.43000030517578,84.4000015258789,84.43000030517578,67.25505065917969,1065300
2012-06-12,84.41999816894531,84.41999816894531,84.37000274658203,84.38999938964844,67.22315216064453,1588500
2012-06-13,84.4000015258789,84.4000015258789,84.37000274658203,84.37999725341797,67.21522521972656,537400
2012-06-14,84.41000366210938,84.41000366210938,84.37999725341797,84.38999938964844,67.22315216064453,996000
2012-06-15,84.4000015258789,84.41999816894531,84.38999938964844,84.41999816894531,67.2470703125,478800
2012-06-18,84.41000366210938,84.41000366210938,84.38999938964844,84.4000015258789,67.23110961914062,3803700
2012-06-19,84.4000015258789,84.41000366210938,84.38999938964844,84.38999938964844,67.22315216064453,1761700
2012-06-20,84.4000015258789,84.41999816894531,84.3499984741211,84.36000061035156,67.19927215576172,3044100
2012-06-21,84.36000061035156,84.37999725341797,84.36000061035156,84.37000274658203,67.20722961425781,701000
2012-06-22,84.37000274658203,84.37999725341797,84.36000061035156,84.37999725341797,67.21522521972656,1243300
2012-06-25,84.37000274658203,84.4000015258789,84.37000274658203,84.37999725341797,67.21522521972656,2960900
2012-06-26,84.37000274658203,84.37999725341797,84.3499984741211,84.36000061035156,67.19927215576172,3320900
2012-06-27,84.37999725341797,84.37999725341797,84.33999633789062,84.36000061035156,67.19927215576172,3125900
2012-06-28,84.37999725341797,84.38999938964844,84.36000061035156,84.37000274658203,67.20722961425781,907000
2012-06-29,84.3499984741211,84.38999938964844,84.3499984741211,84.37000274658203,67.20722961425781,1163200
2012-07-02,84.3499984741211,84.37999725341797,84.3499984741211,84.37000274658203,67.22795104980469,14979800
2012-07-03,84.36000061035156,84.37999725341797,84.3499984741211,84.3499984741211,67.21195983886719,1127700
2012-07-05,84.37000274658203,84.38999938964844,84.37000274658203,84.37999725341797,67.23591613769531,1205400
2012-07-06,84.41000366210938,84.41999816894531,84.4000015258789,84.41000366210938,67.25981140136719,1603300
2012-07-09,84.41999816894531,84.43000030517578,84.41000366210938,84.41000366210938,67.25981140136719,561100
2012-07-10,84.43000030517578,84.43000030517578,84.41000366210938,84.41000366210938,67.25981140136719,490200
2012-07-11,84.41999816894531,84.43000030517578,84.41000366210938,84.41999816894531,67.2677993774414,559500
2012-07-12,84.43000030517578,84.44000244140625,84.41999816894531,84.44000244140625,67.28375244140625,356800
2012-07-13,84.44999694824219,84.47000122070312,84.43000030517578,84.45999908447266,67.29964447021484,634100
2012-07-16,84.48999786376953,84.51000213623047,84.48999786376953,84.48999786376953,67.32353973388672,830800
2012-07-17,84.4800033569336,84.48999786376953,84.47000122070312,84.4800033569336,67.31562042236328,2200000
2012-07-18,84.4800033569336,84.51000213623047,84.4800033569336,84.5,67.3315200805664,2998500
2012-07-19,84.51000213623047,84.52999877929688,84.51000213623047,84.5199966430664,67.34747314453125,1443300
2012-07-20,84.5199966430664,84.54000091552734,84.51000213623047,84.52999877929688,67.35543060302734,2246300
2012-07-23,84.54000091552734,84.55000305175781,84.5199966430664,84.54000091552734,67.36341094970703,403900
2012-07-24,84.52999877929688,84.54000091552734,84.5199966430664,84.5199966430664,67.34747314453125,2868800
2012-07-25,84.55000305175781,84.55000305175781,84.5199966430664,84.52999877929688,67.35543060302734,1007100
2012-07-26,84.5199966430664,84.52999877929688,84.5199966430664,84.52999877929688,67.35543060302734,2028400
2012-07-27,84.48999786376953,84.51000213623047,84.44999694824219,84.47000122070312,67.3075942993164,907800
2012-07-30,84.5,84.5199966430664,84.48999786376953,84.51000213623047,67.33948516845703,2318600
2012-07-31,84.54000091552734,84.55000305175781,84.5199966430664,84.52999877929688,67.35543060302734,917000
2012-08-01,84.52999877929688,84.52999877929688,84.48999786376953,84.48999786376953,67.3442611694336,2012600
2012-08-02,84.5,84.5199966430664,84.48999786376953,84.5,67.35222625732422,591400
2012-08-03,84.4800033569336,84.48999786376953,84.45999908447266,84.47000122070312,67.32829284667969,909300
2012-08-06,84.48999786376953,84.48999786376953,84.47000122070312,84.4800033569336,67.33633422851562,2344700
2012-08-07,84.45999908447266,84.45999908447266,84.43000030517578,84.44000244140625,67.30445098876953,644100
2012-08-08,84.44000244140625,84.44000244140625,84.4000015258789,84.41000366210938,67.28050231933594,1274600
2012-08-09,84.4000015258789,84.41999816894531,84.4000015258789,84.41000366210938,67.28050231933594,557300
2012-08-10,84.44000244140625,84.44000244140625,84.43000030517578,84.43000030517578,67.29649353027344,622900
2012-08-13,84.43000030517578,84.44000244140625,84.43000030517578,84.44000244140625,67.30445098876953,619000
2012-08-14,84.43000030517578,84.43000030517578,84.41000366210938,84.41999816894531,67.28849029541016,1756500
2012-08-15,84.4000015258789,84.41000366210938,84.38999938964844,84.38999938964844,67.26456451416016,694000
2012-08-16,84.4000015258789,84.41000366210938,84.37000274658203,84.37999725341797,67.256591796875,797700
2012-08-17,84.4000015258789,84.4000015258789,84.38999938964844,84.38999938964844,67.26456451416016,577100
2012-08-20,84.38999938964844,84.41000366210938,84.38999938964844,84.38999938964844,67.26456451416016,536500
2012-08-21,84.38999938964844,84.4000015258789,84.37000274658203,84.38999938964844,67.26456451416016,1660500
2012-08-22,84.41999816894531,84.44999694824219,84.4000015258789,84.44000244140625,67.30445098876953,632300
2012-08-23,84.44999694824219,84.47000122070312,84.44000244140625,84.44999694824219,67.31239318847656,488900
2012-08-24,84.44999694824219,84.45999908447266,84.43000030517578,84.44999694824219,67.31239318847656,646600
2012-08-27,84.44999694824219,84.44999694824219,84.44000244140625,84.44000244140625,67.30445098876953,731000
2012-08-28,84.44999694824219,84.44999694824219,84.43000030517578,84.44999694824219,67.31239318847656,759300
2012-08-29,84.44000244140625,84.44999694824219,84.43000030517578,84.44999694824219,67.31239318847656,512600
2012-08-30,84.45999908447266,84.4800033569336,84.44000244140625,84.45999908447266,67.32035827636719,664900
2012-08-31,84.4800033569336,84.52999877929688,84.4800033569336,84.51000213623047,67.3602066040039,944900
2012-09-04,84.51000213623047,84.51000213623047,84.45999908447266,84.4800033569336,67.35543823242188,1795800
2012-09-05,84.4800033569336,84.48999786376953,84.47000122070312,84.4800033569336,67.35543823242188,575500
2012-09-06,84.44000244140625,84.45999908447266,84.43000030517578,84.44000244140625,67.32355499267578,1133200
2012-09-07,84.45999908447266,84.48999786376953,84.44999694824219,84.45999908447266,67.33949279785156,1666500
2012-09-10,84.44999694824219,84.45999908447266,84.44000244140625,84.44000244140625,67.32355499267578,2298900
2012-09-11,84.44999694824219,84.45999908447266,84.44000244140625,84.45999908447266,67.33949279785156,526500
2012-09-12,84.44999694824219,84.45999908447266,84.44999694824219,84.44999694824219,67.33151245117188,1211800
2012-09-13,84.47000122070312,84.5,84.44000244140625,84.4800033569336,67.35543823242188,783900
2012-09-14,84.4800033569336,84.4800033569336,84.43000030517578,84.44000244140625,67.32355499267578,890100
2012-09-17,84.44000244140625,84.44999694824219,84.44000244140625,84.44000244140625,67.32355499267578,1002700
2012-09-18,84.44000244140625,84.44999694824219,84.44000244140625,84.44999694824219,67.33151245117188,626100
2012-09-19,84.44000244140625,84.44999694824219,84.44000244140625,84.44999694824219,67.33151245117188,533300
2012-09-20,84.44000244140625,84.45999908447266,84.43000030517578,84.43000030517578,67.31560516357422,702200
2012-09-21,84.43000030517578,84.44000244140625,84.41999816894531,84.44000244140625,67.32355499267578,625100
2012-09-24,84.44999694824219,84.44999694824219,84.44000244140625,84.44999694824219,67.33151245117188,578200
2012-09-25,84.43000030517578,84.44000244140625,84.41999816894531,84.43000030517578,67.31560516357422,1278800
2012-09-26,84.44000244140625,84.44999694824219,84.43000030517578,84.44999694824219,67.33151245117188,628800
2012-09-27,84.44999694824219,84.47000122070312,84.44000244140625,84.45999908447266,67.33949279785156,446100
2012-09-28,84.4800033569336,84.5,84.47000122070312,84.5,67.37136840820312,876400
2012-10-01,84.4800033569336,84.4800033569336,84.47000122070312,84.4800033569336,67.37297821044922,2690600
2012-10-02,84.47000122070312,84.47000122070312,84.45999908447266,84.45999908447266,67.35702514648438,677300
2012-10-03,84.45999908447266,84.47000122070312,84.45999908447266,84.45999908447266,67.35702514648438,2717100
2012-10-04,84.45999908447266,84.47000122070312,84.44999694824219,84.45999908447266,67.35702514648438,552900
2012-10-05,84.44000244140625,84.44999694824219,84.41999816894531,84.41999816894531,67.32513427734375,1617700
2012-10-08,84.41999816894531,84.44000244140625,84.41999816894531,84.43000030517578,67.33313751220703,350600
2012-10-09,84.41999816894531,84.43000030517578,84.41999816894531,84.43000030517578,67.33313751220703,1039400
2012-10-10,84.41999816894531,84.43000030517578,84.41999816894531,84.41999816894531,67.32513427734375,494500
2012-10-11,84.43000030517578,84.43000030517578,84.41000366210938,84.41000366210938,67.31718444824219,624400
2012-10-12,84.41000366210938,84.44000244140625,84.41000366210938,84.44000244140625,67.34111785888672,479000
2012-10-15,84.44000244140625,84.44000244140625,84.41999816894531,84.41999816894531,67.32513427734375,342800
2012-10-16,84.41999816894531,84.43000030517578,84.41000366210938,84.41999816894531,67.32513427734375,571500
2012-10-17,84.4000015258789,84.41000366210938,84.37000274658203,84.37000274658203,67.28523254394531,563400
2012-10-18,84.37000274658203,84.37999725341797,84.36000061035156,84.37999725341797,67.29324340820312,1273100
2012-10-19,84.36000061035156,84.38999938964844,84.36000061035156,84.37999725341797,67.29324340820312,426500
2012-10-22,84.3499984741211,84.37000274658203,84.3499984741211,84.3499984741211,67.26927947998047,264300
2012-10-23,84.37999725341797,84.38999938964844,84.36000061035156,84.38999938964844,67.30120849609375,491700
2012-10-24,84.37000274658203,84.4000015258789,84.37000274658203,84.37999725341797,67.29324340820312,1059300
2012-10-25,84.3499984741211,84.37000274658203,84.3499984741211,84.3499984741211,67.26927947998047,588200
2012-10-26,84.37999725341797,84.37999725341797,84.36000061035156,84.37000274658203,67.28523254394531,478400
2012-10-31,84.37999725341797,84.41999816894531,84.37999725341797,84.41999816894531,67.32513427734375,1086600
2012-11-01,84.3499984741211,84.41000366210938,84.3499984741211,84.4000015258789,67.30915069580078,732800
2012-11-02,84.37000274658203,84.38999938964844,84.37000274658203,84.38999938964844,67.30120849609375,353200
2012-11-05,84.41999816894531,84.41999816894531,84.38999938964844,84.38999938964844,67.30120849609375,2192500
2012-11-06,84.4000015258789,84.41000366210938,84.36000061035156,84.36000061035156,67.27725982666016,583400
2012-11-07,84.41999816894531,84.44000244140625,84.41999816894531,84.43000030517578,67.33313751220703,697600
2012-11-08,84.43000030517578,84.44000244140625,84.41999816894531,84.43000030517578,67.33313751220703,779500
2012-11-09,84.43000030517578,84.44999694824219,84.41999816894531,84.43000030517578,67.33313751220703,2365500
2012-11-12,84.41999816894531,84.44000244140625,84.41999816894531,84.43000030517578,67.33313751220703,524300
2012-11-13,84.44999694824219,84.44999694824219,84.44000244140625,84.44000244140625,67.34111785888672,917300
2012-11-14,84.44000244140625,84.45999908447266,84.44000244140625,84.45999908447266,67.35702514648438,2273000
2012-11-15,84.45999908447266,84.47000122070312,84.44999694824219,84.45999908447266,67.35702514648438,1048700
2012-11-16,84.44999694824219,84.47000122070312,84.44999694824219,84.45999908447266,67.35702514648438,810500
2012-11-19,84.44999694824219,84.45999908447266,84.44999694824219,84.44999694824219,67.34902954101562,951700
2012-11-20,84.44999694824219,84.44999694824219,84.43000030517578,84.43000030517578,67.33313751220703,1248500
2012-11-21,84.41000366210938,84.41999816894531,84.41000366210938,84.41999816894531,67.32513427734375,422200
2012-11-23,84.4000015258789,84.41999816894531,84.4000015258789,84.41999816894531,67.32513427734375,157800
2012-11-26,84.41999816894531,84.43000030517578,84.41000366210938,84.41000366210938,67.31718444824219,746400
2012-11-27,84.4000015258789,84.43000030517578,84.4000015258789,84.41999816894531,67.32513427734375,527000
2012-11-28,84.43000030517578,84.44000244140625,84.41999816894531,84.43000030517578,67.33313751220703,352700
2012-11-29,84.41999816894531,84.44000244140625,84.41999816894531,84.43000030517578,67.33313751220703,496300
2012-11-30,84.44000244140625,84.44999694824219,84.44000244140625,84.44000244140625,67.34111785888672,1053400
2012-12-03,84.43000030517578,84.44000244140625,84.41000366210938,84.43000030517578,67.34908294677734,1090600
2012-12-04,84.43000030517578,84.44000244140625,84.43000030517578,84.43000030517578,67.34908294677734,1624900
2012-12-05,84.44000244140625,84.44999694824219,84.44000244140625,84.44999694824219,67.36498260498047,591000
2012-12-06,84.45999908447266,84.45999908447266,84.44000244140625,84.44999694824219,67.36498260498047,685300
2012-12-07,84.41999816894531,84.44999694824219,84.41999816894531,84.44999694824219,67.36498260498047,929500
2012-12-10,84.44000244140625,84.44999694824219,84.44000244140625,84.44999694824219,67.36498260498047,770500
2012-12-11,84.44999694824219,84.44999694824219,84.43000030517578,84.44999694824219,67.36498260498047,1157700
2012-12-12,84.44000244140625,84.44999694824219,84.43000030517578,84.44000244140625,67.35702514648438,1108500
2012-12-13,84.44000244140625,84.44999694824219,84.43000030517578,84.44000244140625,67.35702514648438,790400
2012-12-14,84.44000244140625,84.45999908447266,84.44000244140625,84.45999908447266,67.37299346923828,566300
2012-12-17,84.44999694824219,84.45999908447266,84.41999816894531,84.44000244140625,67.35702514648438,503900
2012-12-18,84.41999816894531,84.43000030517578,84.38999938964844,84.38999938964844,67.31719970703125,1295600
2012-12-19,84.4000015258789,84.41000366210938,84.4000015258789,84.41000366210938,67.33309936523438,1485100
2012-12-20,84.41999816894531,84.41999816894531,84.4000015258789,84.4000015258789,67.32513427734375,1167500
2012-12-21,84.41999816894531,84.43000030517578,84.41000366210938,84.41000366210938,67.33309936523438,899300
2012-12-24,84.41000366210938,84.41999816894531,84.41000366210938,84.41000366210938,67.33309936523438,388400
2012-12-26,84.38999938964844,84.41000366210938,84.38999938964844,84.38999938964844,67.33392333984375,677200
2012-12-27,84.38999938964844,84.41999816894531,84.38999938964844,84.41999816894531,67.35784149169922,1351200
2012-12-28,84.41000366210938,84.43000030517578,84.41000366210938,84.41999816894531,67.35784149169922,1334500
2012-12-31,84.44999694824219,84.44999694824219,84.38999938964844,84.41999816894531,67.35784149169922,818700
2013-01-02,84.4000015258789,84.41000366210938,84.4000015258789,84.4000015258789,67.34188842773438,2469100
2013-01-03,84.41000366210938,84.43000030517578,84.38999938964844,84.4000015258789,67.34188842773438,1816100
2013-01-04,84.38999938964844,84.41000366210938,84.38999938964844,84.41000366210938,67.34986877441406,1028700
2013-01-07,84.38999938964844,84.41000366210938,84.38999938964844,84.41000366210938,67.34986877441406,672300
2013-01-08,84.4000015258789,84.43000030517578,84.4000015258789,84.41999816894531,67.35784149169922,712300
2013-01-09,84.44000244140625,84.44999694824219,84.43000030517578,84.44999694824219,67.3817138671875,1159100
2013-01-10,84.43000030517578,84.44999694824219,84.43000030517578,84.44000244140625,67.37381744384766,1687300
2013-01-11,84.43000030517578,84.44000244140625,84.41999816894531,84.43000030517578,67.36585998535156,824000
2013-01-14,84.44999694824219,84.44999694824219,84.43000030517578,84.43000030517578,67.36585998535156,472400
2013-01-15,84.44999694824219,84.45999908447266,84.44000244140625,84.44000244140625,67.37381744384766,521400
2013-01-16,84.44000244140625,84.44999694824219,84.44000244140625,84.44000244140625,67.37381744384766,499800
2013-01-17,84.41999816894531,84.44000244140625,84.41999816894531,84.43000030517578,67.36585998535156,5547800
2013-01-18,84.44000244140625,84.44000244140625,84.41999816894531,84.43000030517578,67.36585998535156,390500
2013-01-22,84.44000244140625,84.45999908447266,84.43000030517578,84.44999694824219,67.3817138671875,956100
2013-01-23,84.44999694824219,84.45999908447266,84.44999694824219,84.44999694824219,67.3817138671875,747300
2013-01-24,84.44999694824219,84.45999908447266,84.44000244140625,84.44999694824219,67.3817138671875,595500
2013-01-25,84.44000244140625,84.44000244140625,84.4000015258789,84.41000366210938,67.34986877441406,694000
2013-01-28,84.37000274658203,84.4000015258789,84.37000274658203,84.37999725341797,67.3259048461914,642300
2013-01-29,84.41999816894531,84.41999816894531,84.38999938964844,84.38999938964844,67.33392333984375,672300
2013-01-30,84.4000015258789,84.41999816894531,84.38999938964844,84.41999816894531,67.35784149169922,526500
2013-01-31,84.44000244140625,84.44000244140625,84.41999816894531,84.43000030517578,67.36585998535156,641600
2013-02-01,84.41999816894531,84.44999694824219,84.4000015258789,84.4000015258789,67.35861206054688,1081200
2013-02-04,84.41999816894531,84.44000244140625,84.41000366210938,84.41999816894531,67.37466430664062,749700
2013-02-05,84.41000366210938,84.41999816894531,84.41000366210938,84.41999816894531,67.37466430664062,2165500
2013-02-06,84.43000030517578,84.44000244140625,84.43000030517578,84.44000244140625,67.39057159423828,1691600
2013-02-07,84.44999694824219,84.44999694824219,84.43000030517578,84.44000244140625,67.39057159423828,672800
2013-02-08,84.41999816894531,84.44999694824219,84.41999816894531,84.44999694824219,67.39852142333984,590500
2013-02-11,84.43000030517578,84.44000244140625,84.41999816894531,84.41999816894531,67.37466430664062,755100
2013-02-12,84.41999816894531,84.41999816894531,84.4000015258789,84.4000015258789,67.35861206054688,529600
2013-02-13,84.41999816894531,84.41999816894531,84.38999938964844,84.38999938964844,67.3506851196289,505800
2013-02-14,84.4000015258789,84.41000366210938,84.4000015258789,84.4000015258789,67.35861206054688,580400
2013-02-15,84.4000015258789,84.41000366210938,84.4000015258789,84.41000366210938,67.3666000366211,1113600
2013-02-19,84.41000366210938,84.41999816894531,84.4000015258789,84.4000015258789,67.35861206054688,793000
2013-02-20,84.4000015258789,84.41000366210938,84.4000015258789,84.4000015258789,67.35861206054688,480300
2013-02-21,84.43000030517578,84.44000244140625,84.41999816894531,84.43000030517578,67.3825912475586,610700
2013-02-22,84.43000030517578,84.44000244140625,84.43000030517578,84.43000030517578,67.3825912475586,693200
2013-02-25,84.41999816894531,84.45999908447266,84.41999816894531,84.44999694824219,67.39852142333984,433500
2013-02-26,84.44999694824219,84.47000122070312,84.44999694824219,84.47000122070312,67.41453552246094,1370600
2013-02-27,84.45999908447266,84.47000122070312,84.45999908447266,84.47000122070312,67.41453552246094,1158800
2013-02-28,84.45999908447266,84.4800033569336,84.45999908447266,84.45999908447266,67.4065170288086,663800
2013-03-01,84.44999694824219,84.45999908447266,84.44999694824219,84.45999908447266,67.42089080810547,1563100
2013-03-04,84.44999694824219,84.45999908447266,84.44999694824219,84.44999694824219,67.41295623779297,485800
2013-03-05,84.44000244140625,84.44999694824219,84.44000244140625,84.44000244140625,67.40496826171875,583200
2013-03-06,84.43000030517578,84.43000030517578,84.41999816894531,84.43000030517578,67.39694213867188,452800
2013-03-07,84.41999816894531,84.43000030517578,84.41000366210938,84.41000366210938,67.38092041015625,519800
2013-03-08,84.4000015258789,84.41999816894531,84.38999938964844,84.41999816894531,67.38897705078125,727400
2013-03-11,84.41999816894531,84.41999816894531,84.41000366210938,84.41000366210938,67.38092041015625,1269800
2013-03-12,84.41999816894531,84.43000030517578,84.41000366210938,84.43000030517578,67.39694213867188,1154800
2013-03-13,84.41000366210938,84.41999816894531,84.4000015258789,84.41000366210938,67.38092041015625,858800
2013-03-14,84.4000015258789,84.41999816894531,84.4000015258789,84.41000366210938,67.38092041015625,480900
2013-03-15,84.41999816894531,84.44000244140625,84.41000366210938,84.44000244140625,67.40496826171875,599400
2013-03-18,84.43000030517578,84.45999908447266,84.43000030517578,84.45999908447266,67.42089080810547,416900
2013-03-19,84.45999908447266,84.45999908447266,84.44000244140625,84.44999694824219,67.41295623779297,528700
2013-03-20,84.43000030517578,84.44000244140625,84.43000030517578,84.44000244140625,67.40496826171875,592000
2013-03-21,84.43000030517578,84.44999694824219,84.43000030517578,84.44999694824219,67.41295623779297,691200
2013-03-22,84.45999908447266,84.45999908447266,84.43000030517578,84.43000030517578,67.39694213867188,593700
2013-03-25,84.43000030517578,84.44000244140625,84.43000030517578,84.43000030517578,67.39694213867188,610500
2013-03-26,84.44000244140625,84.44000244140625,84.41999816894531,84.44000244140625,67.40496826171875,504300
2013-03-27,84.45999908447266,84.47000122070312,84.44000244140625,84.45999908447266,67.42089080810547,1263800
2013-03-28,84.44000244140625,84.47000122070312,84.44000244140625,84.47000122070312,67.42887115478516,691200
2013-04-01,84.38999938964844,84.45999908447266,84.38999938964844,84.45999908447266,67.43527221679688,1015600
2013-04-02,84.43000030517578,84.47000122070312,84.43000030517578,84.45999908447266,67.43527221679688,5059900
2013-04-03,84.41999816894531,84.45999908447266,84.41999816894531,84.44999694824219,67.42730712890625,723400
2013-04-04,84.45999908447266,84.4800033569336,84.45999908447266,84.4800033569336,67.45120239257812,457100
2013-04-05,84.47000122070312,84.4800033569336,84.47000122070312,84.4800033569336,67.45120239257812,614100
2013-04-08,84.45999908447266,84.4800033569336,84.45999908447266,84.45999908447266,67.43527221679688,596500
2013-04-09,84.45999908447266,84.4800033569336,84.45999908447266,84.45999908447266,67.43527221679688,1046800
2013-04-10,84.44999694824219,84.47000122070312,84.44999694824219,84.45999908447266,67.43527221679688,1647200
2013-04-11,84.45999908447266,84.47000122070312,84.44999694824219,84.45999908447266,67.43527221679688,4089300
2013-04-12,84.45999908447266,84.4800033569336,84.45999908447266,84.47000122070312,67.44324493408203,486700
2013-04-15,84.47000122070312,84.48999786376953,84.47000122070312,84.4800033569336,67.45120239257812,604000
2013-04-16,84.47000122070312,84.4800033569336,84.47000122070312,84.4800033569336,67.45120239257812,533500
2013-04-17,84.47000122070312,84.48999786376953,84.47000122070312,84.4800033569336,67.45120239257812,386900
2013-04-18,84.47000122070312,84.48999786376953,84.47000122070312,84.4800033569336,67.45120239257812,1195100
2013-04-19,84.47000122070312,84.4800033569336,84.45999908447266,84.4800033569336,67.45120239257812,591800
2013-04-22,84.4800033569336,84.48999786376953,84.45999908447266,84.48999786376953,67.45924377441406,797400
2013-04-23,84.48999786376953,84.48999786376953,84.4800033569336,84.4800033569336,67.45120239257812,524900
2013-04-24,84.4800033569336,84.48999786376953,84.47000122070312,84.48999786376953,67.45924377441406,578300
2013-04-25,84.47000122070312,84.5,84.47000122070312,84.4800033569336,67.45120239257812,688100
2013-04-26,84.4800033569336,84.51000213623047,84.4800033569336,84.5,67.4672622680664,685900
2013-04-29,84.5,84.5199966430664,84.5,84.5199966430664,67.48313903808594,496700
2013-04-30,84.52999877929688,84.52999877929688,84.51000213623047,84.51000213623047,67.47518157958984,506700
2013-05-01,84.5,84.5199966430664,84.48999786376953,84.51000213623047,67.48875427246094,1051500
2013-05-02,84.48999786376953,84.51000213623047,84.48999786376953,84.5,67.48070526123047,544900
2013-05-03,84.5,84.5,84.47000122070312,84.47000122070312,67.45682525634766,1145200
2013-05-06,84.48999786376953,84.48999786376953,84.47000122070312,84.47000122070312,67.45682525634766,576100
2013-05-07,84.47000122070312,84.48999786376953,84.47000122070312,84.47000122070312,67.45682525634766,539800
2013-05-08,84.4800033569336,84.4800033569336,84.47000122070312,84.4800033569336,67.46484375,540000
2013-05-09,84.47000122070312,84.4800033569336,84.47000122070312,84.47000122070312,67.45682525634766,353500
2013-05-10,84.47000122070312,84.4800033569336,84.44999694824219,84.45999908447266,67.44879150390625,470800
2013-05-13,84.45999908447266,84.45999908447266,84.44000244140625,84.44000244140625,67.4328384399414,829600
2013-05-14,84.44000244140625,84.45999908447266,84.43000030517578,84.44000244140625,67.4328384399414,517900
2013-05-15,84.44999694824219,84.45999908447266,84.44999694824219,84.44999694824219,67.44084930419922,538400
2013-05-16,84.45999908447266,84.4800033569336,84.45999908447266,84.47000122070312,67.45682525634766,499400
2013-05-17,84.4800033569336,84.4800033569336,84.44999694824219,84.44999694824219,67.44084930419922,460300
2013-05-20,84.4800033569336,84.4800033569336,84.44000244140625,84.45999908447266,67.44879150390625,364700
2013-05-21,84.44999694824219,84.47000122070312,84.44999694824219,84.45999908447266,67.44879150390625,440800
2013-05-22,84.45999908447266,84.47000122070312,84.43000030517578,84.43000030517578,67.42494201660156,1022500
2013-05-23,84.44999694824219,84.45999908447266,84.43000030517578,84.44999694824219,67.44084930419922,835700
2013-05-24,84.44999694824219,84.44999694824219,84.43000030517578,84.43000030517578,67.42494201660156,1251800
2013-05-28,84.45999908447266,84.45999908447266,84.37000274658203,84.37000274658203,67.3769760131836,995800
2013-05-29,84.37000274658203,84.38999938964844,84.36000061035156,84.37000274658203,67.3769760131836,796000
2013-05-30,84.4000015258789,84.4000015258789,84.37999725341797,84.38999938964844,67.39291381835938,1437300
2013-05-31,84.4000015258789,84.4000015258789,84.3499984741211,84.37999725341797,67.38494110107422,1320700
2013-06-03,84.37000274658203,84.41000366210938,84.3499984741211,84.38999938964844,67.406494140625,2606400
2013-06-04,84.37999725341797,84.38999938964844,84.3499984741211,84.38999938964844,67.406494140625,764900
2013-06-05,84.37000274658203,84.4000015258789,84.36000061035156,84.4000015258789,67.41450500488281,663900
2013-06-06,84.38999938964844,84.41000366210938,84.37000274658203,84.38999938964844,67.406494140625,1572400
2013-06-07,84.3499984741211,84.37999725341797,84.3499984741211,84.37999725341797,67.39851379394531,501800
2013-06-10,84.33999633789062,84.3499984741211,84.31999969482422,84.3499984741211,67.3745346069336,789800
2013-06-11,84.31999969482422,84.33999633789062,84.30000305175781,84.33999633789062,67.36653900146484,683100
2013-06-12,84.31999969482422,84.36000061035156,84.30999755859375,84.33000183105469,67.35858917236328,2149200
2013-06-13,84.30999755859375,84.38999938964844,84.30999755859375,84.37000274658203,67.39054870605469,1568700
2013-06-14,84.38999938964844,84.43000030517578,84.38999938964844,84.43000030517578,67.43850708007812,791700
2013-06-17,84.44000244140625,84.44000244140625,84.41999816894531,84.43000030517578,67.43850708007812,890800
2013-06-18,84.41000366210938,84.44000244140625,84.38999938964844,84.43000030517578,67.43850708007812,1762700
2013-06-19,84.41999816894531,84.43000030517578,84.31999969482422,84.33000183105469,67.35858917236328,884400
2013-06-20,84.30000305175781,84.33999633789062,84.29000091552734,84.31999969482422,67.35059356689453,3282200
2013-06-21,84.27999877929688,84.30000305175781,84.2300033569336,84.25,67.294677734375,3785200
2013-06-24,84.13999938964844,84.2300033569336,84.13999938964844,84.20999908447266,67.26273345947266,1885200
2013-06-25,84.23999786376953,84.23999786376953,84.18000030517578,84.19999694824219,67.25473022460938,2382600
2013-06-26,84.23999786376953,84.25,84.19999694824219,84.23999786376953,67.28668212890625,1452800
2013-06-27,84.2699966430664,84.30000305175781,84.25,84.29000091552734,67.32662200927734,2783900
2013-06-28,84.2699966430664,84.30999755859375,84.25,84.27999877929688,67.31863403320312,3109100
2013-07-01,84.26000213623047,84.30999755859375,84.25,84.30000305175781,67.34819793701172,4884800
2013-07-02,84.30000305175781,84.30999755859375,84.29000091552734,84.30999755859375,67.35623931884766,1026500
2013-07-03,84.31999969482422,84.31999969482422,84.26000213623047,84.30000305175781,67.34819793701172,692600
2013-07-05,84.19000244140625,84.23999786376953,84.19000244140625,84.20999908447266,67.27628326416016,484500
2013-07-08,84.20999908447266,84.27999877929688,84.20999908447266,84.2699966430664,67.32421875,753800
2013-07-09,84.30000305175781,84.30000305175781,84.25,84.26000213623047,67.31623077392578,947900
2013-07-10,84.25,84.2699966430664,84.23999786376953,84.26000213623047,67.31623077392578,1401900
2013-07-11,84.30000305175781,84.33000183105469,84.2699966430664,84.33000183105469,67.37217712402344,835200
2013-07-12,84.30999755859375,84.3499984741211,84.27999877929688,84.27999877929688,67.33226013183594,2106800
2013-07-15,84.30999755859375,84.33000183105469,84.30000305175781,84.31999969482422,67.36420440673828,1025700
2013-07-16,84.3499984741211,84.36000061035156,84.31999969482422,84.33000183105469,67.37217712402344,836000
2013-07-17,84.37999725341797,84.4000015258789,84.3499984741211,84.36000061035156,67.39611053466797,728400
2013-07-18,84.37000274658203,84.38999938964844,84.33999633789062,84.3499984741211,67.38815307617188,909900
2013-07-19,84.37000274658203,84.4000015258789,84.3499984741211,84.38999938964844,67.42009735107422,519100
2013-07-22,84.37999725341797,84.4000015258789,84.36000061035156,84.38999938964844,67.42009735107422,1377400
2013-07-23,84.38999938964844,84.38999938964844,84.36000061035156,84.37999725341797,67.41215515136719,1087100
2013-07-24,84.33999633789062,84.37999725341797,84.30999755859375,84.33999633789062,67.3801498413086,575400
2013-07-25,84.31999969482422,84.38999938964844,84.31999969482422,84.38999938964844,67.42009735107422,582700
2013-07-26,84.37999725341797,84.4000015258789,84.37000274658203,84.4000015258789,67.42810821533203,644800
2013-07-29,84.37000274658203,84.4000015258789,84.37000274658203,84.38999938964844,67.42009735107422,440300
2013-07-30,84.37999725341797,84.41000366210938,84.37999725341797,84.4000015258789,67.42810821533203,542100
2013-07-31,84.37000274658203,84.41000366210938,84.33999633789062,84.4000015258789,67.42810821533203,1283900
2013-08-01,84.36000061035156,84.37000274658203,84.30999755859375,84.3499984741211,67.40252685546875,6766100
2013-08-02,84.33000183105469,84.41000366210938,84.33000183105469,84.41000366210938,67.45047760009766,1187100
2013-08-05,84.4000015258789,84.41000366210938,84.37000274658203,84.4000015258789,67.44246673583984,870600
2013-08-06,84.37000274658203,84.4000015258789,84.37000274658203,84.38999938964844,67.4344711303711,881800
2013-08-07,84.4000015258789,84.41000366210938,84.37999725341797,84.41000366210938,67.45047760009766,704600
2013-08-08,84.38999938964844,84.41000366210938,84.38999938964844,84.41000366210938,67.45047760009766,709400
2013-08-09,84.4000015258789,84.41000366210938,84.38999938964844,84.38999938964844,67.4344711303711,566000
2013-08-12,84.43000030517578,84.43000030517578,84.38999938964844,84.38999938964844,67.4344711303711,511600
2013-08-13,84.37999725341797,84.37999725341797,84.33999633789062,84.3499984741211,67.40252685546875,531400
2013-08-14,84.3499984741211,84.37000274658203,84.33999633789062,84.3499984741211,67.40252685546875,972600
2013-08-15,84.30999755859375,84.33999633789062,84.30000305175781,84.31999969482422,67.37854766845703,704200
2013-08-16,84.30999755859375,84.33999633789062,84.29000091552734,84.33000183105469,67.38655090332031,2293500
2013-08-19,84.31999969482422,84.31999969482422,84.27999877929688,84.30999755859375,67.37057495117188,1951100
2013-08-20,84.31999969482422,84.33999633789062,84.31999969482422,84.33000183105469,67.38655090332031,1649400
2013-08-21,84.31999969482422,84.33999633789062,84.27999877929688,84.27999877929688,67.3465576171875,651200
2013-08-22,84.26000213623047,84.27999877929688,84.22000122070312,84.25,67.3226089477539,735000
2013-08-23,84.19000244140625,84.27999877929688,84.19000244140625,84.25,67.3226089477539,638200
2013-08-26,84.2699966430664,84.30000305175781,84.2699966430664,84.27999877929688,67.3465576171875,733100
2013-08-27,84.27999877929688,84.31999969482422,84.27999877929688,84.31999969482422,67.37854766845703,802800
2013-08-28,84.2699966430664,84.30000305175781,84.25,84.2699966430664,67.33857727050781,709200
2013-08-29,84.2699966430664,84.29000091552734,84.23999786376953,84.29000091552734,67.35460662841797,653200
2013-08-30,84.27999877929688,84.30000305175781,84.2699966430664,84.30000305175781,67.36258697509766,847700
2013-09-03,84.20999908447266,84.25,84.19999694824219,84.25,67.3370132446289,2991200
2013-09-04,84.20999908447266,84.2300033569336,84.16000366210938,84.16999816894531,67.27306365966797,947200
2013-09-05,84.08999633789062,84.12000274658203,84.05000305175781,84.08999633789062,67.20907592773438,1315100
2013-09-06,84.12999725341797,84.19999694824219,84.12999725341797,84.16999816894531,67.27306365966797,765500
2013-09-09,84.18000030517578,84.20999908447266,84.18000030517578,84.19000244140625,67.2890625,795600
2013-09-10,84.16000366210938,84.16999816894531,84.13999938964844,84.16000366210938,67.26506042480469,922200
2013-09-11,84.18000030517578,84.20999908447266,84.16000366210938,84.19999694824219,67.29700469970703,864100
2013-09-12,84.20999908447266,84.2300033569336,84.19000244140625,84.19999694824219,67.29700469970703,1586100
2013-09-13,84.19000244140625,84.22000122070312,84.19000244140625,84.19999694824219,67.29700469970703,564700
2013-09-16,84.31999969482422,84.31999969482422,84.26000213623047,84.26000213623047,67.34495544433594,737400
2013-09-17,84.27999877929688,84.30999755859375,84.2699966430664,84.29000091552734,67.36898803710938,668400
2013-09-18,84.29000091552734,84.41999816894531,84.26000213623047,84.4000015258789,67.45690155029297,744300
2013-09-19,84.41000366210938,84.43000030517578,84.37000274658203,84.37000274658203,67.43289947509766,5185900
2013-09-20,84.37999725341797,84.38999938964844,84.36000061035156,84.37999725341797,67.44091796875,606600
2013-09-23,84.36000061035156,84.4000015258789,84.36000061035156,84.4000015258789,67.45690155029297,849600
2013-09-24,84.41000366210938,84.41999816894531,84.37999725341797,84.41000366210938,67.46488952636719,674500
2013-09-25,84.41000366210938,84.44000244140625,84.38999938964844,84.44000244140625,67.48885345458984,1570500
2013-09-26,84.44999694824219,84.44999694824219,84.38999938964844,84.4000015258789,67.45690155029297,497100
2013-09-27,84.44000244140625,84.47000122070312,84.41999816894531,84.44999694824219,67.49681091308594,2082200
2013-09-30,84.43000030517578,84.47000122070312,84.43000030517578,84.47000122070312,67.51280212402344,1717500
2013-10-01,84.44000244140625,84.44999694824219,84.4000015258789,84.43000030517578,67.49527740478516,7696500
2013-10-02,84.44000244140625,84.45999908447266,84.43000030517578,84.44000244140625,67.50321197509766,1773800
2013-10-03,84.41999816894531,84.45999908447266,84.41999816894531,84.44000244140625,67.50321197509766,693200
2013-10-04,84.41999816894531,84.44000244140625,84.41000366210938,84.41000366210938,67.47926330566406,498600
2013-10-07,84.44000244140625,84.44000244140625,84.38999938964844,84.41000366210938,67.47926330566406,602100
2013-10-08,84.38999938964844,84.38999938964844,84.33000183105469,84.33999633789062,67.42322540283203,572200
2013-10-09,84.36000061035156,84.37999725341797,84.33000183105469,84.37000274658203,67.4472885131836,696200
2013-10-10,84.3499984741211,84.37000274658203,84.3499984741211,84.37000274658203,67.4472885131836,469700
2013-10-11,84.41000366210938,84.41999816894531,84.37000274658203,84.37000274658203,67.4472885131836,889600
2013-10-14,84.3499984741211,84.37000274658203,84.31999969482422,84.33999633789062,67.42322540283203,581200
2013-10-15,84.37000274658203,84.38999938964844,84.3499984741211,84.37000274658203,67.4472885131836,1396400
2013-10-16,84.37999725341797,84.41000366210938,84.33999633789062,84.4000015258789,67.47124481201172,785600
2013-10-17,84.44000244140625,84.44999694824219,84.41999816894531,84.43000030517578,67.49527740478516,1823500
2013-10-18,84.44000244140625,84.44999694824219,84.43000030517578,84.43000030517578,67.49527740478516,647100
2013-10-21,84.44000244140625,84.44999694824219,84.41999816894531,84.43000030517578,67.49527740478516,453700
2013-10-22,84.47000122070312,84.5,84.47000122070312,84.5,67.55120849609375,1274200
2013-10-23,84.5,84.5,84.47000122070312,84.47000122070312,67.52719116210938,1109600
2013-10-24,84.47000122070312,84.4800033569336,84.45999908447266,84.45999908447266,67.51921081542969,1312200
2013-10-25,84.4800033569336,84.5,84.45999908447266,84.4800033569336,67.53524017333984,1739300
2013-10-28,84.47000122070312,84.5,84.47000122070312,84.5,67.55120849609375,716400
2013-10-29,84.48999786376953,84.5,84.4800033569336,84.5,67.55120849609375,548500
2013-10-30,84.5,84.5199966430664,84.48999786376953,84.5,67.55120849609375,524500
2013-10-31,84.5,84.51000213623047,84.4800033569336,84.51000213623047,67.55919647216797,1532500
2013-11-01,84.47000122070312,84.4800033569336,84.45999908447266,84.45999908447266,67.53441619873047,1213600
2013-11-04,84.47000122070312,84.48999786376953,84.47000122070312,84.4800033569336,67.5504379272461,933500
2013-11-05,84.4800033569336,84.4800033569336,84.44999694824219,84.4800033569336,67.5504379272461,1523800
2013-11-06,84.5,84.5199966430664,84.48999786376953,84.5,67.56635284423828,1145400
2013-11-07,84.5199966430664,84.52999877929688,84.51000213623047,84.5199966430664,67.58233642578125,627300
2013-11-08,84.4800033569336,84.48999786376953,84.45999908447266,84.45999908447266,67.53441619873047,1591100
2013-11-11,84.44999694824219,84.4800033569336,84.44999694824219,84.4800033569336,67.5504379272461,257500
2013-11-12,84.44000244140625,84.47000122070312,84.44000244140625,84.45999908447266,67.53441619873047,1296400
2013-11-13,84.47000122070312,84.48999786376953,84.45999908447266,84.45999908447266,67.53441619873047,3394800
2013-11-14,84.48999786376953,84.5199966430664,84.4800033569336,84.51000213623047,67.57441711425781,470300
2013-11-15,84.52999877929688,84.52999877929688,84.51000213623047,84.51000213623047,67.57441711425781,544700
2013-11-18,84.52999877929688,84.55000305175781,84.51000213623047,84.55000305175781,67.60636138916016,1592900
2013-11-19,84.5199966430664,84.54000091552734,84.5199966430664,84.5199966430664,67.58233642578125,729700
2013-11-20,84.54000091552734,84.56999969482422,84.5199966430664,84.52999877929688,67.5903549194336,862500
2013-11-21,84.54000091552734,84.56999969482422,84.52999877929688,84.56999969482422,67.62239074707031,490600
2013-11-22,84.55000305175781,84.55000305175781,84.52999877929688,84.55000305175781,67.60636138916016,661800
2013-11-25,84.55000305175781,84.55000305175781,84.52999877929688,84.55000305175781,67.60636138916016,462700
2013-11-26,84.52999877929688,84.55999755859375,84.52999877929688,84.55999755859375,67.6143569946289,505800
2013-11-27,84.55000305175781,84.55999755859375,84.54000091552734,84.55999755859375,67.6143569946289,449600
2013-11-29,84.51000213623047,84.56999969482422,84.51000213623047,84.56999969482422,67.62239074707031,627900
2013-12-02,84.44000244140625,84.54000091552734,84.44000244140625,84.5,67.58152770996094,2508400
2013-12-03,84.5199966430664,84.52999877929688,84.5199966430664,84.5199966430664,67.5975341796875,577400
2013-12-04,84.48999786376953,84.5199966430664,84.48999786376953,84.5,67.58152770996094,827700
2013-12-05,84.5,84.5199966430664,84.4800033569336,84.51000213623047,67.5895767211914,454600
2013-12-06,84.4800033569336,84.5,84.47000122070312,84.4800033569336,67.56558227539062,984900
2013-12-09,84.4800033569336,84.5,84.47000122070312,84.4800033569336,67.56558227539062,397300
2013-12-10,84.5,84.51000213623047,84.4800033569336,84.51000213623047,67.5895767211914,390100
2013-12-11,84.48999786376953,84.51000213623047,84.4800033569336,84.4800033569336,67.56558227539062,418400
2013-12-12,84.47000122070312,84.47000122070312,84.43000030517578,84.44999694824219,67.54158020019531,1247900
2013-12-13,84.45999908447266,84.47000122070312,84.44000244140625,84.47000122070312,67.5575942993164,445300
2013-12-16,84.44999694824219,84.4800033569336,84.44999694824219,84.47000122070312,67.5575942993164,724700
2013-12-17,84.47000122070312,84.48999786376953,84.45999908447266,84.48999786376953,67.57354736328125,826700
2013-12-18,84.47000122070312,84.5199966430664,84.45999908447266,84.48999786376953,67.57354736328125,1675600
2013-12-19,84.44000244140625,84.47000122070312,84.43000030517578,84.44000244140625,67.5335922241211,767900
2013-12-20,84.41000366210938,84.44999694824219,84.41000366210938,84.41000366210938,67.50957489013672,851000
2013-12-23,84.41999816894531,84.41999816894531,84.4000015258789,84.4000015258789,67.5016098022461,624400
2013-12-24,84.37999725341797,84.4000015258789,84.37000274658203,84.37000274658203,67.47761535644531,711000
2013-12-26,84.3499984741211,84.37000274658203,84.33999633789062,84.33999633789062,67.4703598022461,729000
2013-12-27,84.37999725341797,84.38999938964844,84.37000274658203,84.37999725341797,67.50236511230469,423700
2013-12-30,84.38999938964844,84.4000015258789,84.37999725341797,84.4000015258789,67.5184097290039,442900
2013-12-31,84.38999938964844,84.41000366210938,84.37999725341797,84.37999725341797,67.50236511230469,609800
2014-01-02,84.4000015258789,84.41999816894531,84.38999938964844,84.41999816894531,67.5344009399414,2412500
2014-01-03,84.38999938964844,84.41999816894531,84.37999725341797,84.38999938964844,67.51043701171875,1062700
2014-01-06,84.37999725341797,84.4000015258789,84.37999725341797,84.4000015258789,67.5184097290039,699500
2014-01-07,84.4000015258789,84.4000015258789,84.38999938964844,84.4000015258789,67.5184097290039,664900
2014-01-08,84.37000274658203,84.37000274658203,84.30999755859375,84.31999969482422,67.45437622070312,608600
2014-01-09,84.33999633789062,84.33999633789062,84.30999755859375,84.33999633789062,67.4703598022461,1121100
2014-01-10,84.38999938964844,84.43000030517578,84.37999725341797,84.41999816894531,67.5344009399414,491900
2014-01-13,84.43000030517578,84.45999908447266,84.43000030517578,84.44000244140625,67.5504379272461,1269200
2014-01-14,84.43000030517578,84.44999694824219,84.4000015258789,84.41999816894531,67.5344009399414,487000
2014-01-15,84.38999938964844,84.38999938964844,84.37000274658203,84.38999938964844,67.51043701171875,800100
2014-01-16,84.4000015258789,84.41000366210938,84.38999938964844,84.41000366210938,67.52637481689453,738600
2014-01-17,84.41999816894531,84.41999816894531,84.4000015258789,84.41000366210938,67.52637481689453,418300
2014-01-21,84.41999816894531,84.43000030517578,84.4000015258789,84.4000015258789,67.5184097290039,498600
2014-01-22,84.37000274658203,84.38999938964844,84.36000061035156,84.36000061035156,67.48645782470703,622700
2014-01-23,84.36000061035156,84.44999694824219,84.36000061035156,84.44000244140625,67.5504379272461,886600
2014-01-24,84.43000030517578,84.5,84.43000030517578,84.47000122070312,67.57440185546875,781200
2014-01-27,84.44999694824219,84.4800033569336,84.44000244140625,84.45999908447266,67.56642150878906,1166400
2014-01-28,84.47000122070312,84.4800033569336,84.44999694824219,84.45999908447266,67.56642150878906,645100
2014-01-29,84.48999786376953,84.5199966430664,84.4800033569336,84.5199966430664,67.61437225341797,538500
2014-01-30,84.5,84.51000213623047,84.4800033569336,84.51000213623047,67.60638427734375,579400
2014-01-31,84.54000091552734,84.55000305175781,84.5199966430664,84.55000305175781,67.63836669921875,939500
2014-02-03,84.51000213623047,84.58000183105469,84.48999786376953,84.55000305175781,67.65675354003906,54448200
2014-02-04,84.52999877929688,84.55999755859375,84.52999877929688,84.55999755859375,67.66481018066406,2357300
2014-02-05,84.52999877929688,84.55000305175781,84.5199966430664,84.5199966430664,67.63275909423828,3985300
2014-02-06,84.5199966430664,84.52999877929688,84.5,84.52999877929688,67.64075469970703,1420700
2014-02-07,84.5199966430664,84.55999755859375,84.5199966430664,84.55000305175781,67.65675354003906,1426700
2014-02-10,84.54000091552734,84.55000305175781,84.5199966430664,84.52999877929688,67.64075469970703,1571900
2014-02-11,84.5,84.51000213623047,84.48999786376953,84.51000213623047,67.62479400634766,1295500
2014-02-12,84.48999786376953,84.48999786376953,84.45999908447266,84.47000122070312,67.59275817871094,2196700
2014-02-13,84.5,84.54000091552734,84.44999694824219,84.5199966430664,67.63275909423828,1334300
2014-02-14,84.5199966430664,84.54000091552734,84.51000213623047,84.5199966430664,67.63275909423828,1279000
2014-02-18,84.52999877929688,84.56999969482422,84.52999877929688,84.55000305175781,67.65675354003906,1081300
2014-02-19,84.56999969482422,84.58000183105469,84.5199966430664,84.5199966430664,67.63275909423828,1357800
2014-02-20,84.5,84.52999877929688,84.5,84.52999877929688,67.64075469970703,1012600
2014-02-21,84.51000213623047,84.54000091552734,84.5,84.54000091552734,67.64881896972656,750300
2014-02-24,84.5199966430664,84.54000091552734,84.51000213623047,84.54000091552734,67.64881896972656,1647600
2014-02-25,84.52999877929688,84.55000305175781,84.5199966430664,84.52999877929688,67.64075469970703,666400
2014-02-26,84.52999877929688,84.58000183105469,84.52999877929688,84.56999969482422,67.67278289794922,2079600
2014-02-27,84.56999969482422,84.58000183105469,84.55999755859375,84.55999755859375,67.66481018066406,362600
2014-02-28,84.55000305175781,84.56999969482422,84.52999877929688,84.55999755859375,67.66481018066406,2360500
2014-03-03,84.55000305175781,84.58999633789062,84.55000305175781,84.58999633789062,67.70321655273438,2587200
2014-03-04,84.55000305175781,84.55000305175781,84.51000213623047,84.5199966430664,67.64720916748047,49419100
2014-03-05,84.5,84.55000305175781,84.48999786376953,84.55000305175781,67.67117309570312,2176200
2014-03-06,84.5,84.5199966430664,84.48999786376953,84.5,67.63118743896484,1044400
2014-03-07,84.44000244140625,84.4800033569336,84.44000244140625,84.44000244140625,67.58317565917969,807400
2014-03-10,84.43000030517578,84.47000122070312,84.43000030517578,84.44999694824219,67.59113311767578,450100
2014-03-11,84.45999908447266,84.47000122070312,84.44000244140625,84.44999694824219,67.59113311767578,337500
2014-03-12,84.48999786376953,84.48999786376953,84.47000122070312,84.4800033569336,67.61517333984375,342400
2014-03-13,84.44999694824219,84.52999877929688,84.43000030517578,84.52999877929688,67.65518188476562,2012000
2014-03-14,84.54000091552734,84.54000091552734,84.51000213623047,84.51000213623047,67.63917541503906,1035600
2014-03-17,84.5,84.51000213623047,84.47000122070312,84.4800033569336,67.61517333984375,659700
2014-03-18,84.48999786376953,84.51000213623047,84.4800033569336,84.5,67.63118743896484,317000
2014-03-19,84.48999786376953,84.51000213623047,84.33000183105469,84.36000061035156,67.5191650390625,567200
2014-03-20,84.36000061035156,84.37999725341797,84.3499984741211,84.37000274658203,67.52715301513672,826800
2014-03-21,84.37000274658203,84.38999938964844,84.3499984741211,84.37999725341797,67.5351333618164,452200
2014-03-24,84.30999755859375,84.36000061035156,84.30999755859375,84.33999633789062,67.50308990478516,1761600
2014-03-25,84.33999633789062,84.37999725341797,84.33999633789062,84.3499984741211,67.5110855102539,962000
2014-03-26,84.36000061035156,84.43000030517578,84.36000061035156,84.41000366210938,67.55914306640625,598400
2014-03-27,84.37999725341797,84.41999816894531,84.37999725341797,84.4000015258789,67.55116271972656,447800
2014-03-28,84.37000274658203,84.41000366210938,84.37000274658203,84.4000015258789,67.55116271972656,335900
2014-03-31,84.38999938964844,84.44999694824219,84.37999725341797,84.44999694824219,67.59113311767578,1502200
2014-04-01,84.4000015258789,84.41000366210938,84.37999725341797,84.37999725341797,67.55194091796875,4107900
2014-04-02,84.36000061035156,84.37000274658203,84.3499984741211,84.3499984741211,67.52787017822266,504800
2014-04-03,84.3499984741211,84.37999725341797,84.3499984741211,84.37000274658203,67.54393768310547,2637400
2014-04-04,84.41999816894531,84.44000244140625,84.4000015258789,84.44000244140625,67.59994506835938,726400
2014-04-07,84.44000244140625,84.47000122070312,84.44000244140625,84.44999694824219,67.60795593261719,423300
2014-04-08,84.45999908447266,84.47000122070312,84.44000244140625,84.45999908447266,67.61602020263672,455900
2014-04-09,84.44999694824219,84.5199966430664,84.41999816894531,84.5,67.64798736572266,939600
2014-04-10,84.5199966430664,84.55999755859375,84.51000213623047,84.55000305175781,67.6880111694336,731900
2014-04-11,84.55000305175781,84.55999755859375,84.52999877929688,84.54000091552734,67.68006134033203,2225800
2014-04-14,84.56999969482422,84.56999969482422,84.5,84.52999877929688,67.67200469970703,520300
2014-04-15,84.51000213623047,84.54000091552734,84.48999786376953,84.52999877929688,67.67200469970703,303500
2014-04-16,84.5,84.5199966430664,84.48999786376953,84.5,67.64798736572266,381100
2014-04-17,84.48999786376953,84.5,84.44999694824219,84.4800033569336,67.63198852539062,2592700
2014-04-21,84.45999908447266,84.4800033569336,84.44999694824219,84.4800033569336,67.63198852539062,592800
2014-04-22,84.45999908447266,84.47000122070312,84.44000244140625,84.44000244140625,67.59994506835938,543100
2014-04-23,84.4800033569336,84.5,84.47000122070312,84.4800033569336,67.63198852539062,553100
2014-04-24,84.44999694824219,84.48999786376953,84.44999694824219,84.45999908447266,67.61602020263672,979000
2014-04-25,84.4800033569336,84.5,84.47000122070312,84.47000122070312,67.62396240234375,270300
2014-04-28,84.47000122070312,84.5,84.47000122070312,84.47000122070312,67.62396240234375,280400
2014-04-29,84.4800033569336,84.4800033569336,84.45999908447266,84.45999908447266,67.61602020263672,401300
2014-04-30,84.5,84.5199966430664,84.5,84.5199966430664,67.66403198242188,484000
2014-05-01,84.4800033569336,84.5199966430664,84.4800033569336,84.5,67.66477966308594,1141100
2014-05-02,84.44999694824219,84.5,84.44000244140625,84.48999786376953,67.65680694580078,543100
2014-05-05,84.48999786376953,84.5,84.47000122070312,84.5,67.66477966308594,1540800
2014-05-06,84.47000122070312,84.4800033569336,84.45999908447266,84.47000122070312,67.64079284667969,432900
2014-05-07,84.45999908447266,84.5199966430664,84.45999908447266,84.5,67.66477966308594,645400
2014-05-08,84.5199966430664,84.55000305175781,84.5,84.5199966430664,67.68083190917969,729300
2014-05-09,84.47000122070312,84.55000305175781,84.47000122070312,84.55000305175781,67.704833984375,361700
2014-05-12,84.51000213623047,84.55000305175781,84.51000213623047,84.52999877929688,67.68878173828125,1001200
2014-05-13,84.55999755859375,84.56999969482422,84.54000091552734,84.55999755859375,67.7128677368164,486500
2014-05-14,84.55999755859375,84.62000274658203,84.55999755859375,84.58999633789062,67.73690032958984,644600
2014-05-15,84.58999633789062,84.62000274658203,84.58000183105469,84.5999984741211,67.74491119384766,337200
2014-05-16,84.58999633789062,84.62000274658203,84.58999633789062,84.61000061035156,67.75289916992188,446600
2014-05-19,84.62000274658203,84.6500015258789,84.61000061035156,84.62999725341797,67.7689437866211,362200
2014-05-20,84.61000061035156,84.6500015258789,84.61000061035156,84.63999938964844,67.77690887451172,349900
2014-05-21,84.61000061035156,84.63999938964844,84.61000061035156,84.63999938964844,67.77690887451172,372800
2014-05-22,84.61000061035156,84.62999725341797,84.5999984741211,84.62000274658203,67.76093292236328,468300
2014-05-23,84.62999725341797,84.6500015258789,84.55999755859375,84.5999984741211,67.74491119384766,381500
2014-05-27,84.62999725341797,84.62999725341797,84.5999984741211,84.62000274658203,67.76093292236328,850200
2014-05-28,84.63999938964844,84.66999816894531,84.63999938964844,84.63999938964844,67.77690887451172,562000
2014-05-29,84.6500015258789,84.68000030517578,84.62999725341797,84.62999725341797,67.7689437866211,1651000
2014-05-30,84.62999725341797,84.66000366210938,84.62000274658203,84.6500015258789,67.784912109375,895600
2014-06-02,84.5999984741211,84.61000061035156,84.55999755859375,84.56999969482422,67.7392807006836,978100
2014-06-03,84.55999755859375,84.58000183105469,84.55000305175781,84.55000305175781,67.72327423095703,411200
2014-06-04,84.55999755859375,84.58000183105469,84.55000305175781,84.58000183105469,67.74728393554688,1034300
2014-06-05,84.55999755859375,84.5999984741211,84.55999755859375,84.58999633789062,67.75529479980469,1187800
2014-06-06,84.58000183105469,84.5999984741211,84.55000305175781,84.56999969482422,67.7392807006836,733600
2014-06-09,84.5199966430664,84.54000091552734,84.51000213623047,84.51000213623047,67.69123077392578,586500
2014-06-10,84.66000366210938,84.66000366210938,84.48999786376953,84.48999786376953,67.67520904541016,662600
2014-06-11,84.51000213623047,84.5199966430664,84.5,84.5199966430664,67.69927215576172,288000
2014-06-12,84.5,84.55999755859375,84.5,84.55000305175781,67.72327423095703,1129200
2014-06-13,84.44999694824219,84.51000213623047,84.44999694824219,84.5,67.68319702148438,582100
2014-06-16,84.45999908447266,84.48999786376953,84.45999908447266,84.4800033569336,67.66719055175781,337700
2014-06-17,84.41999816894531,84.44999694824219,84.41000366210938,84.41000366210938,67.61106872558594,726900
2014-06-18,84.45999908447266,84.4800033569336,84.44000244140625,84.4800033569336,67.66719055175781,540100
2014-06-19,84.5,84.5,84.45999908447266,84.47000122070312,67.6591567993164,318700
2014-06-20,84.4800033569336,84.4800033569336,84.44000244140625,84.47000122070312,67.6591567993164,508700
2014-06-23,84.5,84.5,84.45999908447266,84.47000122070312,67.6591567993164,668600
2014-06-24,84.47000122070312,84.5,84.45999908447266,84.5,67.68319702148438,576000
2014-06-25,84.5,84.52999877929688,84.5,84.51000213623047,67.69123077392578,453700
2014-06-26,84.61000061035156,84.61000061035156,84.52999877929688,84.52999877929688,67.70716094970703,368700
2014-06-27,84.55999755859375,84.56999969482422,84.54000091552734,84.55000305175781,67.72327423095703,524900
2014-06-30,84.55000305175781,84.56999969482422,84.54000091552734,84.55999755859375,67.73125457763672,1091800
2014-07-01,84.54000091552734,84.54000091552734,84.5,84.5,67.70323944091797,542700
2014-07-02,84.45999908447266,84.5,84.45999908447266,84.47000122070312,67.67919158935547,594300
2014-07-03,84.44000244140625,84.45999908447266,84.41999816894531,84.45999908447266,67.67120361328125,492600
2014-07-07,84.41000366210938,84.44000244140625,84.41000366210938,84.44000244140625,67.65518188476562,506100
2014-07-08,84.44999694824219,84.47000122070312,84.43000030517578,84.45999908447266,67.67120361328125,627700
2014-07-09,84.44000244140625,84.48999786376953,84.4000015258789,84.47000122070312,67.67919158935547,380900
2014-07-10,84.5,84.54000091552734,84.5,84.51000213623047,67.71121978759766,466100
2014-07-11,84.54000091552734,84.55000305175781,84.5199966430664,84.52999877929688,67.72724914550781,2614500
2014-07-14,84.5,84.52999877929688,84.5,84.5199966430664,67.71923828125,672900
2014-07-15,84.5,84.55000305175781,84.47000122070312,84.4800033569336,67.68717193603516,435700
2014-07-16,84.48999786376953,84.5,84.45999908447266,84.47000122070312,67.67919158935547,426700
2014-07-17,84.5,84.54000091552734,84.4800033569336,84.54000091552734,67.7352523803711,2408500
2014-07-18,84.5,84.5199966430664,84.47000122070312,84.47000122070312,67.67919158935547,2316600
2014-07-21,84.5199966430664,84.5199966430664,84.47000122070312,84.4800033569336,67.68717193603516,2455200
2014-07-22,84.4800033569336,84.5,84.47000122070312,84.4800033569336,67.68717193603516,2456000
2014-07-23,84.5199966430664,84.5199966430664,84.5,84.51000213623047,67.71121978759766,478400
2014-07-24,84.47000122070312,84.48999786376953,84.45999908447266,84.4800033569336,67.68717193603516,221200
2014-07-25,84.48999786376953,84.5,84.47000122070312,84.48999786376953,67.6952133178711,2324500
2014-07-28,84.45999908447266,84.4800033569336,84.44999694824219,84.44999694824219,67.66317749023438,2286900
2014-07-29,84.45999908447266,84.47000122070312,84.44999694824219,84.47000122070312,67.67919158935547,255200
2014-07-30,84.43000030517578,84.43000030517578,84.37999725341797,84.43000030517578,67.6471176147461,1110200
2014-07-31,84.43000030517578,84.47000122070312,84.41000366210938,84.47000122070312,67.67919158935547,1446200
2014-08-01,84.47000122070312,84.55999755859375,84.47000122070312,84.55000305175781,67.76496887207031,19826500
2014-08-04,84.54000091552734,84.55999755859375,84.52999877929688,84.55000305175781,67.76496887207031,1419200
2014-08-05,84.5199966430664,84.56999969482422,84.5199966430664,84.55000305175781,67.76496887207031,1278200
2014-08-06,84.55999755859375,84.58999633789062,84.55000305175781,84.56999969482422,67.781005859375,949900
2014-08-07,84.58000183105469,84.61000061035156,84.54000091552734,84.61000061035156,67.8130111694336,1129200
2014-08-08,84.5999984741211,84.62000274658203,84.55999755859375,84.55999755859375,67.77294921875,500400
2014-08-11,84.58000183105469,84.58999633789062,84.55999755859375,84.55999755859375,67.77294921875,1264700
2014-08-12,84.56999969482422,84.58999633789062,84.55000305175781,84.55999755859375,67.77294921875,1587100
2014-08-13,84.62000274658203,84.62000274658203,84.58000183105469,84.5999984741211,67.80504608154297,708500
2014-08-14,84.56999969482422,84.63999938964844,84.56999969482422,84.62000274658203,67.82103729248047,975800
2014-08-15,84.58999633789062,84.68000030517578,84.58000183105469,84.62000274658203,67.82103729248047,911200
2014-08-18,84.56999969482422,84.62999725341797,84.56999969482422,84.62000274658203,67.82103729248047,721600
2014-08-19,84.62999725341797,84.62999725341797,84.5999984741211,84.62000274658203,67.82103729248047,1047000
2014-08-20,84.5999984741211,84.5999984741211,84.52999877929688,84.54000091552734,67.75691223144531,668300
2014-08-21,84.52999877929688,84.58000183105469,84.52999877929688,84.54000091552734,67.75691223144531,720300
2014-08-22,84.5199966430664,84.55999755859375,84.5,84.5199966430664,67.74089050292969,758700
2014-08-25,84.5,84.5199966430664,84.48999786376953,84.48999786376953,67.71685791015625,1146100
2014-08-26,84.5199966430664,84.52999877929688,84.5,84.5199966430664,67.74089050292969,372100
2014-08-27,84.52999877929688,84.55000305175781,84.52999877929688,84.54000091552734,67.75691223144531,473300
2014-08-28,84.52999877929688,84.56999969482422,84.52999877929688,84.55999755859375,67.77294921875,459100
2014-08-29,84.55999755859375,84.5999984741211,84.55000305175781,84.5999984741211,67.80504608154297,515700
2014-09-02,84.54000091552734,84.55000305175781,84.5,84.5,67.74730682373047,13519800
2014-09-03,84.5,84.52999877929688,84.48999786376953,84.5199966430664,67.76337432861328,741300
2014-09-04,84.51000213623047,84.54000091552734,84.4800033569336,84.51000213623047,67.75528717041016,1702900
2014-09-05,84.54000091552734,84.55999755859375,84.52999877929688,84.54000091552734,67.77933502197266,422000
2014-09-08,84.54000091552734,84.55999755859375,84.48999786376953,84.48999786376953,67.73927307128906,533300
2014-09-09,84.48999786376953,84.5,84.44000244140625,84.44000244140625,67.69918060302734,506900
2014-09-10,84.43000030517578,84.45999908447266,84.43000030517578,84.44999694824219,67.70719146728516,367900
2014-09-11,84.4800033569336,84.48999786376953,84.44999694824219,84.45999908447266,67.71524810791016,774800
2014-09-12,84.43000030517578,84.45999908447266,84.43000030517578,84.44000244140625,67.69918060302734,340600
2014-09-15,84.45999908447266,84.48999786376953,84.45999908447266,84.4800033569336,67.73125457763672,431000
2014-09-16,84.5,84.52999877929688,84.47000122070312,84.52999877929688,67.77132415771484,1624100
2014-09-17,84.47000122070312,84.58000183105469,84.43000030517578,84.44000244140625,67.69918060302734,541600
2014-09-18,84.41999816894531,84.44999694824219,84.41000366210938,84.44999694824219,67.70719146728516,419000
2014-09-19,84.43000030517578,84.45999908447266,84.41999816894531,84.44000244140625,67.69918060302734,425400
2014-09-22,84.47000122070312,84.5,84.45999908447266,84.5,67.74730682373047,332600
2014-09-23,84.4800033569336,84.5199966430664,84.4800033569336,84.5199966430664,67.76337432861328,745800
2014-09-24,84.5,84.5199966430664,84.4800033569336,84.48999786376953,67.73927307128906,1455900
2014-09-25,84.4800033569336,84.55000305175781,84.4800033569336,84.55000305175781,67.78739929199219,892400
2014-09-26,84.52999877929688,84.52999877929688,84.4800033569336,84.51000213623047,67.75528717041016,1486300
2014-09-29,84.52999877929688,84.54000091552734,84.51000213623047,84.52999877929688,67.77132415771484,533200
2014-09-30,84.51000213623047,84.52999877929688,84.48999786376953,84.51000213623047,67.75528717041016,1508000
2014-10-01,84.55000305175781,84.5999984741211,84.52999877929688,84.56999969482422,67.82752990722656,20930800
2014-10-02,84.58000183105469,84.58999633789062,84.54000091552734,84.55999755859375,67.81946563720703,1828300
2014-10-03,84.51000213623047,84.5199966430664,84.47000122070312,84.4800033569336,67.75529479980469,2110100
2014-10-06,84.54000091552734,84.58000183105469,84.51000213623047,84.55999755859375,67.81946563720703,841300
2014-10-07,84.56999969482422,84.62000274658203,84.56999969482422,84.61000061035156,67.85958099365234,1333900
2014-10-08,84.5999984741211,84.70999908447266,84.58999633789062,84.69999694824219,67.93179321289062,1367200
2014-10-09,84.69000244140625,84.72000122070312,84.68000030517578,84.69999694824219,67.93179321289062,623000
2014-10-10,84.70999908447266,84.73999786376953,84.69000244140625,84.73999786376953,67.96382141113281,629300
2014-10-13,84.79000091552734,85.37000274658203,84.76000213623047,84.7699966430664,67.98789978027344,1239000
2014-10-14,84.80999755859375,84.83999633789062,84.79000091552734,84.81999969482422,68.02799224853516,2228800
2014-10-15,85.01000213623047,85.06999969482422,84.83000183105469,84.93000030517578,68.11622619628906,2526700
2014-10-16,84.94999694824219,84.95999908447266,84.86000061035156,84.87999725341797,68.07611846923828,27217300
2014-10-17,84.8499984741211,84.86000061035156,84.80999755859375,84.83000183105469,68.03599548339844,2035000
2014-10-20,84.83999633789062,84.87999725341797,84.83999633789062,84.87999725341797,68.07611846923828,1139800
2014-10-21,84.83999633789062,84.87999725341797,84.83999633789062,84.86000061035156,68.06005859375,1356700
2014-10-22,84.81999969482422,84.83999633789062,84.80999755859375,84.83999633789062,68.04405975341797,1814100
2014-10-23,84.79000091552734,84.81999969482422,84.77999877929688,84.80000305175781,68.01197814941406,1081500
2014-10-24,84.79000091552734,84.83000183105469,84.79000091552734,84.81999969482422,68.02799224853516,1171400
2014-10-27,84.80000305175781,84.83999633789062,84.80000305175781,84.81999969482422,68.02799224853516,919700
2014-10-28,84.81999969482422,84.83999633789062,84.79000091552734,84.80000305175781,68.01197814941406,738300
2014-10-29,84.79000091552734,84.80000305175781,84.69000244140625,84.69000244140625,67.92374420166016,1452200
2014-10-30,84.70999908447266,84.75,84.69999694824219,84.72000122070312,67.94778442382812,1485800
2014-10-31,84.68000030517578,84.72000122070312,84.68000030517578,84.69999694824219,67.93179321289062,1770200
2014-11-03,84.72000122070312,84.72000122070312,84.61000061035156,84.66000366210938,67.92294311523438,14207300
2014-11-04,84.62000274658203,84.66999816894531,84.58999633789062,84.6500015258789,67.91492462158203,1177700
2014-11-05,84.63999938964844,84.63999938964844,84.62000274658203,84.62999725341797,67.8988265991211,1289700
2014-11-06,84.61000061035156,84.63999938964844,84.5999984741211,84.61000061035156,67.8827896118164,815200
2014-11-07,84.6500015258789,84.69000244140625,84.62999725341797,84.66999816894531,67.93094635009766,1389000
2014-11-10,84.66999816894531,84.69000244140625,84.61000061035156,84.61000061035156,67.8827896118164,1381700
2014-11-11,84.58000183105469,84.70999908447266,84.56999969482422,84.5999984741211,67.87480163574219,580300
2014-11-12,84.62999725341797,84.66000366210938,84.61000061035156,84.62999725341797,67.8988265991211,894600
2014-11-13,84.62999725341797,84.66000366210938,84.62999725341797,84.6500015258789,67.91492462158203,746300
2014-11-14,84.63999938964844,84.69000244140625,84.61000061035156,84.69000244140625,67.94699096679688,1064400
2014-11-17,84.66999816894531,84.69000244140625,84.66000366210938,84.68000030517578,67.93896484375,850000
2014-11-18,84.69000244140625,84.69000244140625,84.66000366210938,84.66999816894531,67.93094635009766,23372000
2014-11-19,84.62999725341797,84.69999694824219,84.62999725341797,84.66000366210938,67.92294311523438,962000
2014-11-20,84.69999694824219,84.70999908447266,84.66000366210938,84.68000030517578,67.93896484375,723600
2014-11-21,84.70999908447266,84.72000122070312,84.69000244140625,84.69999694824219,67.9549789428711,1048700
2014-11-24,84.66000366210938,84.70999908447266,84.66000366210938,84.70999908447266,67.96304321289062,1582100
2014-11-25,84.69999694824219,84.73999786376953,84.69000244140625,84.72000122070312,67.9710464477539,472700
2014-11-26,84.72000122070312,84.76000213623047,84.72000122070312,84.7300033569336,67.97911834716797,840000
2014-11-28,84.77999877929688,84.77999877929688,84.75,84.76000213623047,68.00316619873047,319700
2014-12-01,84.79000091552734,84.80999755859375,84.7300033569336,84.7300033569336,68.00238800048828,2475900
2014-12-02,84.70999908447266,84.70999908447266,84.66000366210938,84.68000030517578,67.96224975585938,825300
2014-12-03,84.66999816894531,84.66999816894531,84.62999725341797,84.63999938964844,67.93008422851562,782100
2014-12-04,84.66000366210938,84.69000244140625,84.6500015258789,84.69000244140625,67.97023010253906,901400
2014-12-05,84.52999877929688,84.56999969482422,84.51000213623047,84.52999877929688,67.84182739257812,494200
2014-12-08,84.51000213623047,84.54000091552734,84.48999786376953,84.5199966430664,67.83379364013672,427400
2014-12-09,84.58000183105469,84.61000061035156,84.54000091552734,84.55000305175781,67.8579330444336,545000
2014-12-10,84.54000091552734,84.63999938964844,84.54000091552734,84.62000274658203,67.91412353515625,734300
2014-12-11,84.5999984741211,84.5999984741211,84.55999755859375,84.58000183105469,67.88196563720703,678900
2014-12-12,84.6500015258789,84.72000122070312,84.62000274658203,84.66000366210938,67.94619750976562,942700
2014-12-15,84.62999725341797,84.66000366210938,84.58999633789062,84.5999984741211,67.89801025390625,1662100
2014-12-16,84.66999816894531,84.69000244140625,84.62000274658203,84.6500015258789,67.93814086914062,1239500
2014-12-17,84.62999725341797,84.72000122070312,84.51000213623047,84.56999969482422,67.87393951416016,966900
2014-12-18,84.48999786376953,84.52999877929688,84.48999786376953,84.5199966430664,67.83379364013672,1009100
2014-12-19,84.55999755859375,84.55999755859375,84.45999908447266,84.45999908447266,67.78570556640625,785100
2014-12-22,84.45999908447266,84.5,84.45999908447266,84.4800033569336,67.80170440673828,680300
2014-12-23,84.47000122070312,84.47000122070312,84.38999938964844,84.38999938964844,67.7295150756836,1083500
2014-12-24,84.36000061035156,84.44000244140625,84.3499984741211,84.4000015258789,67.76400756835938,958700
2014-12-26,84.3499984741211,84.4000015258789,84.3499984741211,84.37000274658203,67.73995208740234,414300
2014-12-29,84.43000030517578,84.45999908447266,84.43000030517578,84.44999694824219,67.80413818359375,749500
2014-12-30,84.48999786376953,84.51000213623047,84.45999908447266,84.4800033569336,67.82820129394531,665900
2014-12-31,84.47000122070312,84.5199966430664,84.44999694824219,84.44999694824219,67.80413818359375,724100
2015-01-02,84.48999786376953,84.54000091552734,84.47000122070312,84.54000091552734,67.87645721435547,1735400
2015-01-05,84.47000122070312,84.55000305175781,84.47000122070312,84.54000091552734,67.87645721435547,1214300
2015-01-06,84.55999755859375,84.68000030517578,84.55999755859375,84.58000183105469,67.90853881835938,959400
2015-01-07,84.58999633789062,84.62999725341797,84.56999969482422,84.62000274658203,67.9406509399414,768800
2015-01-08,84.61000061035156,84.63999938964844,84.58999633789062,84.61000061035156,67.93262481689453,862500
2015-01-09,84.66999816894531,84.7300033569336,84.66999816894531,84.68000030517578,67.98883056640625,422200
2015-01-12,84.7300033569336,84.75,84.69999694824219,84.7300033569336,68.02897644042969,641700
2015-01-13,84.73999786376953,84.79000091552734,84.70999908447266,84.77999877929688,68.06912994384766,525600
2015-01-14,84.8499984741211,84.87999725341797,84.83000183105469,84.83000183105469,68.10926055908203,690800
2015-01-15,84.8499984741211,84.95999908447266,84.83999633789062,84.95999908447266,68.21367645263672,577900
2015-01-16,84.93000030517578,84.93000030517578,84.86000061035156,84.87999725341797,68.1493911743164,756300
2015-01-20,84.87000274658203,84.91000366210938,84.83999633789062,84.83999633789062,68.11726379394531,696000
2015-01-21,84.83000183105469,84.88999938964844,84.81999969482422,84.83999633789062,68.11726379394531,606400
2015-01-22,84.87000274658203,84.87000274658203,84.77999877929688,84.80999755859375,68.09320068359375,588900
2015-01-23,84.83000183105469,84.86000061035156,84.80999755859375,84.8499984741211,68.12527465820312,1089900
2015-01-26,84.83000183105469,84.8499984741211,84.79000091552734,84.80000305175781,68.0851821899414,1576400
2015-01-27,84.86000061035156,84.87999725341797,84.81999969482422,84.8499984741211,68.12527465820312,414900
2015-01-28,84.83000183105469,84.91999816894531,84.81999969482422,84.91000366210938,68.1734619140625,743900
2015-01-29,84.87999725341797,84.87999725341797,84.83000183105469,84.87999725341797,68.1493911743164,516100
2015-01-30,84.94000244140625,84.9800033569336,84.87000274658203,84.9800033569336,68.22966766357422,474400
2015-02-02,84.94000244140625,84.94999694824219,84.87999725341797,84.91999816894531,68.20799255371094,1883800
2015-02-03,84.88999938964844,84.88999938964844,84.83000183105469,84.8499984741211,68.15177917480469,1015000
2015-02-04,84.81999969482422,84.87999725341797,84.79000091552734,84.86000061035156,68.15980529785156,798200
2015-02-05,84.8499984741211,84.8499984741211,84.80999755859375,84.83000183105469,68.13569641113281,428400
2015-02-06,84.69999694824219,84.69999694824219,84.61000061035156,84.62999725341797,67.97509765625,774300
2015-02-09,84.6500015258789,84.6500015258789,84.61000061035156,84.62000274658203,67.96703338623047,1616200
2015-02-10,84.62999725341797,84.62999725341797,84.58999633789062,84.5999984741211,67.95096588134766,1194500
2015-02-11,84.62999725341797,84.62999725341797,84.5999984741211,84.61000061035156,67.95902252197266,840500
2015-02-12,84.63999938964844,84.68000030517578,84.62000274658203,84.63999938964844,67.98306274414062,1036300
2015-02-13,84.66000366210938,84.69000244140625,84.63999938964844,84.63999938964844,67.98306274414062,1118600
2015-02-17,84.62000274658203,84.66000366210938,84.56999969482422,84.5999984741211,67.95096588134766,562400
2015-02-18,84.62000274658203,84.7300033569336,84.58999633789062,84.69999694824219,68.03125,998400
2015-02-19,84.6500015258789,84.72000122070312,84.63999938964844,84.6500015258789,67.99114990234375,744000
2015-02-20,84.69999694824219,84.72000122070312,84.61000061035156,84.63999938964844,67.98306274414062,415200
2015-02-23,84.66999816894531,84.69000244140625,84.63999938964844,84.68000030517578,68.01526641845703,715500
2015-02-24,84.66999816894531,84.76000213623047,84.62000274658203,84.75,68.07149505615234,482800
2015-02-25,84.70999908447266,84.75,84.70999908447266,84.75,68.07149505615234,485300
2015-02-26,84.68000030517578,84.70999908447266,84.6500015258789,84.66999816894531,68.00720977783203,530600
2015-02-27,84.70999908447266,84.72000122070312,84.66999816894531,84.69999694824219,68.03125,3103100
2015-03-02,84.63999938964844,84.66000366210938,84.5999984741211,84.5999984741211,67.97582244873047,3233200
2015-03-03,84.5999984741211,84.62000274658203,84.56999969482422,84.58000183105469,67.95979309082031,1288800
2015-03-04,84.61000061035156,84.62999725341797,84.58000183105469,84.5999984741211,67.97582244873047,572900
2015-03-05,84.63999938964844,84.66000366210938,84.61000061035156,84.62999725341797,67.99999237060547,386800
2015-03-06,84.51000213623047,84.55999755859375,84.5,84.54000091552734,67.92765808105469,503300
2015-03-09,84.54000091552734,84.58000183105469,84.52999877929688,84.58000183105469,67.95979309082031,367200
2015-03-10,84.62999725341797,84.62999725341797,84.56999969482422,84.5999984741211,67.97582244873047,1039600
2015-03-11,84.5999984741211,84.62000274658203,84.56999969482422,84.5999984741211,67.97582244873047,607500
2015-03-12,84.63999938964844,84.66999816894531,84.5999984741211,84.62000274658203,67.99193572998047,1158100
2015-03-13,84.61000061035156,84.66999816894531,84.61000061035156,84.62999725341797,67.99999237060547,436500
2015-03-16,84.63999938964844,84.68000030517578,84.62999725341797,84.63999938964844,68.00796508789062,934000
2015-03-17,84.66999816894531,84.66999816894531,84.62000274658203,84.62000274658203,67.99193572998047,1255600
2015-03-18,84.62000274658203,84.83000183105469,84.58000183105469,84.81999969482422,68.15263366699219,873500
2015-03-19,84.75,84.77999877929688,84.69999694824219,84.70999908447266,68.06424713134766,351000
2015-03-20,84.77999877929688,84.79000091552734,84.75,84.7699966430664,68.11244201660156,721900
2015-03-23,84.77999877929688,84.80999755859375,84.75,84.80000305175781,68.13656616210938,683900
2015-03-24,84.80000305175781,84.83000183105469,84.7699966430664,84.83000183105469,68.16065216064453,535900
2015-03-25,84.83000183105469,84.83999633789062,84.77999877929688,84.80999755859375,68.14460754394531,932000
2015-03-26,84.77999877929688,84.77999877929688,84.7300033569336,84.7699966430664,68.11244201660156,963400
2015-03-27,84.79000091552734,84.83000183105469,84.79000091552734,84.81999969482422,68.15263366699219,595300
2015-03-30,84.83000183105469,84.83999633789062,84.80000305175781,84.80999755859375,68.14460754394531,793600
2015-03-31,84.83000183105469,84.87999725341797,84.81999969482422,84.87999725341797,68.2008285522461,1035200
2015-04-01,84.83999633789062,84.87999725341797,84.83999633789062,84.87999725341797,68.23058319091797,2228700
2015-04-02,84.87999725341797,84.87999725341797,84.83000183105469,84.87000274658203,68.22250366210938,643500
2015-04-06,84.9800033569336,84.9800033569336,84.91000366210938,84.94000244140625,68.27883911132812,1162400
2015-04-07,84.87999725341797,84.9000015258789,84.87999725341797,84.87999725341797,68.23058319091797,544500
2015-04-08,84.88999938964844,84.9000015258789,84.83999633789062,84.87999725341797,68.23058319091797,1086800
2015-04-09,84.86000061035156,84.87000274658203,84.83999633789062,84.8499984741211,68.20642852783203,459000
2015-04-10,84.86000061035156,84.87000274658203,84.83000183105469,84.83000183105469,68.19036865234375,614400
2015-04-13,84.83000183105469,84.87999725341797,84.83000183105469,84.87999725341797,68.23058319091797,754400
2015-04-14,84.9000015258789,84.94000244140625,84.88999938964844,84.91999816894531,68.26272583007812,449200
2015-04-15,84.91000366210938,84.93000030517578,84.9000015258789,84.91999816894531,68.26272583007812,772200
2015-04-16,84.94000244140625,84.97000122070312,84.9000015258789,84.95999908447266,68.29490661621094,11419400
2015-04-17,84.91000366210938,84.94999694824219,84.91000366210938,84.91999816894531,68.26272583007812,727200
2015-04-20,84.9000015258789,84.93000030517578,84.87999725341797,84.91000366210938,68.25468444824219,460900
2015-04-21,84.86000061035156,84.91999816894531,84.86000061035156,84.91999816894531,68.26272583007812,565700
2015-04-22,84.87000274658203,84.88999938964844,84.8499984741211,84.8499984741211,68.20642852783203,582200
2015-04-23,84.86000061035156,84.88999938964844,84.86000061035156,84.88999938964844,68.23860931396484,561700
2015-04-24,84.91999816894531,84.93000030517578,84.9000015258789,84.91999816894531,68.26272583007812,405800
2015-04-27,84.91999816894531,84.91999816894531,84.88999938964844,84.91000366210938,68.25468444824219,439300
2015-04-28,84.87000274658203,84.91000366210938,84.87000274658203,84.87000274658203,68.22250366210938,506400
2015-04-29,84.8499984741211,84.87999725341797,84.83000183105469,84.87999725341797,68.23058319091797,461400
2015-04-30,84.83999633789062,84.87999725341797,84.80000305175781,84.87000274658203,68.22250366210938,746800
2015-05-01,84.80000305175781,84.81999969482422,84.77999877929688,84.80000305175781,68.19439697265625,1996300
2015-05-04,84.79000091552734,84.81999969482422,84.7699966430664,84.80000305175781,68.19439697265625,535700
2015-05-05,84.77999877929688,84.81999969482422,84.73999786376953,84.77999877929688,68.17830657958984,8800900
2015-05-06,84.75,84.7699966430664,84.72000122070312,84.75,68.1541976928711,1583000
2015-05-07,84.75,84.76000213623047,84.72000122070312,84.72000122070312,68.13006591796875,909500
2015-05-08,84.83999633789062,84.86000061035156,84.81999969482422,84.83999633789062,68.22653198242188,855400
2015-05-11,84.81999969482422,84.83000183105469,84.76000213623047,84.76000213623047,68.16224670410156,2438600
2015-05-12,84.77999877929688,84.80000305175781,84.75,84.7699966430664,68.17025756835938,497600
2015-05-13,84.83000183105469,84.86000061035156,84.80000305175781,84.80999755859375,68.20240783691406,670900
2015-05-14,84.8499984741211,84.88999938964844,84.8499984741211,84.88999938964844,68.26677703857422,992800
2015-05-15,84.8499984741211,84.91000366210938,84.8499984741211,84.88999938964844,68.26677703857422,599200
2015-05-18,84.87000274658203,84.88999938964844,84.81999969482422,84.83999633789062,68.22653198242188,5576400
2015-05-19,84.77999877929688,84.81999969482422,84.7699966430664,84.79000091552734,68.18632507324219,544600
2015-05-20,84.80999755859375,84.83000183105469,84.79000091552734,84.81999969482422,68.21049499511719,541600
2015-05-21,84.81999969482422,84.86000061035156,84.80999755859375,84.8499984741211,68.23458099365234,677900
2015-05-22,84.80000305175781,84.81999969482422,84.77999877929688,84.79000091552734,68.18632507324219,530500
2015-05-26,84.76000213623047,84.81999969482422,84.76000213623047,84.80000305175781,68.19439697265625,634000
2015-05-27,84.77999877929688,84.81999969482422,84.7699966430664,84.80999755859375,68.20240783691406,597100
2015-05-28,84.80999755859375,84.86000061035156,84.80999755859375,84.8499984741211,68.23458099365234,888200
2015-05-29,84.83999633789062,84.88999938964844,84.83999633789062,84.87000274658203,68.25066375732422,565900
2015-06-01,84.86000061035156,84.86000061035156,84.76000213623047,84.77999877929688,68.20806884765625,8556400
2015-06-02,84.73999786376953,84.7699966430664,84.73999786376953,84.7699966430664,68.19998168945312,715300
2015-06-03,84.72000122070312,84.73999786376953,84.70999908447266,84.73999786376953,68.17586517333984,1359800
2015-06-04,84.75,84.7699966430664,84.72000122070312,84.75,68.18389892578125,934300
2015-06-05,84.62999725341797,84.69000244140625,84.62999725341797,84.66999816894531,68.11956024169922,599300
2015-06-08,84.68000030517578,84.72000122070312,84.68000030517578,84.72000122070312,68.1597671508789,985400
2015-06-09,84.70999908447266,84.70999908447266,84.66000366210938,84.68000030517578,68.1275634765625,1189700
2015-06-10,84.66999816894531,84.66999816894531,84.63999938964844,84.66000366210938,68.11150360107422,817100
2015-06-11,84.66000366210938,84.68000030517578,84.62999725341797,84.68000030517578,68.1275634765625,938600
2015-06-12,84.63999938964844,84.69000244140625,84.63999938964844,84.66000366210938,68.11150360107422,398900
2015-06-15,84.70999908447266,84.7300033569336,84.69000244140625,84.69999694824219,68.1436538696289,542700
2015-06-16,84.69999694824219,84.7300033569336,84.69999694824219,84.7300033569336,68.16780090332031,6452900
2015-06-17,84.68000030517578,84.79000091552734,84.58999633789062,84.79000091552734,68.21611785888672,2940900
2015-06-18,84.7699966430664,84.80999755859375,84.75,84.80999755859375,68.2322006225586,625900
2015-06-19,84.83999633789062,84.8499984741211,84.81999969482422,84.83000183105469,68.24828338623047,397700
2015-06-22,84.80000305175781,84.80000305175781,84.76000213623047,84.7699966430664,68.19998168945312,438100
2015-06-23,84.72000122070312,84.7699966430664,84.72000122070312,84.75,68.18389892578125,495300
2015-06-24,84.76000213623047,84.79000091552734,84.7300033569336,84.79000091552734,68.21611785888672,681800
2015-06-25,84.75,84.77999877929688,84.7300033569336,84.7699966430664,68.19998168945312,461900
2015-06-26,84.72000122070312,84.75,84.72000122070312,84.72000122070312,68.1597671508789,476600
2015-06-29,84.83000183105469,84.87000274658203,84.79000091552734,84.86000061035156,68.27235412597656,895700
2015-06-30,84.83999633789062,84.88999938964844,84.83000183105469,84.86000061035156,68.27235412597656,3121300
2015-07-01,84.76000213623047,84.77999877929688,84.73999786376953,84.75,68.21446228027344,11473000
2015-07-02,84.8499984741211,84.87999725341797,84.80000305175781,84.87999725341797,68.31906127929688,2175100
2015-07-06,84.9000015258789,84.91999816894531,84.86000061035156,84.9000015258789,68.33513641357422,1088300
2015-07-07,84.94999694824219,84.9800033569336,84.88999938964844,84.88999938964844,68.32713317871094,2665300
2015-07-08,84.91999816894531,84.98999786376953,84.91000366210938,84.9800033569336,68.39956665039062,1628600
2015-07-09,84.93000030517578,84.94000244140625,84.9000015258789,84.91999816894531,68.35124969482422,1995800
2015-07-10,84.86000061035156,84.87999725341797,84.80999755859375,84.83999633789062,68.28689575195312,1999200
2015-07-13,84.79000091552734,84.80000305175781,84.7699966430664,84.80000305175781,68.25472259521484,856700
2015-07-14,84.81999969482422,84.83999633789062,84.81999969482422,84.83999633789062,68.28689575195312,1062100
2015-07-15,84.81999969482422,84.87000274658203,84.79000091552734,84.87000274658203,68.31107330322266,1068800
2015-07-16,84.7699966430664,84.83000183105469,84.7699966430664,84.83000183105469,68.27885437011719,5841900
2015-07-17,84.77999877929688,84.81999969482422,84.77999877929688,84.80999755859375,68.26277923583984,934900
2015-07-20,84.75,84.7699966430664,84.73999786376953,84.76000213623047,68.22250366210938,1104900
2015-07-21,84.7300033569336,84.80000305175781,84.7300033569336,84.7699966430664,68.23056030273438,653400
2015-07-22,84.76000213623047,84.7699966430664,84.73999786376953,84.76000213623047,68.22250366210938,760400
2015-07-23,84.70999908447266,84.77999877929688,84.70999908447266,84.7699966430664,68.23056030273438,854200
2015-07-24,84.7699966430664,84.83000183105469,84.76000213623047,84.79000091552734,68.24665832519531,810500
2015-07-27,84.86000061035156,84.87000274658203,84.83000183105469,84.8499984741211,68.2949447631836,4482800
2015-07-28,84.83000183105469,84.8499984741211,84.80999755859375,84.83000183105469,68.27885437011719,2113800
2015-07-29,84.81999969482422,84.8499984741211,84.79000091552734,84.80999755859375,68.26277923583984,1590900
2015-07-30,84.7699966430664,84.79000091552734,84.75,84.7699966430664,68.23056030273438,581400
2015-07-31,84.86000061035156,84.87999725341797,84.83999633789062,84.86000061035156,68.30294799804688,4190600
2015-08-03,84.79000091552734,84.86000061035156,84.79000091552734,84.8499984741211,68.3255386352539,5562900
2015-08-04,84.80000305175781,84.81999969482422,84.72000122070312,84.72000122070312,68.22085571289062,1228800
2015-08-05,84.70999908447266,84.7300033569336,84.68000030517578,84.7300033569336,68.2289047241211,1825600
2015-08-06,84.73999786376953,84.7699966430664,84.7300033569336,84.75,68.24503326416016,1132300
2015-08-07,84.69999694824219,84.75,84.69000244140625,84.70999908447266,68.21281433105469,934300
2015-08-10,84.70999908447266,84.7300033569336,84.69999694824219,84.70999908447266,68.21281433105469,1397700
2015-08-11,84.81999969482422,84.83000183105469,84.79000091552734,84.81999969482422,68.3013916015625,1889400
2015-08-12,84.83999633789062,84.87999725341797,84.80000305175781,84.81999969482422,68.3013916015625,1508300
2015-08-13,84.77999877929688,84.80000305175781,84.73999786376953,84.75,68.24503326416016,537000
2015-08-14,84.70999908447266,84.75,84.70999908447266,84.70999908447266,68.21281433105469,837600
2015-08-17,84.75,84.77999877929688,84.75,84.76000213623047,68.2530746459961,646700
2015-08-18,84.73999786376953,84.76000213623047,84.72000122070312,84.75,68.24503326416016,466300
2015-08-19,84.73999786376953,84.83999633789062,84.70999908447266,84.83000183105469,68.30944061279297,960600
2015-08-20,84.83999633789062,84.83999633789062,84.80000305175781,84.80000305175781,68.28529357910156,5879000
2015-08-21,84.8499984741211,84.9000015258789,84.83000183105469,84.88999938964844,68.35774230957031,2062900
2015-08-24,85.05000305175781,85.05000305175781,84.88999938964844,84.93000030517578,68.3899154663086,4491400
2015-08-25,84.88999938964844,84.94000244140625,84.8499984741211,84.88999938964844,68.35774230957031,2708000
2015-08-26,84.87000274658203,84.94000244140625,84.83999633789062,84.83999633789062,68.31748962402344,2519400
2015-08-27,84.83999633789062,84.87000274658203,84.80000305175781,84.8499984741211,68.3255386352539,2985300
2015-08-28,84.87000274658203,84.87999725341797,84.77999877929688,84.80999755859375,68.29335021972656,1683200
2015-08-31,84.80999755859375,84.83999633789062,84.7699966430664,84.77999877929688,68.2691879272461,7294500
2015-09-01,84.77999877929688,84.80000305175781,84.75,84.7699966430664,68.29337310791016,6317000
2015-09-02,84.79000091552734,84.80000305175781,84.75,84.79000091552734,68.30945587158203,5691300
2015-09-03,84.83000183105469,84.83000183105469,84.77999877929688,84.79000091552734,68.30945587158203,2627800
2015-09-04,84.80999755859375,84.83999633789062,84.77999877929688,84.80000305175781,68.31753540039062,1393900
2015-09-08,84.76000213623047,84.77999877929688,84.75,84.7699966430664,68.29337310791016,3251500
2015-09-09,84.72000122070312,84.7699966430664,84.72000122070312,84.75,68.27725219726562,1721000
2015-09-10,84.7699966430664,84.77999877929688,84.75,84.77999877929688,68.30142974853516,1004100
2015-09-11,84.77999877929688,84.81999969482422,84.77999877929688,84.80999755859375,68.32554626464844,539600
2015-09-14,84.80999755859375,84.83000183105469,84.79000091552734,84.79000091552734,68.30945587158203,1649100
2015-09-15,84.77999877929688,84.77999877929688,84.66999816894531,84.66999816894531,68.21281433105469,2200100
2015-09-16,84.68000030517578,84.7300033569336,84.66000366210938,84.66000366210938,68.20470428466797,1454200
2015-09-17,84.66000366210938,84.87000274658203,84.66000366210938,84.8499984741211,68.35778045654297,1268200
2015-09-18,84.8499984741211,84.88999938964844,84.8499984741211,84.88999938964844,68.3900146484375,1424900
2015-09-21,84.83999633789062,84.8499984741211,84.81999969482422,84.83999633789062,68.3497085571289,1668200
2015-09-22,84.87999725341797,84.9000015258789,84.86000061035156,84.88999938964844,68.3900146484375,834300
2015-09-23,84.87000274658203,84.9000015258789,84.83999633789062,84.86000061035156,68.36579132080078,1659800
2015-09-24,84.88999938964844,84.94999694824219,84.88999938964844,84.91000366210938,68.40609741210938,1480700
2015-09-25,84.9000015258789,84.91999816894531,84.8499984741211,84.87000274658203,68.37391662597656,1115900
2015-09-28,84.9000015258789,84.94000244140625,84.87999725341797,84.93000030517578,68.42220306396484,2572000
2015-09-29,84.94999694824219,84.98999786376953,84.93000030517578,84.97000122070312,68.45445251464844,1896600
2015-09-30,84.94999694824219,85.0,84.94999694824219,84.98999786376953,68.47053527832031,9534800
2015-10-01,84.94999694824219,84.9800033569336,84.91999816894531,84.94999694824219,68.47055053710938,5262900
2015-10-02,85.0999984741211,85.12000274658203,85.05000305175781,85.06999969482422,68.5672836303711,1668700
2015-10-05,85.05000305175781,85.05000305175781,84.9800033569336,85.01000213623047,68.5189437866211,5500700
2015-10-06,84.97000122070312,85.0199966430664,84.97000122070312,85.0,68.5108642578125,1519100
2015-10-07,84.9800033569336,84.98999786376953,84.94999694824219,84.9800033569336,68.49476623535156,3660700
2015-10-08,84.94000244140625,85.0,84.94000244140625,84.95999908447266,68.47862243652344,1793100
2015-10-09,84.93000030517578,84.95999908447266,84.91999816894531,84.95999908447266,68.47862243652344,1107700
2015-10-12,84.9000015258789,84.9800033569336,84.9000015258789,84.94000244140625,68.46253967285156,1486900
2015-10-13,84.95999908447266,84.9800033569336,84.94999694824219,84.97000122070312,68.48668670654297,1071300
2015-10-14,85.08000183105469,85.0999984741211,85.02999877929688,85.08999633789062,68.58341217041016,3419100
2015-10-15,85.0199966430664,85.05000305175781,85.01000213623047,85.04000091552734,68.5431137084961,1586000
2015-10-16,85.01000213623047,85.02999877929688,85.0,85.0,68.5108642578125,942500
2015-10-19,85.01000213623047,85.02999877929688,84.98999786376953,85.02999877929688,68.53498077392578,1434900
2015-10-20,84.97000122070312,84.9800033569336,84.95999908447266,84.9800033569336,68.49476623535156,1029400
2015-10-21,84.9800033569336,85.02999877929688,84.97000122070312,85.01000213623047,68.5189437866211,11122200
2015-10-22,85.01000213623047,85.05999755859375,85.01000213623047,85.04000091552734,68.5431137084961,2382400
2015-10-23,84.9800033569336,85.01000213623047,84.94999694824219,84.97000122070312,68.48668670654297,5657200
2015-10-26,84.97000122070312,84.98999786376953,84.95999908447266,84.97000122070312,68.48668670654297,5901700
2015-10-27,85.0,85.02999877929688,85.0,85.0,68.5108642578125,1024600
2015-10-28,84.9800033569336,85.0,84.8499984741211,84.88999938964844,68.42218017578125,1658900
2015-10-29,84.83999633789062,84.86000061035156,84.83000183105469,84.83000183105469,68.37388610839844,1526500
2015-10-30,84.83000183105469,84.8499984741211,84.81999969482422,84.83000183105469,68.37388610839844,3242400
2015-11-02,84.70999908447266,84.77999877929688,84.70999908447266,84.73999786376953,68.33432006835938,14599400
2015-11-03,84.72000122070312,84.73999786376953,84.70999908447266,84.7300033569336,68.32626342773438,3643500
2015-11-04,84.69999694824219,84.7300033569336,84.63999938964844,84.63999938964844,68.25369262695312,2120500
2015-11-05,84.63999938964844,84.66000366210938,84.61000061035156,84.63999938964844,68.25369262695312,2775300
2015-11-06,84.55999755859375,84.58000183105469,84.54000091552734,84.55999755859375,68.18916320800781,1832700
2015-11-09,84.54000091552734,84.55999755859375,84.52999877929688,84.54000091552734,68.173095703125,1619900
2015-11-10,84.58000183105469,84.61000061035156,84.55000305175781,84.58000183105469,68.20531463623047,2139300
2015-11-11,84.62000274658203,84.63999938964844,84.55999755859375,84.55999755859375,68.18916320800781,6885500
2015-11-12,84.58000183105469,84.62000274658203,84.58000183105469,84.58999633789062,68.21339416503906,5866500
2015-11-13,84.5999984741211,84.66000366210938,84.5999984741211,84.66000366210938,68.26980590820312,771100
2015-11-16,84.66000366210938,84.68000030517578,84.63999938964844,84.66000366210938,68.26980590820312,1835200
2015-11-17,84.58999633789062,84.66000366210938,84.58000183105469,84.62999725341797,68.24565887451172,4707700
2015-11-18,84.62000274658203,84.63999938964844,84.58000183105469,84.5999984741211,68.22144317626953,1803400
2015-11-19,84.62000274658203,84.62999725341797,84.58000183105469,84.58000183105469,68.20531463623047,1707300
2015-11-20,84.58999633789062,84.62000274658203,84.56999969482422,84.58000183105469,68.20531463623047,798800
2015-11-23,84.54000091552734,84.58000183105469,84.54000091552734,84.56999969482422,68.19729614257812,936600
2015-11-24,84.58000183105469,84.58999633789062,84.55999755859375,84.56999969482422,68.19729614257812,1024300
2015-11-25,84.58000183105469,84.58999633789062,84.55000305175781,84.58000183105469,68.20531463623047,3067800
2015-11-27,84.58000183105469,84.61000061035156,84.58000183105469,84.5999984741211,68.22144317626953,429600
2015-11-30,84.58000183105469,84.58999633789062,84.55999755859375,84.56999969482422,68.19729614257812,1469300
2015-12-01,84.51000213623047,84.5999984741211,84.51000213623047,84.58000183105469,68.23838806152344,4410600
2015-12-02,84.54000091552734,84.54000091552734,84.5,84.51000213623047,68.18194580078125,1008700
2015-12-03,84.51000213623047,84.51000213623047,84.43000030517578,84.51000213623047,68.18194580078125,4856400
2015-12-04,84.54000091552734,84.56999969482422,84.51000213623047,84.52999877929688,68.1980209350586,4440400
2015-12-07,84.5199966430664,84.54000091552734,84.51000213623047,84.5199966430664,68.18995666503906,2025600
2015-12-08,84.52999877929688,84.54000091552734,84.48999786376953,84.51000213623047,68.18194580078125,1043000
2015-12-09,84.5,84.55000305175781,84.47000122070312,84.54000091552734,68.2061538696289,3642800
2015-12-10,84.5199966430664,84.52999877929688,84.4800033569336,84.48999786376953,68.16577911376953,963000
2015-12-11,84.54000091552734,84.62000274658203,84.52999877929688,84.58999633789062,68.24645233154297,1073800
2015-12-14,84.5199966430664,84.55000305175781,84.4800033569336,84.48999786376953,68.16577911376953,1757400
2015-12-15,84.44999694824219,84.4800033569336,84.44000244140625,84.4800033569336,68.15772247314453,1052100
2015-12-16,84.44000244140625,84.45999908447266,84.30999755859375,84.41000366210938,68.10124206542969,1241600
2015-12-17,84.4000015258789,84.44999694824219,84.4000015258789,84.41000366210938,68.10124206542969,1777400
2015-12-18,84.4800033569336,84.5199966430664,84.45999908447266,84.5199966430664,68.18995666503906,1494800
2015-12-21,84.5199966430664,84.5199966430664,84.48999786376953,84.51000213623047,68.18194580078125,3037200
2015-12-22,84.48999786376953,84.51000213623047,84.45999908447266,84.48999786376953,68.16577911376953,1234700
2015-12-23,84.48999786376953,84.5,84.44000244140625,84.45999908447266,68.14154815673828,2785800
2015-12-24,84.44000244140625,84.44999694824219,84.41000366210938,84.44999694824219,68.16820526123047,564600
2015-12-28,84.4000015258789,84.41999816894531,84.38999938964844,84.4000015258789,68.12785339355469,1096700
2015-12-29,84.36000061035156,84.4000015258789,84.3499984741211,84.37999725341797,68.11170196533203,1085100
2015-12-30,84.36000061035156,84.4000015258789,84.33999633789062,84.4000015258789,68.12785339355469,4797000
2015-12-31,84.43000030517578,84.44000244140625,84.36000061035156,84.36000061035156,68.09558868408203,2466200
2016-01-04,84.4800033569336,84.48999786376953,84.44000244140625,84.47000122070312,68.18438720703125,7548000
2016-01-05,84.44000244140625,84.45999908447266,84.41000366210938,84.41999816894531,68.14401245117188,2472200
2016-01-06,84.4800033569336,84.5,84.44999694824219,84.47000122070312,68.18438720703125,2409900
2016-01-07,84.52999877929688,84.54000091552734,84.47000122070312,84.5,68.20860290527344,2702800
2016-01-08,84.52999877929688,84.58000183105469,84.5,84.55999755859375,68.2569808959961,7139900
2016-01-11,84.54000091552734,84.61000061035156,84.5199966430664,84.58999633789062,68.28123474121094,3557700
2016-01-12,84.54000091552734,84.62999725341797,84.52999877929688,84.5999984741211,68.28932189941406,1275600
2016-01-13,84.58999633789062,84.6500015258789,84.56999969482422,84.6500015258789,68.32966613769531,1820800
2016-01-14,84.6500015258789,84.66999816894531,84.62000274658203,84.66999816894531,68.3458023071289,1297400
2016-01-15,84.7300033569336,84.77999877929688,84.70999908447266,84.73999786376953,68.40233612060547,2136000
2016-01-19,84.72000122070312,84.75,84.69999694824219,84.7300033569336,68.39424133300781,5109900
2016-01-20,84.77999877929688,84.83999633789062,84.7699966430664,84.79000091552734,68.44269561767578,2140400
2016-01-21,84.80999755859375,84.81999969482422,84.76000213623047,84.77999877929688,68.43465423583984,2326500
2016-01-22,84.70999908447266,84.75,84.69999694824219,84.75,68.41044616699219,3184900
2016-01-25,84.7300033569336,84.7699966430664,84.7300033569336,84.75,68.41044616699219,1800100
2016-01-26,84.75,84.80000305175781,84.73999786376953,84.79000091552734,68.44269561767578,1176800
2016-01-27,84.73999786376953,84.80999755859375,84.72000122070312,84.80999755859375,68.45882415771484,1742300
2016-01-28,84.80000305175781,84.83999633789062,84.77999877929688,84.80999755859375,68.45882415771484,1272200
2016-01-29,84.9000015258789,84.91000366210938,84.86000061035156,84.91000366210938,68.53953552246094,1521400
2016-02-01,84.83999633789062,84.83999633789062,84.80000305175781,84.81999969482422,68.50316619873047,5665300
2016-02-02,84.86000061035156,84.93000030517578,84.86000061035156,84.93000030517578,68.59202575683594,2528200
2016-02-03,84.91000366210938,85.0199966430664,84.91000366210938,84.94999694824219,68.60818481445312,1962400
2016-02-04,84.94999694824219,84.9800033569336,84.94999694824219,84.97000122070312,68.62435913085938,1305700
2016-02-05,84.91000366210938,84.97000122070312,84.9000015258789,84.94999694824219,68.60818481445312,1294800
2016-02-08,85.01000213623047,85.06999969482422,84.98999786376953,85.05000305175781,68.6889877319336,1467700
2016-02-09,85.08000183105469,85.08000183105469,85.0,85.0199966430664,68.66471099853516,1919200
2016-02-10,84.94999694824219,85.02999877929688,84.94999694824219,85.0199966430664,68.66471099853516,1061200
2016-02-11,85.1500015258789,85.18000030517578,85.08000183105469,85.0999984741211,68.72929382324219,1814400
2016-02-12,85.05999755859375,85.08000183105469,84.98999786376953,85.0,68.6485595703125,1194000
2016-02-16,84.98999786376953,85.0,84.94999694824219,84.94999694824219,68.60818481445312,2545900
2016-02-17,84.91999816894531,84.97000122070312,84.91000366210938,84.97000122070312,68.62435913085938,1999400
2016-02-18,84.94000244140625,85.04000091552734,84.94000244140625,85.04000091552734,68.68089294433594,859100
2016-02-19,84.9800033569336,85.01000213623047,84.95999908447266,84.95999908447266,68.61626434326172,975400
2016-02-22,84.93000030517578,84.97000122070312,84.93000030517578,84.97000122070312,68.62435913085938,1101600
2016-02-23,84.95999908447266,85.0,84.94000244140625,84.9800033569336,68.63240051269531,1227700
2016-02-24,85.0199966430664,85.08000183105469,84.9800033569336,85.0,68.6485595703125,1066800
2016-02-25,85.01000213623047,85.04000091552734,85.0,85.0199966430664,68.66471099853516,1526500
2016-02-26,84.95999908447266,84.97000122070312,84.88999938964844,84.91000366210938,68.57588958740234,1891100
2016-02-29,84.87999725341797,84.95999908447266,84.87999725341797,84.95999908447266,68.61626434326172,2634200
2016-03-01,84.91999816894531,84.91999816894531,84.79000091552734,84.80000305175781,68.52497100830078,4584800
2016-03-02,84.7699966430664,84.80000305175781,84.75,84.79000091552734,68.51688385009766,2652000
2016-03-03,84.77999877929688,84.81999969482422,84.7699966430664,84.81999969482422,68.54107666015625,5601100
2016-03-04,84.7699966430664,84.80999755859375,84.73999786376953,84.76000213623047,68.49259948730469,1532600
2016-03-07,84.72000122070312,84.73999786376953,84.69999694824219,84.69999694824219,68.44415283203125,1990800
2016-03-08,84.76000213623047,84.80000305175781,84.75,84.76000213623047,68.49259948730469,2878900
2016-03-09,84.75,84.76000213623047,84.7300033569336,84.7300033569336,68.46836853027344,1284400
2016-03-10,84.69999694824219,84.7300033569336,84.68000030517578,84.72000122070312,68.46029663085938,2227500
2016-03-11,84.68000030517578,84.68000030517578,84.62999725341797,84.63999938964844,68.39563751220703,4112200
2016-03-14,84.66999816894531,84.66999816894531,84.63999938964844,84.63999938964844,68.39563751220703,1875500
2016-03-15,84.68000030517578,84.69999694824219,84.62999725341797,84.66999816894531,68.41993713378906,1508600
2016-03-16,84.58999633789062,84.83999633789062,84.55000305175781,84.83999633789062,68.5572509765625,5972100
2016-03-17,84.80000305175781,84.83000183105469,84.7699966430664,84.83000183105469,68.5491943359375,1677000
2016-03-18,84.8499984741211,84.87999725341797,84.83000183105469,84.8499984741211,68.56536865234375,3010000
2016-03-21,84.83000183105469,84.83999633789062,84.80000305175781,84.83999633789062,68.5572509765625,1892100
2016-03-22,84.8499984741211,84.86000061035156,84.7699966430664,84.79000091552734,68.51688385009766,1899800
2016-03-23,84.79000091552734,84.86000061035156,84.77999877929688,84.83999633789062,68.5572509765625,1357600
2016-03-24,84.8499984741211,84.8499984741211,84.79000091552734,84.80000305175781,68.52497100830078,859800
2016-03-28,84.81999969482422,84.86000061035156,84.81999969482422,84.81999969482422,68.54107666015625,2820600
2016-03-29,84.8499984741211,84.9800033569336,84.8499984741211,84.9800033569336,68.67037963867188,1219700
2016-03-30,84.97000122070312,85.0,84.93000030517578,84.98999786376953,68.67848205566406,1307600
2016-03-31,85.0199966430664,85.05999755859375,84.98999786376953,85.02999877929688,68.7107925415039,1555000
2016-04-01,84.93000030517578,84.97000122070312,84.91000366210938,84.93000030517578,68.67122650146484,5307200
2016-04-04,84.94999694824219,84.98999786376953,84.93000030517578,84.98999786376953,68.71969604492188,2863500
2016-04-05,85.0,85.0199966430664,84.9800033569336,85.0199966430664,68.74397277832031,4655000
2016-04-06,85.01000213623047,85.01000213623047,84.94999694824219,84.98999786376953,68.71969604492188,1029200
2016-04-07,85.01000213623047,85.05999755859375,85.0,85.04000091552734,68.76010131835938,1475200
2016-04-08,85.01000213623047,85.05000305175781,85.01000213623047,85.04000091552734,68.76010131835938,594300
2016-04-11,85.0199966430664,85.05999755859375,85.01000213623047,85.02999877929688,68.75202941894531,851100
2016-04-12,85.01000213623047,85.0199966430664,85.0,85.01000213623047,68.7358627319336,524900
2016-04-13,84.98999786376953,84.98999786376953,84.95999908447266,84.97000122070312,68.70354461669922,1365800
2016-04-14,84.9800033569336,84.98999786376953,84.94999694824219,84.97000122070312,68.70354461669922,1103500
2016-04-15,84.9800033569336,85.02999877929688,84.9800033569336,85.02999877929688,68.75202941894531,825600
2016-04-18,85.01000213623047,85.02999877929688,85.0,85.0199966430664,68.74397277832031,870900
2016-04-19,85.0199966430664,85.0199966430664,84.97000122070312,84.98999786376953,68.71969604492188,1508400
2016-04-20,85.01000213623047,85.01000213623047,84.91999816894531,84.93000030517578,68.67122650146484,1080700
2016-04-21,84.9000015258789,84.94999694824219,84.9000015258789,84.91000366210938,68.65503692626953,1599900
2016-04-22,84.91000366210938,84.91999816894531,84.9000015258789,84.91000366210938,68.65503692626953,2593200
2016-04-25,84.9000015258789,84.93000030517578,84.88999938964844,84.88999938964844,68.63884735107422,1512900
2016-04-26,84.88999938964844,84.9000015258789,84.86000061035156,84.87000274658203,68.62265014648438,969300
2016-04-27,84.9000015258789,84.93000030517578,84.81999969482422,84.93000030517578,68.67122650146484,748300
2016-04-28,84.94000244140625,85.01000213623047,84.93000030517578,84.9800033569336,68.71159362792969,694300
2016-04-29,84.97000122070312,85.02999877929688,84.95999908447266,85.01000213623047,68.7358627319336,1609600
2016-05-02,84.94000244140625,84.95999908447266,84.91999816894531,84.93000030517578,68.7108154296875,1017800
2016-05-03,85.02999877929688,85.02999877929688,84.9800033569336,85.0199966430664,68.78364562988281,3788100
2016-05-04,85.02999877929688,85.02999877929688,84.97000122070312,85.01000213623047,68.77549743652344,1621100
2016-05-05,85.02999877929688,85.06999969482422,84.9800033569336,85.04000091552734,68.7997817993164,556900
2016-05-06,85.08999633789062,85.0999984741211,85.0199966430664,85.0199966430664,68.78364562988281,1117600
2016-05-09,85.08000183105469,85.08999633789062,85.05000305175781,85.05999755859375,68.81597900390625,610000
2016-05-10,85.06999969482422,85.08000183105469,85.04000091552734,85.08000183105469,68.83216094970703,2854800
2016-05-11,85.05999755859375,85.08000183105469,85.04000091552734,85.05000305175781,68.80791473388672,1607400
2016-05-12,85.02999877929688,85.04000091552734,85.0,85.0,68.76744842529297,562700
2016-05-13,84.98999786376953,85.02999877929688,84.9800033569336,85.01000213623047,68.77549743652344,1115000
2016-05-16,85.0,85.0,84.94999694824219,84.97000122070312,68.74312591552734,600800
2016-05-17,84.94999694824219,84.97000122070312,84.91000366210938,84.94000244140625,68.71887969970703,819500
2016-05-18,84.86000061035156,84.9000015258789,84.77999877929688,84.79000091552734,68.59754180908203,3690500
2016-05-19,84.80999755859375,84.8499984741211,84.80999755859375,84.80999755859375,68.61370086669922,1619600
2016-05-20,84.80999755859375,84.8499984741211,84.80000305175781,84.83999633789062,68.63796997070312,1942600
2016-05-23,84.79000091552734,84.83000183105469,84.79000091552734,84.83000183105469,68.62986755371094,654700
2016-05-24,84.80000305175781,84.80999755859375,84.76000213623047,84.7699966430664,68.58135986328125,778200
2016-05-25,84.80000305175781,84.81999969482422,84.7699966430664,84.81999969482422,68.62178802490234,5242400
2016-05-26,84.8499984741211,84.88999938964844,84.83000183105469,84.87000274658203,68.66222381591797,1253100
2016-05-27,84.87000274658203,84.9000015258789,84.79000091552734,84.81999969482422,68.62178802490234,696200
2016-05-31,84.77999877929688,84.88999938964844,84.77999877929688,84.86000061035156,68.6541519165039,1368300
2016-06-01,84.80999755859375,84.83999633789062,84.75,84.75,68.60637664794922,1484500
2016-06-02,84.77999877929688,84.81999969482422,84.77999877929688,84.81999969482422,68.6630630493164,4565800
2016-06-03,84.97000122070312,84.98999786376953,84.94999694824219,84.95999908447266,68.7763900756836,1874900
2016-06-06,84.94999694824219,84.9800033569336,84.91000366210938,84.94000244140625,68.76023864746094,672100
2016-06-07,84.95999908447266,84.98999786376953,84.94999694824219,84.95999908447266,68.7763900756836,624800
2016-06-08,84.94999694824219,84.98999786376953,84.94999694824219,84.9800033569336,68.7926254272461,906600
2016-06-09,85.0199966430664,85.0199966430664,84.9800033569336,85.0,68.80874633789062,794400
2016-06-10,85.01000213623047,85.06999969482422,85.01000213623047,85.05000305175781,68.84922790527344,425100
2016-06-13,85.08000183105469,85.11000061035156,85.06999969482422,85.06999969482422,68.86543273925781,610500
2016-06-14,85.12999725341797,85.12999725341797,85.06999969482422,85.08000183105469,68.87358093261719,990200
2016-06-15,85.06999969482422,85.31999969482422,85.06999969482422,85.18000030517578,68.95452880859375,785700
2016-06-16,85.18000030517578,85.20999908447266,85.12000274658203,85.12999725341797,68.91400146484375,1129500
2016-06-17,85.13999938964844,85.16000366210938,85.11000061035156,85.13999938964844,68.922119140625,1574700
2016-06-20,85.08000183105469,85.0999984741211,85.05000305175781,85.08999633789062,68.88159942626953,1698800
2016-06-21,85.06999969482422,85.0999984741211,85.02999877929688,85.02999877929688,68.8330307006836,919100
2016-06-22,85.06999969482422,85.08000183105469,85.04000091552734,85.05999755859375,68.85733032226562,1740300
2016-06-23,85.02999877929688,85.05000305175781,85.0,85.02999877929688,68.8330307006836,2302800
2016-06-24,85.27999877929688,85.30000305175781,85.19999694824219,85.2300033569336,68.99495697021484,2321800
2016-06-27,85.30000305175781,85.3499984741211,85.27999877929688,85.27999877929688,69.03543853759766,1166100
2016-06-28,85.2699966430664,85.30999755859375,85.26000213623047,85.30999755859375,69.05970001220703,1590900
2016-06-29,85.25,85.29000091552734,85.25,85.27999877929688,69.03543853759766,838800
2016-06-30,85.29000091552734,85.33999633789062,85.26000213623047,85.31999969482422,69.06779479980469,2284000
2016-07-01,85.33000183105469,85.33000183105469,85.25,85.30000305175781,69.09210968017578,3690200
2016-07-05,85.30999755859375,85.3499984741211,85.29000091552734,85.33999633789062,69.12451934814453,1974600
2016-07-06,85.30999755859375,85.33999633789062,85.27999877929688,85.30000305175781,69.09210968017578,5742300
2016-07-07,85.2699966430664,85.30000305175781,85.23999786376953,85.26000213623047,69.0597152709961,1094600
2016-07-08,85.23999786376953,85.2699966430664,85.19999694824219,85.26000213623047,69.0597152709961,1157600
2016-07-11,85.20999908447266,85.2300033569336,85.16999816894531,85.16999816894531,68.98683166503906,1619200
2016-07-12,85.16999816894531,85.16999816894531,85.11000061035156,85.13999938964844,68.96251678466797,5990100
2016-07-13,85.16999816894531,85.18000030517578,85.13999938964844,85.16000366210938,68.9787368774414,836600
2016-07-14,85.0999984741211,85.1500015258789,85.08999633789062,85.11000061035156,68.93824005126953,638500
2016-07-15,85.0999984741211,85.0999984741211,85.05999755859375,85.06999969482422,68.90581512451172,1532100
2016-07-18,85.11000061035156,85.12999725341797,85.08999633789062,85.12000274658203,68.9463119506836,867800
2016-07-19,85.11000061035156,85.12999725341797,85.0999984741211,85.12999725341797,68.9544448852539,739400
2016-07-20,85.08999633789062,85.11000061035156,85.06999969482422,85.08999633789062,68.92202758789062,627500
2016-07-21,85.08000183105469,85.1500015258789,85.06999969482422,85.1500015258789,68.97061157226562,465500
2016-07-22,85.11000061035156,85.13999938964844,85.0999984741211,85.12000274658203,68.9463119506836,382700
2016-07-25,85.0999984741211,85.11000061035156,85.05999755859375,85.05999755859375,68.89771270751953,803500
2016-07-26,85.08999633789062,85.08999633789062,85.04000091552734,85.06999969482422,68.90581512451172,1348500
2016-07-27,85.06999969482422,85.12999725341797,85.05000305175781,85.12999725341797,68.9544448852539,657400
2016-07-28,85.12000274658203,85.1500015258789,85.0999984741211,85.12000274658203,68.9463119506836,913700
2016-07-29,85.18000030517578,85.2300033569336,85.16999816894531,85.2300033569336,69.03543090820312,1041500
2016-08-01,85.11000061035156,85.1500015258789,85.11000061035156,85.1500015258789,69.01190948486328,3053400
2016-08-02,85.11000061035156,85.16000366210938,85.08999633789062,85.12000274658203,68.98758697509766,967700
2016-08-03,85.1500015258789,85.16000366210938,85.0999984741211,85.12999725341797,68.9957275390625,3365300
2016-08-04,85.16999816894531,85.19999694824219,85.16000366210938,85.19000244140625,69.04436492919922,610500
2016-08-05,85.12000274658203,85.12000274658203,85.05000305175781,85.06999969482422,68.94705963134766,1170900
2016-08-08,85.04000091552734,85.06999969482422,85.0199966430664,85.04000091552734,68.9227294921875,2576800
2016-08-09,85.05999755859375,85.08999633789062,85.02999877929688,85.08999633789062,68.96330261230469,2337300
2016-08-10,85.11000061035156,85.12999725341797,85.08999633789062,85.12999725341797,68.9957275390625,971900
2016-08-11,85.12999725341797,85.12999725341797,85.0199966430664,85.05000305175781,68.93084716796875,929600
2016-08-12,85.13999938964844,85.1500015258789,85.08999633789062,85.11000061035156,68.9795150756836,584100
2016-08-15,85.08000183105469,85.0999984741211,85.05999755859375,85.08999633789062,68.96330261230469,873200
2016-08-16,85.05000305175781,85.06999969482422,85.02999877929688,85.05999755859375,68.93896484375,774400
2016-08-17,85.02999877929688,85.0999984741211,85.01000213623047,85.05999755859375,68.93896484375,1221300
2016-08-18,85.06999969482422,85.12000274658203,85.04000091552734,85.12000274658203,68.98758697509766,696500
2016-08-19,85.05999755859375,85.08000183105469,85.02999877929688,85.04000091552734,68.9227294921875,590000
2016-08-22,85.06999969482422,85.08000183105469,85.05000305175781,85.05000305175781,68.93084716796875,480000
2016-08-23,85.05000305175781,85.08000183105469,85.04000091552734,85.05999755859375,68.93896484375,455200
2016-08-24,85.08000183105469,85.08000183105469,85.04000091552734,85.04000091552734,68.9227294921875,466400
2016-08-25,85.04000091552734,85.04000091552734,85.0,85.01000213623047,68.89844512939453,547300
2016-08-26,85.0199966430664,85.06999969482422,84.93000030517578,84.93000030517578,68.8336410522461,709800
2016-08-29,84.93000030517578,85.0,84.93000030517578,84.9800033569336,68.87411499023438,473600
2016-08-30,84.98999786376953,85.01000213623047,84.97000122070312,84.98999786376953,68.88220977783203,480400
2016-08-31,85.0,85.02999877929688,84.9800033569336,84.9800033569336,68.87411499023438,937400
2016-09-01,84.91000366210938,84.9800033569336,84.88999938964844,84.97000122070312,68.90656280517578,1191600
2016-09-02,84.9800033569336,84.98999786376953,84.93000030517578,84.97000122070312,68.90656280517578,726100
2016-09-06,84.95999908447266,85.08000183105469,84.94999694824219,85.02999877929688,68.95520782470703,1335800
2016-09-07,85.05999755859375,85.08000183105469,85.02999877929688,85.02999877929688,68.95520782470703,1049300
2016-09-08,85.0199966430664,85.04000091552734,84.97000122070312,84.97000122070312,68.90656280517578,614200
2016-09-09,84.94999694824219,84.9800033569336,84.93000030517578,84.94000244140625,68.88220977783203,2727300
2016-09-12,84.94999694824219,85.01000213623047,84.94000244140625,84.97000122070312,68.90656280517578,2123600
2016-09-13,84.98999786376953,85.0,84.91000366210938,84.94000244140625,68.88220977783203,1108600
2016-09-14,84.95999908447266,85.0199966430664,84.95999908447266,84.98999786376953,68.92276000976562,1632600
2016-09-15,85.01000213623047,85.08000183105469,84.98999786376953,85.05999755859375,68.97958374023438,10599200
2016-09-16,85.0199966430664,85.05000305175781,85.0,85.0199966430664,68.94713592529297,846200
2016-09-19,85.0,85.0199966430664,84.98999786376953,85.0,68.930908203125,657700
2016-09-20,85.0,85.01000213623047,84.9800033569336,84.9800033569336,68.91471099853516,984300
2016-09-21,84.95999908447266,85.0,84.91000366210938,85.0,68.930908203125,816300
2016-09-22,84.98999786376953,85.0199966430664,84.97000122070312,84.9800033569336,68.91471099853516,759500
2016-09-23,85.0,85.02999877929688,84.9800033569336,85.02999877929688,68.95520782470703,7016900
2016-09-26,85.05000305175781,85.08999633789062,85.04000091552734,85.08000183105469,68.99581146240234,786300
2016-09-27,85.11000061035156,85.11000061035156,85.05999755859375,85.08999633789062,69.00391387939453,645300
2016-09-28,85.06999969482422,85.08999633789062,85.05999755859375,85.08000183105469,68.99581146240234,1017300
2016-09-29,85.05000305175781,85.11000061035156,85.02999877929688,85.11000061035156,69.02009582519531,1164000
2016-09-30,85.0999984741211,85.11000061035156,85.04000091552734,85.04000091552734,68.96333312988281,1380000
2016-10-03,84.98999786376953,84.98999786376953,84.94999694824219,84.9800033569336,68.95439147949219,1646500
2016-10-04,84.94999694824219,84.94999694824219,84.9000015258789,84.91000366210938,68.89762878417969,933100
2016-10-05,84.94000244140625,84.94000244140625,84.86000061035156,84.86000061035156,68.85701751708984,1644000
2016-10-06,84.86000061035156,84.91000366210938,84.8499984741211,84.86000061035156,68.85701751708984,679500
2016-10-07,84.87999725341797,84.91000366210938,84.86000061035156,84.88999938964844,68.88134765625,809000
2016-10-10,84.86000061035156,84.87000274658203,84.83000183105469,84.8499984741211,68.84895324707031,924000
2016-10-11,84.81999969482422,84.8499984741211,84.81999969482422,84.83999633789062,68.84085083007812,1259100
2016-10-12,84.83000183105469,84.83999633789062,84.80000305175781,84.83999633789062,68.84085083007812,1311100
2016-10-13,84.86000061035156,84.88999938964844,84.83999633789062,84.87000274658203,68.86520385742188,5123300
2016-10-14,84.87000274658203,84.9000015258789,84.8499984741211,84.8499984741211,68.84895324707031,1481100
2016-10-17,84.9000015258789,84.93000030517578,84.88999938964844,84.91999816894531,68.90573120117188,3860400
2016-10-18,84.91999816894531,84.94999694824219,84.87999725341797,84.94999694824219,68.93009185791016,2067400
2016-10-19,84.93000030517578,84.95999908447266,84.91999816894531,84.94999694824219,68.93009185791016,643300
2016-10-20,84.94999694824219,84.94999694824219,84.9000015258789,84.91000366210938,68.89762878417969,2593200
2016-10-21,84.93000030517578,84.94000244140625,84.9000015258789,84.93000030517578,68.9138412475586,1041900
2016-10-24,84.91999816894531,84.93000030517578,84.87999725341797,84.9000015258789,68.88951110839844,582600
2016-10-25,84.88999938964844,84.91999816894531,84.87000274658203,84.9000015258789,68.88951110839844,3762400
2016-10-26,84.87999725341797,84.88999938964844,84.86000061035156,84.87000274658203,68.86520385742188,517000
2016-10-27,84.87000274658203,84.88999938964844,84.83999633789062,84.88999938964844,68.88134765625,724800
2016-10-28,84.86000061035156,84.93000030517578,84.86000061035156,84.88999938964844,68.88134765625,1229300
2016-10-31,84.91999816894531,84.94999694824219,84.91999816894531,84.94999694824219,68.93009185791016,1346300
2016-11-01,84.87000274658203,84.94000244140625,84.86000061035156,84.9000015258789,68.93090057373047,8239600
2016-11-02,84.93000030517578,84.97000122070312,84.91000366210938,84.94999694824219,68.97151184082031,1516600
2016-11-03,84.91999816894531,84.95999908447266,84.91999816894531,84.95999908447266,68.97962951660156,2616600
2016-11-04,84.94999694824219,85.0,84.94000244140625,84.98999786376953,69.00394439697266,2108300
2016-11-07,84.93000030517578,84.95999908447266,84.91999816894531,84.95999908447266,68.97962951660156,2698400
2016-11-08,84.93000030517578,84.94000244140625,84.86000061035156,84.87000274658203,68.90653991699219,1944600
2016-11-09,84.88999938964844,84.91000366210938,84.76000213623047,84.76000213623047,68.81727600097656,1784100
2016-11-10,84.79000091552734,84.83999633789062,84.7300033569336,84.7300033569336,68.7928695678711,1927100
2016-11-11,84.75,84.7699966430664,84.69999694824219,84.7300033569336,68.7928695678711,3405000
2016-11-14,84.63999938964844,84.69000244140625,84.5999984741211,84.5999984741211,68.68730926513672,18305000
2016-11-15,84.5999984741211,84.62999725341797,84.58999633789062,84.62999725341797,68.71167755126953,2080800
2016-11-16,84.61000061035156,84.63999938964844,84.58000183105469,84.62000274658203,68.70354461669922,1007900
2016-11-17,84.62000274658203,84.62999725341797,84.58999633789062,84.61000061035156,68.69544982910156,1145600
2016-11-18,84.58999633789062,84.61000061035156,84.52999877929688,84.55999755859375,68.65481567382812,2044500
2016-11-21,84.55000305175781,84.58000183105469,84.51000213623047,84.55000305175781,68.646728515625,889300
2016-11-22,84.52999877929688,84.58000183105469,84.5199966430664,84.52999877929688,68.6304702758789,2122600
2016-11-23,84.47000122070312,84.5199966430664,84.44999694824219,84.4800033569336,68.58988189697266,1433600
2016-11-25,84.47000122070312,84.51000213623047,84.45999908447266,84.47000122070312,68.5817642211914,347400
2016-11-28,84.48999786376953,84.55000305175781,84.48999786376953,84.5199966430664,68.62238311767578,1131300
2016-11-29,84.5,84.56999969482422,84.5,84.52999877929688,68.6304702758789,1232600
2016-11-30,84.5,84.54000091552734,84.5,84.5,68.60609436035156,1449700
2016-12-01,84.4000015258789,84.44999694824219,84.37999725341797,84.41000366210938,68.57361602783203,6249100
2016-12-02,84.48999786376953,84.5199966430664,84.47000122070312,84.5,68.646728515625,2449000
2016-12-05,84.47000122070312,84.5199966430664,84.44000244140625,84.5,68.646728515625,1785700
2016-12-06,84.51000213623047,84.51000213623047,84.47000122070312,84.4800033569336,68.6304931640625,1325500
2016-12-07,84.5199966430664,84.52999877929688,84.5,84.51000213623047,68.65483856201172,1282700
2016-12-08,84.4800033569336,84.5199966430664,84.4800033569336,84.5,68.646728515625,1272500
2016-12-09,84.5199966430664,84.5199966430664,84.45999908447266,84.48999786376953,68.63859558105469,1321200
2016-12-12,84.45999908447266,84.48999786376953,84.44999694824219,84.45999908447266,68.61425018310547,931300
2016-12-13,84.45999908447266,84.45999908447266,84.41000366210938,84.44999694824219,68.6061019897461,1926700
2016-12-14,84.44999694824219,84.45999908447266,84.25,84.29000091552734,68.47611236572266,1157600
2016-12-15,84.25,84.29000091552734,84.2300033569336,84.25,68.44364929199219,1355800
2016-12-16,84.2699966430664,84.33000183105469,84.26000213623047,84.29000091552734,68.47611236572266,937900
2016-12-19,84.30999755859375,84.3499984741211,84.30999755859375,84.33000183105469,68.50862884521484,1258800
2016-12-20,84.29000091552734,84.3499984741211,84.27999877929688,84.33999633789062,68.5167465209961,1089800
2016-12-21,84.3499984741211,84.37999725341797,84.33999633789062,84.37999725341797,68.54925537109375,1657900
2016-12-22,84.30999755859375,84.33999633789062,84.30000305175781,84.33999633789062,68.56625366210938,1388100
2016-12-23,84.33999633789062,84.33999633789062,84.31999969482422,84.33999633789062,68.56625366210938,1058500
2016-12-27,84.29000091552734,84.30999755859375,84.27999877929688,84.30000305175781,68.53380584716797,893600
2016-12-28,84.30000305175781,84.3499984741211,84.27999877929688,84.33000183105469,68.55819702148438,1312300
2016-12-29,84.36000061035156,84.41999816894531,84.3499984741211,84.41999816894531,68.63138580322266,1274800
2016-12-30,84.43000030517578,84.45999908447266,84.41999816894531,84.44999694824219,68.6557388305664,1214600
2017-01-03,84.37000274658203,84.41000366210938,84.3499984741211,84.37999725341797,68.59884643554688,4196100
2017-01-04,84.3499984741211,84.4000015258789,84.3499984741211,84.4000015258789,68.61509704589844,2182500
2017-01-05,84.41000366210938,84.48999786376953,84.4000015258789,84.45999908447266,68.66390228271484,1614200
2017-01-06,84.41000366210938,84.43000030517578,84.37999725341797,84.38999938964844,68.60697174072266,919000
2017-01-09,84.43000030517578,84.45999908447266,84.41999816894531,84.45999908447266,68.66390228271484,1014100
2017-01-10,84.44000244140625,84.45999908447266,84.43000030517578,84.43000030517578,68.63948059082031,1125800
2017-01-11,84.47000122070312,84.5,84.41999816894531,84.47000122070312,68.67201232910156,1166800
2017-01-12,84.5,84.51000213623047,84.45999908447266,84.5,68.69639587402344,820900
2017-01-13,84.45999908447266,84.45999908447266,84.38999938964844,84.45999908447266,68.66390228271484,1436300
2017-01-17,84.52999877929688,84.55000305175781,84.5,84.5199966430664,68.71268463134766,1326600
2017-01-18,84.48999786376953,84.5199966430664,84.41999816894531,84.44000244140625,68.6476058959961,996100
2017-01-19,84.38999938964844,84.44000244140625,84.38999938964844,84.41000366210938,68.62319946289062,963500
2017-01-20,84.41999816894531,84.5,84.41999816894531,84.45999908447266,68.66390228271484,1134400
2017-01-23,84.5199966430664,84.56999969482422,84.48999786376953,84.54000091552734,68.72892761230469,1546900
2017-01-24,84.52999877929688,84.52999877929688,84.4800033569336,84.48999786376953,68.6882553100586,5300100
2017-01-25,84.4800033569336,84.4800033569336,84.44000244140625,84.47000122070312,68.67201232910156,1454500
2017-01-26,84.45999908447266,84.5,84.44000244140625,84.4800033569336,68.6801528930664,1658000
2017-01-27,84.48999786376953,84.52999877929688,84.48999786376953,84.5199966430664,68.71268463134766,1184700
2017-01-30,84.5199966430664,84.54000091552734,84.5,84.5199966430664,68.71268463134766,1381300
2017-01-31,84.51000213623047,84.56999969482422,84.51000213623047,84.54000091552734,68.72892761230469,1207800
2017-02-01,84.41000366210938,84.5,84.37999725341797,84.45999908447266,68.7053451538086,2079600
2017-02-02,84.4800033569336,84.51000213623047,84.47000122070312,84.48999786376953,68.72975158691406,1341800
2017-02-03,84.5199966430664,84.55000305175781,84.45999908447266,84.45999908447266,68.7053451538086,1433300
2017-02-06,84.52999877929688,84.56999969482422,84.5199966430664,84.55000305175781,68.77852630615234,1663400
2017-02-07,84.55999755859375,84.58000183105469,84.52999877929688,84.52999877929688,68.76226806640625,730000
2017-02-08,84.56999969482422,84.61000061035156,84.55000305175781,84.61000061035156,68.82734680175781,1197000
2017-02-09,84.58000183105469,84.58999633789062,84.5199966430664,84.54000091552734,68.77042388916016,1149800
2017-02-10,84.51000213623047,84.55000305175781,84.51000213623047,84.52999877929688,68.76226806640625,968400
2017-02-13,84.5,84.5199966430664,84.48999786376953,84.51000213623047,68.74601745605469,666000
2017-02-14,84.48999786376953,84.51000213623047,84.43000030517578,84.44999694824219,68.69718933105469,781100
2017-02-15,84.4000015258789,84.44000244140625,84.38999938964844,84.41999816894531,68.67279052734375,963900
2017-02-16,84.44999694824219,84.5,84.43000030517578,84.45999908447266,68.7053451538086,1933700
2017-02-17,84.52999877929688,84.54000091552734,84.5,84.5199966430664,68.7541275024414,986600
2017-02-21,84.51000213623047,84.52999877929688,84.48999786376953,84.52999877929688,68.76226806640625,840400
2017-02-22,84.55000305175781,84.56999969482422,84.48999786376953,84.55000305175781,68.77852630615234,695300
2017-02-23,84.56999969482422,84.5999984741211,84.56999969482422,84.58999633789062,68.81108093261719,1517100
2017-02-24,84.62000274658203,84.66999816894531,84.62000274658203,84.62999725341797,68.8436050415039,587700
2017-02-27,84.63999938964844,84.63999938964844,84.55000305175781,84.55999755859375,68.78662109375,1030700
2017-02-28,84.56999969482422,84.5999984741211,84.5199966430664,84.5199966430664,68.7541275024414,1043500
2017-03-01,84.37000274658203,84.4000015258789,84.36000061035156,84.4000015258789,68.70045471191406,1541500
2017-03-02,84.3499984741211,84.36000061035156,84.29000091552734,84.30999755859375,68.62716674804688,930300
2017-03-03,84.31999969482422,84.36000061035156,84.30000305175781,84.33000183105469,68.64344787597656,1569200
2017-03-06,84.33999633789062,84.36000061035156,84.33000183105469,84.3499984741211,68.65972137451172,684600
2017-03-07,84.33000183105469,84.33999633789062,84.30000305175781,84.31999969482422,68.63531494140625,652600
2017-03-08,84.25,84.29000091552734,84.23999786376953,84.25,68.57829284667969,862700
2017-03-09,84.26000213623047,84.2699966430664,84.2300033569336,84.23999786376953,68.5702133178711,862900
2017-03-10,84.26000213623047,84.29000091552734,84.25,84.29000091552734,68.61090087890625,784400
2017-03-13,84.27999877929688,84.29000091552734,84.25,84.25,68.57829284667969,884100
2017-03-14,84.23999786376953,84.29000091552734,84.23999786376953,84.23999786376953,68.5702133178711,966000
2017-03-15,84.26000213623047,84.41000366210938,84.23999786376953,84.4000015258789,68.70045471191406,1102800
2017-03-16,84.3499984741211,84.38999938964844,84.33999633789062,84.33999633789062,68.65155029296875,925700
2017-03-17,84.37999725341797,84.41000366210938,84.36000061035156,84.37999725341797,68.68415832519531,657800
2017-03-20,84.4000015258789,84.43000030517578,84.37999725341797,84.43000030517578,68.72486114501953,778000
2017-03-21,84.41999816894531,84.4800033569336,84.41000366210938,84.47000122070312,68.75739288330078,739000
2017-03-22,84.51000213623047,84.52999877929688,84.48999786376953,84.48999786376953,68.77366638183594,1028600
2017-03-23,84.51000213623047,84.52999877929688,84.45999908447266,84.48999786376953,68.77366638183594,868200
2017-03-24,84.4800033569336,84.5199966430664,84.47000122070312,84.48999786376953,68.77366638183594,1119700
2017-03-27,84.54000091552734,84.56999969482422,84.51000213623047,84.5199966430664,68.79813385009766,943400
2017-03-28,84.54000091552734,84.55000305175781,84.45999908447266,84.4800033569336,68.76555633544922,782600
2017-03-29,84.5,84.52999877929688,84.5,84.52999877929688,68.80624389648438,1043900
2017-03-30,84.5,84.52999877929688,84.48999786376953,84.51000213623047,68.78995513916016,576900
2017-03-31,84.52999877929688,84.55999755859375,84.5199966430664,84.5199966430664,68.79813385009766,949900
2017-04-03,84.4800033569336,84.54000091552734,84.4800033569336,84.54000091552734,68.86163330078125,2146600
2017-04-04,84.5199966430664,84.5199966430664,84.48999786376953,84.51000213623047,68.83717346191406,927100
2017-04-05,84.5,84.54000091552734,84.47000122070312,84.51000213623047,68.83717346191406,1177000
2017-04-06,84.5,84.52999877929688,84.48999786376953,84.52999877929688,68.853515625,500800
2017-04-07,84.51000213623047,84.54000091552734,84.41999816894531,84.41999816894531,68.76387786865234,504000
2017-04-10,84.44999694824219,84.48999786376953,84.44000244140625,84.45999908447266,68.79651641845703,605700
2017-04-11,84.5,84.56999969482422,84.5,84.54000091552734,68.86163330078125,560800
2017-04-12,84.55999755859375,84.5999984741211,84.52999877929688,84.5999984741211,68.9104995727539,576200
2017-04-13,84.58999633789062,84.63999938964844,84.58000183105469,84.63999938964844,68.9430160522461,969900
2017-04-17,84.62999725341797,84.6500015258789,84.61000061035156,84.62999725341797,68.93498229980469,727700
2017-04-18,84.6500015258789,84.69999694824219,84.6500015258789,84.69999694824219,68.99198913574219,905300
2017-04-19,84.66999816894531,84.69000244140625,84.6500015258789,84.66000366210938,68.95939636230469,968300
2017-04-20,84.63999938964844,84.66999816894531,84.62999725341797,84.6500015258789,68.95124816894531,668300
2017-04-21,84.66999816894531,84.69999694824219,84.66000366210938,84.69000244140625,68.98380279541016,589800
2017-04-24,84.58999633789062,84.62000274658203,84.56999969482422,84.5999984741211,68.9104995727539,1001600
2017-04-25,84.55999755859375,84.56999969482422,84.5199966430664,84.5199966430664,68.8453598022461,905900
2017-04-26,84.55000305175781,84.56999969482422,84.5199966430664,84.55000305175781,68.8697738647461,594300
2017-04-27,84.55999755859375,84.62000274658203,84.55999755859375,84.58000183105469,68.89423370361328,785200
2017-04-28,84.56999969482422,84.62000274658203,84.55999755859375,84.62000274658203,68.92677307128906,1708200
2017-05-01,84.5199966430664,84.55000305175781,84.48999786376953,84.5,68.87954711914062,2918600
2017-05-02,84.5,84.55000305175781,84.5,84.52999877929688,68.90398406982422,982500
2017-05-03,84.52999877929688,84.52999877929688,84.47000122070312,84.47000122070312,68.85508728027344,923400
2017-05-04,84.44999694824219,84.4800033569336,84.44000244140625,84.45999908447266,68.8469467163086,817400
2017-05-05,84.45999908447266,84.48999786376953,84.44999694824219,84.48999786376953,68.87133026123047,615200
2017-05-08,84.47000122070312,84.47000122070312,84.43000030517578,84.44999694824219,68.83878326416016,633500
2017-05-09,84.41999816894531,84.44000244140625,84.4000015258789,84.41000366210938,68.80618286132812,802100
2017-05-10,84.44999694824219,84.44999694824219,84.41000366210938,84.43000030517578,68.82247161865234,665700
2017-05-11,84.38999938964844,84.45999908447266,84.38999938964844,84.44000244140625,68.83061981201172,545700
2017-05-12,84.5,84.55000305175781,84.5,84.54000091552734,68.91211700439453,470500
2017-05-15,84.51000213623047,84.54000091552734,84.51000213623047,84.52999877929688,68.90398406982422,751400
2017-05-16,84.5199966430664,84.55000305175781,84.5,84.52999877929688,68.90398406982422,611900
2017-05-17,84.58999633789062,84.63999938964844,84.58000183105469,84.62000274658203,68.97732543945312,663200
2017-05-18,84.62000274658203,84.62000274658203,84.58000183105469,84.58000183105469,68.94474029541016,829100
2017-05-19,84.61000061035156,84.61000061035156,84.55999755859375,84.5999984741211,68.96100616455078,503800
2017-05-22,84.58000183105469,84.58999633789062,84.56999969482422,84.56999969482422,68.93656158447266,478000
2017-05-23,84.58000183105469,84.5999984741211,84.51000213623047,84.54000091552734,68.91211700439453,1060200
2017-05-24,84.55000305175781,84.58999633789062,84.5199966430664,84.58999633789062,68.95287322998047,1055200
2017-05-25,84.56999969482422,84.5999984741211,84.56999969482422,84.58999633789062,68.95287322998047,644300
2017-05-26,84.58999633789062,84.5999984741211,84.56999969482422,84.58000183105469,68.94474029541016,482100
2017-05-30,84.5999984741211,84.61000061035156,84.58999633789062,84.61000061035156,68.96923065185547,486600
2017-05-31,84.62000274658203,84.62999725341797,84.5999984741211,84.62000274658203,68.97732543945312,1043200
2017-06-01,84.5,84.54000091552734,84.5,84.54000091552734,68.96429443359375,1191800
2017-06-02,84.56999969482422,84.5999984741211,84.55999755859375,84.5999984741211,69.01321411132812,1068700
2017-06-05,84.55000305175781,84.55000305175781,84.52999877929688,84.52999877929688,68.95613861083984,661500
2017-06-06,84.56999969482422,84.58000183105469,84.55000305175781,84.55999755859375,68.98055267333984,688000
2017-06-07,84.52999877929688,84.55000305175781,84.5199966430664,84.52999877929688,68.95613861083984,765900
2017-06-08,84.51000213623047,84.52999877929688,84.5,84.51000213623047,68.9397964477539,2621000
2017-06-09,84.4800033569336,84.51000213623047,84.47000122070312,84.4800033569336,68.91535186767578,1255200
2017-06-12,84.45999908447266,84.5,84.45999908447266,84.47000122070312,68.90719604492188,804700
2017-06-13,84.44999694824219,84.4800033569336,84.44999694824219,84.47000122070312,68.90719604492188,533300
2017-06-14,84.55999755859375,84.5999984741211,84.48999786376953,84.51000213623047,68.9397964477539,788800
2017-06-15,84.48999786376953,84.48999786376953,84.47000122070312,84.4800033569336,68.91535186767578,627600
2017-06-16,84.5,84.54000091552734,84.5,84.5199966430664,68.94795989990234,685600
2017-06-19,84.4800033569336,84.48999786376953,84.44999694824219,84.47000122070312,68.90719604492188,617700
2017-06-20,84.44999694824219,84.48999786376953,84.44999694824219,84.4800033569336,68.91535186767578,751400
2017-06-21,84.45999908447266,84.51000213623047,84.45999908447266,84.48999786376953,68.9234619140625,1073600
2017-06-22,84.5199966430664,84.54000091552734,84.5,84.5,68.9316635131836,542000
2017-06-23,84.52999877929688,84.55000305175781,84.51000213623047,84.55000305175781,68.97241973876953,679000
2017-06-26,84.5199966430664,84.55000305175781,84.5199966430664,84.55000305175781,68.97241973876953,1068500
2017-06-27,84.5,84.51000213623047,84.4800033569336,84.5,68.9316635131836,1192500
2017-06-28,84.5199966430664,84.54000091552734,84.51000213623047,84.54000091552734,68.96429443359375,4031800
2017-06-29,84.4800033569336,84.51000213623047,84.4800033569336,84.48999786376953,68.9234619140625,565400
2017-06-30,84.5199966430664,84.5199966430664,84.47000122070312,84.48999786376953,68.9234619140625,825000
2017-07-03,84.41999816894531,84.41999816894531,84.3499984741211,84.36000061035156,68.87206268310547,968100
2017-07-05,84.36000061035156,84.41000366210938,84.3499984741211,84.38999938964844,68.89653778076172,3032900
2017-07-06,84.38999938964844,84.41000366210938,84.37000274658203,84.41000366210938,68.91290283203125,652900
2017-07-07,84.41000366210938,84.43000030517578,84.37999725341797,84.4000015258789,68.9047622680664,783100
2017-07-10,84.43000030517578,84.44000244140625,84.41999816894531,84.44000244140625,68.9373779296875,402500
2017-07-11,84.41999816894531,84.47000122070312,84.41999816894531,84.47000122070312,68.96188354492188,1615500
2017-07-12,84.51000213623047,84.52999877929688,84.4800033569336,84.51000213623047,68.99451446533203,1069900
2017-07-13,84.4800033569336,84.5,84.45999908447266,84.47000122070312,68.96188354492188,532200
2017-07-14,84.54000091552734,84.55000305175781,84.5,84.51000213623047,68.99451446533203,1362300
2017-07-17,84.5,84.52999877929688,84.48999786376953,84.5199966430664,69.002685546875,496700
2017-07-18,84.5199966430664,84.54000091552734,84.5199966430664,84.54000091552734,69.01901245117188,625500
2017-07-19,84.52999877929688,84.54000091552734,84.5199966430664,84.54000091552734,69.01901245117188,919000
2017-07-20,84.55000305175781,84.55999755859375,84.52999877929688,84.54000091552734,69.01901245117188,1083200
2017-07-21,84.55000305175781,84.58000183105469,84.55000305175781,84.58000183105469,69.05166625976562,589600
2017-07-24,84.54000091552734,84.55999755859375,84.54000091552734,84.55000305175781,69.02716064453125,441000
2017-07-25,84.51000213623047,84.5199966430664,84.4800033569336,84.5,68.98635864257812,571600
2017-07-26,84.5,84.56999969482422,84.5,84.55999755859375,69.0353012084961,493400
2017-07-27,84.54000091552734,84.55999755859375,84.52999877929688,84.54000091552734,69.01901245117188,475400
2017-07-28,84.55999755859375,84.58999633789062,84.55000305175781,84.58999633789062,69.05982208251953,709100
2017-07-31,84.55999755859375,84.58999633789062,84.55999755859375,84.58000183105469,69.05166625976562,876400
2017-08-01,84.48999786376953,84.54000091552734,84.48999786376953,84.54000091552734,69.07701873779297,1314500
2017-08-02,84.48999786376953,84.52999877929688,84.48999786376953,84.5,69.0443115234375,994200
2017-08-03,84.52999877929688,84.55000305175781,84.51000213623047,84.52999877929688,69.06883239746094,1149200
2017-08-04,84.5199966430664,84.52999877929688,84.5,84.5,69.0443115234375,617200
2017-08-07,84.51000213623047,84.52999877929688,84.5,84.52999877929688,69.06883239746094,712300
2017-08-08,84.52999877929688,84.52999877929688,84.48999786376953,84.52999877929688,69.06883239746094,747200
2017-08-09,84.56999969482422,84.5999984741211,84.5199966430664,84.5199966430664,69.06066131591797,734300
2017-08-10,84.55000305175781,84.58000183105469,84.55000305175781,84.55000305175781,69.08514404296875,959700
2017-08-11,84.58000183105469,84.66000366210938,84.58000183105469,84.66000366210938,69.17507934570312,737100
2017-08-14,84.62999725341797,84.63999938964844,84.58000183105469,84.58999633789062,69.11785125732422,405500
2017-08-15,84.55999755859375,84.56999969482422,84.54000091552734,84.55000305175781,69.08514404296875,432300
2017-08-16,84.52999877929688,84.61000061035156,84.52999877929688,84.5999984741211,69.12602233886719,655500
2017-08-17,84.5999984741211,84.63999938964844,84.58000183105469,84.62000274658203,69.14238739013672,581400
2017-08-18,84.66000366210938,84.66999816894531,84.61000061035156,84.61000061035156,69.13424682617188,674000
2017-08-21,84.62000274658203,84.66000366210938,84.62000274658203,84.62999725341797,69.15055847167969,928700
2017-08-22,84.62999725341797,84.62999725341797,84.58999633789062,84.62000274658203,69.14238739013672,1012100
2017-08-23,84.62000274658203,84.69999694824219,84.62000274658203,84.69999694824219,69.2077865600586,438300
2017-08-24,84.63999938964844,84.63999938964844,84.5999984741211,84.62000274658203,69.14238739013672,494800
2017-08-25,84.62000274658203,84.6500015258789,84.58999633789062,84.6500015258789,69.1668930053711,513700
2017-08-28,84.63999938964844,84.6500015258789,84.62000274658203,84.62000274658203,69.14238739013672,866300
2017-08-29,84.69999694824219,84.69999694824219,84.6500015258789,84.66000366210938,69.17507934570312,1181800
2017-08-30,84.66000366210938,84.68000030517578,84.63999938964844,84.68000030517578,69.19136810302734,665700
2017-08-31,84.66999816894531,84.68000030517578,84.6500015258789,84.68000030517578,69.19136810302734,582500
2017-09-01,84.5999984741211,84.62000274658203,84.55000305175781,84.58999633789062,69.17667388916016,943600
2017-09-05,84.62999725341797,84.68000030517578,84.62000274658203,84.66999816894531,69.2420883178711,851600
2017-09-06,84.66000366210938,84.68000030517578,84.62999725341797,84.66000366210938,69.2339096069336,1118700
2017-09-07,84.69000244140625,84.72000122070312,84.66999816894531,84.70999908447266,69.27477264404297,483000
2017-09-08,84.69999694824219,84.72000122070312,84.68000030517578,84.69000244140625,69.2584457397461,486800
2017-09-11,84.66000366210938,84.66999816894531,84.61000061035156,84.61000061035156,69.19304656982422,1052500
2017-09-12,84.5999984741211,84.62000274658203,84.56999969482422,84.56999969482422,69.1603012084961,1752600
2017-09-13,84.58999633789062,84.58999633789062,84.55000305175781,84.55000305175781,69.14398193359375,568300
2017-09-14,84.52999877929688,84.56999969482422,84.5199966430664,84.55999755859375,69.15209197998047,849400
2017-09-15,84.55999755859375,84.55999755859375,84.5199966430664,84.55000305175781,69.14398193359375,581600
2017-09-18,84.5,84.52999877929688,84.5,84.5,69.10307312011719,621600
2017-09-19,84.5199966430664,84.52999877929688,84.5,84.51000213623047,69.11126708984375,433300
2017-09-20,84.54000091552734,84.55000305175781,84.44000244140625,84.44000244140625,69.05400848388672,830900
2017-09-21,84.44999694824219,84.4800033569336,84.41999816894531,84.41999816894531,69.03763580322266,949800
2017-09-22,84.47000122070312,84.5,84.44000244140625,84.44000244140625,69.05400848388672,529800
2017-09-25,84.47000122070312,84.5199966430664,84.45999908447266,84.48999786376953,69.09485626220703,587700
2017-09-26,84.48999786376953,84.5,84.47000122070312,84.47000122070312,69.07855987548828,922400
2017-09-27,84.44000244140625,84.45999908447266,84.44000244140625,84.45999908447266,69.07038116455078,462400
2017-09-28,84.47000122070312,84.48999786376953,84.44999694824219,84.47000122070312,69.07855987548828,290800
2017-09-29,84.4800033569336,84.5,84.41999816894531,84.44999694824219,69.06219482421875,880700
2017-10-02,84.37999725341797,84.44000244140625,84.33000183105469,84.44000244140625,69.11375427246094,1087400
2017-10-03,84.37000274658203,84.41000366210938,84.3499984741211,84.38999938964844,69.07279205322266,1170200
2017-10-04,84.37999725341797,84.55000305175781,84.3499984741211,84.55000305175781,69.20377349853516,1180600
2017-10-05,84.36000061035156,84.37999725341797,84.33999633789062,84.37000274658203,69.05644226074219,2329400
2017-10-06,84.30000305175781,84.37000274658203,84.29000091552734,84.33999633789062,69.03190612792969,699200
2017-10-09,84.38999938964844,84.41999816894531,84.33000183105469,84.33999633789062,69.03190612792969,504000
2017-10-10,84.33000183105469,84.37999725341797,84.33000183105469,84.36000061035156,69.04824829101562,700800
2017-10-11,84.33999633789062,84.36000061035156,84.31999969482422,84.3499984741211,69.04009246826172,1205200
2017-10-12,84.33000183105469,84.36000061035156,84.33000183105469,84.33999633789062,69.03190612792969,1248900
2017-10-13,84.37000274658203,84.38999938964844,84.3499984741211,84.38999938964844,69.07279205322266,667800
2017-10-16,84.33999633789062,84.36000061035156,84.30000305175781,84.30999755859375,69.00736236572266,586700
2017-10-17,84.29000091552734,84.31999969482422,84.29000091552734,84.31999969482422,69.0155258178711,818800
2017-10-18,84.26000213623047,84.30000305175781,84.25,84.29000091552734,68.99097442626953,500100
2017-10-19,84.30999755859375,84.3499984741211,84.30000305175781,84.33999633789062,69.03190612792969,524300
2017-10-20,84.30000305175781,84.31999969482422,84.2699966430664,84.29000091552734,68.99097442626953,437100
2017-10-23,84.29000091552734,84.31999969482422,84.29000091552734,84.29000091552734,68.99097442626953,582200
2017-10-24,84.30000305175781,84.30000305175781,84.2699966430664,84.2699966430664,68.97457885742188,2554600
2017-10-25,84.25,84.30000305175781,84.25,84.25,68.95822143554688,1726900
2017-10-26,84.2699966430664,84.29000091552734,84.23999786376953,84.25,68.95822143554688,553700
2017-10-27,84.25,84.31999969482422,84.23999786376953,84.30999755859375,69.00736236572266,698100
2017-10-30,84.33999633789062,84.3499984741211,84.30000305175781,84.3499984741211,69.04009246826172,432400
2017-10-31,84.3499984741211,84.3499984741211,84.27999877929688,84.30000305175781,68.99915313720703,626100
2017-11-01,84.16999816894531,84.20999908447266,84.16999816894531,84.20999908447266,68.98933410644531,840300
2017-11-02,84.2300033569336,84.23999786376953,84.18000030517578,84.2300033569336,69.00568389892578,1821000
2017-11-03,84.26000213623047,84.26000213623047,84.18000030517578,84.18000030517578,68.96476745605469,1300400
2017-11-06,84.19000244140625,84.2300033569336,84.19000244140625,84.2300033569336,69.00568389892578,947400
2017-11-07,84.2300033569336,84.2300033569336,84.19000244140625,84.19000244140625,68.97296142578125,747300
2017-11-08,84.18000030517578,84.22000122070312,84.16999816894531,84.18000030517578,68.96476745605469,726500
2017-11-09,84.18000030517578,84.22000122070312,84.16000366210938,84.16999816894531,68.9565200805664,769200
2017-11-10,84.20999908447266,84.20999908447266,84.13999938964844,84.13999938964844,68.9319839477539,619300
2017-11-13,84.16000366210938,84.16999816894531,84.12999725341797,84.12999725341797,68.92378234863281,632800
2017-11-14,84.12999725341797,84.1500015258789,84.12000274658203,84.1500015258789,68.94015502929688,2678000
2017-11-15,84.18000030517578,84.18000030517578,84.11000061035156,84.12000274658203,68.91558074951172,3981000
2017-11-16,84.0999984741211,84.12999725341797,84.08000183105469,84.12999725341797,68.92378234863281,3046700
2017-11-17,84.13999938964844,84.13999938964844,84.08000183105469,84.08000183105469,68.88282012939453,1339800
2017-11-20,84.11000061035156,84.11000061035156,84.05000305175781,84.05000305175781,68.8582534790039,557600
2017-11-21,84.06999969482422,84.06999969482422,84.0199966430664,84.02999877929688,68.84186553955078,584500
2017-11-22,84.08000183105469,84.12000274658203,84.05999755859375,84.0999984741211,68.8991928100586,900900
2017-11-24,84.16000366210938,84.16000366210938,84.08000183105469,84.0999984741211,68.8991928100586,626000
2017-11-27,84.08999633789062,84.12000274658203,84.06999969482422,84.0999984741211,68.8991928100586,1079000
2017-11-28,84.12999725341797,84.12999725341797,84.08000183105469,84.11000061035156,68.90740203857422,564300
2017-11-29,84.08000183105469,84.08999633789062,84.05000305175781,84.08999633789062,68.89098358154297,670600
2017-11-30,84.11000061035156,84.11000061035156,84.0199966430664,84.04000091552734,68.85004425048828,1010700
2017-12-01,83.9800033569336,84.04000091552734,83.91999816894531,83.9800033569336,68.86557006835938,1133000
2017-12-04,83.97000122070312,83.97000122070312,83.91000366210938,83.93000030517578,68.82463073730469,2441200
2017-12-05,83.95999908447266,83.95999908447266,83.88999938964844,83.91999816894531,68.8164291381836,1422200
2017-12-06,84.02999877929688,84.02999877929688,83.94000244140625,83.95999908447266,68.8492202758789,1175600
2017-12-07,83.9800033569336,83.9800033569336,83.94000244140625,83.97000122070312,68.85741424560547,1168200
2017-12-08,83.98999786376953,84.0,83.95999908447266,83.97000122070312,68.85741424560547,923000
2017-12-11,83.9800033569336,83.9800033569336,83.91999816894531,83.93000030517578,68.82463073730469,2432000
2017-12-12,83.93000030517578,83.94000244140625,83.9000015258789,83.93000030517578,68.82463073730469,992500
2017-12-13,84.0,84.06999969482422,83.93000030517578,84.0199966430664,68.8984146118164,1112400
2017-12-14,84.0,84.0,83.94999694824219,83.98999786376953,68.87379455566406,1471900
2017-12-15,83.95999908447266,83.95999908447266,83.91000366210938,83.94999694824219,68.84103393554688,983800
2017-12-18,83.95999908447266,83.97000122070312,83.93000030517578,83.94999694824219,68.84103393554688,664900
2017-12-19,83.94000244140625,83.94000244140625,83.9000015258789,83.91000366210938,68.80821990966797,760000
2017-12-20,83.91000366210938,83.94000244140625,83.9000015258789,83.91999816894531,68.8164291381836,840100
2017-12-21,83.83999633789062,83.83999633789062,83.80000305175781,83.81999969482422,68.81148529052734,964500
2017-12-22,83.80000305175781,83.81999969482422,83.79000091552734,83.79000091552734,68.7868881225586,1050900
2017-12-26,83.7699966430664,83.80999755859375,83.7699966430664,83.77999877929688,68.7786865234375,1185500
2017-12-27,83.80000305175781,83.81999969482422,83.79000091552734,83.81999969482422,68.81148529052734,1122300
2017-12-28,83.80999755859375,83.83999633789062,83.80000305175781,83.83000183105469,68.81971740722656,1108200
2017-12-29,83.86000061035156,83.87000274658203,83.83999633789062,83.8499984741211,68.83612823486328,1210700
2018-01-02,83.8499984741211,83.8499984741211,83.79000091552734,83.81999969482422,68.81148529052734,1786000
2018-01-03,83.80999755859375,83.83999633789062,83.79000091552734,83.81999969482422,68.81148529052734,1040900
2018-01-04,83.7699966430664,83.80000305175781,83.75,83.77999877929688,68.7786865234375,955400
2018-01-05,83.7699966430664,83.79000091552734,83.76000213623047,83.77999877929688,68.7786865234375,850600
2018-01-08,83.80000305175781,83.80000305175781,83.76000213623047,83.77999877929688,68.7786865234375,597700
2018-01-09,83.80000305175781,83.80000305175781,83.75,83.75,68.7540512084961,1551100
2018-01-10,83.77999877929688,83.77999877929688,83.73999786376953,83.77999877929688,68.7786865234375,789500
2018-01-11,83.7699966430664,83.79000091552734,83.75,83.75,68.7540512084961,1047900
2018-01-12,83.80000305175781,83.80000305175781,83.72000122070312,83.73999786376953,68.74585723876953,905000
2018-01-16,83.66000366210938,83.75,83.66000366210938,83.7300033569336,68.73763275146484,2707400
2018-01-17,83.72000122070312,83.72000122070312,83.68000030517578,83.69999694824219,68.71294403076172,2950800
2018-01-18,83.68000030517578,83.69999694824219,83.66000366210938,83.68000030517578,68.69657135009766,1090700
2018-01-19,83.69999694824219,83.70999908447266,83.66000366210938,83.70999908447266,68.72115325927734,1052000
2018-01-22,83.68000030517578,83.68000030517578,83.6500015258789,83.66999816894531,68.6883544921875,973500
2018-01-23,83.68000030517578,83.72000122070312,83.68000030517578,83.72000122070312,68.72941589355469,885600
2018-01-24,83.70999908447266,83.70999908447266,83.66999816894531,83.69999694824219,68.71294403076172,865700
2018-01-25,83.69000244140625,83.69999694824219,83.63999938964844,83.68000030517578,68.69657135009766,757200
2018-01-26,83.70999908447266,83.70999908447266,83.62000274658203,83.62999725341797,68.65554809570312,990600
2018-01-29,83.61000061035156,83.62000274658203,83.58000183105469,83.5999984741211,68.630859375,1440100
2018-01-30,83.6500015258789,83.6500015258789,83.58999633789062,83.61000061035156,68.63907623291016,1708600
2018-01-31,83.63999938964844,83.63999938964844,83.55999755859375,83.61000061035156,68.63907623291016,2078700
2018-02-01,83.5199966430664,83.52999877929688,83.47000122070312,83.48999786376953,68.6111068725586,2243800
2018-02-02,83.4800033569336,83.5199966430664,83.44000244140625,83.5,68.61940002441406,1825500
2018-02-05,83.44999694824219,83.68000030517578,83.44999694824219,83.6500015258789,68.74264526367188,2019800
2018-02-06,83.51000213623047,83.6500015258789,83.51000213623047,83.58999633789062,68.69334411621094,2386700
2018-02-07,83.5199966430664,83.58000183105469,83.48999786376953,83.52999877929688,68.64408111572266,2054000
2018-02-08,83.52999877929688,83.56999969482422,83.4800033569336,83.54000091552734,68.65227508544922,1178600
2018-02-09,83.54000091552734,83.69999694824219,83.5199966430664,83.61000061035156,68.70977783203125,3159900
2018-02-12,83.58999633789062,83.58999633789062,83.54000091552734,83.56999969482422,68.6769027709961,1592800
2018-02-13,83.55000305175781,83.56999969482422,83.52999877929688,83.56999969482422,68.6769027709961,1292800
2018-02-14,83.5,83.5,83.43000030517578,83.44999694824219,68.57829284667969,953400
2018-02-15,83.44000244140625,83.45999908447266,83.4000015258789,83.41999816894531,68.55365753173828,1452800
2018-02-16,83.37000274658203,83.47000122070312,83.37000274658203,83.44000244140625,68.57007598876953,728400
2018-02-20,83.41000366210938,83.44000244140625,83.41000366210938,83.43000030517578,68.56183624267578,1448400
2018-02-21,83.43000030517578,83.44999694824219,83.37999725341797,83.44000244140625,68.57007598876953,1540700
2018-02-22,83.44999694824219,83.45999908447266,83.41000366210938,83.44999694824219,68.57829284667969,839300
2018-02-23,83.47000122070312,83.5,83.44999694824219,83.47000122070312,68.5947036743164,753800
2018-02-26,83.51000213623047,83.54000091552734,83.4800033569336,83.4800033569336,68.60293579101562,1445800
2018-02-27,83.52999877929688,83.52999877929688,83.41000366210938,83.41999816894531,68.55365753173828,852300
2018-02-28,83.44999694824219,83.47000122070312,83.43000030517578,83.44000244140625,68.57007598876953,3721300
2018-03-01,83.38999938964844,83.48999786376953,83.36000061035156,83.47000122070312,68.66548156738281,2049900
2018-03-02,83.44999694824219,83.44999694824219,83.4000015258789,83.43000030517578,68.63257598876953,1716600
2018-03-05,83.44999694824219,83.47000122070312,83.4000015258789,83.43000030517578,68.63257598876953,1112200
2018-03-06,83.43000030517578,83.44999694824219,83.4000015258789,83.41000366210938,68.61612701416016,737300
2018-03-07,83.41999816894531,83.44999694824219,83.4000015258789,83.41000366210938,68.61612701416016,1231000
2018-03-08,83.41999816894531,83.44000244140625,83.41000366210938,83.43000030517578,68.63257598876953,608900
2018-03-09,83.38999938964844,83.43000030517578,83.37999725341797,83.38999938964844,68.59971618652344,669000
2018-03-12,83.43000030517578,83.44000244140625,83.38999938964844,83.43000030517578,68.63257598876953,1281200
2018-03-13,83.44999694824219,83.47000122070312,83.43000030517578,83.44999694824219,68.64906311035156,609900
2018-03-14,83.41999816894531,83.48999786376953,83.4000015258789,83.44000244140625,68.64083862304688,1525800
2018-03-15,83.43000030517578,83.47000122070312,83.41999816894531,83.44999694824219,68.64906311035156,1106600
2018-03-16,83.44999694824219,83.44999694824219,83.41000366210938,83.41000366210938,68.61612701416016,878500
2018-03-19,83.4000015258789,83.44999694824219,83.38999938964844,83.41000366210938,68.61612701416016,834900
2018-03-20,83.38999938964844,83.4000015258789,83.36000061035156,83.37999725341797,68.59144592285156,1074700
2018-03-21,83.3499984741211,83.44999694824219,83.33000183105469,83.44000244140625,68.64083862304688,2404500
2018-03-22,83.44000244140625,83.51000213623047,83.44000244140625,83.4800033569336,68.67371368408203,1954900
2018-03-23,83.4800033569336,83.5199966430664,83.45999908447266,83.5,68.69015502929688,1202800
2018-03-26,83.4800033569336,83.5,83.44999694824219,83.45999908447266,68.65725708007812,1729400
2018-03-27,83.45999908447266,83.54000091552734,83.45999908447266,83.5199966430664,68.70661926269531,1732600
2018-03-28,83.54000091552734,83.56999969482422,83.48999786376953,83.52999877929688,68.71488952636719,1899300
2018-03-29,83.5,83.55999755859375,83.5,83.55999755859375,68.73954772949219,2998600
2018-04-02,83.44999694824219,83.52999877929688,83.41999816894531,83.48999786376953,68.75929260253906,3047700
2018-04-03,83.47000122070312,83.4800033569336,83.41999816894531,83.44999694824219,68.72635650634766,3418600
2018-04-04,83.47000122070312,83.47000122070312,83.4000015258789,83.4000015258789,68.68518829345703,1717600
2018-04-05,83.4000015258789,83.43000030517578,83.4000015258789,83.41999816894531,68.70162963867188,1109600
2018-04-06,83.47000122070312,83.48999786376953,83.44000244140625,83.48999786376953,68.75929260253906,1097400
2018-04-09,83.44000244140625,83.4800033569336,83.43000030517578,83.4800033569336,68.7510757446289,1738000
2018-04-10,83.43000030517578,83.45999908447266,83.41000366210938,83.44000244140625,68.71810150146484,1218500
2018-04-11,83.44000244140625,83.45999908447266,83.41999816894531,83.44000244140625,68.71810150146484,985600
2018-04-12,83.41000366210938,83.41000366210938,83.37999725341797,83.38999938964844,68.67691040039062,791100
2018-04-13,83.37000274658203,83.38999938964844,83.36000061035156,83.37000274658203,68.66044616699219,1040900
2018-04-16,83.3499984741211,83.37000274658203,83.33000183105469,83.36000061035156,68.65222930908203,1155900
2018-04-17,83.3499984741211,83.36000061035156,83.33000183105469,83.36000061035156,68.65222930908203,892300
2018-04-18,83.30000305175781,83.30999755859375,83.27999877929688,83.29000091552734,68.59456634521484,971700
2018-04-19,83.30000305175781,83.30999755859375,83.2699966430664,83.29000091552734,68.59456634521484,1410800
2018-04-20,83.2699966430664,83.29000091552734,83.25,83.26000213623047,68.56986999511719,904800
2018-04-23,83.26000213623047,83.26000213623047,83.22000122070312,83.25,68.56165313720703,1861100
2018-04-24,83.22000122070312,83.2699966430664,83.20999908447266,83.2699966430664,68.57811737060547,1999400
2018-04-25,83.2300033569336,83.2699966430664,83.2300033569336,83.26000213623047,68.56986999511719,2176400
2018-04-26,83.29000091552734,83.29000091552734,83.25,83.27999877929688,68.58635711669922,2538700
2018-04-27,83.2699966430664,83.30000305175781,83.2699966430664,83.30000305175781,68.60281372070312,1443700
2018-04-30,83.27999877929688,83.30000305175781,83.2699966430664,83.2699966430664,68.57811737060547,1944700
2018-05-01,83.16999816894531,83.18000030517578,83.12999725341797,83.12999725341797,68.54756927490234,2027800
2018-05-02,83.1500015258789,83.16999816894531,83.12999725341797,83.16000366210938,68.5723648071289,1688600
2018-05-03,83.19999694824219,83.2300033569336,83.19999694824219,83.22000122070312,68.6218490600586,2961500
2018-05-04,83.22000122070312,83.23999786376953,83.18000030517578,83.19000244140625,68.5970687866211,1348100
2018-05-07,83.20999908447266,83.22000122070312,83.19000244140625,83.19000244140625,68.5970687866211,7560400
2018-05-08,83.19000244140625,83.19999694824219,83.18000030517578,83.19999694824219,68.60528564453125,9734900
2018-05-09,83.16999816894531,83.18000030517578,83.16000366210938,83.16000366210938,68.5723648071289,1009600
2018-05-10,83.19000244140625,83.19999694824219,83.16000366210938,83.16000366210938,68.5723648071289,937900
2018-05-11,83.18000030517578,83.18000030517578,83.16000366210938,83.16000366210938,68.5723648071289,710200
2018-05-14,83.16999816894531,83.16999816894531,83.1500015258789,83.16000366210938,68.5723648071289,1024700
2018-05-15,83.12000274658203,83.13999938964844,83.08999633789062,83.11000061035156,68.53108978271484,1087000
2018-05-16,83.11000061035156,83.12000274658203,83.0999984741211,83.11000061035156,68.53108978271484,704700
2018-05-17,83.13999938964844,83.13999938964844,83.12000274658203,83.12999725341797,68.54756927490234,1015700
2018-05-18,83.18000030517578,83.19999694824219,83.16999816894531,83.16999816894531,68.5805892944336,922800
2018-05-21,83.16000366210938,83.16999816894531,83.1500015258789,83.16999816894531,68.5805892944336,1286500
2018-05-22,83.16000366210938,83.18000030517578,83.1500015258789,83.16999816894531,68.5805892944336,793000
2018-05-23,83.19999694824219,83.2699966430664,83.19000244140625,83.23999786376953,68.6382827758789,1179600
2018-05-24,83.30000305175781,83.33000183105469,83.29000091552734,83.29000091552734,68.67953491210938,1384800
2018-05-25,83.3499984741211,83.37999725341797,83.3499984741211,83.36000061035156,68.7372817993164,611800
2018-05-29,83.43000030517578,83.63999938964844,83.43000030517578,83.5999984741211,68.93513488769531,2137500
2018-05-30,83.54000091552734,83.54000091552734,83.47000122070312,83.5,68.85270690917969,1674700
2018-05-31,83.48999786376953,83.5,83.43000030517578,83.45999908447266,68.8197021484375,5749300
2018-06-01,83.27999877929688,83.30000305175781,83.25,83.2699966430664,68.76685333251953,3230600
2018-06-04,83.23999786376953,83.26000213623047,83.19999694824219,83.19999694824219,68.70903778076172,1146300
2018-06-05,83.23999786376953,83.29000091552734,83.20999908447266,83.25,68.75035858154297,16965800
2018-06-06,83.22000122070312,83.23999786376953,83.20999908447266,83.22000122070312,68.72560119628906,4984700
2018-06-07,83.20999908447266,83.33999633789062,83.20999908447266,83.30000305175781,68.79167175292969,4351000
2018-06-08,83.27999877929688,83.30999755859375,83.26000213623047,83.27999877929688,68.77511596679688,2376000
2018-06-11,83.2300033569336,83.26000213623047,83.20999908447266,83.25,68.75035858154297,3759000
2018-06-12,83.20999908447266,83.2300033569336,83.20999908447266,83.20999908447266,68.71736145019531,3024700
2018-06-13,83.20999908447266,83.2300033569336,83.13999938964844,83.16999816894531,68.68427276611328,2351600
2018-06-14,83.19000244140625,83.20999908447266,83.18000030517578,83.19999694824219,68.70903778076172,1737400
2018-06-15,83.23999786376953,83.2699966430664,83.2300033569336,83.23999786376953,68.7420883178711,2663700
2018-06-18,83.23999786376953,83.26000213623047,83.2300033569336,83.26000213623047,68.75860595703125,1027000
2018-06-19,83.30000305175781,83.30000305175781,83.2699966430664,83.29000091552734,68.78336334228516,2348500
2018-06-20,83.27999877929688,83.29000091552734,83.23999786376953,83.25,68.75035858154297,1369300
2018-06-21,83.26000213623047,83.30999755859375,83.26000213623047,83.30000305175781,68.79167175292969,825200
2018-06-22,83.30000305175781,83.30999755859375,83.27999877929688,83.30999755859375,68.79989624023438,1154300
2018-06-25,83.31999969482422,83.3499984741211,83.30999755859375,83.33999633789062,68.82467651367188,721300
2018-06-26,83.33999633789062,83.3499984741211,83.31999969482422,83.33999633789062,68.82467651367188,3127700
2018-06-27,83.37999725341797,83.4000015258789,83.3499984741211,83.38999938964844,68.86597442626953,4012200
2018-06-28,83.41000366210938,83.41000366210938,83.36000061035156,83.38999938964844,68.86597442626953,1050000
2018-06-29,83.36000061035156,83.37999725341797,83.3499984741211,83.37000274658203,68.84945678710938,4904600
2018-07-02,83.26000213623047,83.26000213623047,83.19999694824219,83.2300033569336,68.84120178222656,3517800
2018-07-03,83.2300033569336,83.26000213623047,83.20999908447266,83.26000213623047,68.86598205566406,1330300
2018-07-05,83.25,83.2699966430664,83.22000122070312,83.25,68.85769653320312,1892600
2018-07-06,83.2699966430664,83.2699966430664,83.25,83.2699966430664,68.87425231933594,3113200
2018-07-09,83.23999786376953,83.25,83.22000122070312,83.22000122070312,68.8328857421875,1378700
2018-07-10,83.2300033569336,83.2300033569336,83.19999694824219,83.20999908447266,68.82466125488281,2161800
2018-07-11,83.2300033569336,83.23999786376953,83.19999694824219,83.23999786376953,68.84945678710938,953300
2018-07-12,83.20999908447266,83.2300033569336,83.19999694824219,83.2300033569336,68.84120178222656,1299000
2018-07-13,83.25,83.26000213623047,83.2300033569336,83.25,68.85769653320312,1241400
2018-07-16,83.22000122070312,83.2300033569336,83.19999694824219,83.2300033569336,68.84120178222656,1530600
2018-07-17,83.23999786376953,83.23999786376953,83.20999908447266,83.22000122070312,68.8328857421875,2830600
2018-07-18,83.2300033569336,83.2300033569336,83.19999694824219,83.20999908447266,68.82466125488281,972800
2018-07-19,83.20999908447266,83.29000091552734,83.20999908447266,83.25,68.85769653320312,1185300
2018-07-20,83.27999877929688,83.29000091552734,83.23999786376953,83.25,68.85769653320312,1730800
2018-07-23,83.23999786376953,83.25,83.19999694824219,83.19999694824219,68.81634521484375,1083100
2018-07-24,83.20999908447266,83.20999908447266,83.18000030517578,83.20999908447266,68.82466125488281,1563400
2018-07-25,83.20999908447266,83.22000122070312,83.18000030517578,83.18000030517578,68.79981231689453,682800
2018-07-26,83.19999694824219,83.20999908447266,83.1500015258789,83.18000030517578,68.79981231689453,2208500
2018-07-27,83.19000244140625,83.20999908447266,83.18000030517578,83.19000244140625,68.8080825805664,1425300
2018-07-30,83.19000244140625,83.19999694824219,83.18000030517578,83.19000244140625,68.8080825805664,4199600
2018-07-31,83.20999908447266,83.20999908447266,83.19000244140625,83.19000244140625,68.8080825805664,2525700
2018-08-01,83.05000305175781,83.06999969482422,83.04000091552734,83.05999755859375,68.81471252441406,9125200
2018-08-02,83.08999633789062,83.11000061035156,83.08000183105469,83.11000061035156,68.85616302490234,1911300
2018-08-03,83.0999984741211,83.13999938964844,83.0999984741211,83.12000274658203,68.86444854736328,1371200
2018-08-06,83.1500015258789,83.1500015258789,83.12999725341797,83.13999938964844,68.88098907470703,1148200
2018-08-07,83.12999725341797,83.12999725341797,83.08999633789062,83.11000061035156,68.85616302490234,927500
2018-08-08,83.12999725341797,83.12999725341797,83.11000061035156,83.12000274658203,68.86444854736328,1438200
2018-08-09,83.13999938964844,83.16999816894531,83.13999938964844,83.16999816894531,68.90589141845703,660700
2018-08-10,83.22000122070312,83.26000213623047,83.20999908447266,83.25,68.97215270996094,1496600
2018-08-13,83.22000122070312,83.25,83.20999908447266,83.2300033569336,68.95556640625,1577400
2018-08-14,83.2300033569336,83.2300033569336,83.20999908447266,83.2300033569336,68.95556640625,1285500
2018-08-15,83.25,83.29000091552734,83.2300033569336,83.2699966430664,68.98869323730469,775000
2018-08-16,83.25,83.2699966430664,83.2300033569336,83.25,68.97215270996094,988000
2018-08-17,83.2699966430664,83.29000091552734,83.26000213623047,83.27999877929688,68.99696350097656,783400
2018-08-20,83.30999755859375,83.33000183105469,83.29000091552734,83.33000183105469,69.03839111328125,761700
2018-08-21,83.29000091552734,83.30999755859375,83.29000091552734,83.30999755859375,69.0218505859375,1449900
2018-08-22,83.31999969482422,83.33999633789062,83.30999755859375,83.33000183105469,69.03839111328125,609800
2018-08-23,83.33000183105469,83.33999633789062,83.30999755859375,83.31999969482422,69.03010559082031,702700
2018-08-24,83.29000091552734,83.33000183105469,83.29000091552734,83.33000183105469,69.03839111328125,2277200
2018-08-27,83.29000091552734,83.30999755859375,83.29000091552734,83.30000305175781,69.01355743408203,952800
2018-08-28,83.2699966430664,83.29000091552734,83.26000213623047,83.2699966430664,68.98869323730469,931800
2018-08-29,83.27999877929688,83.27999877929688,83.23999786376953,83.26000213623047,68.98041534423828,582200
2018-08-30,83.27999877929688,83.31999969482422,83.27999877929688,83.31999969482422,69.03010559082031,1657100
2018-08-31,83.33999633789062,83.3499984741211,83.33000183105469,83.33999633789062,69.04669189453125,4047500
2018-09-04,83.19999694824219,83.22000122070312,83.16000366210938,83.19000244140625,69.03096008300781,1358700
2018-09-05,83.19000244140625,83.19999694824219,83.16999816894531,83.19000244140625,69.03096008300781,846300
2018-09-06,83.20999908447266,83.25,83.19999694824219,83.22000122070312,69.05583953857422,5085900
2018-09-07,83.16999816894531,83.16999816894531,83.12999725341797,83.12999725341797,68.98113250732422,835500
2018-09-10,83.13999938964844,83.1500015258789,83.12999725341797,83.13999938964844,68.98944854736328,623800
2018-09-11,83.08999633789062,83.11000061035156,83.06999969482422,83.08999633789062,68.94792938232422,763700
2018-09-12,83.11000061035156,83.11000061035156,83.06999969482422,83.08999633789062,68.94792938232422,687600
2018-09-13,83.0999984741211,83.11000061035156,83.08000183105469,83.0999984741211,68.95623779296875,687200
2018-09-14,83.05000305175781,83.08000183105469,83.05000305175781,83.06999969482422,68.93132781982422,718500
2018-09-17,83.05999755859375,83.08000183105469,83.05000305175781,83.05000305175781,68.91476440429688,2312900
2018-09-18,83.06999969482422,83.06999969482422,83.0199966430664,83.04000091552734,68.90644836425781,860400
2018-09-19,83.0199966430664,83.02999877929688,83.0,83.0199966430664,68.88986206054688,659800
2018-09-20,83.0,83.05000305175781,83.0,83.05000305175781,68.91476440429688,945300
2018-09-21,83.02999877929688,83.05999755859375,83.0199966430664,83.02999877929688,68.89813232421875,1873300
2018-09-24,83.02999877929688,83.05999755859375,83.0199966430664,83.02999877929688,68.89813232421875,777100
2018-09-25,83.0199966430664,83.04000091552734,83.01000213623047,83.04000091552734,68.90644836425781,1217500
2018-09-26,83.02999877929688,83.06999969482422,83.02999877929688,83.05000305175781,68.91476440429688,1325900
2018-09-27,83.06999969482422,83.06999969482422,83.05000305175781,83.05000305175781,68.91476440429688,901900
2018-09-28,83.08999633789062,83.11000061035156,83.08999633789062,83.08999633789062,68.94792938232422,2340300
2018-10-01,82.95999908447266,82.97000122070312,82.93000030517578,82.93000030517578,68.92884063720703,3392500
2018-10-02,82.94999694824219,82.98999786376953,82.94999694824219,82.95999908447266,68.95378112792969,3058600
2018-10-03,82.94000244140625,82.95999908447266,82.88999938964844,82.91999816894531,68.9205322265625,1468200
2018-10-04,82.87000274658203,82.9000015258789,82.87000274658203,82.9000015258789,68.90391540527344,1245400
2018-10-05,82.87999725341797,82.88999938964844,82.86000061035156,82.88999938964844,68.89559936523438,1692100
2018-10-08,82.88999938964844,82.91999816894531,82.87000274658203,82.87000274658203,68.87895202636719,1601900
2018-10-09,82.9000015258789,82.91000366210938,82.87999725341797,82.9000015258789,68.90391540527344,2939000
2018-10-10,82.87000274658203,82.93000030517578,82.87000274658203,82.91999816894531,68.9205322265625,1956800
2018-10-11,82.95999908447266,83.0,82.93000030517578,82.94999694824219,68.94544219970703,2116100
2018-10-12,82.9800033569336,83.01000213623047,82.94999694824219,82.94999694824219,68.94544219970703,2273900
2018-10-15,82.98999786376953,82.98999786376953,82.95999908447266,82.9800033569336,68.97039794921875,1770500
2018-10-16,82.97000122070312,82.97000122070312,82.94000244140625,82.94999694824219,68.94544219970703,2148800
2018-10-17,82.97000122070312,82.98999786376953,82.91999816894531,82.94999694824219,68.94544219970703,1607400
2018-10-18,82.93000030517578,83.01000213623047,82.91999816894531,83.0,68.9870376586914,1329400
2018-10-19,82.98999786376953,82.98999786376953,82.94000244140625,82.94999694824219,68.94544219970703,4100700
2018-10-22,82.94000244140625,82.97000122070312,82.93000030517578,82.93000030517578,68.92884063720703,2028000
2018-10-23,83.02999877929688,83.05000305175781,82.9800033569336,82.9800033569336,68.97039794921875,2864700
2018-10-24,83.0199966430664,83.11000061035156,83.0199966430664,83.11000061035156,69.07845306396484,2957300
2018-10-25,83.08999633789062,83.0999984741211,83.05999755859375,83.08000183105469,69.05351257324219,2679900
2018-10-26,83.13999938964844,83.19000244140625,83.12000274658203,83.12999725341797,69.09507751464844,3797300
2018-10-29,83.11000061035156,83.16999816894531,83.0999984741211,83.16000366210938,69.1200180053711,4785400
2018-10-30,83.12999725341797,83.12999725341797,83.08999633789062,83.12000274658203,69.08676147460938,5203700
2018-10-31,83.06999969482422,83.0999984741211,83.05000305175781,83.08000183105469,69.05351257324219,12635800
2018-11-01,82.95999908447266,82.98999786376953,82.94000244140625,82.9800033569336,69.09182739257812,3623600
2018-11-02,82.93000030517578,82.94000244140625,82.87999725341797,82.87999725341797,69.0085678100586,3723800
2018-11-05,82.91999816894531,82.91999816894531,82.88999938964844,82.91000366210938,69.03353118896484,2361000
2018-11-06,82.87999725341797,82.9000015258789,82.87000274658203,82.88999938964844,69.01689147949219,4431500
2018-11-07,82.87000274658203,82.87999725341797,82.8499984741211,82.86000061035156,68.99188995361328,1675000
2018-11-08,82.87999725341797,82.87999725341797,82.83000183105469,82.8499984741211,68.98355102539062,1332800
2018-11-09,82.86000061035156,82.91999816894531,82.86000061035156,82.88999938964844,69.01689147949219,1229500
2018-11-12,82.91999816894531,82.9800033569336,82.91999816894531,82.94999694824219,69.0667953491211,994300
2018-11-13,82.94999694824219,82.9800033569336,82.94999694824219,82.95999908447266,69.0751724243164,2990100
2018-11-14,82.97000122070312,83.06999969482422,82.95999908447266,83.0199966430664,69.12510681152344,3329800
2018-11-15,83.08999633789062,83.11000061035156,83.04000091552734,83.05999755859375,69.158447265625,1952400
2018-11-16,83.12000274658203,83.13999938964844,83.0999984741211,83.12000274658203,69.20841217041016,1293200
2018-11-19,83.12000274658203,83.19999694824219,83.11000061035156,83.19000244140625,69.26667022705078,1547700
2018-11-20,83.18000030517578,83.19999694824219,83.16000366210938,83.16999816894531,69.25006103515625,2307600
2018-11-21,83.18000030517578,83.18000030517578,83.1500015258789,83.16999816894531,69.25006103515625,9309900
2018-11-23,83.19999694824219,83.19999694824219,83.1500015258789,83.1500015258789,69.23336791992188,1666200
2018-11-26,83.1500015258789,83.16000366210938,83.12999725341797,83.16000366210938,69.24170684814453,1764000
2018-11-27,83.1500015258789,83.18000030517578,83.13999938964844,83.16999816894531,69.25006103515625,1555200
2018-11-28,83.16000366210938,83.22000122070312,83.13999938964844,83.19999694824219,69.27500915527344,2986100
2018-11-29,83.23999786376953,83.25,83.19999694824219,83.22000122070312,69.29167175292969,2217300
2018-11-30,83.22000122070312,83.2699966430664,83.20999908447266,83.25,69.31663513183594,4712700
2018-12-03,83.05999755859375,83.08999633789062,83.04000091552734,83.04000091552734,69.25993347167969,2828800
2018-12-04,83.06999969482422,83.13999938964844,83.06999969482422,83.0999984741211,69.3099594116211,4062000
2018-12-06,83.22000122070312,83.30000305175781,83.18000030517578,83.18000030517578,69.37667846679688,4012200
2018-12-07,83.19000244140625,83.27999877929688,83.18000030517578,83.2699966430664,69.45173645019531,2079300
2018-12-10,83.26000213623047,83.33000183105469,83.23999786376953,83.2699966430664,69.45173645019531,9725100
2018-12-11,83.2300033569336,83.26000213623047,83.18000030517578,83.19000244140625,69.3850326538086,5675500
2018-12-12,83.18000030517578,83.20999908447266,83.18000030517578,83.18000030517578,69.37667846679688,4565500
2018-12-13,83.2300033569336,83.26000213623047,83.22000122070312,83.26000213623047,69.44336700439453,7531900
2018-12-14,83.2699966430664,83.31999969482422,83.26000213623047,83.30999755859375,69.48509216308594,4449200
2018-12-17,83.31999969482422,83.38999938964844,83.30000305175781,83.38999938964844,69.55181121826172,5815300
2018-12-18,83.27999877929688,83.33000183105469,83.26000213623047,83.31999969482422,69.5927734375,6567000
2018-12-19,83.33999633789062,83.37999725341797,83.2699966430664,83.33999633789062,69.60946655273438,12278900
2018-12-20,83.3499984741211,83.36000061035156,83.30999755859375,83.33000183105469,69.60110473632812,7297300
2018-12-21,83.33000183105469,83.38999938964844,83.31999969482422,83.38999938964844,69.65121459960938,5548800
2018-12-24,83.4000015258789,83.45999908447266,83.4000015258789,83.45999908447266,69.70967864990234,4049100
2018-12-26,83.4800033569336,83.51000213623047,83.37999725341797,83.37999725341797,69.6428451538086,6207700
2018-12-27,83.45999908447266,83.54000091552734,83.45999908447266,83.47000122070312,69.71807861328125,4207700
2018-12-28,83.51000213623047,83.58999633789062,83.5,83.58999633789062,69.81824493408203,6740100
2018-12-31,83.56999969482422,83.66999816894531,83.55000305175781,83.62000274658203,69.84337615966797,4892300
