date,open,high,low,close,adjclose,volume
2000-01-03,148.25,148.25,143.875,145.4375,90.90703582763672,8164300
2000-01-04,143.53125,144.0625,139.640625,139.75,87.35199737548828,8089800
2000-01-05,139.9375,141.53125,137.25,140.0,87.50828552246094,12177900
2000-01-06,139.625,141.5,137.75,137.75,86.10187530517578,6227200
2000-01-07,140.3125,145.75,140.0625,145.75,91.1023941040039,8066500
2000-01-10,146.25,146.90625,145.03125,146.25,91.41484832763672,5741700
2000-01-11,145.8125,146.09375,143.5,144.5,90.32098388671875,7503700
2000-01-12,144.59375,144.59375,142.875,143.0625,89.42250061035156,6907700
2000-01-13,144.46875,145.75,143.28125,145.0,90.63349151611328,5158300
2000-01-14,146.53125,147.46875,145.96875,146.96875,91.86415100097656,7437300
2000-01-18,145.34375,146.625,145.1875,145.8125,91.14142608642578,6488500
2000-01-19,145.3125,147.0,145.0,147.0,91.8836441040039,6157900
2000-01-20,146.96875,146.96875,143.8125,144.75,90.47730255126953,5800100
2000-01-21,145.5,145.5,144.0625,144.4375,90.28192901611328,6244800
2000-01-24,145.65625,145.84375,139.40625,140.34375,87.72309112548828,7896900
2000-01-25,140.515625,141.9375,139.0,141.9375,88.71929931640625,9942500
2000-01-26,141.0,141.546875,140.09375,140.8125,88.01614379882812,5158100
2000-01-27,141.84375,142.21875,138.125,140.25,87.66453552246094,10922700
2000-01-28,139.4375,140.0625,135.53125,135.875,84.92986297607422,11916200
2000-01-31,135.8125,139.671875,135.0,139.5625,87.23477935791016,10768700
2000-02-01,139.75,141.6875,138.53125,140.9375,88.09423828125,8419900
2000-02-02,141.28125,142.25,140.375,141.0625,88.17236328125,6205900
2000-02-03,140.875,143.25,140.0,143.1875,89.5006103515625,7997500
2000-02-04,143.1875,144.0,142.125,142.59375,89.12950134277344,4925400
2000-02-07,142.5625,142.78125,141.4375,142.375,88.99271392822266,5845800
2000-02-08,143.96875,144.5625,143.625,144.3125,90.20379638671875,4936400
2000-02-09,144.46875,144.46875,141.265625,141.28125,88.30912017822266,8511500
2000-02-10,141.625,142.5625,140.875,141.5625,88.48495483398438,6690600
2000-02-11,141.84375,141.9375,138.03125,138.6875,86.68782806396484,9849800
2000-02-14,139.78125,139.78125,138.3125,139.5,87.19579315185547,8528800
2000-02-15,139.25,141.21875,137.796875,141.078125,88.18212890625,11078300
2000-02-16,140.375,140.9375,138.796875,139.0,86.88321685791016,8845400
2000-02-17,140.4375,140.4375,138.21875,138.28125,86.43392944335938,7584200
2000-02-18,138.875,138.875,134.625,135.3125,84.57830047607422,9409200
2000-02-22,135.1875,136.34375,133.53125,134.96875,84.3634262084961,16415400
2000-02-23,135.625,137.46875,134.5,136.5625,85.359619140625,12119000
2000-02-24,136.6875,137.03125,133.09375,133.8125,83.6406478881836,17375000
2000-02-25,135.1875,136.71875,133.125,133.328125,83.33794403076172,10559900
2000-02-28,133.375,136.6875,132.71875,136.125,85.08613586425781,13397800
2000-02-29,136.0625,137.4375,135.75,137.4375,85.90650177001953,8242500
2000-03-01,137.625,139.0,137.21875,138.4375,86.53156280517578,6868000
2000-03-02,138.6875,139.125,137.34375,138.53125,86.59015655517578,7600200
2000-03-03,140.4375,141.71875,139.71875,141.125,88.21146392822266,12770300
2000-03-06,140.8125,141.34375,138.75,139.75,87.35199737548828,11967100
2000-03-07,140.0,140.15625,135.21875,137.046875,85.66236877441406,20062000
2000-03-08,136.46875,137.84375,135.03125,136.875,85.55493927001953,11808500
2000-03-09,137.25,140.875,136.125,140.875,88.05516815185547,5500900
2000-03-10,140.1875,142.0,139.53125,140.125,87.58637237548828,7924600
2000-03-13,136.6875,140.46875,135.6875,138.59375,86.6292495727539,10540500
2000-03-14,139.28125,140.09375,136.15625,136.625,85.39864349365234,8263900
2000-03-15,136.875,140.4375,136.0625,139.8125,87.39110565185547,10300800
2000-03-16,141.625,146.84375,140.875,146.34375,91.4734878540039,25601400
2000-03-17,145.8125,148.0,145.4375,146.9375,92.07807159423828,10272900
2000-03-20,146.875,147.34375,144.78125,146.1875,91.6080093383789,12502300
2000-03-21,145.53125,149.75,144.5,149.1875,93.48800659179688,13612600
2000-03-22,149.5625,150.84375,148.6875,150.09375,94.05586242675781,8260000
2000-03-23,149.15625,153.46875,149.15625,152.65625,95.66166687011719,11654500
2000-03-24,152.875,155.75,151.71875,153.5625,96.2295913696289,11462900
2000-03-27,153.375,153.78125,151.8125,151.9375,95.21129608154297,8798600
2000-03-28,151.25,152.984375,150.59375,151.0625,94.6629409790039,6334400
2000-03-29,151.5625,152.484375,149.65625,151.21875,94.76081085205078,6747500
2000-03-30,150.15625,151.921875,147.125,148.6875,93.17469024658203,9491900
2000-03-31,149.625,152.3125,148.4375,150.375,94.23207092285156,9249100
2000-04-03,150.125,151.25,148.6875,151.25,94.78041076660156,8508200
2000-04-04,151.75,153.0,141.390625,150.125,94.0754623413086,19585500
2000-04-05,147.875,150.8125,147.625,149.1875,93.48800659179688,8387200
2000-04-06,150.25,151.6875,149.0,150.484375,94.3006362915039,6378500
2000-04-07,151.5625,152.125,150.5,151.4375,94.89793395996094,6023600
2000-04-10,151.75,153.109375,150.3125,150.84375,94.52588653564453,9624200
2000-04-11,150.0,151.625,148.375,150.40625,94.25166320800781,9006400
2000-04-12,150.375,151.15625,146.15625,146.28125,91.66680908203125,10779200
2000-04-13,147.46875,148.15625,143.78125,144.25,90.39393615722656,12225800
2000-04-14,142.625,142.8125,133.5,136.0,85.22406768798828,29604000
2000-04-17,135.1875,140.75,134.6875,140.75,88.20062255859375,23918200
2000-04-18,140.5625,144.46875,139.78125,144.46875,90.531005859375,11069200
2000-04-19,144.5,145.125,142.53125,143.125,89.68896484375,6553700
2000-04-20,143.5625,143.9375,142.375,143.8125,90.1197738647461,8537600
2000-04-24,141.5,143.3125,140.5,142.25,89.14064025878906,12893100
2000-04-25,144.625,148.15625,144.4375,148.15625,92.84173583984375,14102000
2000-04-26,147.96875,148.75,146.0,146.484375,91.79407501220703,7711100
2000-04-27,143.0,147.34375,143.0,146.0,91.49053955078125,15595300
2000-04-28,147.0,147.859375,145.0625,145.09375,90.92265319824219,8743400
2000-05-01,146.5625,148.484375,145.84375,147.0625,92.15640258789062,7328300
2000-05-02,145.5,147.125,144.125,144.125,90.31560516357422,9411900
2000-05-03,144.0,144.0,139.78125,140.75,88.20062255859375,12630700
2000-05-04,142.0,142.359375,140.75,141.8125,88.86643981933594,5963600
2000-05-05,141.0625,144.0,140.9375,143.53125,89.9434814453125,7862400
2000-05-08,142.75,143.375,141.84375,142.453125,89.26789855957031,5064100
2000-05-09,143.0625,143.40625,140.265625,141.3125,88.5531005859375,5620300
2000-05-10,140.5,140.96875,137.75,138.125,86.5556869506836,10293900
2000-05-11,140.125,141.5,139.125,141.28125,88.53357696533203,7091100
2000-05-12,141.8125,143.46875,141.625,142.8125,89.49312591552734,5960800
2000-05-15,142.75,145.609375,142.0,145.28125,91.04012298583984,4441300
2000-05-16,146.5625,147.71875,145.3125,146.6875,91.92135620117188,8192200
2000-05-17,145.6875,146.1875,144.46875,145.15625,90.96183776855469,5907200
2000-05-18,145.625,146.3125,143.375,143.375,89.84557342529297,4325600
2000-05-19,142.5625,143.234375,140.40625,141.125,88.43563079833984,6518400
2000-05-22,141.25,141.46875,137.0,140.0625,87.76985931396484,10839400
2000-05-23,140.4375,140.8125,137.5625,138.0,86.47737121582031,7979200
2000-05-24,138.0,140.6875,136.5,140.25,87.88731384277344,11081500
2000-05-25,140.6875,141.8125,137.71875,137.84375,86.37944030761719,8278900
2000-05-26,138.8125,139.6875,137.328125,138.0,86.47737121582031,4814000
2000-05-30,140.0,142.9375,139.46875,142.5,89.29729461669922,5362700
2000-05-31,142.5625,144.0,142.09375,142.8125,89.49312591552734,6056500
2000-06-01,143.6875,145.4375,143.0,145.3125,91.05974578857422,8961600
2000-06-02,148.9375,149.09375,147.484375,147.84375,92.64595794677734,8962200
2000-06-05,147.46875,148.21875,146.875,147.125,92.19549560546875,6998100
2000-06-06,146.625,147.78125,145.90625,146.46875,91.7842788696289,4858900
2000-06-07,146.625,148.0,146.0,147.484375,92.42073822021484,4919500
2000-06-08,147.5,147.75,146.0625,146.90625,92.0584716796875,5723100
2000-06-09,147.5,147.96875,145.625,146.59375,91.8626480102539,3085300
2000-06-12,146.96875,146.96875,144.875,144.875,90.78556060791016,3678900
2000-06-13,144.8125,147.75,144.625,147.59375,92.48925018310547,6558700
2000-06-14,148.25,148.875,147.1875,147.84375,92.64595794677734,6420500
2000-06-15,148.125,148.75,146.84375,148.15625,92.84173583984375,5881200
2000-06-16,148.3125,148.3125,145.875,146.59375,92.07891082763672,5567900
2000-06-19,146.46875,149.15625,146.25,148.46875,93.25658416748047,5106900
2000-06-20,148.1875,148.875,147.0,147.9375,92.92298889160156,6480000
2000-06-21,146.9375,148.4375,146.890625,147.875,92.88365173339844,3115000
2000-06-22,147.5625,147.6875,145.0,145.625,91.47040557861328,7490500
2000-06-23,145.8125,146.125,143.875,144.375,90.68522644042969,4863300
2000-06-26,145.375,146.25,144.875,146.234375,91.85318756103516,5201300
2000-06-27,145.984375,146.71875,145.015625,145.15625,91.17601013183594,4159500
2000-06-28,145.625,146.984375,145.3125,145.5625,91.43114471435547,5347700
2000-06-29,144.75,145.75,143.515625,144.1875,90.56743621826172,6345700
2000-06-30,143.9375,145.59375,143.890625,145.28125,91.25447082519531,7420200
2000-07-03,145.4375,147.4375,145.1875,147.28125,92.5107650756836,1436600
2000-07-05,146.375,146.65625,144.375,144.625,90.8422622680664,2748200
2000-07-06,144.9375,146.46875,144.21875,145.75,91.5488510131836,5963200
2000-07-07,146.6875,148.78125,146.25,148.09375,93.02110290527344,3034800
2000-07-10,147.875,148.90625,147.53125,147.84375,92.86406707763672,2816100
2000-07-11,147.46875,149.125,147.15625,148.15625,93.06033325195312,5431600
2000-07-12,149.28125,150.125,148.6875,149.125,93.66879272460938,5883000
2000-07-13,149.984375,150.375,149.1875,149.78125,94.08101654052734,5356000
2000-07-14,150.4375,151.25,149.671875,151.25,95.00357055664062,5341900
2000-07-17,150.984375,151.984375,150.6875,151.0,94.84659576416016,4208300
2000-07-18,150.625,150.625,149.34375,149.765625,94.07122039794922,4262100
2000-07-19,149.46875,149.90625,148.25,148.5625,93.31548309326172,8506800
2000-07-20,149.0,150.625,148.8125,150.625,94.61100769042969,4538900
2000-07-21,149.75,149.75,147.6875,147.6875,92.76587677001953,5656900
2000-07-24,148.125,148.859375,146.5625,146.84375,92.23590087890625,5628500
2000-07-25,147.75,147.84375,146.78125,147.3125,92.53036499023438,4757100
2000-07-26,146.96875,147.15625,145.640625,145.875,91.62744903564453,12062500
2000-07-27,145.9375,146.625,144.6875,145.375,91.31336975097656,7652600
2000-07-28,145.71875,145.90625,141.515625,142.09375,89.2523422241211,6229500
2000-07-31,142.9375,144.125,142.0625,143.0,89.82159423828125,5265500
2000-08-01,143.625,144.71875,143.125,143.875,90.3711929321289,3946600
2000-08-02,143.875,145.40625,143.625,144.59375,90.82267761230469,7439800
2000-08-03,142.875,145.8125,142.625,145.59375,91.45075988769531,4607100
2000-08-04,146.3125,146.71875,145.40625,146.375,91.94151306152344,3686600
2000-08-07,146.71875,148.4375,146.375,148.125,93.04071807861328,4159800
2000-08-08,147.5,148.8125,147.5,148.6875,93.39405822753906,3658700
2000-08-09,149.140625,149.21875,147.375,147.4375,92.60887908935547,5383800
2000-08-10,147.53125,147.859375,146.28125,146.71875,92.15743255615234,4193400
2000-08-11,146.625,148.0,145.5625,147.40625,92.5892562866211,5089400
2000-08-14,147.78125,149.5625,147.0625,149.28125,93.76700592041016,2966700
2000-08-15,149.34375,149.8125,148.5625,149.15625,93.6884536743164,5564600
2000-08-16,149.3125,149.9375,147.84375,148.625,93.35478973388672,5191600
2000-08-17,148.6875,150.4375,148.34375,150.1875,94.33618927001953,5652200
2000-08-18,150.375,150.375,149.21875,149.6875,94.02217102050781,4626400
2000-08-21,150.03125,150.71875,149.40625,150.5,94.53252410888672,2380600
2000-08-22,150.5625,151.3125,150.09375,150.25,94.37547302246094,3075300
2000-08-23,149.8125,151.28125,149.28125,150.84375,94.74844360351562,5483200
2000-08-24,151.15625,151.5,150.5,151.3125,95.04288482666016,4529000
2000-08-25,151.15625,151.625,150.9375,151.25,95.00357055664062,2822200
2000-08-28,151.25,152.90625,151.25,151.765625,95.32746887207031,5518700
2000-08-29,151.4375,151.875,150.90625,151.796875,95.34709167480469,3561900
2000-08-30,151.3125,151.5,150.34375,150.34375,94.43438720703125,3964800
2000-08-31,151.0625,153.09375,150.90625,152.34375,95.69061279296875,4863100
2000-09-01,153.25,153.59375,152.0,152.5,95.78874969482422,3191200
2000-09-05,151.875,152.203125,150.8125,151.28125,95.02317810058594,3470800
2000-09-06,151.1875,151.953125,149.53125,149.5625,93.94364929199219,4322200
2000-09-07,150.25,151.078125,149.828125,150.84375,94.74844360351562,4265500
2000-09-08,150.28125,150.5,149.328125,149.8125,94.10066986083984,3518200
2000-09-11,149.75,151.1875,148.6875,149.59375,93.96326446533203,3937500
2000-09-12,149.75,150.25,148.4375,148.5,93.2762451171875,4769100
2000-09-13,148.0,149.34375,147.65625,148.890625,93.52163696289062,7691600
2000-09-14,149.875,149.9375,148.15625,149.640625,93.99271392822266,3397100
2000-09-15,148.1875,148.25,146.0,146.0,91.93631744384766,4085700
2000-09-18,146.375,146.96875,144.203125,144.65625,91.09020233154297,5109300
2000-09-19,145.125,146.3125,144.703125,145.96875,91.91668701171875,6588200
2000-09-20,145.6875,146.03125,143.15625,144.890625,91.23773956298828,6508100
2000-09-21,144.46875,145.5625,142.625,142.6875,89.8504409790039,5972300
2000-09-22,142.625,145.3125,142.421875,145.28125,91.48371887207031,7791300
2000-09-25,145.9375,146.0625,143.71875,144.25,90.83442687988281,9726300
2000-09-26,144.375,145.0,142.40625,142.40625,89.67341613769531,5302400
2000-09-27,143.5625,143.96875,142.125,143.15625,90.14564514160156,7186200
2000-09-28,143.1875,146.328125,142.890625,145.0,91.3066177368164,7036400
2000-09-29,145.46875,145.96875,143.625,143.625,90.44084167480469,9333600
2000-10-02,144.28125,144.90625,143.140625,143.84375,90.57855224609375,5517800
2000-10-03,144.53125,145.75,142.28125,142.5,89.73241424560547,9347200
2000-10-04,142.875,144.25,141.75,143.6875,90.48017120361328,6148900
2000-10-05,143.40625,144.84375,143.3125,144.1875,90.79499816894531,4566900
2000-10-06,143.875,144.640625,139.75,141.0625,88.82718658447266,10014900
2000-10-09,141.3125,141.3125,139.375,140.0,88.15814971923828,4508000
2000-10-10,140.09375,141.25,137.6875,137.6875,86.70193481445312,6104700
2000-10-11,137.625,138.625,135.125,136.53125,85.9738540649414,10346000
2000-10-12,137.28125,137.59375,132.78125,133.125,83.8289566040039,12336900
2000-10-13,132.9375,137.65625,132.875,137.5625,86.62323760986328,11778800
2000-10-16,137.40625,138.234375,136.6875,138.1875,87.01678466796875,5659000
2000-10-17,138.4375,138.5625,134.40625,134.75,84.85222625732422,7831700
2000-10-18,132.625,136.125,130.15625,134.25,84.53736877441406,10897300
2000-10-19,136.84375,139.453125,136.4375,139.3125,87.7252197265625,8767300
2000-10-20,138.375,141.1875,138.375,139.90625,88.09909057617188,7373500
2000-10-23,139.9375,141.03125,138.9375,140.53125,88.49268341064453,5290000
2000-10-24,140.96875,141.9375,139.0,139.59375,87.90233612060547,5750700
2000-10-25,138.75,139.5625,136.125,136.3125,85.83613586425781,9137600
2000-10-26,137.125,137.65625,134.03125,136.6875,86.0722885131836,9345800
2000-10-27,137.875,139.28125,136.625,139.28125,87.70555877685547,9762900
2000-10-30,138.4375,141.09375,138.15625,140.53125,88.49268341064453,10154100
2000-10-31,141.015625,143.6875,140.0625,142.953125,90.01774597167969,7752400
2000-11-01,142.25,143.25,141.21875,142.46875,89.71268463134766,6753600
2000-11-02,143.15625,143.90625,142.515625,142.703125,89.86032104492188,11395100
2000-11-03,143.46875,143.75,142.375,142.78125,89.90950012207031,5187100
2000-11-06,143.15625,144.296875,143.03125,143.78125,90.53923797607422,4042500
2000-11-07,143.140625,144.0,142.5625,143.75,90.51953125,5231300
2000-11-08,144.0625,144.0625,140.5625,140.5625,88.51233673095703,6123300
2000-11-09,140.0,141.21875,137.25,140.03125,88.17780303955078,10635300
2000-11-10,139.0,139.46875,136.53125,136.625,86.03288269042969,8569500
2000-11-13,135.625,136.984375,133.015625,135.5625,85.36381530761719,17285300
2000-11-14,137.46875,139.625,137.0,139.125,87.60714721679688,7668900
2000-11-15,139.0625,140.109375,137.75,139.5625,87.88264465332031,8837700
2000-11-16,138.578125,139.875,137.3125,137.375,86.50518035888672,6684100
2000-11-17,137.3125,139.0,135.75,136.640625,86.04271697998047,6551100
2000-11-20,135.75,136.375,134.3125,134.6875,84.81288146972656,5458500
2000-11-21,134.875,136.1875,133.515625,135.375,85.24577331542969,7684300
2000-11-22,134.34375,134.875,132.125,132.140625,83.20911407470703,5736900
2000-11-24,133.625,134.96875,133.625,134.84375,84.91120147705078,3411600
2000-11-27,136.46875,136.6875,135.3125,136.03125,85.6590347290039,5992000
2000-11-28,135.125,136.59375,133.640625,133.6875,84.18317413330078,5336100
2000-11-29,134.375,135.90625,133.265625,133.4375,84.02574157714844,6914100
2000-11-30,132.5,133.5,129.75,132.28125,83.29765319824219,11201600
2000-12-01,133.1875,134.0625,131.0,132.21875,83.25824737548828,7587200
2000-12-04,131.875,133.875,131.5,133.34375,83.96671295166016,6996600
2000-12-05,134.875,138.25,134.40625,137.71875,86.72160339355469,8883400
2000-12-06,137.78125,138.34375,135.03125,135.515625,85.33431243896484,12888000
2000-12-07,134.875,135.875,133.65625,133.65625,84.16344451904297,6529100
2000-12-08,137.0625,139.46875,133.875,133.96875,84.36026763916016,10276300
2000-12-11,137.375,139.5625,136.71875,138.625,87.29230499267578,6405600
2000-12-12,138.1875,138.8125,137.375,138.03125,86.91841888427734,5022900
2000-12-13,139.25,139.40625,136.03125,136.140625,85.72789001464844,6070500
2000-12-14,135.875,136.5,134.03125,134.40625,84.6357421875,7678400
2000-12-15,133.125,133.125,130.5625,130.96875,82.72412872314453,9065300
2000-12-18,132.0625,133.46875,131.765625,132.71875,83.8294906616211,7235400
2000-12-19,132.46875,134.96875,130.015625,130.015625,82.12207794189453,9616600
2000-12-20,128.625,128.9375,126.09375,126.25,79.74357604980469,9994300
2000-12-21,126.0,128.859375,125.53125,127.125,80.29627990722656,14331500
2000-12-22,129.0,131.109375,128.84375,130.9375,82.70441436767578,10182900
2000-12-26,130.84375,132.34375,130.28125,132.34375,83.59260559082031,4665300
2000-12-27,131.75,133.734375,131.25,133.3125,84.20452880859375,4854100
2000-12-28,132.8125,133.875,132.59375,133.71875,84.46109771728516,8358700
2000-12-29,134.0625,134.28125,131.1875,131.1875,82.8622817993164,8774600
2001-01-02,132.0,132.15625,127.5625,128.8125,81.3621826171875,8737500
2001-01-03,128.3125,136.0,127.65625,135.0,85.27040100097656,19431600
2001-01-04,134.9375,135.46875,133.0,133.546875,84.35252380371094,9219000
2001-01-05,133.46875,133.625,129.1875,129.1875,81.5990219116211,12911400
2001-01-08,129.875,130.1875,127.6875,130.1875,82.23063659667969,6625300
2001-01-09,131.046875,131.5,129.421875,129.84375,82.01349639892578,5702400
2001-01-10,129.0,132.125,128.8125,132.125,83.45446014404297,8746100
2001-01-11,131.09375,133.484375,131.09375,132.25,83.53340148925781,7245100
2001-01-12,132.6875,133.71875,131.28125,132.0,83.37545776367188,7244000
2001-01-16,132.0,133.1875,131.515625,132.84375,83.9084243774414,8542200
2001-01-17,134.84375,135.046875,132.640625,133.453125,84.29335021972656,7851400
2001-01-18,133.4375,135.703125,132.9375,134.78125,85.13225555419922,8107000
2001-01-19,136.1875,136.1875,133.875,134.015625,84.6486587524414,7782500
2001-01-22,134.25,135.78125,133.5625,134.90625,85.211181640625,7050900
2001-01-23,134.46875,136.65625,134.15625,135.96875,85.88230895996094,8463100
2001-01-24,136.25,137.3125,135.84375,136.375,86.138916015625,6199900
2001-01-25,136.25,137.25,135.65625,136.03125,85.92176055908203,10818300
2001-01-26,135.15625,136.125,134.453125,135.875,85.8230972290039,7136800
2001-01-29,135.5,136.89999389648438,135.3699951171875,136.60000610351562,86.2809829711914,6705900
2001-01-30,136.3000030517578,137.9199981689453,135.7899932861328,137.8000030517578,87.0389633178711,7069100
2001-01-31,137.39999389648438,138.6999969482422,136.60000610351562,137.02000427246094,86.54627990722656,9706900
2001-02-01,137.10000610351562,137.9499969482422,136.25,137.92999267578125,87.12108612060547,8239100
2001-02-02,137.39999389648438,137.99000549316406,134.75,134.8000030517578,85.14405059814453,8276600
2001-02-05,134.8000030517578,135.94000244140625,134.75,135.7899932861328,85.76937103271484,4352900
2001-02-06,135.3000030517578,136.6999969482422,135.22000122070312,135.38999938964844,85.51673889160156,7106700
2001-02-07,134.72000122070312,135.39999389648438,133.67999267578125,134.69000244140625,85.07454681396484,5748700
2001-02-08,134.8000030517578,135.39999389648438,133.10000610351562,133.1199951171875,84.08292388916016,5943300
2001-02-09,133.35000610351562,133.35000610351562,131.25999450683594,131.83999633789062,83.27438354492188,9913000
2001-02-12,131.6999969482422,133.5,131.6999969482422,133.35000610351562,84.22819519042969,5804400
2001-02-13,133.6999969482422,134.1699981689453,132.0,132.25999450683594,83.53971099853516,6587600
2001-02-14,132.64999389648438,132.64999389648438,130.66000366210938,132.05999755859375,83.41339874267578,8400100
2001-02-15,132.83999633789062,133.52000427246094,131.99000549316406,133.33999633789062,84.22184753417969,5929800
2001-02-16,131.0,131.2899932861328,129.3000030517578,130.39999389648438,82.36486053466797,6434900
2001-02-20,131.0399932861328,131.13999938964844,128.10000610351562,128.38999938964844,81.09529113769531,5760000
2001-02-21,127.9000015258789,128.83999633789062,125.5,125.62000274658203,79.34566497802734,10910800
2001-02-22,126.3499984741211,126.54000091552734,123.0199966430664,125.80999755859375,79.46568298339844,21281600
2001-02-23,125.08000183105469,125.54000091552734,121.80000305175781,124.95999908447266,78.92878723144531,20173000
2001-02-26,125.80000305175781,127.62000274658203,124.5,127.62000274658203,80.60891723632812,11503700
2001-02-27,126.80000305175781,127.83999633789062,125.51000213623047,126.44000244140625,79.86360168457031,11415000
2001-02-28,126.75,126.83999633789062,123.2699966430664,123.94999694824219,78.29080200195312,14825800
2001-03-01,124.05000305175781,124.5999984741211,121.75,124.5999984741211,78.70142364501953,14672000
2001-03-02,122.5,125.6500015258789,122.30000305175781,123.61000061035156,78.07606506347656,12564300
2001-03-05,124.1500015258789,124.77999877929688,123.80999755859375,124.73999786376953,78.78984832763672,5293200
2001-03-06,126.3499984741211,127.75,125.48999786376953,126.08000183105469,79.63623809814453,6917000
2001-03-07,126.9000015258789,127.04000091552734,125.76000213623047,126.9800033569336,80.2046890258789,6371700
2001-03-08,126.5999984741211,127.23999786376953,126.13999938964844,127.12000274658203,80.29314422607422,6055000
2001-03-09,126.0999984741211,126.0999984741211,123.11000061035156,123.36000061035156,77.91818237304688,10020300
2001-03-12,122.33999633789062,122.5,117.75,118.08000183105469,74.58316040039062,13972900
2001-03-13,119.4000015258789,120.44000244140625,117.52999877929688,120.0199966430664,75.80853271484375,12888000
2001-03-14,117.05000305175781,119.29000091552734,115.75,117.6500015258789,74.31157684326172,19883400
2001-03-15,118.44999694824219,118.86000061035156,117.36000061035156,117.68000030517578,74.33055114746094,10370300
2001-03-16,117.12999725341797,117.4000015258789,114.80999755859375,115.01000213623047,72.83963012695312,58514600
2001-03-19,115.76000213623047,117.69000244140625,114.81999969482422,117.3499984741211,74.32164764404297,10067800
2001-03-20,117.9000015258789,118.45999908447266,114.11000061035156,114.19999694824219,72.3266372680664,15083900
2001-03-21,114.18000030517578,115.26000213623047,111.9000015258789,112.26000213623047,71.09797668457031,19004600
2001-03-22,112.0199966430664,112.5999984741211,108.04000091552734,111.12000274658203,70.3759994506836,28624800
2001-03-23,113.25,114.66000366210938,111.5,114.4800033569336,72.50399780273438,12861700
2001-03-26,115.69999694824219,116.2699966430664,114.7699966430664,115.94000244140625,73.42868041992188,9943800
2001-03-27,115.62000274658203,118.6500015258789,115.27999877929688,118.30999755859375,74.92964935302734,12880700
2001-03-28,116.9000015258789,116.94999694824219,114.9000015258789,115.04000091552734,72.85861206054688,10953300
2001-03-29,114.69999694824219,116.5,112.13999938964844,115.4800033569336,73.13731384277344,12060300
2001-03-30,115.55000305175781,116.69000244140625,114.5,116.69000244140625,73.90363311767578,9183600
2001-04-02,116.30000305175781,117.37999725341797,113.80000305175781,114.19999694824219,72.3266372680664,10561000
2001-04-03,113.9800033569336,114.1500015258789,110.05999755859375,110.38999938964844,69.91365051269531,12836000
2001-04-04,110.56999969482422,112.0999984741211,109.30000305175781,110.8499984741211,70.2049560546875,14884300
2001-04-05,113.30000305175781,115.48999786376953,112.5,115.05000305175781,72.86494445800781,21522800
2001-04-06,113.98999786376953,114.4000015258789,112.05999755859375,113.30000305175781,71.7566146850586,14937800
2001-04-09,114.0,114.98999786376953,112.77999877929688,114.55999755859375,72.55463409423828,9034300
2001-04-10,115.44999694824219,117.75,115.16999816894531,116.6500015258789,73.87832641601562,17873600
2001-04-11,118.77999877929688,118.98999786376953,116.13999938964844,116.7300033569336,73.92900848388672,12722300
2001-04-12,116.30000305175781,118.94000244140625,115.95999908447266,118.8499984741211,75.2716293334961,9233200
2001-04-16,118.29000091552734,118.88999938964844,116.91000366210938,117.5999984741211,74.47998046875,7350000
2001-04-17,117.30999755859375,119.66000366210938,117.0199966430664,119.26000213623047,75.53128051757812,10924700
2001-04-18,121.05999755859375,126.0,120.69000244140625,124.0,78.53330993652344,32481600
2001-04-19,124.25,125.83999633789062,123.58000183105469,125.6500015258789,79.57832336425781,13809900
2001-04-20,124.9000015258789,125.4000015258789,123.66000366210938,124.5,78.84994506835938,7626700
2001-04-23,123.6500015258789,123.88999938964844,121.91000366210938,122.23999786376953,77.41861724853516,8451800
2001-04-24,122.5199966430664,123.6500015258789,121.0999984741211,121.58000183105469,77.00064086914062,10044700
2001-04-25,121.41999816894531,123.66999816894531,120.94999694824219,123.16999816894531,78.00762939453125,8249000
2001-04-26,123.7300033569336,125.22000122070312,123.5,123.72000122070312,78.35596466064453,10590400
2001-04-27,124.91999816894531,125.83999633789062,124.19999694824219,125.77999877929688,79.6606674194336,7938700
2001-04-30,126.44999694824219,127.2699966430664,124.66999816894531,126.66000366210938,80.21796417236328,10766900
2001-05-01,125.06999969482422,127.1500015258789,124.5999984741211,127.05000305175781,80.4649887084961,10578000
2001-05-02,127.41000366210938,127.69000244140625,126.0,126.81999969482422,80.31932067871094,9572900
2001-05-03,126.12999725341797,126.1500015258789,124.22000122070312,125.20999908447266,79.29964447021484,9926200
2001-05-04,123.6500015258789,127.3499984741211,123.44000244140625,127.33999633789062,80.64860534667969,12145300
2001-05-07,126.86000061035156,127.37999725341797,126.2300033569336,126.23999786376953,79.95195007324219,7185200
2001-05-08,126.86000061035156,127.0999984741211,125.55999755859375,126.18000030517578,79.9139633178711,6952600
2001-05-09,125.25,126.55000305175781,125.05999755859375,125.6500015258789,79.57832336425781,9507400
2001-05-10,127.26000213623047,127.5,125.7699966430664,126.0199966430664,79.81260681152344,6872400
2001-05-11,126.0,126.48999786376953,124.4000015258789,125.1500015258789,79.26164245605469,7734400
2001-05-14,124.9000015258789,125.44000244140625,124.45999908447266,125.4000015258789,79.41995239257812,7914000
2001-05-15,125.55000305175781,126.5,124.8499984741211,125.9800033569336,79.78730773925781,9782200
2001-05-16,124.83999633789062,129.1999969482422,124.62000274658203,128.9499969482422,81.66828918457031,14909000
2001-05-17,129.0,130.0800018310547,128.55999755859375,129.14999389648438,81.79498291015625,11824600
2001-05-18,129.08999633789062,129.74000549316406,128.10000610351562,129.74000549316406,82.16865539550781,6683100
2001-05-21,129.83999633789062,131.83999633789062,129.14999389648438,131.64999389648438,83.37830352783203,11531500
2001-05-22,131.8300018310547,132.08999633789062,131.07000732421875,131.47999572753906,83.27064514160156,8342700
2001-05-23,131.0500030517578,131.0500030517578,129.25,129.25,81.8582992553711,12330800
2001-05-24,129.47000122070312,130.0,128.5500030517578,129.6300048828125,82.09896850585938,7902800
2001-05-25,129.64999389648438,129.6999969482422,127.9000015258789,128.10000610351562,81.1299819946289,7425000
2001-05-29,128.22000122070312,128.35000610351562,126.9000015258789,127.08000183105469,80.48397064208984,9003900
2001-05-30,126.58999633789062,127.08999633789062,125.0,125.30000305175781,79.35664367675781,10041800
2001-05-31,125.43000030517578,126.76000213623047,125.26000213623047,125.94999694824219,79.76830291748047,9874200
2001-06-01,126.19999694824219,127.0999984741211,125.12000274658203,126.7300033569336,80.26231384277344,8848300
2001-06-04,126.80000305175781,127.43000030517578,126.08000183105469,127.33999633789062,80.64860534667969,5623500
2001-06-05,127.48999786376953,129.22999572753906,127.2699966430664,128.8000030517578,81.57331848144531,9115400
2001-06-06,128.8300018310547,128.8300018310547,127.36000061035156,127.7300033569336,80.89566040039062,12064900
2001-06-07,127.05000305175781,128.35000610351562,127.0,128.19000244140625,81.1869888305664,7355300
2001-06-08,127.69999694824219,127.87000274658203,126.13999938964844,127.0,80.43329620361328,8170600
2001-06-11,126.70999908447266,126.98999786376953,125.41000366210938,126.0999984741211,79.86329650878906,7012200
2001-06-12,124.86000061035156,126.73999786376953,124.04000091552734,125.87999725341797,79.72398376464844,9364400
2001-06-13,126.16999816894531,126.58000183105469,124.6500015258789,124.80000305175781,79.03998565673828,7629400
2001-06-14,124.18000030517578,124.30000305175781,121.75,122.0,77.26664733886719,12603000
2001-06-15,120.91000366210938,122.4000015258789,120.4000015258789,121.8499984741211,77.39110565185547,16821100
2001-06-18,121.6500015258789,122.44000244140625,120.91000366210938,121.26000213623047,77.01639556884766,11368300
2001-06-19,122.37999725341797,122.88999938964844,120.88999938964844,121.79000091552734,77.35301208496094,7732300
2001-06-20,121.19000244140625,122.86000061035156,121.0999984741211,122.43000030517578,77.75948333740234,8787200
2001-06-21,122.22000122070312,124.30999755859375,122.1500015258789,123.81999969482422,78.6423568725586,12259100
2001-06-22,123.48999786376953,123.58999633789062,122.16000366210938,122.8499984741211,78.02625274658203,12212000
2001-06-25,123.27999877929688,123.44000244140625,121.5,121.72000122070312,77.30853271484375,8406800
2001-06-26,120.9000015258789,122.38999938964844,120.56999969482422,121.55000305175781,77.2005844116211,8005800
2001-06-27,121.5999984741211,122.23999786376953,120.91000366210938,121.4800033569336,77.15612030029297,10105100
2001-06-28,122.0,123.94000244140625,121.93000030517578,122.1500015258789,77.5816879272461,10269300
2001-06-29,122.80000305175781,124.01000213623047,122.26000213623047,122.5999984741211,77.86747741699219,9824200
2001-07-02,122.80000305175781,124.31999969482422,122.62000274658203,124.12999725341797,78.83918762207031,8522200
2001-07-03,123.9800033569336,124.0999984741211,123.05000305175781,124.0999984741211,78.8201904296875,3303100
2001-07-05,123.06999969482422,123.6500015258789,121.66000366210938,121.68000030517578,77.28316497802734,5517900
2001-07-06,121.30999755859375,121.48999786376953,119.05000305175781,119.05000305175781,75.6127700805664,11665900
2001-07-09,119.48999786376953,120.54000091552734,119.19999694824219,119.69999694824219,76.02556610107422,8339300
2001-07-10,120.29000091552734,120.63999938964844,118.20999908447266,118.26000213623047,75.11099243164062,8630700
2001-07-11,118.0999984741211,118.88999938964844,117.08999633789062,118.37999725341797,75.18717956542969,15328600
2001-07-12,119.5,121.47000122070312,119.30999755859375,121.19000244140625,76.97193145751953,12002800
2001-07-13,120.83999633789062,122.31999969482422,120.62000274658203,122.23999786376953,77.63883972167969,10433800
2001-07-16,121.7699966430664,122.27999877929688,120.29000091552734,120.70999908447266,76.66705322265625,6915300
2001-07-17,120.19999694824219,121.94999694824219,119.83000183105469,121.83999633789062,77.38477325439453,7469800
2001-07-18,120.55999755859375,121.63999938964844,120.05999755859375,121.01000213623047,76.85760498046875,7709300
2001-07-19,122.18000030517578,122.9800033569336,120.76000213623047,122.06999969482422,77.53085327148438,10082900
2001-07-20,121.1500015258789,121.94000244140625,120.91999816894531,121.33999633789062,77.06719970703125,6705800
2001-07-23,121.80000305175781,121.87999725341797,118.94999694824219,118.94999694824219,75.54923248291016,8065200
2001-07-24,119.0,119.19999694824219,116.75,117.80000305175781,74.8188247680664,12269000
2001-07-25,117.91999816894531,119.4800033569336,117.45999908447266,119.0999984741211,75.64448547363281,12088500
2001-07-26,119.05999755859375,120.8499984741211,118.55999755859375,120.3499984741211,76.43843841552734,12898200
2001-07-27,120.83000183105469,121.3499984741211,119.91000366210938,120.80999755859375,76.7305908203125,8478800
2001-07-30,121.19000244140625,121.3499984741211,120.30000305175781,120.8499984741211,76.75595092773438,8547700
2001-07-31,121.0,122.68000030517578,120.80000305175781,121.3499984741211,77.0735092163086,11918100
2001-08-01,121.97000122070312,122.69999694824219,121.55000305175781,122.11000061035156,77.55628204345703,11940800
2001-08-02,123.2300033569336,123.25,121.88999938964844,122.61000061035156,77.87384796142578,11070100
2001-08-03,122.36000061035156,122.36000061035156,120.9000015258789,121.94000244140625,77.44829559326172,10816300
2001-08-06,121.3499984741211,121.51000213623047,120.0999984741211,120.30000305175781,76.40669250488281,8550100
2001-08-07,120.2699966430664,121.19999694824219,119.91000366210938,120.7699966430664,76.7051773071289,8865100
2001-08-08,120.12000274658203,121.16000366210938,118.43000030517578,118.52999877929688,75.28246307373047,15183800
2001-08-09,118.69999694824219,118.97000122070312,117.86000061035156,118.87999725341797,75.50474548339844,14118500
2001-08-10,118.80000305175781,119.83999633789062,117.33999633789062,119.29000091552734,75.76520538330078,11173300
2001-08-13,119.5999984741211,119.8499984741211,118.80999755859375,119.31999969482422,75.78425598144531,7431600
2001-08-14,120.13999938964844,120.3499984741211,118.80000305175781,119.2699966430664,75.7524642944336,13178100
2001-08-15,119.2300033569336,119.61000061035156,118.08000183105469,118.23999786376953,75.09827423095703,8520600
2001-08-16,117.80000305175781,118.75,117.0,118.6500015258789,75.35868835449219,10734700
2001-08-17,117.6500015258789,117.87000274658203,116.01000213623047,116.75,74.15193939208984,11604600
2001-08-20,116.80000305175781,117.9000015258789,116.55000305175781,117.83000183105469,74.83787536621094,10417400
2001-08-21,117.80000305175781,118.54000091552734,115.80000305175781,115.81999969482422,73.56123352050781,14480800
2001-08-22,116.75,117.43000030517578,115.77999877929688,117.0199966430664,74.32340240478516,11752300
2001-08-23,116.95999908447266,117.5199966430664,116.48999786376953,116.5999984741211,74.05669403076172,8744100
2001-08-24,117.20999908447266,119.12999725341797,116.73999786376953,119.0199966430664,75.59369659423828,11687700
2001-08-27,118.97000122070312,119.19999694824219,118.26000213623047,118.30999755859375,75.14275360107422,7425100
2001-08-28,118.27999877929688,118.48999786376953,116.58000183105469,116.58000183105469,74.04397583007812,12046600
2001-08-29,117.12999725341797,117.18000030517578,115.16999816894531,115.54000091552734,73.38343048095703,16180000
2001-08-30,114.8499984741211,115.73999786376953,112.04000091552734,113.31999969482422,71.97344207763672,17692600
2001-08-31,113.4000015258789,114.7699966430664,113.12999725341797,114.1500015258789,72.50062561035156,15985400
2001-09-04,113.8499984741211,116.16999816894531,113.37000274658203,113.41999816894531,72.03694152832031,24473400
2001-09-05,113.69999694824219,114.19000244140625,111.94999694824219,113.69999694824219,72.21477508544922,21477100
2001-09-06,112.6500015258789,113.30000305175781,110.7699966430664,110.7699966430664,70.35382843017578,21653000
2001-09-07,110.0199966430664,111.25,108.62999725341797,108.72000122070312,69.05182647705078,33133900
2001-09-10,107.69999694824219,110.3499984741211,107.69999694824219,110.05000305175781,69.89656066894531,23408700
2001-09-17,101.0,106.4000015258789,100.0,104.30000305175781,66.24449920654297,32388700
2001-09-18,104.33000183105469,105.30000305175781,103.36000061035156,104.05000305175781,66.08574676513672,22029200
2001-09-19,104.0999984741211,104.5,98.55999755859375,101.94999694824219,64.75199127197266,42771800
2001-09-20,100.4000015258789,101.80999755859375,98.55999755859375,98.70999908447266,62.694129943847656,36210900
2001-09-21,94.27999877929688,98.98999786376953,93.80000305175781,97.27999877929688,62.01771926879883,49782100
2001-09-24,99.72000122070312,101.16000366210938,99.05999755859375,100.69999694824219,64.19801330566406,25549600
2001-09-25,100.75,102.0,99.9000015258789,101.75,64.8674087524414,25466200
2001-09-26,102.3499984741211,102.4000015258789,100.43000030517578,101.38999938964844,64.63790893554688,18587500
2001-09-27,101.25,102.29000091552734,100.0,102.2699966430664,65.19894409179688,20536800
2001-09-28,102.9800033569336,109.62000274658203,102.5,104.44000244140625,66.58235168457031,21687200
2001-10-01,103.9000015258789,104.31999969482422,102.83000183105469,104.2699966430664,66.47390747070312,20457400
2001-10-02,104.0,105.58000183105469,103.6500015258789,105.58000183105469,67.30908966064453,19833100
2001-10-03,104.5999984741211,107.87999725341797,104.3499984741211,107.3499984741211,68.43753814697266,32045800
2001-10-04,108.29000091552734,108.97000122070312,106.75,107.44000244140625,68.4948959350586,32674100
2001-10-05,107.25,107.62000274658203,105.5199966430664,107.2300033569336,68.36102294921875,29796100
2001-10-08,106.2699966430664,107.30000305175781,105.87000274658203,106.52999877929688,67.91475677490234,12970300
2001-10-09,106.61000061035156,106.75,105.5999984741211,105.95999908447266,67.55137634277344,15976300
2001-10-10,105.80000305175781,108.55000305175781,105.5199966430664,108.31999969482422,69.05590057373047,19987400
2001-10-11,108.94999694824219,110.30000305175781,108.94999694824219,110.0,70.126953125,23006300
2001-10-12,109.1500015258789,109.88999938964844,107.30000305175781,109.5,69.80816650390625,31360500
2001-10-15,108.62999725341797,109.44999694824219,108.05999755859375,109.30000305175781,69.68069458007812,16873000
2001-10-16,109.80000305175781,110.61000061035156,108.94999694824219,109.98999786376953,70.12057495117188,15877100
2001-10-17,111.06999969482422,111.1500015258789,107.6500015258789,107.6500015258789,68.6287612915039,28542300
2001-10-18,107.81999969482422,108.16000366210938,106.75,107.41999816894531,68.48212432861328,16510000
2001-10-19,107.0,107.91000366210938,106.01000213623047,107.3499984741211,68.43753814697266,21912500
2001-10-22,107.30000305175781,109.56999969482422,107.20999908447266,109.47000122070312,69.78904724121094,17540600
2001-10-23,109.95999908447266,110.27999877929688,108.37999725341797,108.91000366210938,69.43204498291016,22062500
2001-10-24,108.9800033569336,109.44999694824219,108.22000122070312,108.62000274658203,69.24713897705078,16065200
2001-10-25,107.44999694824219,110.5999984741211,106.73999786376953,110.56999969482422,70.49032592773438,27467900
2001-10-26,109.94999694824219,111.79000091552734,109.66999816894531,110.31999969482422,70.3309555053711,18623300
2001-10-29,110.16000366210938,110.55000305175781,107.44999694824219,107.44999694824219,68.50127410888672,18727500
2001-10-30,107.3499984741211,107.69999694824219,105.55999755859375,106.16000366210938,67.6788558959961,26178600
2001-10-31,106.9000015258789,107.86000061035156,105.80000305175781,105.80000305175781,67.44933319091797,28124200
2001-11-01,106.5999984741211,109.01000213623047,105.69999694824219,108.51000213623047,69.1770248413086,29806800
2001-11-02,108.44000244140625,109.37999725341797,107.87000274658203,109.25,69.64878845214844,17575900
2001-11-05,110.12000274658203,111.08999633789062,109.94999694824219,110.68000030517578,70.56045532226562,15929500
2001-11-06,110.3499984741211,112.4800033569336,109.8499984741211,112.4000015258789,71.65694427490234,23245800
2001-11-07,111.7699966430664,113.12000274658203,111.63999938964844,112.25,71.56134033203125,19716000
2001-11-08,112.87000274658203,114.08000183105469,111.9000015258789,112.5999984741211,71.78447723388672,22563500
2001-11-09,112.25,112.95999908447266,111.44000244140625,112.72000122070312,71.8609848022461,15895800
2001-11-12,111.0,112.6500015258789,110.0,112.02999877929688,71.42107391357422,26068800
2001-11-13,113.44000244140625,114.55000305175781,113.18000030517578,114.55000305175781,73.02767181396484,15296200
2001-11-14,115.16999816894531,115.4000015258789,113.70999908447266,114.66000366210938,73.09779357910156,17571300
2001-11-15,114.37000274658203,115.18000030517578,113.93000030517578,114.87000274658203,73.23162841796875,19470200
2001-11-16,115.08000183105469,115.0999984741211,113.4000015258789,114.36000061035156,72.90652465820312,18134900
2001-11-19,114.91999816894531,115.8499984741211,114.44999694824219,115.7699966430664,73.80541229248047,13625400
2001-11-20,115.37000274658203,115.80000305175781,114.63999938964844,114.80000305175781,73.18702697753906,16209700
2001-11-21,114.5,114.66999816894531,113.51000213623047,114.04000091552734,72.70250701904297,11470200
2001-11-23,114.04000091552734,115.75,114.0,115.68000030517578,73.7480239868164,6717100
2001-11-26,115.75,116.33999633789062,115.06999969482422,115.93000030517578,73.90744018554688,13726000
2001-11-27,115.62000274658203,116.9000015258789,114.08999633789062,115.43000030517578,73.58866119384766,19261400
2001-11-28,114.73999786376953,115.16999816894531,113.25,113.33999633789062,72.2562255859375,20195500
2001-11-29,113.66000366210938,114.91999816894531,113.0,114.87000274658203,73.23162841796875,16354700
2001-11-30,114.4000015258789,114.91000366210938,114.0199966430664,114.05000305175781,72.70884704589844,13680300
2001-12-03,113.6500015258789,114.08000183105469,113.01000213623047,113.37000274658203,72.27534484863281,15220400
2001-12-04,113.91999816894531,115.30000305175781,113.3499984741211,115.29000091552734,73.49940490722656,17239900
2001-12-05,115.61000061035156,118.0,115.55999755859375,117.4000015258789,74.84459686279297,25204000
2001-12-06,117.33999633789062,117.94000244140625,116.93000030517578,117.33999633789062,74.8062973022461,17972900
2001-12-07,116.9000015258789,117.08999633789062,115.69999694824219,116.55999755859375,74.3090591430664,18857800
2001-12-10,115.8499984741211,116.38999938964844,114.3499984741211,114.37999725341797,72.91926574707031,13862700
2001-12-11,114.9000015258789,115.72000122070312,113.9000015258789,114.1500015258789,72.77265930175781,20833300
2001-12-12,114.55000305175781,114.77999877929688,113.11000061035156,114.27999877929688,72.85552978515625,16171500
2001-12-13,113.44999694824219,113.69999694824219,112.04000091552734,112.05999755859375,71.44021606445312,19026700
2001-12-14,112.33000183105469,113.48999786376953,112.0,113.12999725341797,72.12235260009766,16721900
2001-12-17,112.98999786376953,114.36000061035156,112.9000015258789,114.30000305175781,72.86824798583984,13925900
2001-12-18,114.62999725341797,115.1500015258789,114.33999633789062,114.9800033569336,73.30181121826172,13663700
2001-12-19,114.08999633789062,115.91999816894531,114.0,115.79000091552734,73.81815338134766,20143400
2001-12-20,115.5,115.80000305175781,114.55000305175781,114.6500015258789,73.09141540527344,14867900
2001-12-21,115.02999877929688,115.06999969482422,114.19999694824219,114.94999694824219,73.53474426269531,14037700
2001-12-24,114.83000183105469,115.04000091552734,114.61000061035156,114.7300033569336,73.39398193359375,5728800
2001-12-26,114.6500015258789,116.20999908447266,114.6500015258789,115.36000061035156,73.7969741821289,10304800
2001-12-27,115.30000305175781,116.08000183105469,115.25,116.05999755859375,74.24480438232422,9407300
2001-12-28,116.29000091552734,116.75,115.91999816894531,116.0,74.2063980102539,10593800
2001-12-31,116.1500015258789,116.38999938964844,114.2300033569336,114.30000305175781,73.11892700195312,14619500
2002-01-02,115.11000061035156,115.75,113.80999755859375,115.52999877929688,73.90574645996094,18651900
2002-01-03,115.6500015258789,116.94999694824219,115.54000091552734,116.83999633789062,74.74374389648438,15743000
2002-01-04,117.16999816894531,117.9800033569336,116.55000305175781,117.62000274658203,75.24272155761719,20140700
2002-01-07,117.69999694824219,117.98999786376953,116.55999755859375,116.79000091552734,74.7117691040039,13106500
2002-01-08,116.79000091552734,117.05999755859375,115.97000122070312,116.5199966430664,74.53903198242188,12683700
2002-01-09,116.68000030517578,117.77999877929688,115.33999633789062,115.56999969482422,73.93133544921875,16610300
2002-01-10,115.69000244140625,116.3499984741211,115.30000305175781,116.08000183105469,74.25758361816406,12823400
2002-01-11,116.20999908447266,116.27999877929688,114.69999694824219,114.94000244140625,73.52831268310547,13708400
2002-01-14,114.6500015258789,114.83999633789062,113.95999908447266,114.22000122070312,73.06773376464844,12301100
2002-01-15,114.55000305175781,115.38999938964844,113.9000015258789,115.1500015258789,73.66265869140625,20219900
2002-01-16,114.30000305175781,114.4000015258789,112.69000244140625,112.81999969482422,72.17210388183594,17067000
2002-01-17,113.76000213623047,114.23999786376953,113.4000015258789,113.66999816894531,72.71586608886719,17283400
2002-01-18,113.0,113.8499984741211,112.66999816894531,113.1500015258789,72.38321685791016,17028000
2002-01-22,113.75,113.93000030517578,112.0199966430664,112.37000274658203,71.88426208496094,11689300
2002-01-23,112.62999725341797,113.55000305175781,112.0199966430664,113.2300033569336,72.43440246582031,12438900
2002-01-24,113.63999938964844,114.25,113.31999969482422,113.58000183105469,72.65830993652344,12142800
2002-01-25,113.12000274658203,114.18000030517578,113.04000091552734,113.55000305175781,72.63912963867188,12810700
2002-01-28,113.9000015258789,114.19000244140625,112.91999816894531,113.86000061035156,72.83743286132812,10589200
2002-01-29,113.8499984741211,114.12999725341797,110.05000305175781,110.27999877929688,70.54728698730469,27720800
2002-01-30,110.38999938964844,113.38999938964844,108.4000015258789,111.87000274658203,71.56439208984375,34711800
2002-01-31,112.1500015258789,113.30000305175781,111.62000274658203,113.18000030517578,72.40239715576172,19909200
2002-02-01,113.08999633789062,113.30000305175781,112.16999816894531,112.6500015258789,72.06340789794922,15838500
2002-02-04,112.2300033569336,112.2300033569336,109.44000244140625,109.8499984741211,70.27220153808594,24243400
2002-02-05,109.4000015258789,110.48999786376953,108.52999877929688,109.16999816894531,69.83717346191406,33614000
2002-02-06,109.6500015258789,109.73999786376953,108.05999755859375,108.69999694824219,69.53651428222656,29486000
2002-02-07,108.72000122070312,109.86000061035156,108.0,108.0199966430664,69.1015396118164,23445400
2002-02-08,108.62999725341797,110.75,108.30000305175781,110.08999633789062,70.42569732666016,19277800
2002-02-11,110.05000305175781,111.63999938964844,109.81999969482422,111.44000244140625,71.28932189941406,18792400
2002-02-12,110.95999908447266,111.70999908447266,110.02999877929688,111.08999633789062,71.06541442871094,13942500
2002-02-13,111.4800033569336,112.54000091552734,111.3499984741211,112.2699966430664,71.82026672363281,16781100
2002-02-14,112.51000213623047,112.97000122070312,111.58999633789062,112.05999755859375,71.6859130859375,20453800
2002-02-15,112.1500015258789,112.23999786376953,110.70999908447266,110.88999938964844,70.93746948242188,18366800
2002-02-19,110.1500015258789,110.29000091552734,108.61000061035156,108.76000213623047,69.57487487792969,15988100
2002-02-20,109.05000305175781,110.58999633789062,107.81999969482422,110.58999633789062,70.74559783935547,29242800
2002-02-21,109.93000030517578,110.62999725341797,108.26000213623047,108.30000305175781,69.28064727783203,26288600
2002-02-22,108.3499984741211,109.94000244140625,107.87000274658203,109.63999938964844,70.13784790039062,26572900
2002-02-25,109.73999786376953,111.80999755859375,109.69999694824219,111.44999694824219,71.29569244384766,17458700
2002-02-26,111.5999984741211,112.04000091552734,110.56999969482422,111.22000122070312,71.14860534667969,22346500
2002-02-27,111.95999908447266,112.86000061035156,110.6500015258789,111.6500015258789,71.4237060546875,28597900
2002-02-28,111.83000183105469,112.75,111.02999877929688,111.1500015258789,71.10383605957031,23755400
2002-03-01,111.72000122070312,113.8499984741211,111.51000213623047,113.73999786376953,72.76060485839844,26273600
2002-03-04,113.9000015258789,115.98999786376953,113.6500015258789,115.75,74.04647827148438,27184600
2002-03-05,115.33000183105469,116.4000015258789,114.97000122070312,115.37999725341797,73.80977630615234,22718900
2002-03-06,115.0999984741211,117.1500015258789,115.06999969482422,116.75,74.68618774414062,20143200
2002-03-07,117.36000061035156,117.5,115.56999969482422,116.5,74.52625274658203,19330800
2002-03-08,117.37999725341797,117.9000015258789,116.4800033569336,116.98999786376953,74.8396987915039,19930100
2002-03-11,116.88999938964844,117.9000015258789,116.43000030517578,117.23999786376953,74.9996337890625,15621800
2002-03-12,116.0999984741211,117.25,115.94000244140625,117.16999816894531,74.95481872558594,17153600
2002-03-13,116.62999725341797,116.75,115.63999938964844,116.04000091552734,74.2319564819336,17175300
2002-03-14,116.04000091552734,116.43000030517578,115.62999725341797,115.87999725341797,74.1296615600586,11168100
2002-03-15,115.97000122070312,116.94999694824219,115.9000015258789,116.6500015258789,74.83597564697266,21220100
2002-03-18,117.0999984741211,117.55999755859375,116.0999984741211,116.66999816894531,74.84882354736328,17548900
2002-03-19,117.30000305175781,117.73999786376953,116.81999969482422,117.44999694824219,75.34918975830078,17912000
2002-03-20,116.5,116.58000183105469,115.19000244140625,115.23999786376953,73.931396484375,17114500
2002-03-21,115.30000305175781,115.9000015258789,114.12000274658203,115.29000091552734,73.96343231201172,25846800
2002-03-22,115.5,115.94000244140625,114.69999694824219,115.04000091552734,73.8030776977539,15235400
2002-03-25,115.08999633789062,115.36000061035156,113.30000305175781,113.61000061035156,72.88566589355469,17499600
2002-03-26,113.5199966430664,115.0199966430664,113.47000122070312,114.2699966430664,73.3091049194336,19947600
2002-03-27,114.02999877929688,115.01000213623047,113.76000213623047,114.56999969482422,73.50155639648438,19020300
2002-03-28,114.97000122070312,115.7699966430664,114.5,114.5199966430664,73.469482421875,17532900
2002-04-01,114.2300033569336,115.0999984741211,113.5,114.56999969482422,73.50155639648438,17711000
2002-04-02,113.9800033569336,114.94999694824219,113.7699966430664,113.94000244140625,73.09739685058594,15669500
2002-04-03,114.01000213623047,114.20999908447266,112.16000366210938,113.13999938964844,72.58418273925781,25658500
2002-04-04,112.5999984741211,113.4000015258789,112.2300033569336,112.66999816894531,72.2826156616211,23549000
2002-04-05,113.19000244140625,113.62999725341797,112.18000030517578,112.69000244140625,72.29545593261719,19404900
2002-04-08,111.31999969482422,113.02999877929688,111.2300033569336,112.93000030517578,72.4494400024414,16470100
2002-04-09,113.18000030517578,113.18000030517578,111.93000030517578,112.13999938964844,71.94261169433594,15122700
2002-04-10,112.0999984741211,113.54000091552734,112.08999633789062,113.41000366210938,72.7573471069336,17199300
2002-04-11,112.88999938964844,113.05000305175781,110.5,110.58999633789062,70.9482421875,25453700
2002-04-12,111.0199966430664,111.6500015258789,110.04000091552734,111.41999816894531,71.48072052001953,14950600
2002-04-15,111.62000274658203,111.86000061035156,110.19999694824219,110.56999969482422,70.93538665771484,17394900
2002-04-16,111.69999694824219,113.31999969482422,111.66999816894531,113.19999694824219,72.62264251708984,15040900
2002-04-17,113.38999938964844,113.66999816894531,112.5999984741211,112.95999908447266,72.46869659423828,12920100
2002-04-18,112.9000015258789,113.45999908447266,111.1500015258789,112.47000122070312,72.1543197631836,25204800
2002-04-19,113.19999694824219,113.23999786376953,112.55999755859375,112.87999725341797,72.4173583984375,10499200
2002-04-22,112.37999725341797,112.43000030517578,110.83999633789062,111.0,71.21126556396484,13922900
2002-04-23,111.08999633789062,111.4800033569336,110.16999816894531,110.5199966430664,70.90333557128906,16967000
2002-04-24,110.55999755859375,111.80999755859375,109.4000015258789,109.41000366210938,70.19120025634766,18902700
2002-04-25,109.20999908447266,109.73999786376953,108.72000122070312,109.47000122070312,70.22970581054688,25451500
2002-04-26,109.79000091552734,110.01000213623047,107.29000091552734,107.38999938964844,68.89529418945312,19769800
2002-04-29,107.93000030517578,108.26000213623047,106.62999725341797,106.86000061035156,68.55524444580078,17724400
2002-04-30,107.0199966430664,108.63999938964844,106.63999938964844,107.86000061035156,69.19681549072266,19473500
2002-05-01,107.97000122070312,109.25,106.80000305175781,109.18000030517578,70.04363250732422,24575600
2002-05-02,109.0999984741211,109.91000366210938,107.77999877929688,108.76000213623047,69.77423095703125,15666800
2002-05-03,108.5999984741211,108.76000213623047,107.19999694824219,107.58000183105469,69.01718139648438,18185500
2002-05-06,107.63999938964844,107.98999786376953,105.30999755859375,105.47000122070312,67.66353607177734,23630400
2002-05-07,106.0999984741211,106.31999969482422,104.9000015258789,105.0999984741211,67.42616271972656,21910000
2002-05-08,107.05000305175781,109.36000061035156,106.79000091552734,109.01000213623047,69.93461608886719,27917400
2002-05-09,108.6500015258789,109.0999984741211,107.58000183105469,107.75,69.12625122070312,18085600
2002-05-10,107.97000122070312,108.05000305175781,105.5999984741211,105.72000122070312,67.82392883300781,18958900
2002-05-13,106.22000122070312,107.94999694824219,105.79000091552734,107.87000274658203,69.2032241821289,14677700
2002-05-14,109.62000274658203,110.37000274658203,109.0,110.22000122070312,70.71085357666016,34201200
2002-05-15,109.5,110.91000366210938,109.29000091552734,109.79000091552734,70.4349594116211,29535300
2002-05-16,109.69999694824219,110.4800033569336,109.33000183105469,110.36000061035156,70.80065155029297,28092000
2002-05-17,110.66000366210938,111.25,110.0999984741211,110.9000015258789,71.14713287353516,27823700
2002-05-20,110.63999938964844,110.69000244140625,109.48999786376953,109.69999694824219,70.37725830078125,13833800
2002-05-21,110.11000061035156,110.4800033569336,108.31999969482422,108.69999694824219,69.7356948852539,16877200
2002-05-22,108.22000122070312,109.12000274658203,108.0,108.94000244140625,69.88968658447266,15844200
2002-05-23,109.26000213623047,110.36000061035156,108.4800033569336,110.0999984741211,70.63386535644531,13879800
2002-05-24,109.9800033569336,110.19999694824219,108.61000061035156,108.69000244140625,69.72928619384766,11877000
2002-05-28,109.05000305175781,109.12999725341797,107.44999694824219,108.0999984741211,69.35077667236328,24236900
2002-05-29,107.62000274658203,108.0199966430664,107.12999725341797,107.30000305175781,68.8375244140625,14773300
2002-05-30,106.55000305175781,107.51000213623047,105.9000015258789,107.0,68.64505767822266,18217900
2002-05-31,107.4000015258789,108.55999755859375,106.8499984741211,107.22000122070312,68.7862548828125,19826300
2002-06-03,107.08999633789062,107.5999984741211,104.12999725341797,104.37000274658203,66.9578628540039,26056300
2002-06-04,104.1500015258789,105.19999694824219,103.55000305175781,104.62999725341797,67.12464141845703,25856200
2002-06-05,104.94999694824219,105.66999816894531,104.3499984741211,105.61000061035156,67.75334167480469,19695900
2002-06-06,105.54000091552734,105.5999984741211,103.1500015258789,103.45999908447266,66.37401580810547,22998500
2002-06-07,101.77999877929688,103.91999816894531,101.72000122070312,103.33999633789062,66.29701232910156,24011600
2002-06-10,103.23999786376953,104.45999908447266,103.0199966430664,103.73999786376953,66.55363464355469,18759900
2002-06-11,104.12999725341797,104.54000091552734,101.7300033569336,101.95999908447266,65.41168975830078,19990700
2002-06-12,101.70999908447266,102.80999755859375,100.77999877929688,102.58000183105469,65.80947875976562,31266000
2002-06-13,102.12999725341797,103.0,101.33999633789062,101.55000305175781,65.1486587524414,21043900
2002-06-14,100.30999755859375,101.55999755859375,98.5,101.4000015258789,65.05244445800781,39267500
2002-06-17,101.91999816894531,104.33999633789062,101.8499984741211,104.12000274658203,66.79745483398438,17647200
2002-06-18,103.73999786376953,105.02999877929688,103.62999725341797,104.97000122070312,67.3427734375,21628500
2002-06-19,103.5,104.43000030517578,102.23999786376953,102.5199966430664,65.77098083496094,21540700
2002-06-20,102.26000213623047,103.05000305175781,100.95999908447266,101.20999908447266,64.9305419921875,25691000
2002-06-21,100.47000122070312,100.93000030517578,98.68000030517578,99.27999877929688,63.915279388427734,31190700
2002-06-24,98.61000061035156,100.69000244140625,97.25,99.80000305175781,64.25006866455078,37169700
2002-06-25,100.30000305175781,100.88999938964844,97.54000091552734,97.55999755859375,62.8079948425293,33355000
2002-06-26,95.19999694824219,98.1500015258789,95.19000244140625,97.72000122070312,62.91096496582031,37913600
2002-06-27,98.5,99.48999786376953,96.56999969482422,99.43000030517578,64.0118637084961,31616400
2002-06-28,99.23999786376953,100.5,98.87999725341797,98.95999908447266,63.70930099487305,28184200
2002-07-01,99.18000030517578,99.80000305175781,96.88999938964844,97.02999877929688,62.466793060302734,20270200
2002-07-02,96.86000061035156,97.19999694824219,94.7699966430664,94.97000122070312,61.14059066772461,34213900
2002-07-03,94.62000274658203,95.83999633789062,93.72000122070312,95.51000213623047,61.488224029541016,30565800
2002-07-05,96.77999877929688,99.52999877929688,96.66000366210938,99.30999755859375,63.93458938598633,19013500
2002-07-08,98.9800033569336,99.69999694824219,97.55999755859375,98.06999969482422,63.13632583618164,19118600
2002-07-09,97.7300033569336,98.33999633789062,95.01000213623047,95.5999984741211,61.546165466308594,28620400
2002-07-10,96.0,96.06999969482422,92.04000091552734,92.12000274658203,59.305789947509766,50522500
2002-07-11,91.76000213623047,93.3499984741211,90.31999969482422,92.87000274658203,59.78864288330078,59476500
2002-07-12,93.33000183105469,93.88999938964844,91.5199966430664,91.8499984741211,59.1319694519043,39018600
2002-07-15,91.63999938964844,92.4000015258789,87.88999938964844,92.33999633789062,59.447418212890625,77317200
2002-07-16,91.12000274658203,92.37999725341797,89.87000274658203,90.55999755859375,58.30146408081055,53282400
2002-07-17,92.45999908447266,93.30000305175781,89.75,90.73999786376953,58.417327880859375,48880600
2002-07-18,90.69999694824219,91.0999984741211,87.75,87.80000305175781,56.52460479736328,32656700
2002-07-19,86.76000213623047,87.55000305175781,84.30000305175781,84.70999908447266,54.53533172607422,77572600
2002-07-22,84.0999984741211,85.91000366210938,81.44999694824219,82.19999694824219,52.91938400268555,78134000
2002-07-23,82.55000305175781,83.23999786376953,79.75,79.94999694824219,51.47086715698242,74484100
2002-07-24,78.12999725341797,85.12000274658203,77.68000030517578,84.72000122070312,54.54172134399414,107022800
2002-07-25,84.2699966430664,85.8499984741211,81.5999984741211,84.0,54.07821273803711,87176600
2002-07-26,84.6500015258789,85.93000030517578,83.80000305175781,85.5999984741211,55.1082878112793,41206800
2002-07-29,87.5,90.33999633789062,87.30000305175781,89.7699966430664,57.792877197265625,53492900
2002-07-30,89.31999969482422,91.4000015258789,88.72000122070312,90.94000244140625,58.54608917236328,47532200
2002-07-31,90.48999786376953,91.55000305175781,89.25,91.16000366210938,58.68775177001953,44669900
2002-08-01,90.87999725341797,91.3499984741211,88.33000183105469,88.77999877929688,57.155548095703125,66571900
2002-08-02,88.5,88.91000366210938,85.62000274658203,86.79000091552734,55.874385833740234,51772900
2002-08-05,86.48999786376953,86.93000030517578,83.55000305175781,83.7699966430664,53.93014144897461,47191300
2002-08-06,85.2300033569336,87.9000015258789,85.11000061035156,86.58999633789062,55.74565124511719,64730000
2002-08-07,87.87000274658203,88.5,85.7699966430664,88.0999984741211,56.717750549316406,43289400
2002-08-08,88.41999816894531,91.0999984741211,87.80000305175781,90.94999694824219,58.55253601074219,48339800
2002-08-09,90.0999984741211,91.94000244140625,89.3499984741211,91.29000091552734,58.77143478393555,41879200
2002-08-12,89.98999786376953,91.2699966430664,89.55000305175781,90.62000274658203,58.34009552001953,25841700
2002-08-13,90.1500015258789,91.66000366210938,88.6500015258789,88.97000122070312,57.2778434753418,49690500
2002-08-14,89.0199966430664,92.62999725341797,88.0199966430664,92.22000122070312,59.370140075683594,57423600
2002-08-15,92.83999633789062,93.98999786376953,92.19999694824219,93.5,60.194183349609375,45551500
2002-08-16,92.81999969482422,94.08000183105469,92.0,93.22000122070312,60.01393508911133,36517300
2002-08-19,93.45999908447266,95.75,93.0999984741211,95.4000015258789,61.41738510131836,33669900
2002-08-20,94.81999969482422,95.4000015258789,93.62000274658203,94.38999938964844,60.76718521118164,30508300
2002-08-21,95.05999755859375,95.77999877929688,93.56999969482422,95.75,61.642738342285156,39628900
2002-08-22,95.48999786376953,97.1500015258789,95.06999969482422,96.68000030517578,62.24148178100586,38399800
2002-08-23,96.01000213623047,96.1500015258789,94.1500015258789,94.5999984741211,60.90234375,33716400
2002-08-26,94.91000366210938,95.63999938964844,93.5,95.26000213623047,61.32724380493164,33830100
2002-08-27,95.69999694824219,96.25,93.5,94.16000366210938,60.61913299560547,35335700
2002-08-28,93.27999877929688,93.48999786376953,91.80000305175781,92.0999984741211,59.292903900146484,38970600
2002-08-29,91.2699966430664,93.05000305175781,90.80999755859375,92.13999938964844,59.31864929199219,42965700
2002-08-30,91.68000030517578,93.38999938964844,91.4000015258789,91.77999877929688,59.08690643310547,30366700
2002-09-03,90.7300033569336,91.0,88.1500015258789,88.27999877929688,56.833641052246094,76586400
2002-09-04,88.61000061035156,90.25,88.05999755859375,89.54000091552734,57.64482498168945,51099500
2002-09-05,88.48999786376953,89.43000030517578,87.5,88.77999877929688,57.155548095703125,67250900
2002-09-06,89.75,90.56999969482422,89.33999633789062,90.0,57.94093322753906,38622200
2002-09-09,89.0999984741211,91.3499984741211,88.80000305175781,90.66000366210938,58.36586380004883,33998400
2002-09-10,91.13999938964844,91.77999877929688,90.55999755859375,91.69999694824219,59.035362243652344,41416600
2002-09-11,92.47000122070312,93.33000183105469,91.0999984741211,91.12999725341797,58.668434143066406,27711200
2002-09-12,90.75,90.83999633789062,88.98999786376953,89.44999694824219,57.586849212646484,43601700
2002-09-13,88.69000244140625,89.9000015258789,88.25,89.66999816894531,57.728485107421875,41131000
2002-09-16,89.30999755859375,89.88999938964844,88.45999908447266,89.88999938964844,57.87014389038086,28167600
2002-09-17,90.88999938964844,91.19000244140625,87.75,87.83000183105469,56.543914794921875,47609700
2002-09-18,87.01000213623047,88.5,86.27999877929688,86.94999694824219,55.977394104003906,54719400
2002-09-19,85.98999786376953,86.80000305175781,84.69999694824219,84.69999694824219,54.52885055541992,48510500
2002-09-20,84.91999816894531,85.19999694824219,84.05000305175781,84.3499984741211,54.5469856262207,46325600
2002-09-23,83.6500015258789,84.05999755859375,82.69000244140625,83.66000366210938,54.100772857666016,46893800
2002-09-24,82.44000244140625,83.6500015258789,81.8499984741211,82.30999755859375,53.22775650024414,69507000
2002-09-25,83.37000274658203,84.7699966430664,82.04000091552734,84.3499984741211,54.5469856262207,59294400
2002-09-26,85.0199966430664,85.97000122070312,84.44999694824219,85.7300033569336,55.43939971923828,53638000
2002-09-27,85.0,85.62999725341797,82.75,82.75,53.51231002807617,64648300
2002-09-30,82.0,82.80000305175781,80.9000015258789,81.79000091552734,52.891517639160156,73096400
2002-10-01,82.43000030517578,85.7699966430664,81.47000122070312,85.72000122070312,55.43292236328125,67198100
2002-10-02,84.69000244140625,85.52999877929688,82.5999984741211,83.1500015258789,53.770965576171875,56749100
2002-10-03,83.13999938964844,84.5999984741211,81.94999694824219,82.30999755859375,53.22775650024414,55547000
2002-10-04,82.80000305175781,82.91999816894531,79.58000183105469,80.80000305175781,52.251285552978516,68483700
2002-10-07,80.05999755859375,81.19999694824219,78.55000305175781,79.12999725341797,51.17131423950195,53188000
2002-10-08,79.80999755859375,81.30999755859375,78.19999694824219,80.37000274658203,51.97322082519531,79531000
2002-10-09,79.08999633789062,79.69999694824219,77.77999877929688,78.0999984741211,50.50525665283203,79956400
2002-10-10,77.94000244140625,81.06999969482422,77.06999969482422,80.62999725341797,52.141353607177734,76749000
2002-10-11,82.0999984741211,84.7300033569336,81.81999969482422,84.16000366210938,54.424129486083984,82308300
2002-10-14,83.19999694824219,84.8499984741211,83.04000091552734,84.62999725341797,54.72806167602539,40631900
2002-10-15,86.98999786376953,88.72000122070312,86.8499984741211,88.69999694824219,57.36000061035156,82320300
2002-10-16,87.41000366210938,87.80000305175781,85.91999816894531,86.55000305175781,55.969661712646484,62977800
2002-10-17,88.87000274658203,89.30000305175781,87.8499984741211,88.2699966430664,57.08195114135742,68534100
2002-10-18,87.6500015258789,89.11000061035156,86.93000030517578,88.63999938964844,57.32120895385742,47448700
2002-10-21,88.12000274658203,90.5,87.56999969482422,90.16999816894531,58.31060791015625,45859100
2002-10-22,89.05000305175781,90.01000213623047,88.5199966430664,89.5199966430664,57.890281677246094,40966800
2002-10-23,88.7699966430664,90.2699966430664,87.68000030517578,90.19999694824219,58.33004379272461,54905800
2002-10-24,90.75,90.9000015258789,88.0999984741211,88.36000061035156,57.140140533447266,54987400
2002-10-25,88.20999908447266,90.38999938964844,87.94000244140625,90.19999694824219,58.33004379272461,43672100
2002-10-28,91.1500015258789,91.29000091552734,88.8499984741211,89.61000061035156,57.94849395751953,39416100
2002-10-29,89.08000183105469,89.48999786376953,87.0,88.56999969482422,57.27592468261719,59508200
2002-10-30,88.68000030517578,89.95999908447266,88.2300033569336,89.43000030517578,57.83211135864258,41688600
2002-10-31,89.66000366210938,90.30000305175781,88.19000244140625,88.5199966430664,57.24360275268555,41620600
2002-11-01,88.3499984741211,90.81999969482422,88.05000305175781,90.2699966430664,58.37525939941406,51878900
2002-11-04,91.80000305175781,92.94000244140625,90.9000015258789,91.12999725341797,58.93143844604492,49080600
2002-11-05,90.83999633789062,92.06999969482422,90.83999633789062,91.8499984741211,59.39704513549805,37270800
2002-11-06,92.4800033569336,93.06999969482422,90.79000091552734,93.04000091552734,60.16658020019531,65013100
2002-11-07,92.0199966430664,92.22000122070312,90.22000122070312,90.76000213623047,58.692161560058594,51572000
2002-11-08,90.52999877929688,91.56999969482422,89.5199966430664,89.6500015258789,57.974342346191406,37905400
2002-11-11,89.51000213623047,89.55999755859375,87.80000305175781,88.26000213623047,57.07548141479492,33505100
2002-11-12,88.66000366210938,89.93000030517578,88.37000274658203,88.95999908447266,57.52815246582031,37724500
2002-11-13,88.31999969482422,89.73999786376953,87.44999694824219,89.05000305175781,57.58636474609375,63891500
2002-11-14,90.06999969482422,91.0,89.75,90.7300033569336,58.67278289794922,31896800
2002-11-15,90.0,91.55000305175781,89.94999694824219,91.4000015258789,59.10600280761719,39152100
2002-11-18,92.1500015258789,92.1500015258789,90.3499984741211,90.4800033569336,58.511112213134766,28934800
2002-11-19,90.0199966430664,91.0999984741211,89.76000213623047,90.36000061035156,58.433494567871094,32806600
2002-11-20,89.9800033569336,92.41999816894531,89.94999694824219,92.37000274658203,59.73328399658203,36688400
2002-11-21,92.5999984741211,94.19000244140625,92.43000030517578,94.08999633789062,60.8455696105957,55128200
2002-11-22,93.4800033569336,94.2699966430664,93.2699966430664,93.41999816894531,60.41230392456055,32513800
2002-11-25,93.43000030517578,94.26000213623047,92.7699966430664,93.4800033569336,60.45112228393555,33846400
2002-11-26,93.06999969482422,93.44999694824219,91.62000274658203,91.69999694824219,59.30000686645508,42284700
2002-11-27,92.5199966430664,94.6500015258789,92.43000030517578,94.27999877929688,60.96844482421875,37764000
2002-11-29,94.80000305175781,94.94999694824219,93.7699966430664,93.9800033569336,60.77444076538086,19385700
2002-12-02,95.47000122070312,96.05000305175781,93.22000122070312,94.12999725341797,60.87144470214844,49911900
2002-12-03,93.25,93.4000015258789,92.3499984741211,92.87000274658203,60.056663513183594,34407700
2002-12-04,91.7699966430664,93.13999938964844,91.43000030517578,92.44999694824219,59.78498840332031,64040800
2002-12-05,92.7300033569336,92.80000305175781,91.0999984741211,91.43000030517578,59.12541961669922,36724900
2002-12-06,90.12000274658203,92.16999816894531,89.9800033569336,92.02999877929688,59.51345443725586,49824100
2002-12-09,91.06999969482422,91.45999908447266,89.4800033569336,89.5,57.87735366821289,36789600
2002-12-10,90.0199966430664,91.0999984741211,89.76000213623047,90.69999694824219,58.65333557128906,33319900
2002-12-11,90.41999816894531,91.62000274658203,90.16000366210938,90.77999877929688,58.70511245727539,39201000
2002-12-12,91.19999694824219,91.48999786376953,90.19999694824219,90.7699966430664,58.69865798950195,34465600
2002-12-13,89.91000366210938,90.4800033569336,89.2699966430664,89.33999633789062,57.77388000488281,36862200
2002-12-16,89.81999969482422,91.79000091552734,89.66000366210938,91.6500015258789,59.26768493652344,37098400
2002-12-17,91.37000274658203,91.73999786376953,90.73999786376953,90.8499984741211,58.7503662109375,32353900
2002-12-18,90.31999969482422,90.4000015258789,89.33000183105469,89.80000305175781,58.07132339477539,35612600
2002-12-19,89.3499984741211,90.69999694824219,88.5999984741211,89.16000366210938,57.65749740600586,39264200
2002-12-20,89.19999694824219,90.0199966430664,89.0999984741211,89.98999786376953,58.48019027709961,31176900
2002-12-23,89.58999633789062,90.47000122070312,89.30999755859375,90.0199966430664,58.499671936035156,22599300
2002-12-24,89.58999633789062,89.86000061035156,89.25,89.3499984741211,58.06428909301758,10937000
2002-12-26,89.69999694824219,90.61000061035156,88.83999633789062,89.38999938964844,58.090274810791016,17485600
2002-12-27,88.95999908447266,89.29000091552734,87.37999725341797,87.37999725341797,56.78409194946289,22205700
2002-12-30,87.79000091552734,88.47000122070312,87.22000122070312,88.11000061035156,57.25846481323242,29968000
2002-12-31,87.98999786376953,88.43000030517578,87.11000061035156,88.2300033569336,57.33646011352539,34036600
2003-01-02,88.8499984741211,91.30000305175781,88.54000091552734,91.06999969482422,59.182010650634766,44516300
2003-01-03,90.91000366210938,91.37999725341797,90.5,91.3499984741211,59.363983154296875,32222600
2003-01-06,91.23999786376953,93.48999786376953,91.16999816894531,92.95999908447266,60.41024398803711,40984500
2003-01-07,92.9000015258789,93.37000274658203,92.19999694824219,92.7300033569336,60.26080322265625,38640400
2003-01-08,92.19999694824219,92.4000015258789,91.05000305175781,91.38999938964844,59.389957427978516,38702200
2003-01-09,91.81999969482422,93.18000030517578,91.41000366210938,92.80999755859375,60.31278610229492,34804900
2003-01-10,91.94999694824219,93.63999938964844,91.80000305175781,93.05999755859375,60.47524642944336,37768900
2003-01-13,93.54000091552734,93.86000061035156,92.44000244140625,93.02999877929688,60.455745697021484,31649900
2003-01-14,92.69000244140625,93.83000183105469,92.41000366210938,93.33000183105469,60.65070724487305,30733000
2003-01-15,93.54000091552734,93.56999969482422,91.91000366210938,92.4000015258789,60.04633712768555,33511800
2003-01-16,92.5,92.93000030517578,91.44999694824219,92.0199966430664,59.79938888549805,44812100
2003-01-17,90.98999786376953,92.30000305175781,90.1500015258789,90.66000366210938,58.91563034057617,35618300
2003-01-21,90.87000274658203,90.91999816894531,88.94999694824219,89.25,57.999271392822266,36826200
2003-01-22,88.7699966430664,89.80000305175781,88.0,88.16999816894531,57.297481536865234,42286500
2003-01-23,88.75,89.37999725341797,87.94999694824219,88.70999908447266,57.648372650146484,55919800
2003-01-24,88.58999633789062,88.68000030517578,86.16999816894531,86.37999725341797,56.13423538208008,68633900
2003-01-27,85.7300033569336,86.80000305175781,84.5,85.19999694824219,55.36740493774414,57884400
2003-01-28,85.62999725341797,86.4000015258789,85.12999725341797,85.83000183105469,55.77680969238281,46929100
2003-01-29,85.41999816894531,87.18000030517578,84.7699966430664,86.4800033569336,56.19919967651367,53712200
2003-01-30,86.79000091552734,86.87999725341797,84.4000015258789,84.43000030517578,54.867034912109375,49845900
2003-01-31,84.1500015258789,86.20999908447266,84.1500015258789,86.05999755859375,55.92628860473633,55317000
2003-02-03,86.13999938964844,86.80999755859375,85.91999816894531,86.2300033569336,56.036746978759766,39696000
2003-02-04,85.30999755859375,85.75,84.30000305175781,85.37999725341797,55.484371185302734,43633400
2003-02-05,85.75,86.54000091552734,84.4800033569336,84.8499984741211,55.13992691040039,55270600
2003-02-06,84.37000274658203,84.88999938964844,83.6500015258789,84.44999694824219,54.88003158569336,53638000
2003-02-07,84.91000366210938,84.98999786376953,82.97000122070312,83.41999816894531,54.21066665649414,43165000
2003-02-10,83.45999908447266,84.12999725341797,82.6500015258789,84.01000213623047,54.59407043457031,45455900
2003-02-11,84.37000274658203,84.87999725341797,82.83000183105469,83.43000030517578,54.217166900634766,46861000
2003-02-12,83.16000366210938,83.62000274658203,82.08999633789062,82.0999984741211,53.35284423828125,35873600
2003-02-13,82.1500015258789,82.66000366210938,81.0,82.3499984741211,53.51530838012695,57934100
2003-02-14,82.37000274658203,84.19999694824219,81.81999969482422,84.1500015258789,54.68505859375,59580900
2003-02-18,84.52999877929688,85.80000305175781,84.38999938964844,85.62999725341797,55.6468391418457,39492700
2003-02-19,85.31999969482422,85.47000122070312,84.27999877929688,85.18000030517578,55.35442352294922,31432000
2003-02-20,85.20999908447266,85.41999816894531,84.05000305175781,84.33000183105469,54.80201721191406,29280100
2003-02-21,84.37999725341797,85.73999786376953,83.45999908447266,85.18000030517578,55.35442352294922,60955800
2003-02-24,84.93000030517578,85.0,83.58999633789062,83.80000305175781,54.45761489868164,30628600
2003-02-25,82.94999694824219,84.48999786376953,82.22000122070312,84.47000122070312,54.893009185791016,56770600
2003-02-26,84.0199966430664,84.52999877929688,83.08000183105469,83.23999786376953,54.09368133544922,37787200
2003-02-27,83.69999694824219,84.75,83.16000366210938,84.33999633789062,54.80853271484375,51126000
2003-02-28,84.47000122070312,85.2300033569336,84.16000366210938,84.9000015258789,55.172428131103516,43666800
2003-03-03,85.26000213623047,85.77999877929688,83.72000122070312,84.08999633789062,54.646060943603516,42923100
2003-03-04,83.94999694824219,84.01000213623047,82.6500015258789,82.75,53.7752685546875,31440500
2003-03-05,82.61000061035156,83.54000091552734,82.36000061035156,83.44999694824219,54.23015213012695,43974700
2003-03-06,82.87000274658203,83.5199966430664,82.47000122070312,82.75,53.7752685546875,41217700
2003-03-07,81.61000061035156,83.98999786376953,81.43000030517578,83.31999969482422,54.145694732666016,63538000
2003-03-10,82.5999984741211,82.86000061035156,81.0999984741211,81.31999969482422,52.84596252441406,41014100
2003-03-11,81.4800033569336,82.0,80.4800033569336,80.5199966430664,52.32608413696289,48102700
2003-03-12,80.37999725341797,81.0999984741211,79.37999725341797,81.05999755859375,52.67702865600586,62459800
2003-03-13,82.18000030517578,83.91000366210938,81.52999877929688,83.86000061035156,54.49662399291992,72117800
2003-03-14,84.19999694824219,84.7699966430664,83.3499984741211,84.12999725341797,54.67205810546875,63951800
2003-03-17,83.45999908447266,86.94999694824219,83.22000122070312,86.77999877929688,56.39417266845703,88217500
2003-03-18,87.1500015258789,87.3499984741211,86.27999877929688,87.29000091552734,56.7255744934082,50792300
2003-03-19,87.27999877929688,88.16000366210938,86.68000030517578,87.95999908447266,57.161006927490234,49630800
2003-03-20,87.33000183105469,88.58999633789062,86.3499984741211,88.1500015258789,57.284507751464844,67321600
2003-03-21,88.80000305175781,89.87999725341797,87.93000030517578,89.66999816894531,58.507171630859375,71165300
2003-03-24,88.0199966430664,88.13999938964844,86.3499984741211,86.69000244140625,56.562843322753906,65398900
2003-03-25,86.73999786376953,88.26000213623047,86.44000244140625,87.5199966430664,57.1043701171875,61040100
2003-03-26,87.55999755859375,87.8499984741211,86.80000305175781,87.08000183105469,56.81730651855469,45740800
2003-03-27,86.4000015258789,87.66000366210938,85.98999786376953,87.1500015258789,56.862979888916016,53120200
2003-03-28,86.47000122070312,87.27999877929688,86.25,86.70999908447266,56.57588577270508,32583000
2003-03-31,85.3499984741211,86.58999633789062,84.4000015258789,84.73999786376953,55.2905158996582,61119500
2003-04-01,85.25,86.38999938964844,84.91000366210938,86.04000091552734,56.138755798339844,53574000
2003-04-02,87.54000091552734,88.7699966430664,87.5,88.12000274658203,57.49586486816406,50431200
2003-04-03,88.87000274658203,88.98999786376953,87.6500015258789,87.69999694824219,57.2218017578125,48755500
2003-04-04,88.43000030517578,88.58999633789062,87.62000274658203,88.22000122070312,57.56111526489258,36250100
2003-04-07,90.33999633789062,90.8499984741211,87.97000122070312,88.05000305175781,57.45020294189453,69776200
2003-04-08,88.30000305175781,88.6500015258789,87.70999908447266,88.19000244140625,57.54154968261719,39712700
2003-04-09,88.36000061035156,89.0999984741211,86.7699966430664,87.02999877929688,56.784690856933594,55647300
2003-04-10,87.08999633789062,87.62999725341797,85.70999908447266,87.51000213623047,57.0978889465332,41812400
2003-04-11,88.16000366210938,88.69999694824219,86.86000061035156,87.1500015258789,56.862979888916016,47730100
2003-04-14,87.47000122070312,89.0,87.0,88.94999694824219,58.037410736083984,36711700
2003-04-15,88.83999633789062,89.77999877929688,88.41999816894531,89.77999877929688,58.578975677490234,49709800
2003-04-16,89.91000366210938,90.05999755859375,88.02999877929688,88.25,57.58069610595703,51788000
2003-04-17,88.30000305175781,89.72000122070312,88.19000244140625,89.55999755859375,58.4354248046875,37403100
2003-04-21,89.86000061035156,90.16000366210938,89.05999755859375,89.6500015258789,58.49412155151367,32052700
2003-04-22,89.0999984741211,91.55999755859375,88.88999938964844,91.33999633789062,59.59682846069336,59763600
2003-04-23,91.62000274658203,92.3499984741211,91.23999786376953,92.18000030517578,60.14488983154297,44227100
2003-04-24,91.52999877929688,92.08000183105469,90.95999908447266,91.36000061035156,59.60987091064453,49692400
2003-04-25,91.30000305175781,91.47000122070312,90.0199966430664,90.2300033569336,58.87257385253906,43917200
2003-04-28,90.44000244140625,92.19000244140625,90.30000305175781,91.79000091552734,59.89044189453125,46432900
2003-04-29,92.13999938964844,92.80000305175781,91.4000015258789,92.11000061035156,60.09923553466797,52017100
2003-04-30,91.91000366210938,92.56999969482422,91.41000366210938,91.91000366210938,59.96873474121094,48709100
2003-05-01,91.91999816894531,92.7300033569336,90.5,91.9000015258789,59.962215423583984,50240400
2003-05-02,91.55999755859375,93.47000122070312,91.48999786376953,93.20999908447266,60.816925048828125,50201500
2003-05-05,93.47000122070312,93.77999877929688,92.5,93.02999877929688,60.699501037597656,35437800
2003-05-06,93.04000091552734,94.37999725341797,93.0,93.91000366210938,61.273643493652344,44401000
2003-05-07,93.41999816894531,94.13999938964844,92.97000122070312,93.38999938964844,60.93440628051758,41413100
2003-05-08,92.5199966430664,93.33000183105469,92.27999877929688,92.44999694824219,60.321044921875,40570700
2003-05-09,92.83000183105469,93.80000305175781,92.61000061035156,93.7300033569336,61.15623474121094,33608100
2003-05-12,93.5,95.12000274658203,93.27999877929688,94.87999725341797,61.90657424926758,35662300
2003-05-13,94.52999877929688,95.18000030517578,94.26000213623047,94.70999908447266,61.79568099975586,39253600
2003-05-14,95.08999633789062,95.23999786376953,93.91000366210938,94.51000213623047,61.665138244628906,32195100
2003-05-15,94.88999938964844,95.33000183105469,94.25,95.11000061035156,62.05667495727539,43879200
2003-05-16,94.88999938964844,95.44999694824219,94.26000213623047,94.87000274658203,61.90005874633789,38905000
2003-05-19,94.1500015258789,94.41999816894531,92.33000183105469,92.6500015258789,60.4515495300293,41606000
2003-05-20,92.81999969482422,93.02999877929688,91.58999633789062,92.45999908447266,60.32756805419922,55404600
2003-05-21,92.11000061035156,92.87999725341797,91.91000366210938,92.6500015258789,60.4515495300293,49333800
2003-05-22,92.94999694824219,94.05000305175781,92.68000030517578,93.56999969482422,61.05186080932617,38421800
2003-05-23,93.52999877929688,93.9800033569336,93.13999938964844,93.76000213623047,61.175811767578125,26155900
2003-05-27,93.30000305175781,95.83999633789062,93.06999969482422,95.4000015258789,62.245880126953125,43719200
2003-05-28,95.8499984741211,96.47000122070312,95.43000030517578,95.66999816894531,62.42201614379883,37727100
2003-05-29,95.87999725341797,96.81999969482422,95.08000183105469,95.41999816894531,62.25893020629883,50844200
2003-05-30,95.9000015258789,97.08999633789062,95.55999755859375,96.94999694824219,63.257205963134766,52529500
2003-06-02,97.52999877929688,98.44999694824219,96.66999816894531,97.3499984741211,63.51819610595703,50305500
2003-06-03,97.1500015258789,97.83999633789062,96.8499984741211,97.75,63.779151916503906,38254500
2003-06-04,97.66000366210938,99.3499984741211,97.56999969482422,99.16000366210938,64.69918823242188,49360700
2003-06-05,98.58000183105469,99.6500015258789,98.2699966430664,99.6500015258789,65.01888275146484,46262400
2003-06-06,100.4000015258789,101.4000015258789,99.12999725341797,99.26000213623047,64.76439666748047,60356800
2003-06-09,98.7699966430664,99.0999984741211,97.7699966430664,98.25,64.10540771484375,37808500
2003-06-10,98.45999908447266,99.26000213623047,98.19000244140625,99.25,64.75789642333984,29965900
2003-06-11,99.16000366210938,100.38999938964844,98.70999908447266,100.30000305175781,65.4429931640625,37610200
2003-06-12,100.75,100.9000015258789,99.62000274658203,100.61000061035156,65.64527893066406,36442000
2003-06-13,100.61000061035156,100.75,98.94999694824219,99.55999755859375,64.96015167236328,48628300
2003-06-16,99.95999908447266,101.69999694824219,99.80000305175781,101.66000366210938,66.330322265625,36326300
2003-06-17,102.06999969482422,102.18000030517578,101.2300033569336,101.66000366210938,66.330322265625,36801800
2003-06-18,101.29000091552734,102.13999938964844,101.0,101.56999969482422,66.27159881591797,35521000
2003-06-19,101.63999938964844,101.7300033569336,99.83999633789062,100.0199966430664,65.26028442382812,43551700
2003-06-20,100.38999938964844,100.5,99.41999816894531,99.44000244140625,65.1162338256836,41545000
2003-06-23,99.44999694824219,99.66000366210938,97.91999816894531,98.41999816894531,64.44831085205078,34237500
2003-06-24,98.22000122070312,99.08999633789062,98.0199966430664,98.5199966430664,64.51380157470703,36213600
2003-06-25,98.52999877929688,99.44000244140625,97.52999877929688,97.52999877929688,63.86552047729492,47743400
2003-06-26,97.77999877929688,98.9800033569336,96.95999908447266,98.80000305175781,64.69717407226562,33477300
2003-06-27,98.75,99.19000244140625,97.58000183105469,97.66000366210938,63.95062255859375,54208800
2003-06-30,98.22000122070312,98.66999816894531,97.47000122070312,97.62999725341797,63.93100357055664,33349000
2003-07-01,97.25,98.8499984741211,96.43000030517578,98.52999877929688,64.52033996582031,51322800
2003-07-02,98.7699966430664,99.79000091552734,98.56999969482422,99.7699966430664,65.33234405517578,34662100
2003-07-03,99.06999969482422,99.8499984741211,97.9000015258789,98.73999786376953,64.65786743164062,30792800
2003-07-07,99.6500015258789,100.9000015258789,99.6500015258789,100.69999694824219,65.94132232666016,31391100
2003-07-08,100.5,101.29000091552734,100.16999816894531,101.1500015258789,66.23600769042969,30952500
2003-07-09,100.91999816894531,101.4000015258789,100.02999877929688,100.58000183105469,65.86273956298828,36528500
2003-07-10,99.83999633789062,100.04000091552734,98.62999725341797,99.30000305175781,65.02457427978516,49777700
2003-07-11,99.38999938964844,100.44999694824219,99.38999938964844,100.23999786376953,65.64005279541016,39976300
2003-07-14,101.19999694824219,101.9000015258789,100.44999694824219,100.7300033569336,65.96097564697266,42114900
2003-07-15,101.37999725341797,101.45999908447266,99.94999694824219,100.51000213623047,65.8168716430664,42573600
2003-07-16,100.80999755859375,100.87000274658203,99.2300033569336,99.91999816894531,65.43054962158203,39894200
2003-07-17,99.1500015258789,99.87999725341797,98.16000366210938,98.5,64.50067138671875,52253500
2003-07-18,99.0199966430664,99.80000305175781,98.45999908447266,99.51000213623047,65.16204833984375,35698100
2003-07-21,99.44999694824219,99.48999786376953,97.8499984741211,98.27999877929688,64.35659790039062,34786000
2003-07-22,98.69000244140625,99.41000366210938,97.91999816894531,99.16999816894531,64.9394302368164,49968300
2003-07-23,99.20999908447266,99.44999694824219,98.27999877929688,99.23999786376953,64.98526763916016,37275400
2003-07-24,99.98999786376953,100.33999633789062,98.37000274658203,98.48999786376953,64.49413299560547,40896200
2003-07-25,98.66000366210938,100.29000091552734,98.04000091552734,100.2300033569336,65.63353729248047,43241100
2003-07-28,100.37000274658203,100.9800033569336,99.66999816894531,99.86000061035156,65.39128112792969,34382800
2003-07-29,100.13999938964844,100.26000213623047,98.68000030517578,99.4000015258789,65.09000396728516,53472100
2003-07-30,99.5999984741211,99.75,98.93000030517578,99.16000366210938,64.93287658691406,28363300
2003-07-31,99.9800033569336,100.91000366210938,99.16999816894531,99.38999938964844,65.08348846435547,54937200
2003-08-01,99.19000244140625,99.52999877929688,98.23999786376953,98.51000213623047,64.50721740722656,49321000
2003-08-04,98.30999755859375,99.0,97.0,98.51000213623047,64.50721740722656,55214100
2003-08-05,98.41000366210938,98.76000213623047,96.33999633789062,96.41999816894531,63.13866424560547,61415600
2003-08-06,96.69000244140625,98.05999755859375,96.41999816894531,96.9800033569336,63.50535202026367,50096900
2003-08-07,97.16999816894531,98.06999969482422,96.76000213623047,98.0,64.17330169677734,43427400
2003-08-08,98.31999969482422,98.55000305175781,97.76000213623047,98.27999877929688,64.35659790039062,27357300
2003-08-11,98.26000213623047,99.04000091552734,97.83999633789062,98.6500015258789,64.59893035888672,34631400
2003-08-12,98.70999908447266,99.58999633789062,98.41999816894531,99.55000305175781,65.1882553100586,43285600
2003-08-13,99.81999969482422,99.8499984741211,98.52999877929688,99.04000091552734,64.85431671142578,36152000
2003-08-14,99.0999984741211,99.75,98.44999694824219,99.30999755859375,65.03111267089844,35525100
2003-08-15,99.36000061035156,99.79000091552734,99.12000274658203,99.62000274658203,65.23407745361328,12567000
2003-08-18,99.93000030517578,100.5999984741211,99.73999786376953,100.4800033569336,65.79724884033203,22873800
2003-08-19,100.69000244140625,100.94000244140625,100.0,100.86000061035156,66.04608154296875,37437700
2003-08-20,100.29000091552734,100.88999938964844,100.16000366210938,100.44999694824219,65.777587890625,21295300
2003-08-21,101.05000305175781,101.5199966430664,100.4000015258789,100.7699966430664,65.98715209960938,46494200
2003-08-22,101.75,101.81999969482422,99.7300033569336,99.7699966430664,65.33234405517578,52040300
2003-08-25,99.70999908447266,100.83000183105469,99.27999877929688,99.93000030517578,65.43707275390625,23473000
2003-08-26,99.5,100.38999938964844,98.83000183105469,100.11000061035156,65.55496978759766,45065800
2003-08-27,100.05000305175781,100.36000061035156,99.56999969482422,100.13999938964844,65.5745849609375,18919500
2003-08-28,100.4000015258789,101.0,99.66000366210938,100.76000213623047,65.98062133789062,27402400
2003-08-29,100.61000061035156,101.4800033569336,100.4800033569336,101.44000244140625,66.42587280273438,28706600
2003-09-02,101.63999938964844,102.87999725341797,101.05000305175781,102.80000305175781,67.31646728515625,49419100
2003-09-03,103.02999877929688,103.69999694824219,102.77999877929688,103.36000061035156,67.68315887451172,44912400
2003-09-04,103.0999984741211,103.55000305175781,102.76000213623047,103.41000366210938,67.71588897705078,28381000
2003-09-05,102.94000244140625,103.55000305175781,102.4000015258789,102.83000183105469,67.33610534667969,31637300
2003-09-08,103.04000091552734,103.87999725341797,102.93000030517578,103.68000030517578,67.8927001953125,32632800
2003-09-09,103.37000274658203,103.45999908447266,102.68000030517578,103.0,67.44741821289062,35053200
2003-09-10,102.52999877929688,102.80000305175781,101.55000305175781,101.95999908447266,66.76641082763672,45904900
2003-09-11,102.0999984741211,102.76000213623047,101.83999633789062,102.26000213623047,66.96285247802734,38396300
2003-09-12,101.91000366210938,102.63999938964844,101.3499984741211,102.44999694824219,67.0872573852539,42524800
2003-09-15,102.5199966430664,102.62999725341797,101.94999694824219,102.08999633789062,66.8515396118164,21312800
2003-09-16,102.2300033569336,103.63999938964844,102.16999816894531,103.58000183105469,67.82720184326172,37892600
2003-09-17,103.4800033569336,103.79000091552734,103.05000305175781,103.37999725341797,67.6962661743164,31885800
2003-09-18,103.4000015258789,104.69999694824219,103.16999816894531,104.5999984741211,68.49513244628906,30243600
2003-09-19,104.2699966430664,104.5999984741211,103.4000015258789,103.66999816894531,68.14676666259766,34331600
2003-09-22,102.8499984741211,102.95999908447266,102.02999877929688,102.55000305175781,67.41056060791016,36677400
2003-09-23,102.58999633789062,103.29000091552734,102.36000061035156,102.94000244140625,67.66687774658203,32489200
2003-09-24,103.12000274658203,103.22000122070312,101.06999969482422,101.11000061035156,66.46395111083984,41694700
2003-09-25,101.41000366210938,101.87999725341797,100.19999694824219,100.27999877929688,65.91838836669922,52673100
2003-09-26,100.44000244140625,100.66000366210938,99.8499984741211,99.94999694824219,65.7014389038086,42914700
2003-09-29,100.30000305175781,100.98999786376953,99.79000091552734,100.93000030517578,66.34563446044922,36771600
2003-09-30,100.4800033569336,100.76000213623047,99.25,99.94999694824219,65.7014389038086,70764500
2003-10-01,100.23999786376953,102.18000030517578,100.19999694824219,102.08000183105469,67.10160064697266,65797600
2003-10-02,101.93000030517578,102.55999755859375,101.62999725341797,102.44999694824219,67.34479522705078,44591500
2003-10-03,103.66999816894531,104.27999877929688,103.08000183105469,103.38999938964844,67.96269989013672,48806900
2003-10-06,103.4800033569336,103.98999786376953,103.19999694824219,103.86000061035156,68.27166748046875,20226500
2003-10-07,103.26000213623047,104.30999755859375,102.91000366210938,104.26000213623047,68.53459930419922,42602900
2003-10-08,104.33000183105469,104.38999938964844,103.41000366210938,104.0,68.36367797851562,30920800
2003-10-09,104.87999725341797,105.22000122070312,103.83000183105469,104.27999877929688,68.54774475097656,40066500
2003-10-10,104.2699966430664,104.5999984741211,103.91000366210938,104.56999969482422,68.73836517333984,22682800
2003-10-13,104.70999908447266,105.29000091552734,104.51000213623047,104.9000015258789,68.95531463623047,23825600
2003-10-14,104.80000305175781,105.43000030517578,104.36000061035156,105.2699966430664,69.1985092163086,38484400
2003-10-15,105.86000061035156,105.88999938964844,104.63999938964844,104.98999786376953,69.01444244384766,39021700
2003-10-16,104.68000030517578,105.7300033569336,104.6500015258789,105.41000366210938,69.2905044555664,32772200
2003-10-17,105.47000122070312,105.62999725341797,103.9800033569336,104.26000213623047,68.53459930419922,32790300
2003-10-20,104.44999694824219,105.04000091552734,103.94000244140625,105.04000091552734,69.04727935791016,27657000
2003-10-21,104.81999969482422,105.27999877929688,104.31999969482422,104.86000061035156,68.9289779663086,26729100
2003-10-22,104.02999877929688,104.19000244140625,103.19000244140625,103.54000091552734,68.06131744384766,33914500
2003-10-23,102.88999938964844,103.94999694824219,102.83999633789062,103.3499984741211,67.93640899658203,45830500
2003-10-24,102.83000183105469,103.58000183105469,102.18000030517578,103.58000183105469,68.08759307861328,51723600
2003-10-27,103.73999786376953,104.18000030517578,103.2699966430664,103.62999725341797,68.1204833984375,32460200
2003-10-28,103.9800033569336,105.1500015258789,103.81999969482422,105.04000091552734,69.04727935791016,34956200
2003-10-29,104.7699966430664,105.43000030517578,103.87000274658203,105.18000030517578,69.13933563232422,30955400
2003-10-30,105.79000091552734,105.97000122070312,104.80000305175781,105.4000015258789,69.2839126586914,39123100
2003-10-31,105.4000015258789,105.73999786376953,105.22000122070312,105.30000305175781,69.21824645996094,25761600
2003-11-03,105.75,106.61000061035156,105.70999908447266,105.98999786376953,69.67180633544922,37589300
2003-11-04,105.98999786376953,106.2699966430664,105.58000183105469,105.76000213623047,69.52058410644531,31421600
2003-11-05,105.48999786376953,105.97000122070312,104.9000015258789,105.83999633789062,69.57318115234375,33558800
2003-11-06,105.5999984741211,106.44000244140625,105.0999984741211,106.4000015258789,69.94129180908203,28392300
2003-11-07,106.63999938964844,106.72000122070312,105.56999969482422,105.61000061035156,69.4219970703125,31723200
2003-11-10,105.73999786376953,105.83999633789062,105.01000213623047,105.18000030517578,69.13933563232422,25530800
2003-11-11,105.08999633789062,105.33000183105469,104.80000305175781,105.1500015258789,69.11964416503906,26558600
2003-11-12,105.2300033569336,106.47000122070312,105.16000366210938,106.33000183105469,69.89530181884766,28000000
2003-11-13,106.01000213623047,106.54000091552734,105.77999877929688,106.36000061035156,69.9150161743164,29714800
2003-11-14,106.4000015258789,106.94999694824219,105.29000091552734,105.45999908447266,69.32339477539062,49158500
2003-11-17,104.91000366210938,105.13999938964844,104.04000091552734,104.93000030517578,68.97500610351562,44382100
2003-11-18,105.23999786376953,105.44999694824219,103.69999694824219,103.83999633789062,68.25851440429688,41155000
2003-11-19,104.02999877929688,105.01000213623047,103.91999816894531,104.72000122070312,68.83698272705078,29827000
2003-11-20,104.0,105.23999786376953,103.75,103.77999877929688,68.21907043457031,53578700
2003-11-21,104.23999786376953,104.33000183105469,103.62000274658203,104.20999908447266,68.50172424316406,30016000
2003-11-24,104.69000244140625,105.77999877929688,104.68000030517578,105.58999633789062,69.40885162353516,28906400
2003-11-25,105.7300033569336,106.41999816894531,105.44999694824219,105.98999786376953,69.67180633544922,37580000
2003-11-26,106.41999816894531,106.44999694824219,105.38999938964844,106.37000274658203,69.92156982421875,33053600
2003-11-28,106.27999877929688,106.66000366210938,106.19999694824219,106.44999694824219,69.97415924072266,10507500
2003-12-01,106.8499984741211,107.68000030517578,106.80000305175781,107.5999984741211,70.73007202148438,38699000
2003-12-02,107.37999725341797,107.7699966430664,107.06999969482422,107.33000183105469,70.5526351928711,35352000
2003-12-03,107.6500015258789,108.08000183105469,107.06999969482422,107.16000366210938,70.44087219238281,39078600
2003-12-04,107.16999816894531,107.72000122070312,106.94000244140625,107.5999984741211,70.73007202148438,36089500
2003-12-05,107.12000274658203,107.80000305175781,106.62000274658203,106.8499984741211,70.23709869384766,28824400
2003-12-08,106.73999786376953,107.63999938964844,106.68000030517578,107.56999969482422,70.71038055419922,32482900
2003-12-09,107.9000015258789,107.93000030517578,106.54000091552734,106.73999786376953,70.1647720336914,43596100
2003-12-10,106.7699966430664,106.9800033569336,105.95999908447266,106.7300033569336,70.158203125,36915400
2003-12-11,106.68000030517578,108.0999984741211,106.66999816894531,107.93000030517578,70.94702911376953,45304000
2003-12-12,107.97000122070312,108.19999694824219,107.38999938964844,108.13999938964844,71.0850830078125,34142200
2003-12-15,109.16999816894531,109.2300033569336,107.4800033569336,107.5999984741211,70.73007202148438,38693400
2003-12-16,107.68000030517578,108.5,107.5199966430664,108.16000366210938,71.0982437133789,32894200
2003-12-17,108.05999755859375,108.5,107.80000305175781,108.5,71.32173156738281,23198800
2003-12-18,108.55000305175781,109.7300033569336,108.38999938964844,109.72000122070312,72.12364196777344,29353100
2003-12-19,109.30000305175781,109.37000274658203,108.58000183105469,108.9000015258789,71.92292022705078,41465100
2003-12-22,108.79000091552734,109.66000366210938,108.77999877929688,109.66000366210938,72.42486572265625,27611300
2003-12-23,109.4800033569336,109.94999694824219,109.37999725341797,109.7300033569336,72.47108459472656,24741200
2003-12-24,109.5199966430664,109.87999725341797,109.43000030517578,109.62000274658203,72.39840698242188,8055800
2003-12-26,109.70999908447266,110.08000183105469,109.62999725341797,109.69999694824219,72.45124816894531,8308400
2003-12-29,110.0999984741211,111.2699966430664,109.77999877929688,111.16000366210938,73.41547393798828,22483700
2003-12-30,111.08999633789062,111.2699966430664,110.8499984741211,111.18000030517578,73.42874145507812,19559500
2003-12-31,111.22000122070312,111.5199966430664,110.83999633789062,111.27999877929688,73.4947280883789,31501800
2004-01-02,111.73999786376953,112.19000244140625,110.7300033569336,111.2300033569336,73.46175384521484,38072300
2004-01-05,111.69000244140625,112.5199966430664,111.58999633789062,112.44000244140625,74.26091003417969,27959800
2004-01-06,112.16000366210938,112.7300033569336,112.0,112.55000305175781,74.33354949951172,20472800
2004-01-07,112.38999938964844,113.05999755859375,111.88999938964844,112.93000030517578,74.58448791503906,30170400
2004-01-08,113.25,113.41000366210938,112.7699966430664,113.37999725341797,74.88175201416016,36438400
2004-01-09,112.83000183105469,113.5,112.2699966430664,112.38999938964844,74.2278823852539,54084300
2004-01-12,112.55000305175781,113.25,112.36000061035156,113.22000122070312,74.77603912353516,31564100
2004-01-13,113.08999633789062,113.2300033569336,111.76000213623047,112.55999755859375,74.34014892578125,54239700
2004-01-14,112.76000213623047,113.66000366210938,112.66999816894531,113.5,74.96096801757812,30112800
2004-01-15,113.56999969482422,114.05999755859375,112.58000183105469,113.77999877929688,75.14590454101562,38408700
2004-01-16,114.04000091552734,114.30999755859375,113.62999725341797,114.2300033569336,75.44308471679688,31922700
2004-01-20,114.52999877929688,114.6500015258789,113.81999969482422,114.19999694824219,75.42327117919922,29863000
2004-01-21,114.12999725341797,115.30000305175781,113.72000122070312,115.0999984741211,76.0176773071289,30725000
2004-01-22,115.13999938964844,115.37999725341797,114.58000183105469,114.80000305175781,75.81957244873047,29888500
2004-01-23,115.0,115.37000274658203,113.94999694824219,114.43000030517578,75.5751724243164,44245300
2004-01-26,114.38999938964844,115.93000030517578,114.37999725341797,115.87000274658203,76.52620697021484,30460600
2004-01-27,115.75,116.5,114.6500015258789,114.68000030517578,75.74029541015625,35322800
2004-01-28,114.9800033569336,115.27999877929688,112.94000244140625,113.37000274658203,74.8750991821289,52621300
2004-01-29,113.55999755859375,113.8499984741211,112.55999755859375,113.4800033569336,74.94778442382812,60117100
2004-01-30,113.5199966430664,113.72000122070312,113.08999633789062,113.4800033569336,74.94778442382812,30984400
2004-02-02,113.69999694824219,114.68000030517578,113.12000274658203,113.97000122070312,75.27137756347656,38832400
2004-02-03,113.73999786376953,114.13999938964844,113.44000244140625,113.77999877929688,75.14590454101562,25093500
2004-02-04,113.19000244140625,113.7300033569336,112.79000091552734,112.8499984741211,74.53167724609375,39332600
2004-02-05,113.16999816894531,113.54000091552734,112.77999877929688,113.18000030517578,74.74964904785156,37226800
2004-02-06,113.41999816894531,114.69999694824219,113.19999694824219,114.44999694824219,75.5884017944336,37216000
2004-02-09,114.66999816894531,114.87000274658203,114.29000091552734,114.4800033569336,75.60819244384766,24851300
2004-02-10,114.27999877929688,115.13999938964844,114.26000213623047,114.8499984741211,75.85257720947266,27908100
2004-02-11,114.8499984741211,116.38999938964844,114.16999816894531,116.06999969482422,76.65830993652344,42965700
2004-02-12,115.97000122070312,116.2699966430664,115.58000183105469,115.6500015258789,76.38088989257812,27814700
2004-02-13,115.81999969482422,116.19999694824219,114.75,115.12999725341797,76.03750610351562,44739900
2004-02-17,115.8499984741211,116.43000030517578,115.7699966430664,116.16999816894531,76.72431945800781,23984300
2004-02-18,116.19999694824219,116.5999984741211,115.3499984741211,115.66000366210938,76.38751220703125,28618000
2004-02-19,116.33000183105469,116.38999938964844,115.05999755859375,115.2300033569336,76.10352325439453,51146200
2004-02-20,115.4800033569336,115.55999755859375,114.31999969482422,114.87999725341797,75.87236022949219,46728800
2004-02-23,115.22000122070312,115.26000213623047,114.16999816894531,114.58999633789062,75.68087768554688,36357000
2004-02-24,114.2699966430664,114.98999786376953,113.02999877929688,114.38999938964844,75.54875183105469,43953000
2004-02-25,114.45999908447266,115.05999755859375,114.31999969482422,114.87000274658203,75.86580657958984,31213600
2004-02-26,114.61000061035156,115.29000091552734,114.33999633789062,114.94000244140625,75.91200256347656,29683000
2004-02-27,115.19000244140625,115.73999786376953,114.62999725341797,115.0199966430664,75.9648208618164,39312000
2004-03-01,115.43000030517578,116.33999633789062,115.25,116.16000366210938,76.71776580810547,33130800
2004-03-02,115.94000244140625,116.97000122070312,115.2300033569336,115.4800033569336,76.26862335205078,38556400
2004-03-03,115.25,115.87000274658203,114.91999816894531,115.69000244140625,76.40738677978516,31346200
2004-03-04,115.72000122070312,116.0999984741211,115.5199966430664,115.98999786376953,76.60547637939453,21060000
2004-03-05,115.41999816894531,116.94999694824219,115.27999877929688,116.37999725341797,76.86306762695312,55905600
2004-03-08,116.33999633789062,116.62000274658203,114.91000366210938,114.95999908447266,75.92524719238281,39281600
2004-03-09,115.0999984741211,115.20999908447266,114.23999786376953,114.5,75.62141418457031,39746100
2004-03-10,114.72000122070312,114.7699966430664,112.55999755859375,112.58000183105469,74.35337829589844,67671800
2004-03-11,112.4000015258789,113.2699966430664,111.0999984741211,111.12000274658203,73.38911437988281,89134800
2004-03-12,111.7300033569336,112.70999908447266,111.58000183105469,112.58000183105469,74.35337829589844,54012200
2004-03-15,112.2699966430664,112.3499984741211,110.9000015258789,111.19999694824219,73.44194030761719,57677200
2004-03-16,111.77999877929688,112.05999755859375,110.83999633789062,111.79000091552734,73.83161163330078,59832600
2004-03-17,112.18000030517578,113.26000213623047,112.0999984741211,113.04000091552734,74.65718078613281,41607300
2004-03-18,112.69999694824219,113.2699966430664,111.93000030517578,113.06999969482422,74.67696380615234,60014300
2004-03-19,112.41000366210938,112.56999969482422,111.04000091552734,111.05999755859375,73.60660552978516,48636200
2004-03-22,110.54000091552734,110.56999969482422,109.0999984741211,109.6500015258789,72.67212677001953,62752100
2004-03-23,110.25,110.4000015258789,109.36000061035156,109.45999908447266,72.54618835449219,54080200
2004-03-24,109.58000183105469,110.13999938964844,108.8499984741211,109.55000305175781,72.60582733154297,51584300
2004-03-25,110.08000183105469,111.30000305175781,109.79000091552734,111.0,73.56684112548828,49873600
2004-03-26,110.95999908447266,111.79000091552734,110.80000305175781,111.02999877929688,73.58670043945312,37409500
2004-03-29,111.62999725341797,112.73999786376953,111.58000183105469,112.58999633789062,74.6206283569336,44113600
2004-03-30,112.30000305175781,113.06999969482422,112.22000122070312,112.97000122070312,74.87248229980469,39059900
2004-03-31,112.98999786376953,113.4000015258789,112.37999725341797,113.0999984741211,74.95867919921875,48517600
2004-04-01,113.06999969482422,113.87000274658203,113.05000305175781,113.77999877929688,75.40934753417969,45103800
2004-04-02,114.80999755859375,114.83999633789062,113.9000015258789,114.63999938964844,75.97931671142578,50987700
2004-04-05,114.45999908447266,115.37999725341797,114.44000244140625,115.2699966430664,76.39685821533203,30251800
2004-04-06,114.83000183105469,115.18000030517578,114.62000274658203,114.9000015258789,76.15162658691406,28420900
2004-04-07,114.94999694824219,114.9800033569336,114.11000061035156,114.62999725341797,75.9726791381836,45890500
2004-04-08,115.41000366210938,115.41000366210938,113.73999786376953,114.37000274658203,75.80036926269531,46929700
2004-04-12,114.58000183105469,115.08000183105469,114.56999969482422,114.81999969482422,76.09859466552734,23085200
2004-04-13,115.26000213623047,115.30000305175781,113.0199966430664,113.20999908447266,75.03156280517578,56210300
2004-04-14,112.61000061035156,113.63999938964844,112.55000305175781,113.38999938964844,75.15087127685547,62322300
2004-04-15,113.44999694824219,113.77999877929688,112.36000061035156,112.95999908447266,74.86587524414062,61602500
2004-04-16,113.37999725341797,114.05000305175781,112.9800033569336,113.83000183105469,75.44244384765625,47059200
2004-04-19,113.55000305175781,113.98999786376953,113.2699966430664,113.83000183105469,75.44244384765625,28277600
2004-04-20,114.08000183105469,114.31999969482422,111.77999877929688,111.91999816894531,74.17658233642578,53299400
2004-04-21,112.19999694824219,112.94999694824219,111.87000274658203,112.66999816894531,74.67365264892578,50177300
2004-04-22,112.4800033569336,114.66999816894531,112.44000244140625,114.25,75.72080993652344,62071500
2004-04-23,114.41999816894531,114.56999969482422,113.79000091552734,114.36000061035156,75.79373931884766,29395700
2004-04-26,114.5,114.94000244140625,113.5999984741211,114.19999694824219,75.68769073486328,35515200
2004-04-27,114.2300033569336,115.12000274658203,113.95999908447266,114.30000305175781,75.75396728515625,43485500
2004-04-28,113.88999938964844,114.01000213623047,112.5,112.81999969482422,74.7730712890625,50165800
2004-04-29,112.72000122070312,113.31999969482422,111.16000366210938,111.83000183105469,74.11692810058594,69687600
2004-04-30,112.16999816894531,112.37999725341797,110.9000015258789,110.95999908447266,73.54035949707031,48681400
2004-05-03,111.37000274658203,112.29000091552734,111.3499984741211,112.1500015258789,74.32901763916016,33758000
2004-05-04,112.25,113.26000213623047,111.66000366210938,112.05999755859375,74.26937103271484,51185100
2004-05-05,112.41000366210938,112.95999908447266,112.16000366210938,112.77999877929688,74.74656677246094,34405000
2004-05-06,112.0199966430664,112.58999633789062,111.0,111.80999755859375,74.10371398925781,54997000
2004-05-07,111.22000122070312,112.2300033569336,109.95999908447266,109.95999908447266,72.87757110595703,60950000
2004-05-10,109.44000244140625,109.75,108.36000061035156,108.83000183105469,72.12862396240234,75279400
2004-05-11,109.45999908447266,110.05000305175781,109.33000183105469,109.75,72.73841094970703,48300600
2004-05-12,109.56999969482422,110.54000091552734,108.05999755859375,110.44999694824219,73.20236206054688,90830500
2004-05-13,109.76000213623047,110.80999755859375,109.62999725341797,109.98999786376953,72.89741516113281,57393700
2004-05-14,109.94999694824219,110.73999786376953,109.2699966430664,110.04000091552734,72.93058776855469,54123100
2004-05-17,108.88999938964844,109.5,108.41000366210938,109.0999984741211,72.3075942993164,55020400
2004-05-18,109.48999786376953,109.94000244140625,109.33000183105469,109.6500015258789,72.67212677001953,30193100
2004-05-19,110.5,111.18000030517578,109.1500015258789,109.2699966430664,72.42028045654297,54804100
2004-05-20,109.44999694824219,109.87000274658203,109.04000091552734,109.62000274658203,72.65223693847656,38082900
2004-05-21,109.97000122070312,110.55000305175781,109.47000122070312,109.80999755859375,72.77818298339844,47480400
2004-05-24,110.52999877929688,110.76000213623047,109.68000030517578,110.2699966430664,73.0830307006836,40961500
2004-05-25,109.9000015258789,111.9800033569336,109.5999984741211,111.8499984741211,74.13017272949219,48668000
2004-05-26,111.66000366210938,112.29000091552734,111.51000213623047,112.23999786376953,74.388671875,35977000
2004-05-27,112.54000091552734,113.02999877929688,112.05999755859375,112.87000274658203,74.80622863769531,45306900
2004-05-28,112.7300033569336,112.87999725341797,112.36000061035156,112.86000061035156,74.79959106445312,23367200
2004-06-01,112.45999908447266,112.86000061035156,111.87000274658203,112.70999908447266,74.70018005371094,41044700
2004-06-02,113.02999877929688,113.4800033569336,112.45999908447266,113.12999725341797,74.97850036621094,39774200
2004-06-03,112.80999755859375,113.19000244140625,112.06999969482422,112.08999633789062,74.2892837524414,38688300
2004-06-04,112.9800033569336,113.58000183105469,112.70999908447266,112.9800033569336,74.87910461425781,32739500
2004-06-07,113.43000030517578,114.80999755859375,113.41999816894531,114.69999694824219,76.0190658569336,31643800
2004-06-08,114.37000274658203,114.91999816894531,114.16999816894531,114.86000061035156,76.12510681152344,32846500
2004-06-09,114.51000213623047,114.69999694824219,113.72000122070312,113.79000091552734,75.41595458984375,36737600
2004-06-10,114.04000091552734,114.3499984741211,113.93000030517578,114.3499984741211,75.787109375,21711000
2004-06-14,113.81999969482422,113.8499984741211,112.87000274658203,113.22000122070312,75.03816986083984,34633000
2004-06-15,113.9000015258789,114.44999694824219,113.51000213623047,114.0199966430664,75.56841278076172,37445000
2004-06-16,114.0,114.19999694824219,113.69999694824219,114.0,75.55513763427734,26633400
2004-06-17,113.8499984741211,114.06999969482422,113.33000183105469,113.83000183105469,75.44244384765625,28402400
2004-06-18,113.2699966430664,114.22000122070312,113.18000030517578,113.62999725341797,75.58480834960938,31799800
2004-06-21,113.75,114.13999938964844,113.12999725341797,113.19999694824219,75.29876708984375,25284000
2004-06-22,113.12999725341797,113.87999725341797,112.66999816894531,113.7699966430664,75.67791748046875,37334000
2004-06-23,113.61000061035156,114.83999633789062,113.41999816894531,114.75,76.32980346679688,35580000
2004-06-24,114.55999755859375,114.93000030517578,114.26000213623047,114.38999938964844,76.0903549194336,35272100
2004-06-25,114.41000366210938,114.94000244140625,113.68000030517578,113.83999633789062,75.72447967529297,32837900
2004-06-28,114.5199966430664,114.61000061035156,113.41000366210938,113.44999694824219,75.46509552001953,40824500
2004-06-29,113.52999877929688,114.16999816894531,113.41999816894531,113.91999816894531,75.77774047851562,28418100
2004-06-30,114.06999969482422,114.79000091552734,113.6500015258789,114.52999877929688,76.18347930908203,52230600
2004-07-01,114.25,114.4000015258789,112.58000183105469,112.94000244140625,75.12581634521484,57734700
2004-07-02,113.16000366210938,113.29000091552734,112.5999984741211,112.87999725341797,75.08592987060547,34615100
2004-07-06,112.37000274658203,112.44999694824219,111.62999725341797,111.88999938964844,74.4273910522461,38698200
2004-07-07,111.80999755859375,112.56999969482422,111.75,112.22000122070312,74.64691925048828,29839800
2004-07-08,111.80999755859375,112.31999969482422,111.19999694824219,111.44000244140625,74.1280517578125,45291100
2004-07-09,111.72000122070312,111.94000244140625,111.37999725341797,111.7300033569336,74.32098388671875,27412900
2004-07-12,111.5199966430664,112.04000091552734,111.0,111.77999877929688,74.35424041748047,35691300
2004-07-13,111.91999816894531,112.0199966430664,111.5999984741211,111.86000061035156,74.4074478149414,26752000
2004-07-14,111.26000213623047,112.38999938964844,111.12000274658203,111.5199966430664,74.18130493164062,54089400
2004-07-15,111.73999786376953,111.91000366210938,110.69999694824219,110.80000305175781,73.70231628417969,38403500
2004-07-16,111.56999969482422,111.66999816894531,110.44000244140625,110.70999908447266,73.64250946044922,40871200
2004-07-19,110.75,110.95999908447266,109.98999786376953,110.23999786376953,73.32980346679688,39592800
2004-07-20,110.52999877929688,111.9000015258789,110.25,111.63999938964844,74.26112365722656,46679800
2004-07-21,111.81999969482422,112.05999755859375,109.44999694824219,109.58000183105469,72.89082336425781,56241100
2004-07-22,109.36000061035156,110.38999938964844,108.7699966430664,109.87999725341797,73.09037780761719,72477100
2004-07-23,109.62000274658203,109.70999908447266,108.69000244140625,108.95999908447266,72.4784164428711,49610500
2004-07-26,109.19000244140625,109.43000030517578,108.20999908447266,108.75,72.33873748779297,49679100
2004-07-27,109.05000305175781,110.11000061035156,108.97000122070312,109.7699966430664,73.01722717285156,51295100
2004-07-28,109.55000305175781,110.37000274658203,108.58999633789062,110.0999984741211,73.23674011230469,65862300
2004-07-29,110.54000091552734,110.87000274658203,110.0,110.56999969482422,73.54937744140625,52200500
2004-07-30,110.31999969482422,110.9000015258789,110.0999984741211,110.83999633789062,73.72894287109375,41581700
2004-08-02,110.19000244140625,111.36000061035156,110.05000305175781,111.06999969482422,73.88191223144531,38263100
2004-08-03,110.93000030517578,111.05999755859375,110.16000366210938,110.20999908447266,73.30989837646484,40948800
2004-08-04,109.88999938964844,110.75,109.63999938964844,110.19999694824219,73.30325317382812,40763200
2004-08-05,110.29000091552734,110.37999725341797,108.2699966430664,108.4000015258789,72.10590362548828,50772000
2004-08-06,107.62999725341797,107.95999908447266,106.62000274658203,106.8499984741211,71.07487487792969,74729000
2004-08-09,107.0199966430664,107.4800033569336,106.87000274658203,107.0,71.1746597290039,37476300
2004-08-10,107.30999755859375,108.41000366210938,107.26000213623047,108.37999725341797,72.09259796142578,55870600
2004-08-11,107.68000030517578,108.33000183105469,107.0999984741211,108.16000366210938,71.9462890625,52933200
2004-08-12,107.68000030517578,107.94999694824219,106.62999725341797,106.9800033569336,71.16134643554688,50015900
2004-08-13,107.0999984741211,107.3499984741211,106.58999633789062,107.19000244140625,71.30103302001953,41634700
2004-08-16,107.13999938964844,108.63999938964844,107.0999984741211,108.30000305175781,72.0394058227539,45731900
2004-08-17,108.75,109.27999877929688,108.52999877929688,108.91000366210938,72.44515991210938,40701600
2004-08-18,108.5199966430664,110.16999816894531,108.48999786376953,110.02999877929688,73.19015502929688,43165400
2004-08-19,109.80999755859375,110.0199966430664,109.18000030517578,109.70999908447266,72.9773178100586,39881600
2004-08-20,109.61000061035156,110.62999725341797,109.51000213623047,110.4800033569336,73.48948669433594,44870900
2004-08-23,110.55000305175781,110.7699966430664,110.05000305175781,110.19999694824219,73.30325317382812,33745100
2004-08-24,110.63999938964844,110.7300033569336,109.8499984741211,110.3499984741211,73.40302276611328,30453100
2004-08-25,110.33000183105469,111.2699966430664,109.9000015258789,111.0999984741211,73.90190124511719,38551400
2004-08-26,110.95999908447266,111.30999755859375,110.8499984741211,111.0999984741211,73.90190124511719,26629500
2004-08-27,111.19999694824219,111.62999725341797,111.05000305175781,111.44999694824219,74.13468170166016,24902900
2004-08-30,111.22000122070312,111.33999633789062,110.44999694824219,110.52999877929688,73.52275848388672,26726500
2004-08-31,110.66000366210938,111.16000366210938,110.0999984741211,111.11000061035156,73.9085464477539,44125300
2004-09-01,110.94999694824219,111.63999938964844,110.4800033569336,111.31999969482422,74.04826354980469,52778300
2004-09-02,111.23999786376953,112.69999694824219,111.23999786376953,112.58000183105469,74.88638305664062,42736600
2004-09-03,112.33000183105469,112.81999969482422,112.01000213623047,112.12000274658203,74.58037567138672,30480500
2004-09-07,112.54000091552734,113.12999725341797,112.31999969482422,112.86000061035156,75.0726318359375,37338800
2004-09-08,112.62000274658203,113.05999755859375,112.30999755859375,112.58000183105469,74.88638305664062,32963100
2004-09-09,112.56999969482422,112.87999725341797,112.02999877929688,112.4800033569336,74.81986236572266,34314800
2004-09-10,112.5199966430664,113.2699966430664,112.08000183105469,113.05999755859375,75.2056655883789,27900600
2004-09-13,113.30999755859375,113.73999786376953,113.01000213623047,113.43000030517578,75.45181274414062,44398100
2004-09-14,113.30000305175781,113.69000244140625,113.19000244140625,113.66000366210938,75.60478210449219,28048900
2004-09-15,113.30000305175781,113.36000061035156,112.68000030517578,112.80000305175781,75.03273010253906,38295000
2004-09-16,112.8499984741211,113.37000274658203,112.80000305175781,113.13999938964844,75.25889587402344,23911700
2004-09-17,112.94999694824219,113.36000061035156,112.69000244140625,113.1500015258789,75.57881927490234,33683000
2004-09-20,112.66999816894531,112.98999786376953,112.27999877929688,112.47000122070312,75.12461853027344,37149400
2004-09-21,112.75,113.47000122070312,112.54000091552734,112.95999908447266,75.45191192626953,40920800
2004-09-22,112.5,112.5199966430664,111.47000122070312,111.55000305175781,74.51012420654297,49042100
2004-09-23,111.5999984741211,111.69999694824219,110.94999694824219,110.94999694824219,74.10935974121094,44068700
2004-09-24,111.16999816894531,111.7300033569336,111.12999725341797,111.45999908447266,74.44998168945312,34981100
2004-09-27,111.0999984741211,111.19999694824219,110.58000183105469,110.75,73.97575378417969,39355100
2004-09-28,110.91000366210938,111.51000213623047,110.41000366210938,111.27999877929688,74.32974243164062,41662900
2004-09-29,111.20999908447266,111.8499984741211,111.0,111.83999633789062,74.70379638671875,33325700
2004-09-30,111.55000305175781,111.9800033569336,111.26000213623047,111.76000213623047,74.65036010742188,43536700
2004-10-01,112.26000213623047,113.6500015258789,112.20999908447266,113.6500015258789,75.91281127929688,62824300
2004-10-04,114.0999984741211,114.44000244140625,113.80000305175781,113.83999633789062,76.03971099853516,33082400
2004-10-05,113.8499984741211,114.16000366210938,113.54000091552734,113.9000015258789,76.0798110961914,36910600
2004-10-06,113.7699966430664,114.68000030517578,113.68000030517578,114.68000030517578,76.60079193115234,42297800
2004-10-07,114.37999725341797,114.4000015258789,113.36000061035156,113.44999694824219,75.77919006347656,39388800
2004-10-08,113.1500015258789,113.7699966430664,112.3499984741211,112.51000213623047,75.1513442993164,51872600
2004-10-11,112.77999877929688,113.0199966430664,112.63999938964844,112.97000122070312,75.45856475830078,20229100
2004-10-12,112.19999694824219,112.83000183105469,111.94000244140625,112.52999877929688,75.16470336914062,41754700
2004-10-13,113.0,113.06999969482422,111.31999969482422,111.54000091552734,74.50343322753906,54212600
2004-10-14,111.68000030517578,111.93000030517578,110.58000183105469,110.63999938964844,73.90226745605469,64082200
2004-10-15,111.0199966430664,111.73999786376953,110.56999969482422,111.26000213623047,74.3163833618164,63482200
2004-10-18,110.88999938964844,111.9000015258789,110.69999694824219,111.68000030517578,74.5969467163086,43535100
2004-10-19,112.0199966430664,112.2300033569336,110.58999633789062,110.73999786376953,73.9690933227539,55851900
2004-10-20,110.37999725341797,110.81999969482422,109.75,110.5199966430664,73.82210540771484,57118500
2004-10-21,110.79000091552734,111.31999969482422,110.20999908447266,111.23999786376953,74.30302429199219,53218300
2004-10-22,111.19000244140625,111.25,109.86000061035156,109.98999786376953,73.4681167602539,48752400
2004-10-25,109.75,110.12000274658203,109.3499984741211,109.86000061035156,73.38125610351562,43990900
2004-10-26,110.12999725341797,111.5999984741211,109.87999725341797,111.54000091552734,74.50343322753906,54337400
2004-10-27,111.37999725341797,113.0999984741211,111.12000274658203,112.87999725341797,75.39849853515625,73896000
2004-10-28,112.77999877929688,113.55999755859375,112.48999786376953,113.22000122070312,75.62557983398438,54413300
2004-10-29,113.12000274658203,113.63999938964844,112.9000015258789,113.19999694824219,75.6122055053711,48820200
2004-11-01,113.55999755859375,113.83999633789062,113.19999694824219,113.51000213623047,75.81926727294922,36720900
2004-11-02,113.66999816894531,114.56999969482422,113.22000122070312,113.55000305175781,75.84600067138672,56210000
2004-11-03,115.02999877929688,115.36000061035156,114.23999786376953,114.9800033569336,76.80117797851562,76960200
2004-11-04,114.77999877929688,116.66999816894531,114.68000030517578,116.55000305175781,77.8498764038086,55350300
2004-11-05,117.05000305175781,117.63999938964844,116.48999786376953,117.27999877929688,78.33745574951172,63287200
2004-11-08,116.9800033569336,117.2300033569336,116.72000122070312,117.11000061035156,78.22390747070312,33863800
2004-11-09,117.08000183105469,117.5,116.76000213623047,116.87999725341797,78.07028198242188,44658100
2004-11-10,117.05999755859375,117.55000305175781,116.76000213623047,116.97000122070312,78.13043212890625,45265400
2004-11-11,117.18000030517578,118.12000274658203,117.0999984741211,117.86000061035156,78.72489929199219,37863200
2004-11-12,117.97000122070312,119.0,117.68000030517578,118.79000091552734,79.34607696533203,55583700
2004-11-15,118.5,118.7699966430664,118.2300033569336,118.7300033569336,79.5410385131836,35297900
2004-11-16,118.36000061035156,118.41000366210938,117.7300033569336,117.87999725341797,78.97157287597656,40028700
2004-11-17,118.37000274658203,119.13999938964844,118.06999969482422,118.58000183105469,79.44052124023438,54494000
2004-11-18,118.52999877929688,118.80000305175781,118.2300033569336,118.73999786376953,79.5477294921875,31854300
2004-11-19,118.69999694824219,118.72000122070312,117.13999938964844,117.41999816894531,78.66341400146484,54276500
2004-11-22,117.16999816894531,118.12000274658203,117.02999877929688,117.9800033569336,79.03858184814453,37560200
2004-11-23,117.93000030517578,118.26000213623047,117.37000274658203,118.16000366210938,79.15917205810547,41968800
2004-11-24,118.2699966430664,118.58999633789062,118.05000305175781,118.44000244140625,79.34675598144531,29724800
2004-11-26,118.51000213623047,118.9800033569336,118.30000305175781,118.3499984741211,79.28646087646484,15487700
2004-11-29,118.79000091552734,119.01000213623047,117.4800033569336,117.80999755859375,78.92469024658203,61460800
2004-11-30,118.0,118.23999786376953,117.63999938964844,117.88999938964844,78.97828674316406,53685200
2004-12-01,118.16000366210938,119.5,118.0999984741211,119.2300033569336,79.87601470947266,49898300
2004-12-02,119.0999984741211,119.87000274658203,119.01000213623047,119.33000183105469,79.94300842285156,60163500
2004-12-03,119.30999755859375,120.13999938964844,119.08999633789062,119.25,79.8893814086914,49067900
2004-12-06,119.20999908447266,119.63999938964844,118.83999633789062,119.20999908447266,79.86259460449219,33030500
2004-12-07,119.48999786376953,119.62000274658203,118.04000091552734,118.0999984741211,79.11898803710938,52047200
2004-12-08,118.20999908447266,118.81999969482422,118.01000213623047,118.79000091552734,79.58120727539062,43895100
2004-12-09,118.13999938964844,119.45999908447266,117.7300033569336,119.20999908447266,79.86259460449219,60922800
2004-12-10,118.91999816894531,119.55999755859375,118.8499984741211,119.33000183105469,79.94300842285156,47828600
2004-12-13,119.76000213623047,120.4000015258789,119.3499984741211,120.37000274658203,80.63972473144531,38541000
2004-12-14,120.18000030517578,120.95999908447266,120.18000030517578,120.79000091552734,80.92108154296875,41500700
2004-12-15,120.69999694824219,121.11000061035156,120.30999755859375,120.87999725341797,80.98138427734375,46699200
2004-12-16,120.72000122070312,121.23999786376953,120.04000091552734,120.80999755859375,80.93448638916016,51641800
2004-12-17,119.45999908447266,119.97000122070312,119.16000366210938,119.44000244140625,80.39466094970703,70761900
2004-12-20,119.75,120.29000091552734,119.16999816894531,119.47000122070312,80.41487121582031,47187400
2004-12-21,119.5999984741211,120.4800033569336,119.45999908447266,120.38999938964844,81.03413391113281,33094200
2004-12-22,120.37999725341797,121.08000183105469,120.30000305175781,120.68000030517578,81.22929382324219,31500700
2004-12-23,120.87000274658203,121.27999877929688,120.66000366210938,120.7699966430664,81.28987121582031,25646100
2004-12-27,121.19999694824219,121.36000061035156,120.38999938964844,120.5199966430664,81.12159729003906,29944100
2004-12-28,120.63999938964844,121.33000183105469,120.5999984741211,121.18000030517578,81.56587219238281,23422900
2004-12-29,121.08000183105469,121.4000015258789,120.94999694824219,121.36000061035156,81.68700408935547,22650600
2004-12-30,121.4000015258789,121.56999969482422,121.04000091552734,121.12999725341797,81.53218078613281,21076900
2004-12-31,121.30000305175781,121.66000366210938,120.80000305175781,120.87000274658203,81.35718536376953,28648800
2005-01-03,121.55999755859375,121.76000213623047,119.9000015258789,120.30000305175781,80.9735107421875,55748000
2005-01-04,120.45999908447266,120.54000091552734,118.44000244140625,118.83000183105469,79.98405456542969,69167600
2005-01-05,118.73999786376953,119.25,118.0,118.01000213623047,79.43215942382812,65667300
2005-01-06,118.44000244140625,119.1500015258789,118.26000213623047,118.61000061035156,79.83598327636719,47814700
2005-01-07,118.97000122070312,119.2300033569336,118.12999725341797,118.44000244140625,79.72157287597656,55847700
2005-01-10,118.33999633789062,119.45999908447266,118.33999633789062,119.0,80.0984878540039,56563300
2005-01-11,118.63999938964844,118.73999786376953,117.98999786376953,118.18000030517578,79.54655456542969,63099700
2005-01-12,118.4000015258789,118.83999633789062,117.5199966430664,118.56999969482422,79.8091049194336,72720500
2005-01-13,118.63999938964844,118.7300033569336,117.5,117.62000274658203,79.16964721679688,55537500
2005-01-14,117.97000122070312,118.52999877929688,117.76000213623047,118.23999786376953,79.58695220947266,42032500
2005-01-18,118.05000305175781,119.62000274658203,117.94999694824219,119.47000122070312,80.41487121582031,57391700
2005-01-19,119.43000030517578,119.5199966430664,118.20999908447266,118.22000122070312,79.57350158691406,54378900
2005-01-20,117.88999938964844,118.19999694824219,117.29000091552734,117.5,79.08888244628906,72049300
2005-01-21,117.79000091552734,118.0,116.6500015258789,116.77999877929688,78.60420227050781,63160400
2005-01-24,117.08999633789062,117.33999633789062,116.37000274658203,116.55000305175781,78.44943237304688,58441900
2005-01-25,116.91000366210938,117.47000122070312,116.72000122070312,116.87999725341797,78.6715316772461,68245000
2005-01-26,117.31999969482422,117.5999984741211,117.04000091552734,117.2300033569336,78.90715026855469,57195100
2005-01-27,117.19000244140625,117.75,116.9800033569336,117.43000030517578,79.04174041748047,55878800
2005-01-28,117.48999786376953,117.55000305175781,116.61000061035156,117.43000030517578,79.04174041748047,60738900
2005-01-31,117.94999694824219,118.25,117.70999908447266,118.16000366210938,79.53311157226562,52532700
2005-02-01,118.25,119.08000183105469,118.0999984741211,118.91000366210938,80.03792572021484,49841200
2005-02-02,119.05999755859375,119.58999633789062,118.9000015258789,119.2699966430664,80.28022766113281,52468900
2005-02-03,119.05999755859375,119.16000366210938,118.56999969482422,118.95999908447266,80.07157897949219,48837100
2005-02-04,119.0,120.43000030517578,118.9800033569336,120.2300033569336,80.92642211914062,50024600
2005-02-07,120.25,120.5199966430664,119.95999908447266,120.06999969482422,80.81874084472656,45412000
2005-02-08,120.16999816894531,120.6500015258789,120.06999969482422,120.20999908447266,80.91295623779297,39263500
2005-02-09,120.41999816894531,120.48999786376953,119.25,119.30999755859375,80.30715942382812,55279400
2005-02-10,119.66000366210938,120.0199966430664,119.26000213623047,119.73999786376953,80.59656524658203,45858600
2005-02-11,119.69999694824219,121.04000091552734,119.45999908447266,120.7699966430664,81.28987121582031,53133000
2005-02-14,120.69000244140625,120.86000061035156,120.4800033569336,120.68000030517578,81.22929382324219,32432100
2005-02-15,120.80000305175781,121.43000030517578,120.68000030517578,121.12999725341797,81.53218078613281,43852700
2005-02-16,120.93000030517578,121.45999908447266,120.66999816894531,121.20999908447266,81.5860595703125,55523000
2005-02-17,121.2300033569336,121.33000183105469,120.22000122070312,120.2300033569336,80.92642211914062,58124000
2005-02-18,120.23999786376953,120.4800033569336,119.9000015258789,120.38999938964844,81.03413391113281,47723300
2005-02-22,119.9000015258789,120.47000122070312,118.58000183105469,118.5999984741211,79.8292465209961,80697600
2005-02-23,118.93000030517578,119.56999969482422,118.62000274658203,119.44999694824219,80.40137481689453,68292600
2005-02-24,119.23999786376953,120.31999969482422,118.9800033569336,120.23999786376953,80.93315124511719,68563600
2005-02-25,120.2699966430664,121.66999816894531,120.18000030517578,121.43000030517578,81.73409271240234,60899900
2005-02-28,121.1500015258789,121.30000305175781,120.04000091552734,120.62999725341797,81.19564056396484,69381300
2005-03-01,120.81999969482422,121.5199966430664,120.77999877929688,121.2300033569336,81.5994873046875,47294400
2005-03-02,120.76000213623047,121.93000030517578,120.6500015258789,121.16999816894531,81.55915069580078,64226500
2005-03-03,121.66000366210938,121.9000015258789,120.69999694824219,121.22000122070312,81.59280395507812,61230800
2005-03-04,122.05000305175781,122.83000183105469,121.79000091552734,122.7300033569336,82.60914611816406,56168500
2005-03-07,122.66000366210938,123.25,122.4000015258789,122.79000091552734,82.6495361328125,43442400
2005-03-08,122.66999816894531,123.0,122.11000061035156,122.33000183105469,82.33992004394531,44362000
2005-03-09,121.97000122070312,122.29000091552734,120.95999908447266,120.97000122070312,81.42448425292969,73263600
2005-03-10,121.19999694824219,121.5,120.4000015258789,121.23999786376953,81.60623168945312,65149000
2005-03-11,121.30999755859375,121.72000122070312,120.16000366210938,120.38999938964844,81.03413391113281,57976500
2005-03-14,120.61000061035156,121.16000366210938,120.27999877929688,121.13999938964844,81.5389633178711,36336400
2005-03-15,121.41999816894531,121.45999908447266,120.08000183105469,120.13999938964844,80.86583709716797,62438500
2005-03-16,119.69999694824219,120.16000366210938,118.9000015258789,119.12000274658203,80.17926025390625,74874200
2005-03-17,119.30999755859375,119.73999786376953,118.9800033569336,119.36000061035156,80.34080505371094,62584200
2005-03-18,119.11000061035156,119.52999877929688,118.1500015258789,118.54000091552734,80.10226440429688,60232000
2005-03-21,118.70999908447266,118.77999877929688,117.76000213623047,118.0999984741211,79.80493927001953,61244300
2005-03-22,118.37000274658203,118.93000030517578,116.9000015258789,116.9000015258789,78.99407958984375,92472400
2005-03-23,116.94999694824219,117.72000122070312,116.75,117.0,79.06165313720703,70817300
2005-03-24,117.45999908447266,117.98999786376953,117.05999755859375,117.13999938964844,79.15621948242188,51932500
2005-03-28,117.41999816894531,117.94000244140625,117.30999755859375,117.30999755859375,79.27113342285156,46765500
2005-03-29,117.13999938964844,117.9000015258789,116.25,116.52999877929688,78.7440414428711,71160300
2005-03-30,116.77999877929688,118.19999694824219,116.7699966430664,118.18000030517578,79.85902404785156,62002100
2005-03-31,118.19000244140625,118.45999908447266,117.87000274658203,117.95999908447266,79.71033477783203,64575400
2005-04-01,118.62999725341797,118.98999786376953,116.91000366210938,117.43000030517578,79.35221862792969,95255300
2005-04-04,117.36000061035156,117.86000061035156,116.73999786376953,117.62999725341797,79.48735046386719,71581200
2005-04-05,117.77999877929688,118.37999725341797,117.66999816894531,118.19000244140625,79.86578369140625,46853900
2005-04-06,118.44999694824219,118.94999694824219,118.18000030517578,118.5999984741211,80.14281463623047,53268200
2005-04-07,118.41000366210938,119.26000213623047,118.31999969482422,119.23999786376953,80.5752944946289,46734600
2005-04-08,119.16999816894531,119.20999908447266,118.0,118.0,79.73738098144531,63772900
2005-04-11,118.29000091552734,118.41999816894531,117.83000183105469,118.08999633789062,79.7981948852539,44945000
2005-04-12,117.88999938964844,119.05999755859375,117.06999969482422,118.69999694824219,80.21040344238281,86144800
2005-04-13,118.55999755859375,118.80000305175781,117.12999725341797,117.30000305175781,79.2643814086914,65949000
2005-04-14,117.4000015258789,117.5,115.7699966430664,115.7699966430664,78.23046875,96119800
2005-04-15,115.73999786376953,116.19999694824219,114.0999984741211,114.1500015258789,77.13581848144531,128677300
2005-04-18,114.12000274658203,114.95999908447266,113.95999908447266,114.5,77.37229919433594,100035200
2005-04-19,115.0999984741211,115.52999877929688,114.83000183105469,115.41000366210938,77.98722076416016,64930100
2005-04-20,115.37999725341797,115.62999725341797,113.55000305175781,113.80000305175781,76.89923858642578,107735900
2005-04-21,114.79000091552734,116.20999908447266,114.37999725341797,116.01000213623047,78.39263153076172,86952200
2005-04-22,115.73999786376953,116.5,114.2699966430664,115.56999969482422,78.09529876708984,88845800
2005-04-25,115.86000061035156,116.5,115.72000122070312,116.33000183105469,78.60889434814453,52284100
2005-04-26,115.95999908447266,116.7699966430664,115.1500015258789,115.19999694824219,77.84529876708984,72626000
2005-04-27,114.86000061035156,116.06999969482422,114.44000244140625,115.6500015258789,78.14939880371094,84131900
2005-04-28,115.2699966430664,115.68000030517578,114.19999694824219,114.19999694824219,77.16958618164062,72481500
2005-04-29,115.06999969482422,115.87000274658203,113.97000122070312,115.75,78.21698760986328,103993800
2005-05-02,116.06999969482422,116.41000366210938,115.5199966430664,116.4000015258789,78.65615844726562,56026400
2005-05-03,116.06999969482422,116.8499984741211,115.69000244140625,116.5999984741211,78.7913589477539,86000300
2005-05-04,116.6500015258789,117.75,116.27999877929688,117.5,79.39949798583984,81055700
2005-05-05,117.66999816894531,118.0,116.73999786376953,117.45999908447266,79.3724594116211,96906700
2005-05-06,117.93000030517578,117.98999786376953,117.05999755859375,117.08999633789062,79.12244415283203,67415400
2005-05-09,117.20999908447266,118.08000183105469,117.05000305175781,117.81999969482422,79.61576080322266,43750500
2005-05-10,117.36000061035156,117.5,116.38999938964844,116.5999984741211,78.7913589477539,74613500
2005-05-11,116.93000030517578,117.4000015258789,115.8499984741211,117.23999786376953,79.22382354736328,91647400
2005-05-12,117.31999969482422,117.58999633789062,115.94999694824219,115.94999694824219,78.35210418701172,95086800
2005-05-13,116.30000305175781,116.62000274658203,114.80000305175781,115.72000122070312,78.19668579101562,85267000
2005-05-16,115.69999694824219,116.83999633789062,115.66000366210938,116.80000305175781,78.92649841308594,49207000
2005-05-17,116.41000366210938,117.69999694824219,116.16000366210938,117.58000183105469,79.45355224609375,61071800
2005-05-18,118.08999633789062,119.08000183105469,118.01000213623047,118.79000091552734,80.27122497558594,77944900
2005-05-19,119.0199966430664,119.41000366210938,118.69999694824219,119.29000091552734,80.60911560058594,61768100
2005-05-20,119.33999633789062,119.38999938964844,118.73999786376953,119.12000274658203,80.49420928955078,46345500
2005-05-23,119.20999908447266,120.04000091552734,119.19000244140625,119.77999877929688,80.94019317626953,51047900
2005-05-24,119.44000244140625,119.83000183105469,119.19999694824219,119.5,80.75099182128906,50654100
2005-05-25,119.3499984741211,119.87000274658203,118.83000183105469,119.41000366210938,80.69013977050781,47608800
2005-05-26,119.79000091552734,120.20999908447266,119.62000274658203,120.05000305175781,81.12266540527344,43256200
2005-05-27,120.05999755859375,120.25,119.80000305175781,120.25,81.2578125,24596100
2005-05-31,120.08000183105469,120.16999816894531,119.4000015258789,119.4800033569336,80.73745727539062,43377200
2005-06-01,119.5199966430664,120.91999816894531,119.44999694824219,120.5,81.42671203613281,69611000
2005-06-02,120.2300033569336,120.83999633789062,120.0999984741211,120.76000213623047,81.6024169921875,39704500
2005-06-03,120.55000305175781,120.88999938964844,119.7300033569336,120.1500015258789,81.19020080566406,60999400
2005-06-06,119.94999694824219,120.19999694824219,119.55000305175781,120.04000091552734,81.11585235595703,36046400
2005-06-07,120.38999938964844,121.25,120.01000213623047,120.12999725341797,81.17668914794922,66501300
2005-06-08,120.43000030517578,120.58999633789062,119.66999816894531,119.91000366210938,81.0280532836914,46881200
2005-06-09,119.73999786376953,120.58000183105469,119.44000244140625,120.4800033569336,81.41322326660156,56653300
2005-06-10,120.55999755859375,120.6500015258789,119.5999984741211,120.19999694824219,81.22400665283203,36465300
2005-06-13,119.94000244140625,121.08000183105469,119.80999755859375,120.58000183105469,81.48079681396484,49383200
2005-06-14,120.44999694824219,121.19999694824219,120.37999725341797,120.86000061035156,81.66999816894531,33857100
2005-06-15,121.16000366210938,121.23999786376953,120.2300033569336,121.08999633789062,81.82544708251953,53195600
2005-06-16,121.05999755859375,121.63999938964844,120.91999816894531,121.4000015258789,82.03492736816406,46564500
2005-06-17,121.54000091552734,121.9000015258789,121.22000122070312,121.36000061035156,82.3388442993164,51529400
2005-06-20,121.08000183105469,121.83999633789062,120.94000244140625,121.4000015258789,82.36599731445312,41019400
2005-06-21,121.5,121.6500015258789,121.02999877929688,121.47000122070312,82.41346740722656,39879800
2005-06-22,121.68000030517578,121.94000244140625,121.06999969482422,121.56999969482422,82.48133850097656,46310100
2005-06-23,121.31999969482422,121.5999984741211,119.83000183105469,119.86000061035156,81.32113647460938,62185600
2005-06-24,119.87999725341797,120.01000213623047,118.83999633789062,118.9800033569336,80.72412109375,58572500
2005-06-27,118.97000122070312,119.41000366210938,118.75,119.1500015258789,80.83943176269531,48183800
2005-06-28,119.4000015258789,120.23999786376953,119.37000274658203,120.1500015258789,81.51788330078125,41174200
2005-06-29,120.37000274658203,120.4000015258789,119.76000213623047,119.83000183105469,81.30078887939453,42316500
2005-06-30,120.22000122070312,120.31999969482422,118.94999694824219,119.18000030517578,80.85977935791016,62288800
2005-07-01,119.44999694824219,119.80000305175781,119.20999908447266,119.52999877929688,81.09723663330078,49737500
2005-07-05,119.25,120.6500015258789,119.19000244140625,120.48999786376953,81.74858093261719,51549000
2005-07-06,120.38999938964844,120.6500015258789,119.41000366210938,119.4800033569336,81.06331634521484,52363600
2005-07-07,118.29000091552734,119.94999694824219,118.26000213623047,119.94999694824219,81.38220977783203,103268800
2005-07-08,119.97000122070312,121.31999969482422,119.72000122070312,121.31999969482422,82.31169128417969,64491200
2005-07-11,121.33000183105469,122.0999984741211,121.30999755859375,121.94000244140625,82.73238372802734,49688300
2005-07-12,121.98999786376953,122.62999725341797,121.63999938964844,122.26000213623047,82.94947814941406,51871100
2005-07-13,122.2699966430664,122.5199966430664,121.98999786376953,122.43000030517578,83.06481170654297,41182300
2005-07-14,122.9800033569336,123.44000244140625,122.48999786376953,122.91000366210938,83.39047241210938,63638800
2005-07-15,122.79000091552734,123.04000091552734,122.36000061035156,122.83999633789062,83.34297943115234,56075900
2005-07-18,122.5,122.62999725341797,122.05000305175781,122.3499984741211,83.01052856445312,56598400
2005-07-19,122.70999908447266,123.11000061035156,122.41000366210938,123.0199966430664,83.46507263183594,59165700
2005-07-20,122.58999633789062,123.7300033569336,122.30000305175781,123.44000244140625,83.75006866455078,69477000
2005-07-21,123.55000305175781,123.61000061035156,122.47000122070312,122.72000122070312,83.26156616210938,101110900
2005-07-22,122.87999725341797,123.55999755859375,122.62999725341797,123.54000091552734,83.81792449951172,52607100
2005-07-25,123.41000366210938,123.94999694824219,122.8499984741211,123.19000244140625,83.5804443359375,57301600
2005-07-26,123.2300033569336,123.52999877929688,122.94999694824219,123.33999633789062,83.68221282958984,42758800
2005-07-27,123.5,123.88999938964844,123.05000305175781,123.79000091552734,83.98753356933594,43181600
2005-07-28,123.95999908447266,124.63999938964844,123.63999938964844,124.56999969482422,84.5167236328125,47880700
2005-07-29,124.41000366210938,124.62999725341797,123.5,123.73999786376953,83.95362854003906,62358100
2005-08-01,123.83000183105469,124.04000091552734,123.44999694824219,123.6500015258789,83.89251708984375,40418200
2005-08-02,123.87000274658203,124.5999984741211,123.73999786376953,124.38999938964844,84.39459991455078,45147400
2005-08-03,124.25,124.73999786376953,124.12000274658203,124.72000122070312,84.6185073852539,36837200
2005-08-04,124.2300033569336,124.30999755859375,123.56999969482422,123.72000122070312,83.94004821777344,50855600
2005-08-05,123.44999694824219,123.9800033569336,122.66999816894531,122.87999725341797,83.37013244628906,53595500
2005-08-08,123.1500015258789,123.41000366210938,122.37999725341797,122.6500015258789,83.21409606933594,47616000
2005-08-09,123.05999755859375,123.58999633789062,122.87000274658203,123.38999938964844,83.71617126464844,47170000
2005-08-10,123.81999969482422,124.5,122.81999969482422,123.33000183105469,83.67545318603516,72863700
2005-08-11,123.2699966430664,124.02999877929688,123.01000213623047,123.81999969482422,84.00788116455078,58570200
2005-08-12,123.56999969482422,123.69000244140625,122.75,123.05999755859375,83.49225616455078,54776900
2005-08-15,123.22000122070312,123.87000274658203,122.83000183105469,123.81999969482422,84.00788116455078,36208500
2005-08-16,123.44000244140625,123.5199966430664,122.08999633789062,122.20999908447266,82.91553497314453,71942100
2005-08-17,122.19000244140625,122.87000274658203,122.02999877929688,122.19999694824219,82.90875244140625,62275100
2005-08-18,122.05000305175781,122.55999755859375,121.83999633789062,122.19000244140625,82.90196990966797,53388600
2005-08-19,122.62999725341797,122.81999969482422,122.19999694824219,122.47000122070312,83.09194946289062,39842100
2005-08-22,122.58000183105469,123.2300033569336,121.87999725341797,122.47000122070312,83.09194946289062,69912000
2005-08-23,122.5,122.61000061035156,121.1500015258789,122.23999786376953,82.9358901977539,55168600
2005-08-24,121.94000244140625,122.7300033569336,121.08999633789062,121.1500015258789,82.19635772705078,79104600
2005-08-25,121.3499984741211,121.66999816894531,121.20999908447266,121.58999633789062,82.4948959350586,35631100
2005-08-26,121.4800033569336,121.48999786376953,120.68000030517578,120.76000213623047,81.93177032470703,61956800
2005-08-29,120.41000366210938,121.77999877929688,120.37999725341797,121.69000244140625,82.5627670288086,56179200
2005-08-30,121.25,121.30000305175781,120.38999938964844,121.05000305175781,82.1285171508789,74160200
2005-08-31,121.19000244140625,122.66000366210938,120.73999786376953,122.58000183105469,83.16658020019531,102945200
2005-09-01,122.5199966430664,123.1500015258789,121.13999938964844,122.48999786376953,83.1054916381836,74578700
2005-09-02,122.8499984741211,122.87999725341797,122.04000091552734,122.2699966430664,82.95625305175781,47653400
2005-09-06,122.66000366210938,123.80000305175781,122.6500015258789,123.69999694824219,83.92646789550781,57251300
2005-09-07,123.62999725341797,124.12999725341797,123.45999908447266,123.91000366210938,84.06893920898438,41749700
2005-09-08,123.66000366210938,124.0,123.30999755859375,123.5,83.79075622558594,39068700
2005-09-09,123.83000183105469,124.73999786376953,123.80000305175781,124.5999984741211,84.53709411621094,43093900
2005-09-12,124.44999694824219,124.66999816894531,124.2699966430664,124.3499984741211,84.36746215820312,33017600
2005-09-13,124.12999725341797,124.41999816894531,123.5199966430664,123.66000366210938,83.89933013916016,58427500
2005-09-14,123.73999786376953,123.91999816894531,123.0199966430664,123.20999908447266,83.59402465820312,57694600
2005-09-15,123.58999633789062,123.6500015258789,122.9000015258789,123.1500015258789,83.55330657958984,73156900
2005-09-16,123.30000305175781,123.73999786376953,122.87000274658203,123.5,84.1474380493164,75424100
2005-09-19,123.47000122070312,123.55000305175781,122.63999938964844,123.08999633789062,83.86811828613281,53355300
2005-09-20,123.19999694824219,123.61000061035156,121.87000274658203,122.05000305175781,83.15949249267578,84480300
2005-09-21,121.79000091552734,121.87000274658203,120.77999877929688,120.91000366210938,82.38273620605469,94469100
2005-09-22,120.94999694824219,121.66000366210938,120.44000244140625,121.33999633789062,82.67569732666016,84597200
2005-09-23,121.23999786376953,121.88999938964844,120.9000015258789,121.44000244140625,82.74385833740234,59368100
2005-09-26,122.0199966430664,122.23999786376953,121.08000183105469,121.58000183105469,82.83922576904297,70415400
2005-09-27,121.5199966430664,121.98999786376953,121.0199966430664,121.55000305175781,82.81881713867188,66150800
2005-09-28,121.93000030517578,122.12000274658203,121.19999694824219,121.66999816894531,82.90056610107422,58620500
2005-09-29,121.55000305175781,122.86000061035156,121.08000183105469,122.66000366210938,83.57513427734375,66607700
2005-09-30,122.62000274658203,123.04000091552734,121.73999786376953,123.04000091552734,83.83406066894531,47824200
2005-10-03,122.95999908447266,123.33999633789062,122.44999694824219,122.5999984741211,83.53427124023438,50994800
2005-10-04,122.79000091552734,123.02999877929688,121.16000366210938,121.22000122070312,82.59398651123047,60776300
2005-10-05,121.25,121.30999755859375,119.56999969482422,119.62999725341797,81.51062774658203,106052100
2005-10-06,119.77999877929688,120.26000213623047,118.16999816894531,119.19999694824219,81.21761322021484,140941800
2005-10-07,119.69999694824219,120.05000305175781,119.12999725341797,119.61000061035156,81.4969711303711,75661400
2005-10-10,119.68000030517578,119.70999908447266,118.30000305175781,118.5999984741211,80.80879211425781,52677000
2005-10-11,118.98999786376953,119.38999938964844,118.31999969482422,118.43000030517578,80.69296264648438,75629800
2005-10-12,118.38999938964844,119.12999725341797,117.41000366210938,117.5,80.0593032836914,100510400
2005-10-13,117.45999908447266,118.08000183105469,116.87999725341797,117.43000030517578,80.0115966796875,99052900
2005-10-14,118.12000274658203,118.80999755859375,117.55999755859375,118.66999816894531,80.85646057128906,88651000
2005-10-17,118.80000305175781,119.2699966430664,118.44999694824219,119.11000061035156,81.15628051757812,68109300
2005-10-18,118.94000244140625,118.95999908447266,117.80000305175781,117.81999969482422,80.27735137939453,74996900
2005-10-19,117.5,119.80000305175781,117.12000274658203,119.77999877929688,81.61279296875,116563800
2005-10-20,119.48999786376953,119.80999755859375,117.30000305175781,117.66999816894531,80.17514038085938,131966700
2005-10-21,118.29000091552734,118.77999877929688,117.51000213623047,118.12999725341797,80.48855590820312,96579500
2005-10-24,118.44000244140625,120.08999633789062,118.41000366210938,119.95999908447266,81.73542785644531,71308400
2005-10-25,119.72000122070312,120.23999786376953,118.94000244140625,119.72000122070312,81.5719223022461,76594500
2005-10-26,119.51000213623047,120.54000091552734,119.19000244140625,119.37000274658203,81.3334732055664,80855800
2005-10-27,119.19999694824219,119.37000274658203,117.93000030517578,118.0999984741211,80.46814727783203,66623100
2005-10-28,118.43000030517578,119.94999694824219,118.0999984741211,119.80000305175781,81.62642669677734,72322000
2005-10-31,120.29000091552734,121.30000305175781,120.12999725341797,120.12999725341797,81.85126495361328,77698900
2005-11-01,120.58000183105469,120.9000015258789,120.22000122070312,120.48999786376953,82.0965805053711,66365100
2005-11-02,120.16999816894531,121.75,120.12999725341797,121.75,82.9550552368164,74012300
2005-11-03,122.1500015258789,122.66000366210938,121.75,122.2699966430664,83.30939483642578,84897600
2005-11-04,122.4000015258789,122.45999908447266,121.55000305175781,122.11000061035156,83.20034790039062,59156000
2005-11-07,122.37000274658203,122.62000274658203,121.8499984741211,122.2300033569336,83.28214263916016,46765400
2005-11-08,121.93000030517578,122.41999816894531,121.79000091552734,122.2300033569336,83.28214263916016,42152800
2005-11-09,122.08000183105469,122.94999694824219,121.86000061035156,122.38999938964844,83.39117431640625,57666800
2005-11-10,122.33999633789062,123.5199966430664,121.75,123.33999633789062,84.0384292602539,79048100
2005-11-11,123.3499984741211,123.83999633789062,122.43000030517578,123.76000213623047,84.32456970214844,34867000
2005-11-14,123.79000091552734,124.0199966430664,123.37999725341797,123.69000244140625,84.27693939208984,45092200
2005-11-15,123.55000305175781,124.08999633789062,122.86000061035156,123.23999786376953,83.97032928466797,69592500
2005-11-16,123.37000274658203,123.55000305175781,122.9800033569336,123.48999786376953,84.1406478881836,51133000
2005-11-17,123.68000030517578,124.6500015258789,123.13999938964844,124.63999938964844,84.92418670654297,55717500
2005-11-18,125.05999755859375,125.27999877929688,124.33000183105469,125.12999725341797,85.2580337524414,72437200
2005-11-21,125.1500015258789,125.91000366210938,124.9800033569336,125.76000213623047,85.68732452392578,50021200
2005-11-22,125.55999755859375,126.5199966430664,125.41999816894531,126.30000305175781,86.05525207519531,66438800
2005-11-23,126.25,127.41000366210938,126.20999908447266,127.02999877929688,86.55261993408203,50854700
2005-11-25,126.9800033569336,127.22000122070312,126.80999755859375,127.12999725341797,86.62075805664062,15270000
2005-11-28,127.25,127.2699966430664,126.04000091552734,126.2300033569336,86.0075454711914,54498500
2005-11-29,126.6500015258789,126.9800033569336,126.08999633789062,126.08999633789062,85.91217803955078,51738900
2005-11-30,126.16000366210938,126.5199966430664,125.29000091552734,125.41000366210938,85.44886779785156,56007200
2005-12-01,126.0199966430664,127.02999877929688,125.9800033569336,126.69000244140625,86.32097625732422,65468200
2005-12-02,126.7699966430664,127.08000183105469,126.5,126.8499984741211,86.42997741699219,46699400
2005-12-05,126.69999694824219,126.7300033569336,126.18000030517578,126.58000183105469,86.24604797363281,59273400
2005-12-06,127.05000305175781,127.73999786376953,126.62999725341797,126.81999969482422,86.40955352783203,57935200
2005-12-07,126.7699966430664,126.87000274658203,125.68000030517578,126.08000183105469,85.90534973144531,66816500
2005-12-08,126.22000122070312,126.81999969482422,125.4800033569336,126.0,85.85083770751953,62608600
2005-12-09,126.16000366210938,126.77999877929688,125.81999969482422,126.33000183105469,86.07569122314453,50744500
2005-12-12,126.70999908447266,126.86000061035156,125.95999908447266,126.44999694824219,86.15745544433594,48389900
2005-12-13,126.41999816894531,127.69999694824219,126.29000091552734,127.30999755859375,86.7434310913086,88630900
2005-12-14,127.19000244140625,128.08999633789062,127.13999938964844,127.80999755859375,87.0840835571289,64375000
2005-12-15,127.83999633789062,128.0,127.18000030517578,127.44000244140625,86.8320083618164,55900300
2005-12-16,127.27999877929688,127.36000061035156,126.36000061035156,126.36000061035156,86.55255126953125,46238300
2005-12-19,126.7300033569336,126.87000274658203,125.69000244140625,125.70999908447266,86.1073226928711,48733000
2005-12-20,125.86000061035156,126.58999633789062,125.4800033569336,125.83000183105469,86.18950653076172,46603200
2005-12-21,126.22000122070312,126.76000213623047,125.80000305175781,126.02999877929688,86.32647705078125,51806900
2005-12-22,126.30999755859375,126.69000244140625,126.08000183105469,126.69000244140625,86.778564453125,32247900
2005-12-23,126.77999877929688,126.86000061035156,126.41999816894531,126.76000213623047,86.8265151977539,27977300
2005-12-27,126.95999908447266,127.05000305175781,125.37999725341797,125.47000122070312,85.9428939819336,44499500
2005-12-28,125.73999786376953,125.98999786376953,125.5,125.75,86.13471984863281,30764300
2005-12-29,125.72000122070312,125.95999908447266,125.05999755859375,125.19000244140625,85.75112915039062,32788900
2005-12-30,124.80000305175781,125.05999755859375,124.36000061035156,124.51000213623047,85.28533172607422,44645600
2006-01-03,125.19000244140625,127.0,124.38999938964844,126.69999694824219,86.78541564941406,73256700
2006-01-04,126.86000061035156,127.48999786376953,126.69999694824219,127.30000305175781,87.19641876220703,51899600
2006-01-05,127.1500015258789,127.58999633789062,126.87999725341797,127.37999725341797,87.25117492675781,47307500
2006-01-06,128.02000427246094,128.5800018310547,127.36000061035156,128.44000244140625,87.97724914550781,62885900
2006-01-09,128.4199981689453,129.05999755859375,128.3800048828125,128.77000427246094,88.20328521728516,43527400
2006-01-10,128.38999938964844,128.97999572753906,128.25999450683594,128.89999389648438,88.29234313964844,44960800
2006-01-11,129.02000427246094,129.44000244140625,128.72999572753906,129.30999755859375,88.57318115234375,49598900
2006-01-12,129.0800018310547,129.27999877929688,128.44000244140625,128.8000030517578,88.2238540649414,40509200
2006-01-13,128.57000732421875,128.89999389648438,128.1999969482422,128.67999267578125,88.14163208007812,44856700
2006-01-17,128.1999969482422,128.4199981689453,127.80999755859375,128.3300018310547,87.90190887451172,52066600
2006-01-18,127.58000183105469,128.89999389648438,127.16000366210938,127.81999969482422,87.55254364013672,75067600
2006-01-19,128.1300048828125,128.77000427246094,127.80999755859375,128.30999755859375,87.88821411132812,81530400
2006-01-20,128.27999877929688,128.30999755859375,125.97000122070312,125.97000122070312,86.28538513183594,114957800
2006-01-23,126.20999908447266,126.81999969482422,126.12999725341797,126.41999816894531,86.5936279296875,67017400
2006-01-24,126.62999725341797,127.1500015258789,126.41999816894531,126.55000305175781,86.68270874023438,53008800
2006-01-25,127.04000091552734,127.18000030517578,125.83999633789062,126.66000366210938,86.75802612304688,87747700
2006-01-26,127.25,127.66999816894531,126.76000213623047,127.36000061035156,87.23748016357422,71294000
2006-01-27,127.66000366210938,128.66000366210938,127.44999694824219,128.5399932861328,88.04572296142578,65771200
2006-01-30,128.44000244140625,128.80999755859375,128.35000610351562,128.44000244140625,87.97724914550781,33709600
2006-01-31,128.32000732421875,128.5399932861328,127.48999786376953,127.5,87.33338928222656,72937000
2006-02-01,127.81999969482422,128.42999267578125,127.72000122070312,128.38999938964844,87.94303131103516,63561000
2006-02-02,128.10000610351562,128.13999938964844,126.80000305175781,126.9000015258789,86.92240142822266,83626900
2006-02-03,126.58000183105469,128.38999938964844,126.13999938964844,126.2699966430664,86.49087524414062,86040400
2006-02-06,126.44000244140625,126.80000305175781,126.16999816894531,126.5999984741211,86.7169189453125,45511900
2006-02-07,126.37999725341797,126.66000366210938,125.4000015258789,125.4800033569336,85.94974517822266,71208100
2006-02-08,125.8499984741211,128.10000610351562,125.5999984741211,126.62000274658203,86.73062133789062,59422200
2006-02-09,126.91999816894531,127.5999984741211,126.37000274658203,126.41000366210938,86.58673858642578,62023300
2006-02-10,126.43000030517578,127.12999725341797,125.44999694824219,126.63999938964844,86.74432373046875,64508700
2006-02-13,126.5999984741211,126.79000091552734,125.94999694824219,126.41000366210938,86.58673858642578,52308700
2006-02-14,126.45999908447266,128.02999877929688,126.20999908447266,127.75,87.50468444824219,90964400
2006-02-15,127.68000030517578,128.32000732421875,127.23999786376953,128.1999969482422,87.81285858154297,85471300
2006-02-16,128.33999633789062,129.2100067138672,128.17999267578125,129.16000366210938,88.47045135498047,61017900
2006-02-17,129.0500030517578,129.16000366210938,128.5800018310547,128.80999755859375,88.23069763183594,40342600
2006-02-21,129.11000061035156,129.39999389648438,128.2899932861328,128.49000549316406,88.01150512695312,46456300
2006-02-22,128.77000427246094,129.64999389648438,128.64999389648438,129.27000427246094,88.54578399658203,42326700
2006-02-23,129.27000427246094,129.63999938964844,128.27999877929688,129.0800018310547,88.41564178466797,43423200
2006-02-24,129.11000061035156,129.47999572753906,128.75999450683594,129.41000366210938,88.64166259765625,36777400
2006-02-27,129.39999389648438,130.0399932861328,129.27999877929688,129.4600067138672,88.67594909667969,35858600
2006-02-28,129.1999969482422,129.91000366210938,128.1300048828125,128.22999572753906,87.8333969116211,74394800
2006-03-01,128.60000610351562,129.49000549316406,128.5,129.3699951171875,88.6142807006836,48641600
2006-03-02,128.89999389648438,129.4199981689453,128.61000061035156,129.36000061035156,88.60745239257812,60642300
2006-03-03,128.6699981689453,130.07000732421875,128.64999389648438,128.75999450683594,88.19647979736328,73402500
2006-03-06,129.13999938964844,129.17999267578125,127.8499984741211,128.1699981689453,87.79232025146484,57478400
2006-03-07,127.86000061035156,128.05999755859375,127.4000015258789,127.97000122070312,87.65533447265625,61780800
2006-03-08,127.69999694824219,128.44000244140625,127.18000030517578,128.24000549316406,87.84026336669922,66692400
2006-03-09,128.27999877929688,128.67999267578125,127.37999725341797,127.37999725341797,87.25117492675781,56313600
2006-03-10,127.70999908447266,128.83999633789062,127.44000244140625,128.58999633789062,88.08000183105469,60490800
2006-03-13,128.83999633789062,129.16000366210938,128.52999877929688,128.8300018310547,88.24441528320312,45479100
2006-03-14,128.7100067138672,130.22999572753906,128.61000061035156,130.17999267578125,89.16911315917969,69877300
2006-03-15,130.14999389648438,130.86000061035156,129.85000610351562,130.75999450683594,89.56639862060547,53398900
2006-03-16,131.00999450683594,131.47000122070312,130.83999633789062,131.02999877929688,89.7513427734375,65526400
2006-03-17,130.67999267578125,130.89999389648438,130.3800048828125,130.6199951171875,89.82624053955078,47286800
2006-03-20,130.63999938964844,130.89999389648438,130.2100067138672,130.41000366210938,89.68186950683594,45538500
2006-03-21,130.3699951171875,130.99000549316406,129.4499969482422,129.58999633789062,89.11796569824219,87102700
2006-03-22,129.50999450683594,130.50999450683594,129.4499969482422,130.3800048828125,89.66122436523438,51605700
2006-03-23,130.25999450683594,130.38999938964844,129.66000366210938,130.11000061035156,89.4755859375,46704200
2006-03-24,129.99000549316406,130.57000732421875,129.74000549316406,130.2100067138672,89.54436492919922,43209200
2006-03-27,130.02999877929688,130.27999877929688,129.74000549316406,130.02000427246094,89.41368865966797,32523000
2006-03-28,129.92999267578125,130.52999877929688,129.0500030517578,129.22000122070312,88.8635482788086,82079900
2006-03-29,129.41000366210938,130.5,129.2899932861328,130.02999877929688,89.42053985595703,61505700
2006-03-30,130.11000061035156,130.97999572753906,129.5500030517578,129.8000030517578,89.26239776611328,70571700
2006-03-31,130.02000427246094,130.24000549316406,129.3699951171875,129.8300018310547,89.282958984375,62925600
2006-04-03,130.07000732421875,130.8699951171875,129.49000549316406,129.72999572753906,89.2142333984375,61624700
2006-04-04,129.72999572753906,130.72999572753906,129.36000061035156,130.55999755859375,89.7850112915039,54809300
2006-04-05,130.61000061035156,131.27999877929688,130.3800048828125,131.00999450683594,90.09447479248047,50607200
2006-04-06,130.85000610351562,131.2100067138672,130.19000244140625,130.8699951171875,89.99818420410156,57906200
2006-04-07,131.05999755859375,131.39999389648438,129.35000610351562,129.5399932861328,89.08354949951172,80180900
2006-04-10,129.74000549316406,130.0800018310547,129.25999450683594,129.74000549316406,89.22111511230469,41496500
2006-04-11,129.85000610351562,130.05999755859375,128.25,128.63999938964844,88.46466064453125,72799400
2006-04-12,128.77000427246094,129.1300048828125,128.61000061035156,128.8800048828125,88.62969207763672,43033700
2006-04-13,128.58999633789062,129.25,128.30999755859375,128.7100067138672,88.51278686523438,51051800
2006-04-17,128.8300018310547,129.30999755859375,128.02000427246094,128.66000366210938,88.47840118408203,64167700
2006-04-18,128.92999267578125,130.94000244140625,128.92999267578125,130.6999969482422,89.88129425048828,92531800
2006-04-19,130.75,131.07000732421875,130.24000549316406,130.9499969482422,90.05323028564453,87269000
2006-04-20,131.0,131.86000061035156,130.60000610351562,131.1300048828125,90.177001953125,86005500
2006-04-21,131.69000244140625,131.7899932861328,130.6199951171875,131.14999389648438,90.19074249267578,72342600
2006-04-24,130.88999938964844,131.07000732421875,130.3800048828125,130.91000366210938,90.0257339477539,52546400
2006-04-25,131.0399932861328,131.1199951171875,129.9199981689453,130.3699951171875,89.65435028076172,84359800
2006-04-26,130.5,131.13999938964844,130.3000030517578,130.39999389648438,89.67498779296875,67262400
2006-04-27,129.89999389648438,131.6300048828125,129.58999633789062,131.02999877929688,90.10820007324219,124478600
2006-04-28,130.7899932861328,131.75,130.7100067138672,131.47000122070312,90.41082763671875,55854400
2006-05-01,131.47000122070312,131.8000030517578,130.32000732421875,130.39999389648438,89.67498779296875,64990300
2006-05-02,131.00999450683594,131.4600067138672,130.74000549316406,131.3800048828125,90.34890747070312,49063500
2006-05-03,131.14999389648438,131.32000732421875,130.4499969482422,130.88999938964844,90.011962890625,60821300
2006-05-04,131.0800018310547,131.6199951171875,130.97000122070312,131.36000061035156,90.33512878417969,42921400
2006-05-05,132.0500030517578,132.8000030517578,131.85000610351562,132.52000427246094,91.13289642333984,62588200
2006-05-08,132.50999450683594,132.77000427246094,132.36000061035156,132.36000061035156,91.02283477783203,30016700
2006-05-09,132.4199981689453,132.77000427246094,132.30999755859375,132.6199951171875,91.20169830322266,29864000
2006-05-10,132.41000366210938,132.75,131.88999938964844,132.5500030517578,91.15351867675781,64378200
2006-05-11,132.50999450683594,132.5500030517578,130.52000427246094,130.9499969482422,90.05323028564453,80626900
2006-05-12,130.36000061035156,130.72000122070312,129.19000244140625,129.24000549316406,88.87728118896484,91726500
2006-05-15,128.7899932861328,129.74000549316406,128.61000061035156,129.5,89.05606842041016,84029300
2006-05-16,129.75999450683594,130.0,129.00999450683594,129.30999755859375,88.9253921508789,62137600
2006-05-17,128.6699981689453,129.10000610351562,126.7699966430664,126.8499984741211,87.23368835449219,144789500
2006-05-18,127.3499984741211,127.75,126.11000061035156,126.20999908447266,86.79357147216797,87906300
2006-05-19,126.87000274658203,127.48999786376953,125.80000305175781,127.0999984741211,87.40557861328125,124309400
2006-05-22,126.27999877929688,127.16999816894531,125.5,126.12999725341797,86.73855590820312,110852800
2006-05-23,127.18000030517578,127.62999725341797,125.16999816894531,125.16999816894531,86.0783462524414,92006500
2006-05-24,125.68000030517578,126.88999938964844,124.76000213623047,126.16999816894531,86.76606750488281,168405000
2006-05-25,126.91999816894531,127.7300033569336,126.43000030517578,127.7300033569336,87.8388671875,78977900
2006-05-26,128.00999450683594,128.3800048828125,127.51000213623047,128.3800048828125,88.28583526611328,62989700
2006-05-30,127.97000122070312,128.0,126.05000305175781,126.0999984741211,86.71794128417969,72419900
2006-05-31,126.62000274658203,127.51000213623047,126.19999694824219,127.51000213623047,87.68759155273438,86926200
2006-06-01,127.37999725341797,128.94000244140625,127.2699966430664,128.72999572753906,88.52653503417969,73721700
2006-06-02,129.25,129.42999267578125,128.32000732421875,129.0,88.71223449707031,91702600
2006-06-05,128.85000610351562,128.86000061035156,126.7699966430664,127.12000274658203,87.41935729980469,86105100
2006-06-06,127.20999908447266,127.37999725341797,125.76000213623047,126.80999755859375,87.2061996459961,130498600
2006-06-07,126.91000366210938,127.6500015258789,125.79000091552734,125.86000061035156,86.55288696289062,108599400
2006-06-08,125.58000183105469,126.5,123.87000274658203,125.75,86.47724151611328,204957200
2006-06-09,126.36000061035156,126.95999908447266,125.29000091552734,125.3499984741211,86.20216369628906,94972200
2006-06-12,125.87999725341797,125.93000030517578,123.81999969482422,123.98999786376953,85.26686096191406,95815900
2006-06-13,123.73999786376953,124.83999633789062,122.55000305175781,122.55000305175781,84.27661895751953,185688800
2006-06-14,122.83999633789062,123.62999725341797,122.33999633789062,123.5,84.92992401123047,163566400
2006-06-15,123.94999694824219,126.36000061035156,123.86000061035156,126.12000274658203,86.73163604736328,134057000
2006-06-16,125.29000091552734,125.55999755859375,124.45999908447266,124.6500015258789,86.09959411621094,94253500
2006-06-19,125.4000015258789,125.4800033569336,123.55000305175781,123.66999816894531,85.42272186279297,95804400
2006-06-20,124.01000213623047,124.80999755859375,123.72000122070312,124.08999633789062,85.71282196044922,65494700
2006-06-21,124.0,125.69999694824219,123.95999908447266,125.01000213623047,86.34830474853516,75008200
2006-06-22,124.94999694824219,125.05999755859375,124.04000091552734,124.45999908447266,85.96842956542969,74566100
2006-06-23,124.33000183105469,125.30000305175781,124.02999877929688,124.44000244140625,85.95458984375,54107000
2006-06-26,124.54000091552734,125.05999755859375,124.25,124.98999786376953,86.33452606201172,37899600
2006-06-27,125.01000213623047,125.29000091552734,123.7699966430664,123.91000366210938,85.5885009765625,69780200
2006-06-28,124.19000244140625,124.7699966430664,123.6500015258789,124.75,86.16873931884766,62368100
2006-06-29,125.19999694824219,127.3499984741211,125.16999816894531,127.2699966430664,87.90935516357422,110634800
2006-06-30,127.54000091552734,127.66000366210938,126.95999908447266,127.27999877929688,87.91627502441406,54227800
2006-07-03,127.43000030517578,128.00999450683594,127.30999755859375,127.80000305175781,88.27543640136719,23914000
2006-07-05,127.29000091552734,127.44999694824219,126.5199966430664,127.06999969482422,87.77120208740234,69653400
2006-07-06,127.19999694824219,127.8499984741211,127.08000183105469,127.44000244140625,88.02682495117188,50100300
2006-07-07,127.19000244140625,127.55999755859375,126.29000091552734,126.61000061035156,87.45347595214844,81626500
2006-07-10,126.94000244140625,127.43000030517578,126.41000366210938,126.8499984741211,87.61927032470703,60964100
2006-07-11,126.61000061035156,127.41000366210938,125.94000244140625,127.41000366210938,88.00607299804688,73640800
2006-07-12,127.1500015258789,127.4000015258789,125.72000122070312,126.05000305175781,87.06668853759766,82561300
2006-07-13,125.44999694824219,125.68000030517578,124.0,124.0,85.65068817138672,102405700
2006-07-14,124.12999725341797,124.26000213623047,122.83000183105469,123.5199966430664,85.31916046142578,103242500
2006-07-17,123.5199966430664,124.0999984741211,123.1500015258789,123.33999633789062,85.19481658935547,81159000
2006-07-18,123.70999908447266,124.05000305175781,122.38999938964844,123.97000122070312,85.62994384765625,122771000
2006-07-19,124.18000030517578,126.26000213623047,123.72000122070312,125.69000244140625,86.8179931640625,133565300
2006-07-20,126.12000274658203,126.30000305175781,124.66000366210938,124.83000183105469,86.22398376464844,112259800
2006-07-21,125.1500015258789,125.19000244140625,123.81999969482422,123.94999694824219,85.61611938476562,101560000
2006-07-24,124.44000244140625,126.31999969482422,124.44000244140625,126.20999908447266,87.17720794677734,92884000
2006-07-25,125.9800033569336,127.30000305175781,125.72000122070312,126.66000366210938,87.4880142211914,95480700
2006-07-26,126.58999633789062,127.44999694824219,126.18000030517578,126.83000183105469,87.60542297363281,84525800
2006-07-27,127.37999725341797,127.69000244140625,126.19999694824219,126.70999908447266,87.52255249023438,87257100
2006-07-28,127.04000091552734,128.13999938964844,126.86000061035156,127.9800033569336,88.39978790283203,82137000
2006-07-31,127.66000366210938,127.95999908447266,127.44999694824219,127.8499984741211,88.31000518798828,49593100
2006-08-01,127.33999633789062,127.37999725341797,126.5999984741211,127.22000122070312,87.87480163574219,65225600
2006-08-02,127.58000183105469,128.4600067138672,127.55000305175781,128.0800018310547,88.4688949584961,64770900
2006-08-03,127.33999633789062,128.5500030517578,127.1500015258789,128.4199981689453,88.70370483398438,63693800
2006-08-04,129.0800018310547,129.42999267578125,127.4800033569336,128.1999969482422,88.55174255371094,96294200
2006-08-07,127.9000015258789,128.0800018310547,127.4000015258789,127.9000015258789,88.34449005126953,45377300
2006-08-08,128.08999633789062,128.4600067138672,126.94999694824219,127.41000366210938,88.00607299804688,90901300
2006-08-09,128.17999267578125,128.60000610351562,126.61000061035156,126.9800033569336,87.70906829833984,78910600
2006-08-10,126.58000183105469,127.5,126.27999877929688,127.37000274658203,87.97843933105469,69322300
2006-08-11,127.16999816894531,127.19999694824219,126.38999938964844,127.01000213623047,87.7297592163086,47482200
2006-08-14,127.62999725341797,128.16000366210938,126.91999816894531,127.11000061035156,87.79884338378906,57839000
2006-08-15,128.25,128.8699951171875,127.9000015258789,128.6300048828125,88.84873962402344,68143000
2006-08-16,129.32000732421875,129.88999938964844,129.0399932861328,129.6999969482422,89.58784484863281,71737600
2006-08-17,129.5800018310547,130.3699951171875,129.49000549316406,130.02999877929688,89.81578826904297,70992800
2006-08-18,130.19000244140625,130.69000244140625,129.58999633789062,130.69000244140625,90.27165985107422,58288400
2006-08-21,130.17999267578125,130.27999877929688,129.8000030517578,130.1300048828125,89.88485717773438,42133600
2006-08-22,129.99000549316406,130.52000427246094,129.67999267578125,130.1199951171875,89.87793731689453,60839900
2006-08-23,130.17999267578125,130.44000244140625,129.19000244140625,129.75999450683594,89.62933349609375,66592100
2006-08-24,129.99000549316406,130.10000610351562,129.39999389648438,129.64999389648438,89.55329132080078,57983000
2006-08-25,129.63999938964844,130.25,129.5500030517578,129.80999755859375,89.66383361816406,41756000
2006-08-28,129.64999389648438,130.82000732421875,129.63999938964844,130.42999267578125,90.09204864501953,52681500
2006-08-29,130.49000549316406,130.8300018310547,129.80999755859375,130.5800018310547,90.1956558227539,61817800
2006-08-30,130.8699951171875,131.0399932861328,130.5500030517578,130.66000366210938,90.25091552734375,50052200
2006-08-31,130.85000610351562,130.99000549316406,130.5800018310547,130.63999938964844,90.23714447021484,37510300
2006-09-01,131.13999938964844,131.5800018310547,130.83999633789062,131.4199981689453,90.7759017944336,48794500
2006-09-05,131.50999450683594,131.85000610351562,131.1999969482422,131.6699981689453,90.94856262207031,52348300
2006-09-06,131.11000061035156,131.16000366210938,130.3300018310547,130.50999450683594,90.14730834960938,53795600
2006-09-07,130.05999755859375,130.57000732421875,129.35000610351562,129.91000366210938,89.73290252685547,86269400
2006-09-08,130.0800018310547,130.4600067138672,129.8300018310547,130.27999877929688,89.98847961425781,45096300
2006-09-11,129.86000061035156,130.69000244140625,129.47999572753906,130.41000366210938,90.07827758789062,68496600
2006-09-12,130.55999755859375,131.83999633789062,130.3699951171875,131.69000244140625,90.96244812011719,69875600
2006-09-13,131.63999938964844,132.4499969482422,131.52000427246094,132.22000122070312,91.32847595214844,62898400
2006-09-14,131.9600067138672,132.24000549316406,131.75,132.22999572753906,91.33536529541016,57805400
2006-09-15,132.30999755859375,132.38999938964844,131.67999267578125,131.9600067138672,91.54973602294922,76703100
2006-09-18,131.7899932861328,132.38999938964844,131.64999389648438,132.13999938964844,91.67467498779297,64154100
2006-09-19,132.1199951171875,132.1300048828125,131.07000732421875,131.80999755859375,91.44569396972656,92089100
2006-09-20,132.25,132.77000427246094,132.05999755859375,132.50999450683594,91.93130493164062,75204100
2006-09-21,132.61000061035156,132.75,131.4199981689453,131.8699951171875,91.48728942871094,88932500
2006-09-22,131.6699981689453,131.67999267578125,131.0,131.47000122070312,91.2098388671875,65966800
2006-09-25,131.72999572753906,132.85000610351562,131.0500030517578,132.47999572753906,91.9105453491211,92299100
2006-09-26,132.5,133.60000610351562,132.39999389648438,133.5800018310547,92.67367553710938,73962700
2006-09-27,133.49000549316406,133.97000122070312,133.27000427246094,133.74000549316406,92.78467559814453,82432200
2006-09-28,133.74000549316406,133.99000549316406,133.27999877929688,133.69000244140625,92.7499771118164,58597500
2006-09-29,133.8000030517578,133.94000244140625,133.47999572753906,133.5800018310547,92.67367553710938,47966600
2006-10-02,133.5399932861328,133.8300018310547,132.9499969482422,133.0800018310547,92.32679748535156,51687400
2006-10-03,132.88999938964844,133.8699951171875,132.64999389648438,133.36000061035156,92.52104949951172,73108100
2006-10-04,133.22999572753906,135.0,133.0800018310547,134.9199981689453,93.60330963134766,80890500
2006-10-05,134.9199981689453,135.41000366210938,134.75,135.17999267578125,93.78369140625,60505900
2006-10-06,134.9499969482422,135.10000610351562,134.39999389648438,135.00999450683594,93.66575622558594,64983600
2006-10-09,134.85000610351562,135.3000030517578,134.63999938964844,135.08999633789062,93.72124481201172,41176800
2006-10-10,135.10000610351562,135.4499969482422,134.83999633789062,135.27000427246094,93.84611511230469,56403700
2006-10-11,134.83999633789062,135.42999267578125,134.3000030517578,135.11000061035156,93.73513793945312,104071800
2006-10-12,135.4499969482422,136.38999938964844,135.39999389648438,136.27999877929688,94.54684448242188,59158600
2006-10-13,136.16000366210938,136.7100067138672,136.0399932861328,136.6300048828125,94.78963470458984,53944000
2006-10-16,136.52000427246094,137.0500030517578,136.4199981689453,136.83999633789062,94.93534851074219,42273000
2006-10-17,136.47000122070312,136.6999969482422,135.6699981689453,136.41000366210938,94.63703918457031,90500600
2006-10-18,137.0399932861328,137.3699951171875,136.10000610351562,136.58999633789062,94.76187896728516,86848600
2006-10-19,136.38999938964844,136.8800048828125,136.22999572753906,136.80999755859375,94.91450500488281,64063200
2006-10-20,136.83999633789062,136.9499969482422,136.3300018310547,136.83999633789062,94.93534851074219,48094500
2006-10-23,136.55999755859375,137.8000030517578,136.38999938964844,137.47000122070312,95.37242126464844,66219900
2006-10-24,137.27999877929688,137.92999267578125,137.22000122070312,137.8800048828125,95.65687561035156,53234900
2006-10-25,137.74000549316406,138.41000366210938,137.50999450683594,138.35000610351562,95.98294067382812,78105400
2006-10-26,138.66000366210938,139.0,137.97999572753906,138.77999877929688,96.28125,66843700
2006-10-27,138.61000061035156,138.75,137.6300048828125,137.91000366210938,95.67769622802734,80238000
2006-10-30,137.66000366210938,138.1999969482422,137.39999389648438,137.80999755859375,95.6082992553711,49717800
2006-10-31,138.07000732421875,138.25999450683594,137.25,137.7899932861328,95.59443664550781,71274100
2006-11-01,138.22000122070312,138.30999755859375,136.72000122070312,136.86000061035156,94.94921112060547,83005600
2006-11-02,136.50999450683594,137.00999450683594,136.36000061035156,136.77999877929688,94.89371490478516,60693100
2006-11-03,137.27000427246094,137.38999938964844,135.6199951171875,136.5399932861328,94.72721099853516,71346400
2006-11-06,136.9600067138672,138.27999877929688,136.9499969482422,138.0800018310547,95.79564666748047,63303300
2006-11-07,138.1999969482422,138.97999572753906,138.0,138.61000061035156,96.16333770751953,63318900
2006-11-08,138.0,139.0500030517578,136.86000061035156,138.91000366210938,96.37147521972656,87517800
2006-11-09,139.00999450683594,139.13999938964844,137.89999389648438,138.17999267578125,95.86497497558594,95916300
2006-11-10,138.13999938964844,138.33999633789062,137.72000122070312,138.24000549316406,95.9066162109375,48991500
2006-11-13,138.17999267578125,139.0399932861328,138.07000732421875,138.5800018310547,96.14250183105469,59398200
2006-11-14,138.97000122070312,139.74000549316406,138.1199951171875,139.6199951171875,96.8640365600586,96704000
2006-11-15,139.57000732421875,140.4499969482422,139.52999877929688,140.02000427246094,97.14151000976562,76509600
2006-11-16,140.44000244140625,140.67999267578125,139.49000549316406,140.3800048828125,97.39132690429688,76728800
2006-11-17,139.92999267578125,140.42999267578125,139.72999572753906,140.4199981689453,97.41901397705078,56353800
2006-11-20,140.3000030517578,140.74000549316406,139.94000244140625,140.5,97.47451782226562,69174200
2006-11-21,140.49000549316406,140.6699981689453,140.2899932861328,140.63999938964844,97.5716781616211,51367900
2006-11-22,140.75,141.16000366210938,140.5,140.9199981689453,97.76592254638672,45505300
2006-11-24,140.24000549316406,140.83999633789062,140.1999969482422,140.35000610351562,97.3704833984375,30998000
2006-11-27,140.27999877929688,140.35000610351562,138.3800048828125,138.4199981689453,96.03150939941406,84545100
2006-11-28,138.24000549316406,139.16000366210938,138.11000061035156,139.02000427246094,96.44775390625,106652900
2006-11-29,139.47000122070312,140.52999877929688,139.0800018310547,140.47000122070312,97.4537582397461,90034900
2006-11-30,140.44000244140625,141.0500030517578,139.75999450683594,140.52999877929688,97.49535369873047,83994300
2006-12-01,140.52999877929688,140.66000366210938,138.97000122070312,140.22000122070312,97.28033447265625,126080000
2006-12-04,140.25,141.5500030517578,140.22999572753906,141.2899932861328,98.02261352539062,87813200
2006-12-05,141.55999755859375,141.9600067138672,141.25999450683594,141.89999389648438,98.44588470458984,73374400
2006-12-06,141.8699951171875,142.07000732421875,141.5,141.77999877929688,98.36260223388672,53253200
2006-12-07,142.02999877929688,142.3000030517578,141.11000061035156,141.16000366210938,97.93244171142578,62857400
2006-12-08,141.1300048828125,141.89999389648438,140.77999877929688,141.4199981689453,98.11283874511719,79625500
2006-12-11,141.4199981689453,142.08999633789062,141.33999633789062,141.8300018310547,98.3972396850586,39779400
2006-12-12,141.69000244140625,141.8699951171875,140.88999938964844,141.72000122070312,98.32095336914062,77451600
2006-12-13,142.22999572753906,142.33999633789062,141.55999755859375,141.8699951171875,98.42505645751953,55520200
2006-12-14,141.86000061035156,143.24000549316406,141.83999633789062,143.1199951171875,99.29220581054688,64755200
2006-12-15,142.63999938964844,142.88999938964844,142.24000549316406,142.33999633789062,99.30127716064453,70857400
2006-12-18,142.5399932861328,142.8800048828125,141.75,141.9499969482422,99.02923583984375,48954600
2006-12-19,141.5500030517578,142.55999755859375,141.19000244140625,142.22000122070312,99.21762084960938,65023600
2006-12-20,142.27999877929688,142.66000366210938,142.00999450683594,142.13999938964844,99.16180419921875,41469600
2006-12-21,142.27000427246094,142.42999267578125,141.32000732421875,141.6199951171875,98.79901885986328,48698400
2006-12-22,141.63999938964844,141.64999389648438,140.6699981689453,140.75,98.19200134277344,62069100
2006-12-26,140.80999755859375,141.61000061035156,140.77999877929688,141.5800018310547,98.7711181640625,32696900
2006-12-27,141.8699951171875,142.60000610351562,141.8300018310547,142.50999450683594,99.41990661621094,39727100
2006-12-28,142.41000366210938,142.6999969482422,141.99000549316406,142.2100067138672,99.21065521240234,37288800
2006-12-29,142.05999755859375,142.5399932861328,141.42999267578125,141.6199951171875,98.79901885986328,45461200
2007-01-03,142.25,142.86000061035156,140.57000732421875,141.3699951171875,98.62457275390625,94807600
2007-01-04,141.22999572753906,142.0500030517578,140.61000061035156,141.6699981689453,98.83387756347656,69620600
2007-01-05,141.3300018310547,141.39999389648438,140.3800048828125,140.5399932861328,98.04553985595703,76645300
2007-01-08,140.82000732421875,141.41000366210938,140.25,141.19000244140625,98.49903869628906,71655000
2007-01-09,141.30999755859375,141.60000610351562,140.39999389648438,141.07000732421875,98.41527557373047,75680100
2007-01-10,140.5800018310547,141.57000732421875,140.3000030517578,141.5399932861328,98.74317932128906,72428000
2007-01-11,141.5800018310547,142.6199951171875,141.5,142.16000366210938,99.17572021484375,54476800
2007-01-12,142.14999389648438,143.24000549316406,142.11000061035156,143.24000549316406,99.92919158935547,55370600
2007-01-16,143.07000732421875,143.44000244140625,142.72999572753906,142.9600067138672,99.73384094238281,44871300
2007-01-17,142.85000610351562,143.4600067138672,142.72999572753906,143.02000427246094,99.77571105957031,50241400
2007-01-18,143.1699981689453,143.25999450683594,142.30999755859375,142.5399932861328,99.44086456298828,68177300
2007-01-19,142.5399932861328,143.10000610351562,142.4600067138672,142.82000732421875,99.63615417480469,56973000
2007-01-22,143.07000732421875,143.10000610351562,141.92999267578125,142.3800048828125,99.32918548583984,60253600
2007-01-23,142.25999450683594,143.0800018310547,142.05999755859375,142.8000030517578,99.62222290039062,54064400
2007-01-24,142.97000122070312,143.97999572753906,142.91000366210938,143.9499969482422,100.42453002929688,55834700
2007-01-25,143.86000061035156,143.9199981689453,142.00999450683594,142.25999450683594,99.2455062866211,73583800
2007-01-26,142.57000732421875,142.64999389648438,141.5800018310547,142.1300048828125,99.15483093261719,67255600
2007-01-29,142.19000244140625,142.8000030517578,141.74000549316406,142.0500030517578,99.09900665283203,66114600
2007-01-30,142.35000610351562,142.86000061035156,142.05999755859375,142.7899932861328,99.61524963378906,70407600
2007-01-31,142.6300048828125,144.1300048828125,142.39999389648438,143.75,100.28498840332031,91868600
2007-02-01,144.14999389648438,144.66000366210938,143.91000366210938,144.61000061035156,100.8849105834961,69312400
2007-02-02,144.72999572753906,144.9499969482422,144.3800048828125,144.80999755859375,101.02442169189453,49607000
2007-02-05,144.6999969482422,144.94000244140625,144.33999633789062,144.85000610351562,101.0523681640625,45705300
2007-02-06,144.97000122070312,145.02999877929688,144.3300018310547,144.88999938964844,101.08026123046875,57081300
2007-02-07,145.1199951171875,145.36000061035156,144.57000732421875,145.2100067138672,101.30353546142578,55669700
2007-02-08,144.77999877929688,145.1199951171875,144.27000427246094,145.02000427246094,101.17093658447266,70641000
2007-02-09,145.05999755859375,145.3300018310547,143.38999938964844,143.94000244140625,100.41751861572266,79084400
2007-02-12,143.94000244140625,144.0399932861328,143.19000244140625,143.4499969482422,100.07565307617188,65657000
2007-02-13,143.77000427246094,144.89999389648438,143.75999450683594,144.66000366210938,100.91979217529297,64081800
2007-02-14,144.8000030517578,145.89999389648438,144.77999877929688,145.61000061035156,101.58253479003906,66039400
2007-02-15,145.6699981689453,145.9499969482422,145.42999267578125,145.8000030517578,101.71512603759766,38715200
2007-02-16,145.44000244140625,145.75999450683594,145.22999572753906,145.72999572753906,101.666259765625,39841800
2007-02-20,145.55999755859375,146.1999969482422,145.0,146.0399932861328,101.8825454711914,56911800
2007-02-21,145.61000061035156,146.07000732421875,145.35000610351562,145.97999572753906,101.84068298339844,63971600
2007-02-22,146.0500030517578,146.4199981689453,145.1699981689453,145.8699951171875,101.76393127441406,79067400
2007-02-23,145.74000549316406,145.7899932861328,145.02999877929688,145.3000030517578,101.36627960205078,71966200
2007-02-26,145.8300018310547,145.9499969482422,144.75,145.1699981689453,101.27557373046875,69192800
2007-02-27,143.8800048828125,144.1999969482422,139.0,139.5,97.32005310058594,274466500
2007-02-28,140.38999938964844,141.97999572753906,139.8000030517578,140.92999267578125,98.31761932373047,177536300
2007-03-01,139.33999633789062,141.25,138.0500030517578,140.50999450683594,98.02462768554688,212828600
2007-03-02,140.0500030517578,140.66000366210938,138.66000366210938,138.6699981689453,96.7409439086914,162574000
2007-03-05,137.92999267578125,139.5800018310547,137.3300018310547,137.35000610351562,95.82008361816406,143750400
2007-03-06,138.77999877929688,140.1199951171875,137.72000122070312,139.6999969482422,97.45954132080078,143333300
2007-03-07,139.58999633789062,140.4600067138672,139.39999389648438,139.55999755859375,97.36187744140625,115144900
2007-03-08,140.5399932861328,141.16000366210938,140.07000732421875,140.74000549316406,98.18505859375,117891600
2007-03-09,141.30999755859375,141.4199981689453,140.0800018310547,140.77999877929688,98.21294403076172,107765100
2007-03-12,140.4199981689453,141.33999633789062,140.16000366210938,140.99000549316406,98.35946655273438,80366900
2007-03-13,140.17999267578125,140.77000427246094,138.0399932861328,138.25,96.44794464111328,190605200
2007-03-14,138.42999267578125,139.36000061035156,136.75,139.27999877929688,97.1665267944336,231853800
2007-03-15,138.97000122070312,139.99000549316406,138.8000030517578,139.47000122070312,97.29907989501953,132435900
2007-03-16,139.30999755859375,139.6300048828125,138.1199951171875,138.52999877929688,97.02659606933594,121531600
2007-03-19,139.25999450683594,140.3300018310547,139.14999389648438,140.1999969482422,98.19627380371094,96161200
2007-03-20,140.0800018310547,141.0500030517578,139.9600067138672,140.97000122070312,98.73561096191406,82147400
2007-03-21,141.10000610351562,143.64999389648438,140.82000732421875,143.2899932861328,100.3604965209961,152368700
2007-03-22,143.47999572753906,143.67999267578125,142.7899932861328,143.17999267578125,100.28350067138672,118942200
2007-03-23,143.27999877929688,143.80999755859375,143.14999389648438,143.38999938964844,100.43060302734375,74416800
2007-03-26,143.5,143.64999389648438,142.08999633789062,143.1999969482422,100.29751586914062,113787500
2007-03-27,143.1199951171875,143.16000366210938,142.38999938964844,142.86000061035156,100.05941772460938,99864600
2007-03-28,142.13999938964844,142.47000122070312,141.25999450683594,141.82000732421875,99.3309326171875,152907900
2007-03-29,142.5399932861328,142.61000061035156,141.19000244140625,141.97000122070312,99.4360122680664,139432700
2007-03-30,142.24000549316406,142.83999633789062,140.55999755859375,142.0,99.45701599121094,128194100
2007-04-02,142.16000366210938,142.4600067138672,141.47999572753906,142.16000366210938,99.569091796875,79416400
2007-04-03,142.97000122070312,143.97999572753906,142.91000366210938,143.69000244140625,100.64071655273438,82417800
2007-04-04,143.69000244140625,143.9499969482422,143.16000366210938,143.85000610351562,100.75282287597656,63995200
2007-04-05,143.6699981689453,144.44000244140625,143.61000061035156,144.24000549316406,101.02588653564453,46822800
2007-04-09,144.64999389648438,144.8000030517578,144.14999389648438,144.44000244140625,101.166015625,50967400
2007-04-10,144.3300018310547,144.85000610351562,144.27000427246094,144.61000061035156,101.28504943847656,56620000
2007-04-11,144.82000732421875,144.86000061035156,143.5399932861328,144.02000427246094,100.87187194824219,106365700
2007-04-12,143.74000549316406,144.9199981689453,143.33999633789062,144.66000366210938,101.320068359375,115534400
2007-04-13,144.89999389648438,145.32000732421875,144.36000061035156,145.32000732421875,101.7823715209961,84287000
2007-04-16,145.8300018310547,146.86000061035156,145.82000732421875,146.6999969482422,102.74890899658203,83064600
2007-04-17,146.97000122070312,147.39999389648438,146.64999389648438,147.08999633789062,103.02202606201172,108424100
2007-04-18,146.60000610351562,147.6999969482422,146.57000732421875,147.27000427246094,103.14810943603516,88345300
2007-04-19,146.5500030517578,147.39999389648438,146.36000061035156,147.22999572753906,103.1200942993164,102947700
2007-04-20,148.22000122070312,148.6199951171875,147.0399932861328,148.6199951171875,104.09366607666016,124114100
2007-04-23,148.3699951171875,148.72999572753906,147.97000122070312,148.05999755859375,103.70146942138672,77270800
2007-04-24,148.22999572753906,148.39999389648438,147.32000732421875,148.1199951171875,103.74348449707031,114471000
2007-04-25,148.72999572753906,149.66000366210938,148.02000427246094,149.47999572753906,104.69600677490234,108418800
2007-04-26,149.49000549316406,149.8000030517578,149.10000610351562,149.64999389648438,104.81507110595703,88741600
2007-04-27,149.08999633789062,149.74000549316406,148.83999633789062,149.52999877929688,104.73106384277344,108191100
2007-04-30,149.63999938964844,149.74000549316406,148.2100067138672,148.2899932861328,103.86255645751953,100874100
2007-05-01,148.4199981689453,149.47000122070312,147.6699981689453,148.6699981689453,104.1287612915039,134342700
2007-05-02,148.89999389648438,149.9499969482422,148.75,149.5399932861328,104.7380142211914,87129800
2007-05-03,149.97000122070312,150.39999389648438,149.72999572753906,150.35000610351562,105.3053970336914,86569700
2007-05-04,150.75,151.1199951171875,150.22000122070312,150.9199981689453,105.70464324951172,96409000
2007-05-07,150.8800048828125,151.1999969482422,150.80999755859375,150.9499969482422,105.72559356689453,63461400
2007-05-08,150.5800018310547,150.9199981689453,150.1300048828125,150.75,105.58551788330078,80584000
2007-05-09,150.63999938964844,152.82000732421875,150.3699951171875,151.16000366210938,105.8726806640625,102070100
2007-05-10,150.72999572753906,151.02000427246094,149.27000427246094,149.5800018310547,104.76608276367188,153617800
2007-05-11,149.75,150.92999267578125,149.72000122070312,150.86000061035156,105.6625747680664,113408900
2007-05-14,150.86000061035156,151.3000030517578,149.7899932861328,150.52999877929688,105.43144989013672,108027500
2007-05-15,150.6999969482422,151.66000366210938,150.19000244140625,150.57000732421875,105.45945739746094,180673300
2007-05-16,150.8000030517578,151.6300048828125,150.3800048828125,151.60000610351562,106.18087768554688,114166500
2007-05-17,151.3800048828125,151.9600067138672,151.11000061035156,151.3000030517578,105.97076416015625,101132800
2007-05-18,152.00999450683594,152.6199951171875,151.80999755859375,152.6199951171875,106.8952865600586,99182000
2007-05-21,152.5800018310547,153.22999572753906,152.5,152.5399932861328,106.83926391601562,174664600
2007-05-22,152.6999969482422,153.16000366210938,152.3800048828125,152.4199981689453,106.75521087646484,82148800
2007-05-23,152.9499969482422,153.5,152.36000061035156,152.44000244140625,106.76917266845703,133786600
2007-05-24,152.52999877929688,153.2100067138672,150.74000549316406,151.05999755859375,105.80268859863281,187593000
2007-05-25,151.5,152.02000427246094,151.17999267578125,151.69000244140625,106.24393463134766,83309200
2007-05-29,151.94000244140625,152.5,151.4499969482422,152.24000549316406,106.6291732788086,82020000
2007-05-30,151.4600067138672,153.5399932861328,151.33999633789062,153.47999572753906,107.4976577758789,129013600
2007-05-31,153.6699981689453,153.88999938964844,153.1199951171875,153.32000732421875,107.38557434082031,114866700
2007-06-01,153.8800048828125,154.39999389648438,153.50999450683594,154.0800018310547,107.9178695678711,107771700
2007-06-04,153.5399932861328,154.38999938964844,153.47999572753906,154.10000610351562,107.9318618774414,78008800
2007-06-05,153.74000549316406,153.89999389648438,152.86000061035156,153.49000549316406,107.50465393066406,126917900
2007-06-06,152.86000061035156,152.9499969482422,151.75,151.83999633789062,106.34898376464844,164096800
2007-06-07,151.55999755859375,152.5,149.05999755859375,149.10000610351562,104.42988586425781,232414600
2007-06-08,149.5800018310547,151.19000244140625,149.08999633789062,151.0399932861328,105.78863525390625,175886000
2007-06-11,150.92999267578125,151.9499969482422,150.6999969482422,151.3000030517578,105.97076416015625,102015600
2007-06-12,150.6699981689453,151.5399932861328,149.5500030517578,149.64999389648438,104.81507110595703,233898000
2007-06-13,150.5,152.07000732421875,149.72000122070312,151.88999938964844,106.384033203125,193208200
2007-06-14,152.05999755859375,153.1199951171875,152.02999877929688,152.86000061035156,107.06343078613281,146396500
2007-06-15,153.13999938964844,153.66000366210938,152.92999267578125,153.07000732421875,107.67253112792969,154030800
2007-06-18,153.3800048828125,153.38999938964844,152.66000366210938,152.88999938964844,107.5458984375,88537500
2007-06-19,152.5500030517578,153.3800048828125,152.36000061035156,153.27000427246094,107.81318664550781,110851700
2007-06-20,153.5800018310547,153.5800018310547,150.9600067138672,151.13999938964844,106.31492614746094,177119700
2007-06-21,151.0800018310547,152.11000061035156,150.25,151.97999572753906,106.90579223632812,205262000
2007-06-22,151.52000427246094,151.77000427246094,149.85000610351562,150.5500030517578,105.89989471435547,204964700
2007-06-25,150.24000549316406,151.25,149.02000427246094,149.8300018310547,105.39346313476562,232014400
2007-06-26,150.2100067138672,150.4600067138672,148.27999877929688,148.2899932861328,104.31019592285156,198445700
2007-06-27,148.1300048828125,150.57000732421875,148.05999755859375,150.39999389648438,105.79441833496094,213638000
2007-06-28,150.3800048828125,151.41000366210938,149.6699981689453,150.3800048828125,105.78036499023438,157705000
2007-06-29,150.89999389648438,151.64999389648438,149.14999389648438,150.42999267578125,105.81551361083984,199701800
2007-07-02,150.8699951171875,151.9199981689453,150.77000427246094,151.7899932861328,106.772216796875,103357000
2007-07-03,152.17999267578125,152.5,151.99000549316406,152.33999633789062,107.15904235839844,54048400
2007-07-05,152.39999389648438,152.55999755859375,151.6300048828125,152.17999267578125,107.0464859008789,89279000
2007-07-06,152.3800048828125,153.1699981689453,151.92999267578125,152.97999572753906,107.60922241210938,81109000
2007-07-09,153.16000366210938,153.36000061035156,152.6199951171875,153.10000610351562,107.69361877441406,72348100
2007-07-10,152.2899932861328,152.61000061035156,150.77000427246094,150.9199981689453,106.16017150878906,180362600
2007-07-11,150.75,152.0500030517578,150.52000427246094,151.99000549316406,106.91285705566406,175607600
2007-07-12,152.3699951171875,154.75,152.33999633789062,154.38999938964844,108.60106658935547,133882500
2007-07-13,154.57000732421875,155.4600067138672,154.38999938964844,154.85000610351562,108.92469787597656,111794300
2007-07-16,154.99000549316406,155.52999877929688,154.5800018310547,154.8300018310547,108.91053771972656,98378700
2007-07-17,154.92999267578125,155.47999572753906,154.67999267578125,154.75,108.85424041748047,126201300
2007-07-18,154.22999572753906,154.8000030517578,153.3000030517578,154.47000122070312,108.65731811523438,237887400
2007-07-19,155.1999969482422,155.52999877929688,154.75,155.07000732421875,109.07939147949219,145212700
2007-07-20,154.88999938964844,154.99000549316406,152.8300018310547,153.5,107.97500610351562,245502500
2007-07-23,154.17999267578125,154.72000122070312,153.3000030517578,153.97000122070312,108.30561828613281,121183900
2007-07-24,153.1199951171875,154.27999877929688,150.75999450683594,151.3000030517578,106.42752075195312,256732400
2007-07-25,152.02000427246094,152.38999938964844,150.25,151.61000061035156,106.64551544189453,265214500
2007-07-26,150.19000244140625,150.8000030517578,146.38999938964844,148.02000427246094,104.12026977539062,467592500
2007-07-27,148.2100067138672,148.8699951171875,145.0500030517578,145.11000061035156,102.07330322265625,422987600
2007-07-30,145.92999267578125,147.80999755859375,145.2899932861328,147.3800048828125,103.67008209228516,283017500
2007-07-31,148.3300018310547,149.4600067138672,145.0399932861328,145.72000122070312,102.50237274169922,316976700
2007-08-01,145.17999267578125,147.00999450683594,143.9499969482422,146.42999267578125,103.00184631347656,467670000
2007-08-02,146.75999450683594,147.75999450683594,145.25999450683594,147.60000610351562,103.8248519897461,294758400
2007-08-03,147.27999877929688,147.5800018310547,143.1999969482422,143.8000030517578,101.15184783935547,359398200
2007-08-06,144.2100067138672,146.8300018310547,142.52999877929688,146.2100067138672,102.84705352783203,324980000
2007-08-07,145.94000244140625,149.0,145.22999572753906,147.77000427246094,103.94438171386719,232568700
2007-08-08,148.41000366210938,150.58999633789062,147.33999633789062,149.8300018310547,105.39346313476562,274930600
2007-08-09,147.42999267578125,148.9499969482422,145.2899932861328,145.38999938964844,102.27031707763672,357622100
2007-08-10,144.38999938964844,146.5,143.1199951171875,144.7100067138672,101.79196166992188,411018400
2007-08-13,146.5,146.88999938964844,145.02000427246094,145.22999572753906,102.1577377319336,181917200
2007-08-14,145.6999969482422,146.05999755859375,142.72000122070312,143.00999450683594,100.59615325927734,264134500
2007-08-15,142.72000122070312,144.4600067138672,140.6199951171875,141.0399932861328,99.21040344238281,323834000
2007-08-16,139.7899932861328,142.94000244140625,137.0,142.10000610351562,99.9560317993164,546743700
2007-08-17,145.5,145.80999755859375,141.38999938964844,144.7100067138672,101.79196166992188,388218100
2007-08-20,145.1699981689453,145.47000122070312,143.2899932861328,144.63999938964844,101.7426986694336,187320400
2007-08-21,144.60000610351562,145.97000122070312,144.13999938964844,144.92999267578125,101.94668579101562,157066400
2007-08-22,146.00999450683594,146.8000030517578,145.3300018310547,146.64999389648438,103.15660095214844,173156700
2007-08-23,147.33999633789062,147.64999389648438,145.61000061035156,146.52000427246094,103.06513214111328,203915300
2007-08-24,146.47999572753906,148.3300018310547,146.27999877929688,148.3300018310547,104.33834838867188,128901900
2007-08-27,147.85000610351562,148.3300018310547,146.72999572753906,146.9499969482422,103.36759185791016,113024300
2007-08-28,146.16000366210938,146.25,143.4600067138672,143.72000122070312,101.09555053710938,219790700
2007-08-29,144.3699951171875,146.74000549316406,143.9600067138672,146.5399932861328,103.07923126220703,207654200
2007-08-30,145.4499969482422,147.19000244140625,145.30999755859375,146.14999389648438,102.80489349365234,191817300
2007-08-31,147.64999389648438,148.5,146.8300018310547,147.58999633789062,103.81780242919922,185477500
2007-09-04,147.4499969482422,149.97999572753906,147.39999389648438,149.0800018310547,104.86590576171875,120062000
2007-09-05,148.1999969482422,148.36000061035156,147.0,147.7899932861328,103.95848083496094,166261800
2007-09-06,147.9499969482422,148.61000061035156,147.1199951171875,148.1300048828125,104.19764709472656,127878400
2007-09-07,146.47999572753906,146.88999938964844,145.25999450683594,146.07000732421875,102.74858856201172,235447600
2007-09-10,146.52000427246094,146.72000122070312,144.3300018310547,145.7899932861328,102.55162811279297,192305900
2007-09-11,146.24000549316406,147.6999969482422,146.1300048828125,147.49000549316406,103.74745178222656,162081900
2007-09-12,147.2899932861328,148.44000244140625,146.97999572753906,147.8699951171875,104.01480102539062,149554600
2007-09-13,148.5500030517578,149.4499969482422,148.1999969482422,148.91000366210938,104.74632263183594,154079000
2007-09-14,147.9600067138672,149.08999633789062,147.74000549316406,148.89999389648438,104.73931884765625,121911000
2007-09-17,148.30999755859375,148.64999389648438,147.6300048828125,148.10000610351562,104.1765365600586,109870800
2007-09-18,148.8300018310547,152.5,148.1300048828125,152.4600067138672,107.24346160888672,263759500
2007-09-19,153.41000366210938,154.38999938964844,152.7100067138672,153.36000061035156,107.87657165527344,193779900
2007-09-20,153.33999633789062,153.42999267578125,152.11000061035156,152.27999877929688,107.11680603027344,175186800
2007-09-21,152.7100067138672,153.1199951171875,151.74000549316406,151.97000122070312,107.40592193603516,141457500
2007-09-24,152.4199981689453,152.82000732421875,151.36000061035156,151.69000244140625,107.2080078125,139450200
2007-09-25,150.80999755859375,151.66000366210938,150.47000122070312,151.38999938964844,106.99605560302734,142289900
2007-09-26,152.25,152.77000427246094,151.38999938964844,152.19000244140625,107.56145477294922,135547000
2007-09-27,152.91000366210938,153.10000610351562,152.19000244140625,153.08999633789062,108.19746398925781,102713300
2007-09-28,152.85000610351562,153.19000244140625,151.97999572753906,152.5800018310547,107.83707427978516,133372100
2007-10-01,152.60000610351562,154.75,152.5,154.3000030517578,109.05265045166016,148162300
2007-10-02,154.61000061035156,154.64999389648438,153.80999755859375,154.08999633789062,108.90423583984375,112978800
2007-10-03,153.80999755859375,154.41000366210938,153.00999450683594,153.77999877929688,108.68513488769531,119055900
2007-10-04,154.11000061035156,154.25999450683594,153.58999633789062,154.02000427246094,108.85476684570312,76864400
2007-10-05,155.02999877929688,156.10000610351562,154.6300048828125,155.85000610351562,110.14813995361328,134579700
2007-10-08,155.38999938964844,155.49000549316406,154.77000427246094,155.02000427246094,109.56150817871094,71280400
2007-10-09,155.60000610351562,156.5,155.02999877929688,156.47999572753906,110.59339141845703,94054300
2007-10-10,156.0399932861328,156.44000244140625,155.41000366210938,156.22000122070312,110.4096450805664,101711100
2007-10-11,156.92999267578125,157.52000427246094,154.5399932861328,155.47000122070312,109.87957000732422,233529100
2007-10-12,155.4600067138672,156.35000610351562,155.27000427246094,156.3300018310547,110.48736572265625,124546700
2007-10-15,156.27000427246094,156.36000061035156,153.94000244140625,155.00999450683594,109.5544662475586,161151900
2007-10-16,154.41000366210938,154.52000427246094,153.47000122070312,153.77999877929688,108.68513488769531,166525700
2007-10-17,154.97999572753906,155.08999633789062,152.47000122070312,154.25,109.017333984375,216687300
2007-10-18,153.4499969482422,154.19000244140625,153.0800018310547,153.69000244140625,108.62153625488281,148367500
2007-10-19,153.08999633789062,156.47999572753906,149.66000366210938,149.6699981689453,105.78034973144531,297169900
2007-10-22,148.86000061035156,150.75999450683594,148.66000366210938,150.5399932861328,106.39525604248047,261989800
2007-10-23,151.4600067138672,151.9499969482422,150.25,151.75999450683594,107.25749206542969,180085100
2007-10-24,151.2100067138672,151.74000549316406,148.83999633789062,151.47999572753906,107.0595703125,326694200
2007-10-25,151.64999389648438,152.2899932861328,149.8800048828125,151.83999633789062,107.31403350830078,237374500
2007-10-26,153.05999755859375,153.6199951171875,151.89999389648438,153.6199951171875,108.57202911376953,176484000
2007-10-29,153.92999267578125,154.44000244140625,153.5500030517578,154.1300048828125,108.93248748779297,106841000
2007-10-30,153.4499969482422,153.75,152.8699951171875,153.05999755859375,108.17626953125,132981600
2007-10-31,153.97999572753906,155.27000427246094,152.83999633789062,154.64999389648438,109.30001068115234,220954400
2007-11-01,153.2899932861328,153.41000366210938,150.58999633789062,151.02999877929688,106.74156188964844,333040800
2007-11-02,151.52999877929688,152.0,149.2100067138672,151.1999969482422,106.8616943359375,331228200
2007-11-05,149.63999938964844,151.16000366210938,148.97000122070312,150.0500030517578,106.04896545410156,226841000
2007-11-06,150.86000061035156,152.11000061035156,149.89999389648438,152.07000732421875,107.4765625,177800500
2007-11-07,150.44000244140625,151.1300048828125,147.5500030517578,147.91000366210938,104.53651428222656,306639700
2007-11-08,147.99000549316406,148.39999389648438,145.07000732421875,147.16000366210938,104.00641632080078,374509900
2007-11-09,145.69000244140625,147.5399932861328,144.88999938964844,145.13999938964844,102.57878875732422,277745100
2007-11-12,145.2100067138672,146.61000061035156,143.6999969482422,143.6999969482422,101.56101989746094,243087800
2007-11-13,145.3699951171875,148.30999755859375,145.22000122070312,148.0800018310547,104.6566390991211,191117400
2007-11-14,149.22000122070312,149.39999389648438,146.77999877929688,147.6699981689453,104.36683654785156,230558800
2007-11-15,146.57000732421875,147.49000549316406,144.52000427246094,145.5399932861328,102.86145782470703,263111100
2007-11-16,146.30999755859375,146.47000122070312,144.57000732421875,145.7899932861328,103.03813934326172,308770600
2007-11-19,145.27999877929688,145.36000061035156,143.19000244140625,143.75999450683594,101.60343170166016,267746000
2007-11-20,144.02000427246094,145.52999877929688,142.11000061035156,144.63999938964844,102.22539520263672,414767500
2007-11-21,143.0800018310547,143.91000366210938,141.6699981689453,141.67999267578125,100.13340759277344,259012400
2007-11-23,143.07000732421875,144.33999633789062,142.6999969482422,144.1300048828125,101.86494445800781,77688400
2007-11-26,144.42999267578125,144.8800048828125,140.66000366210938,140.9499969482422,99.61744689941406,214232000
2007-11-27,141.74000549316406,143.22999572753906,140.9499969482422,142.57000732421875,100.76241302490234,293897900
2007-11-28,144.19000244140625,147.47000122070312,144.13999938964844,147.1300048828125,103.9852066040039,258596900
2007-11-29,146.6199951171875,147.72000122070312,146.10000610351562,147.17999267578125,104.02052307128906,199409900
2007-11-30,149.0399932861328,149.8699951171875,147.3300018310547,148.66000366210938,105.06656646728516,222908000
2007-12-03,148.19000244140625,148.4499969482422,147.2899932861328,147.67999267578125,104.37393951416016,146430400
2007-12-04,146.66000366210938,147.5399932861328,146.30999755859375,146.36000061035156,103.44095611572266,136533900
2007-12-05,147.92999267578125,149.1999969482422,147.8300018310547,148.80999755859375,105.17253112792969,171130000
2007-12-06,148.6300048828125,151.2100067138672,148.57000732421875,150.94000244140625,106.67792510986328,154457400
2007-12-07,151.4199981689453,151.5,150.5500030517578,150.91000366210938,106.65677642822266,148980100
2007-12-10,151.27999877929688,152.25,150.86000061035156,152.0800018310547,107.48361206054688,123914300
2007-12-11,152.13999938964844,152.88999938964844,147.8300018310547,147.91000366210938,104.53651428222656,250346400
2007-12-12,151.05999755859375,151.77000427246094,147.1999969482422,149.3699951171875,105.56835174560547,322435600
2007-12-13,148.32000732421875,149.38999938964844,147.3000030517578,149.05999755859375,105.3492431640625,237551300
2007-12-14,147.92999267578125,149.10000610351562,147.10000610351562,147.1699981689453,104.01349639892578,159152900
2007-12-17,146.61000061035156,146.8699951171875,144.86000061035156,145.07000732421875,102.52928161621094,177269400
2007-12-18,146.10000610351562,146.47999572753906,143.9600067138672,145.8800048828125,103.10175323486328,245569300
2007-12-19,145.94000244140625,146.88999938964844,144.94000244140625,145.8800048828125,103.10175323486328,198917200
2007-12-20,146.83999633789062,146.86000061035156,145.17999267578125,146.8000030517578,103.75199127197266,214813800
2007-12-21,147.3699951171875,148.4199981689453,147.08999633789062,148.1300048828125,105.24759674072266,146084400
2007-12-24,148.82000732421875,149.47999572753906,148.47999572753906,149.22999572753906,106.02914428710938,45601400
2007-12-26,148.64999389648438,149.67999267578125,148.5,149.5500030517578,106.2564926147461,67093100
2007-12-27,149.02000427246094,149.02999877929688,147.32000732421875,147.6699981689453,104.9207534790039,122981700
2007-12-28,148.5399932861328,148.61000061035156,146.89999389648438,147.3000030517578,104.65789031982422,116398100
2007-12-31,147.10000610351562,147.61000061035156,146.05999755859375,146.2100067138672,103.88340759277344,108126800
2008-01-02,146.52999877929688,146.99000549316406,143.8800048828125,144.92999267578125,102.97393798828125,204935600
2008-01-03,144.91000366210938,145.49000549316406,144.07000732421875,144.86000061035156,102.92425537109375,125133300
2008-01-04,143.33999633789062,143.44000244140625,140.91000366210938,141.30999755859375,100.40190124511719,232330900
2008-01-07,141.80999755859375,142.22999572753906,140.10000610351562,141.19000244140625,100.3166732788086,234991000
2008-01-08,142.0800018310547,142.89999389648438,138.44000244140625,138.91000366210938,98.69674682617188,326365700
2008-01-09,139.08999633789062,140.7899932861328,137.6999969482422,140.3699951171875,99.73406219482422,301824900
2008-01-10,139.67999267578125,142.8000030517578,139.3699951171875,141.2899932861328,100.38773345947266,335701200
2008-01-11,140.77999877929688,141.89999389648438,139.0,140.14999389648438,99.57779693603516,267076600
2008-01-14,141.16000366210938,141.86000061035156,140.39999389648438,141.27999877929688,100.380615234375,170365500
2008-01-15,139.7899932861328,141.49000549316406,137.89999389648438,138.1699981689453,98.1709213256836,239940100
2008-01-16,137.36000061035156,139.1199951171875,136.27999877929688,136.97999572753906,97.32540130615234,378802600
2008-01-17,137.80999755859375,137.8800048828125,132.92999267578125,133.42999267578125,94.80315399169922,397892600
2008-01-18,134.74000549316406,135.02000427246094,131.10000610351562,132.05999755859375,93.82971954345703,348561500
2008-01-22,127.20999908447266,132.42999267578125,126.0,130.72000122070312,92.87765502929688,435923700
2008-01-23,127.08999633789062,134.19000244140625,126.83999633789062,133.86000061035156,95.10865020751953,511913000
2008-01-24,134.47999572753906,135.4600067138672,133.30999755859375,134.99000549316406,95.9115219116211,259949300
2008-01-25,136.50999450683594,136.75999450683594,132.60000610351562,133.0399932861328,94.52600860595703,269603900
2008-01-28,133.25999450683594,135.52000427246094,132.05999755859375,135.24000549316406,96.08919525146484,217934600
2008-01-29,136.10000610351562,136.4499969482422,134.8800048828125,135.91000366210938,96.56523132324219,168968300
2008-01-30,135.5800018310547,138.5399932861328,134.60000610351562,134.91000366210938,95.85466003417969,334939200
2008-01-31,133.39999389648438,138.5399932861328,133.1999969482422,137.3699951171875,97.60250091552734,343680800
2008-02-01,137.94000244140625,139.61000061035156,137.52000427246094,139.5800018310547,99.17276000976562,206843600
2008-02-04,139.2100067138672,139.3000030517578,137.63999938964844,137.82000732421875,97.92229461669922,124694300
2008-02-05,135.94000244140625,136.25,133.6699981689453,134.1300048828125,95.30046081542969,286882500
2008-02-06,134.5800018310547,135.25,132.41000366210938,133.0500030517578,94.53312683105469,250792900
2008-02-07,131.8000030517578,134.7899932861328,131.72999572753906,133.92999267578125,95.1583480834961,297368100
2008-02-08,133.08999633789062,134.22000122070312,132.10000610351562,133.07000732421875,94.54730987548828,221643500
2008-02-11,133.10000610351562,134.22999572753906,132.0399932861328,133.75,95.03045654296875,188576300
2008-02-12,134.91000366210938,136.30999755859375,133.97999572753906,134.99000549316406,95.9115219116211,256654400
2008-02-13,136.00999450683594,137.05999755859375,135.13999938964844,136.3699951171875,96.89201354980469,181967800
2008-02-14,136.9499969482422,137.0,134.7899932861328,135.1699981689453,96.0394058227539,215207200
2008-02-15,134.5,135.22000122070312,133.91000366210938,135.13999938964844,96.01812744140625,154110300
2008-02-19,136.72000122070312,136.88999938964844,134.61000061035156,135.52000427246094,96.28807830810547,145190000
2008-02-20,133.99000549316406,136.5500030517578,133.75999450683594,135.9199981689453,96.57231140136719,220085700
2008-02-21,136.66000366210938,137.00999450683594,134.07000732421875,134.7899932861328,95.76942443847656,201051200
2008-02-22,134.97000122070312,135.85000610351562,132.86000061035156,135.6199951171875,96.35912322998047,205491000
2008-02-25,135.5399932861328,137.64999389648438,134.77999877929688,137.3300018310547,97.57411193847656,190107000
2008-02-26,136.75,138.9499969482422,136.5,138.36000061035156,98.30593872070312,212420700
2008-02-27,137.55999755859375,139.13999938964844,137.41000366210938,138.22000122070312,98.20643615722656,168395800
2008-02-28,137.24000549316406,137.9600067138672,136.5500030517578,136.8699951171875,97.24726867675781,170831100
2008-02-29,135.60000610351562,135.67999267578125,132.77999877929688,133.82000732421875,95.08023834228516,252715200
2008-03-03,133.13999938964844,133.80999755859375,132.24000549316406,133.5,94.85287475585938,189483500
2008-03-04,132.22999572753906,133.39999389648438,130.99000549316406,132.99000549316406,94.49049377441406,282513100
2008-03-05,133.4199981689453,134.77000427246094,132.33999633789062,133.8300018310547,95.08733367919922,270681400
2008-03-06,132.97999572753906,133.22000122070312,130.5500030517578,131.05999755859375,93.11920166015625,247911700
2008-03-07,129.77000427246094,131.74000549316406,128.5800018310547,129.7100067138672,92.16004943847656,326434600
2008-03-10,129.83999633789062,129.92999267578125,127.58999633789062,128.0,90.94502258300781,235683600
2008-03-11,130.72000122070312,132.72000122070312,128.9499969482422,132.60000610351562,94.21343994140625,341440600
2008-03-12,132.74000549316406,133.77000427246094,131.16000366210938,131.36000061035156,93.3323745727539,229161100
2008-03-13,129.61000061035156,132.63999938964844,128.60000610351562,131.64999389648438,93.5384292602539,351504200
2008-03-14,132.77000427246094,132.80999755859375,127.77999877929688,129.61000061035156,92.08895874023438,484687800
2008-03-17,126.56999969482422,129.25999450683594,126.06999969482422,128.3000030517578,91.15821838378906,405311100
2008-03-18,130.6199951171875,133.69000244140625,129.97999572753906,133.6300048828125,94.94522094726562,334416600
2008-03-19,134.13999938964844,134.64999389648438,130.0399932861328,130.32000732421875,92.59346008300781,345971600
2008-03-20,130.0500030517578,132.91000366210938,129.25999450683594,132.0800018310547,94.30855560302734,245320700
2008-03-24,133.30999755859375,135.80999755859375,133.24000549316406,134.72000122070312,96.19357299804688,208977300
2008-03-25,134.86000061035156,135.5500030517578,133.77000427246094,134.85000610351562,96.28640747070312,192947200
2008-03-26,134.4600067138672,135.08999633789062,133.11000061035156,133.1999969482422,95.1082534790039,196934300
2008-03-27,134.1999969482422,134.44000244140625,132.36000061035156,132.77999877929688,94.808349609375,225153200
2008-03-28,132.99000549316406,133.36000061035156,131.05999755859375,131.50999450683594,93.90154266357422,180896100
2008-03-31,131.2899932861328,132.72999572753906,131.08999633789062,131.97000122070312,94.22997283935547,166692100
2008-04-01,133.61000061035156,136.83999633789062,133.50999450683594,136.61000061035156,97.54304504394531,254547300
2008-04-02,137.0500030517578,137.6699981689453,135.97999572753906,136.6999969482422,97.60730743408203,210910800
2008-04-03,135.9600067138672,137.44000244140625,135.7100067138672,137.0399932861328,97.85009002685547,175884800
2008-04-04,137.1199951171875,137.9600067138672,136.1199951171875,136.88999938964844,97.74293518066406,204446800
2008-04-07,137.8699951171875,138.57000732421875,136.74000549316406,136.9600067138672,97.79296875,154245500
2008-04-08,136.19000244140625,136.9199981689453,135.9499969482422,136.82000732421875,97.69302368164062,148937300
2008-04-09,136.61000061035156,136.8000030517578,134.88999938964844,135.8300018310547,96.98612976074219,195610600
2008-04-10,135.4199981689453,136.6699981689453,134.89999389648438,136.02000427246094,97.12178802490234,192967800
2008-04-11,134.49000549316406,135.1199951171875,133.00999450683594,133.3800048828125,95.23675537109375,222973300
2008-04-14,133.19000244140625,133.5399932861328,132.5500030517578,132.92999267578125,94.91546630859375,160522000
2008-04-15,133.5800018310547,133.69000244140625,132.3300018310547,133.24000549316406,95.13683319091797,172389200
2008-04-16,134.5399932861328,136.91000366210938,134.52000427246094,136.85000610351562,97.71443176269531,189268900
2008-04-17,136.02000427246094,137.25,135.66000366210938,137.0500030517578,97.85724639892578,179665700
2008-04-18,138.94000244140625,139.55999755859375,138.25999450683594,138.47999572753906,98.87831115722656,218530600
2008-04-21,138.22999572753906,138.97999572753906,137.85000610351562,138.5500030517578,98.92826843261719,118587400
2008-04-22,138.19000244140625,138.30999755859375,136.89999389648438,137.94000244140625,98.49272918701172,162166000
2008-04-23,138.08999633789062,138.77999877929688,137.1199951171875,137.72000122070312,98.33563232421875,193309000
2008-04-24,138.0800018310547,139.74000549316406,137.0399932861328,138.32000732421875,98.76403045654297,229381300
2008-04-25,139.39999389648438,139.88999938964844,137.91000366210938,139.60000610351562,99.67801666259766,190788100
2008-04-28,139.8800048828125,140.25,139.3800048828125,139.6300048828125,99.69944763183594,105610200
2008-04-29,139.38999938964844,139.72999572753906,138.61000061035156,139.0800018310547,99.30670166015625,125514100
2008-04-30,139.2899932861328,140.58999633789062,138.25999450683594,138.25999450683594,98.72120666503906,208395900
2008-05-01,138.3800048828125,141.1199951171875,138.27000427246094,141.1199951171875,100.7633056640625,187279500
2008-05-02,142.33999633789062,142.3699951171875,140.55999755859375,141.50999450683594,101.04177856445312,181585500
2008-05-05,141.0500030517578,141.61000061035156,140.41000366210938,140.8300018310547,100.55630493164062,118504500
2008-05-06,140.02000427246094,142.1999969482422,139.69000244140625,142.0500030517578,101.4273681640625,179339800
2008-05-07,141.88999938964844,142.0399932861328,139.1300048828125,139.52000427246094,99.62085723876953,199267300
2008-05-08,139.74000549316406,140.32000732421875,138.97999572753906,139.16000366210938,99.36381530761719,178321200
2008-05-09,138.60000610351562,139.38999938964844,138.4499969482422,138.89999389648438,99.17818450927734,152588200
2008-05-12,139.25,140.55999755859375,138.72999572753906,140.4600067138672,100.29207611083984,147865900
2008-05-13,140.8000030517578,140.88999938964844,139.72999572753906,140.47999572753906,100.30635833740234,159132200
2008-05-14,141.07000732421875,142.1999969482422,140.4600067138672,140.77000427246094,100.51341247558594,181910800
2008-05-15,141.0399932861328,142.6300048828125,140.8300018310547,142.52999877929688,101.77008056640625,166927000
2008-05-16,142.86000061035156,142.8699951171875,141.61000061035156,142.66000366210938,101.8629379272461,204236800
2008-05-19,142.80999755859375,144.3000030517578,142.3000030517578,143.0500030517578,102.14142608642578,165664400
2008-05-20,142.27000427246094,142.33999633789062,141.0,141.88999938964844,101.31312561035156,178552100
2008-05-21,141.80999755859375,142.1199951171875,139.0,139.49000549316406,99.59942626953125,252724800
2008-05-22,139.42999267578125,140.1699981689453,139.0,139.50999450683594,99.61373901367188,170820400
2008-05-23,139.0500030517578,139.66000366210938,137.52000427246094,137.63999938964844,98.27849578857422,181376400
2008-05-27,137.8000030517578,139.0,137.52999877929688,138.66000366210938,99.00682830810547,168322900
2008-05-28,139.1699981689453,140.0,138.0,139.3000030517578,99.46382141113281,181288100
2008-05-29,139.1300048828125,140.92999267578125,139.0800018310547,140.0,99.96363067626953,173927200
2008-05-30,140.47000122070312,140.74000549316406,139.94000244140625,140.35000610351562,100.21354675292969,117362000
2008-06-02,139.8300018310547,139.86000061035156,138.0,138.89999389648438,99.17818450927734,181069900
2008-06-03,139.3000030517578,139.6199951171875,137.22999572753906,138.08999633789062,98.5998306274414,271965700
2008-06-04,137.6999969482422,139.16000366210938,137.4600067138672,138.02000427246094,98.5498275756836,246637700
2008-06-05,138.5800018310547,140.88999938964844,138.32000732421875,140.77999877929688,100.52053833007812,237867100
2008-06-06,139.5500030517578,139.8000030517578,136.22000122070312,136.2899932861328,97.3145751953125,384276300
2008-06-09,136.86000061035156,137.5,135.41000366210938,136.6199951171875,97.55020904541016,228263900
2008-06-10,135.6699981689453,137.10000610351562,135.35000610351562,135.94000244140625,97.06468963623047,260234900
2008-06-11,135.97000122070312,136.25999450683594,133.92999267578125,133.94000244140625,95.6366195678711,283890100
2008-06-12,134.60000610351562,135.8699951171875,133.52000427246094,134.4499969482422,96.00077819824219,252791800
2008-06-13,135.1699981689453,136.52000427246094,134.4199981689453,136.14999389648438,97.21460723876953,244726900
2008-06-16,135.5500030517578,136.92999267578125,135.4600067138672,136.22999572753906,97.27176666259766,185832500
2008-06-17,137.07000732421875,137.1199951171875,135.3699951171875,135.57000732421875,96.8005142211914,191707700
2008-06-18,134.69000244140625,135.52000427246094,133.7100067138672,134.25,95.85794067382812,265893000
2008-06-19,134.14999389648438,135.24000549316406,133.5,134.4199981689453,95.97935485839844,304204900
2008-06-20,132.83999633789062,133.08999633789062,131.22000122070312,131.5800018310547,94.42144012451172,289275700
2008-06-23,132.08999633789062,132.22999572753906,131.32000732421875,131.4499969482422,94.32814025878906,165096400
2008-06-24,131.0500030517578,132.44000244140625,130.19000244140625,131.19000244140625,94.1415786743164,267300600
2008-06-25,131.72000122070312,133.39999389648438,131.24000549316406,131.80999755859375,94.58651733398438,287853900
2008-06-26,130.57000732421875,131.4199981689453,128.0800018310547,128.22999572753906,92.01750183105469,297775000
2008-06-27,128.27999877929688,128.86000061035156,127.04000091552734,127.52999877929688,91.51519012451172,303423400
2008-06-30,127.88999938964844,128.91000366210938,127.30000305175781,127.9800033569336,91.83808898925781,258842600
2008-07-01,126.5199966430664,128.47000122070312,125.93000030517578,128.3800048828125,92.12513732910156,388622000
2008-07-02,128.7899932861328,129.16000366210938,125.94999694824219,126.18000030517578,90.54642486572266,288064600
2008-07-03,127.11000061035156,127.11000061035156,124.98999786376953,126.30999755859375,90.63970184326172,239352500
2008-07-07,126.79000091552734,127.33999633789062,123.91999816894531,125.0199966430664,89.7140121459961,372427300
2008-07-08,124.98999786376953,127.38999938964844,124.19999694824219,127.23999786376953,91.30708312988281,375973700
2008-07-09,127.5,127.73999786376953,124.38999938964844,124.79000091552734,89.54895782470703,336729400
2008-07-10,124.43000030517578,125.79000091552734,123.58000183105469,125.30000305175781,89.91492462158203,436475700
2008-07-11,123.97000122070312,125.9000015258789,122.48999786376953,123.83999633789062,88.86724090576172,481124600
2008-07-14,125.26000213623047,125.5,122.4000015258789,122.72000122070312,88.06353759765625,322720800
2008-07-15,121.80000305175781,123.48999786376953,120.0199966430664,120.98999786376953,86.82210540771484,502502500
2008-07-16,121.44999694824219,124.56999969482422,121.0999984741211,123.95999908447266,88.95333862304688,371642900
2008-07-17,125.13999938964844,126.26000213623047,124.08999633789062,125.19999694824219,89.8431625366211,375490600
2008-07-18,126.16999816894531,126.41999816894531,125.1500015258789,125.9800033569336,90.40287780761719,267030100
2008-07-21,126.51000213623047,126.80000305175781,125.19000244140625,126.05000305175781,90.4531478881836,222863000
2008-07-22,125.1500015258789,127.80000305175781,124.8499984741211,127.4800033569336,91.47925567626953,296904200
2008-07-23,127.88999938964844,129.14999389648438,127.55000305175781,128.1699981689453,91.97444152832031,311698400
2008-07-24,128.33999633789062,128.41000366210938,125.16000366210938,125.51000213623047,90.06564331054688,248634500
2008-07-25,125.88999938964844,126.48999786376953,125.16999816894531,125.4800033569336,90.04411315917969,219131000
2008-07-28,125.51000213623047,126.05999755859375,123.41999816894531,123.63999938964844,88.72372436523438,205201300
2008-07-29,123.9800033569336,126.37999725341797,123.63999938964844,126.27999877929688,90.61820220947266,261505600
2008-07-30,127.11000061035156,128.60000610351562,126.27999877929688,128.52999877929688,92.23278045654297,354710000
2008-07-31,127.4000015258789,128.57000732421875,126.62999725341797,126.83000183105469,91.01286315917969,277402100
2008-08-01,127.12000274658203,127.27999877929688,125.45999908447266,126.16000366210938,90.53209686279297,248690900
2008-08-04,126.04000091552734,126.13999938964844,124.76000213623047,124.98999786376953,89.69247436523438,188239600
2008-08-05,126.0199966430664,128.55999755859375,124.97000122070312,128.36000061035156,92.11077117919922,251577600
2008-08-06,128.02000427246094,129.3000030517578,127.4800033569336,128.92999267578125,92.51980590820312,209555400
2008-08-07,127.95999908447266,128.44000244140625,126.54000091552734,127.01000213623047,91.14202880859375,246312500
2008-08-08,126.58000183105469,129.92999267578125,126.37999725341797,129.3699951171875,92.83556365966797,260811700
2008-08-11,129.47000122070312,131.50999450683594,129.22999572753906,130.7100067138672,93.7971420288086,249425800
2008-08-12,130.27999877929688,130.6999969482422,128.72999572753906,129.35000610351562,92.82122039794922,213200800
2008-08-13,128.7899932861328,129.64999389648438,127.66999816894531,128.57000732421875,92.261474609375,256393200
2008-08-14,127.83999633789062,130.27999877929688,127.75,129.5399932861328,92.95757293701172,239555300
2008-08-15,129.92999267578125,130.5,129.3000030517578,130.1699981689453,93.40963745117188,181000800
2008-08-18,130.42999267578125,130.47999572753906,127.66000366210938,128.38999938964844,92.13232421875,172275100
2008-08-19,127.41999816894531,127.69000244140625,126.52999877929688,126.98999786376953,91.12765502929688,194673700
2008-08-20,127.38999938964844,127.94999694824219,126.33999633789062,127.58000183105469,91.55105590820312,225498200
2008-08-21,126.75,128.44000244140625,126.5999984741211,127.80000305175781,91.70893096923828,180609800
2008-08-22,128.6699981689453,129.64999389648438,127.80000305175781,129.64999389648438,93.0364761352539,167715300
2008-08-25,128.8000030517578,129.64999389648438,126.75,127.0199966430664,91.14920806884766,171936900
2008-08-26,127.0199966430664,127.87000274658203,126.58000183105469,127.38999938964844,91.41471862792969,159117200
2008-08-27,127.55000305175781,128.8300018310547,127.30000305175781,128.6300048828125,92.3045654296875,171032800
2008-08-28,129.27999877929688,130.33999633789062,129.11000061035156,130.19000244140625,93.42399597167969,167537100
2008-08-29,129.72999572753906,130.13999938964844,128.50999450683594,128.7899932861328,92.41935729980469,189195800
2008-09-02,130.02999877929688,130.7100067138672,127.5199966430664,127.98999786376953,91.84528350830078,252364900
2008-09-03,127.87999725341797,128.5,126.93000030517578,127.87999725341797,91.76634216308594,251947000
2008-09-04,126.97000122070312,127.2300033569336,123.95999908447266,124.02999877929688,89.00357818603516,340042500
2008-09-05,123.29000091552734,124.94999694824219,122.0,124.41999816894531,89.2834701538086,289503400
2008-09-08,128.0399932861328,128.24000549316406,124.41999816894531,126.98999786376953,91.12765502929688,364075300
2008-09-09,127.0999984741211,127.36000061035156,122.80000305175781,123.22000122070312,88.42232513427734,377326800
2008-09-10,123.88999938964844,124.9000015258789,122.55000305175781,123.72000122070312,88.78113555908203,298916600
2008-09-11,122.12000274658203,125.73999786376953,121.5999984741211,125.51000213623047,90.06564331054688,375369400
2008-09-12,124.29000091552734,126.20999908447266,123.83000183105469,126.08999633789062,90.48184967041016,297851200
2008-09-15,121.62999725341797,125.6500015258789,119.88999938964844,120.08999633789062,86.17623901367188,483607000
2008-09-16,117.19999694824219,122.31999969482422,117.0,122.0999984741211,87.61862182617188,581744300
2008-09-17,119.63999938964844,121.8499984741211,116.0,116.61000061035156,83.67903137207031,624095600
2008-09-18,118.05000305175781,121.79000091552734,113.80000305175781,120.06999969482422,86.16192626953125,776114700
2008-09-19,126.69999694824219,128.0,123.33000183105469,124.12000274658203,89.58372497558594,501087800
2008-09-22,124.44999694824219,124.75,120.36000061035156,121.30999755859375,87.55557250976562,249966500
2008-09-23,120.8499984741211,122.0199966430664,118.27999877929688,118.55000305175781,85.5635757446289,327470400
2008-09-24,119.3499984741211,120.0,117.79000091552734,118.93000030517578,85.83785247802734,311818400
2008-09-25,119.4000015258789,121.91000366210938,118.44000244140625,120.79000091552734,87.18026733398438,328253000
2008-09-26,118.83000183105469,121.5,118.51000213623047,120.8499984741211,87.22357940673828,285917400
2008-09-29,119.13999938964844,119.33999633789062,110.97000122070312,111.37999725341797,80.38861083984375,459562300
2008-09-30,113.51000213623047,116.80000305175781,110.52999877929688,115.98999786376953,83.71585845947266,328154400
2008-10-01,115.2699966430664,116.69000244140625,113.94999694824219,116.05999755859375,83.76640319824219,332783000
2008-10-02,114.94999694824219,115.11000061035156,111.05999755859375,111.8499984741211,80.72785949707031,365337800
2008-10-03,112.86000061035156,115.44999694824219,109.68000030517578,110.33999633789062,79.63801574707031,461798000
2008-10-06,107.1500015258789,107.62000274658203,100.63999938964844,104.72000122070312,75.58174896240234,610637500
2008-10-07,106.83999633789062,107.33000183105469,99.6500015258789,100.02999877929688,72.19673156738281,540012100
2008-10-08,97.5199966430664,102.18000030517578,96.80999755859375,97.51000213623047,70.3779296875,725414800
2008-10-09,99.66000366210938,100.62000274658203,90.25,90.69999694824219,65.46280670166016,534485200
2008-10-10,86.76000213623047,93.94000244140625,83.58000183105469,88.5,63.874969482421875,871026300
2008-10-13,93.87000274658203,101.3499984741211,89.94999694824219,101.3499984741211,73.14944458007812,455584000
2008-10-14,104.69999694824219,105.52999877929688,97.11000061035156,99.8499984741211,72.06682586669922,546268300
2008-10-15,97.45999908447266,97.80000305175781,89.70999908447266,90.0199966430664,64.97203826904297,484627500
2008-10-16,91.29000091552734,94.7699966430664,86.54000091552734,93.7699966430664,67.6785659790039,708811200
2008-10-17,91.98999786376953,98.58999633789062,91.6500015258789,93.20999908447266,67.27437591552734,476649000
2008-10-20,95.3499984741211,99.0999984741211,94.08999633789062,98.80999755859375,71.31622314453125,321294200
2008-10-21,96.97000122070312,98.63999938964844,95.22000122070312,95.86000061035156,69.1870346069336,356502000
2008-10-22,93.19999694824219,95.86000061035156,87.52999877929688,90.63999938964844,65.4195327758789,516168000
2008-10-23,90.29000091552734,92.44999694824219,85.80999755859375,91.69000244140625,66.17733764648438,634666400
2008-10-24,84.05999755859375,89.91999816894531,84.0,87.04000091552734,62.82119369506836,545812600
2008-10-27,85.97000122070312,89.51000213623047,83.69999694824219,83.94999694824219,60.59103012084961,397288600
2008-10-28,87.33999633789062,94.23999786376953,84.52999877929688,93.76000213623047,67.6713638305664,639939500
2008-10-29,93.7699966430664,97.16999816894531,92.0999984741211,93.08000183105469,67.18058013916016,531270100
2008-10-30,95.77999877929688,96.54000091552734,92.9000015258789,96.30000305175781,69.50463104248047,414582100
2008-10-31,95.08000183105469,98.56999969482422,94.4800033569336,96.83000183105469,69.88713836669922,411394000
2008-11-03,96.77999877929688,97.69000244140625,95.94999694824219,97.11000061035156,70.08922576904297,205419400
2008-11-04,99.05999755859375,100.86000061035156,96.70999908447266,100.41000366210938,72.47102355957031,346793400
2008-11-05,99.19999694824219,100.70999908447266,95.0,96.19000244140625,69.4251937866211,387844100
2008-11-06,94.45999908447266,95.44000244140625,90.05999755859375,90.86000061035156,65.57828521728516,477721900
2008-11-07,91.6500015258789,94.0,90.5,93.86000061035156,67.7435302734375,380391000
2008-11-10,95.20999908447266,95.52999877929688,90.91999816894531,92.62999725341797,66.85575866699219,301773000
2008-11-11,90.76000213623047,92.13999938964844,88.6500015258789,89.7699966430664,64.79158782958984,418498200
2008-11-12,88.2300033569336,88.94999694824219,85.12000274658203,85.81999969482422,61.940711975097656,454330600
2008-11-13,86.12999725341797,91.7300033569336,82.08999633789062,91.16999816894531,65.80204772949219,753141900
2008-11-14,89.41000366210938,92.05999755859375,86.5199966430664,86.62000274658203,62.518070220947266,540352300
2008-11-17,86.37999725341797,88.55999755859375,85.16000366210938,85.47000122070312,61.68806076049805,415254900
2008-11-18,85.1500015258789,87.22000122070312,82.91000366210938,87.08000183105469,62.8500862121582,523811800
2008-11-19,85.91000366210938,86.87000274658203,80.91999816894531,81.5,58.822723388671875,558327600
2008-11-20,80.12999725341797,82.51000213623047,75.05000305175781,75.44999694824219,54.45610809326172,814180400
2008-11-21,77.45999908447266,80.9000015258789,74.33999633789062,79.5199966430664,57.39361572265625,718536500
2008-11-24,81.91999816894531,86.98999786376953,80.36000061035156,85.02999877929688,61.3704833984375,523305300
2008-11-25,87.30000305175781,87.51000213623047,83.81999969482422,85.66000366210938,61.82518005371094,454112400
2008-11-26,84.30000305175781,89.19000244140625,84.23999786376953,88.97000122070312,64.21417236328125,370134200
2008-11-28,88.62999725341797,90.12999725341797,88.4800033569336,90.08999633789062,65.02254486083984,118308100
2008-12-01,87.51000213623047,87.55000305175781,81.86000061035156,82.11000061035156,59.26298141479492,369927100
2008-12-02,83.47000122070312,85.48999786376953,82.04000091552734,85.2699966430664,61.54369354248047,469508400
2008-12-03,83.4000015258789,87.83000183105469,83.13999938964844,87.31999969482422,63.02330780029297,519863500
2008-12-04,86.05999755859375,88.05000305175781,83.73999786376953,85.30000305175781,61.56537628173828,444173800
2008-12-05,83.6500015258789,88.41999816894531,82.23999786376953,87.93000030517578,63.46355056762695,471905300
2008-12-08,90.33999633789062,92.37999725341797,88.08000183105469,91.0,65.67933654785156,412859300
2008-12-09,90.37000274658203,92.12999725341797,88.9800033569336,89.5,64.59668731689453,370790000
2008-12-10,90.31999969482422,91.36000061035156,89.0,90.11000061035156,65.0369873046875,396187400
2008-12-11,89.54000091552734,91.0,87.37000274658203,87.94000244140625,63.47075653076172,365061000
2008-12-12,85.55000305175781,89.06999969482422,85.19999694824219,88.98999786376953,64.22859191894531,415060400
2008-12-15,89.0199966430664,89.1500015258789,86.29000091552734,87.75,63.333614349365234,256694200
2008-12-16,91.87999725341797,92.0199966430664,88.18000030517578,91.87999725341797,66.3144760131836,377699500
2008-12-17,90.83999633789062,92.43000030517578,90.05999755859375,90.98999786376953,65.6720962524414,281819800
2008-12-18,91.4000015258789,91.66999816894531,88.20999908447266,89.29000091552734,64.44512176513672,374673300
2008-12-19,89.0999984741211,90.62000274658203,88.08999633789062,88.19000244140625,64.16792297363281,301451300
2008-12-22,88.58000183105469,88.66999816894531,85.48999786376953,87.05999755859375,63.345699310302734,243759500
2008-12-23,87.52999877929688,87.93000030517578,85.80000305175781,86.16000366210938,62.69088363647461,221625200
2008-12-24,86.44999694824219,86.87000274658203,86.0,86.66000366210938,63.05466079711914,62061600
2008-12-26,87.23999786376953,87.30000305175781,86.5,87.16000366210938,63.41847610473633,74767700
2008-12-29,87.23999786376953,87.33000183105469,85.5999984741211,86.91000366210938,63.2365608215332,127795900
2008-12-30,87.51000213623047,89.05000305175781,86.87999725341797,88.97000122070312,64.73544311523438,168256300
2008-12-31,89.08000183105469,90.97000122070312,88.87000274658203,90.23999786376953,65.65953826904297,193987200
2009-01-02,90.44000244140625,93.44000244140625,89.8499984741211,92.95999908447266,67.63863372802734,227566300
2009-01-05,92.62999725341797,93.66000366210938,91.88999938964844,92.8499984741211,67.55857849121094,240349700
2009-01-06,93.63999938964844,94.44999694824219,92.68000030517578,93.47000122070312,68.00967407226562,328260900
2009-01-07,92.0,92.26000213623047,90.19999694824219,90.66999816894531,65.97239685058594,280899200
2009-01-08,90.16000366210938,91.08999633789062,89.66999816894531,91.04000091552734,66.24163055419922,263834400
2009-01-09,91.16000366210938,91.31999969482422,85.36000061035156,89.08999633789062,64.82275390625,330953600
2009-01-12,88.83999633789062,88.91000366210938,86.41000366210938,86.94999694824219,63.26572036743164,277858500
2009-01-13,86.7300033569336,87.87999725341797,86.19999694824219,87.11000061035156,63.382083892822266,356432300
2009-01-14,85.54000091552734,85.75,83.16000366210938,84.37000274658203,61.388458251953125,435491600
2009-01-15,84.12000274658203,85.25,81.72000122070312,84.4000015258789,61.41029739379883,532647300
2009-01-16,85.86000061035156,85.98999786376953,83.05000305175781,85.05999755859375,61.890525817871094,399237200
2009-01-20,84.2300033569336,85.05999755859375,80.05000305175781,80.56999969482422,58.623538970947266,419855200
2009-01-21,81.94000244140625,84.23999786376953,80.47000122070312,84.05000305175781,61.15562438964844,364360700
2009-01-22,82.41999816894531,84.04000091552734,81.16999816894531,82.75,60.20970153808594,427940300
2009-01-23,80.9000015258789,83.98999786376953,80.56999969482422,83.11000061035156,60.47166442871094,386800600
2009-01-26,83.58999633789062,85.36000061035156,82.80999755859375,83.68000030517578,60.886409759521484,317978800
2009-01-27,84.12999725341797,85.1500015258789,83.30000305175781,84.52999877929688,61.50485610961914,273789700
2009-01-28,86.4000015258789,87.94999694824219,86.06999969482422,87.38999938964844,63.585853576660156,330007000
2009-01-29,86.11000061035156,87.48999786376953,84.47000122070312,84.55000305175781,61.519432067871094,294392500
2009-01-30,84.9800033569336,85.4000015258789,82.20999908447266,82.83000183105469,60.267906188964844,383383600
2009-02-02,81.56999969482422,83.18000030517578,81.30999755859375,82.58000183105469,60.08604431152344,288233300
2009-02-03,83.0999984741211,84.36000061035156,82.22000122070312,83.73999786376953,60.93003463745117,278385800
2009-02-04,84.30000305175781,85.37000274658203,83.04000091552734,83.33000183105469,60.63172912597656,322989300
2009-02-05,82.69999694824219,85.29000091552734,77.7300033569336,84.56999969482422,61.53398132324219,417679400
2009-02-06,84.86000061035156,87.33999633789062,84.68000030517578,86.9800033569336,63.28752899169922,366101700
2009-02-09,86.95999908447266,87.73999786376953,86.31999969482422,87.0999984741211,63.374820709228516,240075200
2009-02-10,86.2699966430664,87.02999877929688,82.44999694824219,83.11000061035156,60.47166442871094,536212800
2009-02-11,83.44999694824219,84.05000305175781,82.4000015258789,83.5999984741211,60.828163146972656,324442500
2009-02-12,82.16999816894531,83.81999969482422,81.05000305175781,83.66000366210938,60.8718376159668,469302200
2009-02-13,83.55000305175781,84.23999786376953,82.73999786376953,82.76000213623047,60.217002868652344,293998400
2009-02-17,80.16000366210938,82.95999908447266,79.16999816894531,79.22000122070312,57.6412467956543,478910100
2009-02-18,79.79000091552734,79.94000244140625,78.27999877929688,79.02999877929688,57.50302505493164,362964800
2009-02-19,79.83999633789062,80.1500015258789,78.0199966430664,78.18000030517578,56.8845329284668,316867500
2009-02-20,76.7300033569336,78.33999633789062,75.7699966430664,77.41999816894531,56.331573486328125,477176600
2009-02-23,78.2699966430664,78.2699966430664,74.58999633789062,74.6500015258789,54.316078186035156,379641400
2009-02-24,75.29000091552734,77.94999694824219,74.69999694824219,77.4800033569336,56.37521743774414,426260900
2009-02-25,77.13999938964844,78.41999816894531,75.62999725341797,76.87000274658203,55.93136215209961,461985800
2009-02-26,77.81999969482422,79.66999816894531,75.52999877929688,75.62000274658203,55.02186584472656,363353900
2009-02-27,74.01000213623047,75.69000244140625,73.80999755859375,73.93000030517578,53.79219436645508,470510900
2009-03-02,72.5199966430664,73.91999816894531,70.37000274658203,70.5999984741211,51.369258880615234,426452600
2009-03-03,71.61000061035156,71.69999694824219,69.63999938964844,70.06999969482422,50.98360824584961,443761000
2009-03-04,71.2300033569336,72.87000274658203,70.06999969482422,71.7300033569336,52.19145202636719,462753100
2009-03-05,70.0999984741211,71.7300033569336,68.16999816894531,68.80000305175781,50.0595588684082,485549400
2009-03-06,69.4000015258789,70.44999694824219,67.0999984741211,68.91999816894531,50.146873474121094,490470000
2009-03-09,67.94999694824219,70.0,67.7300033569336,68.11000061035156,49.55751419067383,379905300
2009-03-10,69.51000213623047,72.37000274658203,69.37000274658203,72.16999816894531,52.51161575317383,406227900
2009-03-11,73.0,73.75,71.83000183105469,72.63999938964844,52.85359191894531,356648300
2009-03-12,72.62000274658203,75.75,71.97000122070312,75.5,54.934539794921875,409702700
2009-03-13,76.01000213623047,76.9800033569336,74.7300033569336,76.08999633789062,55.363853454589844,337474700
2009-03-16,76.95999908447266,77.97000122070312,75.80999755859375,75.86000061035156,55.19649124145508,360644900
2009-03-17,76.06999969482422,78.36000061035156,75.44999694824219,78.18000030517578,56.8845329284668,356814300
2009-03-18,77.80999755859375,80.9000015258789,77.06999969482422,79.93000030517578,58.1578483581543,473273200
2009-03-19,80.93000030517578,81.0,78.69000244140625,78.94000244140625,57.43751907348633,428520400
2009-03-20,78.76000213623047,78.91000366210938,76.52999877929688,76.70999908447266,56.21443557739258,371078200
2009-03-23,78.73999786376953,82.29000091552734,78.30999755859375,82.22000122070312,60.25228500366211,419933300
2009-03-24,81.23999786376953,82.36000061035156,80.51000213623047,80.5999984741211,59.06512451171875,330271000
2009-03-25,81.2300033569336,82.69999694824219,79.05999755859375,81.44999694824219,59.68801498413086,441775100
2009-03-26,82.25,83.30000305175781,81.31999969482422,83.11000061035156,60.90452575683594,422025200
2009-03-27,82.05000305175781,82.52999877929688,81.30999755859375,81.61000061035156,59.80524826049805,322332300
2009-03-30,79.80000305175781,79.87000274658203,77.95999908447266,78.79000091552734,57.738739013671875,324108500
2009-03-31,79.55999755859375,81.08000183105469,79.05000305175781,79.5199966430664,58.27365493774414,364238300
2009-04-01,78.52999877929688,81.41999816894531,78.33000183105469,81.05999755859375,59.40222930908203,377018300
2009-04-02,83.08000183105469,84.61000061035156,81.12999725341797,83.43000030517578,61.13899230957031,476230700
2009-04-03,83.48999786376953,84.27999877929688,82.66999816894531,84.26000213623047,61.74721908569336,284646300
2009-04-06,83.33999633789062,84.27999877929688,82.29000091552734,83.5999984741211,61.2635498046875,264866600
2009-04-07,82.25,82.6500015258789,81.51000213623047,81.6500015258789,59.834564208984375,258947800
2009-04-08,82.05999755859375,82.94000244140625,81.54000091552734,82.52999877929688,60.479454040527344,230402800
2009-04-09,84.66999816894531,85.81999969482422,84.33000183105469,85.80999755859375,62.88311767578125,269653500
2009-04-13,84.91999816894531,86.54000091552734,84.58000183105469,85.83000183105469,62.897762298583984,224847500
2009-04-14,85.02999877929688,85.76000213623047,84.08000183105469,84.3499984741211,61.813194274902344,276598800
2009-04-15,83.83999633789062,85.41999816894531,83.61000061035156,85.25,62.47270584106445,250726100
2009-04-16,85.93000030517578,87.1500015258789,84.7699966430664,86.5,63.38874435424805,335202900
2009-04-17,86.83000183105469,87.6500015258789,86.13999938964844,87.08000183105469,63.81377410888672,262649000
2009-04-20,85.54000091552734,87.05000305175781,83.33999633789062,83.43000030517578,61.13899230957031,293690100
2009-04-21,82.81999969482422,85.12999725341797,82.75,85.05999755859375,62.3334846496582,114090900
2009-04-22,84.29000091552734,86.33999633789062,84.06999969482422,84.54000091552734,61.95245361328125,340395200
2009-04-23,84.70999908447266,85.41999816894531,83.62999725341797,85.37000274658203,62.5606689453125,324903700
2009-04-24,86.02999877929688,87.30999755859375,85.69000244140625,86.66000366210938,63.50597381591797,287703000
2009-04-27,85.68000030517578,87.01000213623047,85.54000091552734,85.83999633789062,62.90506362915039,289581600
2009-04-28,84.97000122070312,86.58999633789062,84.76000213623047,85.56999969482422,62.70725631713867,247926300
2009-04-29,86.5199966430664,88.36000061035156,86.30000305175781,87.38999938964844,64.04095458984375,311505700
2009-04-30,88.55000305175781,89.0199966430664,86.91999816894531,87.41999816894531,64.06292724609375,301419800
2009-05-01,87.44000244140625,88.20999908447266,86.72000122070312,87.88999938964844,64.40735626220703,236110300
2009-05-04,88.55000305175781,90.94000244140625,88.37999725341797,90.87999725341797,66.59847259521484,287120000
2009-05-05,90.56999969482422,90.93000030517578,89.83999633789062,90.56999969482422,66.3713150024414,243036300
2009-05-06,91.68000030517578,92.19999694824219,90.61000061035156,92.13999938964844,67.5218276977539,291941000
2009-05-07,93.01000213623047,93.1500015258789,90.27999877929688,90.86000061035156,66.58380889892578,317728000
2009-05-08,92.02999877929688,93.22000122070312,91.44000244140625,92.9800033569336,68.13741302490234,299081700
2009-05-11,91.69999694824219,92.11000061035156,91.04000091552734,91.23999786376953,66.86227416992188,247923600
2009-05-12,91.62999725341797,91.83000183105469,89.8499984741211,90.97000122070312,66.66445922851562,282431300
2009-05-13,89.73999786376953,90.01000213623047,88.5,88.68000030517578,64.98628997802734,269619100
2009-05-14,88.72000122070312,90.12000274658203,88.5,89.44000244140625,65.54324340820312,260098700
2009-05-15,89.37000274658203,90.0,88.1500015258789,88.70999908447266,65.00827026367188,271502700
2009-05-18,89.55000305175781,91.33999633789062,88.56999969482422,91.2300033569336,66.8549575805664,241447400
2009-05-19,91.18000030517578,91.97000122070312,90.80999755859375,91.12000274658203,66.77436065673828,206102200
2009-05-20,91.94999694824219,92.80000305175781,90.41000366210938,90.51000213623047,66.32737731933594,285722200
2009-05-21,89.45999908447266,89.80000305175781,88.26000213623047,89.20999908447266,65.37467956542969,258988400
2009-05-22,89.45999908447266,90.0,88.68000030517578,89.0199966430664,65.23544311523438,166811900
2009-05-26,88.36000061035156,91.55999755859375,88.31999969482422,91.30000305175781,66.90628814697266,236318500
2009-05-27,91.44000244140625,91.75,89.52999877929688,89.66999816894531,65.71178436279297,246015800
2009-05-28,90.45999908447266,91.33999633789062,89.0999984741211,90.91999816894531,66.62777709960938,289095000
2009-05-29,91.41999816894531,93.69999694824219,90.68000030517578,92.52999877929688,67.80764770507812,258641500
2009-06-01,93.66999816894531,95.16999816894531,93.43000030517578,94.7699966430664,69.44915008544922,276246800
2009-06-02,94.4000015258789,95.37000274658203,94.2300033569336,94.8499984741211,69.50777435302734,230874500
2009-06-03,94.04000091552734,94.12999725341797,92.76000213623047,93.6500015258789,68.62838745117188,235310500
2009-06-04,94.0,94.66999816894531,93.30000305175781,94.52999877929688,69.27328491210938,210102300
2009-06-05,95.48999786376953,95.66999816894531,93.80000305175781,94.55000305175781,69.2879409790039,284257900
2009-06-08,93.83999633789062,95.0999984741211,93.04000091552734,94.16000366210938,69.00214385986328,238565100
2009-06-09,94.69000244140625,95.13999938964844,94.0199966430664,94.63999938964844,69.35387420654297,225125500
2009-06-10,95.4800033569336,95.48999786376953,93.19000244140625,94.4000015258789,69.17800903320312,296100400
2009-06-11,94.58000183105469,96.11000061035156,94.55999755859375,94.81999969482422,69.48574829101562,275414200
2009-06-12,94.4000015258789,95.13999938964844,94.0,95.08000183105469,69.67633056640625,184361800
2009-06-15,93.95999908447266,94.0199966430664,92.4000015258789,92.9000015258789,68.07876586914062,224190500
2009-06-16,93.2300033569336,93.29000091552734,91.58000183105469,91.63999938964844,67.15544128417969,227319000
2009-06-17,91.5999984741211,92.33000183105469,90.83000183105469,91.55000305175781,67.08946228027344,223445200
2009-06-18,91.69000244140625,92.66999816894531,91.25,92.22000122070312,67.5804443359375,211725100
2009-06-19,92.58000183105469,92.69999694824219,91.5199966430664,92.04000091552734,67.82955932617188,215655600
2009-06-22,91.13999938964844,91.19000244140625,89.25,89.27999877929688,65.79557800292969,251913600
2009-06-23,89.47000122070312,89.87999725341797,88.8499984741211,89.3499984741211,65.84711456298828,188309800
2009-06-24,90.16000366210938,91.08000183105469,89.5999984741211,90.12000274658203,66.41458129882812,211577700
2009-06-25,89.66999816894531,92.16999816894531,89.56999969482422,92.08000183105469,67.8590316772461,279411000
2009-06-26,91.7699966430664,92.23999786376953,91.2699966430664,91.83999633789062,67.68215942382812,167579000
2009-06-29,92.11000061035156,92.81999969482422,91.5999984741211,92.69999694824219,68.31592559814453,168481300
2009-06-30,92.72000122070312,93.05999755859375,91.2699966430664,91.94999694824219,67.76321411132812,228888200
2009-07-01,92.33999633789062,93.2300033569336,92.20999908447266,92.33000183105469,68.04325866699219,173041100
2009-07-02,91.12999725341797,92.36000061035156,89.76000213623047,89.80999755859375,66.18612670898438,212309900
2009-07-06,88.94000244140625,89.93000030517578,88.66000366210938,89.80000305175781,66.17877960205078,174499600
2009-07-07,89.70999908447266,89.81999969482422,88.0,88.05999755859375,64.89645385742188,197088900
2009-07-08,88.58999633789062,88.80000305175781,87.0,88.0,64.85222625732422,248050500
2009-07-09,88.61000061035156,88.9000015258789,87.91000366210938,88.16999816894531,64.97749328613281,163777600
2009-07-10,87.69999694824219,88.48999786376953,87.3499984741211,87.95999908447266,64.82273864746094,173520300
2009-07-13,88.30999755859375,90.16999816894531,87.58999633789062,90.0999984741211,66.39985656738281,217413500
2009-07-14,90.37999725341797,90.69000244140625,89.7300033569336,90.61000061035156,66.77571868896484,181487400
2009-07-15,91.80999755859375,93.51000213623047,90.68000030517578,93.26000213623047,68.72865295410156,220877900
2009-07-16,93.0,94.51000213623047,92.81999969482422,93.11000061035156,68.61809539794922,231174500
2009-07-17,94.05999755859375,94.31999969482422,93.54000091552734,94.12999725341797,69.36978149414062,138561700
2009-07-20,94.68000030517578,95.29000091552734,94.19000244140625,95.12999725341797,70.10675811767578,164179400
2009-07-21,95.87000274658203,95.9000015258789,94.41999816894531,95.56999969482422,70.4310302734375,217718300
2009-07-22,94.95999908447266,96.12999725341797,94.88999938964844,95.55000305175781,70.41629791259766,196068100
2009-07-23,95.61000061035156,98.08000183105469,95.52999877929688,97.66000366210938,71.97127532958984,258795500
2009-07-24,97.19999694824219,98.13999938964844,96.69000244140625,98.05999755859375,72.26603698730469,154003100
2009-07-27,97.87999725341797,98.4000015258789,97.33999633789062,98.3499984741211,72.4797592163086,159259400
2009-07-28,97.66000366210938,98.37000274658203,97.05999755859375,97.88999938964844,72.14076232910156,186685200
2009-07-29,97.44000244140625,98.08999633789062,96.9800033569336,97.6500015258789,71.9638671875,194399300
2009-07-30,98.83000183105469,99.83000183105469,98.5999984741211,98.66999816894531,72.71560668945312,225575400
2009-07-31,98.6500015258789,99.47000122070312,98.37999725341797,98.80999755859375,72.81874084472656,207358000
2009-08-03,99.8499984741211,100.52999877929688,99.30999755859375,100.44000244140625,74.02000427246094,175776900
2009-08-04,99.98999786376953,100.83999633789062,99.77999877929688,100.69999694824219,74.21160125732422,176714600
2009-08-05,100.7699966430664,100.86000061035156,99.58000183105469,100.41000366210938,73.99787902832031,184726400
2009-08-06,100.87000274658203,101.0199966430664,99.41999816894531,99.88999938964844,73.61465454101562,193203800
2009-08-07,100.94000244140625,102.02999877929688,100.38999938964844,101.19999694824219,74.58007049560547,220640900
2009-08-10,100.73999786376953,101.22000122070312,100.2699966430664,100.98999786376953,74.42530822753906,130898700
2009-08-11,100.54000091552734,100.61000061035156,99.45999908447266,99.7300033569336,73.49677276611328,157301000
2009-08-12,99.55999755859375,101.55999755859375,99.51000213623047,100.80000305175781,74.28531646728516,219052400
2009-08-13,101.26000213623047,101.61000061035156,100.26000213623047,101.56999969482422,74.85276794433594,176449500
2009-08-14,101.5199966430664,101.5999984741211,99.69999694824219,100.79000091552734,74.27793884277344,199616100
2009-08-17,98.8499984741211,98.94999694824219,98.11000061035156,98.30999755859375,72.45024871826172,237667500
2009-08-18,98.52999877929688,99.44000244140625,98.3499984741211,99.08999633789062,73.02508544921875,173461500
2009-08-19,98.30999755859375,100.30000305175781,98.20999908447266,99.95999908447266,73.6662368774414,192812800
2009-08-20,100.08999633789062,101.22000122070312,99.87000274658203,100.98999786376953,74.42530822753906,174131300
2009-08-21,101.81999969482422,103.12999725341797,101.62000274658203,102.97000122070312,75.88449096679688,224605000
2009-08-24,103.38999938964844,103.94999694824219,102.58999633789062,102.95999908447266,75.87712860107422,191279000
2009-08-25,103.37000274658203,104.26000213623047,102.94000244140625,103.16000366210938,76.02450561523438,215310600
2009-08-26,102.83999633789062,103.63999938964844,102.48999786376953,103.16999816894531,76.03189086914062,194620700
2009-08-27,103.11000061035156,103.72000122070312,101.94000244140625,103.4000015258789,76.20138549804688,196230100
2009-08-28,104.2300033569336,104.3499984741211,102.66999816894531,103.37999725341797,76.18661499023438,147024400
2009-08-31,102.37000274658203,102.58000183105469,101.79000091552734,102.45999908447266,75.5086441040039,176051600
2009-09-01,101.94999694824219,103.23999786376953,99.98999786376953,100.19999694824219,73.84310913085938,321276800
2009-09-02,99.77999877929688,100.44000244140625,99.56999969482422,99.81999969482422,73.56306457519531,171805000
2009-09-03,100.4000015258789,100.7699966430664,99.58999633789062,100.6500015258789,74.17474365234375,143572300
2009-09-04,100.8499984741211,102.08999633789062,100.55000305175781,102.05999755859375,75.21385955810547,142687900
2009-09-08,103.0,103.05000305175781,102.38999938964844,102.94000244140625,75.86238861083984,132909100
2009-09-09,103.12000274658203,104.08000183105469,102.80000305175781,103.7300033569336,76.44461059570312,154612500
2009-09-10,103.80000305175781,104.86000061035156,103.22000122070312,104.79000091552734,77.22574615478516,162902400
2009-09-11,104.98999786376953,105.30000305175781,104.27999877929688,104.7699966430664,77.21100616455078,152360100
2009-09-14,103.87999725341797,105.45999908447266,103.1500015258789,105.27999877929688,77.5869140625,149593800
2009-09-15,105.44999694824219,106.11000061035156,104.76000213623047,105.72000122070312,77.91112518310547,196795900
2009-09-16,106.0999984741211,107.33999633789062,105.7300033569336,107.31999969482422,79.09024810791016,206406300
2009-09-17,107.16999816894531,108.05999755859375,106.56999969482422,107.16000366210938,78.97232055664062,229170900
2009-09-18,107.1500015258789,107.16000366210938,106.36000061035156,106.72000122070312,79.022705078125,153799100
2009-09-21,105.88999938964844,107.0,105.66000366210938,106.44999694824219,78.82278442382812,151892000
2009-09-22,107.08000183105469,107.37000274658203,106.5999984741211,107.06999969482422,79.28184509277344,143126700
2009-09-23,107.31999969482422,108.02999877929688,105.98999786376953,106.18000030517578,78.62287139892578,225947400
2009-09-24,106.41000366210938,106.63999938964844,104.55000305175781,105.01000213623047,77.75650024414062,228636800
2009-09-25,104.77999877929688,105.36000061035156,104.08999633789062,104.44999694824219,77.34182739257812,204059000
2009-09-28,104.8499984741211,106.55000305175781,104.83000183105469,106.31999969482422,78.72652435302734,118285800
2009-09-29,106.51000213623047,107.0199966430664,105.77999877929688,106.0,78.48955535888672,133733900
2009-09-30,106.36000061035156,106.45999908447266,104.62000274658203,105.58999633789062,78.1859359741211,254383000
2009-10-01,103.0,105.7300033569336,102.94999694824219,102.97000122070312,76.24596405029297,281840600
2009-10-02,102.0199966430664,103.0999984741211,101.98999786376953,102.48999786376953,75.89054107666016,224748800
2009-10-05,102.9000015258789,104.31999969482422,102.5999984741211,104.0199966430664,77.0234603881836,149875000
2009-10-06,104.7699966430664,106.11000061035156,104.70999908447266,105.51000213623047,78.12673950195312,202491100
2009-10-07,105.2699966430664,105.91000366210938,105.06999969482422,105.80000305175781,78.34149169921875,159200300
2009-10-08,106.55000305175781,107.16999816894531,105.8499984741211,106.61000061035156,78.94125366210938,183305800
2009-10-09,106.63999938964844,107.26000213623047,106.36000061035156,107.26000213623047,79.42251586914062,135008300
2009-10-12,107.76000213623047,108.08999633789062,107.27999877929688,107.68000030517578,79.73356628417969,118031000
2009-10-13,107.38999938964844,107.70999908447266,106.76000213623047,107.45999908447266,79.57064056396484,157692700
2009-10-14,108.72000122070312,109.41999816894531,107.41999816894531,109.30999755859375,80.94050598144531,191421600
2009-10-15,108.77999877929688,109.70999908447266,108.7300033569336,109.70999908447266,81.2366943359375,173873600
2009-10-16,108.80000305175781,109.2699966430664,108.2300033569336,108.88999938964844,80.6294937133789,192069400
2009-10-19,109.06999969482422,110.12999725341797,108.7300033569336,109.79000091552734,81.29594421386719,159530400
2009-10-20,109.94999694824219,109.98999786376953,108.68000030517578,109.20999908447266,80.866455078125,180921100
2009-10-21,109.04000091552734,110.30999755859375,108.1500015258789,108.2300033569336,80.14082336425781,225379300
2009-10-22,108.19000244140625,109.68000030517578,107.5,109.33000183105469,80.95530700683594,238444000
2009-10-23,109.69000244140625,109.76000213623047,107.62999725341797,108.08000183105469,80.0297622680664,240033200
2009-10-26,108.19999694824219,109.30999755859375,106.61000061035156,106.91000366210938,79.16339874267578,242028200
2009-10-27,107.02999877929688,107.38999938964844,106.16000366210938,106.41999816894531,78.80055236816406,253266300
2009-10-28,106.1500015258789,106.4800033569336,104.3499984741211,104.41000366210938,77.31221008300781,248821400
2009-10-29,105.19000244140625,106.86000061035156,104.94000244140625,106.6500015258789,78.97085571289062,198110600
2009-10-30,106.30000305175781,106.62000274658203,103.44000244140625,103.55999755859375,76.68279266357422,325608100
2009-11-02,104.12999725341797,105.41000366210938,103.08000183105469,104.31999969482422,77.24559020996094,254222900
2009-11-03,103.73999786376953,104.80000305175781,103.54000091552734,104.6500015258789,77.48995208740234,228362600
2009-11-04,105.51000213623047,106.33000183105469,104.6500015258789,104.91999816894531,77.68988800048828,247996700
2009-11-05,105.66000366210938,106.87999725341797,105.44000244140625,106.8499984741211,79.11894226074219,180015300
2009-11-06,106.26000213623047,107.4000015258789,106.05000305175781,107.12999725341797,79.3262939453125,170954100
2009-11-09,107.94999694824219,109.62999725341797,107.87000274658203,109.56999969482422,81.13302612304688,159495700
2009-11-10,109.30999755859375,109.93000030517578,108.97000122070312,109.58999633789062,81.14785766601562,171899800
2009-11-11,110.30999755859375,110.81999969482422,109.62000274658203,110.1500015258789,81.56253051757812,169466200
2009-11-12,110.0,110.56999969482422,108.75,109.02999877929688,80.73316955566406,157144500
2009-11-13,109.30999755859375,110.08999633789062,108.75,109.62000274658203,81.17005920410156,150963000
2009-11-16,110.37999725341797,111.69000244140625,110.31999969482422,111.20999908447266,82.34740447998047,210922200
2009-11-17,110.91999816894531,111.38999938964844,110.5,111.33999633789062,82.44367980957031,147134100
2009-11-18,111.26000213623047,111.43000030517578,110.56999969482422,111.2699966430664,82.39183807373047,156486800
2009-11-19,110.51000213623047,111.30999755859375,109.12999725341797,109.81999969482422,81.31816101074219,208734600
2009-11-20,109.25,109.76000213623047,109.01000213623047,109.43000030517578,81.02935791015625,134196000
2009-11-23,110.72000122070312,111.73999786376953,110.5999984741211,110.81999969482422,82.0586166381836,148010200
2009-11-24,111.0,111.19999694824219,110.01000213623047,110.98999786376953,82.18445587158203,138420100
2009-11-25,111.16999816894531,111.5,110.81999969482422,111.37999725341797,82.4732666015625,109564800
2009-11-27,108.4000015258789,110.31999969482422,108.29000091552734,109.56999969482422,81.13302612304688,126001800
2009-11-30,109.4800033569336,110.19999694824219,108.12000274658203,109.94000244140625,81.40703582763672,160874800
2009-12-01,110.91999816894531,111.66000366210938,110.7300033569336,111.30000305175781,82.41405487060547,159613700
2009-12-02,111.27999877929688,112.01000213623047,110.91999816894531,111.25,82.37702178955078,132315100
2009-12-03,111.55000305175781,112.18000030517578,110.29000091552734,110.37999725341797,81.7328109741211,167324900
2009-12-04,111.83999633789062,112.37999725341797,110.04000091552734,111.01000213623047,82.1993408203125,274907800
2009-12-07,110.91000366210938,111.52999877929688,110.48999786376953,110.83999633789062,82.07339477539062,127973800
2009-12-08,110.04000091552734,110.7699966430664,109.2699966430664,109.61000061035156,81.16262817382812,169863700
2009-12-09,109.58000183105469,110.18000030517578,109.0199966430664,110.0199966430664,81.46627044677734,155063400
2009-12-10,110.69999694824219,111.12000274658203,110.44999694824219,110.63999938964844,81.92533111572266,138014600
2009-12-11,111.11000061035156,111.36000061035156,110.61000061035156,111.11000061035156,82.27336120605469,124854000
2009-12-14,111.87000274658203,112.0,111.12999725341797,111.87000274658203,82.83610534667969,107141500
2009-12-15,111.45999908447266,111.91999816894531,111.0,111.3499984741211,82.4510726928711,120408800
2009-12-16,111.80000305175781,112.12999725341797,111.2699966430664,111.5199966430664,82.57693481445312,155358200
2009-12-17,110.72000122070312,110.93000030517578,110.08000183105469,110.18000030517578,81.58472442626953,183390100
2009-12-18,110.19999694824219,110.30000305175781,109.27999877929688,110.20999908447266,82.04629516601562,174591200
2009-12-21,110.76000213623047,111.69999694824219,110.76000213623047,111.33000183105469,82.88004302978516,118039600
2009-12-22,111.56999969482422,111.97000122070312,111.43000030517578,111.7300033569336,83.1778335571289,91707500
2009-12-23,112.0,112.11000061035156,111.5,111.94999694824219,83.34161376953125,111783100
2009-12-24,112.19000244140625,112.5999984741211,112.0,112.4800033569336,83.73622131347656,39677500
2009-12-28,112.9000015258789,112.98999786376953,112.31999969482422,112.72000122070312,83.91486358642578,87508500
2009-12-29,113.01000213623047,113.02999877929688,112.55000305175781,112.55999755859375,83.7957534790039,80572500
2009-12-30,112.2300033569336,112.6500015258789,112.16999816894531,112.5199966430664,83.76595306396484,73138400
2009-12-31,112.7699966430664,112.80000305175781,111.38999938964844,111.44000244140625,82.96199035644531,90637900
2010-01-04,112.37000274658203,113.38999938964844,111.51000213623047,113.33000183105469,84.36894989013672,118944600
2010-01-05,113.26000213623047,113.68000030517578,112.8499984741211,113.62999725341797,84.59231567382812,111579900
2010-01-06,113.5199966430664,113.98999786376953,113.43000030517578,113.70999908447266,84.65185546875,116074400
2010-01-07,113.5,114.33000183105469,113.18000030517578,114.19000244140625,85.00920867919922,131091100
2010-01-08,113.88999938964844,114.62000274658203,113.66000366210938,114.56999969482422,85.2921142578125,126402800
2010-01-11,115.08000183105469,115.12999725341797,114.23999786376953,114.7300033569336,85.41120147705078,106375700
2010-01-12,113.97000122070312,114.20999908447266,113.22000122070312,113.66000366210938,84.61466217041016,163333500
2010-01-13,113.94999694824219,114.94000244140625,113.37000274658203,114.62000274658203,85.32931518554688,161822000
2010-01-14,114.48999786376953,115.13999938964844,114.41999816894531,114.93000030517578,85.56011199951172,115718800
2010-01-15,114.7300033569336,114.83999633789062,113.19999694824219,113.63999938964844,84.59976196289062,212283100
2010-01-19,113.62000274658203,115.12999725341797,113.58999633789062,115.05999755859375,85.6568832397461,139172700
2010-01-20,114.27999877929688,114.44999694824219,112.9800033569336,113.88999938964844,84.78588104248047,216490200
2010-01-21,113.91999816894531,114.2699966430664,111.55999755859375,111.69999694824219,83.155517578125,344859600
2010-01-22,111.19999694824219,111.73999786376953,109.08999633789062,109.20999908447266,81.30180358886719,345942400
2010-01-25,110.20999908447266,110.41000366210938,109.41000366210938,109.7699966430664,81.7187271118164,186937500
2010-01-26,109.33999633789062,110.47000122070312,109.04000091552734,109.30999755859375,81.37625885009766,211168800
2010-01-27,109.16999816894531,110.08000183105469,108.33000183105469,109.83000183105469,81.76338958740234,271863600
2010-01-28,110.19000244140625,110.25,107.91000366210938,108.56999969482422,80.82540130615234,316104000
2010-01-29,109.04000091552734,109.80000305175781,107.22000122070312,107.38999938964844,79.94690704345703,310677600
2010-02-01,108.1500015258789,109.06999969482422,107.5,109.05999755859375,81.19014739990234,187865000
2010-02-02,109.26000213623047,110.58999633789062,108.87999725341797,110.37999725341797,82.17282104492188,216327900
2010-02-03,109.87999725341797,110.4800033569336,109.51000213623047,109.83000183105469,81.76338958740234,172730700
2010-02-04,108.9800033569336,109.02999877929688,106.41999816894531,106.44000244140625,79.23974609375,356715700
2010-02-05,106.55999755859375,106.87999725341797,104.58000183105469,106.66000366210938,79.4034652709961,493585800
2010-02-08,106.73999786376953,107.33000183105469,105.80999755859375,105.88999938964844,78.83024597167969,224166900
2010-02-09,107.12999725341797,108.1500015258789,106.2699966430664,107.22000122070312,79.82034301757812,337820500
2010-02-10,107.05000305175781,107.5999984741211,106.11000061035156,107.01000213623047,79.66402435302734,240511500
2010-02-11,106.87000274658203,108.25,106.25,108.12999725341797,80.4978256225586,223591600
2010-02-12,106.98999786376953,108.0999984741211,106.51000213623047,108.04000091552734,80.43081665039062,304622100
2010-02-16,108.86000061035156,109.8499984741211,107.81999969482422,109.73999786376953,81.69638061523438,159317500
2010-02-17,110.2699966430664,110.41000366210938,109.73999786376953,110.26000213623047,82.08351135253906,168845100
2010-02-18,110.08000183105469,111.13999938964844,110.04000091552734,110.91000366210938,82.5673828125,193708600
2010-02-19,110.62000274658203,111.56999969482422,110.36000061035156,111.13999938964844,82.73860168457031,222684900
2010-02-22,111.55000305175781,111.58000183105469,110.83000183105469,111.16000366210938,82.75350952148438,132346900
2010-02-23,110.86000061035156,111.19999694824219,109.5199966430664,109.80999755859375,81.74848937988281,207497000
2010-02-24,110.13999938964844,111.0,109.86000061035156,110.81999969482422,82.50041198730469,176350700
2010-02-25,109.23999786376953,110.75,108.94000244140625,110.66999816894531,82.38871765136719,259634700
2010-02-26,110.7699966430664,111.12000274658203,110.11000061035156,110.73999786376953,82.4408187866211,173589300
2010-03-01,111.19999694824219,112.0,111.16999816894531,111.88999938964844,83.29695892333984,147709700
2010-03-02,112.37000274658203,112.73999786376953,112.0,112.19999694824219,83.52774047851562,160992400
2010-03-03,112.48999786376953,112.97000122070312,112.0199966430664,112.30000305175781,83.6021957397461,150785000
2010-03-04,112.44999694824219,112.80000305175781,112.02999877929688,112.63999938964844,83.85531616210938,135770400
2010-03-05,113.37000274658203,114.33999633789062,113.0999984741211,114.25,85.05387878417969,176118800
2010-03-08,114.26000213623047,114.5199966430664,114.06999969482422,114.2699966430664,85.06876373291016,114631200
2010-03-09,113.93000030517578,114.98999786376953,113.87000274658203,114.45999908447266,85.210205078125,154556700
2010-03-10,114.51000213623047,115.27999877929688,114.41000366210938,114.97000122070312,85.58989715576172,186088800
2010-03-11,114.69999694824219,115.4800033569336,114.3499984741211,115.44999694824219,85.94720458984375,160791100
2010-03-12,115.94999694824219,115.97000122070312,115.13999938964844,115.45999908447266,85.95467376708984,162074800
2010-03-15,115.26000213623047,115.56999969482422,114.5999984741211,115.48999786376953,85.97697448730469,146816800
2010-03-16,115.80999755859375,116.5199966430664,115.48999786376953,116.41000366210938,86.66187286376953,168673000
2010-03-17,116.76000213623047,117.4800033569336,116.41999816894531,117.0999984741211,87.17556762695312,177468100
2010-03-18,117.11000061035156,117.2699966430664,116.56999969482422,117.04000091552734,87.13088989257812,196509100
2010-03-19,115.97000122070312,117.29000091552734,115.5199966430664,115.97000122070312,86.68986511230469,226641100
2010-03-22,115.30999755859375,116.80000305175781,115.23999786376953,116.58999633789062,87.15335083007812,184477800
2010-03-23,116.76000213623047,117.51000213623047,116.37999725341797,117.41000366210938,87.76630401611328,182941600
2010-03-24,116.97000122070312,117.43000030517578,115.58000183105469,116.83999633789062,87.3401870727539,196072600
2010-03-25,117.62999725341797,118.16999816894531,116.51000213623047,116.6500015258789,87.19818878173828,223396300
2010-03-26,116.87000274658203,117.41999816894531,116.12000274658203,116.58000183105469,87.14585876464844,205808500
2010-03-29,117.16999816894531,117.52999877929688,116.69000244140625,117.31999969482422,87.69902801513672,134513500
2010-03-30,117.45999908447266,117.83000183105469,116.91000366210938,117.4000015258789,87.75881958007812,145772500
2010-03-31,116.94999694824219,117.5199966430664,116.61000061035156,117.0,87.45980834960938,161078700
2010-04-01,117.80000305175781,118.25,117.0999984741211,117.80000305175781,88.0578384399414,161215200
2010-04-05,118.25,118.83999633789062,117.91999816894531,118.76000213623047,88.77543640136719,105847600
2010-04-06,118.41999816894531,119.25,118.29000091552734,119.04000091552734,88.98475646972656,110384200
2010-04-07,118.80000305175781,119.36000061035156,117.80999755859375,118.36000061035156,88.4764404296875,184576300
2010-04-08,117.94999694824219,118.97000122070312,117.5999984741211,118.7699966430664,88.78294372558594,158704000
2010-04-09,119.0199966430664,119.5999984741211,118.80000305175781,119.55000305175781,89.36599731445312,133006500
2010-04-12,119.69999694824219,120.05000305175781,119.55999755859375,119.73999786376953,89.50801086425781,110279000
2010-04-13,119.62000274658203,120.04000091552734,119.0,119.83000183105469,89.57530975341797,125043600
2010-04-14,120.2699966430664,121.19000244140625,120.08000183105469,121.19000244140625,90.59190368652344,161609000
2010-04-15,120.98999786376953,121.56999969482422,120.94999694824219,121.29000091552734,90.66667938232422,144615300
2010-04-16,120.86000061035156,121.29000091552734,118.75,119.36000061035156,89.22392272949219,366786700
2010-04-19,119.01000213623047,119.93000030517578,118.47000122070312,119.80999755859375,89.56034088134766,217947800
2010-04-20,120.55999755859375,120.9800033569336,119.87000274658203,120.87999725341797,90.36017608642578,157708000
2010-04-21,120.94999694824219,121.2300033569336,119.98999786376953,120.66000366210938,90.19571685791016,192910100
2010-04-22,119.80999755859375,121.16999816894531,119.12000274658203,121.0199966430664,90.46485137939453,115360300
2010-04-23,120.94000244140625,121.86000061035156,120.62999725341797,121.80999755859375,91.0553970336914,177335500
2010-04-26,121.8499984741211,122.12000274658203,121.2300033569336,121.3499984741211,90.71153259277344,143457300
2010-04-27,120.6500015258789,121.33999633789062,118.25,118.4800033569336,88.56614685058594,355853300
2010-04-28,119.05000305175781,119.68000030517578,118.2699966430664,119.37999725341797,89.2388916015625,300674100
2010-04-29,120.0999984741211,121.11000061035156,120.06999969482422,120.86000061035156,90.34519958496094,193775000
2010-04-30,120.87999725341797,121.01000213623047,118.77999877929688,118.80999755859375,88.81282043457031,270000900
2010-05-03,119.37999725341797,120.68000030517578,119.19999694824219,120.3499984741211,89.96397399902344,182747900
2010-05-04,119.01000213623047,119.02999877929688,116.91999816894531,117.5199966430664,87.84854888916016,360353400
2010-05-05,116.55999755859375,117.80000305175781,115.97000122070312,116.81999969482422,87.32525634765625,328973200
2010-05-06,116.26000213623047,117.0,105.0,112.94000244140625,84.42489624023438,647356600
2010-05-07,112.63999938964844,113.7699966430664,109.41000366210938,111.26000213623047,83.16903686523438,637558800
2010-05-10,115.80999755859375,116.6500015258789,114.91000366210938,116.16000366210938,86.83187866210938,396159600
2010-05-11,115.06999969482422,117.36000061035156,114.91000366210938,115.83000183105469,86.58518981933594,317849800
2010-05-12,116.29000091552734,117.62000274658203,116.08999633789062,117.44999694824219,87.79618835449219,235607100
2010-05-13,117.12999725341797,117.68000030517578,115.88999938964844,115.98999786376953,86.70480346679688,234452500
2010-05-14,115.12000274658203,115.33000183105469,112.87000274658203,113.88999938964844,85.13504028320312,345601400
2010-05-17,114.19999694824219,114.5199966430664,111.7699966430664,113.94999694824219,85.17987060546875,325739800
2010-05-18,114.87999725341797,115.22000122070312,112.02999877929688,112.4000015258789,84.02120971679688,360556800
2010-05-19,111.7699966430664,112.7699966430664,110.36000061035156,111.76000213623047,83.54281616210938,394742700
2010-05-20,109.37999725341797,109.88999938964844,107.47000122070312,107.54000091552734,80.38823699951172,530418300
2010-05-21,105.91000366210938,109.37999725341797,105.36000061035156,109.11000061035156,81.56185150146484,500909400
2010-05-24,108.5199966430664,109.38999938964844,107.61000061035156,107.70999908447266,80.51534271240234,269823000
2010-05-25,105.11000061035156,107.87000274658203,104.37999725341797,107.81999969482422,80.59758758544922,396505200
2010-05-26,108.4800033569336,109.47000122070312,106.8499984741211,107.16999816894531,80.1116943359375,349719300
2010-05-27,109.19000244140625,110.80000305175781,108.77999877929688,110.76000213623047,82.7953109741211,300870500
2010-05-28,110.63999938964844,110.72000122070312,108.8499984741211,109.37000274658203,81.75623321533203,297933500
2010-06-01,108.3499984741211,109.94999694824219,107.37000274658203,107.52999877929688,80.38080596923828,277909400
2010-06-02,108.08000183105469,110.33999633789062,107.51000213623047,110.33000183105469,82.47386932373047,240243700
2010-06-03,110.6500015258789,111.05999755859375,109.58000183105469,110.70999908447266,82.75787353515625,226618300
2010-06-04,108.61000061035156,109.33000183105469,106.45999908447266,106.81999969482422,79.85004425048828,398475600
2010-06-07,107.19999694824219,107.61000061035156,105.41000366210938,105.48999786376953,78.85585021972656,264609100
2010-06-08,105.56999969482422,106.83000183105469,104.6500015258789,106.62000274658203,79.70055389404297,357774300
2010-06-09,107.23999786376953,108.27999877929688,105.5999984741211,106.05000305175781,79.27450561523438,268023300
2010-06-10,107.86000061035156,109.27999877929688,106.04000091552734,109.1500015258789,81.5917739868164,317890600
2010-06-11,108.19000244140625,109.75,108.12000274658203,109.68000030517578,81.98798370361328,214128200
2010-06-14,110.5199966430664,111.12000274658203,109.4000015258789,109.51000213623047,81.86088562011719,207196100
2010-06-15,110.27999877929688,112.0999984741211,110.08999633789062,112.0,83.72223663330078,238268700
2010-06-16,111.41999816894531,112.41999816894531,111.19999694824219,111.95999908447266,83.69232177734375,216374000
2010-06-17,112.27999877929688,112.33000183105469,111.05000305175781,112.13999938964844,83.8268814086914,263185800
2010-06-18,111.83000183105469,112.12999725341797,111.37000274658203,111.7300033569336,83.91773223876953,174006600
2010-06-21,113.12000274658203,113.19999694824219,110.79000091552734,111.41000366210938,83.67740631103516,213140700
2010-06-22,111.41000366210938,111.9000015258789,109.41000366210938,109.56999969482422,82.29541778564453,239355400
2010-06-23,109.63999938964844,110.02999877929688,108.4800033569336,109.2300033569336,82.04003143310547,254639900
2010-06-24,108.69000244140625,108.83000183105469,107.13999938964844,107.41999816894531,80.68060302734375,268523600
2010-06-25,107.73999786376953,108.41999816894531,106.7699966430664,107.87000274658203,81.01856231689453,238726500
2010-06-28,108.02999877929688,108.31999969482422,107.13999938964844,107.52999877929688,80.76322937011719,169218600
2010-06-29,106.0199966430664,107.51000213623047,103.55000305175781,104.20999908447266,78.2696762084961,373649500
2010-06-30,103.91999816894531,104.87999725341797,102.87999725341797,103.22000122070312,77.52606964111328,284101700
2010-07-01,103.1500015258789,103.48999786376953,101.12999725341797,102.76000213623047,77.18055725097656,382924800
2010-07-02,103.11000061035156,103.41999816894531,101.62000274658203,102.19999694824219,76.75996398925781,233385200
2010-07-06,103.63999938964844,104.37000274658203,101.87999725341797,102.87000274658203,77.26321411132812,256935300
2010-07-07,103.12999725341797,106.23999786376953,103.0199966430664,106.11000061035156,79.69670104980469,253769400
2010-07-08,107.0,107.27999877929688,105.91000366210938,107.16000366210938,80.48534393310547,210842100
2010-07-09,107.12999725341797,107.97000122070312,106.93000030517578,107.95999908447266,81.08617401123047,144999900
2010-07-12,107.5999984741211,108.23999786376953,107.1500015258789,108.02999877929688,81.13876342773438,131283600
2010-07-13,109.1500015258789,110.08999633789062,108.93000030517578,109.66000366210938,82.36300659179688,213025900
2010-07-14,109.30999755859375,110.08000183105469,108.86000061035156,109.6500015258789,82.35549926757812,184426800
2010-07-15,109.61000061035156,110.05999755859375,108.16999816894531,109.68000030517578,82.37805938720703,232337900
2010-07-16,109.08999633789062,109.20999908447266,106.44999694824219,106.66000366210938,80.10978698730469,282693400
2010-07-19,107.05000305175781,107.62999725341797,106.22000122070312,107.29000091552734,80.58299255371094,186709000
2010-07-20,105.87000274658203,108.55999755859375,105.81999969482422,108.4800033569336,81.47676849365234,258162400
2010-07-21,109.04000091552734,109.06999969482422,106.62999725341797,107.06999969482422,80.41768646240234,264527000
2010-07-22,108.33999633789062,109.94000244140625,108.33000183105469,109.45999908447266,82.21281433105469,274781300
2010-07-23,109.23999786376953,110.56999969482422,108.93000030517578,110.41000366210938,82.92633819580078,222020800
2010-07-26,110.5999984741211,111.66999816894531,110.29000091552734,111.55999755859375,83.79003143310547,184445700
2010-07-27,112.16999816894531,112.29000091552734,111.11000061035156,111.55000305175781,83.78254699707031,204855600
2010-07-28,111.31999969482422,111.66000366210938,110.45999908447266,110.83000183105469,83.24176788330078,163056200
2010-07-29,111.5199966430664,111.81999969482422,109.41000366210938,110.29000091552734,82.83618927001953,220149100
2010-07-30,109.16999816894531,110.86000061035156,108.9800033569336,110.2699966430664,82.82115936279297,220070600
2010-08-02,111.98999786376953,112.94000244140625,111.54000091552734,112.76000213623047,84.69135284423828,188263200
2010-08-03,112.4800033569336,112.7699966430664,111.8499984741211,112.22000122070312,84.28578186035156,146657300
2010-08-04,112.52999877929688,113.11000061035156,112.16000366210938,112.97000122070312,84.84907531738281,158171700
2010-08-05,112.25,112.91000366210938,112.08000183105469,112.8499984741211,84.7589340209961,140473800
2010-08-06,111.73999786376953,112.56999969482422,110.91999816894531,112.38999938964844,84.41344451904297,239728300
2010-08-09,112.91999816894531,113.18000030517578,112.31999969482422,112.98999786376953,84.86408233642578,120800400
2010-08-10,112.02999877929688,112.9800033569336,111.37000274658203,112.37999725341797,84.40593719482422,242916300
2010-08-11,110.6500015258789,110.69000244140625,109.12000274658203,109.30000305175781,82.0926284790039,273406900
2010-08-12,107.6500015258789,109.0199966430664,107.5999984741211,108.62999725341797,81.58940887451172,239542600
2010-08-13,108.29000091552734,108.95999908447266,108.18000030517578,108.30999755859375,81.34905242919922,158698500
2010-08-16,107.56999969482422,108.61000061035156,107.18000030517578,108.26000213623047,81.31149291992188,147895300
2010-08-17,109.19000244140625,110.38999938964844,108.87999725341797,109.58999633789062,82.31044006347656,172270300
2010-08-18,109.54000091552734,110.37999725341797,108.91000366210938,109.79000091552734,82.46064758300781,182922100
2010-08-19,109.22000122070312,109.48999786376953,107.43000030517578,107.87999725341797,81.02608489990234,265847600
2010-08-20,107.55999755859375,107.94000244140625,106.75,107.52999877929688,80.76322937011719,209714200
2010-08-23,108.04000091552734,108.56999969482422,107.06999969482422,107.12000274658203,80.45526885986328,163490300
2010-08-24,105.94999694824219,106.38999938964844,104.97000122070312,105.52999877929688,79.26105499267578,280677800
2010-08-25,104.94999694824219,106.33999633789062,104.29000091552734,105.94000244140625,79.56903076171875,272234800
2010-08-26,106.44000244140625,106.58000183105469,104.87999725341797,105.2300033569336,79.03573608398438,224439500
2010-08-27,105.88999938964844,106.97000122070312,104.30999755859375,106.86000061035156,80.25999450683594,272649000
2010-08-30,106.58000183105469,106.91000366210938,105.30000305175781,105.30999755859375,79.09580993652344,167238600
2010-08-31,104.91999816894531,105.9800033569336,104.48999786376953,105.30999755859375,79.09580993652344,273933100
2010-09-01,106.7300033569336,108.61000061035156,106.66000366210938,108.45999908447266,81.46173858642578,256828100
2010-09-02,108.72000122070312,109.48999786376953,108.48999786376953,109.47000122070312,82.22032165527344,156112200
2010-09-03,110.54000091552734,110.98999786376953,109.94999694824219,110.88999938964844,83.2868423461914,212197300
2010-09-07,110.37000274658203,110.51000213623047,109.55000305175781,109.63999938964844,82.34796905517578,141973700
2010-09-08,109.86000061035156,110.8499984741211,109.80999755859375,110.41000366210938,82.92633819580078,149924400
2010-09-09,111.6500015258789,111.68000030517578,110.62000274658203,110.91999816894531,83.30936431884766,147017900
2010-09-10,111.12000274658203,111.61000061035156,110.87000274658203,111.4800033569336,83.72999572753906,127819000
2010-09-13,112.58000183105469,112.94999694824219,112.12999725341797,112.72000122070312,84.66130828857422,178503500
2010-09-14,112.5,113.29000091552734,112.08000183105469,112.6500015258789,84.6087417602539,209823600
2010-09-15,112.31999969482422,113.20999908447266,111.9800033569336,113.08000183105469,84.93170166015625,168608400
2010-09-16,112.7300033569336,113.12000274658203,112.3499984741211,113.05000305175781,84.90917205810547,199962900
2010-09-17,113.04000091552734,113.1500015258789,112.18000030517578,112.48999786376953,84.94086456298828,195836900
2010-09-20,112.87999725341797,114.45999908447266,112.5199966430664,114.20999908447266,86.23967742919922,214555200
2010-09-21,114.30000305175781,114.83999633789062,113.51000213623047,113.9800033569336,86.06597900390625,268389100
2010-09-22,113.80000305175781,114.44000244140625,113.0999984741211,113.41999816894531,85.64310455322266,191322400
2010-09-23,112.48999786376953,113.66999816894531,112.18000030517578,112.5,84.94843292236328,202354300
2010-09-24,113.75,114.9000015258789,113.6500015258789,114.81999969482422,86.70022583007812,209671800
2010-09-27,114.86000061035156,114.98999786376953,114.16000366210938,114.2699966430664,86.28490447998047,128761800
2010-09-28,114.41999816894531,115.04000091552734,113.18000030517578,114.66999816894531,86.58699798583984,209207500
2010-09-29,114.37999725341797,114.91000366210938,114.0199966430664,114.47000122070312,86.43594360351562,179665800
2010-09-30,115.05000305175781,115.79000091552734,113.58999633789062,114.12999725341797,86.1792221069336,287106700
2010-10-01,114.98999786376953,115.12000274658203,113.93000030517578,114.61000061035156,86.54171752929688,174638700
2010-10-04,114.37000274658203,114.8499984741211,113.18000030517578,113.75,85.89230346679688,166153200
2010-10-05,114.80000305175781,116.31999969482422,114.66999816894531,116.04000091552734,87.6214828491211,229634100
2010-10-06,116.0199966430664,116.33000183105469,115.55999755859375,116.02999877929688,87.61392974853516,148626600
2010-10-07,116.5,116.52999877929688,115.19000244140625,115.88999938964844,87.50822448730469,164860000
2010-10-08,116.05000305175781,116.86000061035156,115.61000061035156,116.54000091552734,87.99903869628906,177760100
2010-10-11,116.72000122070312,116.97000122070312,116.25,116.6500015258789,88.08207702636719,103098300
2010-10-12,116.2699966430664,117.3499984741211,115.6500015258789,117.01000213623047,88.35391998291016,182210000
2010-10-13,117.66000366210938,118.55000305175781,117.37999725341797,117.91999816894531,89.04104614257812,194347200
2010-10-14,117.80999755859375,118.01000213623047,116.72000122070312,117.45999908447266,88.69371032714844,217764300
2010-10-15,118.27999877929688,118.3499984741211,116.76000213623047,117.69999694824219,88.87491607666016,243705000
2010-10-18,117.73999786376953,118.66999816894531,117.30999755859375,118.27999877929688,89.31289672851562,141204800
2010-10-19,117.19000244140625,117.8499984741211,116.0199966430664,116.7300033569336,88.14252471923828,280604700
2010-10-20,116.94000244140625,118.44000244140625,116.87000274658203,117.87000274658203,89.0032958984375,200051800
2010-10-21,118.4000015258789,119.08999633789062,117.20999908447266,118.12999725341797,89.19965362548828,221585500
2010-10-22,118.30999755859375,118.52999877929688,118.0,118.3499984741211,89.36573791503906,108212400
2010-10-25,119.13999938964844,119.76000213623047,118.61000061035156,118.69999694824219,89.63001251220703,151145700
2010-10-26,118.0999984741211,118.83999633789062,117.87000274658203,118.72000122070312,89.64514923095703,158982900
2010-10-27,117.88999938964844,118.51000213623047,117.26000213623047,118.37999725341797,89.38842010498047,190024000
2010-10-28,119.05999755859375,119.11000061035156,117.83000183105469,118.4000015258789,89.40349578857422,168576000
2010-10-29,118.27999877929688,118.72000122070312,118.06999969482422,118.48999786376953,89.4714584350586,144305500
2010-11-01,119.06999969482422,119.75,117.8499984741211,118.52999877929688,89.50167846679688,174074800
2010-11-02,119.41999816894531,119.75,119.0999984741211,119.47000122070312,90.21143341064453,158345900
2010-11-03,119.68000030517578,120.0199966430664,118.44999694824219,119.94999694824219,90.57392120361328,226702800
2010-11-04,121.27999877929688,122.31999969482422,119.97000122070312,122.26000213623047,92.31815338134766,215039400
2010-11-05,122.33999633789062,122.91999816894531,122.18000030517578,122.72000122070312,92.66554260253906,180654100
2010-11-08,122.33999633789062,122.69000244140625,121.94000244140625,122.48999786376953,92.4918441772461,156107100
2010-11-09,122.81999969482422,122.94999694824219,121.12000274658203,121.61000061035156,91.82736206054688,186621600
2010-11-10,121.58000183105469,122.16000366210938,120.66000366210938,122.0999984741211,92.19734954833984,221387400
2010-11-11,121.05000305175781,121.81999969482422,120.68000030517578,121.63999938964844,91.85004425048828,158017600
2010-11-12,120.81999969482422,121.3499984741211,119.6500015258789,120.19999694824219,90.7626953125,239068800
2010-11-15,120.58000183105469,121.05000305175781,119.9800033569336,120.02999877929688,90.63430786132812,163940800
2010-11-16,119.29000091552734,119.48999786376953,117.58999633789062,118.16000366210938,89.22227478027344,299566200
2010-11-17,118.20999908447266,118.70999908447266,117.86000061035156,118.22000122070312,89.26757049560547,172308900
2010-11-18,119.36000061035156,120.38999938964844,119.3499984741211,119.95999908447266,90.5814208984375,197723700
2010-11-19,119.9000015258789,120.33999633789062,119.25,120.29000091552734,90.83065032958984,156852900
2010-11-22,119.69000244140625,120.23999786376953,118.7699966430664,120.19000244140625,90.75513458251953,181361000
2010-11-23,118.7699966430664,119.0199966430664,117.98999786376953,118.44999694824219,89.44125366210938,222309000
2010-11-24,119.19999694824219,120.2300033569336,119.18000030517578,120.19999694824219,90.7626953125,140046100
2010-11-26,119.16000366210938,119.80999755859375,118.80000305175781,118.80000305175781,89.7055435180664,76007800
2010-11-29,118.5,119.4800033569336,117.73999786376953,119.16000366210938,89.97736358642578,223642300
2010-11-30,117.9800033569336,119.16999816894531,117.80999755859375,118.48999786376953,89.4714584350586,233930700
2010-12-01,120.19999694824219,121.23999786376953,120.19000244140625,121.01000213623047,91.37429809570312,221037200
2010-12-02,121.19999694824219,122.6500015258789,121.12999725341797,122.55999755859375,92.5447006225586,191213600
2010-12-03,122.13999938964844,123.02999877929688,122.11000061035156,122.88999938964844,92.79390716552734,151288900
2010-12-06,122.62999725341797,123.04000091552734,122.5,122.76000213623047,92.69573974609375,103050500
2010-12-07,123.94000244140625,124.01000213623047,122.76000213623047,122.83000183105469,92.74860382080078,206581000
2010-12-08,122.9800033569336,123.37999725341797,122.41000366210938,123.27999877929688,93.08837127685547,138019200
2010-12-09,123.97000122070312,124.0199966430664,123.1500015258789,123.76000213623047,93.45082092285156,123705100
2010-12-10,124.13999938964844,124.5999984741211,123.7300033569336,124.4800033569336,93.99449157714844,117571700
2010-12-13,125.05000305175781,125.19999694824219,124.5199966430664,124.55999755859375,94.05491638183594,133812700
2010-12-14,124.75,125.2300033569336,124.29000091552734,124.66999816894531,94.1379623413086,147249600
2010-12-15,124.44000244140625,124.93000030517578,123.88999938964844,124.0999984741211,93.70755767822266,160823100
2010-12-16,124.18000030517578,124.91000366210938,123.75,124.81999969482422,94.2512435913086,185035200
2010-12-17,124.08000183105469,124.45999908447266,123.81999969482422,124.30000305175781,94.35220336914062,141075300
2010-12-20,124.63999938964844,124.9000015258789,123.9800033569336,124.5999984741211,94.57990264892578,119085500
2010-12-21,124.98999786376953,125.47000122070312,124.87000274658203,125.38999938964844,95.1795654296875,94965500
2010-12-22,125.4800033569336,125.81999969482422,125.41000366210938,125.77999877929688,95.47559356689453,78878100
2010-12-23,125.63999938964844,125.77999877929688,125.29000091552734,125.5999984741211,95.33894348144531,70053700
2010-12-27,125.12999725341797,125.7699966430664,125.04000091552734,125.6500015258789,95.37692260742188,58126000
2010-12-28,125.9000015258789,125.94999694824219,125.5,125.83000183105469,95.5135726928711,55309100
2010-12-29,125.9800033569336,126.19999694824219,125.9000015258789,125.91999816894531,95.58186340332031,58033100
2010-12-30,125.80000305175781,126.12999725341797,125.52999877929688,125.72000122070312,95.4300308227539,76616900
2010-12-31,125.52999877929688,125.87000274658203,125.33000183105469,125.75,95.45281982421875,91218900
2011-01-03,126.70999908447266,127.5999984741211,125.69999694824219,127.05000305175781,96.43964385986328,138725200
2011-01-04,127.33000183105469,127.37000274658203,126.19000244140625,126.9800033569336,96.386474609375,137409700
2011-01-05,126.58000183105469,127.72000122070312,126.45999908447266,127.63999938964844,96.88749694824219,133975300
2011-01-06,127.69000244140625,127.83000183105469,127.01000213623047,127.38999938964844,96.69769287109375,122519000
2011-01-07,127.55999755859375,127.7699966430664,126.1500015258789,127.13999938964844,96.50792694091797,156034600
2011-01-10,126.58000183105469,127.16000366210938,126.19999694824219,126.9800033569336,96.386474609375,122401700
2011-01-11,127.44000244140625,127.73999786376953,126.94999694824219,127.43000030517578,96.72808074951172,110287000
2011-01-12,128.2100067138672,128.72000122070312,127.45999908447266,128.5800018310547,97.60102081298828,107929200
2011-01-13,128.6300048828125,128.69000244140625,128.0500030517578,128.3699951171875,97.44160461425781,129048400
2011-01-14,128.19000244140625,129.3300018310547,128.10000610351562,129.3000030517578,98.14754486083984,117677900
2011-01-18,129.17999267578125,129.63999938964844,129.02999877929688,129.52000427246094,98.31452178955078,114401300
2011-01-19,129.41000366210938,129.5399932861328,127.91000366210938,128.25,97.3504867553711,151958400
2011-01-20,127.95999908447266,128.39999389648438,127.12999725341797,128.0800018310547,97.22144317626953,175745700
2011-01-21,128.8800048828125,129.1699981689453,128.22999572753906,128.3699951171875,97.44160461425781,151462900
2011-01-24,128.2899932861328,129.25,128.25999450683594,129.10000610351562,97.99569702148438,113715500
2011-01-25,128.75999450683594,129.27999877929688,128.11000061035156,129.1699981689453,98.048828125,167552200
2011-01-26,129.49000549316406,130.0500030517578,129.22999572753906,129.6699981689453,98.42837524414062,141281500
2011-01-27,129.6999969482422,130.2100067138672,129.47000122070312,129.99000549316406,98.6712875366211,123302700
2011-01-28,130.13999938964844,130.35000610351562,127.51000213623047,127.72000122070312,96.94820404052734,295637300
2011-01-31,128.07000732421875,128.77999877929688,127.75,128.67999267578125,97.67692565917969,149249200
2011-02-01,129.4600067138672,130.97000122070312,129.3800048828125,130.74000549316406,99.24056243896484,167194300
2011-02-02,130.39999389648438,130.83999633789062,130.3300018310547,130.49000549316406,99.05081176757812,118323600
2011-02-03,130.25999450683594,130.97999572753906,129.57000732421875,130.77999877929688,99.27095794677734,145886700
2011-02-04,130.8300018310547,131.1999969482422,130.22999572753906,131.14999389648438,99.55181884765625,134634800
2011-02-07,131.44000244140625,132.39999389648438,131.42999267578125,131.97000122070312,100.17423248291016,112439100
2011-02-08,132.08999633789062,132.63999938964844,131.72999572753906,132.57000732421875,100.62968444824219,99072800
2011-02-09,132.2100067138672,132.6300048828125,131.61000061035156,132.27000427246094,100.40196990966797,146436700
2011-02-10,131.60000610351562,132.47000122070312,131.3000030517578,132.32000732421875,100.43990325927734,162708500
2011-02-11,131.8000030517578,133.27999877929688,131.77000427246094,133.11000061035156,101.03958129882812,137710300
2011-02-14,133.02999877929688,133.5399932861328,132.8800048828125,133.42999267578125,101.28250122070312,101690700
2011-02-15,133.02000427246094,133.22000122070312,132.32000732421875,133.00999450683594,100.96369171142578,119575400
2011-02-16,133.4600067138672,134.00999450683594,133.19000244140625,133.85000610351562,101.60131072998047,130183500
2011-02-17,133.4600067138672,134.42999267578125,133.33999633789062,134.25,101.90492248535156,109810500
2011-02-18,134.3699951171875,134.69000244140625,134.05999755859375,134.52999877929688,102.11744689941406,130002400
2011-02-22,133.1199951171875,134.55999755859375,131.47000122070312,131.8300018310547,100.06795501708984,233116400
2011-02-23,131.75,132.07000732421875,130.2100067138672,131.02000427246094,99.45311737060547,227584000
2011-02-24,130.8800048828125,131.44000244140625,129.6999969482422,130.92999267578125,99.38479614257812,260431400
2011-02-25,131.47999572753906,132.41000366210938,131.39999389648438,132.3300018310547,100.44751739501953,141686900
2011-02-28,132.82000732421875,133.32000732421875,132.3800048828125,133.14999389648438,101.06991577148438,141585500
2011-03-01,133.57000732421875,133.69000244140625,130.88999938964844,130.92999267578125,99.38479614257812,258565500
2011-03-02,130.75,131.82000732421875,130.35000610351562,131.2100067138672,99.59733581542969,200277400
2011-03-03,132.39999389648438,133.6199951171875,132.38999938964844,133.47000122070312,101.31283569335938,176480100
2011-03-04,133.3699951171875,133.6300048828125,131.60000610351562,132.47000122070312,100.55372619628906,277202300
2011-03-07,132.86000061035156,133.16000366210938,130.74000549316406,131.42999267578125,99.76434326171875,216790400
2011-03-08,131.63999938964844,133.0,131.07000732421875,132.5800018310547,100.63725280761719,174615000
2011-03-09,132.32000732421875,132.8000030517578,131.60000610351562,132.38999938964844,100.4930419921875,153806000
2011-03-10,131.0,131.17999267578125,129.80999755859375,129.94000244140625,98.63333129882812,301291800
2011-03-11,129.52000427246094,131.30999755859375,129.49000549316406,130.83999633789062,99.31652069091797,225621800
2011-03-14,129.99000549316406,130.47999572753906,129.05999755859375,130.0500030517578,98.71687316894531,234974100
2011-03-15,126.58999633789062,129.3300018310547,126.5,128.55999755859375,97.5858383178711,359585400
2011-03-16,128.14999389648438,128.57000732421875,125.27999877929688,126.18000030517578,95.77926635742188,468670300
2011-03-17,128.0,128.38999938964844,127.0999984741211,127.8499984741211,97.04686737060547,254303700
2011-03-18,128.83999633789062,128.8800048828125,127.51000213623047,127.76000213623047,97.39986419677734,230435400
2011-03-21,129.35000610351562,130.00999450683594,129.1999969482422,129.74000549316406,98.90933227539062,153992600
2011-03-22,129.72000122070312,129.88999938964844,129.1699981689453,129.2899932861328,98.5662841796875,129538600
2011-03-23,128.92999267578125,130.0,128.32000732421875,129.66000366210938,98.84832763671875,148603100
2011-03-24,130.39999389648438,131.08999633789062,129.6699981689453,130.89999389648438,99.79367065429688,159129800
2011-03-25,131.24000549316406,131.8699951171875,130.88999938964844,131.3000030517578,100.09860229492188,155642800
2011-03-28,131.5800018310547,131.9199981689453,130.94000244140625,130.97999572753906,99.85466766357422,109762400
2011-03-29,130.8699951171875,131.89999389648438,130.44000244140625,131.86000061035156,100.52556610107422,129798800
2011-03-30,132.5500030517578,133.16000366210938,132.36000061035156,132.77000427246094,101.21932220458984,135835000
2011-03-31,132.60000610351562,132.9600067138672,132.4499969482422,132.58999633789062,101.08208465576172,132537100
2011-04-01,133.41000366210938,133.77000427246094,132.8300018310547,133.14999389648438,101.50899505615234,153850100
2011-04-04,133.42999267578125,133.6699981689453,132.8800048828125,133.25999450683594,101.59285736083984,100768900
2011-04-05,133.0,133.8300018310547,132.94000244140625,133.24000549316406,101.57763671875,120791500
2011-04-06,133.8800048828125,134.0,133.1199951171875,133.66000366210938,101.89778137207031,120411600
2011-04-07,133.4199981689453,133.97999572753906,132.66000366210938,133.32000732421875,101.63860321044922,170731500
2011-04-08,133.91000366210938,133.99000549316406,132.30999755859375,132.86000061035156,101.28791809082031,147945400
2011-04-11,133.0,133.4499969482422,132.13999938964844,132.4600067138672,100.98294830322266,121385400
2011-04-12,131.72000122070312,131.97999572753906,130.99000549316406,131.47000122070312,100.22822570800781,161187400
2011-04-13,132.0800018310547,132.17999267578125,130.9600067138672,131.4600067138672,100.22064208984375,162059000
2011-04-14,130.6999969482422,131.75999450683594,130.27000427246094,131.55999755859375,100.29682159423828,161220400
2011-04-15,131.8000030517578,132.3699951171875,131.41000366210938,132.0399932861328,100.66277313232422,170006700
2011-04-18,130.58999633789062,132.02999877929688,129.50999450683594,130.55999755859375,99.53448486328125,210759300
2011-04-19,130.75999450683594,131.35000610351562,130.44000244140625,131.30999755859375,100.106201171875,124258800
2011-04-20,132.8800048828125,133.38999938964844,132.7899932861328,133.10000610351562,101.47090148925781,156133800
2011-04-21,133.7899932861328,133.83999633789062,133.10000610351562,133.77999877929688,101.98930358886719,135935400
2011-04-25,133.67999267578125,133.86000061035156,133.1999969482422,133.63999938964844,101.8825454711914,65757100
2011-04-26,134.0500030517578,135.05999755859375,133.91000366210938,134.7899932861328,102.75927734375,146600000
2011-04-27,135.0500030517578,135.8699951171875,134.5,135.6699981689453,103.4301986694336,143031000
2011-04-28,135.42999267578125,136.2899932861328,135.41000366210938,136.11000061035156,103.765625,124791100
2011-04-29,136.16000366210938,136.57000732421875,135.97999572753906,136.42999267578125,104.00955963134766,115094100
2011-05-02,137.07000732421875,137.17999267578125,135.9499969482422,136.22000122070312,103.84945678710938,126278700
2011-05-03,135.9600067138672,136.19000244140625,135.0399932861328,135.72999572753906,103.47591400146484,138375000
2011-05-04,135.6699981689453,135.72999572753906,134.22999572753906,134.8300018310547,102.78976440429688,182678500
2011-05-05,134.0800018310547,134.9499969482422,133.02000427246094,133.61000061035156,101.85967254638672,226900000
2011-05-06,134.94000244140625,135.6300048828125,133.67999267578125,134.1999969482422,102.30948638916016,222787200
2011-05-09,134.19000244140625,135.11000061035156,133.97999572753906,134.72000122070312,102.70591735839844,114104500
2011-05-10,135.1699981689453,136.11000061035156,135.0,135.8699951171875,103.58264923095703,114806900
2011-05-11,135.6699981689453,135.69000244140625,133.82000732421875,134.44000244140625,102.49243927001953,193564200
2011-05-12,134.0800018310547,135.36000061035156,133.38999938964844,135.0800018310547,102.98037719726562,171550700
2011-05-13,135.14999389648438,135.33999633789062,133.55999755859375,134.0399932861328,102.18748474121094,157444900
2011-05-16,133.55999755859375,134.61000061035156,132.97000122070312,133.19000244140625,101.5395278930664,141675400
2011-05-17,132.69000244140625,133.35000610351562,132.1199951171875,133.1699981689453,101.52427673339844,192686200
2011-05-18,133.24000549316406,134.5,132.9499969482422,134.36000061035156,102.43150329589844,135217900
2011-05-19,134.8000030517578,135.02999877929688,133.94000244140625,134.67999267578125,102.67537689208984,119489500
2011-05-20,134.3300018310547,134.67999267578125,133.36000061035156,133.61000061035156,101.85967254638672,182594900
2011-05-23,131.97999572753906,132.72000122070312,131.58999633789062,132.05999755859375,100.67803955078125,168700000
2011-05-24,132.44000244140625,132.72999572753906,131.6999969482422,131.9499969482422,100.59415435791016,147199600
2011-05-25,131.4199981689453,132.94000244140625,131.3800048828125,132.38999938964844,100.92961883544922,151050100
2011-05-26,132.02999877929688,133.24000549316406,131.77999877929688,133.0,101.39463806152344,164850000
2011-05-27,133.3699951171875,133.8699951171875,132.9600067138672,133.50999450683594,101.78343963623047,120921900
2011-05-31,134.77000427246094,134.9199981689453,133.83999633789062,134.89999389648438,102.84315490722656,164731200
2011-06-01,134.50999450683594,134.9199981689453,131.75999450683594,131.8699951171875,100.533203125,233094300
2011-06-02,131.9600067138672,132.24000549316406,130.9600067138672,131.72999572753906,100.42640686035156,200466800
2011-06-03,130.14999389648438,131.4199981689453,130.0800018310547,130.4199981689453,99.42770385742188,234690200
2011-06-06,130.08999633789062,130.36000061035156,128.8699951171875,129.0399932861328,98.37568664550781,179951200
2011-06-07,129.6999969482422,130.07000732421875,128.85000610351562,128.9600067138672,98.31466674804688,161660500
2011-06-08,128.75999450683594,129.19000244140625,128.17999267578125,128.4199981689453,97.90300750732422,198696400
2011-06-09,128.77000427246094,129.92999267578125,128.4600067138672,129.39999389648438,98.65013122558594,160964400
2011-06-10,128.85000610351562,128.92999267578125,127.26000213623047,127.5999984741211,97.27787017822266,238629400
2011-06-13,127.88999938964844,128.24000549316406,127.05000305175781,127.69999694824219,97.3541259765625,207599800
2011-06-14,128.8699951171875,129.77000427246094,128.82000732421875,129.32000732421875,98.58914947509766,160570400
2011-06-15,128.24000549316406,129.3000030517578,126.68000030517578,127.0199966430664,96.835693359375,300958000
2011-06-16,127.05999755859375,127.97000122070312,126.31999969482422,127.30000305175781,97.04918670654297,308032800
2011-06-17,127.93000030517578,127.94000244140625,126.62000274658203,127.05000305175781,97.33878326416016,233284900
2011-06-20,126.62000274658203,127.97000122070312,126.58000183105469,127.69999694824219,97.83678436279297,159479000
2011-06-21,128.36000061035156,129.6999969482422,127.75,129.4499969482422,99.17755126953125,193157300
2011-06-22,129.0500030517578,129.80999755859375,128.58999633789062,128.6699981689453,98.5799331665039,176703000
2011-06-23,127.16000366210938,128.63999938964844,126.19000244140625,128.3000030517578,98.29644775390625,334286500
2011-06-24,128.27000427246094,128.3699951171875,126.62000274658203,126.80999755859375,97.15489959716797,226129300
2011-06-27,126.88999938964844,128.42999267578125,126.63999938964844,127.94000244140625,98.02064514160156,168904700
2011-06-28,128.4499969482422,129.6300048828125,128.27000427246094,129.61000061035156,99.30010986328125,165556300
2011-06-29,130.1999969482422,130.92999267578125,129.6300048828125,130.72000122070312,100.15049743652344,244295500
2011-06-30,131.13999938964844,132.17999267578125,130.7100067138672,131.97000122070312,101.10820770263672,223322700
2011-07-01,132.08999633789062,134.10000610351562,131.77999877929688,133.9199981689453,102.60218811035156,202385700
2011-07-05,133.77999877929688,134.0800018310547,133.38999938964844,133.80999755859375,102.51790618896484,165936000
2011-07-06,133.49000549316406,134.13999938964844,133.11000061035156,133.97000122070312,102.64051055908203,143331600
2011-07-07,135.16000366210938,135.6999969482422,134.8800048828125,135.36000061035156,103.70543670654297,170464200
2011-07-08,133.8300018310547,135.36000061035156,133.38999938964844,134.39999389648438,102.9699478149414,194100500
2011-07-11,132.75,133.17999267578125,131.66000366210938,131.97000122070312,101.10820770263672,195918600
2011-07-12,131.69000244140625,132.77999877929688,131.36000061035156,131.39999389648438,100.67150115966797,214675700
2011-07-13,132.08999633789062,133.22000122070312,131.52000427246094,131.83999633789062,101.00861358642578,204062600
2011-07-14,132.1699981689453,132.77999877929688,130.67999267578125,130.92999267578125,100.3114242553711,226111800
2011-07-15,131.66000366210938,131.8699951171875,130.77000427246094,131.69000244140625,100.89369201660156,220012800
2011-07-18,131.0800018310547,131.27999877929688,129.6300048828125,130.61000061035156,100.06624603271484,196872100
2011-07-19,131.33999633789062,132.88999938964844,131.30999755859375,132.72999572753906,101.6904525756836,166554900
2011-07-20,133.07000732421875,133.14999389648438,132.4199981689453,132.64999389648438,101.62918853759766,137145400
2011-07-21,133.39999389648438,134.82000732421875,132.6699981689453,134.49000549316406,103.03892517089844,245246300
2011-07-22,134.52000427246094,134.72000122070312,133.75999450683594,134.5800018310547,103.10783386230469,126019400
2011-07-25,133.3000030517578,134.49000549316406,133.16000366210938,133.8300018310547,102.53325653076172,136653800
2011-07-26,133.74000549316406,133.9600067138672,133.02999877929688,133.3300018310547,102.150146484375,131278200
2011-07-27,132.58999633789062,132.6300048828125,130.42999267578125,130.60000610351562,100.05858612060547,249020100
2011-07-28,130.60000610351562,131.77000427246094,130.00999450683594,130.22000122070312,99.76746368408203,207939900
2011-07-29,128.91000366210938,130.5500030517578,127.97000122070312,129.3300018310547,99.0855941772461,307038400
2011-08-01,130.83999633789062,130.9600067138672,127.52999877929688,128.77999877929688,98.66419219970703,325790900
2011-08-02,127.80999755859375,128.5,125.48999786376953,125.48999786376953,96.14359283447266,346653800
2011-08-03,125.66000366210938,126.30999755859375,123.52999877929688,126.16999816894531,96.66454315185547,370830800
2011-08-04,124.41999816894531,124.62000274658203,120.05999755859375,120.26000213623047,92.13665008544922,520721800
2011-08-05,121.76000213623047,122.06999969482422,116.86000061035156,120.08000183105469,91.99874114990234,655619200
2011-08-08,116.91000366210938,120.12000274658203,112.0199966430664,112.26000213623047,86.00747680664062,702263900
2011-08-09,114.06999969482422,117.63999938964844,110.2699966430664,117.4800033569336,90.00675964355469,717828700
2011-08-10,115.26000213623047,116.27999877929688,111.94999694824219,112.29000091552734,86.03046417236328,662607400
2011-08-11,113.26000213623047,118.91999816894531,112.31999969482422,117.33000183105469,89.89183807373047,487979700
2011-08-12,118.4000015258789,119.20999908447266,117.27999877929688,118.12000274658203,90.49710083007812,313731600
2011-08-15,119.19000244140625,120.73999786376953,119.0,120.62000274658203,92.41246032714844,258810600
2011-08-16,119.47000122070312,120.69000244140625,118.30999755859375,119.58999633789062,91.62333679199219,294095200
2011-08-17,120.25,121.19999694824219,118.72000122070312,119.66999816894531,91.68461608886719,238201100
2011-08-18,116.5,119.70999908447266,113.38999938964844,114.51000213623047,87.7313232421875,512956300
2011-08-19,112.95999908447266,115.87999725341797,112.5,112.63999938964844,86.29862213134766,428281300
2011-08-22,115.16999816894531,115.2300033569336,112.41000366210938,112.7300033569336,86.36756134033203,275090600
2011-08-23,113.1500015258789,116.56999969482422,112.58000183105469,116.44000244140625,89.2099838256836,331136600
2011-08-24,116.19000244140625,118.23999786376953,115.91999816894531,118.08000183105469,90.46643829345703,246869700
2011-08-25,118.7300033569336,119.4000015258789,115.87000274658203,116.27999877929688,89.08738708496094,312365400
2011-08-26,115.69000244140625,118.51000213623047,113.8499984741211,117.97000122070312,90.3821792602539,314495900
2011-08-29,119.55999755859375,121.43000030517578,118.05999755859375,121.36000061035156,92.97937774658203,190977200
2011-08-30,120.83000183105469,122.43000030517578,119.26000213623047,121.68000030517578,93.22454833984375,241315700
2011-08-31,122.45999908447266,123.51000213623047,121.30000305175781,122.22000122070312,93.63827514648438,301828400
2011-09-01,122.29000091552734,123.4000015258789,120.77999877929688,120.94000244140625,92.65763854980469,254585900
2011-09-02,118.41999816894531,120.87000274658203,117.43000030517578,117.8499984741211,90.29022979736328,255517200
2011-09-06,114.38999938964844,117.16000366210938,114.37999725341797,116.98999786376953,89.63134002685547,285130500
2011-09-07,118.76000213623047,120.33999633789062,118.36000061035156,120.29000091552734,92.15962982177734,209803200
2011-09-08,119.56999969482422,120.94000244140625,118.7699966430664,119.04000091552734,91.20195007324219,250568200
2011-09-09,117.68000030517578,119.05999755859375,115.27999877929688,115.91999816894531,88.81156921386719,380195100
2011-09-12,114.47000122070312,116.76000213623047,114.05000305175781,116.66999816894531,89.38615417480469,305793500
2011-09-13,117.05000305175781,118.18000030517578,116.22000122070312,117.73999786376953,90.20597076416016,272514700
2011-09-14,118.33999633789062,120.80000305175781,116.72000122070312,119.37000274658203,91.45477294921875,319389500
2011-09-15,120.6500015258789,121.47000122070312,119.4000015258789,121.43000030517578,93.03302001953125,326777200
2011-09-16,121.29000091552734,121.97000122070312,120.31999969482422,121.5199966430664,93.58364868164062,284528300
2011-09-19,119.52999877929688,120.93000030517578,118.72000122070312,120.30999755859375,92.65180969238281,241517000
2011-09-20,120.81999969482422,121.98999786376953,120.01000213623047,120.16999816894531,92.54403686523438,218932200
2011-09-21,120.2300033569336,120.5999984741211,116.44000244140625,116.62999725341797,89.81779479980469,316251300
2011-09-22,113.25,114.20999908447266,111.30000305175781,112.86000061035156,86.91451263427734,513911300
2011-09-23,112.11000061035156,114.16000366210938,112.0199966430664,113.54000091552734,87.43821716308594,307242500
2011-09-26,114.61000061035156,116.4000015258789,112.9800033569336,116.23999786376953,89.51748657226562,260673700
2011-09-27,118.52999877929688,119.55999755859375,116.83999633789062,117.54000091552734,90.51863098144531,311753900
2011-09-28,117.77999877929688,118.48999786376953,114.97000122070312,115.13999938964844,88.67037200927734,286696800
2011-09-29,117.05000305175781,117.62999725341797,113.93000030517578,116.05000305175781,89.37115478515625,298108900
2011-09-30,114.44999694824219,115.44999694824219,113.06999969482422,113.1500015258789,87.13782501220703,288392300
2011-10-03,112.48999786376953,113.94999694824219,109.80999755859375,109.93000030517578,84.6580810546875,365136800
2011-10-04,108.3499984741211,112.58000183105469,107.43000030517578,112.33999633789062,86.51404571533203,459177500
2011-10-05,112.62000274658203,114.72000122070312,111.58000183105469,114.41999816894531,88.11589813232422,284108000
2011-10-06,114.36000061035156,116.66000366210938,113.51000213623047,116.48999786376953,89.71001434326172,257800800
2011-10-07,117.16999816894531,117.25,115.05999755859375,115.70999908447266,89.10932159423828,312657900
2011-10-10,117.68000030517578,119.62999725341797,117.66999816894531,119.58000183105469,92.08965301513672,230666300
2011-10-11,118.87000274658203,120.04000091552734,118.75,119.69999694824219,92.18206787109375,209088000
2011-10-12,120.5999984741211,122.13999938964844,120.33000183105469,120.75,92.99064636230469,281544900
2011-10-13,120.04000091552734,120.87000274658203,119.12000274658203,120.51000213623047,92.80587005615234,212538800
2011-10-14,121.91000366210938,122.5999984741211,121.2300033569336,122.56999969482422,94.39226531982422,211397600
2011-10-17,121.98999786376953,122.55000305175781,119.93000030517578,120.2300033569336,92.5902099609375,202311600
2011-10-18,120.13999938964844,123.5,119.19999694824219,122.58000183105469,94.39998626708984,318857900
2011-10-19,122.37999725341797,123.08000183105469,120.70999908447266,121.12999725341797,93.28328704833984,226601300
2011-10-20,121.43000030517578,122.0999984741211,119.81999969482422,121.66000366210938,93.69146728515625,262075600
2011-10-21,123.08999633789062,124.12000274658203,122.72000122070312,123.97000122070312,95.4704360961914,278999400
2011-10-24,124.16999816894531,125.80000305175781,124.05999755859375,125.48999786376953,96.6409912109375,203215600
2011-10-25,124.88999938964844,124.94999694824219,122.77999877929688,123.05000305175781,94.76194763183594,268596800
2011-10-26,124.3499984741211,124.7699966430664,122.20999908447266,124.30000305175781,95.72456359863281,289053800
2011-10-27,127.62999725341797,129.4199981689453,126.61000061035156,128.6300048828125,99.05916595458984,393220200
2011-10-28,128.0,128.85000610351562,127.80000305175781,128.60000610351562,99.03602600097656,225906500
2011-10-31,127.16000366210938,128.6199951171875,125.31999969482422,125.5,96.64869689941406,228146700
2011-11-01,122.02999877929688,123.51000213623047,121.5199966430664,122.0,93.95333099365234,416565800
2011-11-02,123.83000183105469,124.4000015258789,122.79000091552734,123.98999786376953,95.48580169677734,244717600
2011-11-03,125.2699966430664,126.5,123.5999984741211,126.25,97.22625732421875,291174800
2011-11-04,125.2300033569336,125.69999694824219,124.01000213623047,125.4800033569336,96.63328552246094,249401600
2011-11-07,125.38999938964844,126.38999938964844,124.19999694824219,126.26000213623047,97.23399353027344,196617200
2011-11-08,126.91999816894531,128.02000427246094,125.70999908447266,127.87999725341797,98.48151397705078,224426300
2011-11-09,124.88999938964844,125.80000305175781,122.86000061035156,123.16000366210938,94.84661865234375,337982000
2011-11-10,124.79000091552734,124.94000244140625,123.0199966430664,124.31999969482422,95.73995208740234,231866500
2011-11-11,125.83000183105469,126.98999786376953,125.79000091552734,126.66000366210938,97.5420150756836,189924400
2011-11-14,126.19000244140625,127.44999694824219,124.91999816894531,125.45999908447266,96.61788940429688,159258300
2011-11-15,125.16999816894531,126.75,124.72000122070312,126.08000183105469,97.09536743164062,184709400
2011-11-16,124.80999755859375,126.33999633789062,123.9000015258789,124.08000183105469,95.55516052246094,235782500
2011-11-17,123.8499984741211,124.16000366210938,121.2300033569336,122.11000061035156,94.0379867553711,331219600
2011-11-18,122.5,122.75,121.47000122070312,121.9800033569336,93.93791198730469,215580400
2011-11-21,120.19999694824219,120.3499984741211,118.6500015258789,119.66000366210938,92.15128326416016,229611600
2011-11-22,119.4000015258789,120.0999984741211,118.5199966430664,119.19000244140625,91.78931427001953,216494900
2011-11-23,118.06999969482422,119.19000244140625,116.55999755859375,116.55999755859375,89.76392364501953,224329100
2011-11-25,116.37999725341797,117.69999694824219,116.19999694824219,116.33999633789062,89.59447479248047,99557000
2011-11-28,119.54000091552734,120.18000030517578,118.81999969482422,119.70999908447266,92.18974304199219,210686000
2011-11-29,120.05000305175781,121.0,119.61000061035156,120.05000305175781,92.45162963867188,199241500
2011-11-30,123.48999786376953,125.22000122070312,120.0,124.98999786376953,96.25592041015625,324439500
2011-12-01,124.8499984741211,125.63999938964844,124.43000030517578,124.97000122070312,96.24053955078125,176954800
2011-12-02,126.12000274658203,126.5,124.77999877929688,124.86000061035156,96.15581512451172,221109700
2011-12-05,126.83999633789062,127.18000030517578,125.44000244140625,126.22000122070312,97.20320129394531,225263900
2011-12-06,126.20999908447266,127.11000061035156,125.76000213623047,126.26000213623047,97.23399353027344,178842100
2011-12-07,125.83999633789062,127.26000213623047,124.97000122070312,126.7300033569336,97.59591674804688,237802500
2011-12-08,125.9000015258789,126.18000030517578,123.6500015258789,123.94999694824219,95.45500183105469,240862800
2011-12-09,124.51000213623047,126.37000274658203,124.4000015258789,126.05000305175781,97.07225036621094,209111400
2011-12-12,124.94999694824219,124.97000122070312,123.16000366210938,124.20999908447266,95.6552505493164,215826100
2011-12-13,124.86000061035156,125.56999969482422,122.44999694824219,123.05000305175781,94.76194763183594,245159800
2011-12-14,122.55999755859375,123.02999877929688,121.47000122070312,121.73999786376953,93.75306701660156,238618800
2011-12-15,123.02999877929688,123.19999694824219,121.98999786376953,122.18000030517578,94.09193420410156,199109200
2011-12-16,122.2300033569336,122.94999694824219,121.30000305175781,121.58999633789062,94.23145294189453,220481400
2011-12-19,122.05999755859375,122.31999969482422,120.02999877929688,120.29000091552734,93.22393798828125,183903000
2011-12-20,122.18000030517578,124.13999938964844,120.37000274658203,123.93000030517578,96.04490661621094,225418100
2011-12-21,123.93000030517578,124.36000061035156,122.75,124.16999816894531,96.23091125488281,194230900
2011-12-22,124.62999725341797,125.4000015258789,124.2300033569336,125.2699966430664,97.08340454101562,119465400
2011-12-23,125.66999816894531,126.43000030517578,125.41000366210938,126.38999938964844,97.95137786865234,92187200
2011-12-27,126.16999816894531,126.81999969482422,126.05999755859375,126.48999786376953,98.02888488769531,86075700
2011-12-28,126.51000213623047,126.52999877929688,124.7300033569336,124.83000183105469,96.7424087524414,119107100
2011-12-29,125.23999786376953,126.25,124.86000061035156,126.12000274658203,97.74215698242188,123507200
2011-12-30,126.0199966430664,126.33000183105469,125.5,125.5,97.26166534423828,95599000
2012-01-03,127.76000213623047,128.3800048828125,127.43000030517578,127.5,98.8116455078125,193697900
2012-01-04,127.19999694824219,127.80999755859375,126.70999908447266,127.69999694824219,98.96659851074219,127186500
2012-01-05,127.01000213623047,128.22999572753906,126.43000030517578,128.0399932861328,99.23013305664062,173895000
2012-01-06,128.1999969482422,128.22000122070312,127.29000091552734,127.70999908447266,98.97441864013672,148050000
2012-01-09,128.0,128.17999267578125,127.41000366210938,128.02000427246094,99.21466064453125,99530200
2012-01-10,129.38999938964844,129.64999389648438,128.9499969482422,129.1300048828125,100.07488250732422,115282000
2012-01-11,128.72999572753906,129.3699951171875,128.52000427246094,129.1999969482422,100.129150390625,111540700
2012-01-12,129.57000732421875,129.6999969482422,128.5399932861328,129.50999450683594,100.3693618774414,118983700
2012-01-13,128.63999938964844,129.0500030517578,127.72000122070312,128.83999633789062,99.85012817382812,179836200
2012-01-17,130.0800018310547,130.32000732421875,128.89999389648438,129.33999633789062,100.23761749267578,132209200
2012-01-18,129.30999755859375,130.83999633789062,129.0800018310547,130.77000427246094,101.34587860107422,163395200
2012-01-19,131.22000122070312,131.57000732421875,130.8000030517578,131.4600067138672,101.880615234375,126328900
2012-01-20,131.24000549316406,131.9499969482422,130.9199981689453,131.9499969482422,102.26036834716797,138230200
2012-01-23,131.50999450683594,132.25,130.97999572753906,131.61000061035156,101.99687957763672,129295800
2012-01-24,130.8000030517578,131.5,130.60000610351562,131.4600067138672,101.880615234375,103083300
2012-01-25,131.25999450683594,132.8699951171875,130.75,132.55999755859375,102.73311614990234,198613200
2012-01-26,133.14999389648438,133.39999389648438,131.36000061035156,131.8800048828125,102.20612335205078,184880500
2012-01-27,131.24000549316406,132.0500030517578,131.14999389648438,131.82000732421875,102.15959930419922,135259100
2012-01-30,130.50999450683594,131.44000244140625,130.05999755859375,131.3699951171875,101.81085968017578,147311800
2012-01-31,132.02000427246094,132.17999267578125,130.67999267578125,131.32000732421875,101.77207946777344,157212000
2012-02-01,132.2899932861328,133.13999938964844,132.1300048828125,132.47000122070312,102.663330078125,166234500
2012-02-02,132.72999572753906,133.02000427246094,132.2100067138672,132.67999267578125,102.82609558105469,113090400
2012-02-03,134.0,134.6199951171875,133.77000427246094,134.5399932861328,104.26757049560547,160598500
2012-02-06,133.97999572753906,134.50999450683594,133.8300018310547,134.4499969482422,104.19783782958984,107694500
2012-02-07,134.1699981689453,135.02000427246094,133.63999938964844,134.7899932861328,104.46131896972656,135528100
2012-02-08,134.86000061035156,135.22000122070312,134.30999755859375,135.19000244140625,104.77133178710938,139361400
2012-02-09,135.41000366210938,135.58999633789062,134.55999755859375,135.36000061035156,104.90306854248047,148602900
2012-02-10,134.16000366210938,134.47000122070312,133.83999633789062,134.36000061035156,104.12812042236328,167907500
2012-02-13,135.32000732421875,135.52000427246094,134.74000549316406,135.36000061035156,104.90306854248047,115841900
2012-02-14,135.0,135.27000427246094,134.25,135.19000244140625,104.77133178710938,165329500
2012-02-15,135.6300048828125,135.8300018310547,134.2899932861328,134.55999755859375,104.28311157226562,195195100
2012-02-16,134.57000732421875,136.1699981689453,134.3300018310547,136.0500030517578,105.43783569335938,186567800
2012-02-17,136.52000427246094,136.6300048828125,135.9600067138672,136.41000366210938,105.7168197631836,129869400
2012-02-21,136.72999572753906,137.0500030517578,136.0500030517578,136.47000122070312,105.7633056640625,134042300
2012-02-22,136.25999450683594,136.5500030517578,135.7899932861328,136.02999877929688,105.42231750488281,124455300
2012-02-23,135.9600067138672,136.72999572753906,135.5,136.6300048828125,105.88734436035156,137704300
2012-02-24,136.92999267578125,137.1999969482422,136.6300048828125,136.92999267578125,106.11979675292969,105539100
2012-02-27,136.02000427246094,137.52999877929688,135.8000030517578,137.16000366210938,106.29808807373047,145728900
2012-02-28,137.1999969482422,137.72000122070312,136.92999267578125,137.55999755859375,106.60807800292969,129355900
2012-02-29,137.75999450683594,138.19000244140625,136.5399932861328,137.02000427246094,106.18953704833984,185934700
2012-03-01,137.30999755859375,137.99000549316406,136.92999267578125,137.72999572753906,106.73981475830078,145023500
2012-03-02,137.63999938964844,137.82000732421875,137.0,137.30999755859375,106.41432189941406,120638300
2012-03-05,137.10000610351562,137.1999969482422,136.27999877929688,136.75,105.98033142089844,140765000
2012-03-06,135.35000610351562,135.42999267578125,134.36000061035156,134.75,104.43033599853516,202129900
2012-03-07,135.05999755859375,135.91000366210938,134.92999267578125,135.69000244140625,105.15882873535156,143692200
2012-03-08,136.52000427246094,137.32000732421875,136.24000549316406,137.0399932861328,106.20507049560547,116968900
2012-03-09,137.3000030517578,137.92999267578125,137.1300048828125,137.57000732421875,106.6158218383789,122836800
2012-03-12,137.5500030517578,137.75999450683594,137.08999633789062,137.5800018310547,106.62359619140625,104003500
2012-03-13,138.32000732421875,140.1300048828125,138.08999633789062,140.05999755859375,108.5455551147461,184090500
2012-03-14,140.10000610351562,140.4499969482422,139.47999572753906,139.91000366210938,108.4292984008789,145163600
2012-03-15,140.1199951171875,140.77999877929688,139.75999450683594,140.72000122070312,109.0570297241211,165118500
2012-03-16,140.36000061035156,140.47999572753906,140.0,140.3000030517578,109.20805358886719,152893500
2012-03-19,140.2100067138672,141.27999877929688,140.11000061035156,140.85000610351562,109.63619995117188,125291100
2012-03-20,140.0500030517578,140.61000061035156,139.63999938964844,140.44000244140625,109.31705474853516,121729700
2012-03-21,140.52000427246094,140.64999389648438,139.9199981689453,140.2100067138672,109.13800811767578,122388400
2012-03-22,139.17999267578125,139.5500030517578,138.74000549316406,139.1999969482422,108.351806640625,135216700
2012-03-23,139.32000732421875,139.80999755859375,138.5500030517578,139.64999389648438,108.7021255493164,120521000
2012-03-26,140.64999389648438,141.61000061035156,140.60000610351562,141.61000061035156,110.2277603149414,120164000
2012-03-27,141.74000549316406,141.8300018310547,141.0800018310547,141.1699981689453,109.88526153564453,119868500
2012-03-28,141.10000610351562,141.32000732421875,139.63999938964844,140.47000122070312,109.34040069580078,148562100
2012-03-29,139.63999938964844,140.49000549316406,139.08999633789062,140.22999572753906,109.15357208251953,164963700
2012-03-30,140.9199981689453,141.0500030517578,140.0500030517578,140.80999755859375,109.60503387451172,135486800
2012-04-02,140.63999938964844,142.2100067138672,140.36000061035156,141.83999633789062,110.40679931640625,151741100
2012-04-03,141.63999938964844,141.8800048828125,140.42999267578125,141.25999450683594,109.95535278320312,155806700
2012-04-04,140.22000122070312,140.33999633789062,139.33999633789062,139.86000061035156,108.86558532714844,146896000
2012-04-05,139.3800048828125,140.1999969482422,139.25999450683594,139.7899932861328,108.81108093261719,137439400
2012-04-09,138.02999877929688,139.83999633789062,137.83999633789062,138.22000122070312,107.58904266357422,127555900
2012-04-10,137.9499969482422,138.33999633789062,135.75999450683594,135.89999389648438,105.7831802368164,235360300
2012-04-11,137.2899932861328,137.5399932861328,136.75,137.0,106.63939666748047,154133000
2012-04-12,137.1300048828125,138.89999389648438,137.02999877929688,138.7899932861328,108.03270721435547,154321500
2012-04-13,138.47000122070312,138.82000732421875,137.00999450683594,137.13999938964844,106.74832916259766,169246700
2012-04-16,137.83999633789062,138.0399932861328,136.5800018310547,137.0500030517578,106.67829895019531,147825300
2012-04-17,137.83999633789062,139.36000061035156,137.6999969482422,139.0800018310547,108.2583999633789,147877600
2012-04-18,138.4600067138672,139.0800018310547,138.3800048828125,138.61000061035156,107.892578125,123884200
2012-04-19,138.6300048828125,139.14999389648438,137.07000732421875,137.72000122070312,107.1998291015625,198666700
2012-04-20,138.3300018310547,138.8300018310547,137.8699951171875,137.9499969482422,107.37887573242188,143199600
2012-04-23,136.5399932861328,136.91000366210938,135.94000244140625,136.7899932861328,106.47593688964844,171844900
2012-04-24,136.91000366210938,137.66000366210938,136.8000030517578,137.30999755859375,106.88064575195312,137484200
2012-04-25,138.64999389648438,139.25,138.52999877929688,139.19000244140625,108.34403228759766,150252200
2012-04-26,138.88999938964844,140.32000732421875,138.80999755859375,140.16000366210938,109.09906768798828,136291600
2012-04-27,140.5800018310547,140.7899932861328,139.8000030517578,140.38999938964844,109.27815246582031,130725000
2012-04-30,140.11000061035156,140.2100067138672,139.49000549316406,139.8699951171875,108.87336730957031,115092200
2012-05-01,139.7899932861328,141.66000366210938,139.6300048828125,140.74000549316406,109.550537109375,138832200
2012-05-02,139.9199981689453,140.4600067138672,139.4600067138672,140.32000732421875,109.22366333007812,121081000
2012-05-03,140.33999633789062,140.4499969482422,138.99000549316406,139.25,108.39075469970703,143759700
2012-05-04,138.52000427246094,139.3000030517578,136.9199981689453,137.0,106.63939666748047,193927300
2012-05-07,136.50999450683594,137.55999755859375,136.4600067138672,137.10000610351562,106.71720123291016,127765900
2012-05-08,136.27999877929688,136.77000427246094,134.9199981689453,136.5500030517578,106.28915405273438,213377700
2012-05-09,135.10000610351562,136.61000061035156,134.49000549316406,135.74000549316406,105.65861511230469,220752500
2012-05-10,136.67999267578125,136.85000610351562,135.7100067138672,136.02000427246094,105.87657165527344,150600000
2012-05-11,135.1699981689453,136.8699951171875,135.11000061035156,135.61000061035156,105.55741119384766,153032400
2012-05-14,134.30999755859375,135.61000061035156,133.91000366210938,134.11000061035156,104.38985443115234,163910000
2012-05-15,134.02000427246094,134.80999755859375,133.1300048828125,133.33999633789062,103.79048919677734,207629300
2012-05-16,133.94000244140625,134.5500030517578,132.8000030517578,132.8300018310547,103.39347839355469,207265500
2012-05-17,132.86000061035156,133.02000427246094,130.7899932861328,130.86000061035156,101.8600845336914,247992900
2012-05-18,131.3699951171875,131.60000610351562,129.5500030517578,129.74000549316406,100.98827362060547,319615900
2012-05-21,130.16000366210938,132.02000427246094,129.9499969482422,131.97000122070312,102.72406768798828,177861100
2012-05-22,132.30999755859375,133.22999572753906,131.33999633789062,132.1999969482422,102.9030990600586,197531200
2012-05-23,131.25,132.4600067138672,129.99000549316406,132.27000427246094,102.95759582519531,204958400
2012-05-24,132.6300048828125,132.83999633789062,131.4199981689453,132.52999877929688,103.15998077392578,167357600
2012-05-25,132.47999572753906,132.85000610351562,131.77999877929688,132.10000610351562,102.8252944946289,135465600
2012-05-29,133.16000366210938,133.92999267578125,131.1699981689453,133.6999969482422,104.07071685791016,152883500
2012-05-30,132.55999755859375,133.69000244140625,131.49000549316406,131.75999450683594,102.56063079833984,162370400
2012-05-31,131.7100067138672,132.4499969482422,130.33999633789062,131.47000122070312,102.33487701416016,196186000
2012-06-01,129.41000366210938,131.5,128.16000366210938,128.16000366210938,99.75841522216797,253240900
2012-06-04,128.38999938964844,128.74000549316406,127.13999938964844,128.10000610351562,99.71171569824219,202545800
2012-06-05,127.8499984741211,129.25999450683594,127.77999877929688,129.07000732421875,100.46672821044922,164149400
2012-06-06,129.97000122070312,132.02999877929688,129.92999267578125,131.97000122070312,102.72406768798828,184202800
2012-06-07,133.47000122070312,133.52999877929688,131.77999877929688,132.0500030517578,102.78634643554688,184772700
2012-06-08,131.7100067138672,133.1300048828125,131.2899932861328,133.10000610351562,103.60368347167969,143915400
2012-06-11,134.1699981689453,134.25,131.27999877929688,131.41000366210938,102.28816223144531,169756100
2012-06-12,131.7899932861328,133.00999450683594,131.16000366210938,132.9199981689453,103.46353912353516,181931800
2012-06-13,132.52999877929688,133.36000061035156,131.6199951171875,132.07000732421875,102.8019027709961,172223900
2012-06-14,132.33999633789062,134.0,131.97999572753906,133.47000122070312,103.89164733886719,230615500
2012-06-15,133.3800048828125,134.25999450683594,133.10000610351562,134.13999938964844,104.95417022705078,169444500
2012-06-18,133.5800018310547,134.72999572753906,133.27999877929688,134.39999389648438,105.15764617919922,131360900
2012-06-19,135.0800018310547,136.25,134.3699951171875,135.6999969482422,106.1748046875,137382600
2012-06-20,135.7100067138672,136.10000610351562,134.27000427246094,135.47999572753906,106.00263977050781,206451800
2012-06-21,135.63999938964844,135.77999877929688,132.3300018310547,132.44000244140625,103.62409210205078,205272200
2012-06-22,133.1300048828125,133.7100067138672,132.6199951171875,133.4600067138672,104.42215728759766,130029200
2012-06-25,132.0500030517578,132.10000610351562,130.85000610351562,131.32000732421875,102.74773406982422,146375700
2012-06-26,131.6999969482422,132.3800048828125,130.92999267578125,131.97999572753906,103.26414489746094,141634000
2012-06-27,132.4199981689453,133.42999267578125,131.97000122070312,133.1699981689453,104.19523620605469,108088000
2012-06-28,132.2899932861328,132.99000549316406,131.27999877929688,132.7899932861328,103.89789581298828,169242100
2012-06-29,135.1999969482422,136.27000427246094,134.85000610351562,136.10000610351562,106.48775482177734,212250900
2012-07-02,136.47999572753906,136.64999389648438,135.52000427246094,136.50999450683594,106.80854034423828,129524500
2012-07-03,136.47999572753906,137.50999450683594,136.33999633789062,137.41000366210938,107.51274108886719,80450000
2012-07-05,136.89999389648438,137.8000030517578,136.2899932861328,136.7899932861328,107.02764129638672,126177500
2012-07-06,135.47000122070312,135.77000427246094,134.85000610351562,135.49000549316406,106.0104751586914,151192100
2012-07-09,135.3800048828125,135.57000732421875,134.6999969482422,135.32000732421875,105.87744140625,103780500
2012-07-10,136.00999450683594,136.22999572753906,133.67999267578125,134.13999938964844,104.95417022705078,167884800
2012-07-11,134.2100067138672,134.60000610351562,133.3800048828125,134.16000366210938,104.96984100341797,141733400
2012-07-12,133.3800048828125,134.22999572753906,132.60000610351562,133.50999450683594,104.46124267578125,143583200
2012-07-13,133.86000061035156,135.88999938964844,133.83999633789062,135.75,106.2138900756836,129642600
2012-07-16,135.44000244140625,135.8300018310547,134.89999389648438,135.42999267578125,105.96351623535156,97525200
2012-07-17,135.97000122070312,136.63999938964844,134.5500030517578,136.36000061035156,106.69121551513672,138860300
2012-07-18,136.0399932861328,137.63999938964844,135.9600067138672,137.3699951171875,107.48140716552734,113349700
2012-07-19,137.64999389648438,138.17999267578125,137.2100067138672,137.72999572753906,107.76311492919922,129847300
2012-07-20,136.9499969482422,137.16000366210938,136.32000732421875,136.47000122070312,106.77726745605469,142904500
2012-07-23,134.47000122070312,136.3800048828125,133.83999633789062,135.08999633789062,105.6974868774414,145210900
2012-07-24,135.19000244140625,135.25,133.02999877929688,133.92999267578125,104.78988647460938,173301200
2012-07-25,134.2100067138672,134.55999755859375,133.25,133.9600067138672,104.81338500976562,129122300
2012-07-26,135.88999938964844,136.4600067138672,135.25999450683594,136.1699981689453,106.54251098632812,156526500
2012-07-27,136.88999938964844,139.07000732421875,136.13999938964844,138.67999267578125,108.50635528564453,236768900
2012-07-30,138.52000427246094,139.33999633789062,138.27000427246094,138.67999267578125,108.50635528564453,106782000
2012-07-31,138.49000549316406,138.8699951171875,137.7100067138672,137.7100067138672,107.7474365234375,120575900
2012-08-01,138.6999969482422,138.72999572753906,137.39999389648438,137.58999633789062,107.65355682373047,138293800
2012-08-02,136.5500030517578,137.57000732421875,135.5800018310547,136.63999938964844,106.9102554321289,199556600
2012-08-03,138.55999755859375,139.63999938964844,136.67999267578125,139.35000610351562,109.03060150146484,157825000
2012-08-06,139.72000122070312,140.1699981689453,139.55999755859375,139.6199951171875,109.24185180664062,86326200
2012-08-07,140.17999267578125,140.9199981689453,140.02999877929688,140.32000732421875,109.78959655761719,109545100
2012-08-08,139.85000610351562,140.64999389648438,139.80999755859375,140.49000549316406,109.92255401611328,89754700
2012-08-09,140.2899932861328,140.88999938964844,140.14999389648438,140.61000061035156,110.01642608642578,90291700
2012-08-10,140.0399932861328,140.88999938964844,139.80999755859375,140.83999633789062,110.19639587402344,99792700
2012-08-13,140.60000610351562,140.83999633789062,140.0399932861328,140.77000427246094,110.14165496826172,79426900
2012-08-14,141.2899932861328,141.3800048828125,140.3699951171875,140.7899932861328,110.15729522705078,102379400
2012-08-15,140.63999938964844,141.19000244140625,140.5500030517578,140.9499969482422,110.28250122070312,71085900
2012-08-16,141.14999389648438,142.16000366210938,140.8000030517578,141.99000549316406,111.09622192382812,112014200
2012-08-17,142.22999572753906,142.3000030517578,141.86000061035156,142.17999267578125,111.24485778808594,90813700
2012-08-20,141.97999572753906,142.22000122070312,141.58999633789062,142.19000244140625,111.252685546875,78255700
2012-08-21,142.5399932861328,143.08999633789062,141.4499969482422,141.75999450683594,110.91622924804688,105581100
2012-08-22,141.39999389648438,142.0500030517578,141.07000732421875,141.82000732421875,110.96318054199219,133243500
2012-08-23,141.47000122070312,141.47999572753906,140.44000244140625,140.66000366210938,110.05557250976562,111466400
2012-08-24,140.30999755859375,141.8300018310547,140.22000122070312,141.50999450683594,110.72067260742188,99481200
2012-08-27,141.88999938964844,142.0800018310547,141.33999633789062,141.5399932861328,110.74410247802734,68785900
2012-08-28,141.17999267578125,141.83999633789062,140.97000122070312,141.39999389648438,110.63456726074219,75689600
2012-08-29,141.52000427246094,141.88999938964844,141.1199951171875,141.50999450683594,110.72067260742188,65421300
2012-08-30,140.89999389648438,140.94000244140625,140.19000244140625,140.49000549316406,109.92255401611328,96589900
2012-08-31,141.2899932861328,141.82000732421875,140.36000061035156,141.16000366210938,110.44676208496094,151970400
2012-09-04,141.0399932861328,141.4600067138672,140.1300048828125,141.02999877929688,110.3450698852539,120226200
2012-09-05,141.08999633789062,141.47000122070312,140.6300048828125,140.91000366210938,110.25122833251953,100660300
2012-09-06,141.75999450683594,143.77999877929688,141.75,143.77000427246094,112.4889144897461,158272500
2012-09-07,144.00999450683594,144.38999938964844,143.8800048828125,144.3300018310547,112.92710876464844,107272100
2012-09-10,144.19000244140625,144.44000244140625,143.4600067138672,143.50999450683594,112.28543853759766,86458500
2012-09-11,143.60000610351562,144.3699951171875,143.55999755859375,143.91000366210938,112.59845733642578,88760000
2012-09-12,144.38999938964844,144.5500030517578,143.89999389648438,144.38999938964844,112.9739990234375,87640900
2012-09-13,144.3699951171875,147.0399932861328,143.99000549316406,146.58999633789062,114.69539642333984,225470200
2012-09-14,146.8800048828125,148.11000061035156,146.75999450683594,147.24000549316406,115.20393371582031,169777000
2012-09-17,146.94000244140625,147.19000244140625,146.3699951171875,146.74000549316406,114.81266784667969,119427800
2012-09-18,146.49000549316406,146.80999755859375,146.25,146.6199951171875,114.71879577636719,98326600
2012-09-19,146.7899932861328,147.1699981689453,146.41000366210938,146.6999969482422,114.78142547607422,128318300
2012-09-20,146.02999877929688,146.7899932861328,145.6300048828125,146.7100067138672,114.7892837524414,154009800
2012-09-21,146.63999938964844,146.6699981689453,145.80999755859375,145.8699951171875,114.7412338256836,108737500
2012-09-24,145.14999389648438,145.97999572753906,145.0399932861328,145.64999389648438,114.56822967529297,95682000
2012-09-25,145.9600067138672,146.24000549316406,144.05999755859375,144.10000610351562,113.34896850585938,133165200
2012-09-26,144.07000732421875,144.11000061035156,142.9499969482422,143.2899932861328,112.71184539794922,146502200
2012-09-27,143.88999938964844,144.97000122070312,143.50999450683594,144.63999938964844,113.77374267578125,111830300
2012-09-28,144.08999633789062,144.55999755859375,143.4600067138672,143.97000122070312,113.2467269897461,150696100
2012-10-01,144.52000427246094,145.69000244140625,144.00999450683594,144.35000610351562,113.545654296875,135911200
2012-10-02,144.9199981689453,145.14999389648438,143.8300018310547,144.5,113.66368865966797,113422200
2012-10-03,144.88999938964844,145.42999267578125,144.1300048828125,145.08999633789062,114.12773895263672,121283100
2012-10-04,145.63999938964844,146.33999633789062,145.44000244140625,146.1300048828125,114.94577026367188,124311600
2012-10-05,146.91000366210938,147.16000366210938,145.6999969482422,146.13999938964844,114.95366668701172,124842100
2012-10-08,145.60000610351562,146.1199951171875,145.30999755859375,145.63999938964844,114.56037902832031,78415400
2012-10-09,145.52999877929688,145.64999389648438,144.14999389648438,144.1999969482422,113.42766571044922,148872900
2012-10-10,144.17999267578125,144.32000732421875,143.08999633789062,143.27999877929688,112.70394897460938,124247500
2012-10-11,144.27999877929688,144.49000549316406,143.3300018310547,143.36000061035156,112.76688385009766,123601500
2012-10-12,143.4600067138672,143.9499969482422,142.5800018310547,142.88999938964844,112.3971939086914,124181900
2012-10-15,143.22999572753906,144.22999572753906,142.77000427246094,144.0800018310547,113.33329772949219,107689100
2012-10-16,144.75999450683594,145.63999938964844,144.66000366210938,145.5399932861328,114.48168182373047,108815500
2012-10-17,145.63999938964844,146.32000732421875,145.4199981689453,146.1999969482422,115.00084686279297,128834100
2012-10-18,145.82000732421875,146.52000427246094,145.3300018310547,145.82000732421875,114.70194244384766,148108500
2012-10-19,145.5500030517578,145.55999755859375,143.0500030517578,143.38999938964844,112.79048156738281,185645200
2012-10-22,143.14999389648438,143.6699981689453,142.27999877929688,143.41000366210938,112.80622863769531,125578600
2012-10-23,141.86000061035156,142.05999755859375,140.8300018310547,141.4199981689453,111.24092102050781,192056300
2012-10-24,141.92999267578125,142.10000610351562,140.8000030517578,141.02000427246094,110.92628479003906,120179400
2012-10-25,142.02000427246094,142.27999877929688,140.57000732421875,141.42999267578125,111.24874877929688,134457400
2012-10-26,141.3000030517578,141.83999633789062,140.38999938964844,141.35000610351562,111.18587493896484,146023500
2012-10-31,141.85000610351562,142.02999877929688,140.67999267578125,141.35000610351562,111.18587493896484,103438500
2012-11-01,141.64999389648438,143.00999450683594,141.52000427246094,142.8300018310547,112.35004425048828,100995600
2012-11-02,143.67999267578125,143.72000122070312,141.41000366210938,141.55999755859375,111.35102081298828,137702200
2012-11-05,141.35000610351562,142.1699981689453,140.92999267578125,141.85000610351562,111.57913970947266,98378500
2012-11-06,142.27999877929688,143.52000427246094,142.1300048828125,142.9600067138672,112.45223236083984,107068100
2012-11-07,141.66000366210938,141.67999267578125,139.05999755859375,139.72000122070312,109.9036636352539,264304500
2012-11-08,139.6999969482422,140.41000366210938,137.92999267578125,138.0399932861328,108.58221435546875,181517300
2012-11-09,137.6199951171875,139.44000244140625,137.5500030517578,138.16000366210938,108.67658996582031,201055300
2012-11-12,138.58999633789062,138.80999755859375,137.9600067138672,138.27000427246094,108.76311492919922,97677500
2012-11-13,137.5399932861328,139.25,137.36000061035156,137.7899932861328,108.38550567626953,123018300
2012-11-14,138.2100067138672,138.42999267578125,135.6199951171875,135.92999267578125,106.92247772216797,191505000
2012-11-15,135.97999572753906,136.49000549316406,135.17999267578125,135.6999969482422,106.7415542602539,178128400
2012-11-16,135.89999389648438,136.63999938964844,134.6999969482422,136.3699951171875,107.26856231689453,239483900
2012-11-19,137.89999389648438,139.14999389648438,136.41000366210938,139.1300048828125,109.43962097167969,151495800
2012-11-20,138.91000366210938,139.4199981689453,138.0800018310547,139.19000244140625,109.48678588867188,119807400
2012-11-21,139.30999755859375,139.57000732421875,139.02999877929688,139.4499969482422,109.6913070678711,81710800
2012-11-23,140.1300048828125,141.39999389648438,140.0399932861328,141.35000610351562,111.18587493896484,65409200
2012-11-26,140.64999389648438,141.36000061035156,140.19000244140625,141.0500030517578,110.94985961914062,100124400
2012-11-27,140.91000366210938,141.38999938964844,140.24000549316406,140.3300018310547,110.38349151611328,128646200
2012-11-28,139.75999450683594,141.5399932861328,139.0,141.4600067138672,111.27242279052734,177086500
2012-11-29,141.99000549316406,142.50999450683594,141.3699951171875,142.1199951171875,111.79150390625,151085900
2012-11-30,142.13999938964844,142.4199981689453,141.66000366210938,142.14999389648438,111.81512451171875,136568300
2012-12-03,142.8000030517578,142.9199981689453,141.33999633789062,141.4499969482422,111.26448059082031,124656300
2012-12-04,141.44000244140625,141.8699951171875,140.8699951171875,141.25,111.10723876953125,127512200
2012-12-05,141.3699951171875,142.16000366210938,140.3699951171875,141.5,111.3038558959961,147300500
2012-12-06,141.3699951171875,142.0399932861328,141.16000366210938,141.97999572753906,111.68136596679688,103220600
2012-12-07,142.52999877929688,142.69000244140625,141.6699981689453,142.41000366210938,112.01961517333984,108726400
2012-12-10,142.2100067138672,142.80999755859375,142.14999389648438,142.47000122070312,112.06682586669922,98840700
2012-12-11,143.05999755859375,144.11000061035156,142.99000549316406,143.44000244140625,112.8298110961914,152570400
2012-12-12,144.0,144.5500030517578,143.30999755859375,143.50999450683594,112.88485717773438,145880100
2012-12-13,143.4199981689453,143.8300018310547,142.27000427246094,142.6300048828125,112.19266510009766,135715000
2012-12-14,142.32000732421875,142.5800018310547,141.8800048828125,142.10000610351562,111.77579498291016,137701700
2012-12-17,142.47000122070312,143.85000610351562,142.42999267578125,143.77000427246094,113.08939361572266,143238200
2012-12-18,144.0,145.5,143.7899932861328,145.3699951171875,114.34795379638672,177762800
2012-12-19,145.52999877929688,145.5800018310547,144.24000549316406,144.2899932861328,113.49842834472656,150895400
2012-12-20,144.3800048828125,145.13999938964844,143.97999572753906,145.1199951171875,114.15132141113281,168487000
2012-12-21,142.1699981689453,144.08999633789062,141.94000244140625,142.7899932861328,113.11511993408203,245883800
2012-12-24,142.47999572753906,142.55999755859375,142.19000244140625,142.35000610351562,112.76658630371094,53874600
2012-12-26,142.63999938964844,142.7100067138672,141.35000610351562,141.75,112.29126739501953,106947700
2012-12-27,141.7899932861328,142.0800018310547,139.9199981689453,141.55999755859375,112.14075469970703,167920600
2012-12-28,140.63999938964844,141.4199981689453,139.8699951171875,140.02999877929688,110.92876434326172,148806700
2012-12-31,139.66000366210938,142.55999755859375,139.5399932861328,142.41000366210938,112.81410217285156,243935200
2013-01-02,145.11000061035156,146.14999389648438,144.72999572753906,146.05999755859375,115.70556640625,192059000
2013-01-03,145.99000549316406,146.3699951171875,145.33999633789062,145.72999572753906,115.44415283203125,144761800
2013-01-04,145.97000122070312,146.61000061035156,145.6699981689453,146.3699951171875,115.95114135742188,116817700
2013-01-07,145.85000610351562,146.11000061035156,145.42999267578125,145.97000122070312,115.6342544555664,110002500
2013-01-08,145.7100067138672,145.91000366210938,144.97999572753906,145.5500030517578,115.30154418945312,121265100
2013-01-09,145.8699951171875,146.32000732421875,145.63999938964844,145.9199981689453,115.59469604492188,90745600
2013-01-10,146.72999572753906,147.08999633789062,145.97000122070312,147.0800018310547,116.51358795166016,130735400
2013-01-11,147.0399932861328,147.14999389648438,146.61000061035156,147.07000732421875,116.50569152832031,113917300
2013-01-14,146.88999938964844,147.07000732421875,146.42999267578125,146.97000122070312,116.42645263671875,89567200
2013-01-15,146.2899932861328,147.2100067138672,146.1999969482422,147.07000732421875,116.50569152832031,93172600
2013-01-16,146.77000427246094,147.27999877929688,146.61000061035156,147.0500030517578,116.48983764648438,104849500
2013-01-17,147.6999969482422,148.4199981689453,147.14999389648438,148.0,117.242431640625,133833500
2013-01-18,147.97000122070312,148.49000549316406,147.42999267578125,148.3300018310547,117.5038070678711,169906000
2013-01-22,148.3300018310547,149.1300048828125,147.97999572753906,149.1300048828125,118.1375503540039,111797300
2013-01-23,149.1300048828125,149.5,148.86000061035156,149.3699951171875,118.32769775390625,104596100
2013-01-24,149.14999389648438,150.13999938964844,149.00999450683594,149.41000366210938,118.35939025878906,146426400
2013-01-25,149.8800048828125,150.25,149.3699951171875,150.25,119.02477264404297,147211600
2013-01-28,150.2899932861328,150.3300018310547,149.50999450683594,150.07000732421875,118.88221740722656,113357700
2013-01-29,149.77000427246094,150.85000610351562,149.6699981689453,150.66000366210938,119.3495864868164,105694400
2013-01-30,150.63999938964844,150.94000244140625,149.92999267578125,150.07000732421875,118.88221740722656,137447700
2013-01-31,149.88999938964844,150.3800048828125,149.60000610351562,149.6999969482422,118.58906555175781,108975800
2013-02-01,150.64999389648438,151.4199981689453,150.38999938964844,151.24000549316406,119.80902099609375,131173000
2013-02-04,150.32000732421875,151.27000427246094,149.42999267578125,149.5399932861328,118.46235656738281,159073600
2013-02-05,150.35000610351562,151.47999572753906,150.2899932861328,151.0500030517578,119.65859985351562,113912400
2013-02-06,150.52000427246094,151.25999450683594,150.41000366210938,151.16000366210938,119.74567413330078,138762800
2013-02-07,151.2100067138672,151.35000610351562,149.86000061035156,150.9600067138672,119.58727264404297,162490000
2013-02-08,151.22000122070312,151.88999938964844,151.22000122070312,151.8000030517578,120.25271606445312,103133700
2013-02-11,151.74000549316406,151.89999389648438,151.38999938964844,151.77000427246094,120.22895050048828,73775000
2013-02-12,151.77999877929688,152.3000030517578,151.61000061035156,152.02000427246094,120.4269790649414,65392700
2013-02-13,152.3300018310547,152.61000061035156,151.72000122070312,152.14999389648438,120.52992248535156,82322600
2013-02-14,151.69000244140625,152.47000122070312,151.52000427246094,152.2899932861328,120.64083862304688,80834300
2013-02-15,152.42999267578125,152.58999633789062,151.5500030517578,152.11000061035156,120.49825286865234,215226500
2013-02-19,152.3699951171875,153.27999877929688,152.16000366210938,153.25,121.40132904052734,95105400
2013-02-20,153.13999938964844,153.19000244140625,151.25999450683594,151.33999633789062,119.88827514648438,160574800
2013-02-21,150.9600067138672,151.4199981689453,149.94000244140625,150.4199981689453,119.1594009399414,183257000
2013-02-22,151.14999389648438,151.88999938964844,150.49000549316406,151.88999938964844,120.32395935058594,106356600
2013-02-25,152.6300048828125,152.86000061035156,149.0,149.0,118.03460693359375,245824800
2013-02-26,149.72000122070312,150.1999969482422,148.72999572753906,150.02000427246094,118.8426284790039,186596200
2013-02-27,149.88999938964844,152.3300018310547,149.75999450683594,151.91000366210938,120.33980560302734,150781900
2013-02-28,151.89999389648438,152.8699951171875,151.41000366210938,151.61000061035156,120.10215759277344,126866000
2013-03-01,151.08999633789062,152.33999633789062,150.41000366210938,152.11000061035156,120.49825286865234,170634800
2013-03-04,151.75999450683594,152.9199981689453,151.52000427246094,152.9199981689453,121.13987731933594,99010200
2013-03-05,153.66000366210938,154.6999969482422,153.63999938964844,154.2899932861328,122.2251968383789,121431900
2013-03-06,154.83999633789062,154.9199981689453,154.16000366210938,154.5,122.39154815673828,94469900
2013-03-07,154.6999969482422,154.97999572753906,154.52000427246094,154.77999877929688,122.61337280273438,86101400
2013-03-08,155.4600067138672,155.64999389648438,154.66000366210938,155.44000244140625,123.13617706298828,123477800
2013-03-11,155.32000732421875,156.0399932861328,155.1300048828125,156.02999877929688,123.60358428955078,83746800
2013-03-12,155.9199981689453,156.10000610351562,155.2100067138672,155.67999267578125,123.32632446289062,105755800
2013-03-13,155.75999450683594,156.1199951171875,155.22999572753906,155.89999389648438,123.50065612792969,92550900
2013-03-14,156.30999755859375,156.8000030517578,155.91000366210938,156.72999572753906,124.1580810546875,126329900
2013-03-15,155.85000610351562,156.0399932861328,155.30999755859375,155.8300018310547,123.99419403076172,138601100
2013-03-18,154.33999633789062,155.63999938964844,154.1999969482422,154.97000122070312,123.30992889404297,126704300
2013-03-19,155.3000030517578,155.50999450683594,153.58999633789062,154.61000061035156,123.02342987060547,167567300
2013-03-20,155.52000427246094,155.9499969482422,155.25999450683594,155.69000244140625,123.88279724121094,113759300
2013-03-21,154.75999450683594,155.63999938964844,154.10000610351562,154.36000061035156,122.82455444335938,128605000
2013-03-22,154.85000610351562,155.60000610351562,154.72999572753906,155.60000610351562,123.81116485595703,111163600
2013-03-25,156.00999450683594,156.27000427246094,154.35000610351562,154.9499969482422,123.29398345947266,151322300
2013-03-26,155.58999633789062,156.22999572753906,155.4199981689453,156.19000244140625,124.28064727783203,86856600
2013-03-27,155.25999450683594,156.24000549316406,155.0,156.19000244140625,124.28064727783203,99950600
2013-03-28,156.08999633789062,156.85000610351562,155.75,156.6699981689453,124.66260528564453,102932800
2013-04-01,156.58999633789062,156.91000366210938,155.6699981689453,156.0500030517578,124.16930389404297,99194100
2013-04-02,156.61000061035156,157.2100067138672,156.3699951171875,156.82000732421875,124.78192138671875,101504300
2013-04-03,156.91000366210938,157.02999877929688,154.82000732421875,155.22999572753906,123.51675415039062,154167400
2013-04-04,155.42999267578125,156.1699981689453,155.08999633789062,155.86000061035156,124.01805114746094,131885000
2013-04-05,153.9499969482422,155.35000610351562,153.77000427246094,155.16000366210938,123.46106719970703,159666000
2013-04-08,155.27000427246094,156.22000122070312,154.75,156.2100067138672,124.29652404785156,86571200
2013-04-09,156.5,157.32000732421875,155.97999572753906,156.75,124.72624206542969,101922200
2013-04-10,157.1699981689453,158.8699951171875,157.1300048828125,158.6699981689453,126.25398254394531,135711100
2013-04-11,158.6999969482422,159.7100067138672,158.5399932861328,159.19000244140625,126.66767120361328,110142500
2013-04-12,158.67999267578125,159.0399932861328,157.9199981689453,158.8000030517578,126.35747528076172,116359900
2013-04-15,158.0,158.1300048828125,155.10000610351562,155.1199951171875,123.42919158935547,217259000
2013-04-16,156.2899932861328,157.49000549316406,155.91000366210938,157.41000366210938,125.2514419555664,147507800
2013-04-17,156.2899932861328,156.32000732421875,154.27999877929688,155.11000061035156,123.42133331298828,226834800
2013-04-18,155.3699951171875,155.41000366210938,153.5500030517578,154.13999938964844,122.6494369506836,167583200
2013-04-19,154.5,155.5500030517578,154.1199951171875,155.47999572753906,123.7157211303711,149687600
2013-04-22,155.77999877929688,156.5399932861328,154.75,156.1699981689453,124.26471710205078,106553500
2013-04-23,156.9499969482422,157.92999267578125,156.1699981689453,157.77999877929688,125.54582977294922,166141300
2013-04-24,157.8300018310547,158.3000030517578,157.5399932861328,157.8800048828125,125.6253890991211,96781200
2013-04-25,158.33999633789062,159.27000427246094,158.10000610351562,158.52000427246094,126.13465881347656,131060600
2013-04-26,158.3300018310547,158.60000610351562,157.72999572753906,158.24000549316406,125.91181182861328,95918800
2013-04-29,158.6699981689453,159.64999389648438,158.4199981689453,159.3000030517578,126.75529479980469,88572800
2013-04-30,159.27000427246094,159.72000122070312,158.61000061035156,159.67999267578125,127.05760955810547,116010700
2013-05-01,159.3300018310547,159.41000366210938,158.10000610351562,158.27999877929688,125.9436264038086,138874200
2013-05-02,158.67999267578125,159.88999938964844,158.52999877929688,159.75,127.11333465576172,96407600
2013-05-03,161.13999938964844,161.8800048828125,159.77999877929688,161.3699951171875,128.40240478515625,144202300
2013-05-06,161.49000549316406,162.00999450683594,161.4199981689453,161.77999877929688,128.7286376953125,66882100
2013-05-07,162.1300048828125,162.64999389648438,161.6699981689453,162.60000610351562,129.381103515625,90359200
2013-05-08,162.4199981689453,163.38999938964844,162.3300018310547,163.33999633789062,129.96994018554688,97419200
2013-05-09,163.27000427246094,163.6999969482422,162.47000122070312,162.8800048828125,129.60394287109375,106738600
2013-05-10,162.99000549316406,163.5500030517578,162.50999450683594,163.41000366210938,130.0255889892578,103203000
2013-05-13,163.1999969482422,163.80999755859375,162.82000732421875,163.5399932861328,130.12911987304688,81843200
2013-05-14,163.6699981689453,165.35000610351562,163.6699981689453,165.22999572753906,131.4738006591797,119000900
2013-05-15,164.9600067138672,166.4499969482422,164.91000366210938,166.1199951171875,132.18203735351562,120718500
2013-05-16,165.77999877929688,166.36000061035156,165.08999633789062,165.33999633789062,131.5613250732422,109913600
2013-05-17,165.9499969482422,167.0399932861328,165.72999572753906,166.94000244140625,132.83444213867188,129801000
2013-05-20,166.77999877929688,167.5800018310547,166.61000061035156,166.92999267578125,132.8264617919922,85071200
2013-05-21,167.0800018310547,167.8000030517578,166.5,167.1699981689453,133.01748657226562,95804200
2013-05-22,167.33999633789062,169.07000732421875,165.1699981689453,165.92999267578125,132.03076171875,244031800
2013-05-23,164.16000366210938,165.91000366210938,163.94000244140625,165.4499969482422,131.6488494873047,211064400
2013-05-24,164.47000122070312,165.3800048828125,163.97999572753906,165.30999755859375,131.53750610351562,151573900
2013-05-28,167.0399932861328,167.77999877929688,165.80999755859375,166.3000030517578,132.3251953125,143679800
2013-05-29,165.4199981689453,165.8000030517578,164.33999633789062,165.22000122070312,131.4658203125,160363400
2013-05-30,165.35000610351562,166.58999633789062,165.22000122070312,165.8300018310547,131.9512176513672,107793800
2013-05-31,165.3699951171875,166.30999755859375,163.1300048828125,163.4499969482422,130.0574493408203,176850100
2013-06-03,163.8300018310547,164.4600067138672,162.66000366210938,164.35000610351562,130.7736053466797,168390700
2013-06-04,164.44000244140625,165.10000610351562,162.72999572753906,163.55999755859375,130.14495849609375,157631500
2013-06-05,163.08999633789062,163.4199981689453,161.1300048828125,161.27000427246094,128.32278442382812,211737800
2013-06-06,161.1999969482422,162.74000549316406,160.25,162.72999572753906,129.4845428466797,200225500
2013-06-07,163.85000610351562,164.9499969482422,163.13999938964844,164.8000030517578,131.1316375732422,188337800
2013-06-10,165.30999755859375,165.39999389648438,164.3699951171875,164.8000030517578,131.1316375732422,105667100
2013-06-11,163.3000030517578,164.5399932861328,162.74000549316406,163.10000610351562,129.77891540527344,159505400
2013-06-12,164.22000122070312,164.38999938964844,161.60000610351562,161.75,128.70472717285156,177361500
2013-06-13,161.66000366210938,164.5,161.3000030517578,164.2100067138672,130.66212463378906,163587800
2013-06-14,164.02999877929688,164.6699981689453,162.91000366210938,163.17999267578125,129.84262084960938,141197500
2013-06-17,164.2899932861328,165.22000122070312,163.22000122070312,164.44000244140625,130.84519958496094,136295600
2013-06-18,164.52999877929688,165.99000549316406,164.52000427246094,165.74000549316406,131.87960815429688,114695600
2013-06-19,165.60000610351562,165.88999938964844,163.3800048828125,163.4499969482422,130.0574493408203,206149500
2013-06-20,161.86000061035156,163.47000122070312,158.97999572753906,159.39999389648438,126.83477783203125,321255900
2013-06-21,159.63999938964844,159.75999450683594,157.47000122070312,159.07000732421875,127.24202728271484,271956800
2013-06-24,157.41000366210938,158.42999267578125,155.72999572753906,157.05999755859375,125.6341552734375,222329000
2013-06-25,158.47999572753906,160.10000610351562,157.4199981689453,158.57000732421875,126.84203338623047,162262200
2013-06-26,159.8699951171875,160.5,159.25,160.13999938964844,128.09791564941406,134848000
2013-06-27,161.10000610351562,161.82000732421875,160.9499969482422,161.0800018310547,128.84983825683594,129483700
2013-06-28,160.6300048828125,161.39999389648438,159.86000061035156,160.4199981689453,128.32188415527344,160402900
2013-07-01,161.25999450683594,162.47999572753906,161.0800018310547,161.36000061035156,129.0738067626953,131954800
2013-07-02,161.1199951171875,162.3000030517578,160.5,161.2100067138672,128.9538116455078,154863700
2013-07-03,160.47999572753906,161.77000427246094,160.22000122070312,161.27999877929688,129.0098114013672,75216400
2013-07-05,162.47000122070312,163.0800018310547,161.3000030517578,163.02000427246094,130.4016571044922,122416900
2013-07-08,163.86000061035156,164.38999938964844,163.0800018310547,163.9499969482422,131.1455535888672,108092500
2013-07-09,164.97999572753906,165.3300018310547,164.27000427246094,165.1300048828125,132.08946228027344,119298000
2013-07-10,164.97000122070312,165.75,164.6300048828125,165.19000244140625,132.13743591308594,121410100
2013-07-11,167.11000061035156,167.61000061035156,165.17999267578125,167.44000244140625,133.93728637695312,135592200
2013-07-12,167.38999938964844,167.92999267578125,167.1300048828125,167.50999450683594,133.99322509765625,104212700
2013-07-15,167.97000122070312,168.38999938964844,167.67999267578125,168.14999389648438,134.50523376464844,69450600
2013-07-16,168.25999450683594,168.36000061035156,167.07000732421875,167.52000427246094,134.00125122070312,88702100
2013-07-17,168.16000366210938,168.47999572753906,167.72999572753906,167.9499969482422,134.34518432617188,92873900
2013-07-18,168.30999755859375,169.27000427246094,168.1999969482422,168.8699951171875,135.08119201660156,103620100
2013-07-19,168.52000427246094,169.22999572753906,168.30999755859375,169.1699981689453,135.32106018066406,103831700
2013-07-22,169.41000366210938,169.74000549316406,169.00999450683594,169.5,135.58502197265625,79428600
2013-07-23,169.8000030517578,169.8300018310547,169.0500030517578,169.13999938964844,135.29713439941406,80829700
2013-07-24,169.7899932861328,169.86000061035156,168.17999267578125,168.52000427246094,134.80123901367188,112914000
2013-07-25,168.22000122070312,169.0800018310547,167.94000244140625,168.92999267578125,135.129150390625,111088600
2013-07-26,168.22000122070312,169.16000366210938,167.52000427246094,169.11000061035156,135.27313232421875,107814600
2013-07-29,168.67999267578125,169.05999755859375,168.11000061035156,168.58999633789062,134.85719299316406,79695000
2013-07-30,169.10000610351562,169.27999877929688,168.19000244140625,168.58999633789062,134.85719299316406,85209600
2013-07-31,168.94000244140625,169.85000610351562,168.49000549316406,168.7100067138672,134.9531707763672,142388700
2013-08-01,169.99000549316406,170.80999755859375,169.89999389648438,170.66000366210938,136.51296997070312,110438400
2013-08-02,170.27999877929688,170.97000122070312,170.0500030517578,170.9499969482422,136.74493408203125,91116700
2013-08-05,170.57000732421875,170.9600067138672,170.35000610351562,170.6999969482422,136.54493713378906,54072700
2013-08-06,170.3699951171875,170.74000549316406,169.35000610351562,169.72999572753906,135.7690887451172,87495000
2013-08-07,169.19000244140625,169.42999267578125,168.5500030517578,169.17999267578125,135.32913208007812,84854700
2013-08-08,169.97999572753906,170.17999267578125,168.92999267578125,169.8000030517578,135.82508850097656,102181300
2013-08-09,169.5800018310547,170.10000610351562,168.72000122070312,169.30999755859375,135.4331512451172,91757700
2013-08-12,168.4600067138672,169.30999755859375,168.3800048828125,169.11000061035156,135.27313232421875,68593300
2013-08-13,169.41000366210938,169.89999389648438,168.41000366210938,169.61000061035156,135.67308044433594,80806000
2013-08-14,169.52999877929688,169.8000030517578,168.6999969482422,168.74000549316406,134.9771270751953,79829200
2013-08-15,167.41000366210938,167.42999267578125,166.08999633789062,166.3800048828125,133.08935546875,152931800
2013-08-16,166.05999755859375,166.6300048828125,165.5,165.8300018310547,132.64939880371094,130868200
2013-08-19,165.63999938964844,166.2100067138672,164.75999450683594,164.77000427246094,131.80149841308594,96437600
2013-08-20,165.0399932861328,166.1999969482422,164.86000061035156,165.5800018310547,132.44947814941406,89294400
2013-08-21,165.1199951171875,166.02999877929688,164.19000244140625,164.55999755859375,131.63351440429688,159530500
2013-08-22,164.89999389648438,166.3000030517578,164.88999938964844,166.05999755859375,132.83343505859375,101471400
2013-08-23,166.5500030517578,166.8300018310547,165.77000427246094,166.6199951171875,133.2813262939453,90888900
2013-08-26,166.7899932861328,167.3000030517578,165.88999938964844,166.0,132.7853546142578,89702100
2013-08-27,164.36000061035156,166.0,163.2100067138672,163.3300018310547,130.64964294433594,158619400
2013-08-28,163.25999450683594,164.49000549316406,163.0500030517578,163.91000366210938,131.1135711669922,108113000
2013-08-29,163.5500030517578,165.0399932861328,163.39999389648438,164.1699981689453,131.3216094970703,119200500
2013-08-30,164.50999450683594,164.52999877929688,163.1699981689453,163.64999389648438,130.90560913085938,134928900
2013-09-03,165.22999572753906,165.5800018310547,163.6999969482422,164.38999938964844,131.49752807617188,142375100
2013-09-04,164.42999267578125,166.02999877929688,164.1300048828125,165.75,132.58543395996094,97389400
2013-09-05,165.85000610351562,166.39999389648438,165.72999572753906,165.9600067138672,132.75341796875,63090500
2013-09-06,166.50999450683594,166.97999572753906,164.47999572753906,166.0399932861328,132.81736755371094,159756500
2013-09-09,166.4499969482422,167.72999572753906,166.4499969482422,167.6300048828125,134.08926391601562,87559300
2013-09-10,168.63999938964844,168.89999389648438,168.25999450683594,168.8699951171875,135.08119201660156,105847200
2013-09-11,168.63999938964844,169.39999389648438,168.35000610351562,169.39999389648438,135.50511169433594,94545900
2013-09-12,169.33999633789062,169.55999755859375,168.72000122070312,168.9499969482422,135.14515686035156,83209000
2013-09-13,169.1300048828125,169.4600067138672,168.74000549316406,169.3300018310547,135.44911193847656,72727800
2013-09-16,171.16000366210938,171.24000549316406,170.0399932861328,170.30999755859375,136.23300170898438,106299200
2013-09-17,170.4600067138672,171.11000061035156,170.4600067138672,171.07000732421875,136.84097290039062,82523300
2013-09-18,171.00999450683594,173.52000427246094,170.5800018310547,173.0500030517578,138.42477416992188,203460600
2013-09-19,173.52000427246094,173.60000610351562,172.58999633789062,172.75999450683594,138.19276428222656,146616900
2013-09-20,172.3300018310547,172.3300018310547,170.5800018310547,170.72000122070312,137.22659301757812,132867100
2013-09-23,170.49000549316406,170.64999389648438,169.38999938964844,169.92999267578125,136.5916290283203,104616500
2013-09-24,169.89999389648438,170.52999877929688,169.2100067138672,169.52999877929688,136.27008056640625,106333100
2013-09-25,169.63999938964844,169.97999572753906,168.88999938964844,169.0399932861328,135.87620544433594,117306500
2013-09-26,169.32000732421875,170.1699981689453,169.0500030517578,169.69000244140625,136.39869689941406,77146900
2013-09-27,168.83999633789062,169.13999938964844,168.47000122070312,168.91000366210938,135.77171325683594,99141800
2013-09-30,167.47999572753906,168.5399932861328,167.14999389648438,168.00999450683594,135.04827880859375,143937000
2013-10-01,168.13999938964844,169.5,167.97000122070312,169.33999633789062,136.1173553466797,127160000
2013-10-02,168.35000610351562,169.33999633789062,167.8300018310547,169.17999267578125,135.98873901367188,113350000
2013-10-03,168.7899932861328,168.94000244140625,166.83999633789062,167.6199951171875,134.73484802246094,176698000
2013-10-04,167.75,169.05999755859375,167.52999877929688,168.88999938964844,135.75563049316406,96878000
2013-10-07,167.4199981689453,168.4499969482422,167.25,167.42999267578125,134.58206176757812,96295000
2013-10-08,167.39999389648438,167.6199951171875,165.36000061035156,165.47999572753906,133.01470947265625,178015000
2013-10-09,165.8000030517578,166.1999969482422,164.52999877929688,165.60000610351562,133.11111450195312,168973000
2013-10-10,167.2899932861328,169.25999450683594,167.22999572753906,169.1699981689453,135.980712890625,195955000
2013-10-11,168.91000366210938,170.32000732421875,168.77000427246094,170.25999450683594,136.8568572998047,105040000
2013-10-14,169.2100067138672,171.0800018310547,169.0800018310547,170.94000244140625,137.40347290039062,112106000
2013-10-15,170.50999450683594,171.14999389648438,169.47000122070312,169.6999969482422,136.40675354003906,155485000
2013-10-16,170.72000122070312,172.16000366210938,170.63999938964844,172.07000732421875,138.31178283691406,161676000
2013-10-17,171.3699951171875,173.32000732421875,171.33999633789062,173.22000122070312,139.2361602783203,129389000
2013-10-18,173.86000061035156,174.50999450683594,173.50999450683594,174.38999938964844,140.17660522460938,138316000
2013-10-21,174.4499969482422,174.75,174.00999450683594,174.39999389648438,140.18463134765625,104104000
2013-10-22,174.91000366210938,175.92999267578125,174.42999267578125,175.41000366210938,140.9965057373047,126663000
2013-10-23,174.80999755859375,174.88999938964844,173.9600067138672,174.57000732421875,140.3212890625,105484000
2013-10-24,174.9199981689453,175.3699951171875,174.50999450683594,175.14999389648438,140.78756713867188,70350000
2013-10-25,175.50999450683594,176.0,175.1699981689453,175.9499969482422,141.4304962158203,93625000
2013-10-28,175.88999938964844,176.47000122070312,175.6999969482422,176.22999572753906,141.6555938720703,84979000
2013-10-29,176.6300048828125,177.24000549316406,176.3800048828125,177.1699981689453,142.4112091064453,87401000
2013-10-30,177.3800048828125,177.50999450683594,175.66000366210938,176.2899932861328,141.7038116455078,140002000
2013-10-31,176.14999389648438,176.88999938964844,175.52999877929688,175.7899932861328,141.3019256591797,133795000
2013-11-01,176.02000427246094,176.61000061035156,175.22000122070312,176.2100067138672,141.63955688476562,142805000
2013-11-04,176.69000244140625,176.89999389648438,175.97999572753906,176.8300018310547,142.137939453125,85677000
2013-11-05,176.13999938964844,176.75,175.57000732421875,176.27000427246094,141.68772888183594,85825000
2013-11-06,177.02999877929688,177.5,176.5399932861328,177.1699981689453,142.4112091064453,87348000
2013-11-07,177.5,177.63999938964844,174.75999450683594,174.92999267578125,140.61073303222656,157000000
2013-11-08,174.8699951171875,177.30999755859375,174.85000610351562,177.2899932861328,142.50767517089844,136713000
2013-11-11,177.1199951171875,177.52999877929688,176.91000366210938,177.32000732421875,142.53182983398438,62614000
2013-11-12,176.94000244140625,177.36000061035156,176.3699951171875,176.9600067138672,142.24244689941406,83990000
2013-11-13,176.08999633789062,178.42999267578125,176.08999633789062,178.3800048828125,143.38381958007812,103844000
2013-11-14,178.5399932861328,179.4199981689453,178.25,179.27000427246094,144.0991973876953,103435000
2013-11-15,179.55999755859375,180.1199951171875,179.3300018310547,180.0500030517578,144.7261962890625,102818000
2013-11-18,180.35000610351562,180.5,179.02000427246094,179.4199981689453,144.21978759765625,104796000
2013-11-19,179.3300018310547,179.8699951171875,178.72000122070312,179.02999877929688,143.90635681152344,93891000
2013-11-20,179.38999938964844,179.92999267578125,177.97999572753906,178.47000122070312,143.4561767578125,124909000
2013-11-21,178.97000122070312,180.0500030517578,178.86000061035156,179.91000366210938,144.61363220214844,92841000
2013-11-22,179.97999572753906,180.8300018310547,179.77000427246094,180.80999755859375,145.33706665039062,81296000
2013-11-25,181.1300048828125,181.1699981689453,180.3699951171875,180.6300048828125,145.19241333007812,79486000
2013-11-26,180.72000122070312,181.22000122070312,180.41000366210938,180.67999267578125,145.23260498046875,86994000
2013-11-27,180.8699951171875,181.24000549316406,180.64999389648438,181.1199951171875,145.58631896972656,58800000
2013-11-29,181.32000732421875,181.75,180.8000030517578,181.0,145.48980712890625,55870900
2013-12-02,181.08999633789062,181.42999267578125,180.25,180.52999877929688,145.11196899414062,99726000
2013-12-03,179.94000244140625,180.38999938964844,179.1699981689453,179.75,144.4850311279297,116563000
2013-12-04,179.10000610351562,180.47999572753906,178.35000610351562,179.72999572753906,144.468994140625,123033000
2013-12-05,179.41000366210938,179.74000549316406,178.77000427246094,178.94000244140625,143.83395385742188,106934000
2013-12-06,180.6699981689453,181.11000061035156,180.14999389648438,180.94000244140625,145.4415740966797,127728000
2013-12-09,181.47000122070312,181.6699981689453,181.16000366210938,181.39999389648438,145.81126403808594,70124000
2013-12-10,180.97999572753906,181.36000061035156,180.63999938964844,180.75,145.2888641357422,80976000
2013-12-11,180.82000732421875,180.85000610351562,178.5,178.72000122070312,143.65707397460938,130591000
2013-12-12,178.63999938964844,178.86000061035156,177.75999450683594,178.1300048828125,143.18287658691406,115565000
2013-12-13,178.5,178.66000366210938,177.77000427246094,178.11000061035156,143.16677856445312,107808000
2013-12-16,178.9499969482422,179.80999755859375,178.89999389648438,179.22000122070312,144.05897521972656,96195000
2013-12-17,179.3800048828125,179.41000366210938,178.25,178.64999389648438,143.60086059570312,89886000
2013-12-18,178.9199981689453,181.72999572753906,177.32000732421875,181.6999969482422,146.0524444580078,234906000
2013-12-19,181.17999267578125,181.6999969482422,180.7100067138672,181.49000549316406,145.8836212158203,136531200
2013-12-20,180.69000244140625,181.99000549316406,180.57000732421875,181.55999755859375,146.73220825195312,197087000
2013-12-23,182.4499969482422,182.63999938964844,182.07000732421875,182.52999877929688,147.51622009277344,85598000
2013-12-24,182.5399932861328,183.00999450683594,182.52999877929688,182.92999267578125,147.83950805664062,45368800
2013-12-26,183.33999633789062,183.9600067138672,183.32000732421875,183.86000061035156,148.59109497070312,63365000
2013-12-27,184.10000610351562,184.17999267578125,183.66000366210938,183.85000610351562,148.5829620361328,61814000
2013-12-30,183.8699951171875,184.02000427246094,183.5800018310547,183.82000732421875,148.55874633789062,56857000
2013-12-31,184.07000732421875,184.69000244140625,183.92999267578125,184.69000244140625,149.26185607910156,86119900
2014-01-02,183.97999572753906,184.07000732421875,182.47999572753906,182.9199981689453,147.83132934570312,119636900
2014-01-03,183.22999572753906,183.60000610351562,182.6300048828125,182.88999938964844,147.80712890625,81390600
2014-01-06,183.49000549316406,183.55999755859375,182.0800018310547,182.36000061035156,147.3787841796875,108028200
2014-01-07,183.08999633789062,183.7899932861328,182.9499969482422,183.47999572753906,148.28395080566406,86144200
2014-01-08,183.4499969482422,183.8300018310547,182.88999938964844,183.52000427246094,148.31629943847656,96582300
2014-01-09,184.11000061035156,184.1300048828125,182.8000030517578,183.63999938964844,148.41329956054688,90683400
2014-01-10,183.9499969482422,184.22000122070312,183.00999450683594,184.13999938964844,148.81732177734375,102026400
2014-01-13,183.6699981689453,184.17999267578125,181.33999633789062,181.69000244140625,146.8373260498047,149892000
2014-01-14,182.2899932861328,183.77000427246094,181.9499969482422,183.6699981689453,148.43751525878906,105016100
2014-01-15,184.10000610351562,184.94000244140625,183.7100067138672,184.66000366210938,149.2376251220703,98525800
2014-01-16,184.27999877929688,184.66000366210938,183.8300018310547,184.4199981689453,149.04364013671875,72290600
2014-01-17,184.10000610351562,184.4499969482422,183.32000732421875,183.63999938964844,148.41329956054688,107848700
2014-01-21,184.6999969482422,184.77000427246094,183.0500030517578,184.17999267578125,148.84970092773438,88621200
2014-01-22,184.49000549316406,184.57000732421875,183.91000366210938,184.3000030517578,148.94671630859375,61270900
2014-01-23,183.3699951171875,183.39999389648438,181.82000732421875,182.7899932861328,147.726318359375,132496900
2014-01-24,181.60000610351562,181.66000366210938,178.8300018310547,178.88999938964844,144.57447814941406,208677100
2014-01-27,179.05999755859375,179.52000427246094,177.1199951171875,178.00999450683594,143.86326599121094,180843100
2014-01-28,178.13999938964844,179.3000030517578,178.1199951171875,179.07000732421875,144.71995544433594,110463200
2014-01-29,177.5800018310547,178.5500030517578,176.8800048828125,177.35000610351562,143.3298797607422,216597300
2014-01-30,178.8300018310547,179.80999755859375,178.25999450683594,179.22999572753906,144.84918212890625,118938100
2014-01-31,177.00999450683594,179.2899932861328,176.9199981689453,178.17999267578125,144.0006103515625,194677900
2014-02-03,177.97000122070312,178.3699951171875,173.8300018310547,174.1699981689453,140.7598876953125,254837100
2014-02-04,174.9499969482422,175.83999633789062,174.11000061035156,175.38999938964844,141.74586486816406,165012400
2014-02-05,174.77999877929688,175.55999755859375,173.7100067138672,175.1699981689453,141.56805419921875,164230500
2014-02-06,175.5800018310547,177.47999572753906,175.22000122070312,177.47999572753906,143.43490600585938,132877600
2014-02-07,178.30999755859375,179.8699951171875,177.72999572753906,179.67999267578125,145.21290588378906,170787200
2014-02-10,179.6999969482422,180.07000732421875,179.2100067138672,180.00999450683594,145.4796142578125,92218800
2014-02-11,180.16000366210938,182.44000244140625,180.0399932861328,181.97999572753906,147.0716552734375,117814100
2014-02-12,182.25,182.8300018310547,181.7100067138672,182.07000732421875,147.14447021484375,94717700
2014-02-13,180.83999633789062,183.1999969482422,180.8300018310547,183.00999450683594,147.90408325195312,100542200
2014-02-14,182.83999633789062,184.36000061035156,182.6699981689453,184.02000427246094,148.72036743164062,96498400
2014-02-18,184.17999267578125,184.49000549316406,183.64999389648438,184.24000549316406,148.89822387695312,80460900
2014-02-19,183.75999450683594,184.9499969482422,182.8699951171875,183.02000427246094,147.91224670410156,126524300
2014-02-20,183.27000427246094,184.52000427246094,182.60000610351562,184.10000610351562,148.7849884033203,104998100
2014-02-21,184.4499969482422,184.88999938964844,183.8000030517578,183.88999938964844,148.615234375,118116400
2014-02-24,184.27999877929688,186.14999389648438,184.1999969482422,184.91000366210938,149.43966674804688,114063900
2014-02-25,185.05999755859375,185.58999633789062,184.22999572753906,184.83999633789062,149.383056640625,117085000
2014-02-26,185.11000061035156,185.60000610351562,184.3300018310547,184.85000610351562,149.39120483398438,98677200
2014-02-27,184.5800018310547,185.8699951171875,184.3699951171875,185.82000732421875,150.17507934570312,93880800
2014-02-28,185.7899932861328,187.14999389648438,185.0500030517578,186.2899932861328,150.55490112304688,150842000
2014-03-03,184.64999389648438,185.4499969482422,183.75,184.97999572753906,149.49620056152344,167748500
2014-03-04,186.7899932861328,187.97999572753906,186.75,187.5800018310547,151.59747314453125,167545900
2014-03-05,187.74000549316406,188.07000732421875,187.4499969482422,187.75,151.73487854003906,88376900
2014-03-06,188.2100067138672,188.61000061035156,187.77999877929688,188.17999267578125,152.0823516845703,82516500
2014-03-07,188.9600067138672,188.9600067138672,187.42999267578125,188.25999450683594,152.1470184326172,114513500
2014-03-10,187.97000122070312,188.22999572753906,187.0800018310547,188.16000366210938,152.06622314453125,74939200
2014-03-11,188.44000244140625,188.7100067138672,186.8000030517578,187.22999572753906,151.31459045410156,99009100
2014-03-12,186.32000732421875,187.35000610351562,185.89999389648438,187.27999877929688,151.35501098632812,104824400
2014-03-13,187.83999633789062,187.99000549316406,184.66000366210938,185.17999267578125,149.65789794921875,155014300
2014-03-14,184.85000610351562,185.8000030517578,184.44000244140625,184.66000366210938,149.2376251220703,153919600
2014-03-17,185.58999633789062,186.77000427246094,185.50999450683594,186.3300018310547,150.5872344970703,98359500
2014-03-18,186.7100067138672,187.91000366210938,186.50999450683594,187.66000366210938,151.6621551513672,101804600
2014-03-19,187.67999267578125,187.94000244140625,185.47000122070312,186.66000366210938,150.85394287109375,176267300
2014-03-20,186.25,187.88999938964844,185.9199981689453,187.75,151.73487854003906,117241000
2014-03-21,187.7100067138672,189.02000427246094,186.02999877929688,186.1999969482422,151.14639282226562,163128000
2014-03-24,186.83999633789062,187.07000732421875,184.6199951171875,185.42999267578125,150.521240234375,121411000
2014-03-25,186.3699951171875,186.94000244140625,185.27000427246094,186.30999755859375,151.23565673828125,103852000
2014-03-26,187.0399932861328,187.33999633789062,184.9199981689453,184.97000122070312,150.14791870117188,119843000
2014-03-27,184.75,185.33999633789062,183.89999389648438,184.5800018310547,149.83132934570312,142383000
2014-03-28,185.11000061035156,186.4199981689453,185.0,185.49000549316406,150.5700225830078,101642000
2014-03-31,186.6699981689453,187.3000030517578,185.52000427246094,187.00999450683594,151.8038787841797,99745000
2014-04-01,187.6199951171875,188.36000061035156,187.0,188.25,152.8104705810547,89193000
2014-04-02,188.49000549316406,189.1300048828125,188.13999938964844,188.8800048828125,153.32183837890625,78774000
2014-04-03,189.1699981689453,189.22000122070312,188.0500030517578,188.6300048828125,153.11891174316406,77435000
2014-04-04,189.66000366210938,189.6999969482422,186.10000610351562,186.39999389648438,151.3086395263672,169381000
2014-04-07,185.9499969482422,186.25999450683594,183.9600067138672,184.33999633789062,149.63650512695312,140803000
2014-04-08,184.25999450683594,185.39999389648438,183.58999633789062,185.10000610351562,150.25343322753906,112660000
2014-04-09,185.60000610351562,187.14999389648438,185.05999755859375,187.08999633789062,151.86880493164062,100254000
2014-04-10,187.0800018310547,187.1699981689453,182.92999267578125,183.16000366210938,148.67864990234375,172959000
2014-04-11,182.13999938964844,183.4199981689453,181.30999755859375,181.50999450683594,147.33929443359375,167251000
2014-04-14,182.92999267578125,183.3699951171875,181.44000244140625,182.94000244140625,148.5001220703125,132382000
2014-04-15,183.32000732421875,184.3300018310547,181.50999450683594,184.1999969482422,149.5228271484375,157093000
2014-04-16,185.47000122070312,186.13999938964844,184.64999389648438,186.1300048828125,151.08956909179688,105197000
2014-04-17,185.8800048828125,186.91000366210938,185.55999755859375,186.38999938964844,151.30059814453125,105255000
2014-04-21,186.44000244140625,187.10000610351562,186.2100067138672,187.0399932861328,151.82821655273438,68329000
2014-04-22,187.22999572753906,188.39999389648438,187.1300048828125,187.88999938964844,152.51817321777344,85790000
2014-04-23,187.82000732421875,187.9199981689453,187.3000030517578,187.4499969482422,152.1610107421875,73869000
2014-04-24,188.3699951171875,188.38999938964844,186.92999267578125,187.8300018310547,152.469482421875,88170000
2014-04-25,187.22000122070312,187.3300018310547,185.8699951171875,186.2899932861328,151.2193603515625,100380000
2014-04-28,187.0500030517578,187.69000244140625,184.9600067138672,186.8800048828125,151.69834899902344,135121000
2014-04-29,187.47999572753906,188.0399932861328,187.0800018310547,187.75,152.40451049804688,84098000
2014-04-30,187.44000244140625,188.5,187.17999267578125,188.30999755859375,152.8590850830078,101508000
2014-05-01,188.22000122070312,188.83999633789062,187.72999572753906,188.3300018310547,152.87535095214844,93019000
2014-05-02,188.30999755859375,189.13999938964844,187.77999877929688,188.05999755859375,152.6561737060547,98122000
2014-05-05,187.13999938964844,188.5500030517578,186.6199951171875,188.4199981689453,152.9484405517578,75883000
2014-05-06,188.0,188.1300048828125,186.74000549316406,186.77999877929688,151.6171875,85454000
2014-05-07,187.41000366210938,187.97000122070312,186.00999450683594,187.8800048828125,152.51007080078125,106500000
2014-05-08,187.7100067138672,189.0500030517578,187.0800018310547,187.67999267578125,152.3477325439453,93618000
2014-05-09,187.7100067138672,188.0399932861328,186.8300018310547,187.9600067138672,152.57501220703125,83679000
2014-05-12,188.8000030517578,189.8800048828125,188.0,189.7899932861328,154.06048583984375,86940000
2014-05-13,190.0399932861328,190.4199981689453,189.77000427246094,189.9600067138672,154.19847106933594,66454000
2014-05-14,189.7899932861328,189.8800048828125,188.7899932861328,189.05999755859375,153.4679412841797,72367000
2014-05-15,188.67999267578125,188.72000122070312,186.47999572753906,187.39999389648438,152.1204071044922,154956000
2014-05-16,187.50999450683594,188.1300048828125,186.72000122070312,188.0500030517578,152.64810180664062,97458000
2014-05-19,187.69000244140625,188.88999938964844,187.52000427246094,188.74000549316406,153.20822143554688,63839000
2014-05-20,188.64999389648438,188.6699981689453,187.07000732421875,187.5500030517578,152.2421875,111644000
2014-05-21,188.08999633789062,189.22000122070312,188.05999755859375,189.1300048828125,153.52476501464844,89093000
2014-05-22,189.17999267578125,189.97999572753906,188.86000061035156,189.58999633789062,153.89816284179688,61549000
2014-05-23,189.75999450683594,190.47999572753906,189.58999633789062,190.35000610351562,154.51507568359375,61092800
2014-05-27,191.05999755859375,191.5800018310547,190.9499969482422,191.52000427246094,155.46484375,72010000
2014-05-28,191.52000427246094,191.82000732421875,191.05999755859375,191.3800048828125,155.35118103027344,66723000
2014-05-29,191.82000732421875,192.39999389648438,191.3300018310547,192.3699951171875,156.15478515625,64377000
2014-05-30,192.19000244140625,192.8000030517578,192.02999877929688,192.67999267578125,156.40640258789062,76316000
2014-06-02,192.9499969482422,192.99000549316406,191.97000122070312,192.89999389648438,156.5850067138672,64656000
2014-06-03,192.42999267578125,192.89999389648438,192.25,192.8000030517578,156.50384521484375,65047000
2014-06-04,192.47000122070312,193.3000030517578,192.27000427246094,193.19000244140625,156.82041931152344,55529000
2014-06-05,193.41000366210938,194.64999389648438,192.6999969482422,194.4499969482422,157.84320068359375,92103000
2014-06-06,194.8699951171875,195.42999267578125,194.77999877929688,195.3800048828125,158.59817504882812,78696000
2014-06-09,195.35000610351562,196.0500030517578,195.1699981689453,195.5800018310547,158.760498046875,65119000
2014-06-10,195.33999633789062,195.63999938964844,194.9199981689453,195.60000610351562,158.77674865722656,57129000
2014-06-11,194.89999389648438,195.1199951171875,194.47999572753906,194.9199981689453,158.22471618652344,68772000
2014-06-12,194.69000244140625,194.8000030517578,193.11000061035156,193.5399932861328,157.10455322265625,106350000
2014-06-13,193.9199981689453,194.32000732421875,193.3000030517578,194.1300048828125,157.58346557617188,82017000
2014-06-16,193.88999938964844,194.6999969482422,193.66000366210938,194.2899932861328,157.7133026123047,87424000
2014-06-17,194.02000427246094,194.97000122070312,193.80999755859375,194.8300018310547,158.1516876220703,84834000
2014-06-18,194.8300018310547,196.3699951171875,194.39999389648438,196.25999450683594,159.31248474121094,105267000
2014-06-19,196.42999267578125,196.60000610351562,195.8000030517578,196.47999572753906,159.49105834960938,85929000
2014-06-20,196.02999877929688,196.10000610351562,195.6999969482422,195.94000244140625,159.8148956298828,100587000
2014-06-23,195.99000549316406,196.0500030517578,195.52000427246094,195.8800048828125,159.7659149169922,70611000
2014-06-24,195.52999877929688,196.5,194.47999572753906,194.6999969482422,158.80345153808594,96237000
2014-06-25,194.2899932861328,195.77999877929688,194.25,195.5800018310547,159.521240234375,82782000
2014-06-26,195.61000061035156,195.6300048828125,194.1300048828125,195.44000244140625,159.40699768066406,84312000
2014-06-27,194.97999572753906,195.8800048828125,194.88999938964844,195.82000732421875,159.7169952392578,71445100
2014-06-30,195.6999969482422,196.1699981689453,195.52999877929688,195.72000122070312,159.6354522705078,70201200
2014-07-01,196.1999969482422,197.6300048828125,196.1300048828125,197.02999877929688,160.7039031982422,90470000
2014-07-02,197.0500030517578,197.47999572753906,196.9600067138672,197.22999572753906,160.86700439453125,52475000
2014-07-03,197.7899932861328,198.2899932861328,197.63999938964844,198.1999969482422,161.6581573486328,52938800
2014-07-07,197.82000732421875,197.97999572753906,197.22000122070312,197.50999450683594,161.0953826904297,61696000
2014-07-08,197.14999389648438,197.22000122070312,195.75999450683594,196.24000549316406,160.05960083007812,108143000
2014-07-09,196.72999572753906,197.3000030517578,196.30999755859375,197.1199951171875,160.77732849121094,72992000
2014-07-10,195.22000122070312,196.86000061035156,195.05999755859375,196.33999633789062,160.14111328125,99040000
2014-07-11,196.22000122070312,196.75,195.77999877929688,196.61000061035156,160.36129760742188,64243000
2014-07-14,197.61000061035156,197.86000061035156,197.44000244140625,197.60000610351562,161.16883850097656,58658000
2014-07-15,197.72000122070312,198.10000610351562,196.36000061035156,197.22999572753906,160.86700439453125,111307000
2014-07-16,198.11000061035156,198.25999450683594,197.4199981689453,197.9600067138672,161.46241760253906,79986400
2014-07-17,197.35000610351562,198.10000610351562,195.42999267578125,195.7100067138672,159.62725830078125,145398000
2014-07-18,196.35000610351562,197.91000366210938,196.24000549316406,197.7100067138672,161.25856018066406,124330000
2014-07-21,197.08999633789062,197.5,196.42999267578125,197.33999633789062,160.9567413330078,67592000
2014-07-22,198.00999450683594,198.55999755859375,197.8699951171875,198.1999969482422,161.6581573486328,67678000
2014-07-23,198.5,198.85000610351562,198.10000610351562,198.63999938964844,162.01707458496094,65612000
2014-07-24,198.8300018310547,199.05999755859375,198.4499969482422,198.64999389648438,162.02523803710938,56888000
2014-07-25,198.08999633789062,198.25999450683594,197.3300018310547,197.72000122070312,161.26661682128906,76837000
2014-07-28,197.75999450683594,198.08999633789062,196.6199951171875,197.8000030517578,161.3319549560547,69259000
2014-07-29,198.1699981689453,198.4499969482422,196.9199981689453,196.9499969482422,160.6386260986328,80466000
2014-07-30,197.64999389648438,197.91000366210938,196.16000366210938,196.97999572753906,160.66310119628906,104222000
2014-07-31,195.61000061035156,195.77999877929688,192.97000122070312,193.08999633789062,157.4903106689453,183479000
2014-08-01,192.55999755859375,193.75999450683594,191.57000732421875,192.5,157.0091094970703,189261000
2014-08-04,192.8699951171875,194.3000030517578,192.0500030517578,193.88999938964844,158.14279174804688,91340000
2014-08-05,193.10000610351562,193.60000610351562,191.30999755859375,192.00999450683594,156.6094207763672,152690000
2014-08-06,191.11000061035156,192.88999938964844,191.0800018310547,192.07000732421875,156.65835571289062,94818000
2014-08-07,192.94000244140625,193.1300048828125,190.5500030517578,191.02999877929688,155.8101348876953,135733000
2014-08-08,191.4600067138672,193.3699951171875,190.9499969482422,193.24000549316406,157.61264038085938,117014000
2014-08-11,193.97000122070312,194.66000366210938,193.7100067138672,193.8000030517578,158.06939697265625,74544000
2014-08-12,193.61000061035156,194.14999389648438,192.94000244140625,193.52999877929688,157.84918212890625,73632000
2014-08-13,194.2899932861328,195.05999755859375,193.9600067138672,194.83999633789062,158.9176483154297,69047000
2014-08-14,195.16000366210938,195.75999450683594,194.97999572753906,195.75999450683594,159.6680450439453,57371000
2014-08-15,196.47000122070312,196.64999389648438,194.30999755859375,195.72000122070312,159.6354522705078,139951000
2014-08-18,196.8000030517578,197.4499969482422,196.69000244140625,197.36000061035156,160.9730682373047,75424000
2014-08-19,197.83999633789062,198.5399932861328,197.44000244140625,198.38999938964844,161.81312561035156,59135000
2014-08-20,198.1199951171875,199.16000366210938,198.0800018310547,198.9199981689453,162.2454376220703,72763000
2014-08-21,199.08999633789062,199.75999450683594,198.92999267578125,199.5,162.71849060058594,67791000
2014-08-22,199.33999633789062,199.69000244140625,198.74000549316406,199.19000244140625,162.46563720703125,76107000
2014-08-25,200.13999938964844,200.58999633789062,199.14999389648438,200.1999969482422,163.28944396972656,63855000
2014-08-26,200.3300018310547,200.82000732421875,200.27999877929688,200.3300018310547,163.39549255371094,47298000
2014-08-27,200.42999267578125,200.57000732421875,199.94000244140625,200.25,163.33021545410156,47874000
2014-08-28,199.58999633789062,200.27000427246094,199.38999938964844,200.13999938964844,163.24057006835938,58330000
2014-08-29,200.4499969482422,200.72999572753906,199.82000732421875,200.7100067138672,163.70542907714844,65907000
2014-09-02,200.97000122070312,201.0,199.86000061035156,200.61000061035156,163.6238250732422,72426000
2014-09-03,201.3800048828125,201.41000366210938,200.22000122070312,200.5,163.53419494628906,57462000
2014-09-04,200.83999633789062,201.5800018310547,199.66000366210938,200.2100067138672,163.29757690429688,85236000
2014-09-05,200.1699981689453,201.19000244140625,199.41000366210938,201.11000061035156,164.0316925048828,102177000
2014-09-08,200.9199981689453,201.2100067138672,200.0,200.58999633789062,163.60752868652344,64146000
2014-09-09,200.41000366210938,200.5500030517578,198.91000366210938,199.32000732421875,162.57162475585938,88591000
2014-09-10,199.42999267578125,200.1999969482422,198.77000427246094,200.07000732421875,163.1833953857422,67251000
2014-09-11,199.27000427246094,200.3300018310547,199.1199951171875,200.3000030517578,163.37100219726562,66774400
2014-09-12,200.10000610351562,200.1199951171875,198.55999755859375,199.1300048828125,162.41671752929688,117409300
2014-09-15,199.16000366210938,199.32000732421875,198.3800048828125,198.97999572753906,162.2943572998047,76401000
2014-09-16,198.61000061035156,200.83999633789062,198.5,200.47999572753906,163.517822265625,116201000
2014-09-17,200.77000427246094,201.67999267578125,199.75,200.75,163.73805236816406,151266000
2014-09-18,201.36000061035156,201.85000610351562,201.10000610351562,201.82000732421875,164.6107635498047,94990000
2014-09-19,201.52000427246094,201.89999389648438,200.2899932861328,200.6999969482422,164.46243286132812,121649000
2014-09-22,200.35000610351562,200.3800048828125,198.72999572753906,199.14999389648438,163.19229125976562,125553000
2014-09-23,198.42999267578125,199.25999450683594,197.9499969482422,198.00999450683594,162.25819396972656,111393000
2014-09-24,198.0399932861328,199.69000244140625,197.52000427246094,199.55999755859375,163.52830505371094,107276000
2014-09-25,199.0399932861328,199.0500030517578,196.27000427246094,196.33999633789062,160.88970947265625,150300000
2014-09-26,196.6999969482422,198.38999938964844,196.4199981689453,197.89999389648438,162.16796875,103547000
2014-09-29,196.1999969482422,197.88999938964844,196.0500030517578,197.5399932861328,161.8729705810547,95112000
2014-09-30,197.69000244140625,198.3000030517578,196.61000061035156,197.02000427246094,161.4468994140625,131302000
2014-10-01,196.6999969482422,196.77000427246094,193.91000366210938,194.35000610351562,159.25901794433594,177798000
2014-10-02,194.17999267578125,195.05999755859375,192.35000610351562,194.3800048828125,159.28353881835938,157285000
2014-10-03,195.67999267578125,196.94000244140625,195.0800018310547,196.52000427246094,161.0372314453125,121569000
2014-10-06,197.33999633789062,197.60000610351562,195.5800018310547,196.2899932861328,160.84866333007812,104778000
2014-10-07,195.27999877929688,195.72000122070312,193.22000122070312,193.25999450683594,158.3657684326172,147913000
2014-10-08,193.3699951171875,196.9199981689453,192.36000061035156,196.63999938964844,161.13551330566406,186461000
2014-10-09,196.3300018310547,196.60000610351562,192.5800018310547,192.74000549316406,157.93966674804688,210705000
2014-10-10,192.69000244140625,193.64999389648438,190.49000549316406,190.5399932861328,156.13693237304688,221909000
2014-10-13,190.4600067138672,191.14999389648438,187.3000030517578,187.41000366210938,153.57208251953125,230939000
2014-10-14,188.4199981689453,189.82000732421875,187.0399932861328,187.6999969482422,153.8097381591797,215847000
2014-10-15,185.16000366210938,187.69000244140625,181.9199981689453,186.42999267578125,152.7689971923828,380715000
2014-10-16,183.05999755859375,187.5800018310547,182.88999938964844,186.27000427246094,152.63784790039062,270391000
2014-10-17,188.4199981689453,189.75,187.6199951171875,188.47000122070312,154.44061279296875,214625000
2014-10-20,188.1300048828125,190.4499969482422,188.07000732421875,190.3000030517578,155.94024658203125,130011000
2014-10-21,191.67999267578125,194.1999969482422,191.47999572753906,194.07000732421875,159.02955627441406,154949000
2014-10-22,194.41000366210938,194.91000366210938,192.61000061035156,192.69000244140625,157.89871215820312,151822000
2014-10-23,194.6199951171875,196.1999969482422,194.25999450683594,194.92999267578125,159.73428344726562,154944000
2014-10-24,195.25,196.49000549316406,194.49000549316406,196.42999267578125,160.96340942382812,117927000
2014-10-27,195.72999572753906,196.4499969482422,195.02999877929688,196.16000366210938,160.74221801757812,82954000
2014-10-28,196.82000732421875,198.4199981689453,196.72999572753906,198.41000366210938,162.5859375,106736000
2014-10-29,198.5500030517578,199.1199951171875,196.8000030517578,198.11000061035156,162.340087890625,142557000
2014-10-30,197.5800018310547,199.9499969482422,197.39999389648438,199.3800048828125,163.3808135986328,113330000
2014-10-31,201.77999877929688,201.82000732421875,200.77000427246094,201.66000366210938,165.24908447265625,146903000
2014-11-03,201.9199981689453,202.4499969482422,201.30999755859375,201.77000427246094,165.33929443359375,93600000
2014-11-04,201.22999572753906,201.60000610351562,200.05999755859375,201.07000732421875,164.76568603515625,93343000
2014-11-05,202.5399932861328,202.58999633789062,201.4499969482422,202.33999633789062,165.8063201904297,91709000
2014-11-06,202.38999938964844,203.25999450683594,201.63999938964844,203.14999389648438,166.47006225585938,107089000
2014-11-07,203.1699981689453,203.60000610351562,202.61000061035156,203.33999633789062,166.6257781982422,89540000
2014-11-10,203.3800048828125,204.0399932861328,203.1300048828125,203.97999572753906,167.15017700195312,66319000
2014-11-11,204.05999755859375,204.30999755859375,203.64999389648438,204.17999267578125,167.3140869140625,54499400
2014-11-12,203.35000610351562,204.24000549316406,203.30999755859375,203.9600067138672,167.13385009765625,90120300
2014-11-13,204.16000366210938,204.8300018310547,203.2100067138672,204.19000244140625,167.32232666015625,85357900
2014-11-14,204.10000610351562,204.49000549316406,203.72000122070312,204.24000549316406,167.36331176757812,80417500
2014-11-17,203.85000610351562,204.5800018310547,203.64999389648438,204.3699951171875,167.46978759765625,80441000
2014-11-18,204.44000244140625,205.9199981689453,204.44000244140625,205.5500030517578,168.436767578125,76068100
2014-11-19,205.30999755859375,205.5500030517578,204.3000030517578,205.22000122070312,168.1663055419922,82373000
2014-11-20,204.25999450683594,205.7100067138672,204.17999267578125,205.5800018310547,168.46133422851562,72840300
2014-11-21,207.63999938964844,207.83999633789062,205.97999572753906,206.67999267578125,169.3627166748047,142327300
2014-11-24,207.1699981689453,207.38999938964844,206.91000366210938,207.25999450683594,169.83799743652344,65880800
2014-11-25,207.5399932861328,207.7899932861328,206.8000030517578,207.11000061035156,169.715087890625,79108300
2014-11-26,207.2899932861328,207.75999450683594,207.02999877929688,207.63999938964844,170.14938354492188,62167800
2014-11-28,207.49000549316406,207.8699951171875,206.91000366210938,207.1999969482422,169.78880310058594,57890100
2014-12-01,206.39999389648438,206.5399932861328,205.3800048828125,205.75999450683594,168.60882568359375,103968400
2014-12-02,205.80999755859375,207.33999633789062,205.77999877929688,207.08999633789062,169.69873046875,74507200
2014-12-03,207.3000030517578,208.14999389648438,207.10000610351562,207.88999938964844,170.35423278808594,68952000
2014-12-04,207.5399932861328,208.27000427246094,206.6999969482422,207.66000366210938,170.16574096679688,91316600
2014-12-05,207.8699951171875,208.47000122070312,207.5500030517578,208.0,170.44439697265625,91025500
2014-12-08,207.52000427246094,208.1199951171875,205.92999267578125,206.61000061035156,169.30538940429688,108588200
2014-12-09,204.3699951171875,206.60000610351562,203.91000366210938,206.47000122070312,169.190673828125,125180100
2014-12-10,205.91000366210938,205.97999572753906,202.92999267578125,203.16000366210938,166.47830200195312,159856400
2014-12-11,203.8800048828125,206.19000244140625,203.7100067138672,204.19000244140625,167.32232666015625,159012800
2014-12-12,202.63999938964844,203.82000732421875,200.85000610351562,200.88999938964844,164.61814880371094,202330200
2014-12-15,201.97999572753906,202.52999877929688,198.77999877929688,199.50999450683594,163.48727416992188,189965800
2014-12-16,198.5800018310547,202.39999389648438,197.86000061035156,197.91000366210938,162.17620849609375,259543800
2014-12-17,198.44000244140625,202.33999633789062,198.2899932861328,201.7899932861328,165.35560607910156,253910100
2014-12-18,204.74000549316406,212.97000122070312,203.9199981689453,206.77999877929688,169.44468688964844,257633900
2014-12-19,206.42999267578125,207.3300018310547,205.61000061035156,206.52000427246094,170.16561889648438,245084600
2014-12-22,206.75,207.47000122070312,206.4600067138672,207.47000122070312,170.94839477539062,148318900
2014-12-23,208.1699981689453,208.22999572753906,207.39999389648438,207.75,171.17916870117188,122167900
2014-12-24,208.02000427246094,208.33999633789062,207.72000122070312,207.77000427246094,171.19554138183594,42963400
2014-12-26,208.30999755859375,208.85000610351562,208.25,208.44000244140625,171.7476348876953,57326700
2014-12-29,208.22000122070312,208.97000122070312,208.13999938964844,208.72000122070312,171.97836303710938,79643900
2014-12-30,208.2100067138672,208.3699951171875,207.50999450683594,207.60000610351562,171.0555419921875,73540800
2014-12-31,207.99000549316406,208.19000244140625,205.38999938964844,205.5399932861328,169.35813903808594,130333800
2015-01-02,206.3800048828125,206.8800048828125,204.17999267578125,205.42999267578125,169.26751708984375,121465900
2015-01-05,204.1699981689453,204.3699951171875,201.35000610351562,201.72000122070312,166.2105712890625,169632600
2015-01-06,202.08999633789062,202.72000122070312,198.86000061035156,199.82000732421875,164.6450958251953,209151400
2015-01-07,201.4199981689453,202.72000122070312,200.8800048828125,202.30999755859375,166.69674682617188,125346700
2015-01-08,204.00999450683594,206.16000366210938,203.99000549316406,205.89999389648438,169.65476989746094,147217800
2015-01-09,206.39999389648438,206.4199981689453,203.50999450683594,204.25,168.2952423095703,158567300
2015-01-12,204.41000366210938,204.60000610351562,201.9199981689453,202.64999389648438,166.9768829345703,144396100
2015-01-13,204.1199951171875,205.47999572753906,200.50999450683594,202.0800018310547,166.50726318359375,214553300
2015-01-14,199.64999389648438,201.10000610351562,198.57000732421875,200.86000061035156,165.50198364257812,192991100
2015-01-15,201.6300048828125,202.00999450683594,198.8800048828125,199.02000427246094,163.98585510253906,176613900
2015-01-16,198.77000427246094,201.82000732421875,198.5500030517578,201.6300048828125,166.13645935058594,211879600
2015-01-20,202.39999389648438,202.72000122070312,200.1699981689453,202.05999755859375,166.49075317382812,130991100
2015-01-21,201.5,203.66000366210938,200.94000244140625,203.0800018310547,167.3312225341797,122942700
2015-01-22,203.99000549316406,206.25999450683594,202.3300018310547,206.10000610351562,169.8196563720703,174356000
2015-01-23,205.7899932861328,206.10000610351562,204.80999755859375,204.97000122070312,168.88845825195312,117516800
2015-01-26,204.7100067138672,205.55999755859375,203.85000610351562,205.4499969482422,169.2839813232422,92009700
2015-01-27,202.97000122070312,204.1199951171875,201.74000549316406,202.74000549316406,167.05104064941406,134044600
2015-01-28,204.1699981689453,204.2899932861328,199.91000366210938,200.13999938964844,164.90872192382812,168514300
2015-01-29,200.3800048828125,202.3000030517578,198.67999267578125,201.99000549316406,166.43309020996094,173585400
2015-01-30,200.57000732421875,202.1699981689453,199.1300048828125,199.4499969482422,164.34022521972656,197729700
2015-02-02,200.0500030517578,202.02999877929688,197.86000061035156,201.9199981689453,166.3754425048828,163107000
2015-02-03,203.0,204.85000610351562,202.5500030517578,204.83999633789062,168.78140258789062,124212900
2015-02-04,203.9199981689453,205.3800048828125,203.50999450683594,204.05999755859375,168.138671875,134306700
2015-02-05,204.86000061035156,206.3000030517578,204.77000427246094,206.1199951171875,169.8360595703125,97953200
2015-02-06,206.55999755859375,207.24000549316406,204.9199981689453,205.5500030517578,169.3663787841797,125672000
2015-02-09,204.77000427246094,205.63999938964844,204.13999938964844,204.6300048828125,168.6083526611328,87219000
2015-02-10,205.8800048828125,207.1199951171875,204.67999267578125,206.80999755859375,170.40460205078125,96164200
2015-02-11,206.61000061035156,207.4499969482422,205.8300018310547,206.92999267578125,170.5034942626953,91087800
2015-02-12,207.88999938964844,208.99000549316406,206.97000122070312,208.9199981689453,172.14315795898438,97545900
2015-02-13,209.07000732421875,209.83999633789062,208.75999450683594,209.77999877929688,172.8517608642578,93670400
2015-02-17,209.39999389648438,210.32000732421875,209.10000610351562,210.11000061035156,173.12362670898438,76968200
2015-02-18,209.66000366210938,210.22000122070312,209.33999633789062,210.1300048828125,173.1401824951172,80652900
2015-02-19,209.41000366210938,210.4199981689453,209.24000549316406,209.97999572753906,173.0165557861328,91462500
2015-02-20,209.47999572753906,211.3300018310547,208.72999572753906,211.24000549316406,174.05479431152344,140896400
2015-02-23,210.94000244140625,211.2100067138672,210.47999572753906,211.2100067138672,174.03009033203125,74411100
2015-02-24,211.1199951171875,212.0500030517578,210.75999450683594,211.80999755859375,174.5244140625,72472300
2015-02-25,211.66000366210938,212.24000549316406,211.22000122070312,211.6300048828125,174.37612915039062,73061700
2015-02-26,211.52000427246094,211.7100067138672,210.64999389648438,211.3800048828125,174.17015075683594,72697900
2015-02-27,211.25999450683594,211.5800018310547,210.60000610351562,210.66000366210938,173.5768280029297,108076000
2015-03-02,210.77999877929688,212.05999755859375,210.72000122070312,211.99000549316406,174.6727752685547,87491400
2015-03-03,211.47000122070312,212.0500030517578,210.0800018310547,211.1199951171875,173.9558868408203,110325800
2015-03-04,210.39999389648438,210.49000549316406,209.05999755859375,210.22999572753906,173.22254943847656,114497200
2015-03-05,210.6199951171875,210.8000030517578,209.85000610351562,210.4600067138672,173.412109375,76873000
2015-03-06,209.4199981689453,209.94000244140625,207.10000610351562,207.5,170.97312927246094,188128000
2015-03-09,207.74000549316406,208.7899932861328,207.5500030517578,208.36000061035156,171.68177795410156,89818900
2015-03-10,206.7100067138672,206.80999755859375,204.92999267578125,204.97999572753906,168.89674377441406,157121300
2015-03-11,205.2899932861328,205.5,204.39999389648438,204.5,168.5012969970703,110145700
2015-03-12,205.25999450683594,207.17999267578125,205.1999969482422,207.10000610351562,170.6435089111328,93993500
2015-03-13,206.77000427246094,207.92999267578125,204.5800018310547,205.8300018310547,169.59713745117188,162410900
2015-03-16,206.7100067138672,208.69000244140625,205.86000061035156,208.5800018310547,171.86302185058594,136099200
2015-03-17,207.69000244140625,208.4199981689453,206.97999572753906,207.9600067138672,171.3522186279297,94510400
2015-03-18,207.38999938964844,211.27000427246094,206.6199951171875,210.4600067138672,173.412109375,228808500
2015-03-19,209.9600067138672,210.47000122070312,209.02999877929688,209.5,172.62107849121094,117917300
2015-03-20,209.7100067138672,211.02000427246094,209.49000549316406,210.41000366210938,174.14479064941406,177715100
2015-03-23,210.4199981689453,211.11000061035156,210.0,210.0,173.80543518066406,71784500
2015-03-24,209.85000610351562,210.39999389648438,208.74000549316406,208.82000732421875,172.82884216308594,77805300
2015-03-25,209.07000732421875,209.35000610351562,205.7100067138672,205.75999450683594,170.2962646484375,159521700
2015-03-26,204.9600067138672,206.3699951171875,204.1199951171875,205.27000427246094,169.8906707763672,153067200
2015-03-27,205.1300048828125,205.9499969482422,204.89999389648438,205.74000549316406,170.27969360351562,118939000
2015-03-30,206.97999572753906,208.61000061035156,206.9600067138672,208.25,172.3571014404297,96180400
2015-03-31,207.25999450683594,208.10000610351562,206.36000061035156,206.42999267578125,170.85076904296875,126768700
2015-04-01,206.38999938964844,206.4199981689453,204.50999450683594,205.6999969482422,170.2465362548828,137303600
2015-04-02,205.6199951171875,206.97999572753906,205.39999389648438,206.44000244140625,170.8590087890625,86900900
2015-04-06,205.3699951171875,208.4499969482422,205.2100067138672,207.8300018310547,172.0094757080078,114368200
2015-04-07,207.86000061035156,208.75999450683594,207.24000549316406,207.27999877929688,171.55422973632812,81236300
2015-04-08,207.5500030517578,208.50999450683594,207.0800018310547,207.97999572753906,172.13356018066406,89351900
2015-04-09,207.77999877929688,209.17999267578125,207.19000244140625,208.89999389648438,172.89500427246094,85548900
2015-04-10,209.1999969482422,210.08999633789062,208.9600067138672,210.0399932861328,173.83856201171875,72722900
2015-04-13,209.8699951171875,210.6300048828125,209.02999877929688,209.08999633789062,173.05221557617188,74436600
2015-04-14,208.85000610351562,209.7100067138672,208.10000610351562,209.49000549316406,173.38336181640625,75099900
2015-04-15,210.0500030517578,211.0399932861328,209.9499969482422,210.42999267578125,174.1613006591797,99529300
2015-04-16,210.02999877929688,210.97999572753906,209.7899932861328,210.3699951171875,174.11167907714844,68934900
2015-04-17,208.94000244140625,209.22999572753906,207.00999450683594,207.9499969482422,172.10873413085938,191113200
2015-04-20,209.05999755859375,210.25,208.9600067138672,209.85000610351562,173.6812744140625,92189500
2015-04-21,210.6699981689453,210.86000061035156,209.24000549316406,209.60000610351562,173.47439575195312,72559800
2015-04-22,210.00999450683594,210.85000610351562,208.89999389648438,210.6300048828125,174.3268280029297,78264600
2015-04-23,210.14999389648438,211.94000244140625,210.00999450683594,211.16000366210938,174.76547241210938,102585900
2015-04-24,211.66000366210938,211.97000122070312,211.11000061035156,211.64999389648438,175.17105102539062,61327400
2015-04-27,212.3300018310547,212.47999572753906,210.5399932861328,210.77000427246094,174.4427032470703,79358100
2015-04-28,210.74000549316406,211.5,209.3300018310547,211.44000244140625,174.99720764160156,86863500
2015-04-29,210.3699951171875,211.2899932861328,209.60000610351562,210.57000732421875,174.2771759033203,125684900
2015-04-30,209.8800048828125,210.35000610351562,207.6199951171875,208.4600067138672,172.53082275390625,161304900
2015-05-01,209.39999389648438,210.77000427246094,209.27999877929688,210.72000122070312,174.40133666992188,103399700
2015-05-04,211.22999572753906,212.02000427246094,211.10000610351562,211.32000732421875,174.89791870117188,70927200
2015-05-05,211.02999877929688,211.4600067138672,208.72999572753906,208.89999389648438,172.89500427246094,113326200
2015-05-06,209.55999755859375,209.92999267578125,206.75999450683594,208.0399932861328,172.1832733154297,135060200
2015-05-07,207.9199981689453,209.3800048828125,207.52000427246094,208.8699951171875,172.87020874023438,88244900
2015-05-08,210.8800048828125,211.86000061035156,210.77999877929688,211.6199951171875,175.146240234375,155877300
2015-05-11,211.57000732421875,211.88999938964844,210.52000427246094,210.61000061035156,174.31028747558594,75708100
2015-05-12,209.61000061035156,210.6300048828125,208.6199951171875,209.97999572753906,173.78890991210938,119727600
2015-05-13,210.47000122070312,211.22000122070312,209.74000549316406,210.02000427246094,173.822021484375,94667900
2015-05-14,211.24000549316406,212.32000732421875,210.91000366210938,212.2100067138672,175.63455200195312,95934000
2015-05-15,212.44000244140625,212.61000061035156,211.86000061035156,212.44000244140625,175.82489013671875,76510100
2015-05-18,212.24000549316406,213.39999389648438,212.16000366210938,213.10000610351562,176.37110900878906,74549700
2015-05-19,213.24000549316406,213.57000732421875,212.69000244140625,213.02999877929688,176.31320190429688,72114600
2015-05-20,213.14999389648438,213.77999877929688,212.5,212.8800048828125,176.18905639648438,76857500
2015-05-21,212.7100067138672,213.75,212.50999450683594,213.5,176.70217895507812,64764600
2015-05-22,213.0399932861328,213.5399932861328,212.91000366210938,212.99000549316406,176.28013610839844,57433500
2015-05-26,212.39999389648438,212.91000366210938,210.1999969482422,210.6999969482422,174.38478088378906,124308600
2015-05-27,211.25,212.97999572753906,210.75999450683594,212.6999969482422,176.04002380371094,93214000
2015-05-28,212.3300018310547,212.58999633789062,211.6300048828125,212.4600067138672,175.84149169921875,74974600
2015-05-29,212.3800048828125,212.42999267578125,210.82000732421875,211.13999938964844,174.74896240234375,124919600
2015-06-01,211.94000244140625,212.33999633789062,210.6199951171875,211.57000732421875,175.1048126220703,93338800
2015-06-02,211.02000427246094,212.19000244140625,210.27000427246094,211.36000061035156,174.93101501464844,91531000
2015-06-03,212.0,212.6699981689453,211.3300018310547,211.9199981689453,175.3944854736328,87820900
2015-06-04,211.07000732421875,211.86000061035156,209.75,210.1300048828125,173.91302490234375,151882800
2015-06-05,209.9499969482422,210.5800018310547,208.97999572753906,209.77000427246094,173.61508178710938,121704700
2015-06-08,209.63999938964844,209.82000732421875,208.38999938964844,208.47999572753906,172.5474090576172,89063300
2015-06-09,208.4499969482422,209.10000610351562,207.69000244140625,208.4499969482422,172.52256774902344,105034700
2015-06-10,209.3699951171875,211.41000366210938,209.3000030517578,210.9499969482422,174.59165954589844,134551300
2015-06-11,211.47999572753906,212.08999633789062,211.1999969482422,211.6300048828125,175.15452575683594,73876400
2015-06-12,210.63999938964844,211.47999572753906,209.67999267578125,210.00999450683594,173.8136749267578,135382400
2015-06-15,208.63999938964844,209.4499969482422,207.7899932861328,209.11000061035156,173.06883239746094,124384200
2015-06-16,208.92999267578125,210.35000610351562,208.72000122070312,210.25,174.01235961914062,85308200
2015-06-17,210.58999633789062,211.32000732421875,209.36000061035156,210.58999633789062,174.29373168945312,126708600
2015-06-18,211.30999755859375,213.33999633789062,210.6300048828125,212.77999877929688,176.10626220703125,165867900
2015-06-19,211.4600067138672,211.5500030517578,210.36000061035156,210.80999755859375,175.3245086669922,130478700
2015-06-22,211.91000366210938,212.58999633789062,211.63999938964844,211.88999938964844,176.22265625,70696000
2015-06-23,212.13999938964844,212.44000244140625,211.57000732421875,212.0399932861328,176.34747314453125,68476800
2015-06-24,211.72000122070312,212.1699981689453,210.47000122070312,210.5,175.0666961669922,92307300
2015-06-25,211.10000610351562,211.25,209.77000427246094,209.86000061035156,174.53439331054688,97107400
2015-06-26,210.2899932861328,210.5800018310547,209.16000366210938,209.82000732421875,174.50119018554688,104174800
2015-06-29,208.0500030517578,209.8300018310547,205.3300018310547,205.4199981689453,170.84178161621094,202621300
2015-06-30,207.25999450683594,207.32000732421875,205.27999877929688,205.85000610351562,171.19944763183594,182925100
2015-07-01,207.72999572753906,208.02999877929688,206.55999755859375,207.5,172.5717010498047,135979900
2015-07-02,208.07000732421875,208.27000427246094,206.80999755859375,207.30999755859375,172.41363525390625,104373700
2015-07-06,205.77000427246094,207.64999389648438,205.52999877929688,206.72000122070312,171.92295837402344,117975400
2015-07-07,206.9600067138672,208.1699981689453,204.11000061035156,208.02000427246094,173.0041961669922,173820200
2015-07-08,206.4199981689453,206.75999450683594,204.25,204.52999877929688,170.10165405273438,164020100
2015-07-09,207.0399932861328,207.35000610351562,204.77000427246094,204.89999389648438,170.40931701660156,144113100
2015-07-10,207.2899932861328,207.97999572753906,204.9499969482422,207.47999572753906,172.5550537109375,129456900
2015-07-13,208.99000549316406,209.89999389648438,208.94000244140625,209.77000427246094,174.45956420898438,106069400
2015-07-14,209.72000122070312,211.0500030517578,209.64999389648438,210.67999267578125,175.21640014648438,81709600
2015-07-15,210.72999572753906,211.27999877929688,210.0399932861328,210.61000061035156,175.15817260742188,97914100
2015-07-16,211.8699951171875,212.3000030517578,211.5800018310547,212.3000030517578,176.5636749267578,106683300
2015-07-17,212.2899932861328,212.5500030517578,211.8000030517578,212.47999572753906,176.71339416503906,89030000
2015-07-20,212.75,213.17999267578125,212.2100067138672,212.58999633789062,176.80482482910156,70446800
2015-07-21,212.42999267578125,212.74000549316406,211.38999938964844,211.75,176.10626220703125,77965000
2015-07-22,210.92999267578125,211.77000427246094,210.88999938964844,211.3699951171875,175.79022216796875,88667900
2015-07-23,211.52999877929688,211.64999389648438,209.75,210.17999267578125,174.80052185058594,90509100
2015-07-24,210.3000030517578,210.3699951171875,207.60000610351562,208.0,172.987548828125,117755000
2015-07-27,206.94000244140625,207.5500030517578,206.25999450683594,206.7899932861328,171.98118591308594,132361100
2015-07-28,207.7899932861328,209.5,206.8000030517578,209.3300018310547,174.09364318847656,123544800
2015-07-29,209.47999572753906,211.0399932861328,209.30999755859375,210.77000427246094,175.2912139892578,105791300
2015-07-30,210.16000366210938,211.02000427246094,209.4199981689453,210.82000732421875,175.33285522460938,91304400
2015-07-31,211.4199981689453,211.4499969482422,210.16000366210938,210.5,175.0666961669922,103266900
2015-08-03,210.4600067138672,210.52999877929688,208.64999389648438,209.7899932861328,174.47621154785156,113965700
2015-08-04,209.6999969482422,210.25,208.8000030517578,209.3800048828125,174.13522338867188,81820800
2015-08-05,210.4499969482422,211.30999755859375,209.72999572753906,210.07000732421875,174.70904541015625,85786800
2015-08-06,210.2899932861328,210.4199981689453,207.64999389648438,208.35000610351562,173.27857971191406,116030800
2015-08-07,208.16000366210938,208.33999633789062,206.8699951171875,207.9499969482422,172.94590759277344,117858000
2015-08-10,209.27999877929688,210.6699981689453,209.27999877929688,210.57000732421875,175.1248779296875,80270700
2015-08-11,208.97000122070312,209.47000122070312,207.75999450683594,208.6699981689453,173.54473876953125,126081400
2015-08-12,207.11000061035156,209.13999938964844,205.36000061035156,208.9199981689453,173.75265502929688,172123700
2015-08-13,208.72999572753906,209.5500030517578,208.00999450683594,208.66000366210938,173.53643798828125,89383300
2015-08-14,208.42999267578125,209.50999450683594,208.25999450683594,209.4199981689453,174.1685028076172,72786500
2015-08-17,208.7100067138672,210.58999633789062,208.16000366210938,210.58999633789062,175.14154052734375,79072600
2015-08-18,210.25999450683594,210.67999267578125,209.6999969482422,209.97999572753906,174.63424682617188,71692700
2015-08-19,209.08999633789062,210.00999450683594,207.35000610351562,208.32000732421875,173.2537078857422,172946000
2015-08-20,206.50999450683594,208.2899932861328,203.89999389648438,203.97000122070312,169.6358642578125,194327900
2015-08-21,201.72999572753906,203.94000244140625,197.52000427246094,197.8300018310547,164.52940368652344,346588500
2015-08-24,187.49000549316406,197.47999572753906,182.39999389648438,189.5,157.60162353515625,507244300
2015-08-25,195.42999267578125,195.4499969482422,186.9199981689453,187.27000427246094,155.7469482421875,369833100
2015-08-26,192.0800018310547,194.7899932861328,188.3699951171875,194.4600067138672,161.72671508789062,339257000
2015-08-27,197.02000427246094,199.4199981689453,195.2100067138672,199.27000427246094,165.72706604003906,274143900
2015-08-28,198.5,199.83999633789062,197.9199981689453,199.27999877929688,165.7353515625,160414400
2015-08-31,198.11000061035156,199.1300048828125,197.00999450683594,197.6699981689453,164.3963623046875,163298800
2015-09-01,193.1199951171875,194.77000427246094,190.72999572753906,191.77000427246094,159.489501953125,256000400
2015-09-02,194.6199951171875,195.4600067138672,192.4199981689453,195.41000366210938,162.51675415039062,160269300
2015-09-03,196.25999450683594,198.0500030517578,194.9600067138672,195.5500030517578,162.63319396972656,152087800
2015-09-04,192.85000610351562,193.86000061035156,191.61000061035156,192.58999633789062,160.1714630126953,207081000
2015-09-08,195.94000244140625,197.61000061035156,195.1699981689453,197.42999267578125,164.19676208496094,116025700
2015-09-09,199.32000732421875,199.47000122070312,194.35000610351562,194.7899932861328,162.0011444091797,149347700
2015-09-10,194.55999755859375,197.22000122070312,194.25,195.85000610351562,162.88267517089844,158611100
2015-09-11,195.3800048828125,196.82000732421875,194.52999877929688,196.74000549316406,163.62289428710938,119691200
2015-09-14,196.9499969482422,197.00999450683594,195.42999267578125,196.00999450683594,163.01577758789062,79452000
2015-09-15,196.61000061035156,198.99000549316406,195.9600067138672,198.4600067138672,165.05332946777344,113806200
2015-09-16,198.82000732421875,200.41000366210938,198.41000366210938,200.17999267578125,166.48387145996094,99581600
2015-09-17,200.02000427246094,202.88999938964844,199.27999877929688,199.72999572753906,166.10960388183594,276046600
2015-09-18,195.7100067138672,198.67999267578125,194.9600067138672,195.4499969482422,163.3951416015625,223657500
2015-09-21,196.44000244140625,197.67999267578125,195.2100067138672,196.4600067138672,164.239501953125,105726200
2015-09-22,193.8800048828125,194.4600067138672,192.55999755859375,193.91000366210938,162.10769653320312,153890900
2015-09-23,194.11000061035156,194.6699981689453,192.91000366210938,193.60000610351562,161.84852600097656,92790600
2015-09-24,192.14999389648438,193.4499969482422,190.55999755859375,192.89999389648438,161.26332092285156,159378800
2015-09-25,194.63999938964844,195.0,191.80999755859375,192.85000610351562,161.22154235839844,155054800
2015-09-28,191.77999877929688,191.91000366210938,187.63999938964844,188.00999450683594,157.1753387451172,178515900
2015-09-29,188.27000427246094,189.74000549316406,186.92999267578125,188.1199951171875,157.26727294921875,159045600
2015-09-30,190.3699951171875,191.8300018310547,189.44000244140625,191.6300048828125,160.20167541503906,163452000
2015-10-01,192.0800018310547,192.49000549316406,189.82000732421875,192.1300048828125,160.61964416503906,131079000
2015-10-02,189.77000427246094,195.02999877929688,189.1199951171875,195.0,163.0189208984375,211003300
2015-10-05,196.4600067138672,198.74000549316406,196.3300018310547,198.47000122070312,165.91981506347656,126320800
2015-10-06,198.30999755859375,198.97999572753906,197.0,197.7899932861328,165.35133361816406,110274500
2015-10-07,198.89999389648438,199.8300018310547,197.47999572753906,199.41000366210938,166.70565795898438,124307300
2015-10-08,198.9499969482422,201.5500030517578,198.58999633789062,201.2100067138672,168.21047973632812,153055200
2015-10-09,201.3800048828125,201.89999389648438,200.5800018310547,201.3300018310547,168.31072998046875,107069200
2015-10-12,201.4199981689453,201.75999450683594,200.91000366210938,201.52000427246094,168.46958923339844,56395600
2015-10-13,200.64999389648438,202.16000366210938,200.0500030517578,200.25,167.4079132080078,88038700
2015-10-14,200.17999267578125,200.8699951171875,198.94000244140625,199.2899932861328,166.6053924560547,99106200
2015-10-15,200.0800018310547,202.36000061035156,199.63999938964844,202.35000610351562,169.1634979248047,134142200
2015-10-16,202.8300018310547,203.2899932861328,201.9199981689453,203.27000427246094,169.93258666992188,114580100
2015-10-19,202.5,203.3699951171875,202.1300048828125,203.3699951171875,170.01620483398438,76523900
2015-10-20,202.85000610351562,203.83999633789062,202.5500030517578,203.11000061035156,169.79885864257812,78448500
2015-10-21,203.61000061035156,203.7899932861328,201.64999389648438,201.85000610351562,168.74549865722656,102038000
2015-10-22,202.97999572753906,205.50999450683594,201.85000610351562,205.25999450683594,171.59622192382812,174911700
2015-10-23,207.25,207.9499969482422,206.3000030517578,207.50999450683594,173.4772186279297,144442300
2015-10-26,207.3000030517578,207.3699951171875,206.55999755859375,207.0,173.05084228515625,69033000
2015-10-27,206.1999969482422,207.0,205.7899932861328,206.60000610351562,172.71644592285156,77905800
2015-10-28,207.0,208.97999572753906,206.2100067138672,208.9499969482422,174.6810760498047,135906700
2015-10-29,208.35000610351562,209.27000427246094,208.2100067138672,208.8300018310547,174.58071899414062,90525500
2015-10-30,209.05999755859375,209.44000244140625,207.74000549316406,207.92999267578125,173.82830810546875,131076900
2015-11-02,208.32000732421875,210.6199951171875,208.1699981689453,210.38999938964844,175.8848876953125,86270800
2015-11-03,209.97000122070312,211.66000366210938,209.6999969482422,211.0,176.3948516845703,95246100
2015-11-04,211.35000610351562,211.5,209.72000122070312,210.36000061035156,175.8598175048828,96224500
2015-11-05,210.42999267578125,210.97999572753906,209.08999633789062,210.14999389648438,175.6842498779297,78408700
2015-11-06,209.74000549316406,210.32000732421875,208.4600067138672,210.0399932861328,175.59230041503906,110471500
2015-11-09,209.30999755859375,209.49000549316406,206.9499969482422,208.0800018310547,173.9537353515625,131008700
2015-11-10,207.50999450683594,208.60000610351562,207.19000244140625,208.55999755859375,174.35494995117188,75874600
2015-11-11,208.8800048828125,208.94000244140625,207.66000366210938,207.74000549316406,173.66954040527344,67846000
2015-11-12,206.5,207.05999755859375,204.82000732421875,204.83999633789062,171.24510192871094,121315200
2015-11-13,204.35000610351562,204.6699981689453,202.44000244140625,202.5399932861328,169.32235717773438,153577100
2015-11-16,202.32000732421875,205.69000244140625,202.17999267578125,205.6199951171875,171.897216796875,117645200
2015-11-17,205.99000549316406,207.0399932861328,204.8800048828125,205.47000122070312,171.7717742919922,121123700
2015-11-18,206.0399932861328,208.89999389648438,205.99000549316406,208.72999572753906,174.49717712402344,121342500
2015-11-19,208.58999633789062,209.0500030517578,208.1999969482422,208.5500030517578,174.3466339111328,88220500
2015-11-20,209.4499969482422,210.1199951171875,208.86000061035156,209.30999755859375,174.9820098876953,94011500
2015-11-23,209.3800048828125,209.97999572753906,208.52000427246094,209.07000732421875,174.78135681152344,64931200
2015-11-24,207.8699951171875,209.8300018310547,207.41000366210938,209.35000610351562,175.01541137695312,98874400
2015-11-25,209.5,209.74000549316406,209.00999450683594,209.32000732421875,174.99034118652344,51980100
2015-11-27,209.42999267578125,209.8000030517578,208.86000061035156,209.55999755859375,175.19100952148438,37317800
2015-11-30,209.75,209.88999938964844,208.55999755859375,208.69000244140625,174.46372985839844,112822700
2015-12-01,209.44000244140625,210.82000732421875,209.11000061035156,210.67999267578125,176.12733459472656,97858400
2015-12-02,210.6199951171875,211.0,208.22999572753906,208.52999877929688,174.3299102783203,108441300
2015-12-03,208.8300018310547,209.14999389648438,204.75,205.61000061035156,171.88882446289062,166224200
2015-12-04,205.61000061035156,209.97000122070312,205.61000061035156,209.6199951171875,175.24114990234375,192913900
2015-12-07,209.22999572753906,209.72999572753906,207.1999969482422,208.35000610351562,174.17950439453125,102027100
2015-12-08,206.49000549316406,208.2899932861328,205.77999877929688,206.9499969482422,173.00909423828125,103372400
2015-12-09,206.19000244140625,208.67999267578125,204.17999267578125,205.33999633789062,171.66307067871094,162401500
2015-12-10,205.4199981689453,207.42999267578125,205.13999938964844,205.8699951171875,172.1061553955078,116128900
2015-12-11,203.35000610351562,204.13999938964844,201.50999450683594,201.8800048828125,168.7705535888672,211173300
2015-12-14,202.07000732421875,203.0500030517578,199.9499969482422,202.89999389648438,169.6232452392578,182385200
2015-12-15,204.6999969482422,206.11000061035156,202.8699951171875,205.02999877929688,171.4040069580078,154069600
2015-12-16,206.3699951171875,208.38999938964844,204.8000030517578,208.02999877929688,173.91195678710938,197017000
2015-12-17,208.39999389648438,208.47999572753906,204.83999633789062,204.86000061035156,171.26182556152344,173092500
2015-12-18,202.77000427246094,202.92999267578125,199.8300018310547,200.02000427246094,168.21083068847656,251393500
2015-12-21,201.41000366210938,201.8800048828125,200.08999633789062,201.6699981689453,169.59835815429688,99094300
2015-12-22,202.72000122070312,203.85000610351562,201.5500030517578,203.5,171.1373748779297,111026200
2015-12-23,204.69000244140625,206.07000732421875,204.5800018310547,206.02000427246094,173.25662231445312,110987200
2015-12-24,205.72000122070312,206.3300018310547,205.4199981689453,205.67999267578125,172.9706573486328,48539600
2015-12-28,204.86000061035156,205.25999450683594,203.94000244140625,205.2100067138672,172.575439453125,65899900
2015-12-29,206.50999450683594,207.7899932861328,206.47000122070312,207.39999389648438,174.41712951660156,92640700
2015-12-30,207.11000061035156,207.2100067138672,205.75999450683594,205.92999267578125,173.180908203125,63317700
2015-12-31,205.1300048828125,205.88999938964844,203.8699951171875,203.8699951171875,171.44850158691406,114877900
2016-01-04,200.49000549316406,201.02999877929688,198.58999633789062,201.02000427246094,169.0517578125,222353500
2016-01-05,201.39999389648438,201.89999389648438,200.0500030517578,201.36000061035156,169.3377227783203,110845800
2016-01-06,198.33999633789062,200.05999755859375,197.60000610351562,198.82000732421875,167.20162963867188,152112600
2016-01-07,195.3300018310547,197.44000244140625,193.58999633789062,194.0500030517578,163.19020080566406,213436100
2016-01-08,195.19000244140625,195.85000610351562,191.5800018310547,191.9199981689453,161.39892578125,209817200
2016-01-11,193.00999450683594,193.41000366210938,189.82000732421875,192.11000061035156,161.55873107910156,187941300
2016-01-12,193.82000732421875,194.5500030517578,191.13999938964844,193.66000366210938,162.86219787597656,172330500
2016-01-13,194.4499969482422,194.86000061035156,188.3800048828125,188.8300018310547,158.8003692626953,221168900
2016-01-14,189.5500030517578,193.25999450683594,187.66000366210938,191.92999267578125,161.40737915039062,240795600
2016-01-15,186.77000427246094,188.75999450683594,185.52000427246094,187.80999755859375,157.94253540039062,324846400
2016-01-19,189.9600067138672,190.11000061035156,186.1999969482422,188.05999755859375,158.1527862548828,195244400
2016-01-20,185.02999877929688,187.5,181.02000427246094,185.64999389648438,156.12600708007812,286547800
2016-01-21,186.2100067138672,188.8699951171875,184.63999938964844,186.69000244140625,157.00070190429688,195772900
2016-01-22,189.77999877929688,190.75999450683594,188.8800048828125,190.52000427246094,160.22161865234375,168319600
2016-01-25,189.9199981689453,190.14999389648438,187.41000366210938,187.63999938964844,157.79962158203125,130371700
2016-01-26,188.4199981689453,190.52999877929688,188.02000427246094,190.1999969482422,159.9524688720703,141036800
2016-01-27,189.5800018310547,191.55999755859375,187.05999755859375,188.1300048828125,158.21165466308594,185681700
2016-01-28,189.9600067138672,190.1999969482422,187.16000366210938,189.11000061035156,159.0358123779297,143798800
2016-01-29,190.02000427246094,193.8800048828125,189.8800048828125,193.72000122070312,162.9126739501953,210529300
2016-02-01,192.52999877929688,194.5800018310547,191.83999633789062,193.64999389648438,162.85377502441406,136061600
2016-02-02,191.9600067138672,191.97000122070312,189.5399932861328,190.16000366210938,159.91883850097656,182564900
2016-02-03,191.41000366210938,191.77999877929688,187.10000610351562,191.3000030517578,160.8775634765625,205054900
2016-02-04,190.7100067138672,192.75,189.9600067138672,191.60000610351562,161.12982177734375,139531800
2016-02-05,190.99000549316406,191.6699981689453,187.1999969482422,187.9499969482422,158.06027221679688,180788300
2016-02-08,185.77000427246094,186.1199951171875,182.8000030517578,185.4199981689453,155.9326629638672,191526700
2016-02-09,183.36000061035156,186.94000244140625,183.1999969482422,185.42999267578125,155.94107055664062,184513100
2016-02-10,186.41000366210938,188.33999633789062,185.1199951171875,185.27000427246094,155.80653381347656,148214100
2016-02-11,182.33999633789062,184.10000610351562,181.08999633789062,182.86000061035156,153.77976989746094,219058900
2016-02-12,184.9600067138672,186.64999389648438,183.9600067138672,186.6300048828125,156.9501495361328,127632400
2016-02-16,188.77000427246094,189.80999755859375,187.6300048828125,189.77999877929688,159.59930419921875,120250700
2016-02-17,191.16000366210938,193.32000732421875,191.00999450683594,192.8800048828125,162.20626831054688,136009500
2016-02-18,193.1999969482422,193.27000427246094,191.72000122070312,192.08999633789062,161.54190063476562,102343000
2016-02-19,191.1699981689453,192.17999267578125,190.4499969482422,192.0,161.46617126464844,114793000
2016-02-22,193.8699951171875,194.9499969482422,193.7899932861328,194.77999877929688,163.80406188964844,103640300
2016-02-23,194.0,194.32000732421875,192.17999267578125,192.32000732421875,161.7353057861328,111455300
2016-02-24,190.6300048828125,193.52999877929688,189.32000732421875,193.1999969482422,162.47537231445312,150812200
2016-02-25,193.72999572753906,195.5500030517578,192.8300018310547,195.5399932861328,164.44329833984375,110728300
2016-02-26,196.57000732421875,196.67999267578125,194.89999389648438,195.08999633789062,164.06478881835938,129833700
2016-02-29,195.11000061035156,196.22999572753906,193.3300018310547,193.55999755859375,162.7781219482422,125918100
2016-03-01,195.00999450683594,198.2100067138672,194.4499969482422,198.11000061035156,166.6045379638672,141799700
2016-03-02,197.74000549316406,199.05999755859375,197.25,199.0,167.35301208496094,102415000
2016-03-03,198.7899932861328,199.8000030517578,198.11000061035156,199.77999877929688,168.00892639160156,95172200
2016-03-04,200.00999450683594,201.35000610351562,199.02999877929688,200.42999267578125,168.5555877685547,129293600
2016-03-07,199.33999633789062,201.07000732421875,199.25,200.58999633789062,168.69012451171875,100219000
2016-03-08,199.32000732421875,199.9199981689453,198.2100067138672,198.39999389648438,166.84837341308594,123974900
2016-03-09,199.36000061035156,199.7899932861328,198.42999267578125,199.3800048828125,167.6725616455078,94801200
2016-03-10,199.9600067138672,201.07000732421875,197.3800048828125,199.5399932861328,167.80712890625,156838700
2016-03-11,201.25999450683594,202.80999755859375,199.52000427246094,202.75999450683594,170.51502990722656,137964500
2016-03-14,202.16000366210938,203.0399932861328,201.77000427246094,202.5,170.29635620117188,73612000
2016-03-15,201.36000061035156,202.52999877929688,201.0500030517578,202.1699981689453,170.0188446044922,93169100
2016-03-16,201.60000610351562,203.82000732421875,201.5500030517578,203.33999633789062,171.00279235839844,129303200
2016-03-17,203.24000549316406,205.22999572753906,202.77000427246094,204.6300048828125,172.08766174316406,134278500
2016-03-18,204.1699981689453,204.77999877929688,203.8000030517578,204.3800048828125,172.76390075683594,138372400
2016-03-21,204.07000732421875,204.94000244140625,203.8000030517578,204.6699981689453,173.0090789794922,72926700
2016-03-22,203.75999450683594,205.22999572753906,203.57000732421875,204.55999755859375,172.91604614257812,97471900
2016-03-23,204.11000061035156,204.3300018310547,203.00999450683594,203.2100067138672,171.77491760253906,81052500
2016-03-24,202.0,203.16000366210938,201.74000549316406,203.1199951171875,171.69882202148438,84360900
2016-03-28,203.61000061035156,203.86000061035156,202.7100067138672,203.24000549316406,171.8002471923828,62408200
2016-03-29,202.75999450683594,205.25,202.39999389648438,205.1199951171875,173.3894500732422,92922900
2016-03-30,206.3000030517578,206.8699951171875,205.58999633789062,206.02000427246094,174.15023803710938,86365300
2016-03-31,205.91000366210938,206.41000366210938,205.3300018310547,205.52000427246094,173.72755432128906,94584100
2016-04-01,204.35000610351562,207.13999938964844,203.97999572753906,206.9199981689453,174.91102600097656,114423500
2016-04-04,206.8300018310547,207.07000732421875,205.88999938964844,206.25,174.3446044921875,63497000
2016-04-05,204.6699981689453,206.25999450683594,203.88999938964844,204.19000244140625,172.603271484375,99662200
2016-04-06,204.19000244140625,206.49000549316406,203.97999572753906,206.4199981689453,174.48831176757812,91839800
2016-04-07,205.13999938964844,205.55999755859375,203.08999633789062,203.9499969482422,172.400390625,113859000
2016-04-08,205.33999633789062,205.85000610351562,203.8699951171875,204.5,172.86534118652344,95040600
2016-04-11,205.25,206.07000732421875,203.91000366210938,204.02000427246094,172.4595947265625,83757500
2016-04-12,204.22000122070312,206.25,203.6999969482422,205.9199981689453,174.065673828125,115350600
2016-04-13,207.0,208.10000610351562,206.83999633789062,208.0,175.82391357421875,96336400
2016-04-14,208.07000732421875,208.60000610351562,207.60000610351562,208.00999450683594,175.8324432373047,65212900
2016-04-15,208.00999450683594,208.1699981689453,207.39999389648438,207.77999877929688,175.63790893554688,75761600
2016-04-18,207.77999877929688,209.27999877929688,207.0,209.24000549316406,176.8721160888672,82531000
2016-04-19,209.74000549316406,210.1999969482422,208.94000244140625,209.89999389648438,177.4300079345703,88316100
2016-04-20,209.9499969482422,210.9199981689453,209.38999938964844,210.10000610351562,177.5990447998047,81100300
2016-04-21,210.1199951171875,210.25,208.64999389648438,208.97000122070312,176.6438751220703,85695000
2016-04-22,208.5500030517578,209.2899932861328,207.91000366210938,208.97000122070312,176.6438751220703,99251700
2016-04-25,208.25999450683594,208.66000366210938,207.5399932861328,208.61000061035156,176.33953857421875,66166500
2016-04-26,209.0399932861328,209.52000427246094,208.36000061035156,208.9199981689453,176.60154724121094,75864200
2016-04-27,208.47000122070312,209.80999755859375,208.0500030517578,209.35000610351562,176.96502685546875,77329400
2016-04-28,208.4600067138672,209.75999450683594,206.9600067138672,207.4499969482422,175.35897827148438,97216200
2016-04-29,206.72000122070312,207.1300048828125,205.02999877929688,206.3300018310547,174.4122772216797,142424100
2016-05-02,206.9199981689453,208.17999267578125,206.41000366210938,207.97000122070312,175.798583984375,62188000
2016-05-03,206.52000427246094,206.8000030517578,205.27999877929688,206.16000366210938,174.26858520507812,106422100
2016-05-04,204.99000549316406,205.85000610351562,204.4199981689453,205.00999450683594,173.2964324951172,92243800
2016-05-05,205.55999755859375,205.97999572753906,204.47000122070312,204.97000122070312,173.2626190185547,67619200
2016-05-06,204.05999755859375,205.77000427246094,203.8800048828125,205.72000122070312,173.8966064453125,89315000
2016-05-09,205.57000732421875,206.39999389648438,205.36000061035156,205.88999938964844,174.0403289794922,74374900
2016-05-10,206.72000122070312,208.47000122070312,206.63999938964844,208.4499969482422,176.20425415039062,77472200
2016-05-11,207.91000366210938,208.5399932861328,206.5,206.5,174.55596923828125,81727000
2016-05-12,207.2899932861328,207.49000549316406,205.3699951171875,206.55999755859375,174.6066436767578,89586300
2016-05-13,206.2100067138672,206.86000061035156,204.3800048828125,204.75999450683594,173.08509826660156,96474600
2016-05-16,204.9600067138672,207.33999633789062,204.88999938964844,206.77999877929688,174.7926483154297,77486800
2016-05-17,206.4600067138672,206.8000030517578,204.22999572753906,204.85000610351562,173.16122436523438,114924900
2016-05-18,204.44000244140625,206.3000030517578,203.6300048828125,204.91000366210938,173.21192932128906,120062100
2016-05-19,204.05999755859375,204.5399932861328,202.77999877929688,204.1999969482422,172.6117706298828,115430500
2016-05-20,204.9199981689453,206.10000610351562,204.86000061035156,205.49000549316406,173.70220947265625,104990400
2016-05-23,205.50999450683594,205.83999633789062,204.99000549316406,205.2100067138672,173.4654998779297,58682600
2016-05-24,206.1699981689453,208.24000549316406,206.13999938964844,207.8699951171875,175.71405029296875,93537800
2016-05-25,208.6699981689453,209.77000427246094,207.8699951171875,209.27999877929688,176.90589904785156,76621400
2016-05-26,209.44000244140625,209.7100067138672,208.97000122070312,209.33999633789062,176.95663452148438,55280700
2016-05-27,209.52999877929688,210.25,209.47000122070312,210.24000549316406,177.71743774414062,64211200
2016-05-31,210.55999755859375,210.69000244140625,209.17999267578125,209.83999633789062,177.37925720214844,109879400
2016-06-01,209.1199951171875,210.47999572753906,208.88999938964844,210.27000427246094,177.74270629882812,69936200
2016-06-02,209.8000030517578,210.92999267578125,209.24000549316406,210.91000366210938,178.28378295898438,63044700
2016-06-03,210.25,210.69000244140625,208.86000061035156,210.27999877929688,177.75120544433594,101757100
2016-06-06,210.6999969482422,211.77000427246094,210.50999450683594,211.35000610351562,178.65570068359375,64887000
2016-06-07,211.52999877929688,212.33999633789062,211.5,211.67999267578125,178.93466186523438,60974800
2016-06-08,211.83999633789062,212.52000427246094,211.69000244140625,212.3699951171875,179.5179443359375,66170900
2016-06-09,211.50999450683594,212.22000122070312,211.19000244140625,212.0800018310547,179.27276611328125,73786900
2016-06-10,210.4600067138672,210.86000061035156,209.42999267578125,210.07000732421875,177.57373046875,113829200
2016-06-13,209.36000061035156,210.3699951171875,208.35000610351562,208.4499969482422,176.20425415039062,117751200
2016-06-14,208.0,208.74000549316406,206.9199981689453,208.0399932861328,175.8577117919922,125059300
2016-06-15,208.0399932861328,209.36000061035156,207.52999877929688,207.75,175.6126251220703,109124500
2016-06-16,207.75,208.57000732421875,205.58999633789062,208.3699951171875,176.13665771484375,149533100
2016-06-17,207.1699981689453,207.1999969482422,205.75,206.52000427246094,175.480712890625,117055700
2016-06-20,208.82000732421875,209.61000061035156,207.75,207.85000610351562,176.61080932617188,82789600
2016-06-21,208.3000030517578,208.9199981689453,207.77999877929688,208.44000244140625,177.1121063232422,72461700
2016-06-22,208.64999389648438,209.5,207.92999267578125,208.10000610351562,176.8231964111328,95560500
2016-06-23,209.80999755859375,210.8699951171875,209.27000427246094,210.80999755859375,179.12600708007812,102731400
2016-06-24,203.6300048828125,210.85000610351562,202.72000122070312,203.24000549316406,172.69369506835938,333444400
2016-06-27,201.58999633789062,201.60000610351562,198.64999389648438,199.60000610351562,169.60076904296875,230775800
2016-06-28,201.47999572753906,203.22999572753906,201.1199951171875,203.1999969482422,172.65968322753906,159382400
2016-06-29,204.83999633789062,206.92999267578125,204.72000122070312,206.66000366210938,175.5997314453125,137328600
2016-06-30,207.2100067138672,209.5399932861328,206.55999755859375,209.47999572753906,177.995849609375,165021900
2016-07-01,209.47999572753906,210.49000549316406,209.2899932861328,209.9199981689453,178.36968994140625,106055300
2016-07-05,208.9499969482422,209.0800018310547,207.7100067138672,208.41000366210938,177.08665466308594,109803700
2016-07-06,207.8300018310547,209.8000030517578,207.05999755859375,209.66000366210938,178.14874267578125,96021500
2016-07-07,209.8699951171875,210.64999389648438,208.6300048828125,209.52999877929688,178.03831481933594,85593800
2016-07-08,211.0500030517578,212.94000244140625,210.77999877929688,212.64999389648438,180.68939208984375,133971000
2016-07-11,213.19000244140625,214.07000732421875,212.9499969482422,213.39999389648438,181.32666015625,73633900
2016-07-12,214.52999877929688,215.3000030517578,213.42999267578125,214.9499969482422,182.64373779296875,101275600
2016-07-13,215.44000244140625,215.4499969482422,214.35000610351562,214.9199981689453,182.61825561523438,87324100
2016-07-14,216.39999389648438,216.6699981689453,215.66000366210938,216.1199951171875,183.6378173828125,91230900
2016-07-15,216.77999877929688,217.00999450683594,215.30999755859375,215.8300018310547,183.39141845703125,107155400
2016-07-18,215.97000122070312,216.60000610351562,215.6699981689453,216.41000366210938,183.88433837890625,58725900
2016-07-19,215.9199981689453,216.22999572753906,215.6300048828125,216.19000244140625,183.69735717773438,54345700
2016-07-20,216.19000244140625,217.3699951171875,216.19000244140625,217.08999633789062,184.46205139160156,58159500
2016-07-21,216.9600067138672,217.22000122070312,215.75,216.27000427246094,183.76535034179688,67777300
2016-07-22,216.41000366210938,217.3000030517578,216.10000610351562,217.24000549316406,184.5895233154297,62787500
2016-07-25,217.0,217.05999755859375,215.97000122070312,216.64999389648438,184.08816528320312,55873100
2016-07-26,216.52999877929688,217.1699981689453,215.75999450683594,216.75,184.17315673828125,70080500
2016-07-27,217.19000244140625,217.27000427246094,215.6199951171875,216.52000427246094,183.97776794433594,84083900
2016-07-28,216.2899932861328,217.11000061035156,215.75,216.77000427246094,184.190185546875,65035700
2016-07-29,216.4600067138672,217.5399932861328,216.1300048828125,217.1199951171875,184.48756408691406,79519400
2016-08-01,217.19000244140625,217.64999389648438,216.41000366210938,216.94000244140625,184.3346710205078,73311400
2016-08-02,216.64999389648438,216.8300018310547,214.57000732421875,215.5500030517578,183.1535186767578,92295500
2016-08-03,215.47999572753906,216.25,215.1300048828125,216.17999267578125,183.68885803222656,53993600
2016-08-04,216.30999755859375,216.77999877929688,214.25,216.41000366210938,183.88433837890625,46585500
2016-08-05,216.41000366210938,218.22999572753906,216.41000366210938,218.17999267578125,185.38821411132812,71892200
2016-08-08,218.39999389648438,218.52000427246094,217.74000549316406,218.0500030517578,185.27777099609375,39906500
2016-08-09,218.1300048828125,218.75999450683594,217.8000030517578,218.17999267578125,185.38821411132812,51251700
2016-08-10,218.30999755859375,218.39999389648438,217.22999572753906,217.63999938964844,184.92938232421875,57941100
2016-08-11,218.25999450683594,218.94000244140625,217.9499969482422,218.64999389648438,185.78759765625,72504300
2016-08-12,218.2899932861328,218.7100067138672,217.99000549316406,218.4600067138672,185.62615966796875,61313500
2016-08-15,218.88999938964844,219.5,218.8800048828125,219.08999633789062,186.1614532470703,49813500
2016-08-16,218.60000610351562,218.67999267578125,217.9600067138672,217.9600067138672,185.20132446289062,53213600
2016-08-17,218.0,218.52999877929688,217.02000427246094,218.3699951171875,185.54971313476562,75134300
2016-08-18,218.33999633789062,218.89999389648438,218.2100067138672,218.86000061035156,185.966064453125,52989300
2016-08-19,218.30999755859375,218.75,217.74000549316406,218.5399932861328,185.69412231445312,75443000
2016-08-22,218.25999450683594,218.8000030517578,217.8300018310547,218.52999877929688,185.68565368652344,61368800
2016-08-23,219.25,219.60000610351562,218.89999389648438,218.97000122070312,186.05950927734375,53399200
2016-08-24,218.8000030517578,218.91000366210938,217.36000061035156,217.85000610351562,185.1078643798828,71728900
2016-08-25,217.39999389648438,218.19000244140625,217.22000122070312,217.6999969482422,184.98037719726562,69224800
2016-08-26,217.9199981689453,219.1199951171875,216.25,217.2899932861328,184.63206481933594,122506300
2016-08-29,217.44000244140625,218.6699981689453,217.39999389648438,218.36000061035156,185.54116821289062,70502200
2016-08-30,218.25999450683594,218.58999633789062,217.35000610351562,218.0,185.23532104492188,58114500
2016-08-31,217.61000061035156,217.75,216.47000122070312,217.3800048828125,184.70843505859375,85269500
2016-09-01,217.3699951171875,217.72999572753906,216.02999877929688,217.38999938964844,184.7169647216797,97844200
2016-09-02,218.38999938964844,218.8699951171875,217.6999969482422,218.3699951171875,185.54971313476562,79293900
2016-09-06,218.6999969482422,219.1199951171875,217.86000061035156,219.02999877929688,186.11058044433594,56702100
2016-09-07,218.83999633789062,219.22000122070312,218.3000030517578,219.00999450683594,186.093505859375,76554900
2016-09-08,218.6199951171875,218.94000244140625,218.14999389648438,218.50999450683594,185.66867065429688,74102900
2016-09-09,216.97000122070312,217.02999877929688,213.25,213.27999877929688,181.2246856689453,221589100
2016-09-12,212.38999938964844,216.80999755859375,212.30999755859375,216.33999633789062,183.82481384277344,168110900
2016-09-13,214.83999633789062,215.14999389648438,212.5,213.22999572753906,181.1822052001953,182828800
2016-09-14,213.2899932861328,214.6999969482422,212.5,213.14999389648438,181.11419677734375,134185500
2016-09-15,212.9600067138672,215.72999572753906,212.75,215.27999877929688,182.92408752441406,134427900
2016-09-16,213.47999572753906,213.69000244140625,212.57000732421875,213.3699951171875,182.21701049804688,155236400
2016-09-19,214.1300048828125,214.8800048828125,213.02999877929688,213.41000366210938,182.2511444091797,80250500
2016-09-20,214.41000366210938,214.58999633789062,213.3800048828125,213.4199981689453,182.2596893310547,69665300
2016-09-21,214.24000549316406,216.02999877929688,213.44000244140625,215.82000732421875,184.3092498779297,110284400
2016-09-22,217.0,217.52999877929688,216.7100067138672,217.17999267578125,185.470703125,76678700
2016-09-23,216.72000122070312,216.8800048828125,215.8800048828125,215.99000549316406,184.45449829101562,73630900
2016-09-26,215.02000427246094,215.22999572753906,214.00999450683594,214.24000549316406,182.95994567871094,89827300
2016-09-27,214.0500030517578,215.67999267578125,213.6199951171875,215.57000732421875,184.09579467773438,78494800
2016-09-28,215.8300018310547,216.82000732421875,214.7100067138672,216.63999938964844,185.0095672607422,87411000
2016-09-29,216.39999389648438,216.8699951171875,214.0399932861328,214.67999267578125,183.3357391357422,128070600
2016-09-30,215.64999389648438,217.1199951171875,215.36000061035156,216.3000030517578,184.71923828125,117202900
2016-10-03,215.82000732421875,216.0399932861328,215.0399932861328,215.77999877929688,184.27508544921875,83512100
2016-10-04,215.91000366210938,216.1699981689453,213.99000549316406,214.67999267578125,183.3357391357422,119948100
2016-10-05,215.41000366210938,216.1300048828125,215.3300018310547,215.6300048828125,184.1470489501953,72816000
2016-10-06,215.3699951171875,216.0399932861328,214.74000549316406,215.77999877929688,184.27508544921875,62927400
2016-10-07,216.10000610351562,216.3000030517578,214.19000244140625,215.0399932861328,183.64317321777344,89788300
2016-10-10,216.16000366210938,216.6999969482422,215.99000549316406,216.16000366210938,184.59963989257812,51855000
2016-10-11,215.66000366210938,215.74000549316406,212.5800018310547,213.42999267578125,182.2681884765625,130367400
2016-10-12,213.58999633789062,214.32000732421875,213.00999450683594,213.7100067138672,182.5074005126953,73866100
2016-10-13,212.16000366210938,213.58999633789062,211.2100067138672,213.00999450683594,181.9095458984375,101357000
2016-10-14,214.14999389648438,214.69000244140625,213.02999877929688,213.1199951171875,182.00350952148438,93346200
2016-10-17,213.08999633789062,213.38999938964844,212.1699981689453,212.3800048828125,181.37156677246094,58275700
2016-10-18,214.24000549316406,214.30999755859375,213.27000427246094,213.7100067138672,182.5074005126953,76869700
2016-10-19,214.02000427246094,214.63999938964844,213.60000610351562,214.27999877929688,182.994140625,66519200
2016-10-20,213.8699951171875,214.52999877929688,213.11000061035156,213.8800048828125,182.65249633789062,73639800
2016-10-21,213.8800048828125,214.0800018310547,212.75999450683594,213.97999572753906,182.73794555664062,89089100
2016-10-24,215.0,215.32000732421875,214.47999572753906,214.88999938964844,183.51510620117188,60146600
2016-10-25,214.67999267578125,214.97999572753906,213.97999572753906,214.1699981689453,182.90020751953125,66542300
2016-10-26,213.2100067138672,214.4199981689453,212.92999267578125,213.74000549316406,182.53298950195312,75705500
2016-10-27,214.5800018310547,214.6199951171875,213.0800018310547,213.1699981689453,182.04623413085938,77220200
2016-10-28,213.13999938964844,213.92999267578125,211.7100067138672,212.5399932861328,181.50816345214844,140623200
2016-10-31,212.92999267578125,213.19000244140625,212.36000061035156,212.5500030517578,181.51673889160156,61272500
2016-11-01,212.92999267578125,212.99000549316406,209.60000610351562,211.00999450683594,180.20152282714844,122781800
2016-11-02,210.64999389648438,211.10000610351562,209.22999572753906,209.74000549316406,179.1169891357422,103330800
2016-11-03,209.99000549316406,210.24000549316406,208.4600067138672,208.77999877929688,178.29713439941406,88939300
2016-11-04,208.91000366210938,209.88999938964844,208.3800048828125,208.5500030517578,178.10072326660156,109122100
2016-11-07,208.5500030517578,213.19000244140625,208.5500030517578,213.14999389648438,182.0290985107422,109794900
2016-11-08,212.69000244140625,214.77000427246094,212.3800048828125,214.11000061035156,182.8489532470703,106772100
2016-11-09,212.3699951171875,217.10000610351562,212.33999633789062,216.3800048828125,184.7875518798828,258429000
2016-11-10,217.3000030517578,218.30999755859375,215.22000122070312,216.9199981689453,185.2486572265625,172113300
2016-11-11,216.0800018310547,216.6999969482422,215.32000732421875,216.4199981689453,184.82168579101562,100552700
2016-11-14,217.02999877929688,217.27000427246094,215.72000122070312,216.58999633789062,184.96681213378906,94580000
2016-11-15,217.0399932861328,218.27999877929688,216.8000030517578,218.27999877929688,186.41006469726562,91652600
2016-11-16,217.55999755859375,218.13999938964844,217.4199981689453,217.8699951171875,186.0599365234375,65617700
2016-11-17,218.0500030517578,219.05999755859375,217.9199981689453,218.99000549316406,187.01649475097656,69797200
2016-11-18,219.07000732421875,219.27000427246094,218.2899932861328,218.5,186.5980224609375,86265800
2016-11-21,219.1699981689453,220.17999267578125,219.0,220.14999389648438,188.0071258544922,72402600
2016-11-22,220.50999450683594,220.7899932861328,219.72999572753906,220.5800018310547,188.37425231933594,67429000
2016-11-23,219.97999572753906,220.75999450683594,219.75,220.6999969482422,188.47677612304688,56620200
2016-11-25,221.10000610351562,221.55999755859375,221.00999450683594,221.52000427246094,189.17706298828125,37872300
2016-11-28,221.16000366210938,221.47999572753906,220.36000061035156,220.47999572753906,188.28890991210938,76572500
2016-11-29,220.52000427246094,221.44000244140625,220.1699981689453,220.91000366210938,188.65615844726562,69886700
2016-11-30,221.6300048828125,221.82000732421875,220.30999755859375,220.3800048828125,188.20355224609375,113291800
2016-12-01,220.72999572753906,220.72999572753906,219.14999389648438,219.57000732421875,187.5117645263672,79040500
2016-12-02,219.6699981689453,220.25,219.25999450683594,219.67999267578125,187.60574340820312,74840300
2016-12-05,220.64999389648438,221.39999389648438,220.4199981689453,221.0,188.73297119140625,67837800
2016-12-06,221.22000122070312,221.74000549316406,220.66000366210938,221.6999969482422,189.3307647705078,59877400
2016-12-07,221.52000427246094,224.6699981689453,221.3800048828125,224.60000610351562,191.8073272705078,110738100
2016-12-08,224.57000732421875,225.6999969482422,224.25999450683594,225.14999389648438,192.27706909179688,99714400
2016-12-09,225.41000366210938,226.52999877929688,225.3699951171875,226.50999450683594,193.4384765625,88005800
2016-12-12,226.39999389648438,226.9600067138672,225.75999450683594,226.25,193.21644592285156,102016100
2016-12-13,227.02000427246094,228.33999633789062,227.0,227.75999450683594,194.50596618652344,110477500
2016-12-14,227.41000366210938,228.22999572753906,225.3699951171875,225.8800048828125,192.90049743652344,142501800
2016-12-15,226.16000366210938,227.80999755859375,225.88999938964844,226.80999755859375,193.6946563720703,124972600
2016-12-16,226.00999450683594,226.0800018310547,224.6699981689453,225.0399932861328,193.31588745117188,156420200
2016-12-19,225.25,226.02000427246094,225.0800018310547,225.52999877929688,193.73678588867188,90341100
2016-12-20,226.14999389648438,226.57000732421875,225.8800048828125,226.39999389648438,194.48416137695312,89838800
2016-12-21,226.25,226.4499969482422,225.77000427246094,225.77000427246094,193.9429931640625,67909000
2016-12-22,225.60000610351562,225.74000549316406,224.9199981689453,225.3800048828125,193.6079559326172,56219100
2016-12-23,225.42999267578125,225.72000122070312,225.2100067138672,225.7100067138672,193.89141845703125,36697800
2016-12-27,226.02000427246094,226.72999572753906,226.0,226.27000427246094,194.3724365234375,42672500
2016-12-28,226.57000732421875,226.58999633789062,224.27000427246094,224.39999389648438,192.76609802246094,64095000
2016-12-29,224.47999572753906,224.88999938964844,223.83999633789062,224.35000610351562,192.72315979003906,48696100
2016-12-30,224.72999572753906,224.8300018310547,222.72999572753906,223.52999877929688,192.0187225341797,108998300
2017-01-03,225.0399932861328,225.8300018310547,223.8800048828125,225.24000549316406,193.48768615722656,91366500
2017-01-04,225.6199951171875,226.75,225.61000061035156,226.5800018310547,194.63877868652344,78744400
2017-01-05,226.27000427246094,226.5800018310547,225.47999572753906,226.39999389648438,194.48416137695312,78379000
2017-01-06,226.52999877929688,227.75,225.89999389648438,227.2100067138672,195.17999267578125,71559900
2017-01-09,226.91000366210938,227.07000732421875,226.4199981689453,226.4600067138672,194.53570556640625,46939700
2017-01-10,226.47999572753906,227.4499969482422,226.00999450683594,226.4600067138672,194.53570556640625,63771900
2017-01-11,226.36000061035156,227.10000610351562,225.58999633789062,227.10000610351562,195.0854949951172,74650000
2017-01-12,226.5,226.75,224.9600067138672,226.52999877929688,194.59584045410156,72113200
2017-01-13,226.72999572753906,227.39999389648438,226.69000244140625,227.0500030517578,195.0425567626953,62717900
2017-01-17,226.30999755859375,226.77999877929688,225.8000030517578,226.25,194.3553009033203,61240800
2017-01-18,226.5399932861328,226.8000030517578,225.89999389648438,226.75,194.78480529785156,54793300
2017-01-19,226.83999633789062,227.0,225.41000366210938,225.91000366210938,194.06321716308594,66608800
2017-01-20,226.6999969482422,227.30999755859375,225.97000122070312,226.74000549316406,194.7762451171875,129168600
2017-01-23,226.74000549316406,226.80999755859375,225.27000427246094,226.14999389648438,194.26937866210938,75061600
2017-01-24,226.39999389648438,228.0800018310547,226.27000427246094,227.60000610351562,195.51498413085938,95555300
2017-01-25,228.6999969482422,229.57000732421875,228.50999450683594,229.57000732421875,197.207275390625,84437700
2017-01-26,229.39999389648438,229.7100067138672,229.00999450683594,229.3300018310547,197.00111389160156,59970700
2017-01-27,229.4199981689453,229.58999633789062,228.75999450683594,228.97000122070312,196.6918487548828,59711100
2017-01-30,228.1699981689453,228.1999969482422,226.41000366210938,227.5500030517578,195.47203063964844,79737300
2017-01-31,226.97999572753906,227.60000610351562,226.32000732421875,227.52999877929688,195.45486450195312,75880800
2017-02-01,227.52999877929688,228.58999633789062,226.94000244140625,227.6199951171875,195.5321807861328,79117700
2017-02-02,227.6199951171875,228.10000610351562,226.82000732421875,227.77000427246094,195.66102600097656,69657600
2017-02-03,228.82000732421875,229.5500030517578,228.4600067138672,229.33999633789062,197.00967407226562,80563200
2017-02-06,228.8699951171875,229.3300018310547,228.5399932861328,228.92999267578125,196.6575164794922,57790100
2017-02-07,229.3800048828125,229.66000366210938,228.72000122070312,228.94000244140625,196.6660614013672,57931200
2017-02-08,228.94000244140625,229.38999938964844,228.30999755859375,229.24000549316406,196.923828125,51566200
2017-02-09,229.24000549316406,230.9499969482422,229.24000549316406,230.60000610351562,198.09213256835938,65955200
2017-02-10,231.0,231.77000427246094,230.6199951171875,231.50999450683594,198.873779296875,66015900
2017-02-13,232.0800018310547,233.07000732421875,232.0500030517578,232.77000427246094,199.95619201660156,55182100
2017-02-14,232.55999755859375,233.7100067138672,232.16000366210938,233.6999969482422,200.7550811767578,71109000
2017-02-15,233.4499969482422,235.13999938964844,233.38999938964844,234.9199981689453,201.80308532714844,86785800
2017-02-16,234.9499969482422,235.16000366210938,233.85000610351562,234.72000122070312,201.63125610351562,84722400
2017-02-17,233.9499969482422,235.08999633789062,233.92999267578125,235.08999633789062,201.9490966796875,77204100
2017-02-21,235.52000427246094,236.69000244140625,235.50999450683594,236.49000549316406,203.1517333984375,88946100
2017-02-22,236.02000427246094,236.5399932861328,235.8300018310547,236.27999877929688,202.9713592529297,62115200
2017-02-23,236.8800048828125,236.89999389648438,235.55999755859375,236.44000244140625,203.1088104248047,74615900
2017-02-24,235.4600067138672,236.7899932861328,235.41000366210938,236.74000549316406,203.36647033691406,82381600
2017-02-27,236.63999938964844,237.30999755859375,236.35000610351562,237.11000061035156,203.68438720703125,56515400
2017-02-28,236.6699981689453,236.9499969482422,236.02000427246094,236.47000122070312,203.1345672607422,96961900
2017-03-01,238.38999938964844,240.32000732421875,238.3699951171875,239.77999877929688,205.97792053222656,149158200
2017-03-02,239.55999755859375,239.57000732421875,238.2100067138672,238.27000427246094,204.68084716796875,70246000
2017-03-03,238.1699981689453,238.61000061035156,237.72999572753906,238.4199981689453,204.80967712402344,81974300
2017-03-06,237.5,238.1199951171875,237.00999450683594,237.7100067138672,204.1997833251953,55391500
2017-03-07,237.36000061035156,237.77000427246094,236.75999450683594,237.0,203.58985900878906,65103700
2017-03-08,237.33999633789062,237.63999938964844,236.39999389648438,236.55999755859375,203.21189880371094,78168800
2017-03-09,236.6999969482422,237.24000549316406,235.74000549316406,236.86000061035156,203.46963500976562,90683900
2017-03-10,237.97000122070312,238.02000427246094,236.58999633789062,237.69000244140625,204.18252563476562,81991700
2017-03-13,237.6199951171875,237.86000061035156,237.24000549316406,237.80999755859375,204.2856903076172,57256800
2017-03-14,237.17999267578125,237.24000549316406,236.19000244140625,236.89999389648438,203.50392150878906,59880800
2017-03-15,237.55999755859375,239.44000244140625,237.2899932861328,238.9499969482422,205.2649688720703,96081800
2017-03-16,239.11000061035156,239.1999969482422,238.10000610351562,238.47999572753906,204.8612518310547,78344000
2017-03-17,237.75,237.97000122070312,237.02999877929688,237.02999877929688,204.50149536132812,89002100
2017-03-20,237.02999877929688,237.36000061035156,236.32000732421875,236.77000427246094,204.2771453857422,52537000
2017-03-21,237.47000122070312,237.61000061035156,233.5800018310547,233.72999572753906,201.654296875,131809300
2017-03-22,233.77000427246094,234.61000061035156,233.0500030517578,234.27999877929688,202.12884521484375,97569200
2017-03-23,234.27999877929688,235.33999633789062,233.60000610351562,234.02999877929688,201.91311645507812,100410300
2017-03-24,234.3800048828125,235.0399932861328,232.9600067138672,233.86000061035156,201.76646423339844,112504900
2017-03-27,231.92999267578125,233.9199981689453,231.61000061035156,233.6199951171875,201.55943298339844,87454500
2017-03-28,233.27000427246094,235.80999755859375,233.13999938964844,235.32000732421875,203.02610778808594,93483900
2017-03-29,234.99000549316406,235.80999755859375,234.72999572753906,235.5399932861328,203.2159423828125,61950400
2017-03-30,235.47000122070312,236.52000427246094,235.27000427246094,236.2899932861328,203.863037109375,56737900
2017-03-31,235.89999389648438,236.50999450683594,235.67999267578125,235.74000549316406,203.38845825195312,73733100
2017-04-03,235.8000030517578,236.02999877929688,233.91000366210938,235.3300018310547,203.03472900390625,85546500
2017-04-04,235.0,235.5800018310547,234.55999755859375,235.47999572753906,203.16416931152344,56466200
2017-04-05,236.25999450683594,237.38999938964844,234.5399932861328,234.77999877929688,202.5602264404297,108800600
2017-04-06,234.94000244140625,236.0399932861328,234.42999267578125,235.44000244140625,203.12965393066406,69135800
2017-04-07,235.14999389648438,236.0,234.63999938964844,235.1999969482422,202.92259216308594,74412300
2017-04-10,235.36000061035156,236.25999450683594,234.72999572753906,235.33999633789062,203.04336547851562,67615300
2017-04-11,234.89999389648438,235.17999267578125,233.33999633789062,235.05999755859375,202.80174255371094,88045300
2017-04-12,234.74000549316406,234.9600067138672,233.77000427246094,234.02999877929688,201.91311645507812,81864400
2017-04-13,233.63999938964844,234.49000549316406,232.50999450683594,232.50999450683594,200.60166931152344,92880400
2017-04-17,233.11000061035156,234.57000732421875,232.8800048828125,234.57000732421875,202.37899780273438,68405400
2017-04-18,233.72000122070312,234.49000549316406,233.0800018310547,233.8699951171875,201.77508544921875,83225800
2017-04-19,234.52000427246094,234.9499969482422,233.17999267578125,233.44000244140625,201.4041290283203,68699900
2017-04-20,234.14999389648438,235.85000610351562,233.77999877929688,235.33999633789062,203.04336547851562,92572200
2017-04-21,235.25,235.30999755859375,234.1300048828125,234.58999633789062,202.39630126953125,110389800
2017-04-24,237.17999267578125,237.41000366210938,234.55999755859375,237.1699981689453,204.62222290039062,119209900
2017-04-25,237.91000366210938,238.9499969482422,237.80999755859375,238.5500030517578,205.81283569335938,76698300
2017-04-26,238.50999450683594,239.52999877929688,238.35000610351562,238.39999389648438,205.68345642089844,84702500
2017-04-27,238.77000427246094,238.9499969482422,237.97999572753906,238.60000610351562,205.85595703125,57410300
2017-04-28,238.89999389648438,238.92999267578125,237.92999267578125,238.0800018310547,205.4073486328125,63532800
2017-05-01,238.67999267578125,239.1699981689453,238.1999969482422,238.67999267578125,205.92498779296875,66882500
2017-05-02,238.83999633789062,238.97999572753906,238.3000030517578,238.77000427246094,206.0026092529297,57375700
2017-05-03,238.77000427246094,238.8800048828125,237.6999969482422,238.47999572753906,205.7524871826172,73137700
2017-05-04,238.8300018310547,238.9199981689453,237.77999877929688,238.75999450683594,205.99404907226562,61462700
2017-05-05,239.19000244140625,239.72000122070312,238.67999267578125,239.6999969482422,206.80502319335938,62001300
2017-05-08,239.75,239.9199981689453,239.1699981689453,239.66000366210938,206.77053833007812,48385700
2017-05-09,239.9600067138672,240.19000244140625,239.0399932861328,239.44000244140625,206.5807342529297,51363200
2017-05-10,239.38999938964844,239.8699951171875,239.14999389648438,239.8699951171875,206.95166015625,54293800
2017-05-11,239.35000610351562,239.57000732421875,238.1300048828125,239.3800048828125,206.5289764404297,62358300
2017-05-12,239.08999633789062,239.42999267578125,238.6699981689453,238.97999572753906,206.18380737304688,53912700
2017-05-15,239.47000122070312,240.44000244140625,239.4499969482422,240.3000030517578,207.32269287109375,61918900
2017-05-16,240.63999938964844,240.6699981689453,239.6300048828125,240.0800018310547,207.1329345703125,51241800
2017-05-17,240.0800018310547,240.0800018310547,235.75,235.82000732421875,203.45755004882812,172174100
2017-05-18,235.72999572753906,237.75,235.42999267578125,236.77000427246094,204.2771453857422,107047700
2017-05-19,237.3300018310547,239.0800018310547,237.27000427246094,238.30999755859375,205.60574340820312,115011400
2017-05-22,238.89999389648438,239.7100067138672,238.82000732421875,239.52000427246094,206.6497344970703,61010600
2017-05-23,239.9499969482422,240.24000549316406,239.50999450683594,240.0500030517578,207.10696411132812,48341700
2017-05-24,240.32000732421875,240.72999572753906,239.92999267578125,240.61000061035156,207.5901336669922,46927700
2017-05-25,241.1999969482422,242.0800018310547,240.9600067138672,241.75999450683594,208.58233642578125,64071700
2017-05-26,241.5399932861328,241.89999389648438,241.4499969482422,241.7100067138672,208.53921508789062,46629900
2017-05-30,241.33999633789062,241.7899932861328,241.16000366210938,241.5,208.35800170898438,35201900
2017-05-31,241.83999633789062,241.8800048828125,240.63999938964844,241.44000244140625,208.3062286376953,91796000
2017-06-01,241.97000122070312,243.3800048828125,241.63999938964844,243.36000061035156,209.96273803710938,68962000
2017-06-02,243.4199981689453,244.35000610351562,243.0800018310547,244.1699981689453,210.66159057617188,88666100
2017-06-05,243.97000122070312,244.3000030517578,243.75999450683594,243.99000549316406,210.50628662109375,44698800
2017-06-06,243.33999633789062,243.97999572753906,243.1199951171875,243.2100067138672,209.83335876464844,50375400
2017-06-07,243.60000610351562,243.9199981689453,242.8300018310547,243.66000366210938,210.22157287597656,54144300
2017-06-08,243.77000427246094,244.3300018310547,243.1699981689453,243.77999877929688,210.32510375976562,65950700
2017-06-09,244.08999633789062,245.00999450683594,241.9499969482422,243.41000366210938,210.0059356689453,132256400
2017-06-12,243.1300048828125,243.4199981689453,242.3800048828125,243.36000061035156,209.96273803710938,86108100
2017-06-13,243.97999572753906,244.61000061035156,243.5800018310547,244.5500030517578,210.9894561767578,60067000
2017-06-14,244.86000061035156,244.8699951171875,243.2899932861328,244.24000549316406,210.7219696044922,78602300
2017-06-15,242.67999267578125,243.91000366210938,242.36000061035156,243.77000427246094,210.3164825439453,66464900
2017-06-16,242.77000427246094,242.8300018310547,241.6300048828125,242.63999938964844,210.36244201660156,84553100
2017-06-19,243.58999633789062,244.72999572753906,243.47999572753906,244.66000366210938,212.1137237548828,65123800
2017-06-20,244.25,244.25999450683594,242.99000549316406,243.00999450683594,210.68321228027344,56906400
2017-06-21,243.4600067138672,243.58999633789062,242.41000366210938,242.9499969482422,210.63119506835938,55977600
2017-06-22,242.9600067138672,243.52999877929688,242.63999938964844,242.83999633789062,210.53587341308594,44148100
2017-06-23,242.91000366210938,243.50999450683594,242.47000122070312,243.1300048828125,210.78724670410156,66986800
2017-06-26,243.89999389648438,244.3800048828125,243.0500030517578,243.2899932861328,210.92593383789062,56700500
2017-06-27,243.0399932861328,243.3800048828125,241.30999755859375,241.3300018310547,209.2266845703125,82247700
2017-06-28,242.5,243.72000122070312,242.22999572753906,243.49000549316406,211.09939575195312,70042600
2017-06-29,243.66000366210938,243.72000122070312,239.9600067138672,241.35000610351562,209.2440185546875,106949700
2017-06-30,242.27999877929688,242.7100067138672,241.5800018310547,241.8000030517578,209.63417053222656,86820700
2017-07-03,242.8800048828125,243.3800048828125,242.2100067138672,242.2100067138672,209.98965454101562,39153800
2017-07-05,242.6300048828125,243.00999450683594,241.6999969482422,242.77000427246094,210.4751434326172,54427600
2017-07-06,241.88999938964844,242.02999877929688,240.33999633789062,240.5500030517578,208.5504913330078,65400800
2017-07-07,241.2100067138672,242.27999877929688,240.55999755859375,242.11000061035156,209.90298461914062,57972300
2017-07-10,242.11000061035156,242.8000030517578,241.75999450683594,242.3699951171875,210.12832641601562,36663300
2017-07-11,242.3699951171875,242.5500030517578,240.85000610351562,242.19000244140625,209.9722900390625,50354600
2017-07-12,243.3000030517578,244.1999969482422,243.3000030517578,244.00999450683594,211.55014038085938,59610400
2017-07-13,244.02000427246094,244.5500030517578,243.75999450683594,244.4199981689453,211.90560913085938,39471600
2017-07-14,244.4199981689453,245.97000122070312,244.30999755859375,245.55999755859375,212.89402770996094,60262700
2017-07-17,245.47000122070312,245.91000366210938,245.3300018310547,245.52999877929688,212.86801147460938,33531900
2017-07-18,245.05999755859375,245.72000122070312,244.6699981689453,245.66000366210938,212.98074340820312,42742500
2017-07-19,246.02000427246094,247.0,246.00999450683594,246.99000549316406,214.13380432128906,51034300
2017-07-20,247.27999877929688,247.4199981689453,246.47000122070312,247.10000610351562,214.2291259765625,47135200
2017-07-21,246.44000244140625,246.91000366210938,246.17999267578125,246.8800048828125,214.03839111328125,82340800
2017-07-24,246.7899932861328,246.97999572753906,246.27999877929688,246.82000732421875,213.9864501953125,46622300
2017-07-25,247.67999267578125,247.8000030517578,247.16000366210938,247.4199981689453,214.50656127929688,54915600
2017-07-26,247.75,247.7899932861328,247.1300048828125,247.42999267578125,214.5152587890625,47575400
2017-07-27,247.9600067138672,248.0,245.67999267578125,247.1999969482422,214.3158416748047,70766600
2017-07-28,246.64999389648438,247.05999755859375,246.1300048828125,246.91000366210938,214.06439208984375,50088400
2017-07-31,247.3699951171875,247.47999572753906,246.52999877929688,246.77000427246094,213.9430694580078,65838700
2017-08-01,247.4600067138672,247.5,246.72000122070312,247.32000732421875,214.41990661621094,55050400
2017-08-02,247.47000122070312,247.60000610351562,246.3699951171875,247.44000244140625,214.52391052246094,47211200
2017-08-03,247.30999755859375,247.33999633789062,246.63999938964844,246.9600067138672,214.1077117919922,40856000
2017-08-04,247.52000427246094,247.7899932861328,246.97000122070312,247.41000366210938,214.49789428710938,60191800
2017-08-07,247.49000549316406,247.8699951171875,247.3699951171875,247.8699951171875,214.89669799804688,31995000
2017-08-08,247.50999450683594,248.91000366210938,246.8300018310547,247.25999450683594,214.36788940429688,61719400
2017-08-09,246.47000122070312,247.30999755859375,246.05999755859375,247.25,214.35919189453125,62632600
2017-08-10,246.2899932861328,246.44000244140625,243.6999969482422,243.75999450683594,211.3334503173828,120479500
2017-08-11,244.02000427246094,244.8000030517578,243.75,244.1199951171875,211.64553833007812,74869900
2017-08-14,245.58999633789062,246.7899932861328,245.5500030517578,246.5399932861328,213.74362182617188,73291900
2017-08-15,246.97999572753906,247.0,246.16000366210938,246.50999450683594,213.7176055908203,55242700
2017-08-16,247.11000061035156,247.57000732421875,246.4499969482422,246.94000244140625,214.09039306640625,56715500
2017-08-17,246.24000549316406,246.60000610351562,243.08999633789062,243.08999633789062,210.7525634765625,128490400
2017-08-18,242.89999389648438,244.19000244140625,242.1999969482422,242.7100067138672,210.4231719970703,136748000
2017-08-21,242.63999938964844,243.1999969482422,241.8300018310547,242.89999389648438,210.58779907226562,65469700
2017-08-22,243.57000732421875,245.6199951171875,243.5500030517578,245.44000244140625,212.7899932861328,63140100
2017-08-23,244.3300018310547,245.0500030517578,244.16000366210938,244.55999755859375,212.02699279785156,50203800
2017-08-24,245.0,245.17999267578125,243.75,243.99000549316406,211.53286743164062,50741700
2017-08-25,244.89999389648438,245.61000061035156,244.38999938964844,244.55999755859375,212.02699279785156,64445900
2017-08-28,245.1699981689453,245.1999969482422,244.08999633789062,244.57000732421875,212.03570556640625,40565600
2017-08-29,243.05999755859375,245.14999389648438,242.92999267578125,244.85000610351562,212.27845764160156,51135700
2017-08-30,244.8300018310547,246.32000732421875,244.6199951171875,246.00999450683594,213.28416442871094,62030800
2017-08-31,246.72000122070312,247.77000427246094,246.0500030517578,247.49000549316406,214.56729125976562,103803900
2017-09-01,247.9199981689453,248.3300018310547,247.6699981689453,247.83999633789062,214.87071228027344,62007000
2017-09-05,247.25999450683594,247.52000427246094,244.9499969482422,246.05999755859375,213.3275146484375,91398800
2017-09-06,246.83999633789062,247.27999877929688,246.22999572753906,246.89999389648438,214.05577087402344,57916900
2017-09-07,247.25,247.27000427246094,246.39999389648438,246.8699951171875,214.02969360351562,58034700
2017-09-08,246.5399932861328,247.11000061035156,246.3000030517578,246.5800018310547,213.77830505371094,63832800
2017-09-11,248.0399932861328,249.3000030517578,248.02000427246094,249.2100067138672,216.0584716796875,71364800
2017-09-12,249.6300048828125,250.08999633789062,249.4199981689453,250.0500030517578,216.7867431640625,56896000
2017-09-13,249.72000122070312,250.2100067138672,249.58999633789062,250.1699981689453,216.89076232910156,59228000
2017-09-14,249.8000030517578,250.32000732421875,249.60000610351562,250.08999633789062,216.8213653564453,95446300
2017-09-15,248.69000244140625,249.2899932861328,248.57000732421875,249.19000244140625,217.11326599121094,95432400
2017-09-18,249.61000061035156,250.1199951171875,249.27999877929688,249.72000122070312,217.57505798339844,46235200
2017-09-19,250.0,250.07000732421875,249.60000610351562,249.97000122070312,217.79287719726562,47108100
2017-09-20,250.07000732421875,250.19000244140625,248.9199981689453,250.05999755859375,217.8712615966797,59574100
2017-09-21,249.8800048828125,249.97999572753906,249.19000244140625,249.38999938964844,217.28753662109375,48211400
2017-09-22,249.0500030517578,249.6300048828125,249.02000427246094,249.44000244140625,217.33111572265625,51214000
2017-09-25,249.14999389648438,249.5500030517578,248.0800018310547,248.92999267578125,216.8867645263672,57064400
2017-09-26,249.4199981689453,249.6999969482422,248.80999755859375,249.0800018310547,217.01744079589844,54082000
2017-09-27,249.8800048828125,250.49000549316406,248.8699951171875,250.0500030517578,217.86260986328125,81001400
2017-09-28,249.72999572753906,250.44000244140625,249.6300048828125,250.35000610351562,218.1239776611328,44778800
2017-09-29,250.33999633789062,251.32000732421875,250.1300048828125,251.22999572753906,218.89064025878906,85578000
2017-10-02,251.49000549316406,252.32000732421875,251.2899932861328,252.32000732421875,219.8403778076172,59023000
2017-10-03,252.32000732421875,252.88999938964844,252.22999572753906,252.86000061035156,220.3108673095703,66810200
2017-10-04,252.69000244140625,253.44000244140625,252.55999755859375,253.16000366210938,220.57228088378906,55953600
2017-10-05,253.5399932861328,254.67999267578125,253.1999969482422,254.66000366210938,221.87913513183594,63522800
2017-10-06,254.14999389648438,254.6999969482422,253.85000610351562,254.3699951171875,221.62646484375,80646000
2017-10-09,254.6300048828125,254.6999969482422,253.64999389648438,253.9499969482422,221.2605743408203,35803100
2017-10-10,254.60000610351562,255.0500030517578,253.97999572753906,254.6199951171875,221.84429931640625,43057400
2017-10-11,254.50999450683594,255.02000427246094,254.32000732421875,255.02000427246094,222.1928253173828,47674300
2017-10-12,254.66000366210938,255.05999755859375,254.3699951171875,254.63999938964844,221.8617401123047,47065100
2017-10-13,255.13999938964844,255.27000427246094,254.63999938964844,254.9499969482422,222.1317901611328,54800400
2017-10-16,255.2100067138672,255.50999450683594,254.82000732421875,255.2899932861328,222.42807006835938,38221700
2017-10-17,255.22999572753906,255.52000427246094,254.97999572753906,255.47000122070312,222.58486938476562,31561000
2017-10-18,255.89999389648438,255.9499969482422,255.5,255.72000122070312,222.8026580810547,40888300
2017-10-19,254.8300018310547,255.8300018310547,254.35000610351562,255.7899932861328,222.8636932373047,61903800
2017-10-20,256.70001220703125,257.1400146484375,255.77000427246094,257.1099853515625,224.0137939453125,89176400
2017-10-23,257.4800109863281,257.510009765625,256.0199890136719,256.1099853515625,223.1425018310547,63915300
2017-10-24,256.6000061035156,256.8299865722656,256.1499938964844,256.55999755859375,223.5345458984375,66935900
2017-10-25,256.17999267578125,256.30999755859375,254.0,255.2899932861328,222.42807006835938,103715300
2017-10-26,255.99000549316406,256.29998779296875,255.47999572753906,255.6199951171875,222.71559143066406,69798000
2017-10-27,256.4700012207031,257.8900146484375,255.6300048828125,257.7099914550781,224.53656005859375,85562500
2017-10-30,256.4700012207031,257.6000061035156,256.4100036621094,256.75,223.7001495361328,54285700
2017-10-31,257.17999267578125,257.44000244140625,256.80999755859375,257.1499938964844,224.04859924316406,60304800
2017-11-01,258.0400085449219,258.42999267578125,257.07000732421875,257.489990234375,224.34483337402344,54202700
2017-11-02,257.4100036621094,257.75,256.19000244140625,257.5899963378906,224.43202209472656,56449500
2017-11-03,257.7699890136719,258.5,257.29998779296875,258.45001220703125,225.18130493164062,59589700
2017-11-06,258.29998779296875,259.0,258.2200012207031,258.8500061035156,225.52978515625,49652600
2017-11-07,258.9700012207031,259.3500061035156,258.0899963378906,258.6700134277344,225.37298583984375,57502200
2017-11-08,258.4700012207031,259.2200012207031,258.1499938964844,259.1099853515625,225.75633239746094,50469600
2017-11-09,257.7300109863281,258.3900146484375,256.3599853515625,258.1700134277344,224.9373779296875,95085500
2017-11-10,257.7300109863281,258.2900085449219,257.3699951171875,258.0899963378906,224.86766052246094,59984700
2017-11-13,257.30999755859375,258.5899963378906,257.2699890136719,258.3299865722656,225.07675170898438,50228600
2017-11-14,257.4100036621094,257.8500061035156,256.5199890136719,257.7300109863281,224.55397033691406,61315200
2017-11-15,256.6199951171875,257.2200012207031,255.6300048828125,256.44000244140625,223.4300079345703,80811500
2017-11-16,257.5199890136719,259.0400085449219,257.4700012207031,258.6199951171875,225.3294219970703,67777000
2017-11-17,258.2200012207031,258.5899963378906,257.7699890136719,257.8599853515625,224.66725158691406,75756800
2017-11-20,258.1400146484375,258.5199890136719,257.8599853515625,258.29998779296875,225.05055236816406,48075500
2017-11-21,259.17999267578125,260.20001220703125,258.260009765625,259.989990234375,226.5229949951172,69176800
2017-11-22,260.0,260.1499938964844,259.57000732421875,259.760009765625,226.32266235351562,45033400
2017-11-24,260.32000732421875,260.4800109863281,260.1600036621094,260.3599853515625,226.84539794921875,27856500
2017-11-27,260.4100036621094,260.75,260.0,260.2300109863281,226.73216247558594,52274900
2017-11-28,260.760009765625,262.8999938964844,260.6499938964844,262.8699951171875,229.03231811523438,98971700
2017-11-29,263.0199890136719,263.6300048828125,262.20001220703125,262.7099914550781,228.8929443359375,77512100
2017-11-30,263.760009765625,266.04998779296875,263.6700134277344,265.010009765625,230.8968505859375,127894400
2017-12-01,264.760009765625,265.30999755859375,260.760009765625,264.4599914550781,230.4176788330078,164390900
2017-12-04,266.30999755859375,266.79998779296875,264.0799865722656,264.1400146484375,230.1388397216797,94040600
2017-12-05,263.19000244140625,265.1499938964844,263.0400085449219,263.19000244140625,229.3111114501953,77994500
2017-12-06,263.29998779296875,263.7300109863281,262.7099914550781,263.239990234375,229.3546600341797,75898600
2017-12-07,264.07000732421875,264.42999267578125,262.94000244140625,264.07000732421875,230.07791137695312,77218600
2017-12-08,265.1600036621094,265.5199890136719,264.0299987792969,265.510009765625,231.3324737548828,76563900
2017-12-11,266.30999755859375,266.3800048828125,265.4800109863281,266.30999755859375,232.02951049804688,83077500
2017-12-12,267.2099914550781,267.32000732421875,266.3500061035156,266.7799987792969,232.43896484375,85195800
2017-12-13,267.05999755859375,267.55999755859375,266.6499938964844,266.75,232.41287231445312,102905400
2017-12-14,267.0899963378906,267.2200012207031,265.6000061035156,265.6600036621094,231.46315002441406,100666700
2017-12-15,265.45001220703125,267.0400085449219,265.3900146484375,266.510009765625,233.39073181152344,144610300
2017-12-18,268.1000061035156,268.6000061035156,267.9800109863281,268.20001220703125,234.87063598632812,83653600
2017-12-19,268.4800109863281,268.5299987792969,267.0899963378906,267.1700134277344,233.9687042236328,82382900
2017-12-20,268.2699890136719,268.3299865722656,266.69000244140625,267.0299987792969,233.84600830078125,76751500
2017-12-21,267.739990234375,268.3900146484375,267.29998779296875,267.5799865722656,234.3277130126953,67032300
2017-12-22,267.6000061035156,267.6400146484375,266.8999938964844,267.510009765625,234.2664337158203,78720900
2017-12-26,267.04998779296875,267.44000244140625,266.8900146484375,267.19000244140625,233.98609924316406,45244400
2017-12-27,267.3800048828125,267.7300109863281,267.010009765625,267.32000732421875,234.10003662109375,57751000
2017-12-28,267.8900146484375,267.9200134277344,267.45001220703125,267.8699951171875,234.58164978027344,45116100
2017-12-29,268.5299987792969,268.54998779296875,266.6400146484375,266.8599853515625,233.69720458984375,96007400
2018-01-02,267.8399963378906,268.80999755859375,267.3999938964844,268.7699890136719,235.36981201171875,86655700
2018-01-03,268.9599914550781,270.6400146484375,268.9599914550781,270.4700012207031,236.8585968017578,90070400
2018-01-04,271.20001220703125,272.1600036621094,270.5400085449219,271.6099853515625,237.8568878173828,80636400
2018-01-05,272.510009765625,273.55999755859375,271.95001220703125,273.4200134277344,239.4419708251953,83524000
2018-01-08,273.30999755859375,274.1000061035156,272.9800109863281,273.9200134277344,239.87994384765625,57319200
2018-01-09,274.3999938964844,275.25,274.0799865722656,274.5400085449219,240.4228057861328,57254000
2018-01-10,273.67999267578125,274.4200134277344,272.9200134277344,274.1199951171875,240.05508422851562,69574300
2018-01-11,274.75,276.1199951171875,274.55999755859375,276.1199951171875,241.80642700195312,62361500
2018-01-12,276.4200134277344,278.1099853515625,276.0799865722656,277.9200134277344,243.38279724121094,90816100
2018-01-16,279.3500061035156,280.0899963378906,276.17999267578125,276.9700012207031,242.55081176757812,106555100
2018-01-17,278.0299987792969,280.04998779296875,276.9700012207031,279.6099853515625,244.86270141601562,113258800
2018-01-18,279.4800109863281,279.9599914550781,278.5799865722656,279.1400146484375,244.45115661621094,100728000
2018-01-19,279.79998779296875,280.4100036621094,279.1400146484375,280.4100036621094,245.56333923339844,140920100
2018-01-22,280.1700134277344,282.69000244140625,280.1099853515625,282.69000244140625,247.5599822998047,91322400
2018-01-23,282.739990234375,283.6199951171875,282.3699951171875,283.2900085449219,248.08546447753906,97084700
2018-01-24,284.0199890136719,284.70001220703125,281.8399963378906,283.17999267578125,247.9890899658203,134816100
2018-01-25,284.1600036621094,284.2699890136719,282.3999938964844,283.29998779296875,248.09420776367188,84587300
2018-01-26,284.25,286.6300048828125,283.9599914550781,286.5799865722656,250.96649169921875,107743100
2018-01-29,285.92999267578125,286.42999267578125,284.5,284.67999267578125,249.30270385742188,90118300
2018-01-30,282.6000061035156,284.739990234375,281.2200012207031,281.760009765625,246.74559020996094,131796400
2018-01-31,282.7300109863281,283.29998779296875,280.67999267578125,281.8999938964844,246.8681640625,108364800
2018-02-01,281.07000732421875,283.05999755859375,280.67999267578125,281.5799865722656,246.5879364013672,90102500
2018-02-02,280.0799865722656,280.2300109863281,275.4100036621094,275.45001220703125,241.21975708007812,173174800
2018-02-05,273.45001220703125,275.8500061035156,263.30999755859375,263.92999267578125,231.1312713623047,294681800
2018-02-06,259.94000244140625,269.70001220703125,258.70001220703125,269.1300048828125,235.68508911132812,355026800
2018-02-07,268.5,272.3599853515625,267.5799865722656,267.6700134277344,234.40658569335938,167376100
2018-02-08,268.010009765625,268.1700134277344,257.5899963378906,257.6300048828125,225.6141815185547,246449500
2018-02-09,260.79998779296875,263.6099853515625,252.9199981689453,261.5,229.00323486328125,283565300
2018-02-12,263.8299865722656,267.010009765625,261.6600036621094,265.3399963378906,232.3660430908203,143736000
2018-02-13,263.9700012207031,266.6199951171875,263.30999755859375,266.0,232.9440460205078,81223600
2018-02-14,264.30999755859375,270.0,264.29998779296875,269.5899963378906,236.08790588378906,120735700
2018-02-15,271.57000732421875,273.0400085449219,268.7699890136719,273.0299987792969,239.10040283203125,111200300
2018-02-16,272.32000732421875,275.32000732421875,272.2699890136719,273.1099853515625,239.17050170898438,160420100
2018-02-20,272.0299987792969,273.6700134277344,270.5,271.3999938964844,237.6730194091797,86369700
2018-02-21,271.8999938964844,274.7200012207031,269.94000244140625,270.04998779296875,236.4907989501953,98883700
2018-02-22,271.1000061035156,273.04998779296875,269.6400146484375,270.3999938964844,236.79722595214844,110511300
2018-02-23,271.7900085449219,274.7099914550781,271.25,274.7099914550781,240.57164001464844,92766400
2018-02-26,275.92999267578125,278.010009765625,275.260009765625,277.8999938964844,243.36517333984375,86491400
2018-02-27,278.1099853515625,278.9200134277344,274.3599853515625,274.42999267578125,240.3264617919922,99099200
2018-02-28,275.67999267578125,276.19000244140625,271.2900085449219,271.6499938964844,237.89195251464844,121907800
2018-03-01,271.4100036621094,273.1700134277344,266.0,267.70001220703125,234.4327850341797,176855100
2018-03-02,265.79998779296875,269.7200012207031,264.82000732421875,269.0799865722656,235.6412353515625,139083200
2018-03-05,267.7300109863281,272.8900146484375,267.6099853515625,272.19000244140625,238.3648223876953,97307400
2018-03-06,273.29998779296875,273.3900146484375,271.17999267578125,272.8800048828125,238.96910095214844,79213200
2018-03-07,270.4200134277344,273.17999267578125,270.20001220703125,272.7799987792969,238.8814697265625,87063500
2018-03-08,273.54998779296875,274.239990234375,272.4200134277344,274.1000061035156,240.0374298095703,66901200
2018-03-09,275.70001220703125,278.8699951171875,275.3399963378906,278.8699951171875,244.2147216796875,113625300
2018-03-12,279.20001220703125,279.9100036621094,278.0799865722656,278.5199890136719,243.90821838378906,71924800
2018-03-13,279.8399963378906,280.4100036621094,276.0299987792969,276.7200012207031,242.33184814453125,91968900
2018-03-14,277.80999755859375,278.0199890136719,274.6700134277344,275.29998779296875,241.08827209472656,105895100
2018-03-15,275.8800048828125,276.6099853515625,274.42999267578125,275.0,240.8256072998047,83433000
2018-03-16,274.5,275.3900146484375,274.1400146484375,274.20001220703125,241.08677673339844,100343700
2018-03-19,273.3500061035156,274.3999938964844,268.6199951171875,270.489990234375,237.82473754882812,109208400
2018-03-20,270.94000244140625,271.6700134277344,270.17999267578125,270.95001220703125,238.22926330566406,59757300
2018-03-21,270.8999938964844,273.2699890136719,270.19000244140625,270.42999267578125,237.7720184326172,78709600
2018-03-22,267.9100036621094,268.8699951171875,263.3599853515625,263.6700134277344,231.82839965820312,148785900
2018-03-23,264.1700134277344,264.5400085449219,257.8299865722656,258.04998779296875,226.88710021972656,183534800
2018-03-26,262.1300048828125,265.42999267578125,259.4100036621094,265.1099853515625,233.09445190429688,141956100
2018-03-27,266.1700134277344,266.7699890136719,258.8399963378906,260.6000061035156,229.12911987304688,129941400
2018-03-28,260.75,262.6400146484375,258.5799865722656,259.8299865722656,228.45211791992188,146452300
2018-03-29,261.1199951171875,265.260009765625,259.8399963378906,263.1499938964844,231.3711700439453,111601600
2018-04-02,262.54998779296875,263.1300048828125,254.6699981689453,257.4700012207031,226.37709045410156,186286300
2018-04-03,258.8699951171875,261.30999755859375,256.8399963378906,260.7699890136719,229.278564453125,119956900
2018-04-04,256.75,264.3599853515625,256.6000061035156,263.55999755859375,231.73167419433594,123715300
2018-04-05,265.54998779296875,266.6400146484375,264.32000732421875,265.6400146484375,233.56053161621094,82652600
2018-04-06,263.4200134277344,265.1099853515625,258.0,259.7200012207031,228.35540771484375,179521200
2018-04-09,261.3699951171875,264.8399963378906,259.94000244140625,261.0,229.48080444335938,105442900
2018-04-10,264.2699890136719,266.0400085449219,262.9800109863281,265.1499938964844,233.129638671875,103529000
2018-04-11,263.4700012207031,265.6400146484375,263.3900146484375,263.760009765625,231.90757751464844,91140200
2018-04-12,265.260009765625,267.0,265.05999755859375,265.92999267578125,233.81539916992188,68890500
2018-04-13,267.4100036621094,267.5400085449219,264.010009765625,265.1499938964844,233.129638671875,85079200
2018-04-16,267.0,268.20001220703125,266.07000732421875,267.3299865722656,235.0464630126953,63405300
2018-04-17,269.3299865722656,270.8699951171875,268.75,270.19000244140625,237.56100463867188,64682000
2018-04-18,270.69000244140625,271.29998779296875,269.8699951171875,270.3900146484375,237.73681640625,57303900
2018-04-19,269.6499938964844,269.8800048828125,267.7200012207031,268.8900146484375,236.4180450439453,77655900
2018-04-20,268.80999755859375,269.05999755859375,265.6099853515625,266.6099853515625,234.41331481933594,99953100
2018-04-23,267.260009765625,267.8900146484375,265.3500061035156,266.57000732421875,234.37823486328125,65558000
2018-04-24,267.7300109863281,267.9800109863281,261.2799987792969,262.9800109863281,231.22174072265625,112885500
2018-04-25,262.9100036621094,264.1300048828125,260.8500061035156,263.6300048828125,231.79324340820312,103840900
2018-04-26,264.7900085449219,267.25,264.2900085449219,266.30999755859375,234.1495819091797,67731900
2018-04-27,267.0,267.3399963378906,265.5,266.55999755859375,234.36935424804688,57053600
2018-04-30,267.260009765625,267.8900146484375,264.42999267578125,264.510009765625,232.56698608398438,82182300
2018-05-01,263.8699951171875,265.1000061035156,262.1099853515625,264.9800109863281,232.980224609375,74203400
2018-05-02,264.760009765625,265.67999267578125,262.760009765625,263.20001220703125,231.41519165039062,86368900
2018-05-03,262.260009765625,263.3599853515625,259.04998779296875,262.6199951171875,230.90513610839844,136311500
2018-05-04,261.5199890136719,266.7900085449219,261.1499938964844,266.0199890136719,233.8945770263672,91222100
2018-05-07,266.8900146484375,268.0199890136719,266.1099853515625,266.9200134277344,234.6859893798828,55304900
2018-05-08,266.5,267.3299865722656,265.1499938964844,266.9200134277344,234.6859893798828,67499200
2018-05-09,267.67999267578125,269.8699951171875,267.0899963378906,269.5,236.95431518554688,59666100
2018-05-10,270.3399963378906,272.3900146484375,270.2200012207031,272.0199890136719,239.169921875,72063900
2018-05-11,272.1600036621094,273.1499938964844,271.5799865722656,272.8500061035156,239.8997802734375,59871500
2018-05-14,273.3399963378906,274.0799865722656,272.3599853515625,272.9800109863281,240.01409912109375,54790600
2018-05-15,271.5899963378906,271.6099853515625,270.0299987792969,271.1000061035156,238.3611297607422,87036100
2018-05-16,271.1400146484375,272.760009765625,271.1099853515625,272.239990234375,239.36343383789062,53942600
2018-05-17,271.94000244140625,273.2300109863281,271.1300048828125,272.010009765625,239.16119384765625,56536400
2018-05-18,271.6199951171875,272.0299987792969,270.92999267578125,271.3299865722656,238.56338500976562,64368000
2018-05-21,273.010009765625,273.9800109863281,272.57000732421875,273.3699951171875,240.35693359375,58025900
2018-05-22,273.9599914550781,274.25,272.239990234375,272.6099853515625,239.68873596191406,52966400
2018-05-23,271.1700134277344,273.3900146484375,270.989990234375,273.3599853515625,240.34825134277344,64694200
2018-05-24,272.9100036621094,273.2200012207031,270.7799987792969,272.79998779296875,239.85574340820312,76043800
2018-05-25,272.1499938964844,272.8599853515625,271.5799865722656,272.1499938964844,239.28427124023438,56374800
2018-05-29,270.30999755859375,271.1700134277344,267.760009765625,269.0199890136719,236.53225708007812,115908600
2018-05-30,270.5,273.1099853515625,270.4200134277344,272.6099853515625,239.68873596191406,69678400
2018-05-31,272.1499938964844,272.489990234375,270.260009765625,270.94000244140625,238.2203826904297,93519900
2018-06-01,272.4100036621094,273.94000244140625,272.3299865722656,273.6000061035156,240.55923461914062,71258400
2018-06-04,274.5299987792969,275.19000244140625,274.260009765625,274.8999938964844,241.7022705078125,45385200
2018-06-05,275.04998779296875,275.5299987792969,274.17999267578125,275.1000061035156,241.87811279296875,51135000
2018-06-06,275.7900085449219,277.5199890136719,275.0899963378906,277.3999938964844,243.90029907226562,62732200
2018-06-07,277.95001220703125,278.2799987792969,276.3399963378906,277.3699951171875,243.8739471435547,72969400
2018-06-08,276.8500061035156,278.25,276.6600036621094,278.19000244140625,244.59483337402344,72139700
2018-06-11,278.44000244140625,279.3699951171875,278.30999755859375,278.55999755859375,244.92019653320312,58892500
2018-06-12,279.0299987792969,279.3299865722656,278.19000244140625,278.9200134277344,245.23675537109375,72329000
2018-06-13,279.19000244140625,279.4800109863281,277.79998779296875,278.0299987792969,244.45428466796875,79070600
2018-06-14,279.010009765625,279.3299865722656,278.05999755859375,278.7300109863281,245.06973266601562,77097600
2018-06-15,276.6000061035156,277.510009765625,275.3500061035156,277.1300048828125,244.75704956054688,120041600
2018-06-18,275.489990234375,276.70001220703125,274.95001220703125,276.55999755859375,244.25360107421875,52917600
2018-06-19,274.0,275.75,273.5299987792969,275.5,243.3174591064453,97531500
2018-06-20,276.2699890136719,276.7200012207031,275.5899963378906,275.9700012207031,243.73252868652344,53785500
2018-06-21,275.9599914550781,275.9800109863281,273.67999267578125,274.239990234375,242.20469665527344,71061400
2018-06-22,275.6600036621094,275.7900085449219,274.489990234375,274.739990234375,242.6461944580078,54898500
2018-06-25,273.44000244140625,273.6199951171875,269.1000061035156,271.0,239.3431396484375,137854200
2018-06-26,271.6400146484375,272.55999755859375,270.7900085449219,271.6000061035156,239.87301635742188,68547400
2018-06-27,272.260009765625,273.8699951171875,269.17999267578125,269.3500061035156,237.8859405517578,105110700
2018-06-28,269.2900085449219,271.75,268.489990234375,270.8900146484375,239.24603271484375,76650500
2018-06-29,272.1199951171875,273.6600036621094,271.1499938964844,271.2799987792969,239.5904541015625,97592500
2018-07-02,269.510009765625,272.0400085449219,269.239990234375,271.8599853515625,240.1026611328125,63554800
2018-07-03,272.8699951171875,272.9800109863281,270.4200134277344,270.8999938964844,239.2547607421875,42187100
2018-07-05,272.1700134277344,273.17999267578125,270.9599914550781,273.1099853515625,241.20664978027344,56925900
2018-07-06,273.1400146484375,275.8399963378906,272.7099914550781,275.4200134277344,243.24693298339844,66493700
2018-07-09,276.54998779296875,277.9599914550781,276.5,277.8999938964844,245.43707275390625,50550400
2018-07-10,278.4100036621094,279.010009765625,278.0799865722656,278.8999938964844,246.3202362060547,51966800
2018-07-11,277.1499938964844,278.0400085449219,276.5199890136719,276.8599853515625,244.5185546875,77054700
2018-07-12,278.2799987792969,279.42999267578125,277.6000061035156,279.3699951171875,246.7354278564453,60124700
2018-07-13,279.1700134277344,279.92999267578125,278.6600036621094,279.5899963378906,246.9296875,48216000
2018-07-16,279.6400146484375,279.79998779296875,278.8399963378906,279.3399963378906,246.70889282226562,48201000
2018-07-17,278.4700012207031,280.9100036621094,278.4100036621094,280.4700012207031,247.7068634033203,52315500
2018-07-18,280.55999755859375,281.17999267578125,280.05999755859375,281.05999755859375,248.22792053222656,44593500
2018-07-19,280.30999755859375,280.739990234375,279.4599914550781,280.0,247.29180908203125,61412100
2018-07-20,279.7699890136719,280.4800109863281,279.5,279.67999267578125,247.00914001464844,82337700
2018-07-23,279.45001220703125,280.42999267578125,279.05999755859375,280.20001220703125,247.4684600830078,47047600
2018-07-24,281.7900085449219,282.55999755859375,280.6300048828125,281.6099853515625,248.71371459960938,68026900
2018-07-25,281.3299865722656,284.3699951171875,281.2799987792969,284.010009765625,250.83343505859375,78882900
2018-07-26,283.20001220703125,284.1099853515625,283.0899963378906,283.3399963378906,250.2415771484375,57919500
2018-07-27,283.7099914550781,283.82000732421875,280.3800048828125,281.4200134277344,248.54591369628906,76768700
2018-07-30,281.510009765625,281.69000244140625,279.3599853515625,279.95001220703125,247.24774169921875,63742500
2018-07-31,280.80999755859375,282.0199890136719,280.3800048828125,281.3299865722656,248.4663848876953,68570500
2018-08-01,281.55999755859375,282.1300048828125,280.1300048828125,280.8599853515625,248.0513458251953,53853300
2018-08-02,279.3900146484375,282.5799865722656,279.1600036621094,282.3900146484375,249.40264892578125,63426400
2018-08-03,282.5299987792969,283.6600036621094,282.3299865722656,283.6000061035156,250.47128295898438,53935400
2018-08-06,283.6400146484375,284.989990234375,283.20001220703125,284.6400146484375,251.38980102539062,39400900
2018-08-07,285.3900146484375,286.010009765625,285.239990234375,285.5799865722656,252.21994018554688,43196600
2018-08-08,285.3900146484375,285.9100036621094,284.94000244140625,285.4599914550781,252.1139373779297,42114600
2018-08-09,285.5299987792969,285.9700012207031,284.9200134277344,285.07000732421875,251.7695770263672,35717000
2018-08-10,283.45001220703125,284.05999755859375,282.3599853515625,283.1600036621094,250.08265686035156,77076000
2018-08-13,283.4700012207031,284.1600036621094,281.7699890136719,282.1000061035156,249.1465301513672,65732900
2018-08-14,282.9200134277344,284.1700134277344,282.4800109863281,283.8999938964844,250.7361297607422,43842000
2018-08-15,282.3800048828125,282.5400085449219,280.1600036621094,281.7799987792969,248.86380004882812,102925400
2018-08-16,283.3999938964844,285.0400085449219,283.3599853515625,284.05999755859375,250.8775634765625,69967900
2018-08-17,283.8299865722656,285.55999755859375,283.3699951171875,285.05999755859375,251.76077270507812,65618500
2018-08-20,285.57000732421875,285.9700012207031,285.05999755859375,285.6700134277344,252.29945373535156,39807500
2018-08-21,286.25,287.30999755859375,285.7099914550781,286.3399963378906,252.89114379882812,67272000
2018-08-22,285.8800048828125,286.760009765625,285.5799865722656,286.1700134277344,252.74102783203125,44993300
2018-08-23,285.9700012207031,286.94000244140625,285.42999267578125,285.7900085449219,252.4054412841797,49204900
2018-08-24,286.44000244140625,287.6700134277344,286.3800048828125,287.510009765625,253.92446899414062,57487400
2018-08-27,288.8599853515625,289.8999938964844,288.67999267578125,289.7799987792969,255.92930603027344,57072400
2018-08-28,290.29998779296875,290.4200134277344,289.3999938964844,289.9200134277344,256.0530090332031,46943500
2018-08-29,290.1600036621094,291.739990234375,289.8900146484375,291.4800109863281,257.43072509765625,61485500
2018-08-30,290.94000244140625,291.3599853515625,289.6300048828125,290.29998779296875,256.38861083984375,61229500
2018-08-31,289.8399963378906,290.80999755859375,289.2900085449219,290.30999755859375,256.39739990234375,66140800
2018-09-04,289.8399963378906,290.2099914550781,288.67999267578125,289.80999755859375,255.9557647705078,57594400
2018-09-05,289.4100036621094,289.6400146484375,287.8900146484375,289.0299987792969,255.2669219970703,72452400
2018-09-06,289.1499938964844,289.489990234375,287.0,288.1600036621094,254.4985809326172,65909900
2018-09-07,286.9800109863281,288.70001220703125,286.7099914550781,287.6000061035156,254.00399780273438,73524800
2018-09-10,288.739990234375,289.0400085449219,287.8800048828125,288.1000061035156,254.44558715820312,50210900
2018-09-11,287.3699951171875,289.54998779296875,286.9800109863281,289.04998779296875,255.2845916748047,50530500
2018-09-12,289.05999755859375,289.79998779296875,288.2300109863281,289.1199951171875,255.3463897705078,59810800
2018-09-13,290.32000732421875,291.0400085449219,290.0,290.8299865722656,256.8566589355469,51034200
2018-09-14,291.05999755859375,291.2699890136719,290.0,290.8800048828125,256.9009094238281,55079900
2018-09-17,290.82000732421875,290.8599853515625,289.0299987792969,289.3399963378906,255.54080200195312,68244000
2018-09-18,289.5799865722656,291.5799865722656,289.54998779296875,290.9100036621094,256.9273681640625,61930400
2018-09-19,290.9700012207031,291.69000244140625,290.8299865722656,291.2200012207031,257.20111083984375,49080600
2018-09-20,292.6400146484375,293.94000244140625,291.239990234375,293.5799865722656,259.2854309082031,100360600
2018-09-21,293.0899963378906,293.2200012207031,291.80999755859375,291.989990234375,259.04864501953125,105479700
2018-09-24,291.3399963378906,291.5,290.3699951171875,291.0199890136719,258.1880187988281,53409600
2018-09-25,291.5299987792969,291.6499938964844,290.4800109863281,290.75,257.9484558105469,44370000
2018-09-26,290.9100036621094,292.239990234375,289.4100036621094,289.8800048828125,257.1766052246094,79739700
2018-09-27,290.4100036621094,291.9100036621094,290.1000061035156,290.69000244140625,257.8952331542969,59249500
2018-09-28,289.989990234375,291.2799987792969,289.95001220703125,290.7200012207031,257.9219055175781,70091400
2018-10-01,292.1099853515625,292.92999267578125,290.9800109863281,291.7300109863281,258.81781005859375,62078900
2018-10-02,291.55999755859375,292.3599853515625,291.1400146484375,291.55999755859375,258.6669921875,47258200
2018-10-03,292.739990234375,293.2099914550781,291.32000732421875,291.7200012207031,258.8089294433594,64694600
2018-10-04,291.17999267578125,291.239990234375,287.6600036621094,289.44000244140625,256.7862854003906,111545900
2018-10-05,289.69000244140625,290.2699890136719,286.2200012207031,287.82000732421875,255.34902954101562,105951700
2018-10-08,287.04998779296875,288.2200012207031,285.5,287.82000732421875,255.34902954101562,87742200
2018-10-09,287.3900146484375,288.8599853515625,286.7699890136719,287.3999938964844,254.97640991210938,74339000
2018-10-10,286.8299865722656,286.9100036621094,277.8800048828125,278.29998779296875,246.903076171875,214731000
2018-10-11,277.0799865722656,278.8999938964844,270.3599853515625,272.1700134277344,241.46461486816406,274840500
2018-10-12,276.7699890136719,277.0899963378906,272.3699951171875,275.95001220703125,244.8181915283203,183186500
2018-10-15,275.54998779296875,277.0400085449219,274.29998779296875,274.3999938964844,243.44297790527344,102263700
2018-10-16,276.6000061035156,280.82000732421875,276.07000732421875,280.3999938964844,248.76605224609375,118255800
2018-10-17,280.44000244140625,281.1499938964844,277.55999755859375,280.45001220703125,248.81057739257812,110626000
2018-10-18,279.3999938964844,280.07000732421875,274.9700012207031,276.3999938964844,245.2174530029297,134557500
2018-10-19,277.1300048828125,279.29998779296875,275.4700012207031,276.25,245.0842742919922,139901600
2018-10-22,277.0,277.3599853515625,274.4100036621094,275.010009765625,243.98422241210938,82415800
2018-10-23,270.95001220703125,274.8699951171875,268.6099853515625,273.6099853515625,242.7421112060547,146352700
2018-10-24,273.3299865722656,273.760009765625,264.70001220703125,265.32000732421875,235.38742065429688,177806700
2018-10-25,267.3800048828125,271.80999755859375,266.2300109863281,270.0799865722656,239.6103515625,138061500
2018-10-26,265.9200134277344,271.0,262.2900085449219,265.3299865722656,235.39625549316406,201574600
2018-10-29,268.79998779296875,270.25,259.8500061035156,263.8599853515625,234.0921173095703,160749100
2018-10-30,263.6700134277344,268.1199951171875,263.1199951171875,267.7699890136719,237.56097412109375,157116000
2018-10-31,270.6499938964844,273.2300109863281,270.1199951171875,270.6300048828125,240.09832763671875,128296300
2018-11-01,271.6000061035156,273.7300109863281,270.3800048828125,273.510009765625,242.65350341796875,99495000
2018-11-02,274.75,275.2300109863281,269.5899963378906,271.8900146484375,241.21617126464844,122634100
2018-11-05,272.44000244140625,274.010009765625,271.3500061035156,273.3900146484375,242.54702758789062,65622500
2018-11-06,273.32000732421875,275.29998779296875,273.25,275.1199951171875,244.08177185058594,60085900
2018-11-07,277.55999755859375,281.1000061035156,277.0799865722656,281.010009765625,249.30726623535156,102752100
2018-11-08,280.1099853515625,281.2200012207031,279.2200012207031,280.5,248.85476684570312,65584900
2018-11-09,279.0299987792969,279.239990234375,276.17999267578125,277.760009765625,246.42398071289062,98812600
2018-11-12,277.19000244140625,277.4599914550781,271.989990234375,272.57000732421875,241.81948852539062,99673600
2018-11-13,273.0899963378906,275.3299865722656,271.25,272.05999755859375,241.36703491210938,98176600
2018-11-14,274.1600036621094,274.6099853515625,268.45001220703125,270.20001220703125,239.71685791015625,125335900
2018-11-15,268.7799987792969,273.5400085449219,267.010009765625,273.0199890136719,242.21868896484375,135101400
2018-11-16,271.7900085449219,274.75,271.2099914550781,273.7300109863281,242.8485870361328,126668000
2018-11-19,273.04998779296875,273.3800048828125,268.07000732421875,269.1000061035156,238.7409210205078,103061700
2018-11-20,265.3599853515625,267.0,263.1499938964844,264.1199951171875,234.32272338867188,136021300
2018-11-21,265.8599853515625,267.1499938964844,265.010009765625,265.0199890136719,235.1212158203125,75563700
2018-11-23,263.17999267578125,264.82000732421875,263.07000732421875,263.25,233.55091857910156,42807900
2018-11-26,265.7799987792969,267.75,265.3399963378906,267.5,237.3214569091797,79981400
2018-11-27,266.3399963378906,268.3999938964844,265.6600036621094,268.3999938964844,238.1199188232422,75502400
2018-11-28,269.6000061035156,274.5799865722656,268.3299865722656,274.5799865722656,243.6026611328125,127629600
2018-11-29,273.7099914550781,275.54998779296875,272.42999267578125,273.9800109863281,243.0703887939453,82346400
2018-11-30,273.80999755859375,276.2799987792969,273.45001220703125,275.6499938964844,244.5519561767578,98204200
2018-12-03,280.2799987792969,280.3999938964844,277.510009765625,279.29998779296875,247.79022216796875,103176300
2018-12-04,278.3699951171875,278.8500061035156,269.8999938964844,270.25,239.76121520996094,177986000
2018-12-06,265.9200134277344,269.9700012207031,262.44000244140625,269.8399963378906,239.39743041992188,204185400
2018-12-07,269.4599914550781,271.2200012207031,262.6300048828125,263.57000732421875,233.83486938476562,161018900
2018-12-10,263.3699951171875,265.1600036621094,258.6199951171875,264.07000732421875,234.2784423828125,151445900
2018-12-11,267.6600036621094,267.8699951171875,262.4800109863281,264.1300048828125,234.33163452148438,121504400
2018-12-12,267.4700012207031,269.0,265.3699951171875,265.4599914550781,235.51162719726562,97976700
2018-12-13,266.5199890136719,267.489990234375,264.1199951171875,265.3699951171875,235.43177795410156,96662700
2018-12-14,262.9599914550781,264.0299987792969,259.8500061035156,260.4700012207031,231.08453369140625,116961100
2018-12-17,259.3999938964844,260.6499938964844,253.52999877929688,255.36000061035156,226.551025390625,165492300
2018-12-18,257.20001220703125,257.95001220703125,253.27999877929688,255.0800018310547,226.30262756347656,134515100
2018-12-19,255.1699981689453,259.3999938964844,249.35000610351562,251.25999450683594,222.91358947753906,214992800
2018-12-20,249.86000061035156,251.6199951171875,244.64999389648438,247.1699981689453,219.28501892089844,252053400
2018-12-21,246.74000549316406,249.7100067138672,239.97999572753906,240.6999969482422,214.79196166992188,255345600
2018-12-24,239.0399932861328,240.83999633789062,234.27000427246094,234.33999633789062,209.1165008544922,147311600
2018-12-26,235.97000122070312,246.17999267578125,233.75999450683594,246.17999267578125,219.68209838867188,218485400
2018-12-27,242.57000732421875,248.2899932861328,238.9600067138672,248.07000732421875,221.36868286132812,186267300
2018-12-28,249.5800018310547,251.39999389648438,246.4499969482422,247.75,221.0831298828125,153100200
2018-12-31,249.55999755859375,250.19000244140625,247.47000122070312,249.9199981689453,223.0195770263672,144299400
