date,open,high,low,close,adjclose,volume
2010-01-04,46.33000183105469,46.4900016784668,46.27000045776367,46.41999816894531,40.204647064208984,62822800
2010-01-05,46.38999938964844,46.5,46.15999984741211,46.41999816894531,40.204647064208984,62935600
2010-01-06,46.400001525878906,46.54999923706055,46.06999969482422,46.13999938964844,39.962158203125,96033000
2010-01-07,46.209999084472656,46.27000045776367,45.91999816894531,46.16999816894531,39.988128662109375,77094100
2010-01-08,46.06999969482422,46.54999923706055,45.93000030517578,46.54999923706055,40.317283630371094,88886600
2010-01-11,46.61000061035156,46.63999938964844,46.119998931884766,46.36000061035156,40.1526985168457,104673400
2010-01-12,46.08000183105469,46.13999938964844,45.529998779296875,45.779998779296875,39.65033721923828,90673900
2010-01-13,45.91999816894531,46.4900016784668,45.61000061035156,46.349998474121094,40.14402770996094,100661000
2010-01-14,46.2599983215332,46.52000045776367,46.220001220703125,46.38999938964844,40.17868423461914,75209000
2010-01-15,46.470001220703125,46.54999923706055,45.650001525878906,45.849998474121094,39.71098709106445,126849300
2010-01-19,45.959999084472656,46.63999938964844,45.95000076293945,46.59000015258789,40.35190200805664,84388200
2010-01-20,46.2599983215332,46.599998474121094,45.43000030517578,45.91999816894531,39.77162170410156,145680000
2010-01-21,46.04999923706055,46.349998474121094,45.29999923706055,45.4900016784668,39.39919662475586,204939600
2010-01-22,45.34000015258789,45.47999954223633,44.040000915527344,44.15999984741211,38.24726104736328,171098700
2010-01-25,44.43000030517578,44.599998474121094,44.119998931884766,44.310001373291016,38.377174377441406,154218700
2010-01-26,44.2599983215332,44.88999938964844,44.04999923706055,44.349998474121094,38.41180419921875,140816500
2010-01-27,44.27000045776367,44.849998474121094,44.0099983215332,44.70000076293945,38.7149658203125,161632700
2010-01-28,44.400001525878906,44.43000030517578,43.31999969482422,43.54999923706055,37.71894454956055,221439800
2010-01-29,43.90999984741211,44.02000045776367,42.630001068115234,42.790000915527344,37.06069564819336,212099600
2010-02-01,42.900001525878906,43.279998779296875,42.880001068115234,43.2599983215332,37.4677734375,136827100
2010-02-02,43.33000183105469,43.779998779296875,43.029998779296875,43.650001525878906,37.8055534362793,110727700
2010-02-03,43.439998626708984,43.970001220703125,43.41999816894531,43.88999938964844,38.013427734375,93581600
2010-02-04,43.56999969482422,43.65999984741211,42.619998931884766,42.619998931884766,36.91345977783203,151652500
2010-02-05,42.72999954223633,43.02000045776367,42.119998931884766,42.97999954223633,37.22526168823242,213618600
2010-02-08,42.90999984741211,43.18000030517578,42.63999938964844,42.66999816894531,36.95676803588867,94354400
2010-02-09,43.18000030517578,43.5099983215332,42.7599983215332,43.11000061035156,37.337860107421875,118956000
2010-02-10,43.11000061035156,43.310001373291016,42.75,43.02000045776367,37.25990295410156,94102900
2010-02-11,43.029998779296875,43.790000915527344,42.7599983215332,43.66999816894531,37.8228759765625,93050800
2010-02-12,43.279998779296875,43.880001068115234,43.15999984741211,43.7599983215332,37.90083312988281,93938500
2010-02-16,44.08000183105469,44.349998474121094,43.849998474121094,44.31999969482422,38.38583755493164,83861400
2010-02-17,44.52000045776367,44.56999969482422,44.2599983215332,44.56999969482422,38.60237121582031,82691700
2010-02-18,44.540000915527344,44.93000030517578,44.45000076293945,44.849998474121094,38.844871520996094,65752600
2010-02-19,44.72999954223633,45.04999923706055,44.619998931884766,44.83000183105469,38.82756042480469,80416500
2010-02-22,45.0099983215332,45.029998779296875,44.560001373291016,44.7400016784668,38.74961471557617,72055000
2010-02-23,44.709999084472656,44.7400016784668,43.95000076293945,44.15999984741211,38.24726104736328,95814400
2010-02-24,44.38999938964844,44.790000915527344,44.31999969482422,44.61000061035156,38.63700866699219,86591000
2010-02-25,44.13999938964844,44.70000076293945,43.83000183105469,44.599998474121094,38.628360748291016,97961300
2010-02-26,44.59000015258789,44.86000061035156,44.400001525878906,44.7599983215332,38.766929626464844,66222400
2010-03-01,44.959999084472656,45.4900016784668,44.95000076293945,45.40999984741211,39.32989501953125,77290100
2010-03-02,45.56999969482422,45.849998474121094,45.45000076293945,45.54999923706055,39.45115280151367,76368500
2010-03-03,45.65999984741211,45.81999969482422,45.43000030517578,45.599998474121094,39.49446487426758,65735500
2010-03-04,45.630001068115234,45.810001373291016,45.400001525878906,45.75,39.62437438964844,54470900
2010-03-05,46.09000015258789,46.540000915527344,45.9900016784668,46.439998626708984,40.222007751464844,68136300
2010-03-08,46.459999084472656,46.63999938964844,46.439998626708984,46.529998779296875,40.29994201660156,58712400
2010-03-09,46.43000030517578,47.04999923706055,46.400001525878906,46.790000915527344,40.525123596191406,98002800
2010-03-10,46.81999969482422,47.279998779296875,46.79999923706055,47.16999816894531,40.854244232177734,102578900
2010-03-11,47.060001373291016,47.349998474121094,46.97999954223633,47.349998474121094,41.0101432800293,67510300
2010-03-12,47.5,47.529998779296875,47.099998474121094,47.36000061035156,41.0188102722168,64068300
2010-03-15,47.2599983215332,47.380001068115234,46.90999984741211,47.2400016784668,40.91487121582031,60150500
2010-03-16,47.38999938964844,47.61000061035156,47.22999954223633,47.540000915527344,41.174720764160156,74950600
2010-03-17,47.61000061035156,47.900001525878906,47.529998779296875,47.66999816894531,41.28729248046875,75643500
2010-03-18,47.709999084472656,47.880001068115234,47.599998474121094,47.83000183105469,41.425865173339844,77829400
2010-03-19,47.91999816894531,47.95000076293945,47.31999969482422,47.4900016784668,41.17530059814453,86337100
2010-03-22,47.29999923706055,48.11000061035156,47.25,47.91999816894531,41.548126220703125,71902800
2010-03-23,47.9900016784668,48.29999923706055,47.77000045776367,48.25,41.834251403808594,59182600
2010-03-24,48.16999816894531,48.16999816894531,47.90999984741211,48.02000045776367,41.63484191894531,62995700
2010-03-25,48.41999816894531,48.599998474121094,47.900001525878906,47.95000076293945,41.574127197265625,76294800
2010-03-26,48.150001525878906,48.33000183105469,47.7400016784668,48.0,41.61748504638672,78067900
2010-03-29,48.2400016784668,48.400001525878906,48.099998474121094,48.22999954223633,41.816898345947266,57993300
2010-03-30,48.380001068115234,48.54999923706055,48.060001373291016,48.38999938964844,41.95564651489258,49437300
2010-03-31,48.2400016784668,48.45000076293945,48.06999969482422,48.15999984741211,41.7562141418457,59947400
2010-04-01,48.36000061035156,48.70000076293945,47.790000915527344,48.15999984741211,41.7562141418457,83728600
2010-04-05,48.27000045776367,48.720001220703125,48.13999938964844,48.61000061035156,42.14638137817383,56220300
2010-04-06,48.5,48.900001525878906,48.38999938964844,48.75,42.267765045166016,54097100
2010-04-07,48.68000030517578,48.869998931884766,48.369998931884766,48.630001068115234,42.16372299194336,77211500
2010-04-08,48.4900016784668,48.81999969482422,48.2400016784668,48.7400016784668,42.259098052978516,68314300
2010-04-09,48.75,49.04999923706055,48.630001068115234,49.029998779296875,42.510520935058594,54227300
2010-04-12,49.04999923706055,49.20000076293945,48.939998626708984,49.06999969482422,42.54520797729492,44280600
2010-04-13,49.02000045776367,49.349998474121094,48.86000061035156,49.31999969482422,42.76197814941406,59376000
2010-04-14,49.58000183105469,49.91999816894531,49.5,49.90999984741211,43.27352523803711,69004800
2010-04-15,49.869998931884766,50.189998626708984,49.869998931884766,50.130001068115234,43.464271545410156,72254200
2010-04-16,49.95000076293945,50.119998931884766,49.20000076293945,49.529998779296875,42.94404602050781,127388000
2010-04-19,49.349998474121094,49.65999984741211,48.900001525878906,49.5,42.91804122924805,98251700
2010-04-20,49.77000045776367,49.880001068115234,49.43000030517578,49.75,43.134796142578125,69543700
2010-04-21,50.09000015258789,50.189998626708984,49.720001220703125,50.029998779296875,43.37755584716797,74748700
2010-04-22,49.54999923706055,50.36000061035156,49.2599983215332,50.310001373291016,43.62034606933594,110477200
2010-04-23,50.29999923706055,50.56999969482422,50.09000015258789,50.52000045776367,43.802406311035156,77205200
2010-04-26,50.56999969482422,50.650001525878906,50.29999923706055,50.40999984741211,43.70704650878906,67361000
2010-04-27,50.209999084472656,50.43000030517578,49.209999084472656,49.34000015258789,42.77931594848633,112608000
2010-04-28,49.599998474121094,49.630001068115234,48.97999954223633,49.369998931884766,42.80532455444336,130082100
2010-04-29,49.650001525878906,50.33000183105469,49.61000061035156,50.22999954223633,43.55097198486328,84180200
2010-04-30,50.209999084472656,50.290000915527344,49.20000076293945,49.2400016784668,42.692604064941406,110897000
2010-05-03,49.45000076293945,50.16999816894531,49.43000030517578,49.93000030517578,43.29086685180664,74169700
2010-05-04,49.31999969482422,49.31999969482422,48.08000183105469,48.43000030517578,41.99032211303711,141136500
2010-05-05,47.91999816894531,48.5,47.63999938964844,48.18000030517578,41.773555755615234,128560200
2010-05-06,47.849998474121094,48.31999969482422,42.63999938964844,46.56999969482422,40.37763214111328,274356800
2010-05-07,46.220001220703125,46.79999923706055,44.279998779296875,45.40999984741211,39.37186813354492,288200400
2010-05-10,47.43000030517578,47.79999923706055,47.310001373291016,47.77000045776367,41.4180793762207,136041600
2010-05-11,47.290000915527344,48.38999938964844,47.20000076293945,47.720001220703125,41.37472915649414,113016100
2010-05-12,47.97999954223633,48.65999984741211,47.900001525878906,48.619998931884766,42.15503692626953,85462400
2010-05-13,48.40999984741211,48.790000915527344,47.72999954223633,47.849998474121094,41.48743438720703,102844300
2010-05-14,47.4900016784668,47.52000045776367,46.380001068115234,46.93000030517578,40.68976974487305,147386100
2010-05-17,47.02000045776367,47.27000045776367,46.06999969482422,47.08000183105469,40.81983184814453,120969600
2010-05-18,47.47999954223633,47.58000183105469,46.220001220703125,46.43000030517578,40.25624465942383,153072100
2010-05-19,46.2599983215332,46.630001068115234,45.54999923706055,46.060001373291016,39.93544387817383,159000300
2010-05-20,45.15999984741211,45.279998779296875,44.25,44.349998474121094,38.45282745361328,189289800
2010-05-21,43.65999984741211,45.63999938964844,43.4900016784668,44.84000015258789,38.87767791748047,190631100
2010-05-24,44.81999969482422,45.33000183105469,44.63999938964844,44.65999984741211,38.721614837646484,113038000
2010-05-25,43.68000030517578,44.7599983215332,43.22999954223633,44.70000076293945,38.756290435791016,155643000
2010-05-26,45.0099983215332,45.56999969482422,44.119998931884766,44.20000076293945,38.322784423828125,140203200
2010-05-27,45.20000076293945,45.88999938964844,45.09000015258789,45.869998931884766,39.77072525024414,110671600
2010-05-28,45.95000076293945,45.9900016784668,45.20000076293945,45.599998474121094,39.53660583496094,128535300
2010-06-01,45.43000030517578,46.25,45.130001068115234,45.18000030517578,39.17246627807617,104242700
2010-06-02,45.439998626708984,46.279998779296875,45.130001068115234,46.25,40.100189208984375,97249300
2010-06-03,46.380001068115234,46.77000045776367,46.08000183105469,46.689998626708984,40.4816780090332,98928400
2010-06-04,45.70000076293945,46.290000915527344,44.939998626708984,45.09000015258789,39.09443283081055,112849900
2010-06-07,45.31999969482422,45.459999084472656,44.220001220703125,44.27000045776367,38.383460998535156,88436600
2010-06-08,44.349998474121094,44.47999954223633,43.59000015258789,44.189998626708984,38.3140983581543,133030100
2010-06-09,44.5,44.90999984741211,43.689998626708984,43.81999969482422,37.99330139160156,101949200
2010-06-10,44.36000061035156,45.119998931884766,44.2400016784668,45.06999969482422,39.07709503173828,76892300
2010-06-11,44.61000061035156,45.540000915527344,44.61000061035156,45.5,39.44990539550781,74346800
2010-06-14,45.91999816894531,46.2400016784668,45.40999984741211,45.4900016784668,39.441246032714844,68085000
2010-06-15,45.72999954223633,46.77000045776367,45.45000076293945,46.709999084472656,40.4990119934082,76332600
2010-06-16,46.58000183105469,47.13999938964844,46.5,46.900001525878906,40.66376495361328,78399700
2010-06-17,47.15999984741211,47.18000030517578,46.63999938964844,47.04999923706055,40.79380416870117,77111900
2010-06-18,47.04999923706055,47.34000015258789,46.86000061035156,47.0,40.82768249511719,75921400
2010-06-21,47.599998474121094,47.68000030517578,46.33000183105469,46.599998474121094,40.480224609375,95488100
2010-06-22,46.79999923706055,47.13999938964844,46.150001525878906,46.2400016784668,40.16749954223633,94493400
2010-06-23,46.290000915527344,46.470001220703125,45.689998626708984,46.04999923706055,40.00243377685547,92397600
2010-06-24,45.849998474121094,45.9900016784668,45.20000076293945,45.349998474121094,39.394386291503906,114145900
2010-06-25,45.5099983215332,45.65999984741211,44.95000076293945,45.27000045776367,39.4022216796875,88740300
2010-06-28,45.27000045776367,45.54999923706055,44.810001373291016,45.11000061035156,39.2629508972168,71350000
2010-06-29,44.41999816894531,44.459999084472656,43.06999969482422,43.369998931884766,37.74848175048828,136384200
2010-06-30,43.22999954223633,43.66999816894531,42.63999938964844,42.709999084472656,37.174049377441406,101313200
2010-07-01,42.84000015258789,42.959999084472656,41.77000045776367,42.59000015258789,37.06959915161133,158695000
2010-07-02,42.65999984741211,42.81999969482422,42.09000015258789,42.470001220703125,36.965145111083984,78565300
2010-07-06,43.099998474121094,43.369998931884766,42.25,42.599998474121094,37.078285217285156,88591900
2010-07-07,42.7400016784668,44.0099983215332,42.70000076293945,43.959999084472656,38.26200866699219,72448400
2010-07-08,44.310001373291016,44.380001068115234,43.68000030517578,44.20000076293945,38.47091293334961,78264600
2010-07-09,44.18000030517578,44.630001068115234,44.08000183105469,44.619998931884766,38.83647918701172,47851200
2010-07-12,44.58000183105469,45.029998779296875,44.459999084472656,44.75,38.949607849121094,60927500
2010-07-13,45.13999938964844,45.5,44.79999923706055,45.33000183105469,39.454429626464844,93310500
2010-07-14,45.41999816894531,45.810001373291016,45.2400016784668,45.560001373291016,39.65462112426758,87687100
2010-07-15,45.470001220703125,45.7400016784668,44.9900016784668,45.599998474121094,39.68943405151367,95992500
2010-07-16,45.439998626708984,45.630001068115234,44.29999923706055,44.34000015258789,38.59275436401367,98831900
2010-07-19,44.470001220703125,44.810001373291016,44.099998474121094,44.720001220703125,38.923519134521484,81800800
2010-07-20,44.0,45.2599983215332,43.86000061035156,45.2599983215332,39.39350891113281,89061200
2010-07-21,45.7400016784668,45.7599983215332,44.560001373291016,44.63999938964844,38.8538703918457,83577000
2010-07-22,45.27000045776367,45.97999954223633,45.2400016784668,45.77000045776367,39.83740234375,82890300
2010-07-23,45.459999084472656,46.099998474121094,45.380001068115234,46.060001373291016,40.089805603027344,81056100
2010-07-26,46.119998931884766,46.459999084472656,45.90999984741211,46.439998626708984,40.42055130004883,64850900
2010-07-27,46.63999938964844,46.720001220703125,46.209999084472656,46.41999816894531,40.403133392333984,67655600
2010-07-28,46.369998931884766,46.58000183105469,45.880001068115234,46.04999923706055,40.081111907958984,51988200
2010-07-29,46.31999969482422,46.40999984741211,45.25,45.709999084472656,39.785186767578125,85669500
2010-07-30,45.33000183105469,46.09000015258789,45.06999969482422,45.810001373291016,39.872222900390625,98958100
2010-08-02,46.38999938964844,46.790000915527344,46.209999084472656,46.66999816894531,40.62074661254883,68706800
2010-08-03,46.63999938964844,46.70000076293945,46.25,46.470001220703125,40.44666290283203,60856600
2010-08-04,46.68000030517578,46.9900016784668,46.5,46.939998626708984,40.85575866699219,43820600
2010-08-05,46.709999084472656,46.91999816894531,46.52000045776367,46.83000183105469,40.760013580322266,39150200
2010-08-06,46.31999969482422,46.849998474121094,46.04999923706055,46.7599983215332,40.6990852355957,71339200
2010-08-09,47.0,47.189998626708984,46.790000915527344,47.08000183105469,40.977603912353516,26927600
2010-08-10,46.70000076293945,46.95000076293945,46.279998779296875,46.66999816894531,40.62074661254883,86694500
2010-08-11,45.900001525878906,45.91999816894531,45.209999084472656,45.400001525878906,39.51537322998047,92219700
2010-08-12,44.529998779296875,45.2400016784668,44.45000076293945,45.040000915527344,39.2020263671875,66000200
2010-08-13,44.869998931884766,45.060001373291016,44.709999084472656,44.720001220703125,38.923519134521484,46387300
2010-08-16,44.5,45.11000061035156,44.29999923706055,44.79999923706055,38.99312973022461,55472900
2010-08-17,45.119998931884766,45.779998779296875,45.029998779296875,45.369998931884766,39.489261627197266,56927100
2010-08-18,45.279998779296875,45.81999969482422,45.11000061035156,45.54999923706055,39.64592361450195,61835400
2010-08-19,45.279998779296875,45.459999084472656,44.560001373291016,44.86000061035156,39.04535675048828,82969500
2010-08-20,44.790000915527344,45.029998779296875,44.540000915527344,44.91999816894531,39.09758377075195,65806700
2010-08-23,45.20000076293945,45.34000015258789,44.459999084472656,44.47999954223633,38.71461486816406,69612200
2010-08-24,43.970001220703125,44.119998931884766,43.470001220703125,43.650001525878906,37.9921875,79095800
2010-08-25,43.34000015258789,44.2599983215332,43.27000045776367,44.06999969482422,38.35775375366211,87247900
2010-08-26,44.220001220703125,44.31999969482422,43.5,43.540000915527344,37.896446228027344,91199000
2010-08-27,43.86000061035156,44.15999984741211,42.970001220703125,44.06999969482422,38.35775375366211,109568800
2010-08-30,43.86000061035156,44.25,43.599998474121094,43.61000061035156,37.957374572753906,49373200
2010-08-31,43.380001068115234,43.849998474121094,43.18000030517578,43.459999084472656,37.826820373535156,72066900
2010-09-01,44.099998474121094,44.90999984741211,44.06999969482422,44.7599983215332,38.95831298828125,83523100
2010-09-02,44.84000015258789,45.279998779296875,44.72999954223633,45.2599983215332,39.39350891113281,41816800
2010-09-03,45.7599983215332,46.02000045776367,45.54999923706055,46.0099983215332,40.046295166015625,64041100
2010-09-07,45.81999969482422,46.029998779296875,45.630001068115234,45.70000076293945,39.77647399902344,51195200
2010-09-08,45.83000183105469,46.45000076293945,45.81999969482422,46.25,40.25518035888672,66879800
2010-09-09,46.65999984741211,46.70000076293945,46.31999969482422,46.43000030517578,40.411861419677734,61476400
2010-09-10,46.47999954223633,46.66999816894531,46.25,46.599998474121094,40.55980682373047,66995700
2010-09-13,46.959999084472656,47.369998931884766,46.939998626708984,47.25,41.125587463378906,64523400
2010-09-14,47.189998626708984,47.70000076293945,47.08000183105469,47.45000076293945,41.29965591430664,91405800
2010-09-15,47.33000183105469,47.79999923706055,47.189998626708984,47.75,41.56076431274414,67108200
2010-09-16,47.65999984741211,47.97999954223633,47.540000915527344,47.939998626708984,41.72612762451172,66885800
2010-09-17,48.13999938964844,48.13999938964844,47.75,47.9900016784668,41.867454528808594,76372600
2010-09-20,48.16999816894531,48.93000030517578,48.11000061035156,48.83000183105469,42.600311279296875,84475000
2010-09-21,48.86000061035156,49.16999816894531,48.61000061035156,48.81999969482422,42.591583251953125,82272000
2010-09-22,48.619998931884766,49.02000045776367,48.41999816894531,48.689998626708984,42.4781494140625,88315900
2010-09-23,48.369998931884766,49.15999984741211,48.31999969482422,48.66999816894531,42.4607048034668,85040000
2010-09-24,49.220001220703125,49.689998626708984,49.150001525878906,49.65999984741211,43.32441329956055,79495900
2010-09-27,49.630001068115234,49.75,49.349998474121094,49.38999938964844,43.08885955810547,43859800
2010-09-28,49.5099983215332,49.540000915527344,48.59000015258789,49.369998931884766,43.071414947509766,104922900
2010-09-29,49.29999923706055,49.529998779296875,49.11000061035156,49.290000915527344,43.00160598754883,81679200
2010-09-30,49.540000915527344,49.84000015258789,48.75,49.06999969482422,42.809669494628906,122458600
2010-10-01,49.47999954223633,49.529998779296875,48.779998779296875,49.0099983215332,42.757320404052734,77675400
2010-10-04,48.869998931884766,49.04999923706055,48.20000076293945,48.47999954223633,42.29494857788086,71359900
2010-10-05,49.029998779296875,49.7599983215332,49.0,49.65999984741211,43.32441329956055,99301300
2010-10-06,49.599998474121094,49.709999084472656,48.90999984741211,49.22999954223633,42.94926071166992,81831200
2010-10-07,49.5099983215332,49.540000915527344,49.0,49.40999984741211,43.10628890991211,75693300
2010-10-08,49.43000030517578,49.869998931884766,49.08000183105469,49.75,43.40292739868164,83223900
2010-10-11,49.779998779296875,50.02000045776367,49.619998931884766,49.77000045776367,43.420379638671875,46880000
2010-10-12,49.689998626708984,50.209999084472656,49.2599983215332,50.11000061035156,43.71700668334961,88571700
2010-10-13,50.43000030517578,50.75,50.279998779296875,50.52000045776367,44.074676513671875,71122900
2010-10-14,50.54999923706055,50.63999938964844,50.16999816894531,50.41999816894531,43.987430572509766,68464000
2010-10-15,51.040000915527344,51.5,50.630001068115234,51.4900016784668,44.92093276977539,104654000
2010-10-18,51.5,51.720001220703125,51.29999923706055,51.29999923706055,44.75518798828125,72399400
2010-10-19,50.81999969482422,51.29999923706055,50.41999816894531,50.81999969482422,44.33641815185547,105739800
2010-10-20,50.959999084472656,51.56999969482422,50.869998931884766,51.189998626708984,44.659217834472656,80861400
2010-10-21,51.5099983215332,51.709999084472656,50.790000915527344,51.290000915527344,44.74646759033203,85885400
2010-10-22,51.29999923706055,51.689998626708984,51.209999084472656,51.63999938964844,45.051788330078125,47406900
2010-10-25,51.849998474121094,52.22999954223633,51.849998474121094,51.88999938964844,45.2698974609375,51413900
2010-10-26,51.630001068115234,52.150001525878906,51.41999816894531,52.029998779296875,45.39204406738281,60498300
2010-10-27,51.7599983215332,52.22999954223633,51.65999984741211,52.189998626708984,45.531620025634766,57483400
2010-10-28,52.40999984741211,52.45000076293945,51.84000015258789,52.29999923706055,45.627601623535156,61220000
2010-10-29,52.29999923706055,52.4900016784668,52.16999816894531,52.18000030517578,45.52290344238281,46668700
2010-11-01,52.369998931884766,52.75,51.97999954223633,52.220001220703125,45.55781936645508,60555600
2010-11-02,52.650001525878906,52.93000030517578,52.58000183105469,52.779998779296875,46.04636001586914,48137500
2010-11-03,52.83000183105469,53.040000915527344,52.36000061035156,53.02000045776367,46.25574493408203,126225800
2010-11-04,53.599998474121094,53.86000061035156,53.5,53.66999816894531,46.82282638549805,84201000
2010-11-05,53.70000076293945,53.810001373291016,53.5099983215332,53.66999816894531,46.82282638549805,77937100
2010-11-08,53.58000183105469,53.83000183105469,53.45000076293945,53.7400016784668,46.883880615234375,39623500
2010-11-09,53.95000076293945,54.040000915527344,53.209999084472656,53.45000076293945,46.63089370727539,66828700
2010-11-10,53.52000045776367,53.77000045776367,53.099998474121094,53.720001220703125,46.86643981933594,83553700
2010-11-11,52.90999984741211,53.47999954223633,52.65999984741211,53.380001068115234,46.56982421875,85163600
2010-11-12,53.099998474121094,53.369998931884766,52.11000061035156,52.5099983215332,45.81081008911133,99164300
2010-11-15,52.779998779296875,52.880001068115234,52.290000915527344,52.310001373291016,45.6363410949707,56723400
2010-11-16,51.939998626708984,52.25,50.849998474121094,51.45000076293945,44.88605499267578,101097000
2010-11-17,51.47999954223633,51.869998931884766,51.349998474121094,51.599998474121094,45.01689910888672,77836200
2010-11-18,52.15999984741211,52.790000915527344,52.130001068115234,52.43000030517578,45.74101257324219,71488300
2010-11-19,52.36000061035156,52.59000015258789,52.13999938964844,52.470001220703125,45.77592086791992,54506100
2010-11-22,52.2599983215332,52.90999984741211,52.16999816894531,52.90999984741211,46.1597900390625,69918900
2010-11-23,52.369998931884766,52.45000076293945,51.77000045776367,52.06999969482422,45.42693328857422,76818300
2010-11-24,52.58000183105469,53.25,52.560001373291016,53.119998931884766,46.342987060546875,53444200
2010-11-26,52.779998779296875,53.130001068115234,52.66999816894531,52.77000045776367,46.03763198852539,23640300
2010-11-29,52.70000076293945,52.900001525878906,52.099998474121094,52.72999954223633,46.002742767333984,89269100
2010-11-30,52.18000030517578,52.7400016784668,51.880001068115234,52.09000015258789,45.444393157958984,118862100
2010-12-01,52.86000061035156,53.459999084472656,52.84000015258789,53.189998626708984,46.404052734375,81758800
2010-12-02,53.27000045776367,53.810001373291016,53.209999084472656,53.72999954223633,46.87517166137695,56844600
2010-12-03,53.5,53.939998626708984,53.5,53.869998931884766,46.99729919433594,38014200
2010-12-06,53.880001068115234,53.95000076293945,53.68000030517578,53.849998474121094,46.979854583740234,39312000
2010-12-07,54.5,54.52000045776367,53.81999969482422,53.880001068115234,47.00603103637695,59067300
2010-12-08,54.02000045776367,54.150001525878906,53.689998626708984,54.08000183105469,47.18048858642578,48066900
2010-12-09,54.40999984741211,54.439998626708984,53.95000076293945,54.130001068115234,47.22412872314453,51679800
2010-12-10,54.290000915527344,54.54999923706055,54.09000015258789,54.4900016784668,47.53818893432617,44696200
2010-12-13,54.70000076293945,54.7400016784668,54.27000045776367,54.29999923706055,47.372432708740234,53110200
2010-12-14,54.439998626708984,54.619998931884766,54.22999954223633,54.400001525878906,47.459678649902344,69884800
2010-12-15,54.369998931884766,54.70000076293945,54.029998779296875,54.15999984741211,47.25028991699219,76951900
2010-12-16,54.209999084472656,54.65999984741211,54.060001373291016,54.58000183105469,47.6167106628418,65519400
2010-12-17,54.540000915527344,54.68000030517578,54.40999984741211,54.52000045776367,47.658668518066406,36844200
2010-12-20,54.619998931884766,54.7599983215332,54.15999984741211,54.560001373291016,47.69363021850586,48159600
2010-12-21,54.77000045776367,54.88999938964844,54.619998931884766,54.88999938964844,47.982120513916016,35775400
2010-12-22,54.869998931884766,54.959999084472656,54.790000915527344,54.880001068115234,47.973388671875,35766500
2010-12-23,54.779998779296875,54.869998931884766,54.61000061035156,54.7400016784668,47.85100173950195,21664800
2010-12-27,54.58000183105469,54.86000061035156,54.209999084472656,54.77000045776367,47.87721633911133,29263700
2010-12-28,54.880001068115234,54.91999816894531,54.54999923706055,54.66999816894531,47.789817810058594,24160500
2010-12-29,54.81999969482422,54.900001525878906,54.72999954223633,54.790000915527344,47.89470291137695,24132700
2010-12-30,54.790000915527344,54.79999923706055,54.54999923706055,54.65999984741211,47.78105926513672,27553300
2010-12-31,54.59000015258789,54.619998931884766,54.209999084472656,54.459999084472656,47.60621643066406,38540100
2011-01-03,54.970001220703125,55.689998626708984,54.95000076293945,55.310001373291016,48.3492546081543,90994300
2011-01-04,55.5099983215332,55.54999923706055,54.91999816894531,55.27000045776367,48.31428146362305,43851500
2011-01-05,55.099998474121094,55.7599983215332,55.06999969482422,55.7400016784668,48.725154876708984,43787400
2011-01-06,55.79999923706055,55.959999084472656,55.68000030517578,55.91999816894531,48.88249588012695,46139600
2011-01-07,56.02000045776367,56.04999923706055,55.31999969482422,55.869998931884766,48.83877944946289,72261700
2011-01-10,55.75,56.18000030517578,55.58000183105469,56.08000183105469,49.02236557006836,55551800
2011-01-11,56.310001373291016,56.36000061035156,55.95000076293945,56.15999984741211,49.092288970947266,56663800
2011-01-12,56.43000030517578,56.560001373291016,56.20000076293945,56.560001373291016,49.44194793701172,51979300
2011-01-13,56.599998474121094,56.72999954223633,56.40999984741211,56.58000183105469,49.45942687988281,47364500
2011-01-14,56.599998474121094,57.02000045776367,56.459999084472656,57.0,49.82655715942383,43867400
2011-01-18,56.56999969482422,57.22999954223633,56.4900016784668,57.15999984741211,49.96642303466797,65805600
2011-01-19,57.2599983215332,57.2599983215332,56.31999969482422,56.5099983215332,49.398231506347656,67767200
2011-01-20,56.27000045776367,56.349998474121094,55.68000030517578,56.11000061035156,49.048580169677734,92357800
2011-01-21,56.38999938964844,56.4900016784668,55.650001525878906,55.68000030517578,48.672691345214844,59673300
2011-01-24,55.790000915527344,56.459999084472656,55.68000030517578,56.45000076293945,49.34579086303711,64103300
2011-01-25,56.16999816894531,56.54999923706055,56.04999923706055,56.529998779296875,49.41571807861328,55305100
2011-01-26,56.61000061035156,56.97999954223633,56.45000076293945,56.83000183105469,49.67795944213867,60547700
2011-01-27,57.0099983215332,57.349998474121094,56.91999816894531,57.18000030517578,49.983909606933594,53656100
2011-01-28,57.16999816894531,57.220001220703125,55.470001220703125,55.72999954223633,48.71638488769531,123359900
2011-01-31,55.810001373291016,56.15999984741211,55.38999938964844,56.0,48.95241165161133,70571300
2011-02-01,56.41999816894531,57.18000030517578,56.36000061035156,57.04999923706055,49.870262145996094,76952900
2011-02-02,56.93000030517578,57.16999816894531,56.84000015258789,56.959999084472656,49.791603088378906,48661000
2011-02-03,56.849998474121094,57.13999938964844,56.400001525878906,57.060001373291016,49.87900924682617,45341900
2011-02-04,57.04999923706055,57.41999816894531,56.900001525878906,57.380001068115234,50.15874481201172,47647800
2011-02-07,57.4900016784668,57.970001220703125,57.400001525878906,57.650001525878906,50.39475631713867,45627100
2011-02-08,57.66999816894531,58.06999969482422,57.560001373291016,58.029998779296875,50.726932525634766,38099900
2011-02-09,57.939998626708984,58.119998931884766,57.75,57.93000030517578,50.639522552490234,62540800
2011-02-10,57.54999923706055,58.099998474121094,57.4900016784668,58.02000045776367,50.71820068359375,70194700
2011-02-11,57.849998474121094,58.47999954223633,57.77000045776367,58.439998626708984,51.0853385925293,47853500
2011-02-14,58.439998626708984,58.65999984741211,58.380001068115234,58.58000183105469,51.20774459838867,48506100
2011-02-15,58.439998626708984,58.56999969482422,58.22999954223633,58.5,51.13779830932617,39723800
2011-02-16,58.650001525878906,59.040000915527344,58.630001068115234,58.880001068115234,51.46997833251953,53061700
2011-02-17,58.59000015258789,58.970001220703125,58.54999923706055,58.86000061035156,51.4525032043457,38361900
2011-02-18,58.86000061035156,58.970001220703125,58.5099983215332,58.72999954223633,51.33884811401367,44334300
2011-02-22,57.93000030517578,58.130001068115234,56.939998626708984,57.029998779296875,49.852779388427734,92598100
2011-02-23,57.029998779296875,57.22999954223633,56.130001068115234,56.560001373291016,49.44194793701172,97842900
2011-02-24,56.68000030517578,57.029998779296875,56.13999938964844,56.86000061035156,49.704193115234375,98716100
2011-02-25,57.18000030517578,57.720001220703125,57.119998931884766,57.650001525878906,50.39475631713867,54094600
2011-02-28,57.880001068115234,58.04999923706055,57.43000030517578,57.77000045776367,50.49966812133789,51402800
2011-03-01,58.02000045776367,58.02000045776367,56.70000076293945,56.84000015258789,49.686702728271484,91993900
2011-03-02,56.810001373291016,57.5099983215332,56.790000915527344,57.13999938964844,49.94895553588867,61552900
2011-03-03,57.66999816894531,58.369998931884766,57.66999816894531,58.27000045776367,50.93674087524414,64146600
2011-03-04,58.25,58.2599983215332,57.59000015258789,57.970001220703125,50.67449188232422,62328400
2011-03-07,58.209999084472656,58.2599983215332,56.66999816894531,57.189998626708984,49.992652893066406,98470000
2011-03-08,57.119998931884766,57.68000030517578,56.77000045776367,57.41999816894531,50.19371795654297,62399100
2011-03-09,57.209999084472656,57.27000045776367,56.720001220703125,57.029998779296875,49.852779388427734,84764200
2011-03-10,56.38999938964844,56.52000045776367,55.90999984741211,56.13999938964844,49.07479476928711,102894400
2011-03-11,55.81999969482422,56.65999984741211,55.81999969482422,56.4900016784668,49.38075637817383,81679400
2011-03-14,56.18000030517578,56.59000015258789,55.86000061035156,56.290000915527344,49.2059211730957,73565800
2011-03-15,54.63999938964844,55.81999969482422,54.470001220703125,55.4900016784668,48.506591796875,101276500
2011-03-16,55.029998779296875,55.34000015258789,53.77000045776367,54.150001525878906,47.335227966308594,176507700
2011-03-17,55.0099983215332,55.2400016784668,54.130001068115234,54.650001525878906,47.772315979003906,94434500
2011-03-18,55.220001220703125,55.220001220703125,54.40999984741211,54.45000076293945,47.664649963378906,94887200
2011-03-21,55.279998779296875,55.779998779296875,54.5,55.5,48.58380126953125,57423000
2011-03-22,55.58000183105469,55.61000061035156,55.279998779296875,55.400001525878906,48.49625778198242,36162100
2011-03-23,55.20000076293945,55.869998931884766,54.81999969482422,55.709999084472656,48.767616271972656,60365100
2011-03-24,56.130001068115234,56.81999969482422,55.81999969482422,56.70000076293945,49.63423538208008,69502400
2011-03-25,56.880001068115234,57.220001220703125,56.72999954223633,56.84000015258789,49.756813049316406,74131100
2011-03-28,57.09000015258789,57.099998474121094,56.5,56.529998779296875,49.485443115234375,37824000
2011-03-29,56.400001525878906,57.08000183105469,56.22999954223633,57.08000183105469,49.96690368652344,47994800
2011-03-30,57.36000061035156,57.43000030517578,57.08000183105469,57.349998474121094,50.20325469970703,44935900
2011-03-31,57.25,57.47999954223633,57.150001525878906,57.43000030517578,50.27329635620117,50004300
2011-04-01,57.720001220703125,57.900001525878906,57.290000915527344,57.459999084472656,50.2995491027832,68031800
2011-04-04,57.619998931884766,57.68000030517578,57.02000045776367,57.27000045776367,50.13323211669922,48659100
2011-04-05,57.15999984741211,57.4900016784668,57.0,57.119998931884766,50.00192642211914,55349400
2011-04-06,57.560001373291016,57.72999954223633,56.93000030517578,57.2599983215332,50.12445831298828,49532100
2011-04-07,57.2400016784668,57.599998474121094,56.810001373291016,57.220001220703125,50.08945083618164,60697000
2011-04-08,57.47999954223633,57.56999969482422,56.650001525878906,56.95000076293945,49.85310745239258,42782200
2011-04-11,57.16999816894531,57.290000915527344,56.560001373291016,56.7599983215332,49.68678283691406,42451700
2011-04-12,56.5,56.63999938964844,56.150001525878906,56.369998931884766,49.34538269042969,50422800
2011-04-13,56.790000915527344,57.0,56.400001525878906,56.849998474121094,49.765567779541016,49979800
2011-04-14,56.459999084472656,56.83000183105469,56.22999954223633,56.75,49.67802810668945,53544100
2011-04-15,56.529998779296875,56.869998931884766,56.279998779296875,56.650001525878906,49.59048080444336,68530000
2011-04-18,56.08000183105469,56.27000045776367,55.31999969482422,56.25,49.2403450012207,69065000
2011-04-19,56.400001525878906,56.599998474121094,56.099998474121094,56.599998474121094,49.54670333862305,38608400
2011-04-20,57.599998474121094,57.939998626708984,57.529998779296875,57.880001068115234,50.66722106933594,67397500
2011-04-21,58.439998626708984,58.470001220703125,58.15999984741211,58.34000015258789,51.069889068603516,43666800
2011-04-25,58.38999938964844,58.52000045776367,58.279998779296875,58.4900016784668,51.20119857788086,25376800
2011-04-26,58.63999938964844,59.029998779296875,58.5099983215332,58.81999969482422,51.490074157714844,49400000
2011-04-27,58.93000030517578,59.290000915527344,58.65999984741211,59.220001220703125,51.8402214050293,56465500
2011-04-28,59.040000915527344,59.22999954223633,58.880001068115234,59.130001068115234,51.76145553588867,48100000
2011-04-29,59.02000045776367,59.290000915527344,58.97999954223633,59.08000183105469,51.71767044067383,44831200
2011-05-02,59.16999816894531,59.34000015258789,58.81999969482422,58.970001220703125,51.621376037597656,48149400
2011-05-03,58.939998626708984,59.0,58.33000183105469,58.689998626708984,51.37627410888672,38100000
2011-05-04,58.720001220703125,58.869998931884766,58.11000061035156,58.599998474121094,51.2974967956543,53097200
2011-05-05,58.310001373291016,58.970001220703125,58.08000183105469,58.279998779296875,51.01736831665039,72200000
2011-05-06,58.86000061035156,59.20000076293945,58.310001373291016,58.470001220703125,51.183677673339844,72507000
2011-05-09,58.56999969482422,58.91999816894531,58.34000015258789,58.689998626708984,51.37627410888672,40022000
2011-05-10,58.86000061035156,59.279998779296875,58.779998779296875,59.189998626708984,51.81396484375,38053600
2011-05-11,59.099998474121094,59.310001373291016,58.36000061035156,58.7599983215332,51.43753433227539,61900000
2011-05-12,58.58000183105469,59.189998626708984,58.2400016784668,59.11000061035156,51.74392318725586,66100000
2011-05-13,58.970001220703125,59.06999969482422,58.38999938964844,58.40999984741211,51.131160736083984,63506600
2011-05-16,58.13999938964844,58.31999969482422,57.27000045776367,57.400001525878906,50.247039794921875,73115300
2011-05-17,57.099998474121094,57.56999969482422,56.97999954223633,57.560001373291016,50.3870849609375,63136000
2011-05-18,57.47999954223633,58.13999938964844,57.40999984741211,58.040000915527344,50.80726623535156,42351100
2011-05-19,58.220001220703125,58.34000015258789,57.849998474121094,58.209999084472656,50.956085205078125,35015800
2011-05-20,58.150001525878906,58.209999084472656,57.689998626708984,57.77000045776367,50.5709228515625,44703300
2011-05-23,56.97999954223633,57.150001525878906,56.650001525878906,56.91999816894531,49.82685089111328,43700000
2011-05-24,57.060001373291016,57.06999969482422,56.560001373291016,56.56999969482422,49.52046585083008,39314800
2011-05-25,56.5,57.060001373291016,56.470001220703125,56.790000915527344,49.71303176879883,41369000
2011-05-26,56.619998931884766,57.29999923706055,56.61000061035156,57.13999938964844,50.01942825317383,40564100
2011-05-27,57.2400016784668,57.4900016784668,57.189998626708984,57.43000030517578,50.27329635620117,30127200
2011-05-31,57.970001220703125,58.36000061035156,57.66999816894531,58.36000061035156,51.0873908996582,47590100
2011-06-01,58.220001220703125,58.36000061035156,57.040000915527344,57.09000015258789,49.97567367553711,51795000
2011-06-02,57.20000076293945,57.40999984741211,56.88999938964844,57.209999084472656,50.080711364746094,50198100
2011-06-03,56.54999923706055,56.9900016784668,56.27000045776367,56.349998474121094,49.327877044677734,57773700
2011-06-06,56.220001220703125,56.529998779296875,55.86000061035156,55.88999938964844,48.92519760131836,50175600
2011-06-07,56.040000915527344,56.2599983215332,55.75,55.790000915527344,48.83766174316406,46311100
2011-06-08,55.66999816894531,55.77000045776367,55.22999954223633,55.38999938964844,48.48751449584961,46426400
2011-06-09,55.40999984741211,55.7599983215332,55.22999954223633,55.4900016784668,48.57503128051758,45307500
2011-06-10,55.22999954223633,55.34000015258789,54.59000015258789,54.63999938964844,47.83095932006836,53740600
2011-06-13,54.66999816894531,54.93000030517578,54.45000076293945,54.63999938964844,47.83095932006836,37736800
2011-06-14,55.060001373291016,55.470001220703125,55.029998779296875,55.34000015258789,48.443729400634766,40565300
2011-06-15,54.810001373291016,55.150001525878906,54.18000030517578,54.290000915527344,47.52457809448242,59022400
2011-06-16,54.31999969482422,54.5,53.619998931884766,54.08000183105469,47.34075927734375,66316200
2011-06-17,54.400001525878906,54.599998474121094,53.630001068115234,53.790000915527344,47.192466735839844,70337000
2011-06-20,53.63999938964844,54.22999954223633,53.63999938964844,54.06999969482422,47.438140869140625,37402900
2011-06-21,54.2599983215332,55.290000915527344,54.029998779296875,55.22999954223633,48.45587158203125,55892800
2011-06-22,55.0,55.31999969482422,54.81999969482422,54.83000183105469,48.104915618896484,36833300
2011-06-23,54.2400016784668,55.369998931884766,54.060001373291016,55.34000015258789,48.552371978759766,80743300
2011-06-24,55.08000183105469,55.130001068115234,54.27000045776367,54.380001068115234,47.71012496948242,56298300
2011-06-27,54.439998626708984,55.529998779296875,54.31999969482422,55.25,48.47340774536133,49968900
2011-06-28,55.369998931884766,56.08000183105469,55.290000915527344,56.06999969482422,49.19282913208008,47028800
2011-06-29,56.20000076293945,56.40999984741211,55.900001525878906,56.29999923706055,49.394630432128906,65407300
2011-06-30,56.5,57.09000015258789,56.470001220703125,57.04999923706055,50.0526237487793,50347200
2011-07-01,57.08000183105469,57.9900016784668,56.91999816894531,57.90999984741211,50.807151794433594,53203900
2011-07-05,57.970001220703125,58.2599983215332,57.83000183105469,58.20000076293945,51.06157684326172,43128800
2011-07-06,58.130001068115234,58.4900016784668,57.939998626708984,58.38999938964844,51.22826385498047,49282700
2011-07-07,58.83000183105469,59.36000061035156,58.7400016784668,59.189998626708984,51.930152893066406,54799800
2011-07-08,58.68000030517578,59.040000915527344,58.369998931884766,59.029998779296875,51.78976821899414,69519500
2011-07-11,58.40999984741211,58.709999084472656,57.7599983215332,57.959999084472656,50.851016998291016,52080800
2011-07-12,57.95000076293945,58.06999969482422,57.459999084472656,57.52000045776367,50.464988708496094,84000700
2011-07-13,57.939998626708984,58.34000015258789,57.54999923706055,57.7599983215332,50.67552947998047,82378100
2011-07-14,57.90999984741211,58.18000030517578,56.869998931884766,57.09000015258789,50.08773422241211,98774200
2011-07-15,57.72999954223633,57.849998474121094,57.310001373291016,57.849998474121094,50.75450134277344,68281500
2011-07-18,57.529998779296875,57.790000915527344,56.97999954223633,57.540000915527344,50.48252487182617,59512200
2011-07-19,58.09000015258789,58.900001525878906,58.09000015258789,58.849998474121094,51.63185119628906,73904600
2011-07-20,59.18000030517578,59.189998626708984,58.5,58.599998474121094,51.41252899169922,57085500
2011-07-21,58.65999984741211,59.31999969482422,58.34000015258789,58.9900016784668,51.75468444824219,70148800
2011-07-22,58.959999084472656,59.70000076293945,58.91999816894531,59.599998474121094,52.289859771728516,43620400
2011-07-25,59.130001068115234,59.810001373291016,59.02000045776367,59.47999954223633,52.18458938598633,48916100
2011-07-26,59.439998626708984,59.83000183105469,59.31999969482422,59.630001068115234,52.316192626953125,40918900
2011-07-27,59.2400016784668,59.290000915527344,57.939998626708984,58.09000015258789,50.96507263183594,83969500
2011-07-28,58.119998931884766,58.93000030517578,57.88999938964844,58.189998626708984,51.05281066894531,61031900
2011-07-29,57.720001220703125,58.61000061035156,57.439998626708984,58.0,50.886085510253906,82860500
2011-08-01,58.70000076293945,58.81999969482422,57.029998779296875,57.72999954223633,50.649208068847656,85421100
2011-08-02,57.459999084472656,57.720001220703125,56.209999084472656,56.27000045776367,49.36830139160156,90853300
2011-08-03,56.34000015258789,56.880001068115234,55.349998474121094,56.810001373291016,49.84208679199219,103612300
2011-08-04,56.0,56.09000015258789,54.16999816894531,54.16999816894531,47.5258903503418,132830000
2011-08-05,54.720001220703125,55.029998779296875,52.31999969482422,53.83000183105469,47.22759246826172,214111800
2011-08-08,52.18000030517578,53.119998931884766,50.59000015258789,50.59000015258789,44.384986877441406,204804500
2011-08-09,51.349998474121094,53.08000183105469,49.93000030517578,53.029998779296875,46.525691986083984,193707100
2011-08-10,51.83000183105469,53.040000915527344,50.79999923706055,50.86000061035156,44.621864318847656,205917900
2011-08-11,51.59000015258789,53.689998626708984,51.34000015258789,53.099998474121094,46.587120056152344,143825300
2011-08-12,53.43000030517578,53.900001525878906,52.880001068115234,53.56999969482422,46.99945831298828,90483300
2011-08-15,53.790000915527344,54.36000061035156,53.529998779296875,54.36000061035156,47.69257354736328,73554300
2011-08-16,53.83000183105469,54.349998474121094,53.18000030517578,53.900001525878906,47.28898620605469,89219200
2011-08-17,53.970001220703125,54.41999816894531,53.02000045776367,53.58000183105469,47.00823974609375,84416600
2011-08-18,52.130001068115234,52.13999938964844,50.47999954223633,50.95000076293945,44.700828552246094,130019400
2011-08-19,50.41999816894531,51.66999816894531,49.9900016784668,50.029998779296875,43.893646240234375,96674600
2011-08-22,51.22999954223633,51.2400016784668,50.060001373291016,50.209999084472656,44.05157470703125,77107700
2011-08-23,50.54999923706055,52.279998779296875,50.34000015258789,52.279998779296875,45.86769104003906,75688400
2011-08-24,52.130001068115234,52.790000915527344,51.709999084472656,52.689998626708984,46.22740936279297,80197700
2011-08-25,52.65999984741211,52.900001525878906,51.650001525878906,51.83000183105469,45.47288513183594,93623700
2011-08-26,51.65999984741211,53.310001373291016,51.150001525878906,53.130001068115234,46.61343002319336,91573300
2011-08-29,53.65999984741211,54.66999816894531,53.63999938964844,54.61000061035156,47.91190719604492,45985800
2011-08-30,54.40999984741211,55.29999923706055,54.11000061035156,54.970001220703125,48.22774887084961,61617900
2011-08-31,55.29999923706055,55.7400016784668,54.599998474121094,55.060001373291016,48.30672073364258,60900400
2011-09-01,55.20000076293945,55.63999938964844,54.459999084472656,54.560001373291016,47.8680305480957,57158400
2011-09-02,53.58000183105469,54.61000061035156,52.9900016784668,53.279998779296875,46.74504089355469,58185700
2011-09-06,52.040000915527344,53.369998931884766,51.90999984741211,53.290000915527344,46.75380325317383,52992200
2011-09-07,54.04999923706055,54.650001525878906,53.900001525878906,54.63999938964844,47.93822479248047,48952200
2011-09-08,54.36000061035156,55.16999816894531,54.209999084472656,54.38999938964844,47.71889114379883,61422800
2011-09-09,54.0099983215332,54.2400016784668,52.849998474121094,53.18000030517578,46.65730285644531,63663500
2011-09-12,52.59000015258789,53.900001525878906,52.56999969482422,53.86000061035156,47.25389862060547,65973000
2011-09-13,54.060001373291016,54.689998626708984,53.79999923706055,54.58000183105469,47.88558578491211,59020000
2011-09-14,54.86000061035156,55.97999954223633,54.31999969482422,55.36000061035156,48.56991958618164,90757300
2011-09-15,55.959999084472656,56.279998779296875,55.38999938964844,56.18000030517578,49.289337158203125,83536100
2011-09-16,56.20000076293945,56.650001525878906,56.09000015258789,56.59000015258789,49.74113464355469,91902100
2011-09-19,55.88999938964844,56.90999984741211,55.43000030517578,56.61000061035156,49.75870895385742,73042900
2011-09-20,56.900001525878906,57.349998474121094,56.22999954223633,56.36000061035156,49.53895950317383,66570100
2011-09-21,56.650001525878906,56.93000030517578,55.369998931884766,55.380001068115234,48.677574157714844,79938000
2011-09-22,53.970001220703125,54.459999084472656,52.75,53.58000183105469,47.09541320800781,151885500
2011-09-23,53.130001068115234,54.380001068115234,53.09000015258789,54.150001525878906,47.59644317626953,85940600
2011-09-26,54.41999816894531,54.880001068115234,53.209999084472656,54.779998779296875,48.150184631347656,96261400
2011-09-27,55.709999084472656,56.20000076293945,54.97999954223633,55.349998474121094,48.651206970214844,81148600
2011-09-28,55.59000015258789,55.970001220703125,54.400001525878906,54.529998779296875,47.930458068847656,76757100
2011-09-29,55.36000061035156,55.43000030517578,52.970001220703125,53.880001068115234,47.35908889770508,116900200
2011-09-30,53.15999984741211,53.61000061035156,52.459999084472656,52.4900016784668,46.1373405456543,104870100
2011-10-03,52.02000045776367,52.849998474121094,51.11000061035156,51.13999938964844,44.950714111328125,99149500
2011-10-04,50.619998931884766,52.290000915527344,50.099998474121094,52.189998626708984,45.8736457824707,137013700
2011-10-05,52.060001373291016,53.68000030517578,51.65999984741211,53.529998779296875,47.05147933959961,108825700
2011-10-06,53.459999084472656,54.439998626708984,53.209999084472656,54.43000030517578,47.84255599975586,71939200
2011-10-07,54.400001525878906,54.65999984741211,53.720001220703125,54.06999969482422,47.5261116027832,72525200
2011-10-10,54.9900016784668,55.939998626708984,54.88999938964844,55.939998626708984,49.169803619384766,48230200
2011-10-11,55.790000915527344,56.459999084472656,55.70000076293945,56.31999969482422,49.503814697265625,66449100
2011-10-12,56.86000061035156,57.22999954223633,56.560001373291016,56.599998474121094,49.749935150146484,85627600
2011-10-13,56.4900016784668,57.189998626708984,56.43000030517578,57.119998931884766,50.20700454711914,63443700
2011-10-14,57.81999969482422,58.189998626708984,57.5099983215332,58.18000030517578,51.13871383666992,65643600
2011-10-17,57.90999984741211,58.09000015258789,56.970001220703125,57.279998779296875,50.34762954711914,65161300
2011-10-18,57.189998626708984,58.290000915527344,56.65999984741211,57.9900016784668,50.97169876098633,91434600
2011-10-19,57.66999816894531,57.849998474121094,56.68000030517578,56.869998931884766,49.98724365234375,67639400
2011-10-20,56.86000061035156,56.91999816894531,55.790000915527344,56.59000015258789,49.74113464355469,80378300
2011-10-21,57.189998626708984,57.65999984741211,56.779998779296875,57.29999923706055,50.36520004272461,60455800
2011-10-24,57.5099983215332,58.650001525878906,57.310001373291016,58.4900016784668,51.411197662353516,61449500
2011-10-25,58.29999923706055,58.31999969482422,57.220001220703125,57.34000015258789,50.40036392211914,65299200
2011-10-26,57.65999984741211,57.779998779296875,56.209999084472656,57.27000045776367,50.33883285522461,98193800
2011-10-27,58.63999938964844,59.20000076293945,58.029998779296875,58.849998474121094,51.72760772705078,104455500
2011-10-28,58.52000045776367,59.0099983215332,58.5,58.939998626708984,51.806724548339844,42950000
2011-10-31,58.43000030517578,58.63999938964844,57.90999984741211,57.95000076293945,50.93654251098633,60520200
2011-11-01,56.52000045776367,57.90999984741211,56.119998931884766,56.439998626708984,49.609283447265625,99933000
2011-11-02,57.029998779296875,57.15999984741211,56.380001068115234,56.91999816894531,50.03118896484375,65003800
2011-11-03,57.369998931884766,58.18000030517578,56.709999084472656,58.099998474121094,51.06839370727539,78994200
2011-11-04,57.81999969482422,58.04999923706055,57.220001220703125,57.79999923706055,50.804683685302734,61527800
2011-11-07,57.7599983215332,58.25,57.16999816894531,58.209999084472656,51.16508102416992,65559000
2011-11-08,58.630001068115234,58.97999954223633,57.970001220703125,58.880001068115234,51.75397491455078,62906900
2011-11-09,57.7400016784668,57.83000183105469,56.630001068115234,56.810001373291016,49.93450927734375,69539000
2011-11-10,57.369998931884766,57.41999816894531,56.22999954223633,56.779998779296875,49.90814208984375,66052400
2011-11-11,57.27000045776367,58.02000045776367,57.20000076293945,57.849998474121094,50.84864807128906,54471000
2011-11-14,57.689998626708984,58.0099983215332,57.279998779296875,57.4900016784668,50.532222747802734,44617600
2011-11-15,57.31999969482422,58.36000061035156,57.2599983215332,58.130001068115234,51.094749450683594,52203900
2011-11-16,57.709999084472656,58.15999984741211,57.060001373291016,57.16999816894531,50.25094223022461,68342800
2011-11-17,57.02000045776367,57.040000915527344,55.47999954223633,55.83000183105469,49.07310485839844,101706900
2011-11-18,55.84000015258789,55.900001525878906,55.29999923706055,55.400001525878906,48.695152282714844,60417000
2011-11-21,54.650001525878906,54.72999954223633,53.779998779296875,54.34000015258789,47.763458251953125,52283700
2011-11-22,54.20000076293945,54.68000030517578,53.869998931884766,54.52000045776367,47.92164993286133,51940100
2011-11-23,54.11000061035156,54.16999816894531,53.2599983215332,53.290000915527344,46.84052276611328,48437300
2011-11-25,53.060001373291016,53.66999816894531,52.869998931884766,52.880001068115234,46.48014831542969,25448100
2011-11-28,54.16999816894531,54.790000915527344,54.13999938964844,54.720001220703125,48.09745788574219,46710700
2011-11-29,54.689998626708984,55.099998474121094,54.220001220703125,54.380001068115234,47.798614501953125,52056700
2011-11-30,55.86000061035156,56.439998626708984,55.66999816894531,56.38999938964844,49.56533432006836,66918600
2011-12-01,56.380001068115234,56.93000030517578,56.349998474121094,56.779998779296875,49.90814208984375,45362200
2011-12-02,57.34000015258789,57.34000015258789,56.56999969482422,56.619998931884766,49.767494201660156,36938900
2011-12-05,57.470001220703125,57.619998931884766,56.91999816894531,57.2400016784668,50.312469482421875,40492200
2011-12-06,57.290000915527344,57.45000076293945,56.88999938964844,57.08000183105469,50.17182159423828,38670000
2011-12-07,56.91999816894531,57.34000015258789,56.349998474121094,57.08000183105469,50.17182159423828,44576200
2011-12-08,56.709999084472656,57.150001525878906,56.0099983215332,56.119998931884766,49.32802200317383,51692600
2011-12-09,56.2599983215332,57.189998626708984,56.2400016784668,57.02000045776367,50.119083404541016,55757900
2011-12-12,56.41999816894531,57.0099983215332,55.900001525878906,56.380001068115234,49.55655288696289,55411700
2011-12-13,56.75,56.97999954223633,55.529998779296875,55.7599983215332,49.0115852355957,68557700
2011-12-14,55.54999923706055,55.59000015258789,54.58000183105469,54.88999938964844,48.246864318847656,63682800
2011-12-15,55.36000061035156,55.41999816894531,54.65999984741211,54.7400016784668,48.11503982543945,58732900
2011-12-16,54.869998931884766,55.61000061035156,54.77000045776367,54.86000061035156,48.36276626586914,60978900
2011-12-19,55.06999969482422,55.20000076293945,54.16999816894531,54.31999969482422,47.886714935302734,46733900
2011-12-20,55.20000076293945,56.0,55.16999816894531,55.93000030517578,49.30603790283203,81758800
2011-12-21,55.599998474121094,55.63999938964844,54.4900016784668,55.130001068115234,48.600772857666016,78552300
2011-12-22,55.25,55.630001068115234,55.16999816894531,55.599998474121094,49.01510238647461,40334100
2011-12-23,55.709999084472656,56.08000183105469,55.58000183105469,56.08000183105469,49.43827438354492,26594600
2011-12-27,55.9900016784668,56.41999816894531,55.93000030517578,56.2400016784668,49.6226921081543,21443500
2011-12-28,56.16999816894531,56.2599983215332,55.439998626708984,55.59000015258789,49.04914093017578,38180100
2011-12-29,55.68000030517578,56.029998779296875,55.5,55.9900016784668,49.40208435058594,28077900
2011-12-30,55.869998931884766,56.119998931884766,55.81999969482422,55.83000183105469,49.26091384887695,21832400
2012-01-03,56.90999984741211,57.189998626708984,56.75,56.900001525878906,50.20499801635742,39514100
2012-01-04,56.810001373291016,57.220001220703125,56.560001373291016,57.13999938964844,50.416778564453125,29403400
2012-01-05,57.02000045776367,57.65999984741211,56.79999923706055,57.61000061035156,50.83147430419922,41260600
2012-01-06,57.619998931884766,57.939998626708984,57.400001525878906,57.810001373291016,51.0079460144043,46325200
2012-01-09,57.959999084472656,57.97999954223633,57.43000030517578,57.619998931884766,50.84027862548828,39195500
2012-01-10,58.22999954223633,58.400001525878906,57.63999938964844,58.040000915527344,51.210872650146484,35949900
2012-01-11,58.029998779296875,58.290000915527344,57.810001373291016,58.15999984741211,51.31676483154297,37144100
2012-01-12,58.290000915527344,58.470001220703125,57.86000061035156,58.38999938964844,51.51969528198242,26188300
2012-01-13,58.08000183105469,58.20000076293945,57.68000030517578,58.18000030517578,51.33441162109375,35980400
2012-01-17,58.689998626708984,58.959999084472656,58.4900016784668,58.709999084472656,51.80204772949219,41790800
2012-01-18,58.81999969482422,59.4900016784668,58.68000030517578,59.4900016784668,52.49028015136719,48692700
2012-01-19,59.7599983215332,59.970001220703125,59.650001525878906,59.86000061035156,52.816734313964844,47774500
2012-01-20,59.599998474121094,59.79999923706055,59.560001373291016,59.77000045776367,52.73735046386719,41041700
2012-01-23,59.779998779296875,60.209999084472656,59.439998626708984,59.790000915527344,52.754974365234375,40958300
2012-01-24,59.52000045776367,59.84000015258789,59.40999984741211,59.68000030517578,52.65790557861328,38440200
2012-01-25,60.2599983215332,60.58000183105469,59.83000183105469,60.43000030517578,53.31966781616211,61591800
2012-01-26,60.689998626708984,60.79999923706055,59.93000030517578,60.220001220703125,53.13438415527344,37852700
2012-01-27,60.09000015258789,60.5099983215332,60.060001373291016,60.400001525878906,53.293190002441406,45532300
2012-01-30,59.88999938964844,60.540000915527344,59.65999984741211,60.45000076293945,53.33731460571289,42797800
2012-01-31,60.75,60.86000061035156,60.13999938964844,60.529998779296875,53.40788269042969,51449600
2012-02-01,60.880001068115234,61.2400016784668,60.65999984741211,61.02000045776367,53.84024429321289,46146700
2012-02-02,61.220001220703125,61.40999984741211,60.970001220703125,61.209999084472656,54.007896423339844,46373600
2012-02-03,61.779998779296875,62.119998931884766,61.68000030517578,62.04999923706055,54.74905014038086,36453800
2012-02-06,61.81999969482422,62.02000045776367,61.65999984741211,62.0,54.7049446105957,28541300
2012-02-07,61.95000076293945,62.25,61.66999816894531,62.130001068115234,54.819637298583984,37935700
2012-02-08,62.13999938964844,62.459999084472656,61.90999984741211,62.459999084472656,55.110809326171875,41171100
2012-02-09,62.70000076293945,62.97999954223633,62.31999969482422,62.90999984741211,55.50786590576172,46856400
2012-02-10,62.459999084472656,62.63999938964844,62.25,62.470001220703125,55.11963653564453,58090500
2012-02-13,62.939998626708984,63.130001068115234,62.650001525878906,63.04999923706055,55.63138961791992,36810200
2012-02-14,62.90999984741211,63.220001220703125,62.689998626708984,63.209999084472656,55.77256393432617,51648200
2012-02-15,63.5099983215332,63.86000061035156,62.66999816894531,62.77000045776367,55.384342193603516,105709100
2012-02-16,62.790000915527344,63.70000076293945,62.630001068115234,63.630001068115234,56.14314651489258,83642300
2012-02-17,63.63999938964844,63.689998626708984,63.150001525878906,63.43000030517578,55.96669387817383,76112300
2012-02-21,63.5,63.88999938964844,63.209999084472656,63.61000061035156,56.12550735473633,38141300
2012-02-22,63.4900016784668,63.68000030517578,63.22999954223633,63.31999969482422,55.869632720947266,43174700
2012-02-23,63.400001525878906,63.810001373291016,63.09000015258789,63.7400016784668,56.240203857421875,54250000
2012-02-24,63.91999816894531,64.06999969482422,63.79999923706055,63.959999084472656,56.43431854248047,41364900
2012-02-27,63.61000061035156,64.26000213623047,63.33000183105469,64.05000305175781,56.51372146606445,42678500
2012-02-28,64.11000061035156,64.69999694824219,64.02999877929688,64.69999694824219,57.08725357055664,43717500
2012-02-29,64.75,64.95999908447266,64.19999694824219,64.41000366210938,56.83137893676758,59784400
2012-03-01,64.6500015258789,64.9800033569336,64.45999908447266,64.91999816894531,57.28135681152344,67558900
2012-03-02,64.83000183105469,65.08000183105469,64.66000366210938,64.87000274658203,57.23725128173828,33358200
2012-03-05,64.83000183105469,64.91000366210938,63.9900016784668,64.19999694824219,56.64609146118164,45788800
2012-03-06,63.56999969482422,63.720001220703125,63.22999954223633,63.56999969482422,56.090206146240234,54638600
2012-03-07,63.869998931884766,64.20999908447266,63.77000045776367,64.05999755859375,56.52255630493164,42741800
2012-03-08,64.44000244140625,64.94000244140625,64.30000305175781,64.75,57.1313591003418,43711100
2012-03-09,64.86000061035156,65.13999938964844,64.81999969482422,65.0199966430664,57.36958694458008,43117200
2012-03-12,65.0,65.11000061035156,64.72000122070312,65.05000305175781,57.39607620239258,32687300
2012-03-13,65.4000015258789,66.26000213623047,65.2699966430664,66.26000213623047,58.463714599609375,61559100
2012-03-14,66.33000183105469,66.73999786376953,66.08000183105469,66.48999786376953,58.6666259765625,59926900
2012-03-15,66.69000244140625,66.81999969482422,66.3499984741211,66.68000030517578,58.834285736083984,65531200
2012-03-16,66.66999816894531,66.66999816894531,66.36000061035156,66.5199966430664,58.7927360534668,53023100
2012-03-19,66.62999725341797,67.1500015258789,66.44999694824219,66.98999786376953,59.20813751220703,60966200
2012-03-20,66.63999938964844,67.18000030517578,66.45999908447266,67.11000061035156,59.314178466796875,47290600
2012-03-21,67.12000274658203,67.48999786376953,67.02999877929688,67.12000274658203,59.32305145263672,39648100
2012-03-22,66.72000122070312,67.13999938964844,66.68000030517578,66.9800033569336,59.1993293762207,56953900
2012-03-23,67.05999755859375,67.08000183105469,66.55999755859375,66.94000244140625,59.16395568847656,45541700
2012-03-26,67.38999938964844,68.11000061035156,67.33000183105469,68.11000061035156,60.19804000854492,40855300
2012-03-27,68.16000366210938,68.48999786376953,68.12999725341797,68.20999908447266,60.28640365600586,37278200
2012-03-28,68.25,68.51000213623047,67.54000091552734,67.94000244140625,60.04777908325195,44421900
2012-03-29,67.5999984741211,67.93000030517578,67.19999694824219,67.68000030517578,59.817996978759766,53975300
2012-03-30,67.9800033569336,68.0199966430664,67.27999877929688,67.55000305175781,59.703086853027344,39480900
2012-04-02,67.4800033569336,68.33999633789062,67.36000061035156,68.25,60.3217887878418,40031600
2012-04-03,68.30999755859375,68.55000305175781,67.8499984741211,68.2300033569336,60.304080963134766,45539900
2012-04-04,67.72000122070312,67.76000213623047,66.91000366210938,67.30000305175781,59.48214340209961,54088100
2012-04-05,67.18000030517578,67.77999877929688,67.12999725341797,67.72000122070312,59.853336334228516,42979900
2012-04-09,66.87999725341797,67.4800033569336,66.76000213623047,67.20999908447266,59.402591705322266,36908200
2012-04-10,67.18000030517578,67.44000244140625,65.91999816894531,66.12999725341797,58.44803237915039,69254200
2012-04-11,66.70999908447266,66.88999938964844,66.27999877929688,66.44999694824219,58.73086929321289,62950000
2012-04-12,66.58000183105469,67.27999877929688,66.4800033569336,67.20999908447266,59.402591705322266,57407400
2012-04-13,66.9800033569336,67.19999694824219,66.16000366210938,66.19000244140625,58.5010871887207,55227500
2012-04-16,66.5199966430664,66.55999755859375,65.23999786376953,65.44999694824219,57.84702682495117,57588000
2012-04-17,65.7300033569336,66.98999786376953,65.62999725341797,66.77999877929688,59.02253341674805,47362400
2012-04-18,66.58999633789062,67.0,66.41000366210938,66.61000061035156,58.872276306152344,42536100
2012-04-19,66.37000274658203,67.16999816894531,65.62000274658203,65.86000061035156,58.209415435791016,81110900
2012-04-20,66.22000122070312,66.51000213623047,65.58000183105469,65.68000030517578,58.050315856933594,59906900
2012-04-23,65.05999755859375,65.18000030517578,64.48999786376953,65.08000183105469,57.52001190185547,70514400
2012-04-24,64.95999908447266,65.2300033569336,64.44999694824219,64.7300033569336,57.210670471191406,49661500
2012-04-25,66.06999969482422,66.48999786376953,65.97000122070312,66.44999694824219,58.73086929321289,57526900
2012-04-26,66.44000244140625,66.98999786376953,66.3499984741211,66.83999633789062,59.0755615234375,41799500
2012-04-27,67.12000274658203,67.44999694824219,66.7699966430664,67.23999786376953,59.42911148071289,46003800
2012-04-30,67.04000091552734,67.16999816894531,66.70999908447266,66.76000213623047,59.004852294921875,37787700
2012-05-01,66.69000244140625,67.62999725341797,66.58999633789062,66.87000274658203,59.10210037231445,37643800
2012-05-02,66.54000091552734,67.11000061035156,66.37999725341797,67.05999755859375,59.270015716552734,38299300
2012-05-03,67.0999984741211,67.1500015258789,66.18000030517578,66.3499984741211,58.642486572265625,51297600
2012-05-04,65.73999786376953,66.3499984741211,64.69000244140625,64.69999694824219,57.18416213989258,107554000
2012-05-07,64.30999755859375,65.06999969482422,64.29000091552734,64.76000213623047,57.2371940612793,50267800
2012-05-08,64.3499984741211,64.73999786376953,63.47999954223633,64.5199966430664,57.02507019042969,72659700
2012-05-09,63.77000045776367,64.68000030517578,63.5099983215332,64.31999969482422,56.848297119140625,85715300
2012-05-10,64.61000061035156,64.62999725341797,63.95000076293945,64.19000244140625,56.73341369628906,49448900
2012-05-11,63.970001220703125,64.86000061035156,63.90999984741211,64.18000030517578,56.72456359863281,47099900
2012-05-14,63.630001068115234,64.08000183105469,63.47999954223633,63.58000183105469,56.19427490234375,46360000
2012-05-15,63.75,64.2699966430664,63.2599983215332,63.369998931884766,56.0086555480957,66908600
2012-05-16,63.59000015258789,63.779998779296875,62.810001373291016,62.939998626708984,55.628597259521484,52825900
2012-05-17,62.959999084472656,63.060001373291016,61.599998474121094,61.61000061035156,54.45310974121094,62253900
2012-05-18,61.79999923706055,61.959999084472656,60.7599983215332,60.810001373291016,53.74604415893555,79496500
2012-05-21,60.93000030517578,62.56999969482422,60.849998474121094,62.5099983215332,55.24855041503906,61473000
2012-05-22,62.689998626708984,62.95000076293945,61.9900016784668,62.439998626708984,55.186683654785156,62954800
2012-05-23,61.90999984741211,62.709999084472656,61.369998931884766,62.560001373291016,55.29273986816406,56951100
2012-05-24,62.650001525878906,62.709999084472656,61.689998626708984,62.150001525878906,54.93038558959961,83131200
2012-05-25,62.209999084472656,62.31999969482422,61.88999938964844,62.06999969482422,54.85967254638672,32078900
2012-05-29,62.650001525878906,63.150001525878906,62.279998779296875,62.86000061035156,55.55790328979492,44216700
2012-05-30,62.290000915527344,62.54999923706055,61.68000030517578,62.33000183105469,55.0894660949707,56431800
2012-05-31,62.25,62.40999984741211,61.59000015258789,62.060001373291016,54.850826263427734,55260100
2012-06-01,60.939998626708984,61.31999969482422,60.38999938964844,60.40999984741211,53.39249801635742,71430800
2012-06-04,60.58000183105469,60.959999084472656,60.040000915527344,60.869998931884766,53.79905700683594,74119500
2012-06-05,60.65999984741211,61.2400016784668,60.630001068115234,61.119998931884766,54.02003479003906,47916900
2012-06-06,61.58000183105469,62.56999969482422,61.52000045776367,62.52000045776367,55.25739288330078,58781800
2012-06-07,63.18000030517578,63.18000030517578,62.220001220703125,62.27000045776367,55.03643035888672,38414800
2012-06-08,62.16999816894531,62.95000076293945,61.959999084472656,62.869998931884766,55.566741943359375,39730800
2012-06-11,63.349998474121094,63.380001068115234,61.77000045776367,61.810001373291016,54.62987518310547,51008900
2012-06-12,62.099998474121094,62.59000015258789,61.68000030517578,62.560001373291016,55.29273986816406,48802600
2012-06-13,62.380001068115234,62.849998474121094,61.91999816894531,62.130001068115234,54.91270065307617,50840100
2012-06-14,62.119998931884766,62.61000061035156,61.79999923706055,62.36000061035156,55.11598587036133,65170600
2012-06-15,62.38999938964844,63.08000183105469,62.36000061035156,62.9900016784668,55.80075454711914,41536100
2012-06-18,62.72999954223633,63.7400016784668,62.630001068115234,63.58000183105469,56.323429107666016,32191200
2012-06-19,63.900001525878906,64.51000213623047,63.849998474121094,64.23999786376953,56.9080924987793,36476500
2012-06-20,64.37999725341797,64.56999969482422,63.810001373291016,64.29000091552734,56.952369689941406,51389700
2012-06-21,64.23999786376953,64.30999755859375,62.619998931884766,62.689998626708984,55.53499984741211,42492700
2012-06-22,62.900001525878906,63.43000030517578,62.72999954223633,63.349998474121094,56.11967086791992,29504200
2012-06-25,62.83000183105469,62.849998474121094,61.95000076293945,62.130001068115234,55.03892135620117,33136400
2012-06-26,62.34000015258789,62.70000076293945,62.060001373291016,62.52000045776367,55.384403228759766,30611100
2012-06-27,62.7599983215332,63.18000030517578,62.689998626708984,62.900001525878906,55.72102355957031,35705800
2012-06-28,62.43000030517578,62.470001220703125,61.540000915527344,62.20000076293945,55.10093307495117,49793400
2012-06-29,63.400001525878906,64.16000366210938,63.209999084472656,64.16000366210938,56.83720779418945,44761300
2012-07-02,64.25,64.37999725341797,63.869998931884766,64.3499984741211,57.005531311035156,33425600
2012-07-03,64.38999938964844,64.88999938964844,64.29000091552734,64.88999938964844,57.48391342163086,15895100
2012-07-05,64.83000183105469,65.25,64.4800033569336,64.93000030517578,57.519325256347656,37016200
2012-07-06,64.62999725341797,64.69000244140625,63.650001525878906,64.12000274658203,56.80179214477539,40684100
2012-07-09,64.05000305175781,64.26000213623047,63.68000030517578,64.0,56.69548797607422,35628300
2012-07-10,64.3499984741211,64.51000213623047,63.119998931884766,63.369998931884766,56.13739776611328,47365700
2012-07-11,63.290000915527344,63.459999084472656,62.5,63.02000045776367,55.827335357666016,43432000
2012-07-12,62.52000045776367,62.689998626708984,61.86000061035156,62.43000030517578,55.30467224121094,57680400
2012-07-13,62.599998474121094,63.52000045776367,62.560001373291016,63.380001068115234,56.14624786376953,32357200
2012-07-16,63.2400016784668,63.52000045776367,62.95000076293945,63.20000076293945,55.98679733276367,27621400
2012-07-17,63.599998474121094,63.7400016784668,62.630001068115234,63.529998779296875,56.279136657714844,42467800
2012-07-18,63.40999984741211,64.58000183105469,63.38999938964844,64.38999938964844,57.04097366333008,44489700
2012-07-19,64.83999633789062,65.30999755859375,64.72000122070312,65.0999984741211,57.66994094848633,53017800
2012-07-20,65.08000183105469,65.0999984741211,64.20999908447266,64.23999786376953,56.9080924987793,40573100
2012-07-23,62.9900016784668,63.68000030517578,62.5099983215332,63.459999084472656,56.21710968017578,48657800
2012-07-24,63.56999969482422,63.65999984741211,62.54999923706055,62.959999084472656,55.7741813659668,57269700
2012-07-25,62.470001220703125,62.95000076293945,62.150001525878906,62.540000915527344,55.40211486816406,46264400
2012-07-26,63.439998626708984,63.72999954223633,62.970001220703125,63.369998931884766,56.13739776611328,41928200
2012-07-27,63.83000183105469,64.98999786376953,63.63999938964844,64.87000274658203,57.4661979675293,42621000
2012-07-30,65.02999877929688,65.30999755859375,64.5999984741211,64.81999969482422,57.42189407348633,37821300
2012-07-31,64.91999816894531,65.18000030517578,64.73999786376953,64.80000305175781,57.404178619384766,34588300
2012-08-01,65.26000213623047,65.27999877929688,64.3499984741211,64.61000061035156,57.23585891723633,30920200
2012-08-02,64.12000274658203,65.0199966430664,63.90999984741211,64.37999725341797,57.03212356567383,40534900
2012-08-03,65.41999816894531,65.87999725341797,65.19000244140625,65.5999984741211,58.11286926269531,42117400
2012-08-06,65.94000244140625,66.38999938964844,65.80000305175781,66.0999984741211,58.55582046508789,23523600
2012-08-07,66.37999725341797,66.91999816894531,66.27999877929688,66.6500015258789,59.043025970458984,28223300
2012-08-08,66.4800033569336,66.76000213623047,66.37000274658203,66.62000274658203,59.01645278930664,20723500
2012-08-09,66.61000061035156,66.91000366210938,66.48999786376953,66.81999969482422,59.19363021850586,20726200
2012-08-10,66.58000183105469,66.87999725341797,66.41000366210938,66.86000061035156,59.22907638549805,20312000
2012-08-13,66.83999633789062,67.02999877929688,66.5,67.0199966430664,59.37078857421875,19890300
2012-08-14,67.2699966430664,67.41000366210938,66.86000061035156,67.05000305175781,59.39736557006836,24218700
2012-08-15,67.0,67.31999969482422,66.98999786376953,67.22000122070312,59.5479736328125,29100400
2012-08-16,67.47000122070312,68.16999816894531,67.38999938964844,68.0199966430664,60.25667953491211,35699900
2012-08-17,68.16999816894531,68.33000183105469,68.01000213623047,68.31999969482422,60.52242660522461,22584800
2012-08-20,68.2699966430664,68.43000030517578,68.0,68.41999816894531,60.611026763916016,26924000
2012-08-21,68.5999984741211,68.87999725341797,67.87999725341797,68.1500015258789,60.371849060058594,41391000
2012-08-22,68.0,68.55999755859375,67.80999755859375,68.43000030517578,60.6198844909668,44555700
2012-08-23,68.12000274658203,68.33999633789062,67.69000244140625,67.87000274658203,60.12376022338867,28800400
2012-08-24,67.70999908447266,68.44999694824219,67.5999984741211,68.29000091552734,60.4958610534668,38384800
2012-08-27,68.58000183105469,68.66999816894531,68.25,68.4000015258789,60.59328079223633,20671400
2012-08-28,68.33999633789062,68.58999633789062,68.11000061035156,68.4000015258789,60.59328079223633,27337900
2012-08-29,68.4000015258789,68.56999969482422,68.11000061035156,68.4000015258789,60.59328079223633,26672400
2012-08-30,68.0999984741211,68.12999725341797,67.5999984741211,67.70999908447266,59.98207473754883,24425400
2012-08-31,68.19999694824219,68.44999694824219,67.47000122070312,68.16000366210938,60.38068389892578,42128000
2012-09-04,68.02999877929688,68.3499984741211,67.41999816894531,68.08999633789062,60.31868362426758,32017200
2012-09-05,68.05999755859375,68.3499984741211,67.83999633789062,68.0199966430664,60.25667953491211,26129300
2012-09-06,68.44000244140625,69.55000305175781,68.41999816894531,69.52999877929688,61.59432601928711,43100000
2012-09-07,69.37000274658203,69.55000305175781,69.2300033569336,69.43000030517578,61.5057487487793,32958600
2012-09-10,69.25,69.4000015258789,68.48999786376953,68.54000091552734,60.71732711791992,25490000
2012-09-11,68.55000305175781,68.81999969482422,68.31999969482422,68.43000030517578,60.6198844909668,29810100
2012-09-12,68.68000030517578,68.80999755859375,68.20999908447266,68.62999725341797,60.797054290771484,42203400
2012-09-13,68.69000244140625,69.86000061035156,68.62000274658203,69.55999755859375,61.62089920043945,45417800
2012-09-14,69.80999755859375,70.43000030517578,69.79000091552734,70.18000030517578,62.170127868652344,38880300
2012-09-17,70.22000122070312,70.23999786376953,69.95999908447266,70.20999908447266,62.19669723510742,31798400
2012-09-18,70.02999877929688,70.30000305175781,70.0199966430664,70.2699966430664,62.24986267089844,27169800
2012-09-19,70.26000213623047,70.58000183105469,70.05999755859375,70.4000015258789,62.36504364013672,36484600
2012-09-20,70.05999755859375,70.4000015258789,69.87000274658203,70.33000183105469,62.30302047729492,42520200
2012-09-21,70.4800033569336,70.54000091552734,70.08000183105469,70.1500015258789,62.32078552246094,23678500
2012-09-24,69.56999969482422,69.86000061035156,69.41999816894531,69.73999786376953,61.95655059814453,32341600
2012-09-25,69.91999816894531,70.08000183105469,68.7300033569336,68.76000213623047,61.08591842651367,41299600
2012-09-26,68.66999816894531,68.70999908447266,67.8499984741211,68.19999694824219,60.588417053222656,32770400
2012-09-27,68.37000274658203,69.30000305175781,68.25,69.13999938964844,61.423519134521484,25339500
2012-09-28,68.91000366210938,69.12000274658203,68.51000213623047,68.56999969482422,60.91712188720703,30112600
2012-10-01,68.9000015258789,69.33000183105469,68.25,68.47000122070312,60.82828903198242,37715300
2012-10-02,68.7699966430664,68.9800033569336,68.12999725341797,68.66999816894531,61.005977630615234,33254300
2012-10-03,68.86000061035156,69.23999786376953,68.58999633789062,69.11000061035156,61.396873474121094,38236000
2012-10-04,69.22000122070312,69.54000091552734,69.0,69.3499984741211,61.61006164550781,26128600
2012-10-05,69.69999694824219,69.80000305175781,68.80000305175781,68.9800033569336,61.2813720703125,25207900
2012-10-08,68.58000183105469,68.72000122070312,68.19000244140625,68.3499984741211,60.72167205810547,30911500
2012-10-09,68.16999816894531,68.33999633789062,67.0999984741211,67.26000213623047,59.753318786621094,67974000
2012-10-10,67.23999786376953,67.43000030517578,66.80000305175781,66.91999816894531,59.451263427734375,45134300
2012-10-11,67.41999816894531,67.47000122070312,66.66999816894531,66.70999908447266,59.26470947265625,30469400
2012-10-12,66.69999694824219,67.05999755859375,66.55000305175781,66.68000030517578,59.23806381225586,24891200
2012-10-15,66.93000030517578,67.26000213623047,66.52999877929688,67.16999816894531,59.67335510253906,22220100
2012-10-16,67.2699966430664,68.19999694824219,67.25,68.12000274658203,60.517364501953125,33960600
2012-10-17,67.7699966430664,68.30000305175781,67.68000030517578,68.08000183105469,60.4818229675293,33439400
2012-10-18,67.86000061035156,68.08000183105469,67.04000091552734,67.29000091552734,59.77998733520508,61707600
2012-10-19,67.20999908447266,67.2699966430664,65.5999984741211,65.68000030517578,58.34966278076172,75362600
2012-10-22,65.6500015258789,66.19000244140625,65.5,66.0199966430664,58.6517333984375,38621500
2012-10-23,65.4800033569336,65.94999694824219,65.19000244140625,65.38999938964844,58.092037200927734,52591200
2012-10-24,65.76000213623047,65.87000274658203,65.05999755859375,65.16000366210938,57.887718200683594,39872400
2012-10-25,65.61000061035156,65.72000122070312,64.97000122070312,65.16000366210938,57.887718200683594,52688700
2012-10-26,65.16000366210938,65.62000274658203,64.6500015258789,65.3499984741211,58.05648422241211,54213100
2012-10-31,65.2699966430664,65.38999938964844,64.7300033569336,64.94999694824219,57.70114517211914,38524500
2012-11-01,65.36000061035156,66.0,65.16999816894531,65.87000274658203,58.51848220825195,26945000
2012-11-02,66.16999816894531,66.20999908447266,65.11000061035156,65.16999816894531,57.89659118652344,44083000
2012-11-05,65.18000030517578,65.7300033569336,65.04000091552734,65.5999984741211,58.27860641479492,28094700
2012-11-06,65.70999908447266,66.16999816894531,65.45999908447266,65.72000122070312,58.38520431518555,29608400
2012-11-07,65.0199966430664,65.0999984741211,63.900001525878906,64.16999816894531,57.0081901550293,70737800
2012-11-08,64.3499984741211,64.5,63.15999984741211,63.15999984741211,56.110923767089844,58585800
2012-11-09,63.20000076293945,64.11000061035156,63.15999984741211,63.43000030517578,56.35078430175781,51542100
2012-11-12,63.79999923706055,63.869998931884766,63.25,63.41999816894531,56.34189224243164,32663700
2012-11-13,62.93000030517578,63.58000183105469,62.779998779296875,62.97999954223633,55.95100402832031,43288300
2012-11-14,63.290000915527344,63.36000061035156,62.13999938964844,62.2400016784668,55.29359436035156,82655300
2012-11-15,62.279998779296875,62.4900016784668,61.79999923706055,62.029998779296875,55.107032775878906,55124200
2012-11-16,62.08000183105469,62.47999954223633,61.310001373291016,62.29999923706055,55.34690475463867,70873100
2012-11-19,62.97999954223633,63.83000183105469,62.959999084472656,63.779998779296875,56.66172790527344,55306400
2012-11-20,63.7599983215332,63.88999938964844,63.189998626708984,63.79999923706055,56.67948532104492,52012700
2012-11-21,63.869998931884766,64.0199966430664,63.599998474121094,63.93000030517578,56.794979095458984,19611700
2012-11-23,64.29000091552734,64.91999816894531,64.25,64.9000015258789,57.65674591064453,16462900
2012-11-26,64.73999786376953,65.22000122070312,64.54000091552734,65.18000030517578,57.905479431152344,26430900
2012-11-27,65.16999816894531,65.4000015258789,64.8499984741211,64.95999908447266,57.710018157958984,25828600
2012-11-28,64.6500015258789,65.56999969482422,64.25,65.5199966430664,58.2075309753418,37295800
2012-11-29,65.87000274658203,66.13999938964844,65.58000183105469,65.91000366210938,58.554019927978516,41136100
2012-11-30,65.91999816894531,65.97000122070312,65.61000061035156,65.80000305175781,58.456295013427734,33497400
2012-12-03,66.30999755859375,66.37000274658203,65.63999938964844,65.66999816894531,58.34077453613281,28240000
2012-12-04,65.69999694824219,65.7699966430664,65.19999694824219,65.62999725341797,58.30523681640625,49584500
2012-12-05,65.52999877929688,65.54000091552734,64.55000305175781,64.9000015258789,57.65674591064453,54076200
2012-12-06,64.69999694824219,65.4800033569336,64.52999877929688,65.31999969482422,58.02985763549805,47512300
2012-12-07,65.63999938964844,65.70999908447266,64.70999908447266,64.93000030517578,57.68336868286133,30089400
2012-12-10,64.75,65.45999908447266,64.75,65.12000274658203,57.85218811035156,33219600
2012-12-11,65.56999969482422,66.33999633789062,65.5199966430664,65.97000122070312,58.60730743408203,40750800
2012-12-12,66.31999969482422,66.31999969482422,65.6500015258789,65.83000183105469,58.48292922973633,45917700
2012-12-13,65.69999694824219,66.16000366210938,65.02999877929688,65.30999755859375,58.02098083496094,45467700
2012-12-14,64.87000274658203,65.08000183105469,64.47000122070312,64.69000244140625,57.470157623291016,39630300
2012-12-17,64.75,65.56999969482422,64.66000366210938,65.55000305175781,58.234195709228516,42302900
2012-12-18,65.87999725341797,66.6500015258789,65.69999694824219,66.55000305175781,59.12258529663086,55596000
2012-12-19,66.73999786376953,66.76000213623047,66.22000122070312,66.26000213623047,58.86494827270508,34832500
2012-12-20,66.37999725341797,66.41000366210938,65.93000030517578,66.26000213623047,58.86494827270508,40754300
2012-12-21,64.87999725341797,65.27999877929688,64.5999984741211,65.19999694824219,58.245853424072266,51152900
2012-12-24,65.02999877929688,65.13999938964844,64.91999816894531,65.06999969482422,58.129722595214844,11418300
2012-12-26,65.12000274658203,65.18000030517578,64.29000091552734,64.5,57.620513916015625,21751300
2012-12-27,64.55999755859375,64.63999938964844,63.599998474121094,64.4000015258789,57.531185150146484,52933200
2012-12-28,63.90999984741211,64.43000030517578,63.75,63.779998779296875,56.97731018066406,33082100
2012-12-31,63.709999084472656,65.25,63.58000183105469,65.12999725341797,58.183311462402344,57544000
2013-01-02,66.7300033569336,67.2300033569336,66.4800033569336,67.19999694824219,60.03252410888672,70695900
2013-01-03,67.19999694824219,67.33999633789062,66.6500015258789,66.8499984741211,59.71986770629883,47366500
2013-01-04,66.87999725341797,66.87999725341797,66.47000122070312,66.62999725341797,59.52333450317383,33972500
2013-01-07,66.45999908447266,66.76000213623047,66.25,66.6500015258789,59.54120635986328,26766200
2013-01-08,66.63999938964844,66.81999969482422,66.16999816894531,66.5199966430664,59.4250602722168,28734900
2013-01-09,66.62000274658203,66.94999694824219,66.55000305175781,66.7699966430664,59.64839172363281,25600300
2013-01-10,67.2300033569336,67.2699966430664,66.55000305175781,67.16999816894531,60.00571823120117,37528000
2013-01-11,67.13999938964844,67.29000091552734,67.0,67.26000213623047,60.086143493652344,21158600
2013-01-14,66.91999816894531,67.1500015258789,66.66999816894531,66.95999908447266,59.81813430786133,36768500
2013-01-15,66.62999725341797,66.7300033569336,66.33000183105469,66.62999725341797,59.52333450317383,31675300
2013-01-16,66.72000122070312,67.12999725341797,66.5999984741211,66.9000015258789,59.764530181884766,33822300
2013-01-17,67.16999816894531,67.4800033569336,67.05999755859375,67.22000122070312,60.05040740966797,32024200
2013-01-18,67.0199966430664,67.13999938964844,66.7699966430664,67.06999969482422,59.916404724121094,31992000
2013-01-22,67.13999938964844,67.2300033569336,66.7300033569336,67.18000030517578,60.014671325683594,32123100
2013-01-23,67.55999755859375,67.79000091552734,67.45999908447266,67.58999633789062,60.38093948364258,31975700
2013-01-24,66.66000366210938,67.27999877929688,66.55999755859375,66.66000366210938,59.550132751464844,42596300
2013-01-25,66.87000274658203,67.19000244140625,66.73999786376953,67.0,59.8538703918457,39240100
2013-01-28,67.01000213623047,67.37999725341797,66.93000030517578,67.1500015258789,59.987850189208984,32926100
2013-01-29,67.06999969482422,67.30999755859375,66.62999725341797,67.16000366210938,59.99678421020508,35554700
2013-01-30,67.27999877929688,67.4800033569336,66.87000274658203,67.0199966430664,59.87172317504883,34445000
2013-01-31,66.98999786376953,67.3499984741211,66.80999755859375,66.87000274658203,59.737728118896484,34870500
2013-02-01,67.33999633789062,67.77999877929688,67.06999969482422,67.66000366210938,60.4434814453125,53120800
2013-02-04,67.2699966430664,67.45999908447266,66.45999908447266,66.4800033569336,59.38935089111328,48483700
2013-02-05,66.7699966430664,67.66999816894531,66.61000061035156,67.45999908447266,60.264793395996094,35120300
2013-02-06,67.23999786376953,67.55000305175781,67.04000091552734,67.23999786376953,60.068275451660156,43593200
2013-02-07,67.31999969482422,67.37000274658203,66.55999755859375,67.30000305175781,60.12189483642578,46017900
2013-02-08,67.63999938964844,68.12999725341797,67.62999725341797,67.98999786376953,60.73828125,39837200
2013-02-11,68.02999877929688,68.05999755859375,67.77999877929688,68.01000213623047,60.75611877441406,17650400
2013-02-12,67.91999816894531,68.05000305175781,67.66000366210938,67.7300033569336,60.50599670410156,22057900
2013-02-13,67.93000030517578,68.2300033569336,67.7699966430664,67.97000122070312,60.720420837402344,23494700
2013-02-14,67.66000366210938,68.05000305175781,67.62000274658203,67.94999694824219,60.702537536621094,24478800
2013-02-15,67.94000244140625,68.11000061035156,67.55999755859375,67.75,60.52388000488281,25333600
2013-02-19,67.87999725341797,68.26000213623047,67.86000061035156,68.23999786376953,60.961605072021484,23436500
2013-02-20,68.22000122070312,68.25,67.18000030517578,67.19000244140625,60.02361297607422,38200300
2013-02-21,66.94000244140625,67.01000213623047,66.2300033569336,66.47000122070312,59.380401611328125,45855600
2013-02-22,66.8499984741211,67.1500015258789,66.58999633789062,67.13999938964844,59.97891616821289,21968000
2013-02-25,67.56999969482422,67.80999755859375,66.25,66.30999755859375,59.23746871948242,40927600
2013-02-26,66.4000015258789,66.68000030517578,65.95999908447266,66.55999755859375,59.46078872680664,42088800
2013-02-27,66.55999755859375,67.6500015258789,66.47000122070312,67.23999786376953,60.068275451660156,36339500
2013-02-28,67.25,67.73999786376953,67.08999633789062,67.0999984741211,59.943199157714844,28557300
2013-03-01,66.87000274658203,67.5,66.54000091552734,67.37999725341797,60.1933479309082,31617200
2013-03-04,67.16000366210938,67.69000244140625,67.06999969482422,67.68000030517578,60.461326599121094,19380500
2013-03-05,68.08000183105469,68.7699966430664,68.08000183105469,68.68000030517578,61.35467529296875,35581900
2013-03-06,68.88999938964844,68.91000366210938,68.41999816894531,68.51000213623047,61.20281982421875,29071100
2013-03-07,68.58999633789062,68.80000305175781,68.44999694824219,68.69000244140625,61.363643646240234,21775900
2013-03-08,68.91999816894531,69.0199966430664,68.5,68.7699966430664,61.43508529663086,26159900
2013-03-11,68.68000030517578,68.98999786376953,68.47000122070312,68.97000122070312,61.61376190185547,23187900
2013-03-12,68.7699966430664,68.93000030517578,68.38999938964844,68.72000122070312,61.390411376953125,27575400
2013-03-13,68.80999755859375,68.88999938964844,68.38999938964844,68.62999725341797,61.31001281738281,34297300
2013-03-14,68.87000274658203,69.01000213623047,68.70999908447266,68.86000061035156,61.515464782714844,31530800
2013-03-15,68.75,68.79000091552734,68.33999633789062,68.51000213623047,61.34446716308594,30752600
2013-03-18,67.87999725341797,68.63999938964844,67.7300033569336,68.36000061035156,61.21014404296875,36163000
2013-03-19,68.56999969482422,68.69999694824219,67.62000274658203,68.2300033569336,61.09375,33125100
2013-03-20,68.70999908447266,68.86000061035156,68.38999938964844,68.70999908447266,61.5235481262207,28035400
2013-03-21,68.08000183105469,68.25,67.7699966430664,67.93000030517578,60.825111389160156,30050800
2013-03-22,68.20999908447266,68.63999938964844,68.12999725341797,68.58999633789062,61.41610336303711,28837200
2013-03-25,68.80999755859375,68.95999908447266,68.01000213623047,68.33999633789062,61.19221878051758,24909800
2013-03-26,68.5999984741211,68.7300033569336,68.44999694824219,68.70999908447266,61.5235481262207,19725200
2013-03-27,68.23999786376953,68.8499984741211,68.13999938964844,68.80000305175781,61.604129791259766,22539500
2013-03-28,68.80000305175781,69.05999755859375,68.63999938964844,68.97000122070312,61.75636291503906,23662800
2013-04-01,69.0199966430664,69.08999633789062,68.30999755859375,68.5,61.33549499511719,28112800
2013-04-02,68.83000183105469,69.2699966430664,68.7699966430664,69.04000091552734,61.81902313232422,29431900
2013-04-03,69.08000183105469,69.18000030517578,68.23999786376953,68.41000366210938,61.25491714477539,35131200
2013-04-04,68.37999725341797,68.5999984741211,68.05999755859375,68.43000030517578,61.2728157043457,32287400
2013-04-05,67.3499984741211,67.95999908447266,67.19000244140625,67.86000061035156,60.7624397277832,55610800
2013-04-08,67.88999938964844,68.23999786376953,67.69000244140625,68.22000122070312,61.08479309082031,17891600
2013-04-09,68.4000015258789,68.95999908447266,68.08999633789062,68.68000030517578,61.496673583984375,30931400
2013-04-10,68.91999816894531,70.16999816894531,68.87999725341797,70.0199966430664,62.69652557373047,55271300
2013-04-11,69.8499984741211,70.1500015258789,69.7699966430664,69.98999786376953,62.669677734375,37233600
2013-04-12,69.81999969482422,69.98999786376953,69.41000366210938,69.94000244140625,62.62489318847656,32783700
2013-04-15,69.68000030517578,69.79000091552734,68.4800033569336,68.55999755859375,61.38922119140625,48795800
2013-04-16,68.94999694824219,69.55000305175781,68.80999755859375,69.47000122070312,62.204044342041016,27682600
2013-04-17,68.87000274658203,68.88999938964844,67.70999908447266,68.11000061035156,60.986305236816406,60204800
2013-04-18,68.29000091552734,68.33000183105469,66.87999725341797,67.16999816894531,60.144596099853516,56798200
2013-04-19,67.30000305175781,68.2300033569336,67.19999694824219,68.08999633789062,60.9683837890625,43062800
2013-04-22,68.33000183105469,69.04000091552734,68.08000183105469,68.79000091552734,61.595176696777344,34412100
2013-04-23,69.18000030517578,69.69999694824219,68.81999969482422,69.44999694824219,62.18613815307617,53078300
2013-04-24,69.27999877929688,69.66999816894531,69.12000274658203,69.41999816894531,62.159263610839844,44500700
2013-04-25,69.5999984741211,70.05000305175781,69.58999633789062,69.79000091552734,62.49056625366211,26437100
2013-04-26,69.62000274658203,69.7699966430664,69.2699966430664,69.56999969482422,62.29358673095703,24079800
2013-04-29,69.79000091552734,70.4800033569336,69.76000213623047,70.20999908447266,62.866641998291016,31664000
2013-04-30,70.30000305175781,70.7300033569336,70.04000091552734,70.72000122070312,63.323333740234375,30135800
2013-05-01,70.73999786376953,70.8499984741211,70.25,70.38999938964844,63.027835845947266,28537200
2013-05-02,70.51000213623047,71.43000030517578,70.44999694824219,71.27999877929688,63.824737548828125,31744200
2013-05-03,71.97000122070312,72.33999633789062,71.91000366210938,72.12000274658203,64.5768814086914,34061700
2013-05-06,72.25,72.51000213623047,72.19000244140625,72.4000015258789,64.82763671875,19244300
2013-05-07,72.5199966430664,72.56999969482422,72.08999633789062,72.36000061035156,64.7917709350586,25838100
2013-05-08,72.31999969482422,72.7699966430664,72.19999694824219,72.70999908447266,65.10517883300781,24252100
2013-05-09,72.56999969482422,73.0999984741211,72.47000122070312,72.61000061035156,65.01563262939453,29337200
2013-05-10,72.76000213623047,73.08000183105469,72.62999725341797,73.05000305175781,65.40961456298828,20663700
2013-05-13,72.93000030517578,73.31999969482422,72.86000061035156,73.13999938964844,65.49018096923828,29730100
2013-05-14,73.16000366210938,73.73999786376953,73.12999725341797,73.5199966430664,65.83045196533203,36009800
2013-05-15,73.37999725341797,73.73999786376953,73.19999694824219,73.66999816894531,65.96475982666016,27214400
2013-05-16,73.7300033569336,74.0999984741211,73.55000305175781,73.58999633789062,65.89313507080078,27253400
2013-05-17,73.97000122070312,74.33000183105469,73.7300033569336,74.30000305175781,66.52888488769531,31114500
2013-05-20,74.16000366210938,74.43000030517578,73.88999938964844,74.19000244140625,66.43038940429688,25132400
2013-05-21,74.1500015258789,74.54000091552734,73.88999938964844,74.2699966430664,66.50200653076172,25900000
2013-05-22,74.36000061035156,74.94999694824219,73.23999786376953,73.62000274658203,65.91999816894531,59843200
2013-05-23,72.97000122070312,73.69999694824219,72.83000183105469,73.44999694824219,65.76779174804688,48222100
2013-05-24,72.95999908447266,73.43000030517578,72.76000213623047,73.41000366210938,65.73197174072266,26430300
2013-05-28,74.2699966430664,74.54000091552734,73.66000366210938,73.88999938964844,66.16175842285156,27057100
2013-05-29,73.5999984741211,73.80000305175781,73.12000274658203,73.54000091552734,65.84837341308594,32090300
2013-05-30,73.56999969482422,74.27999877929688,73.55000305175781,73.93000030517578,66.19755554199219,32390500
2013-05-31,73.6500015258789,74.20999908447266,73.16999816894531,73.25,65.58867645263672,38347600
2013-06-03,73.26000213623047,73.4000015258789,72.43000030517578,73.37999725341797,65.70509338378906,47613100
2013-06-04,73.52999877929688,73.81999969482422,72.69999694824219,73.0,65.36483764648438,35251900
2013-06-05,72.76000213623047,73.04000091552734,71.98999786376953,72.05000305175781,64.51420593261719,48654200
2013-06-06,72.1500015258789,72.41000366210938,71.47000122070312,72.4000015258789,64.82763671875,62524100
2013-06-07,72.69999694824219,73.47000122070312,72.5199966430664,73.38999938964844,65.71405029296875,31969800
2013-06-10,73.52999877929688,73.76000213623047,73.26000213623047,73.41999816894531,65.74089813232422,25390000
2013-06-11,72.69000244140625,73.33999633789062,72.44000244140625,72.69000244140625,65.08726501464844,40278900
2013-06-12,73.11000061035156,73.13999938964844,71.73999786376953,71.8499984741211,64.33512115478516,42081900
2013-06-13,71.75,72.91999816894531,71.55000305175781,72.76000213623047,65.14997100830078,28221500
2013-06-14,72.76000213623047,72.83999633789062,72.16999816894531,72.27999877929688,64.72013854980469,27690700
2013-06-17,72.8499984741211,73.4000015258789,72.5999984741211,72.9800033569336,65.3469467163086,32441900
2013-06-18,73.08000183105469,73.72000122070312,73.05999755859375,73.58000183105469,65.88419342041016,24853100
2013-06-19,73.5999984741211,73.68000030517578,72.68000030517578,72.76000213623047,65.14997100830078,43145100
2013-06-20,71.91999816894531,72.16000366210938,70.79000091552734,71.02999877929688,63.600887298583984,60908400
2013-06-21,70.77999877929688,70.97000122070312,69.83999633789062,70.43000030517578,63.263145446777344,51558900
2013-06-24,69.8499984741211,70.2699966430664,69.1500015258789,69.7300033569336,62.6343879699707,41492300
2013-06-25,70.4000015258789,70.5199966430664,69.80999755859375,70.23999786376953,63.09246826171875,28897400
2013-06-26,70.83999633789062,71.0,70.58999633789062,70.87000274658203,63.65836715698242,23742300
2013-06-27,71.23999786376953,71.62000274658203,71.12999725341797,71.16999816894531,63.92784881591797,23545000
2013-06-28,70.94999694824219,71.69000244140625,70.79000091552734,71.2699966430664,64.01766967773438,28301100
2013-07-01,71.75,72.30000305175781,71.63999938964844,71.70999908447266,64.41288757324219,24942800
2013-07-02,71.68000030517578,72.18000030517578,71.3499984741211,71.73999786376953,64.43987274169922,23067900
2013-07-03,71.4800033569336,72.37000274658203,71.41999816894531,72.02999877929688,64.70032501220703,18847500
2013-07-05,72.44000244140625,72.61000061035156,71.86000061035156,72.58000183105469,65.19436645507812,28795900
2013-07-08,72.95999908447266,72.98999786376953,72.37999725341797,72.6500015258789,65.25726318359375,20558500
2013-07-09,72.98999786376953,73.25,72.6500015258789,73.08999633789062,65.6524658203125,26108600
2013-07-10,73.0199966430664,73.62000274658203,72.9800033569336,73.51000213623047,66.02973937988281,25598900
2013-07-11,74.30000305175781,75.02999877929688,74.25,74.97000122070312,67.34114074707031,47768900
2013-07-12,75.0199966430664,75.3499984741211,74.81999969482422,75.30000305175781,67.63761901855469,31412600
2013-07-15,75.37999725341797,75.5199966430664,75.16999816894531,75.47000122070312,67.79027557373047,19783600
2013-07-16,75.52999877929688,75.58999633789062,75.18000030517578,75.37000274658203,67.7004623413086,31747100
2013-07-17,75.5999984741211,75.73999786376953,75.3499984741211,75.55999755859375,67.87115478515625,24631500
2013-07-18,75.55000305175781,75.73999786376953,75.25,75.37000274658203,67.7004623413086,36278800
2013-07-19,74.72000122070312,74.73999786376953,74.37000274658203,74.58999633789062,66.99982452392578,37732400
2013-07-22,74.87000274658203,74.9800033569336,74.58000183105469,74.80999755859375,67.19744110107422,21135900
2013-07-23,74.94999694824219,74.95999908447266,74.19999694824219,74.26000213623047,66.70341491699219,24739500
2013-07-24,74.98999786376953,75.0199966430664,74.33000183105469,74.5,66.91902160644531,24426900
2013-07-25,74.8499984741211,75.05999755859375,74.45999908447266,74.97000122070312,67.34114074707031,23162200
2013-07-26,74.66999816894531,75.37999725341797,74.55000305175781,75.37000274658203,67.7004623413086,20885600
2013-07-29,75.22000122070312,75.54000091552734,75.02999877929688,75.2300033569336,67.57469940185547,20958400
2013-07-30,75.5,75.94999694824219,75.3499984741211,75.62999725341797,67.93400573730469,24104600
2013-07-31,75.77999877929688,76.20999908447266,75.62999725341797,75.7699966430664,68.05973052978516,25007600
2013-08-01,76.29000091552734,76.6500015258789,76.20999908447266,76.54000091552734,68.75143432617188,16880000
2013-08-02,76.55000305175781,76.98999786376953,76.37999725341797,76.97000122070312,69.13763427734375,18105300
2013-08-05,76.93000030517578,77.08000183105469,76.77999877929688,77.0199966430664,69.18254852294922,15462800
2013-08-06,76.91999816894531,76.98999786376953,76.25,76.55999755859375,68.76937103271484,23675400
2013-08-07,76.33999633789062,76.56999969482422,75.87000274658203,76.41999816894531,68.64361572265625,20281200
2013-08-08,76.83999633789062,76.9800033569336,76.30000305175781,76.80000305175781,68.98495483398438,19994000
2013-08-09,76.66999816894531,76.94000244140625,76.2699966430664,76.48999786376953,68.70647430419922,18558500
2013-08-12,76.19999694824219,76.80999755859375,76.19000244140625,76.66999816894531,68.86814880371094,20515900
2013-08-13,76.7699966430664,77.2699966430664,76.22000122070312,77.0999984741211,69.25440216064453,23917000
2013-08-14,77.06999969482422,77.18000030517578,76.69999694824219,76.80999755859375,68.99388885498047,29921000
2013-08-15,75.94999694824219,75.98999786376953,75.29000091552734,75.51000213623047,67.82621002197266,39406600
2013-08-16,75.5199966430664,75.87000274658203,75.3499984741211,75.4800033569336,67.79927062988281,23825000
2013-08-19,75.48999786376953,76.12999725341797,75.33000183105469,75.3499984741211,67.6824722290039,29586900
2013-08-20,75.48999786376953,76.02999877929688,75.43000030517578,75.68000030517578,67.97893524169922,18842800
2013-08-21,75.44000244140625,76.08999633789062,75.13999938964844,75.41999816894531,67.7453842163086,30705100
2013-08-22,75.75,76.20999908447266,75.70999908447266,76.16000366210938,68.41006469726562,17269500
2013-08-23,76.69999694824219,76.7699966430664,76.4000015258789,76.66999816894531,68.86814880371094,20697300
2013-08-26,76.7300033569336,77.27999877929688,76.55000305175781,76.70999908447266,68.90409851074219,27525500
2013-08-27,75.80000305175781,76.18000030517578,74.95999908447266,75.13999938964844,67.49382781982422,40068900
2013-08-28,75.05000305175781,75.75,75.05000305175781,75.43000030517578,67.75434112548828,20490400
2013-08-29,75.41000366210938,76.33999633789062,75.30000305175781,75.95999908447266,68.23041534423828,27287900
2013-08-30,76.04000091552734,76.04000091552734,75.19999694824219,75.47000122070312,67.79027557373047,26228500
2013-09-03,76.08999633789062,76.44000244140625,75.54000091552734,75.9000015258789,68.17652130126953,27241500
2013-09-04,76.16000366210938,76.83999633789062,75.93000030517578,76.70999908447266,68.90409851074219,27142900
2013-09-05,76.76000213623047,77.05999755859375,76.7300033569336,76.83999633789062,69.02088165283203,17809700
2013-09-06,77.0999984741211,77.33999633789062,76.05000305175781,76.93000030517578,69.10172271728516,27715100
2013-09-09,77.26000213623047,77.95999908447266,77.2300033569336,77.83000183105469,69.91011047363281,25161900
2013-09-10,78.27999877929688,78.31999969482422,77.91999816894531,78.20999908447266,70.2514419555664,27619400
2013-09-11,77.69000244140625,78.11000061035156,77.58999633789062,78.05999755859375,70.1167221069336,28132900
2013-09-12,78.08000183105469,78.25,77.8499984741211,78.01000213623047,70.07183074951172,18332700
2013-09-13,78.08999633789062,78.13999938964844,77.63999938964844,78.05999755859375,70.1167221069336,16932500
2013-09-16,78.72000122070312,78.72000122070312,77.66999816894531,77.8499984741211,69.92811584472656,25704300
2013-09-17,78.0199966430664,78.47000122070312,77.9800033569336,78.37000274658203,70.39519500732422,27174300
2013-09-18,78.48999786376953,79.47000122070312,78.33000183105469,79.30999755859375,71.23954010009766,31714700
2013-09-19,79.55999755859375,79.69000244140625,79.36000061035156,79.5,71.41019439697266,26435700
2013-09-20,79.44999694824219,79.54000091552734,78.94999694824219,78.98999786376953,71.1651382446289,26328900
2013-09-23,79.31999969482422,79.41000366210938,78.45999908447266,78.83000183105469,71.02099609375,30319400
2013-09-24,79.0,79.25,78.56999969482422,78.83000183105469,71.02099609375,21871300
2013-09-25,78.88999938964844,79.0,78.4000015258789,78.55999755859375,70.7777328491211,22746400
2013-09-26,78.87999725341797,79.36000061035156,78.8499984741211,79.16999816894531,71.32731628417969,22421700
2013-09-27,78.70999908447266,79.20999908447266,78.58999633789062,79.06999969482422,71.23721313476562,25151600
2013-09-30,78.25,79.08999633789062,78.0,78.87999725341797,71.06607055664062,28031900
2013-10-01,78.88999938964844,79.72000122070312,78.8499984741211,79.68000030517578,71.78678894042969,33129700
2013-10-02,79.13999938964844,79.76000213623047,79.05999755859375,79.6500015258789,71.75977325439453,25503800
2013-10-03,79.55000305175781,79.72000122070312,78.30000305175781,78.72000122070312,70.92188262939453,42998200
2013-10-04,78.72000122070312,79.51000213623047,78.6500015258789,79.4000015258789,71.5345230102539,22852700
2013-10-07,78.69999694824219,79.3499984741211,78.66999816894531,78.73999786376953,70.93989562988281,20227100
2013-10-08,78.73999786376953,78.80999755859375,77.19000244140625,77.22000122070312,69.57047271728516,43660700
2013-10-09,77.4000015258789,77.44000244140625,76.3499984741211,76.9800033569336,69.354248046875,64526700
2013-10-10,77.80999755859375,78.79000091552734,77.79000091552734,78.61000061035156,70.8227767944336,48062700
2013-10-11,78.41000366210938,79.29000091552734,78.4000015258789,79.2300033569336,71.38136291503906,25214100
2013-10-14,78.73999786376953,79.79000091552734,78.68000030517578,79.79000091552734,71.88589477539062,31471900
2013-10-15,79.7300033569336,80.11000061035156,79.37999725341797,79.4800033569336,71.60659790039062,38684000
2013-10-16,79.8499984741211,80.41999816894531,79.79000091552734,80.37999725341797,72.41747283935547,46735900
2013-10-17,80.0199966430664,80.87000274658203,79.94999694824219,80.83999633789062,72.83189392089844,32193500
2013-10-18,81.58000183105469,82.18000030517578,81.3499984741211,82.1500015258789,74.01211547851562,39628200
2013-10-21,82.33999633789062,82.54000091552734,82.06999969482422,82.33000183105469,74.17427062988281,31176900
2013-10-22,82.6500015258789,82.9000015258789,81.93000030517578,82.44999694824219,74.28238677978516,43944800
2013-10-23,82.05000305175781,82.19999694824219,81.55000305175781,81.94999694824219,73.8319091796875,38021300
2013-10-24,82.0,82.4800033569336,81.87999725341797,82.30999755859375,74.15625762939453,23155100
2013-10-25,83.08000183105469,83.27999877929688,82.5,82.9000015258789,74.68781280517578,35824500
2013-10-28,82.91000366210938,83.05000305175781,82.55000305175781,82.91999816894531,74.7058334350586,28618400
2013-10-29,83.19999694824219,83.26000213623047,82.69999694824219,83.05999755859375,74.83197021484375,36878100
2013-10-30,83.3499984741211,83.48999786376953,82.58000183105469,82.9800033569336,74.75988006591797,33535500
2013-10-31,82.7699966430664,83.30000305175781,82.4800033569336,82.79000091552734,74.58871459960938,31309900
2013-11-01,83.06999969482422,83.16999816894531,82.4000015258789,82.80999755859375,74.60673522949219,30867800
2013-11-04,83.05999755859375,83.06999969482422,82.63999938964844,82.93000030517578,74.71483612060547,16834000
2013-11-05,82.61000061035156,83.22000122070312,82.37000274658203,83.0199966430664,74.7958984375,27975600
2013-11-06,83.37000274658203,83.4000015258789,82.7300033569336,83.0,74.77792358398438,25576800
2013-11-07,83.01000213623047,83.12999725341797,81.37000274658203,81.44000244140625,73.3724594116211,52173200
2013-11-08,81.73999786376953,82.55999755859375,81.51000213623047,82.54000091552734,74.36344909667969,31470500
2013-11-11,82.41999816894531,82.63999938964844,82.13999938964844,82.41000366210938,74.24635314941406,24822900
2013-11-12,82.16000366210938,82.66000366210938,82.12000274658203,82.54000091552734,74.36344909667969,20108500
2013-11-13,82.0,83.55000305175781,82.0,83.54000091552734,75.26441192626953,31345900
2013-11-14,83.31999969482422,83.86000061035156,83.13999938964844,83.80000305175781,75.4986572265625,31101200
2013-11-15,83.81999969482422,83.95999908447266,83.61000061035156,83.95999908447266,75.64281463623047,20511300
2013-11-18,83.94000244140625,84.11000061035156,82.9800033569336,83.13999938964844,74.90403747558594,31679600
2013-11-19,83.08999633789062,83.48999786376953,82.76000213623047,82.9000015258789,74.68781280517578,25545300
2013-11-20,83.12000274658203,83.43000030517578,82.45999908447266,82.69999694824219,74.50764465332031,32177400
2013-11-21,83.05000305175781,83.61000061035156,82.9800033569336,83.54000091552734,75.26441192626953,28125000
2013-11-22,83.68000030517578,84.0199966430664,83.62000274658203,83.98999786376953,75.66983795166016,25361300
2013-11-25,84.29000091552734,84.37999725341797,83.9800033569336,84.19000244140625,75.85005187988281,21695100
2013-11-26,84.20999908447266,84.83999633789062,84.02999877929688,84.62999725341797,76.24641418457031,26621000
2013-11-27,84.80000305175781,85.23999786376953,84.7300033569336,85.22000122070312,76.77799987792969,21638100
2013-11-29,85.55999755859375,85.83999633789062,85.47000122070312,85.7300033569336,77.23748016357422,16708900
2013-12-02,85.83000183105469,85.95999908447266,85.3499984741211,85.4800033569336,77.01224517822266,26354600
2013-12-03,85.41999816894531,85.63999938964844,85.08000183105469,85.41000366210938,76.94918060302734,37147000
2013-12-04,85.05000305175781,85.7699966430664,84.77999877929688,85.48999786376953,77.02127075195312,37193200
2013-12-05,85.55999755859375,85.66000366210938,85.16999816894531,85.37999725341797,76.92213439941406,39829300
2013-12-06,86.0999984741211,86.18000030517578,85.58999633789062,86.0,77.4807357788086,36842900
2013-12-09,86.3499984741211,86.52999877929688,86.19999694824219,86.3499984741211,77.79603576660156,22590000
2013-12-10,86.20999908447266,86.44999694824219,86.12000274658203,86.29000091552734,77.74199676513672,26965900
2013-12-11,86.27999877929688,86.4000015258789,85.05999755859375,85.18000030517578,76.74195098876953,36830600
2013-12-12,85.20999908447266,85.41999816894531,84.9000015258789,84.95999908447266,76.54374694824219,33662600
2013-12-13,85.36000061035156,85.4000015258789,84.70999908447266,84.8499984741211,76.44467163085938,34072000
2013-12-16,85.2699966430664,85.80999755859375,85.20999908447266,85.31999969482422,76.86807250976562,24902500
2013-12-17,85.31999969482422,85.52999877929688,84.98999786376953,85.1500015258789,76.71490478515625,24454900
2013-12-18,85.25,86.22000122070312,84.05000305175781,86.13999938964844,77.60686492919922,68387200
2013-12-19,86.0,86.01000213623047,85.5199966430664,85.9000015258789,77.3906021118164,44964100
2013-12-20,85.79000091552734,86.68000030517578,85.7300033569336,86.5,78.17874145507812,40475400
2013-12-23,87.20999908447266,87.41000366210938,86.94999694824219,87.41000366210938,79.00117492675781,28181800
2013-12-24,87.43000030517578,87.51000213623047,87.2699966430664,87.44999694824219,79.037353515625,13852500
2013-12-26,87.61000061035156,87.80999755859375,87.44000244140625,87.73999786376953,79.29945373535156,15241100
2013-12-27,87.8499984741211,87.9000015258789,87.41000366210938,87.5199966430664,79.10063934326172,15827400
2013-12-30,87.38999938964844,87.51000213623047,87.13999938964844,87.38999938964844,78.98313903808594,18983700
2013-12-31,87.55000305175781,87.95999908447266,87.5199966430664,87.95999908447266,79.4982681274414,24890500
2014-01-02,87.55000305175781,87.58000183105469,87.0199966430664,87.2699966430664,78.87468719482422,29177500
2014-01-03,87.2699966430664,87.3499984741211,86.62000274658203,86.63999938964844,78.30528259277344,35723700
2014-01-06,86.66000366210938,86.76000213623047,86.0,86.31999969482422,78.01604461669922,32073100
2014-01-07,86.72000122070312,87.25,86.55999755859375,87.12000274658203,78.73910522460938,25860600
2014-01-08,87.13999938964844,87.55000305175781,86.94999694824219,87.30999755859375,78.91083526611328,27197400
2014-01-09,87.62999725341797,87.63999938964844,86.72000122070312,87.0199966430664,78.64871978759766,23674700
2014-01-10,87.2300033569336,87.4000015258789,86.58000183105469,87.30000305175781,78.90178680419922,38008900
2014-01-13,87.18000030517578,87.4800033569336,85.68000030517578,86.01000213623047,77.73589324951172,48842300
2014-01-14,86.30000305175781,87.72000122070312,86.30000305175781,87.6500015258789,79.21809387207031,37178900
2014-01-15,88.02999877929688,88.54000091552734,87.94000244140625,88.37000274658203,79.86885833740234,39835600
2014-01-16,88.30000305175781,88.51000213623047,88.16000366210938,88.37999725341797,79.87787628173828,31630100
2014-01-17,88.11000061035156,88.37000274658203,87.66999816894531,87.87999725341797,79.42598724365234,36895800
2014-01-21,88.44000244140625,88.58999633789062,87.80999755859375,88.55000305175781,80.03153991699219,26412700
2014-01-22,88.77999877929688,89.0,88.5199966430664,88.77999877929688,80.23943328857422,29376900
2014-01-23,88.51000213623047,88.5199966430664,87.86000061035156,88.4800033569336,79.96826171875,35011900
2014-01-24,88.05000305175781,88.18000030517578,86.70999908447266,86.73999786376953,78.39563751220703,63974600
2014-01-27,86.73999786376953,86.88999938964844,85.25,85.9000015258789,77.63643646240234,63519300
2014-01-28,85.5,85.94000244140625,85.30999755859375,85.8499984741211,77.59127044677734,44378800
2014-01-29,85.11000061035156,85.73999786376953,84.76000213623047,84.93000030517578,76.759765625,51939300
2014-01-30,85.97000122070312,86.80000305175781,85.87999725341797,86.5,78.17874145507812,65833600
2014-01-31,85.54000091552734,86.68000030517578,85.44999694824219,86.2699966430664,77.97087097167969,45187000
2014-02-03,86.11000061035156,86.5,84.06999969482422,84.29000091552734,76.18133544921875,65596900
2014-02-04,84.72000122070312,85.25,84.45999908447266,84.91000366210938,76.74172973632812,37675500
2014-02-05,84.62999725341797,84.98999786376953,83.73999786376953,84.69000244140625,76.54287719726562,41721800
2014-02-06,84.94000244140625,85.87999725341797,84.91999816894531,85.7699966430664,77.51897430419922,32308600
2014-02-07,86.25,87.36000061035156,86.0,87.30000305175781,78.90178680419922,38359400
2014-02-10,87.2699966430664,87.83999633789062,87.20999908447266,87.80000305175781,79.35368347167969,30205400
2014-02-11,87.98999786376953,88.97000122070312,87.88999938964844,88.80000305175781,80.25749206542969,38635500
2014-02-12,88.9800033569336,89.16999816894531,88.69999694824219,88.97000122070312,80.41114807128906,32507200
2014-02-13,88.31999969482422,89.69999694824219,88.30000305175781,89.62999725341797,81.00762176513672,40454500
2014-02-14,89.5999984741211,90.01000213623047,89.33000183105469,89.80999755859375,81.17032623291016,33212400
2014-02-18,89.95999908447266,90.41999816894531,89.73999786376953,90.25,81.56800079345703,29546600
2014-02-19,90.08000183105469,90.29000091552734,89.44999694824219,89.62999725341797,81.00762176513672,41749900
2014-02-20,89.69000244140625,90.22000122070312,89.30999755859375,90.05000305175781,81.3872299194336,41814800
2014-02-21,90.33999633789062,90.47000122070312,89.81999969482422,89.93000030517578,81.2787857055664,31192200
2014-02-24,90.13999938964844,90.81999969482422,90.04000091552734,90.41000366210938,81.71263122558594,31500400
2014-02-25,90.54000091552734,90.72000122070312,90.0199966430664,90.30999755859375,81.62224578857422,26771700
2014-02-26,90.55000305175781,90.83999633789062,89.87000274658203,90.2300033569336,81.54993438720703,42953700
2014-02-27,89.87000274658203,90.52999877929688,89.7300033569336,90.44000244140625,82.07902526855469,28742400
2014-02-28,90.41999816894531,90.95999908447266,89.54000091552734,90.33999633789062,81.98827362060547,48609800
2014-03-03,89.48999786376953,89.91000366210938,88.87000274658203,89.66999816894531,81.38020324707031,38885700
2014-03-04,90.6500015258789,90.9800033569336,90.55999755859375,90.80999755859375,82.41482543945312,33189000
2014-03-05,90.95999908447266,91.22000122070312,90.7699966430664,91.05999755859375,82.6417007446289,27203300
2014-03-06,91.2699966430664,91.33999633789062,90.6500015258789,90.9800033569336,82.56912994384766,24063900
2014-03-07,91.2699966430664,91.36000061035156,90.06999969482422,90.52999877929688,82.16073608398438,31167800
2014-03-10,90.4800033569336,90.66000366210938,90.02999877929688,90.61000061035156,82.23330688476562,18131700
2014-03-11,90.83000183105469,91.05999755859375,89.94999694824219,90.22000122070312,81.87937927246094,27484300
2014-03-12,89.80999755859375,90.61000061035156,89.4800033569336,90.55999755859375,82.18790435791016,27977200
2014-03-13,90.9000015258789,90.93000030517578,88.87000274658203,89.27999877929688,81.02625274658203,48542000
2014-03-14,88.98999786376953,89.37999725341797,88.62999725341797,88.66999816894531,80.47267150878906,38732300
2014-03-17,89.23999786376953,89.91000366210938,89.19000244140625,89.44999694824219,81.18058776855469,28467200
2014-03-18,89.55999755859375,90.63999938964844,89.52999877929688,90.52999877929688,82.16073608398438,31250200
2014-03-19,90.55999755859375,90.66000366210938,89.44999694824219,90.04000091552734,81.71598052978516,40869400
2014-03-20,89.76000213623047,90.55999755859375,89.58000183105469,90.29000091552734,81.9428939819336,31634500
2014-03-21,90.5999984741211,90.6500015258789,88.83000183105469,89.0,80.95682525634766,62754000
2014-03-24,89.31999969482422,89.38999938964844,87.41000366210938,88.22000122070312,80.24734497070312,77735300
2014-03-25,88.68000030517578,89.25,87.7699966430664,88.51000213623047,80.5111312866211,41723300
2014-03-26,88.94999694824219,89.1500015258789,87.36000061035156,87.37000274658203,79.47415924072266,40930400
2014-03-27,87.25,87.63999938964844,86.4000015258789,86.87999725341797,79.02843475341797,64784500
2014-03-28,87.16000366210938,88.01000213623047,86.80999755859375,87.05000305175781,79.18309783935547,39895100
2014-03-31,87.7300033569336,88.26000213623047,87.62000274658203,87.66999816894531,79.74706268310547,33924300
2014-04-01,88.0999984741211,89.2699966430664,87.70999908447266,89.20999908447266,81.1478500366211,38683800
2014-04-02,89.58999633789062,89.68000030517578,89.04000091552734,89.44000244140625,81.35708618164062,34631600
2014-04-03,89.52999877929688,89.68000030517578,88.22000122070312,88.7300033569336,80.71127319335938,30319100
2014-04-04,89.31999969482422,89.41000366210938,86.13999938964844,86.37000274658203,78.56454467773438,131213200
2014-04-07,85.83000183105469,86.62999725341797,84.94999694824219,85.55000305175781,77.81864929199219,83995800
2014-04-08,85.6500015258789,86.45999908447266,85.3499984741211,86.33999633789062,78.53724670410156,51495700
2014-04-09,86.66000366210938,87.87000274658203,86.43000030517578,87.81999969482422,79.88347625732422,45685200
2014-04-10,87.87999725341797,87.87999725341797,84.86000061035156,85.0999984741211,77.4093017578125,73659600
2014-04-11,84.33999633789062,85.44000244140625,83.91000366210938,84.11000061035156,76.5087661743164,93657400
2014-04-14,84.8499984741211,85.22000122070312,83.98999786376953,84.7699966430664,77.1091079711914,46500700
2014-04-15,85.08000183105469,85.54000091552734,83.27999877929688,85.05000305175781,77.36385345458984,84631500
2014-04-16,85.79000091552734,86.18000030517578,85.08999633789062,86.18000030517578,78.3917236328125,46970900
2014-04-17,85.8499984741211,86.62999725341797,85.62999725341797,86.19999694824219,78.40989685058594,53719500
2014-04-21,86.4000015258789,86.83999633789062,86.0,86.83999633789062,78.99205780029297,25947900
2014-04-22,87.13999938964844,87.75,86.98999786376953,87.52999877929688,79.61968231201172,38593400
2014-04-23,87.52999877929688,87.55999755859375,86.70999908447266,86.76000213623047,78.91928100585938,34376700
2014-04-24,88.19000244140625,88.20999908447266,86.6500015258789,87.58999633789062,79.67426300048828,48926300
2014-04-25,87.06999969482422,87.16999816894531,85.9800033569336,86.19000244140625,78.40081787109375,44334000
2014-04-28,86.5999984741211,87.11000061035156,85.11000061035156,86.47000122070312,78.65547943115234,58623800
2014-04-29,86.7300033569336,87.31999969482422,86.30999755859375,87.16000366210938,79.28316497802734,36742700
2014-04-30,86.76000213623047,87.4800033569336,86.54000091552734,87.38999938964844,79.4923324584961,38689400
2014-05-01,87.52999877929688,88.1500015258789,87.30999755859375,87.6500015258789,79.7288589477539,37127200
2014-05-02,87.94999694824219,88.11000061035156,87.27999877929688,87.48999786376953,79.58334350585938,40074200
2014-05-05,86.97000122070312,87.97000122070312,86.76000213623047,87.94999694824219,80.0017318725586,27924400
2014-05-06,87.80999755859375,87.86000061035156,86.7699966430664,86.80999755859375,78.96479034423828,33698500
2014-05-07,86.98999786376953,87.08000183105469,85.52999877929688,86.55999755859375,78.73733520507812,67489100
2014-05-08,86.25,87.52999877929688,86.05000305175781,86.4800033569336,78.66458892822266,46556900
2014-05-09,86.43000030517578,86.86000061035156,85.8499984741211,86.80000305175781,78.9556884765625,35081500
2014-05-12,87.31999969482422,88.26000213623047,87.23999786376953,88.2300033569336,80.2564468383789,38951100
2014-05-13,88.30999755859375,88.61000061035156,88.12000274658203,88.29000091552734,80.31101989746094,30311900
2014-05-14,88.0199966430664,88.3499984741211,87.62000274658203,87.83000183105469,79.89262390136719,26483600
2014-05-15,87.80999755859375,87.95999908447266,86.58000183105469,87.13999938964844,79.26493835449219,59680300
2014-05-16,87.23999786376953,87.76000213623047,86.63999938964844,87.70999908447266,79.7834243774414,66804100
2014-05-19,87.44999694824219,88.45999908447266,87.30000305175781,88.31999969482422,80.33834075927734,32017000
2014-05-20,88.27999877929688,88.5999984741211,87.63999938964844,88.0,80.04723358154297,33716000
2014-05-21,88.16000366210938,88.88999938964844,88.11000061035156,88.83999633789062,80.81131744384766,36837700
2014-05-22,88.94000244140625,89.4800033569336,88.80000305175781,89.2300033569336,81.16607666015625,30617100
2014-05-23,89.31999969482422,89.9000015258789,89.12000274658203,89.87999725341797,81.75733184814453,22687300
2014-05-27,90.27999877929688,91.0199966430664,90.19999694824219,91.0,82.77611541748047,29725200
2014-05-28,90.97000122070312,91.0999984741211,90.6500015258789,90.72000122070312,82.52140808105469,30468100
2014-05-29,91.04000091552734,91.30999755859375,90.86000061035156,91.30000305175781,83.04899597167969,33036100
2014-05-30,91.31999969482422,91.44999694824219,90.83000183105469,91.30999755859375,83.05809020996094,29906400
2014-06-02,91.41999816894531,91.44000244140625,90.63999938964844,91.22000122070312,82.97624206542969,30409900
2014-06-03,90.91999816894531,91.33000183105469,90.80000305175781,91.18000030517578,82.93986511230469,21774500
2014-06-04,90.94999694824219,91.66999816894531,90.80999755859375,91.5199966430664,83.24909973144531,20118300
2014-06-05,91.5999984741211,92.45999908447266,91.29000091552734,92.29000091552734,83.94953155517578,35583100
2014-06-06,92.62999725341797,92.81999969482422,92.44999694824219,92.81999969482422,84.43163299560547,22680600
2014-06-09,92.83999633789062,92.9800033569336,92.5,92.75,84.36796569824219,23399500
2014-06-10,92.66999816894531,92.95999908447266,92.55999755859375,92.91000366210938,84.51350402832031,20626000
2014-06-11,92.58999633789062,93.0199966430664,92.5,92.88999938964844,84.49531555175781,22878200
2014-06-12,92.69000244140625,92.79000091552734,91.7300033569336,92.05000305175781,83.73123168945312,35275900
2014-06-13,92.44999694824219,92.55000305175781,91.91999816894531,92.31999969482422,83.97683715820312,39447100
2014-06-16,92.16000366210938,92.66999816894531,91.95999908447266,92.4000015258789,84.04959106445312,25212300
2014-06-17,92.33000183105469,92.69999694824219,92.18000030517578,92.44999694824219,84.09506225585938,19977900
2014-06-18,92.54000091552734,93.0999984741211,91.9800033569336,92.97000122070312,84.5680923461914,34514000
2014-06-19,93.11000061035156,93.16999816894531,92.48999786376953,92.91000366210938,84.51350402832031,38422200
2014-06-20,92.69999694824219,92.87000274658203,92.52999877929688,92.7699966430664,84.61292266845703,25897500
2014-06-23,92.76000213623047,92.81999969482422,92.51000213623047,92.79000091552734,84.63115692138672,20837900
2014-06-24,92.77999877929688,93.56999969482422,92.43000030517578,92.69999694824219,84.54908752441406,31945800
2014-06-25,92.48999786376953,93.44999694824219,92.4800033569336,93.29000091552734,85.08719635009766,32818600
2014-06-26,93.3499984741211,93.36000061035156,92.62000274658203,93.33999633789062,85.1327896118164,22563900
2014-06-27,93.22000122070312,93.7699966430664,93.19000244140625,93.75,85.50676727294922,22877800
2014-06-30,93.7300033569336,94.13999938964844,93.66999816894531,93.91000366210938,85.6526870727539,19751900
2014-07-01,94.23999786376953,95.19000244140625,94.19999694824219,94.94000244140625,86.59213256835938,31862500
2014-07-02,95.0,95.23999786376953,94.91000366210938,95.0999984741211,86.73802947998047,18777300
2014-07-03,95.41000366210938,95.69999694824219,95.1500015258789,95.69999694824219,87.28528594970703,15291700
2014-07-07,95.58999633789062,95.70999908447266,95.2300033569336,95.41000366210938,87.02079772949219,23266400
2014-07-08,95.2300033569336,95.30000305175781,93.87000274658203,94.26000213623047,85.97191619873047,40612400
2014-07-09,94.51000213623047,95.06999969482422,94.23999786376953,94.95999908447266,86.61035919189453,29919000
2014-07-10,93.73999786376953,95.05000305175781,93.62999725341797,94.66000366210938,86.33670806884766,44245300
2014-07-11,94.9000015258789,95.2699966430664,94.61000061035156,95.2699966430664,86.89306640625,19566300
2014-07-14,95.69999694824219,96.05999755859375,95.54000091552734,95.83999633789062,87.41297149658203,19579000
2014-07-15,95.98999786376953,96.12999725341797,94.83000183105469,95.51000213623047,87.11200714111328,39467500
2014-07-16,96.19999694824219,96.30000305175781,95.79000091552734,95.88999938964844,87.4585952758789,22052600
2014-07-17,95.62999725341797,95.97000122070312,94.31999969482422,94.62000274658203,86.30022430419922,43111500
2014-07-18,95.11000061035156,96.16999816894531,95.0,96.12000274658203,87.66837310791016,36682200
2014-07-21,95.91999816894531,96.16000366210938,95.55000305175781,96.0,87.55889129638672,29750700
2014-07-22,96.44999694824219,96.76000213623047,96.3499984741211,96.61000061035156,88.1152572631836,25770400
2014-07-23,96.94999694824219,97.33999633789062,96.7699966430664,97.2300033569336,88.68074035644531,28947500
2014-07-24,97.4000015258789,97.51000213623047,96.9800033569336,97.12000274658203,88.5804214477539,24707200
2014-07-25,96.62000274658203,96.87000274658203,96.2300033569336,96.73999786376953,88.23384094238281,29898900
2014-07-28,96.83999633789062,97.0199966430664,96.0199966430664,96.7699966430664,88.26119232177734,25603400
2014-07-29,96.9800033569336,97.19999694824219,96.5199966430664,96.5999984741211,88.10614776611328,27022200
2014-07-30,97.13999938964844,97.31999969482422,96.5999984741211,96.9800033569336,88.45275115966797,35348500
2014-07-31,96.18000030517578,96.33999633789062,94.87999725341797,95.0199966430664,86.66507720947266,50047900
2014-08-01,94.81999969482422,95.33999633789062,94.04000091552734,94.66999816894531,86.34583282470703,60708000
2014-08-04,94.87000274658203,95.69000244140625,94.5199966430664,95.31999969482422,86.93870544433594,33230500
2014-08-05,94.94000244140625,95.20999908447266,94.1500015258789,94.58999633789062,86.27288818359375,50331100
2014-08-06,94.0,95.11000061035156,93.91999816894531,94.5199966430664,86.20906066894531,34431900
2014-08-07,94.95999908447266,95.13999938964844,93.88999938964844,94.22000122070312,85.93545532226562,33274700
2014-08-08,94.37000274658203,95.01000213623047,93.97000122070312,94.9000015258789,86.55562591552734,40236900
2014-08-11,95.2699966430664,95.76000213623047,95.19999694824219,95.45999908447266,87.06637573242188,28277500
2014-08-12,95.36000061035156,95.66999816894531,94.93000030517578,95.41999816894531,87.02991485595703,28152300
2014-08-13,95.80999755859375,96.47000122070312,95.76000213623047,96.43000030517578,87.95110321044922,27996500
2014-08-14,96.55999755859375,96.94999694824219,96.43000030517578,96.93000030517578,88.40713500976562,25006600
2014-08-15,97.48999786376953,97.62999725341797,96.4800033569336,97.4000015258789,88.8358154296875,55205500
2014-08-18,97.91000366210938,98.23999786376953,97.7699966430664,98.1500015258789,89.51986694335938,38938300
2014-08-19,98.37999725341797,98.76000213623047,98.31999969482422,98.69999694824219,90.02147674560547,21363400
2014-08-20,98.62000274658203,98.9000015258789,98.52999877929688,98.69999694824219,90.02147674560547,23435600
2014-08-21,98.75,98.94999694824219,98.5999984741211,98.9000015258789,90.20391845703125,19339500
2014-08-22,98.94000244140625,99.25,98.72000122070312,99.05000305175781,90.34072875976562,24692000
2014-08-25,99.5199966430664,99.68000030517578,99.16000366210938,99.4000015258789,90.65995788574219,24124700
2014-08-26,99.55000305175781,99.61000061035156,99.2699966430664,99.5,90.75113677978516,20100400
2014-08-27,99.52999877929688,99.63999938964844,99.30999755859375,99.5199966430664,90.76939392089844,15589100
2014-08-28,99.18000030517578,99.52999877929688,99.08000183105469,99.41000366210938,90.66908264160156,23563900
2014-08-29,99.62999725341797,99.91000366210938,99.2699966430664,99.77999877929688,91.00652313232422,17906300
2014-09-02,100.0199966430664,100.0999984741211,99.66000366210938,100.06999969482422,91.27104949951172,18326800
2014-09-03,100.33999633789062,100.33999633789062,99.30000305175781,99.4800033569336,90.73292541503906,25950700
2014-09-04,99.70999908447266,100.22000122070312,99.13999938964844,99.38999938964844,90.65084838867188,24663500
2014-09-05,99.54000091552734,99.94999694824219,99.02999877929688,99.88999938964844,91.10688018798828,30798200
2014-09-08,99.91999816894531,100.33000183105469,99.62000274658203,100.08000183105469,91.28014373779297,25571300
2014-09-09,100.08999633789062,100.45999908447266,99.05999755859375,99.25,90.52313995361328,36449200
2014-09-10,99.37999725341797,100.11000061035156,99.0999984741211,100.06999969482422,91.27104949951172,31080100
2014-09-11,99.63999938964844,100.04000091552734,99.23999786376953,99.98999786376953,91.19806671142578,28691900
2014-09-12,99.9000015258789,99.93000030517578,99.16999816894531,99.4800033569336,90.73292541503906,30444400
2014-09-15,99.58999633789062,99.5999984741211,98.22000122070312,98.5199966430664,89.85731506347656,32972200
2014-09-16,98.1500015258789,99.56999969482422,98.05000305175781,99.37999725341797,90.64170837402344,38166900
2014-09-17,99.36000061035156,100.0,98.93000030517578,99.52999877929688,90.7785415649414,37196500
2014-09-18,99.83999633789062,100.29000091552734,99.7300033569336,100.27999877929688,91.46255493164062,30196700
2014-09-19,100.45999908447266,100.55999755859375,99.58000183105469,99.9800033569336,91.4058837890625,46918000
2014-09-22,99.73999786376953,99.75,98.62000274658203,99.05000305175781,90.5556411743164,48658000
2014-09-23,98.6500015258789,99.22000122070312,98.58000183105469,98.77999877929688,90.30882263183594,33989600
2014-09-24,98.87999725341797,99.88999938964844,98.54000091552734,99.83999633789062,91.27788543701172,35959000
2014-09-25,99.5199966430664,99.6500015258789,97.69999694824219,97.73999786376953,89.35800170898438,68642500
2014-09-26,98.05999755859375,98.95999908447266,97.88999938964844,98.77999877929688,90.30882263183594,56106200
2014-09-29,97.80000305175781,98.91999816894531,97.75,98.6500015258789,90.18994903564453,33342700
2014-09-30,98.91999816894531,99.30000305175781,98.31999969482422,98.79000091552734,90.31793975830078,41834300
2014-10-01,98.51000213623047,98.61000061035156,96.9000015258789,97.20999908447266,88.8734359741211,58164900
2014-10-02,97.16999816894531,97.51000213623047,95.97000122070312,97.20999908447266,88.8734359741211,54501300
2014-10-03,97.77999877929688,98.56999969482422,97.44000244140625,98.16999816894531,89.75111389160156,41627800
2014-10-06,98.4800033569336,98.72000122070312,97.66000366210938,97.95999908447266,89.55908966064453,36038700
2014-10-07,97.5,97.77999877929688,96.55999755859375,96.56999969482422,88.288330078125,45154000
2014-10-08,96.62000274658203,98.76000213623047,96.05999755859375,98.44999694824219,90.00712585449219,64931600
2014-10-09,98.31999969482422,98.56999969482422,96.70999908447266,96.86000061035156,88.55345916748047,62497100
2014-10-10,96.29000091552734,96.83000183105469,94.41999816894531,94.44000244140625,86.34098052978516,77579400
2014-10-13,94.2699966430664,94.98999786376953,92.87999725341797,92.95999908447266,84.9879150390625,80835900
2014-10-14,93.54000091552734,94.16999816894531,92.70999908447266,92.97000122070312,84.9970474243164,71814500
2014-10-15,91.56999969482422,92.76000213623047,90.23999786376953,92.37000274658203,84.44853210449219,108847800
2014-10-16,90.41999816894531,92.58000183105469,90.38999938964844,91.79000091552734,83.91825866699219,93165800
2014-10-17,93.0,93.88999938964844,92.45999908447266,93.0,85.02448272705078,69546700
2014-10-20,92.98999786376953,94.47000122070312,92.80000305175781,94.38999938964844,86.29525756835938,41479300
2014-10-21,95.55999755859375,96.87000274658203,95.31999969482422,96.87000274658203,88.56262969970703,53609800
2014-10-22,97.16999816894531,97.30000305175781,96.30999755859375,96.37000274658203,88.10547637939453,39178000
2014-10-23,97.33999633789062,98.36000061035156,97.16999816894531,97.81999969482422,89.43109893798828,48123800
2014-10-24,98.02999877929688,98.69000244140625,97.63999938964844,98.62000274658203,90.16250610351562,43157600
2014-10-27,98.43000030517578,98.87000274658203,98.0199966430664,98.69000244140625,90.2265396118164,29545700
2014-10-28,99.1500015258789,100.19999694824219,99.08000183105469,100.18000030517578,91.58871459960938,34495100
2014-10-29,99.8499984741211,100.12000274658203,99.0999984741211,99.80999755859375,91.25048065185547,40552800
2014-10-30,99.36000061035156,100.26000213623047,99.13999938964844,100.0199966430664,91.44245910644531,35935800
2014-10-31,101.68000030517578,101.75,101.06999969482422,101.4000015258789,92.70413208007812,54254100
2014-11-03,101.58000183105469,101.97000122070312,101.43000030517578,101.69999694824219,92.97840118408203,33481000
2014-11-04,101.37999725341797,101.62000274658203,100.66999816894531,101.36000061035156,92.66757202148438,22773300
2014-11-05,102.02999877929688,102.02999877929688,101.0199966430664,101.37000274658203,92.67670440673828,25818600
2014-11-06,101.36000061035156,101.72000122070312,100.91999816894531,101.69000244140625,92.96923065185547,24671900
2014-11-07,101.87000274658203,101.91000366210938,101.06999969482422,101.5999984741211,92.88697814941406,20931700
2014-11-10,101.6500015258789,102.08999633789062,101.37999725341797,101.95999908447266,93.21609497070312,20360000
2014-11-11,101.9800033569336,102.27999877929688,101.69999694824219,102.27999877929688,93.5086441040039,15454000
2014-11-12,101.87000274658203,102.56999969482422,101.87000274658203,102.45999908447266,93.6731948852539,22050300
2014-11-13,102.6500015258789,103.27999877929688,102.41999816894531,102.9000015258789,94.07547760009766,28027800
2014-11-14,102.87000274658203,103.22000122070312,102.52999877929688,103.22000122070312,94.36804962158203,19251300
2014-11-17,102.9800033569336,103.20999908447266,102.41999816894531,102.91000366210938,94.08460235595703,23361600
2014-11-18,103.0,103.81999969482422,102.98999786376953,103.68000030517578,94.78861236572266,26336800
2014-11-19,103.56999969482422,103.56999969482422,102.7300033569336,103.20999908447266,94.35887908935547,23760200
2014-11-20,102.7699966430664,103.76000213623047,102.69000244140625,103.66999816894531,94.77943420410156,22874000
2014-11-21,104.58999633789062,104.69000244140625,103.54000091552734,103.87000274658203,94.9622802734375,34049100
2014-11-24,104.1500015258789,104.7300033569336,104.05999755859375,104.68000030517578,95.70281219482422,17928300
2014-11-25,104.83999633789062,105.1500015258789,104.56999969482422,104.83999633789062,95.8490982055664,17526000
2014-11-26,104.94000244140625,105.58000183105469,104.83000183105469,105.5199966430664,96.47080993652344,18973800
2014-11-28,105.80000305175781,106.25,105.7300033569336,106.01000213623047,96.91878509521484,17360400
2014-12-01,105.72000122070312,105.91999816894531,104.41999816894531,104.80999755859375,95.8216781616211,35969500
2014-12-02,104.91999816894531,105.41999816894531,104.69999694824219,105.2300033569336,96.20567321777344,26031300
2014-12-03,105.38999938964844,105.56999969482422,104.76000213623047,105.41999816894531,96.37934875488281,32974300
2014-12-04,105.31999969482422,105.77999877929688,104.93000030517578,105.37000274658203,96.33365631103516,31008800
2014-12-05,105.54000091552734,105.69999694824219,105.1500015258789,105.37999725341797,96.34278869628906,25622200
2014-12-08,105.11000061035156,105.56999969482422,104.08000183105469,104.62999725341797,95.6571273803711,32685800
2014-12-09,103.41000366210938,105.04000091552734,103.04000091552734,104.95999908447266,95.95881652832031,46035100
2014-12-10,104.7699966430664,105.02999877929688,103.12000274658203,103.30999755859375,94.45030212402344,39330100
2014-12-11,103.61000061035156,105.04000091552734,103.58999633789062,103.80000305175781,94.8982925415039,47576000
2014-12-12,102.80999755859375,103.98999786376953,102.66000366210938,102.66999816894531,93.86519622802734,46889400
2014-12-15,103.19999694824219,103.58000183105469,101.31999969482422,101.61000061035156,92.89612579345703,52968400
2014-12-16,100.97000122070312,102.47000122070312,99.95999908447266,99.9800033569336,91.4058837890625,65348600
2014-12-17,100.05000305175781,102.08999633789062,99.91999816894531,101.80000305175781,93.0698013305664,79715300
2014-12-18,103.26000213623047,104.26000213623047,102.9800033569336,104.25,95.3096923828125,49840900
2014-12-19,103.97000122070312,104.73999786376953,103.70999908447266,104.31999969482422,95.72906494140625,51419900
2014-12-22,104.1500015258789,104.61000061035156,104.0999984741211,104.58000183105469,95.96766662597656,33869200
2014-12-23,104.95999908447266,104.97000122070312,104.08999633789062,104.20999908447266,95.62812042236328,30156900
2014-12-24,104.33999633789062,104.69999694824219,104.2699966430664,104.30000305175781,95.71070861816406,14291300
2014-12-26,104.5999984741211,105.26000213623047,104.56999969482422,105.04000091552734,96.38976287841797,13924300
2014-12-29,104.94000244140625,105.25,104.87999725341797,105.0199966430664,96.3714370727539,17073800
2014-12-30,104.72000122070312,104.95999908447266,104.18000030517578,104.31999969482422,95.72906494140625,18604000
2014-12-31,104.5,104.91000366210938,103.0999984741211,103.25,94.74720001220703,24367100
2015-01-02,103.76000213623047,104.19999694824219,102.44000244140625,102.94000244140625,94.46271514892578,31314600
2015-01-05,102.48999786376953,102.61000061035156,101.13999938964844,101.43000030517578,93.07707977294922,36521300
2015-01-06,101.58000183105469,101.75,99.62000274658203,100.06999969482422,91.8290786743164,66205500
2015-01-07,100.7300033569336,101.5999984741211,100.48999786376953,101.36000061035156,93.0128402709961,37577400
2015-01-08,102.22000122070312,103.5,102.11000061035156,103.30000305175781,94.7930679321289,40212600
2015-01-09,103.62000274658203,103.6500015258789,102.0199966430664,102.62000274658203,94.1690673828125,41410100
2015-01-12,102.81999969482422,102.93000030517578,101.29000091552734,101.55000305175781,93.18719482421875,34129800
2015-01-13,102.54000091552734,103.62000274658203,100.69999694824219,101.5199966430664,93.15966796875,56162300
2015-01-14,100.5,101.4800033569336,100.06999969482422,100.95999908447266,92.64576721191406,51354200
2015-01-15,101.43000030517578,101.58999633789062,99.52999877929688,99.6500015258789,91.44367218017578,51005400
2015-01-16,99.5199966430664,100.94999694824219,99.36000061035156,100.81999969482422,92.51731872558594,35362200
2015-01-20,101.43000030517578,101.87999725341797,100.29000091552734,101.62000274658203,93.25144958496094,30964100
2015-01-21,101.31999969482422,102.62000274658203,100.95999908447266,102.13999938964844,93.72860717773438,40128800
2015-01-22,102.54000091552734,104.13999938964844,101.63999938964844,104.02999877929688,95.46295166015625,40887200
2015-01-23,104.0199966430664,104.58000183105469,103.72000122070312,104.26000213623047,95.67402648925781,34783000
2015-01-26,104.13999938964844,104.33000183105469,103.61000061035156,104.13999938964844,95.56390380859375,19960900
2015-01-27,102.5,102.55999755859375,101.0999984741211,101.44000244140625,93.08624267578125,45253200
2015-01-28,103.06999969482422,103.18000030517578,100.9000015258789,100.91999816894531,92.60906219482422,43591700
2015-01-29,100.83999633789062,102.08000183105469,99.95999908447266,101.88999938964844,93.49918365478516,46539700
2015-01-30,101.80000305175781,102.58000183105469,100.95999908447266,101.0999984741211,92.77426147460938,42927600
2015-02-02,101.33000183105469,102.06999969482422,99.75,101.9800033569336,93.58177947998047,43624700
2015-02-03,102.3499984741211,103.02999877929688,101.68000030517578,102.95999908447266,94.4810562133789,30750400
2015-02-04,102.54000091552734,103.55000305175781,102.30999755859375,102.87000274658203,94.39849853515625,34073200
2015-02-05,103.12999725341797,103.83000183105469,102.87000274658203,103.76000213623047,95.21517181396484,23605500
2015-02-06,103.91999816894531,104.16999816894531,102.76000213623047,103.12999725341797,94.63706970214844,34169300
2015-02-09,102.7300033569336,103.29000091552734,102.55000305175781,102.80000305175781,94.33425903320312,22604700
2015-02-10,103.37000274658203,104.54000091552734,103.20999908447266,104.4000015258789,95.802490234375,23686500
2015-02-11,104.5199966430664,105.0199966430664,104.31999969482422,104.77999877929688,96.15119934082031,20303600
2015-02-12,105.45999908447266,106.04000091552734,105.30000305175781,106.0,97.27071380615234,22520300
2015-02-13,106.30000305175781,106.93000030517578,106.0999984741211,106.91000366210938,98.10579681396484,29030200
2015-02-17,106.91000366210938,107.08000183105469,106.63999938964844,107.01000213623047,98.19756317138672,17675300
2015-02-18,106.87999725341797,107.22000122070312,106.73999786376953,107.16000366210938,98.33519744873047,15149600
2015-02-19,107.08999633789062,107.76000213623047,107.05999755859375,107.69000244140625,98.82156372070312,19828100
2015-02-20,107.62000274658203,108.47000122070312,107.27999877929688,108.41000366210938,99.48224639892578,28336700
2015-02-23,108.3499984741211,108.55000305175781,108.11000061035156,108.5199966430664,99.58320617675781,17868000
2015-02-24,108.37999725341797,108.7300033569336,108.05000305175781,108.5999984741211,99.6565933227539,19745000
2015-02-25,108.44000244140625,108.86000061035156,108.08999633789062,108.33000183105469,99.40880584716797,19472300
2015-02-26,108.44000244140625,108.94000244140625,108.13999938964844,108.87999725341797,99.91353607177734,22255500
2015-02-27,108.83999633789062,108.91000366210938,108.2300033569336,108.4000015258789,99.47307586669922,27757600
2015-03-02,108.61000061035156,109.41999816894531,108.58999633789062,109.37999725341797,100.3723373413086,22988600
2015-03-03,109.05000305175781,109.16000366210938,108.18000030517578,108.87000274658203,99.90435028076172,20788900
2015-03-04,108.51000213623047,108.66999816894531,107.86000061035156,108.44999694824219,99.51896667480469,21007400
2015-03-05,108.7300033569336,108.97000122070312,108.19000244140625,108.63999938964844,99.69330596923828,15381000
2015-03-06,108.5,108.70999908447266,107.13999938964844,107.41000366210938,98.56462097167969,30990400
2015-03-09,107.62999725341797,107.98999786376953,107.19000244140625,107.72000122070312,98.84910583496094,26237100
2015-03-10,106.94999694824219,106.9800033569336,105.72000122070312,105.72000122070312,97.0137710571289,34234500
2015-03-11,105.87999725341797,106.01000213623047,105.06999969482422,105.11000061035156,96.45401763916016,25459700
2015-03-12,105.02999877929688,105.91999816894531,104.95999908447266,105.80000305175781,97.08718872070312,21473200
2015-03-13,105.69999694824219,106.12000274658203,104.68000030517578,105.33999633789062,96.66506958007812,42021100
2015-03-16,105.7300033569336,106.73999786376953,105.62000274658203,106.69999694824219,97.91307830810547,25674100
2015-03-17,106.41000366210938,107.04000091552734,106.16000366210938,106.87000274658203,98.0690689086914,19603800
2015-03-18,106.58000183105469,108.41000366210938,106.02999877929688,107.91999816894531,99.0325698852539,40622200
2015-03-19,108.02999877929688,108.37999725341797,107.87000274658203,108.08000183105469,99.179443359375,31314000
2015-03-20,108.72000122070312,109.06999969482422,108.51000213623047,108.52999877929688,99.82142639160156,31761400
2015-03-23,108.47000122070312,108.7699966430664,108.27999877929688,108.31999969482422,99.62826538085938,17268500
2015-03-24,108.30999755859375,108.80999755859375,107.91000366210938,107.93000030517578,99.26958465576172,22445300
2015-03-25,108.0999984741211,108.19999694824219,105.41999816894531,105.45999908447266,96.99776458740234,41581400
2015-03-26,104.58999633789062,105.69999694824219,104.23999786376953,105.0999984741211,96.66664123535156,47846300
2015-03-27,105.08000183105469,105.7699966430664,104.91999816894531,105.5199966430664,97.05293273925781,33878400
2015-03-30,106.16000366210938,106.81999969482422,106.16000366210938,106.7300033569336,98.16585540771484,30570200
2015-03-31,106.43000030517578,106.6500015258789,105.56999969482422,105.5999984741211,97.12651062011719,30488100
2015-04-01,105.5999984741211,105.62000274658203,104.37000274658203,105.05000305175781,96.62066650390625,32970500
2015-04-02,105.1500015258789,105.45999908447266,104.77999877929688,105.12000274658203,96.68504333496094,19164200
2015-04-06,104.5,106.2699966430664,104.33999633789062,105.9800033569336,97.4760513305664,24451100
2015-04-07,105.91999816894531,106.69999694824219,105.80000305175781,105.80000305175781,97.31047058105469,19379400
2015-04-08,105.83999633789062,106.79000091552734,105.83000183105469,106.63999938964844,98.08308410644531,25866900
2015-04-09,106.58999633789062,107.3499984741211,106.2300033569336,107.30999755859375,98.69935607910156,23114700
2015-04-10,107.2699966430664,107.76000213623047,107.02999877929688,107.75,99.10399627685547,17164300
2015-04-13,107.83000183105469,108.37999725341797,107.36000061035156,107.4800033569336,98.8556900024414,17783500
2015-04-14,107.37000274658203,107.68000030517578,106.55999755859375,107.16999816894531,98.570556640625,23755700
2015-04-15,107.44999694824219,108.06999969482422,107.31999969482422,107.83999633789062,99.18677520751953,21128600
2015-04-16,107.55000305175781,107.87999725341797,107.4000015258789,107.69000244140625,99.0488510131836,16195300
2015-04-17,106.66000366210938,106.94999694824219,105.55000305175781,106.01000213623047,97.5036392211914,46514000
2015-04-20,106.54000091552734,107.79000091552734,106.5,107.5999984741211,98.9660415649414,28945900
2015-04-21,108.22000122070312,108.41000366210938,107.93000030517578,108.05999755859375,99.38912963867188,22759800
2015-04-22,108.33999633789062,108.83000183105469,107.63999938964844,108.6500015258789,99.93177795410156,21429200
2015-04-23,108.27999877929688,109.55000305175781,108.26000213623047,109.05999755859375,100.30888366699219,29473200
2015-04-24,110.20999908447266,110.69000244140625,110.02999877929688,110.54000091552734,101.67012023925781,32508100
2015-04-27,110.94999694824219,111.16000366210938,110.0199966430664,110.26000213623047,101.41260528564453,31121300
2015-04-28,110.33999633789062,110.55000305175781,109.11000061035156,110.04000091552734,101.21025085449219,36849200
2015-04-29,109.43000030517578,110.06999969482422,108.75,109.3499984741211,100.57562255859375,34043900
2015-04-30,108.7300033569336,109.16999816894531,107.05999755859375,107.62999725341797,98.9936294555664,44080500
2015-05-01,108.05000305175781,109.12000274658203,108.02999877929688,109.05000305175781,100.29969024658203,32874300
2015-05-04,109.4000015258789,109.91000366210938,109.16999816894531,109.2300033569336,100.46527099609375,23507300
2015-05-05,108.80000305175781,109.0,107.4000015258789,107.44999694824219,98.82808685302734,47843300
2015-05-06,107.63999938964844,107.94999694824219,106.0,106.70999908447266,98.1474609375,42687200
2015-05-07,106.68000030517578,107.6500015258789,106.5999984741211,107.3499984741211,98.73611450195312,29335800
2015-05-08,108.45999908447266,108.91999816894531,108.30000305175781,108.69000244140625,99.96859741210938,33023300
2015-05-11,108.76000213623047,108.9800033569336,108.19000244140625,108.2699966430664,99.58228302001953,19679300
2015-05-12,107.62999725341797,108.33000183105469,106.80000305175781,107.77999877929688,99.13160705566406,33665000
2015-05-13,108.25,108.80999755859375,107.83999633789062,108.0,99.33396911621094,20738400
2015-05-14,108.87999725341797,109.66999816894531,108.4800033569336,109.58000183105469,100.78717803955078,23904200
2015-05-15,109.86000061035156,110.01000213623047,109.30999755859375,109.58000183105469,100.78717803955078,23937400
2015-05-18,109.4000015258789,110.27999877929688,109.31999969482422,110.05999755859375,101.22863006591797,17631100
2015-05-19,110.18000030517578,110.3499984741211,109.76000213623047,109.94000244140625,101.11827087402344,14212900
2015-05-20,110.0199966430664,110.66999816894531,109.43000030517578,110.01000213623047,101.18267059326172,21131900
2015-05-21,109.81999969482422,110.7300033569336,109.66000366210938,110.58000183105469,101.70691680908203,16771800
2015-05-22,110.44999694824219,110.87000274658203,110.37999725341797,110.47000122070312,101.60575866699219,13543800
2015-05-26,110.2300033569336,110.37999725341797,108.76000213623047,109.19999694824219,100.43767547607422,25488400
2015-05-27,109.52999877929688,111.08000183105469,109.29000091552734,110.95999908447266,102.05644226074219,30572700
2015-05-28,110.75,111.01000213623047,110.37000274658203,110.70999908447266,101.82646942138672,17302400
2015-05-29,110.63999938964844,110.79000091552734,109.79000091552734,110.05000305175781,101.21945190429688,30383000
2015-06-01,110.63999938964844,110.72000122070312,109.5199966430664,110.41999816894531,101.55976867675781,24570200
2015-06-02,110.01000213623047,110.61000061035156,109.47000122070312,110.06999969482422,101.23786926269531,19449600
2015-06-03,110.56999969482422,110.80999755859375,110.12999725341797,110.4000015258789,101.5413589477539,20507200
2015-06-04,109.77999877929688,110.4800033569336,109.20999908447266,109.55999755859375,100.76878356933594,31374600
2015-06-05,109.43000030517578,109.69000244140625,108.62999725341797,109.30000305175781,100.5296401977539,22641700
2015-06-08,109.25,109.33000183105469,107.97000122070312,108.19000244140625,99.50870513916016,24549200
2015-06-09,107.93000030517578,108.4000015258789,107.19999694824219,108.01000213623047,99.3431625366211,27554600
2015-06-10,108.37999725341797,109.80999755859375,108.26000213623047,109.48999786376953,100.70438385009766,30297900
2015-06-11,109.86000061035156,110.1500015258789,109.45999908447266,109.6500015258789,100.85157012939453,17593500
2015-06-12,109.06999969482422,109.30000305175781,108.5999984741211,108.75,100.02375030517578,27201800
2015-06-15,107.94000244140625,108.37999725341797,107.30999755859375,108.20999908447266,99.527099609375,31238800
2015-06-16,108.0999984741211,108.9800033569336,108.05000305175781,108.80000305175781,100.06975555419922,16456900
2015-06-17,108.9800033569336,109.44999694824219,108.43000030517578,109.0999984741211,100.3456802368164,23296700
2015-06-18,109.5,110.87999725341797,109.44000244140625,110.69000244140625,101.80809783935547,43032400
2015-06-19,110.48999786376953,110.58000183105469,109.80999755859375,109.88999938964844,101.30474090576172,27877600
2015-06-22,110.69999694824219,111.02999877929688,110.44999694824219,110.69999694824219,102.0514907836914,19120900
2015-06-23,110.81999969482422,110.88999938964844,110.33000183105469,110.79000091552734,102.13447570800781,18127900
2015-06-24,110.66000366210938,111.12999725341797,110.19000244140625,110.22000122070312,101.6089859008789,15815900
2015-06-25,110.6500015258789,110.76000213623047,109.81999969482422,110.0,101.4061508178711,18326700
2015-06-26,109.9800033569336,110.2300033569336,108.86000061035156,109.2699966430664,100.73319244384766,32311700
2015-06-29,108.05999755859375,108.66000366210938,106.63999938964844,106.69000244140625,98.35475158691406,50874900
2015-06-30,107.48999786376953,107.72000122070312,106.73999786376953,107.06999969482422,98.70507049560547,34809900
2015-07-01,108.12999725341797,108.3499984741211,107.41999816894531,107.91999816894531,99.4886703491211,21293000
2015-07-02,108.2300033569336,108.31999969482422,107.62000274658203,107.94999694824219,99.51629638671875,20499400
2015-07-06,107.2699966430664,108.31999969482422,107.04000091552734,107.69999694824219,99.28585815429688,24311000
2015-07-07,107.81999969482422,108.06999969482422,105.83000183105469,107.97000122070312,99.53475952148438,44230800
2015-07-08,107.19999694824219,107.33000183105469,105.88999938964844,106.08999633789062,97.80162811279297,39691500
2015-07-09,107.5,107.5999984741211,106.0199966430664,106.02999877929688,97.74629974365234,28381000
2015-07-10,107.44000244140625,108.05000305175781,107.05000305175781,107.6500015258789,99.23974609375,26415800
2015-07-13,108.58000183105469,109.62999725341797,108.56999969482422,109.54000091552734,100.98210906982422,25780700
2015-07-14,109.69000244140625,110.55999755859375,109.62999725341797,110.26000213623047,101.64585876464844,21977200
2015-07-15,110.47000122070312,110.80999755859375,110.06999969482422,110.37999725341797,101.75648498535156,28631500
2015-07-16,111.29000091552734,111.95999908447266,111.06999969482422,111.94000244140625,103.19461059570312,29838900
2015-07-17,112.83999633789062,113.58999633789062,112.6500015258789,113.58999633789062,104.71566772460938,35926800
2015-07-20,113.83000183105469,114.38999938964844,113.4800033569336,113.9800033569336,105.07523345947266,26539000
2015-07-21,114.0199966430664,114.19999694824219,113.58000183105469,113.91000366210938,105.01068878173828,35468900
2015-07-22,112.16999816894531,113.16999816894531,112.16999816894531,112.62000274658203,103.82148742675781,35575000
2015-07-23,112.7300033569336,113.0999984741211,111.91000366210938,112.19999694824219,103.43428039550781,25698300
2015-07-24,112.80000305175781,113.0,110.93000030517578,111.0999984741211,102.42024230957031,30844700
2015-07-27,110.47000122070312,110.94999694824219,109.94000244140625,110.18000030517578,101.57211303710938,35994800
2015-07-28,110.66999816894531,111.3499984741211,109.79000091552734,111.12999725341797,102.4478759765625,33553500
2015-07-29,111.37000274658203,111.79000091552734,110.94000244140625,111.55000305175781,102.8350601196289,26714100
2015-07-30,111.29000091552734,112.2699966430664,110.62000274658203,112.08000183105469,103.32366180419922,25438100
2015-07-31,112.43000030517578,112.48999786376953,111.72000122070312,111.94999694824219,103.20381164550781,22081700
2015-08-03,111.97000122070312,112.27999877929688,110.86000061035156,111.5999984741211,102.88114929199219,25001800
2015-08-04,111.55000305175781,111.75,110.93000030517578,111.38999938964844,102.68756103515625,22132300
2015-08-05,112.01000213623047,113.0,111.87999725341797,112.25,103.48035430908203,28989900
2015-08-06,112.3499984741211,112.5,109.94999694824219,110.44999694824219,101.82100677490234,42125400
2015-08-07,110.18000030517578,110.56999969482422,109.4000015258789,110.30999755859375,101.69193267822266,30006800
2015-08-10,111.01000213623047,111.80999755859375,111.0,111.56999969482422,102.85348510742188,21500800
2015-08-11,110.9800033569336,111.41000366210938,109.52999877929688,110.13999938964844,101.53520965576172,36123300
2015-08-12,109.37999725341797,110.73999786376953,108.22000122070312,110.5199966430664,101.8855209350586,41889000
2015-08-13,110.62999725341797,111.16000366210938,110.0999984741211,110.33999633789062,101.71958923339844,22510500
2015-08-14,110.08000183105469,110.66999816894531,109.86000061035156,110.51000213623047,101.87632751464844,17924900
2015-08-17,110.23999786376953,111.45999908447266,109.95999908447266,111.43000030517578,102.72444152832031,21224900
2015-08-18,111.27999877929688,111.37000274658203,110.70999908447266,110.86000061035156,102.1989517211914,13984400
2015-08-19,110.5199966430664,111.11000061035156,109.48999786376953,110.12999725341797,101.52601623535156,42511400
2015-08-20,109.11000061035156,109.45999908447266,107.06999969482422,107.08000183105469,98.71427154541016,57747300
2015-08-21,105.56999969482422,106.47000122070312,102.4000015258789,102.4000015258789,94.39994812011719,97763400
2015-08-24,94.2300033569336,102.52999877929688,84.73999786376953,98.45999908447266,90.76771545410156,150829900
2015-08-25,102.06999969482422,102.73999786376953,98.01000213623047,98.08999633789062,90.42664337158203,75088300
2015-08-26,100.95999908447266,103.2300033569336,98.93000030517578,103.02999877929688,94.98066711425781,104103800
2015-08-27,104.5199966430664,105.70999908447266,103.27999877929688,105.63999938964844,97.38680267333984,69377700
2015-08-28,105.08000183105469,106.0,104.8499984741211,105.62000274658203,97.3683853149414,49919600
2015-08-31,105.02999877929688,105.61000061035156,104.05000305175781,104.30999755859375,96.16070556640625,39549400
2015-09-01,101.70999908447266,103.29000091552734,100.62999725341797,101.05000305175781,93.1553955078125,73155500
2015-09-02,102.87999725341797,103.91999816894531,101.69999694824219,103.9000015258789,95.7827377319336,43963600
2015-09-03,104.30999755859375,105.0199966430664,103.0999984741211,103.38999938964844,95.3125991821289,45131800
2015-09-04,101.97000122070312,102.8499984741211,101.58999633789062,102.16000366210938,94.17865753173828,49379600
2015-09-08,104.12000274658203,105.16999816894531,103.69000244140625,105.04000091552734,96.83366394042969,37343500
2015-09-09,106.27999877929688,106.30999755859375,103.58999633789062,103.86000061035156,95.74584197998047,47146700
2015-09-10,103.73999786376953,105.68000030517578,103.62000274658203,104.98999786376953,96.78758239746094,47686700
2015-09-11,104.51000213623047,105.56999969482422,104.20999908447266,105.56999969482422,97.32228088378906,29106100
2015-09-14,105.95999908447266,105.9800033569336,104.8499984741211,105.25,97.0272445678711,19718800
2015-09-15,105.5,106.81999969482422,105.11000061035156,106.48999786376953,98.17037963867188,30020200
2015-09-16,106.51000213623047,107.19000244140625,106.13999938964844,107.08999633789062,98.72349548339844,31329100
2015-09-17,106.9800033569336,108.7300033569336,106.63999938964844,107.12999725341797,98.76038360595703,56139800
2015-09-18,105.2300033569336,106.5999984741211,105.16999816894531,105.3499984741211,97.35575103759766,48384000
2015-09-21,105.93000030517578,106.55000305175781,104.7300033569336,105.68000030517578,97.66069030761719,35772600
2015-09-22,104.05999755859375,104.41999816894531,103.12999725341797,104.0999984741211,96.20059204101562,47359700
2015-09-23,104.37999725341797,104.66000366210938,103.63999938964844,104.18000030517578,96.27449035644531,21775100
2015-09-24,103.16999816894531,104.19000244140625,102.2699966430664,103.80000305175781,95.92337036132812,38284300
2015-09-25,104.91000366210938,105.01000213623047,102.27999877929688,102.91999816894531,95.11011505126953,44700000
2015-09-28,102.4800033569336,102.55000305175781,99.69000244140625,99.98999786376953,92.40245056152344,44077500
2015-09-29,100.23999786376953,101.26000213623047,98.75,99.47000122070312,91.92192840576172,49315500
2015-09-30,100.88999938964844,101.87000274658203,100.5,101.76000213623047,94.03816986083984,41411400
2015-10-01,101.94000244140625,102.2300033569336,100.58999633789062,102.22000122070312,94.46324157714844,39339100
2015-10-02,100.80000305175781,104.01000213623047,100.4800033569336,104.01000213623047,96.11741638183594,59370900
2015-10-05,104.77999877929688,105.77999877929688,104.55000305175781,105.5,97.49432373046875,32853500
2015-10-06,105.25,105.5999984741211,104.18000030517578,105.0,97.03227996826172,33051500
2015-10-07,105.66000366210938,105.86000061035156,104.29000091552734,105.62999725341797,97.6144790649414,37389300
2015-10-08,105.2300033569336,106.2300033569336,104.20999908447266,106.05000305175781,98.00260162353516,50188900
2015-10-09,106.0999984741211,106.7300033569336,105.80999755859375,106.52999877929688,98.44618225097656,23916200
2015-10-12,106.7300033569336,106.98999786376953,106.3499984741211,106.79000091552734,98.68646240234375,16162000
2015-10-13,106.18000030517578,107.26000213623047,106.0,106.0999984741211,98.04883575439453,26999600
2015-10-14,106.0999984741211,106.62999725341797,105.48999786376953,105.93000030517578,97.8917236328125,30902600
2015-10-15,106.31999969482422,107.68000030517578,106.18000030517578,107.66999816894531,99.4996566772461,38393800
2015-10-16,107.9000015258789,108.18000030517578,107.37999725341797,108.12000274658203,99.91553497314453,27091100
2015-10-19,107.9800033569336,108.80999755859375,107.73999786376953,108.73999786376953,100.488525390625,23776300
2015-10-20,108.55000305175781,108.77999877929688,107.80999755859375,108.18000030517578,99.97099304199219,23404700
2015-10-21,108.7300033569336,108.83999633789062,107.4800033569336,107.5199966430664,99.36105346679688,30195200
2015-10-22,108.4800033569336,109.80000305175781,108.16999816894531,109.70999908447266,101.3848648071289,42778700
2015-10-23,112.66000366210938,113.23999786376953,112.06999969482422,112.77999877929688,104.22191619873047,53170900
2015-10-26,112.69999694824219,113.06999969482422,112.2699966430664,112.8499984741211,104.2865982055664,25918000
2015-10-27,112.55000305175781,113.23999786376953,112.5199966430664,113.08000183105469,104.49913787841797,31390500
2015-10-28,113.25,114.0199966430664,112.33999633789062,114.0199966430664,105.36782836914062,42221900
2015-10-29,113.5,114.02999877929688,113.37999725341797,113.83999633789062,105.20146942138672,24913300
2015-10-30,113.88999938964844,114.08000183105469,113.30000305175781,113.33000183105469,104.73018646240234,27199200
2015-11-02,113.62999725341797,114.75,113.38999938964844,114.61000061035156,105.91304779052734,22176900
2015-11-03,114.37999725341797,115.41999816894531,114.20999908447266,115.01000213623047,106.28269958496094,20418400
2015-11-04,115.38999938964844,115.47000122070312,114.54000091552734,115.0199966430664,106.29194641113281,28633000
2015-11-05,115.12000274658203,115.4000015258789,114.11000061035156,114.70999908447266,106.00545501708984,25004100
2015-11-06,114.48999786376953,114.91999816894531,113.76000213623047,114.79000091552734,106.07939147949219,29924900
2015-11-09,114.36000061035156,114.51000213623047,112.87000274658203,113.56999969482422,104.95198059082031,33479800
2015-11-10,112.97000122070312,113.38999938964844,112.62999725341797,113.27999877929688,104.6839828491211,35452100
2015-11-11,113.58999633789062,114.13999938964844,112.94999694824219,113.13999938964844,104.55462646484375,22748800
2015-11-12,112.68000030517578,113.2300033569336,111.95999908447266,112.04000091552734,103.5380630493164,31196900
2015-11-13,111.56999969482422,111.69000244140625,109.77999877929688,109.83999633789062,101.5050048828125,52836000
2015-11-16,109.7300033569336,111.44000244140625,109.4800033569336,111.41999816894531,102.96512603759766,33980600
2015-11-17,111.61000061035156,112.29000091552734,111.20999908447266,111.48999786376953,103.0298080444336,30579500
2015-11-18,111.94000244140625,113.73999786376953,111.83000183105469,113.62999725341797,105.00740814208984,32966500
2015-11-19,113.69000244140625,114.2300033569336,113.48999786376953,113.70999908447266,105.08133697509766,26188100
2015-11-20,114.25,114.56999969482422,114.13999938964844,114.4800033569336,105.79293060302734,22727600
2015-11-23,114.5199966430664,114.94000244140625,113.66000366210938,114.1500015258789,105.48796081542969,20696200
2015-11-24,113.41000366210938,114.31999969482422,112.83999633789062,114.05000305175781,105.39558410644531,26374400
2015-11-25,114.22000122070312,114.36000061035156,113.91000366210938,114.1500015258789,105.48796081542969,14159900
2015-11-27,114.4000015258789,114.54000091552734,113.91999816894531,114.30999755859375,105.63581848144531,8828000
2015-11-30,114.6500015258789,114.6500015258789,113.6500015258789,114.0199966430664,105.36782836914062,25041600
2015-12-01,114.4800033569336,115.16000366210938,114.33999633789062,115.16000366210938,106.42132568359375,28639400
2015-12-02,115.25,115.75,114.27999877929688,114.44999694824219,105.76519012451172,22395500
2015-12-03,114.76000213623047,114.95999908447266,111.83999633789062,112.51000213623047,103.9723892211914,42754300
2015-12-04,112.8499984741211,115.33000183105469,112.62000274658203,115.13999938964844,106.40282440185547,40037300
2015-12-07,115.22000122070312,115.29000091552734,114.06999969482422,114.62000274658203,105.92228698730469,25892100
2015-12-08,113.41999816894531,115.0,113.37999725341797,114.62999725341797,105.93153381347656,30792600
2015-12-09,114.12999725341797,114.76000213623047,112.19999694824219,112.88999938964844,104.32357025146484,48509200
2015-12-10,113.1500015258789,114.16000366210938,112.80999755859375,113.4000015258789,104.79488372802734,30154600
2015-12-11,112.08999633789062,112.38999938964844,110.72000122070312,110.79000091552734,102.38292694091797,56022200
2015-12-14,110.94000244140625,111.68000030517578,109.37999725341797,111.62999725341797,103.1591796875,53098500
2015-12-15,112.66000366210938,113.27999877929688,112.16999816894531,112.30999755859375,103.78758239746094,48428000
2015-12-16,113.06999969482422,114.16999816894531,111.88999938964844,113.9800033569336,105.33088684082031,44944100
2015-12-17,114.4800033569336,114.4800033569336,112.30000305175781,112.31999969482422,103.79682922363281,45668800
2015-12-18,111.62999725341797,111.87999725341797,109.83000183105469,109.83000183105469,101.80574798583984,53746100
2015-12-21,110.87000274658203,111.06999969482422,110.05000305175781,111.05000305175781,102.9366226196289,26432800
2015-12-22,111.63999938964844,111.94000244140625,111.05000305175781,111.77999877929688,103.61328125,26540300
2015-12-23,112.36000061035156,112.69000244140625,112.16000366210938,112.61000061035156,104.3826675415039,25656900
2015-12-24,112.61000061035156,112.9000015258789,112.54000091552734,112.58999633789062,104.3641128540039,11468600
2015-12-28,112.31999969482422,112.55000305175781,111.51000213623047,112.52999877929688,104.30848693847656,19183600
2015-12-29,113.19999694824219,114.55000305175781,113.12999725341797,114.30000305175781,105.94918823242188,27725700
2015-12-30,114.19999694824219,114.23999786376953,113.25,113.2699966430664,104.99443817138672,19520100
2015-12-31,112.87000274658203,113.08000183105469,111.83999633789062,111.86000061035156,103.68743133544922,29886800
2016-01-04,109.44999694824219,109.5999984741211,108.12000274658203,109.5,101.49983978271484,50807600
2016-01-05,110.04000091552734,110.18000030517578,108.80000305175781,109.30999755859375,101.32374572753906,38795200
2016-01-06,107.41000366210938,108.88999938964844,107.41000366210938,108.26000213623047,100.35045623779297,41891100
2016-01-07,105.94999694824219,107.29000091552734,104.80999755859375,104.87000274658203,97.2081527709961,61386300
2016-01-08,105.62999725341797,106.29000091552734,103.9000015258789,104.01000213623047,96.41097259521484,69344000
2016-01-11,104.75,105.05999755859375,102.7300033569336,104.33000183105469,96.70760345458984,50024100
2016-01-12,105.33000183105469,106.08000183105469,104.08000183105469,105.54000091552734,97.8292007446289,46734200
2016-01-13,105.97000122070312,106.2300033569336,101.73999786376953,101.9000015258789,94.45512390136719,69870700
2016-01-14,102.30000305175781,104.9800033569336,100.66999816894531,104.06999969482422,96.4665756225586,78445700
2016-01-15,100.62000274658203,101.94000244140625,99.51000213623047,100.83999633789062,93.47257232666016,91443900
2016-01-19,102.20999908447266,102.37000274658203,99.87999725341797,101.05999755859375,93.67648315429688,56563800
2016-01-20,99.47000122070312,101.83000183105469,97.25,100.75,93.38914489746094,86675000
2016-01-21,101.18000030517578,102.3499984741211,99.81999969482422,100.8499984741211,93.48184204101562,61660100
2016-01-22,102.87999725341797,103.80999755859375,102.52999877929688,103.7699966430664,96.18852233886719,42229800
2016-01-25,103.4000015258789,103.98999786376953,102.13999938964844,102.2300033569336,94.7610092163086,38881500
2016-01-26,102.66000366210938,103.58999633789062,101.76000213623047,103.1500015258789,95.61378479003906,36143900
2016-01-27,102.55000305175781,102.98999786376953,100.1500015258789,100.58000183105469,93.23155212402344,54524700
2016-01-28,102.25,102.29000091552734,100.26000213623047,102.0,94.54780578613281,47641500
2016-01-29,101.97000122070312,104.16999816894531,101.94000244140625,104.12999725341797,96.52222442626953,54245100
2016-02-01,103.62999725341797,104.80000305175781,103.2300033569336,104.41000366210938,96.78173065185547,32750300
2016-02-02,103.93000030517578,103.97000122070312,101.83999633789062,102.1500015258789,94.6868667602539,44928100
2016-02-03,102.83000183105469,102.83000183105469,99.87999725341797,101.66000366210938,94.23268127441406,61572900
2016-02-04,101.38999938964844,102.45999908447266,100.44000244140625,101.6500015258789,94.2233657836914,49321600
2016-02-05,101.29000091552734,101.33000183105469,97.72000122070312,98.12000274658203,90.95130157470703,70749900
2016-02-08,96.29000091552734,97.05000305175781,94.83999633789062,96.62000274658203,89.56090545654297,91673100
2016-02-09,95.33000183105469,97.77999877929688,95.18000030517578,96.31999969482422,89.28279113769531,73778400
2016-02-10,97.43000030517578,98.69000244140625,96.62000274658203,96.69000244140625,89.62578582763672,59421700
2016-02-11,95.45999908447266,97.31999969482422,95.19000244140625,96.55000305175781,89.49598693847656,76839200
2016-02-12,97.63999938964844,98.12000274658203,96.7300033569336,98.0199966430664,90.85859680175781,49186500
2016-02-16,99.47000122070312,100.2300033569336,98.8499984741211,100.2300033569336,92.90718078613281,40565900
2016-02-17,100.95999908447266,102.63999938964844,100.69999694824219,102.5,95.01129913330078,41766500
2016-02-18,102.81999969482422,102.83999633789062,101.19999694824219,101.33000183105469,93.9267578125,38991500
2016-02-19,100.83999633789062,101.94000244140625,100.62000274658203,101.62999725341797,94.20487976074219,28257900
2016-02-22,102.58000183105469,103.37999725341797,102.4800033569336,103.27999877929688,95.7342758178711,23979100
2016-02-23,102.68000030517578,102.95999908447266,101.51000213623047,101.58000183105469,94.15851593017578,29869700
2016-02-24,100.38999938964844,102.68000030517578,99.7699966430664,102.55000305175781,95.05765533447266,40739100
2016-02-25,102.76000213623047,103.55999755859375,101.83999633789062,103.55999755859375,95.99383544921875,29389300
2016-02-26,104.3499984741211,104.37000274658203,103.18000030517578,103.43000030517578,95.87334442138672,30925000
2016-02-29,103.33000183105469,104.0999984741211,102.5,102.5,95.01129913330078,27553900
2016-03-01,103.4800033569336,105.79000091552734,103.16000366210938,105.79000091552734,98.06092834472656,37699800
2016-03-02,105.66000366210938,105.8499984741211,105.01000213623047,105.83000183105469,98.0980224609375,29209800
2016-03-03,105.72000122070312,105.75,104.87000274658203,105.62999725341797,97.9126205444336,25474600
2016-03-04,105.75,106.3499984741211,104.97000122070312,105.66999816894531,97.94969177246094,31655400
2016-03-07,105.12999725341797,105.73999786376953,104.2699966430664,105.0199966430664,97.34717559814453,25861200
2016-03-08,104.30000305175781,105.20999908447266,103.97000122070312,104.1500015258789,96.54072570800781,28898500
2016-03-09,104.54000091552734,104.83999633789062,103.95999908447266,104.81999969482422,97.16178131103516,31047400
2016-03-10,105.26000213623047,105.86000061035156,103.30999755859375,104.66000366210938,97.01349639892578,44236100
2016-03-11,105.79000091552734,106.48999786376953,105.45999908447266,106.48999786376953,98.70977020263672,31454000
2016-03-14,106.08999633789062,106.91999816894531,106.05999755859375,106.66999816894531,98.87660217285156,25374900
2016-03-15,106.29000091552734,106.75,105.94999694824219,106.62999725341797,98.83956146240234,26524600
2016-03-16,106.37000274658203,107.86000061035156,106.33999633789062,107.58000183105469,99.72013092041016,31693100
2016-03-17,107.2699966430664,107.7699966430664,106.87000274658203,107.5199966430664,99.66451263427734,29623700
2016-03-18,107.45999908447266,107.63999938964844,106.80000305175781,107.37000274658203,99.82070922851562,37682300
2016-03-21,107.18000030517578,107.88999938964844,107.12000274658203,107.79000091552734,100.21119689941406,17288600
2016-03-22,107.18000030517578,108.37000274658203,107.16000366210938,108.12000274658203,100.51797485351562,18840300
2016-03-23,107.91000366210938,107.98999786376953,106.98999786376953,107.2300033569336,99.69056701660156,20912900
2016-03-24,106.70999908447266,107.29000091552734,106.52999877929688,107.26000213623047,99.71845245361328,19017300
2016-03-28,107.55999755859375,107.58000183105469,106.91999816894531,107.11000061035156,99.57901000976562,13892300
2016-03-29,106.91000366210938,108.9000015258789,106.7300033569336,108.83000183105469,101.1780776977539,29963900
2016-03-30,109.4800033569336,110.04000091552734,109.12999725341797,109.36000061035156,101.6707763671875,23807200
2016-03-31,109.27999877929688,109.69000244140625,109.02999877929688,109.19999694824219,101.52202606201172,21447200
2016-04-01,108.54000091552734,110.4000015258789,108.38999938964844,110.36000061035156,102.60049438476562,26389000
2016-04-04,110.36000061035156,110.44000244140625,109.68000030517578,109.94000244140625,102.21001434326172,17163000
2016-04-05,109.08999633789062,109.5,108.73999786376953,108.87999725341797,101.22457122802734,20107900
2016-04-06,108.98999786376953,110.70999908447266,108.98999786376953,110.66999816894531,102.88868713378906,25056000
2016-04-07,110.02999877929688,110.2300033569336,108.61000061035156,109.08000183105469,101.41047668457031,28567200
2016-04-08,109.76000213623047,110.0199966430664,108.62000274658203,109.0,101.33612823486328,22898000
2016-04-11,109.47000122070312,110.0199966430664,108.58999633789062,108.5999984741211,100.96422576904297,25772100
2016-04-12,108.68000030517578,109.72000122070312,108.0199966430664,109.51000213623047,101.81025695800781,28564100
2016-04-13,110.3499984741211,111.08000183105469,110.20999908447266,110.91000366210938,103.11180114746094,25356700
2016-04-14,110.93000030517578,111.33000183105469,110.0,110.91999816894531,103.12112426757812,17199700
2016-04-15,110.83000183105469,111.05999755859375,110.36000061035156,110.63999938964844,102.86080932617188,21353300
2016-04-18,110.31999969482422,111.2699966430664,110.25,111.2300033569336,103.40931701660156,17126100
2016-04-19,111.44000244140625,111.44000244140625,109.87999725341797,110.55000305175781,102.7771224975586,42481400
2016-04-20,110.55000305175781,111.1500015258789,110.16999816894531,110.63999938964844,102.86080932617188,18078300
2016-04-21,110.58000183105469,111.05000305175781,110.1500015258789,110.6500015258789,102.87012481689453,20216000
2016-04-22,109.20999908447266,109.72000122070312,108.12000274658203,108.9800033569336,101.31753540039062,39074000
2016-04-25,108.6500015258789,108.98999786376953,108.44999694824219,108.9800033569336,101.31753540039062,14351900
2016-04-26,109.20999908447266,109.38999938964844,108.12000274658203,108.44999694824219,100.82476806640625,19118300
2016-04-27,107.33999633789062,107.83000183105469,106.69000244140625,107.58000183105469,100.01593780517578,33059800
2016-04-28,107.69999694824219,108.33000183105469,106.06999969482422,106.27999877929688,98.8073501586914,29818200
2016-04-29,106.27999877929688,106.5,104.87999725341797,105.72000122070312,98.28673553466797,67502800
2016-05-02,105.98999786376953,106.87000274658203,105.55000305175781,106.72000122070312,99.21642303466797,24813800
2016-05-03,105.95999908447266,106.44000244140625,105.44999694824219,105.7300033569336,98.29602813720703,38569400
2016-05-04,105.08999633789062,105.4800033569336,104.79000091552734,105.05000305175781,97.66385650634766,27474500
2016-05-05,105.43000030517578,105.66000366210938,104.80999755859375,105.0199966430664,97.63594055175781,20788100
2016-05-06,104.5,105.5999984741211,104.4000015258789,105.58000183105469,98.1565933227539,30758500
2016-05-09,105.58999633789062,106.37000274658203,105.54000091552734,105.87999725341797,98.43547058105469,19289600
2016-05-10,106.26000213623047,107.37999725341797,106.06999969482422,107.33000183105469,99.78352355957031,21178900
2016-05-11,107.16999816894531,107.48999786376953,106.33000183105469,106.36000061035156,98.88172912597656,20966300
2016-05-12,106.61000061035156,106.73999786376953,105.13999938964844,105.88999938964844,98.44476318359375,29196300
2016-05-13,105.80000305175781,106.44999694824219,105.29000091552734,105.5,98.08220672607422,21059300
2016-05-16,105.66000366210938,107.20999908447266,105.55999755859375,106.81999969482422,99.30939483642578,18311900
2016-05-17,106.7300033569336,107.04000091552734,105.19999694824219,105.4800033569336,98.0636215209961,29932700
2016-05-18,105.23999786376953,106.43000030517578,105.04000091552734,105.86000061035156,98.41687774658203,27524400
2016-05-19,105.44999694824219,105.70999908447266,104.54000091552734,105.30999755859375,97.90553283691406,27334600
2016-05-20,105.7300033569336,106.9000015258789,105.66999816894531,106.47000122070312,98.98395538330078,29549600
2016-05-23,106.58999633789062,106.97000122070312,106.2300033569336,106.33000183105469,98.8538589477539,15729800
2016-05-24,106.91999816894531,108.58999633789062,106.88999938964844,108.45999908447266,100.83405303955078,29931300
2016-05-25,108.87000274658203,109.56999969482422,108.68000030517578,109.23999786376953,101.5592269897461,37951700
2016-05-26,109.3499984741211,109.69999694824219,109.08999633789062,109.55999755859375,101.85670471191406,21885900
2016-05-27,109.62999725341797,110.13999938964844,109.61000061035156,110.12999725341797,102.38665771484375,19870000
2016-05-31,110.27999877929688,110.51000213623047,109.77999877929688,110.33999633789062,102.5819091796875,24366100
2016-06-01,110.0,110.5999984741211,109.91000366210938,110.3499984741211,102.59117126464844,19571500
2016-06-02,110.12999725341797,110.58999633789062,109.52999877929688,110.58000183105469,102.80502319335938,15696600
2016-06-03,110.37000274658203,110.41999816894531,109.33999633789062,110.05999755859375,102.32157135009766,20269900
2016-06-06,110.26000213623047,110.75,110.06999969482422,110.45999908447266,102.6934814453125,12502400
2016-06-07,110.5199966430664,110.62999725341797,110.12999725341797,110.18000030517578,102.43315887451172,12184300
2016-06-08,110.37000274658203,110.5999984741211,109.95999908447266,110.37000274658203,102.60980224609375,14568700
2016-06-09,109.91999816894531,110.30999755859375,109.70999908447266,110.19000244140625,102.44244384765625,17571600
2016-06-10,109.19000244140625,109.4000015258789,108.55999755859375,108.94000244140625,101.28036499023438,32965000
2016-06-13,108.31999969482422,108.93000030517578,107.88999938964844,108.02999877929688,100.4343032836914,25154700
2016-06-14,107.73999786376953,108.41999816894531,107.23999786376953,108.02999877929688,100.4343032836914,24588500
2016-06-15,108.29000091552734,108.44000244140625,107.54000091552734,107.72000122070312,100.14613342285156,24605700
2016-06-16,107.19000244140625,108.13999938964844,106.5,108.04000091552734,100.443603515625,32079900
2016-06-17,107.52999877929688,107.68000030517578,106.23999786376953,106.48999786376953,99.26627349853516,29208800
2016-06-20,107.7300033569336,108.23999786376953,107.08000183105469,107.16000366210938,99.89083099365234,20562800
2016-06-21,107.30000305175781,107.72000122070312,107.0999984741211,107.5,100.20772552490234,22804100
2016-06-22,107.55999755859375,108.19000244140625,107.1500015258789,107.23999786376953,99.96540069580078,22724200
2016-06-23,108.06999969482422,108.79000091552734,107.62000274658203,108.7699966430664,101.39159393310547,18714200
2016-06-24,104.9000015258789,106.5,104.05999755859375,104.29000091552734,97.21549224853516,68012700
2016-06-27,103.5999984741211,103.5999984741211,101.75,102.22000122070312,95.2859115600586,48222600
2016-06-28,103.3499984741211,104.51000213623047,103.30000305175781,104.45999908447266,97.37397003173828,28260600
2016-06-29,105.27999877929688,106.52999877929688,105.2300033569336,106.30999755859375,99.09849548339844,31356700
2016-06-30,106.48999786376953,107.61000061035156,106.12999725341797,107.54000091552734,100.24503326416016,36300800
2016-07-01,107.48999786376953,108.4800033569336,107.44999694824219,108.08000183105469,100.74844360351562,19902800
2016-07-05,107.51000213623047,107.66000366210938,106.83999633789062,107.41999816894531,100.13319396972656,21167900
2016-07-06,106.91000366210938,108.3499984741211,106.56999969482422,108.30000305175781,100.95349884033203,24579300
2016-07-07,108.4000015258789,108.86000061035156,108.11000061035156,108.62000274658203,101.25177764892578,19161700
2016-07-08,109.19999694824219,110.36000061035156,109.0199966430664,110.30000305175781,102.81782531738281,29457900
2016-07-11,110.66999816894531,111.33999633789062,110.66000366210938,110.93000030517578,103.40508270263672,20218500
2016-07-12,111.61000061035156,111.79000091552734,111.33999633789062,111.48999786376953,103.92710876464844,21906100
2016-07-13,111.75,111.81999969482422,111.20999908447266,111.22000122070312,103.67540740966797,21107800
2016-07-14,111.95999908447266,112.19000244140625,111.69999694824219,111.9800033569336,104.38385009765625,20871000
2016-07-15,112.23999786376953,112.30000305175781,111.55000305175781,111.80000305175781,104.21607208251953,17999300
2016-07-18,111.87000274658203,112.73999786376953,111.8499984741211,112.54000091552734,104.9058837890625,20713900
2016-07-19,112.1500015258789,112.4800033569336,111.93000030517578,112.12999725341797,104.52368927001953,18936700
2016-07-20,112.73999786376953,113.6500015258789,112.5999984741211,113.44000244140625,105.74481964111328,24997900
2016-07-21,113.5199966430664,113.73999786376953,112.87000274658203,113.18000030517578,105.50244140625,18885400
2016-07-22,113.26000213623047,113.77999877929688,112.91000366210938,113.6500015258789,105.9405746459961,20003400
2016-07-25,113.55999755859375,113.69000244140625,113.27999877929688,113.66000366210938,105.94992065429688,12968100
2016-07-26,113.62000274658203,114.19999694824219,113.22000122070312,113.79000091552734,106.07107543945312,21223800
2016-07-27,114.75,114.87999725341797,114.0999984741211,114.58000183105469,106.8074951171875,27646100
2016-07-28,114.76000213623047,115.11000061035156,114.4000015258789,114.9800033569336,107.18037414550781,16939700
2016-07-29,115.23999786376953,115.54000091552734,114.87000274658203,115.2300033569336,107.41342163085938,22385300
2016-08-01,115.30999755859375,116.12999725341797,115.16999816894531,115.83999633789062,107.98202514648438,13990100
2016-08-02,115.66999816894531,115.7699966430664,114.22000122070312,114.95999908447266,107.16170501708984,21278400
2016-08-03,114.87000274658203,115.3499984741211,114.80000305175781,115.33999633789062,107.51596069335938,15011300
2016-08-04,115.30000305175781,115.77999877929688,115.02999877929688,115.66999816894531,107.82353973388672,12835300
2016-08-05,116.26000213623047,117.04000091552734,116.12999725341797,116.77999877929688,108.85824584960938,23196600
2016-08-08,116.83999633789062,116.87000274658203,116.27999877929688,116.6500015258789,108.73706817626953,12358200
2016-08-09,116.73999786376953,117.29000091552734,116.66999816894531,116.91999816894531,108.98876190185547,13276500
2016-08-10,116.98999786376953,117.0199966430664,116.30999755859375,116.62000274658203,108.70911407470703,14688400
2016-08-11,117.0199966430664,117.37000274658203,116.77999877929688,117.12000274658203,109.1751937866211,12969800
2016-08-12,116.91999816894531,117.20999908447266,116.79000091552734,117.19999694824219,109.2497787475586,19379000
2016-08-15,117.3499984741211,117.97000122070312,117.30999755859375,117.69999694824219,109.71585845947266,11777800
2016-08-16,117.4800033569336,117.48999786376953,117.02999877929688,117.05000305175781,109.10995483398438,14161400
2016-08-17,117.08000183105469,117.30000305175781,116.43000030517578,117.26000213623047,109.3056869506836,15980300
2016-08-18,117.1500015258789,117.45999908447266,116.94999694824219,117.29000091552734,109.33367156982422,10036300
2016-08-19,117.08000183105469,117.5199966430664,116.76000213623047,117.26000213623047,109.3056869506836,18743000
2016-08-22,117.08999633789062,117.55000305175781,116.87000274658203,117.3499984741211,109.38958740234375,14500600
2016-08-23,117.80999755859375,118.01000213623047,117.51000213623047,117.55999755859375,109.58534240722656,11997900
2016-08-24,117.4800033569336,117.63999938964844,116.41000366210938,116.80000305175781,108.87689208984375,17728700
2016-08-25,116.5,116.97000122070312,116.36000061035156,116.61000061035156,108.69981384277344,24266300
2016-08-26,116.6500015258789,117.54000091552734,116.08000183105469,116.77999877929688,108.85824584960938,23896000
2016-08-29,116.80999755859375,117.25,116.79000091552734,116.94000244140625,109.00743103027344,11184900
2016-08-30,116.75,117.08999633789062,116.16000366210938,116.55999755859375,108.65318298339844,19843300
2016-08-31,116.37999725341797,116.55999755859375,115.94999694824219,116.44000244140625,108.54131317138672,16169800
2016-09-01,116.4800033569336,116.87999725341797,115.91000366210938,116.73999786376953,108.82095336914062,20944700
2016-09-02,117.31999969482422,117.55999755859375,116.68000030517578,117.12000274658203,109.1751937866211,18088200
2016-09-06,117.31999969482422,117.8499984741211,117.05999755859375,117.8499984741211,109.8556900024414,18525200
2016-09-07,117.95999908447266,118.12000274658203,117.47000122070312,117.91999816894531,109.92091369628906,17546900
2016-09-08,117.56999969482422,117.5999984741211,116.91999816894531,117.2300033569336,109.27772521972656,20125300
2016-09-09,116.25,116.51000213623047,114.26000213623047,114.27999877929688,106.52782440185547,50813300
2016-09-12,113.63999938964844,116.48999786376953,113.62999725341797,116.33000183105469,108.43878936767578,39646000
2016-09-13,115.75,116.08999633789062,114.7300033569336,115.29000091552734,107.4693374633789,45863900
2016-09-14,115.41000366210938,116.47000122070312,115.37999725341797,115.83999633789062,107.98202514648438,28221800
2016-09-15,115.87000274658203,117.81999969482422,115.86000061035156,117.63999938964844,109.6599349975586,38521400
2016-09-16,117.22000122070312,117.41000366210938,116.70999908447266,117.29000091552734,109.6075668334961,27596500
2016-09-19,117.58999633789062,117.94999694824219,116.55000305175781,116.77999877929688,109.13097381591797,16222900
2016-09-20,117.19999694824219,117.4800033569336,116.80000305175781,117.0,109.33658599853516,18078600
2016-09-21,117.5,118.31999969482422,116.80999755859375,118.1500015258789,110.41123962402344,31546800
2016-09-22,118.83999633789062,119.22000122070312,118.72000122070312,119.08999633789062,111.2896957397461,22614400
2016-09-23,119.0,119.0,118.16000366210938,118.33000183105469,110.57946014404297,22213400
2016-09-26,117.66000366210938,117.80000305175781,117.16999816894531,117.33999633789062,109.6543197631836,16403900
2016-09-27,117.26000213623047,118.55999755859375,117.1500015258789,118.5,110.73832702636719,20238400
2016-09-28,118.6500015258789,118.7699966430664,118.08999633789062,118.69999694824219,110.92524719238281,14794300
2016-09-29,118.5,118.72000122070312,117.33000183105469,117.83999633789062,110.12155151367188,27207500
2016-09-30,118.1500015258789,119.06999969482422,118.02999877929688,118.72000122070312,110.94393157958984,25543200
2016-10-03,118.56999969482422,118.69999694824219,118.08999633789062,118.55000305175781,110.78507995605469,19216400
2016-10-04,118.9000015258789,119.16000366210938,117.91999816894531,118.37000274658203,110.61685943603516,21239700
2016-10-05,118.72000122070312,119.16999816894531,118.66999816894531,118.79000091552734,111.00933837890625,14481300
2016-10-06,118.63999938964844,118.9800033569336,118.1500015258789,118.7300033569336,110.95325469970703,11987100
2016-10-07,118.83999633789062,119.01000213623047,117.88999938964844,118.47000122070312,110.71028900146484,19984200
2016-10-10,119.08000183105469,119.4800033569336,119.02999877929688,119.22000122070312,111.41116333007812,19687300
2016-10-11,119.12000274658203,119.13999938964844,117.0,117.5199966430664,109.82252502441406,27774400
2016-10-12,117.62999725341797,117.81999969482422,117.05999755859375,117.41999816894531,109.72908782958984,14267800
2016-10-13,116.62000274658203,117.31999969482422,115.94000244140625,117.0,109.33658599853516,22821000
2016-10-14,117.58000183105469,118.05000305175781,117.06999969482422,117.13999938964844,109.46741485595703,21313300
2016-10-17,117.04000091552734,117.30000305175781,116.66999816894531,116.81999969482422,109.16835021972656,14182700
2016-10-18,118.20999908447266,118.41000366210938,117.80000305175781,117.86000061035156,110.1402816772461,19276700
2016-10-19,117.7699966430664,118.0199966430664,117.63999938964844,117.8499984741211,110.13091278076172,13702900
2016-10-20,117.7300033569336,117.97000122070312,117.02999877929688,117.70999908447266,110.00009155273438,18132200
2016-10-21,117.80000305175781,118.22000122070312,117.41000366210938,118.1500015258789,110.41123962402344,15707800
2016-10-24,118.91000366210938,119.6500015258789,118.88999938964844,119.56999969482422,111.73828125,19143000
2016-10-25,119.63999938964844,119.66000366210938,119.01000213623047,119.19000244140625,111.38312530517578,20341800
2016-10-26,118.41999816894531,119.02999877929688,118.02999877929688,118.37999725341797,110.6261978149414,20463700
2016-10-27,118.88999938964844,118.98999786376953,117.66999816894531,117.83999633789062,110.12155151367188,19099800
2016-10-28,117.5,118.11000061035156,116.73999786376953,117.0999984741211,109.43002319335938,35369300
2016-10-31,117.52999877929688,117.52999877929688,116.93000030517578,116.98999786376953,109.32723999023438,18749400
2016-11-01,117.19000244140625,117.20999908447266,115.0999984741211,116.11000061035156,108.5048828125,23498700
2016-11-02,116.02999877929688,116.30000305175781,114.88999938964844,115.18000030517578,107.63580322265625,26960100
2016-11-03,114.98999786376953,115.37000274658203,113.91999816894531,114.05000305175781,106.57981872558594,36205200
2016-11-04,113.7699966430664,114.54000091552734,113.44999694824219,113.6500015258789,106.20598602294922,26997500
2016-11-07,115.48999786376953,116.47000122070312,115.30000305175781,116.3499984741211,108.72916412353516,26591200
2016-11-08,116.2300033569336,117.63999938964844,115.95999908447266,117.11000061035156,109.43938446044922,20777900
2016-11-09,115.73999786376953,117.83999633789062,115.5999984741211,117.6500015258789,109.9439926147461,70234400
2016-11-10,118.22000122070312,118.37999725341797,114.19999694824219,115.75,108.16845703125,72825400
2016-11-11,115.25,116.05000305175781,114.83999633789062,115.80000305175781,108.2151870727539,41115200
2016-11-14,115.83000183105469,115.94000244140625,114.02999877929688,114.62999725341797,107.12181091308594,35906000
2016-11-15,115.5,116.62000274658203,115.33000183105469,116.22000122070312,108.6076889038086,31796600
2016-11-16,115.66999816894531,116.98999786376953,115.66999816894531,116.91000366210938,109.25247192382812,16538100
2016-11-17,116.8499984741211,117.77999877929688,116.61000061035156,117.76000213623047,110.04682159423828,20598600
2016-11-18,117.9000015258789,118.0999984741211,117.20999908447266,117.31999969482422,109.63558959960938,16428700
2016-11-21,117.61000061035156,118.6500015258789,117.56999969482422,118.54000091552734,110.77571868896484,20268500
2016-11-22,119.01000213623047,119.19000244140625,118.61000061035156,118.9000015258789,111.11215209960938,18850600
2016-11-23,118.51000213623047,118.63999938964844,117.9000015258789,118.41999816894531,110.66356658935547,22926000
2016-11-25,118.55999755859375,118.8499984741211,118.41999816894531,118.80000305175781,111.0186767578125,7162800
2016-11-28,118.6500015258789,119.08000183105469,118.41000366210938,118.52999877929688,110.7663803100586,13479000
2016-11-29,118.63999938964844,119.51000213623047,118.30000305175781,118.94000244140625,111.14952087402344,18553000
2016-11-30,119.08999633789062,119.12999725341797,117.45999908447266,117.5,109.80382537841797,30405300
2016-12-01,117.45999908447266,117.47000122070312,115.29000091552734,115.47000122070312,107.90681457519531,39796600
2016-12-02,115.54000091552734,116.16000366210938,115.22000122070312,115.69999694824219,108.12174224853516,32876800
2016-12-05,116.30000305175781,117.05999755859375,115.7699966430664,116.5999984741211,108.96279907226562,21419700
2016-12-06,116.93000030517578,117.08000183105469,116.38999938964844,116.87999725341797,109.22442626953125,27293300
2016-12-07,116.63999938964844,118.51000213623047,116.29000091552734,118.36000061035156,110.60749053955078,26622400
2016-12-08,118.41000366210938,118.87000274658203,118.18000030517578,118.56999969482422,110.80374145507812,18578400
2016-12-09,119.01000213623047,119.54000091552734,119.0,119.5,111.67283630371094,21863100
2016-12-12,118.97000122070312,119.20999908447266,118.47000122070312,118.95999908447266,111.168212890625,23259300
2016-12-13,119.31999969482422,121.11000061035156,119.31999969482422,120.45999908447266,112.56995391845703,54477900
2016-12-14,120.61000061035156,121.0,119.86000061035156,120.20999908447266,112.33634185791016,28746000
2016-12-15,120.37000274658203,121.11000061035156,120.08000183105469,120.4000015258789,112.5138931274414,22762300
2016-12-16,120.33999633789062,120.58000183105469,119.36000061035156,119.5999984741211,112.09679412841797,26283900
2016-12-19,119.72000122070312,120.83000183105469,119.55000305175781,120.08999633789062,112.55608367919922,21138700
2016-12-20,120.47000122070312,120.7699966430664,120.33000183105469,120.55000305175781,112.9872055053711,11461800
2016-12-21,120.5999984741211,120.68000030517578,120.19000244140625,120.45999908447266,112.90283966064453,7079300
2016-12-22,120.47000122070312,120.5,119.6500015258789,120.12000274658203,112.58418273925781,16645000
2016-12-23,119.91999816894531,120.25,119.80999755859375,120.19999694824219,112.6591567993164,9007500
2016-12-27,120.45999908447266,121.5199966430664,120.41000366210938,120.81999969482422,113.24028015136719,16110600
2016-12-28,121.08000183105469,121.19000244140625,119.80000305175781,119.87999725341797,112.3592529296875,17975200
2016-12-29,119.8499984741211,120.12999725341797,119.33000183105469,119.70999908447266,112.19989013671875,13267500
2016-12-30,119.94000244140625,119.94999694824219,118.13999938964844,118.4800033569336,111.04707336425781,41749000
2017-01-03,119.2699966430664,119.98999786376953,118.88999938964844,119.54000091552734,112.04058074951172,22307600
2017-01-04,119.66999816894531,120.41000366210938,119.66000366210938,120.19000244140625,112.6497802734375,19749100
2017-01-05,120.0999984741211,120.94999694824219,120.0999984741211,120.87000274658203,113.28713989257812,20644300
2017-01-06,121.0,122.25,120.69000244140625,121.93000030517578,114.28060150146484,24074300
2017-01-09,122.02999877929688,122.55000305175781,121.94999694824219,122.33000183105469,114.655517578125,18909200
2017-01-10,122.37999725341797,122.97000122070312,122.0999984741211,122.5999984741211,114.90857696533203,16176600
2017-01-11,122.6500015258789,122.93000030517578,122.0199966430664,122.93000030517578,115.2179183959961,20686000
2017-01-12,122.48999786376953,122.81999969482422,121.5999984741211,122.73999786376953,115.0398178100586,19622500
2017-01-13,122.80000305175781,123.37000274658203,122.80000305175781,123.16000366210938,115.43346405029297,16930800
2017-01-17,122.83999633789062,123.02999877929688,122.43000030517578,122.79000091552734,115.08667755126953,14538500
2017-01-18,122.97000122070312,123.16000366210938,122.66000366210938,123.04000091552734,115.32096862792969,12499700
2017-01-19,123.22000122070312,123.6500015258789,122.72000122070312,122.9800033569336,115.26477813720703,12710700
2017-01-20,123.5199966430664,123.83000183105469,122.91999816894531,123.25,115.51783752441406,22091000
2017-01-23,123.16999816894531,123.52999877929688,122.56999969482422,123.3499984741211,115.61155700683594,17434200
2017-01-24,123.58999633789062,124.37000274658203,123.37999725341797,124.18000030517578,116.38949584960938,17640900
2017-01-25,124.95999908447266,125.45999908447266,124.8499984741211,125.43000030517578,117.56104278564453,15036200
2017-01-26,125.5999984741211,125.81999969482422,125.33999633789062,125.55999755859375,117.68290710449219,16052200
2017-01-27,125.83000183105469,125.91999816894531,125.38999938964844,125.80000305175781,117.90785217285156,15053000
2017-01-30,125.37999725341797,125.37999725341797,124.12999725341797,124.81999969482422,116.98932647705078,25006700
2017-01-31,124.37999725341797,124.5999984741211,123.8499984741211,124.56999969482422,116.75502014160156,19091100
2017-02-01,125.44999694824219,125.68000030517578,124.86000061035156,125.43000030517578,117.56104278564453,22861900
2017-02-02,125.20999908447266,125.69999694824219,124.86000061035156,125.31999969482422,117.45796203613281,15101400
2017-02-03,125.44999694824219,125.80999755859375,125.33000183105469,125.68000030517578,117.79536437988281,16957200
2017-02-06,125.47000122070312,125.8499984741211,125.3499984741211,125.83000183105469,117.93597412109375,11630100
2017-02-07,126.08999633789062,126.55000305175781,125.97000122070312,126.29000091552734,118.36709594726562,17541100
2017-02-08,126.12000274658203,126.68000030517578,125.87999725341797,126.5,118.56393432617188,12569100
2017-02-09,126.62999725341797,127.23999786376953,126.55999755859375,126.95999908447266,118.99508666992188,17542700
2017-02-10,127.23999786376953,127.55999755859375,127.0199966430664,127.37999725341797,119.38870239257812,13915700
2017-02-13,127.7699966430664,128.25999450683594,127.72000122070312,128.10000610351562,120.06353759765625,19120200
2017-02-14,128.14999389648438,128.5399932861328,127.73999786376953,128.52999877929688,120.4665756225586,16333500
2017-02-15,128.44000244140625,129.35000610351562,128.3699951171875,129.2899932861328,121.17886352539062,17891400
2017-02-16,129.3699951171875,129.6300048828125,128.9199981689453,129.25,121.14141082763672,15098300
2017-02-17,129.05999755859375,129.82000732421875,129.0399932861328,129.80999755859375,121.66625213623047,15563700
2017-02-21,130.05999755859375,130.52999877929688,129.99000549316406,130.4499969482422,122.26612091064453,18479600
2017-02-22,130.3300018310547,130.58999633789062,130.11000061035156,130.5,122.31298828125,12110900
2017-02-23,130.6999969482422,130.6999969482422,129.49000549316406,130.00999450683594,121.8537368774414,17489000
2017-02-24,129.4199981689453,130.25999450683594,129.3800048828125,130.25999450683594,122.08804321289062,18624500
2017-02-27,130.02000427246094,130.42999267578125,129.8000030517578,130.4199981689453,122.23800659179688,12008700
2017-02-28,130.38999938964844,130.4499969482422,129.66000366210938,130.02000427246094,121.86309814453125,16598600
2017-03-01,130.85000610351562,131.67999267578125,130.60000610351562,131.44000244140625,123.19403076171875,25813800
2017-03-02,131.41000366210938,131.42999267578125,130.6199951171875,130.77999877929688,122.5754165649414,19951400
2017-03-03,130.69000244140625,131.05999755859375,130.33999633789062,131.02000427246094,122.8003921508789,13722700
2017-03-06,130.58999633789062,130.9499969482422,130.2100067138672,130.72999572753906,122.52857208251953,12026200
2017-03-07,130.47000122070312,131.0800018310547,130.27999877929688,130.50999450683594,122.32233428955078,15500900
2017-03-08,130.58999633789062,131.14999389648438,130.4600067138672,130.74000549316406,122.5379409790039,15776000
2017-03-09,130.7100067138672,131.02000427246094,130.13999938964844,130.83999633789062,122.63166046142578,20855300
2017-03-10,131.44000244140625,131.60000610351562,130.82000732421875,131.38999938964844,123.14716339111328,21922600
2017-03-13,131.33999633789062,131.63999938964844,131.27000427246094,131.61000061035156,123.35332489013672,10731600
2017-03-14,131.30999755859375,131.36000061035156,130.75999450683594,131.2899932861328,123.05342102050781,14019700
2017-03-15,131.55999755859375,132.41000366210938,131.13999938964844,132.10000610351562,123.81260681152344,22709100
2017-03-16,132.35000610351562,132.35000610351562,131.7100067138672,132.00999450683594,123.7282485961914,18457300
2017-03-17,131.89999389648438,132.0399932861328,131.6199951171875,131.69000244140625,123.68505096435547,21234500
2017-03-20,131.64999389648438,132.11000061035156,131.4600067138672,131.80999755859375,123.79774475097656,10105200
2017-03-21,132.30999755859375,132.42999267578125,129.72999572753906,129.80999755859375,121.91932678222656,35841900
2017-03-22,129.85000610351562,130.82000732421875,129.67999267578125,130.69000244140625,122.74584197998047,29177900
2017-03-23,130.52000427246094,130.8800048828125,130.13999938964844,130.36000061035156,122.4358901977539,20311700
2017-03-24,130.77999877929688,131.2899932861328,130.1300048828125,130.6300048828125,122.68946838378906,22967600
2017-03-27,129.6999969482422,131.07000732421875,129.39999389648438,130.83999633789062,122.88674926757812,18472400
2017-03-28,130.83999633789062,132.02999877929688,130.5500030517578,131.63999938964844,123.6380615234375,23721900
2017-03-29,131.72999572753906,132.3000030517578,131.58999633789062,132.25,124.21099853515625,13710000
2017-03-30,132.1999969482422,132.61000061035156,132.0800018310547,132.47000122070312,124.41764068603516,16092400
2017-03-31,132.27999877929688,132.74000549316406,132.1300048828125,132.3800048828125,124.3331298828125,19841400
2017-04-03,132.49000549316406,132.80999755859375,131.55999755859375,132.3000030517578,124.25797271728516,23700300
2017-04-04,131.9199981689453,132.52999877929688,131.8699951171875,132.50999450683594,124.4552001953125,13400000
2017-04-05,132.6999969482422,133.47999572753906,131.72000122070312,131.97000122070312,123.94801330566406,32011200
2017-04-06,132.10000610351562,132.38999938964844,131.6999969482422,132.0399932861328,124.01380920410156,18832200
2017-04-07,132.0,132.3699951171875,131.5,131.97000122070312,123.94801330566406,16743100
2017-04-10,132.10000610351562,132.57000732421875,131.66000366210938,132.02000427246094,123.99497985839844,15619300
2017-04-11,131.89999389648438,132.10000610351562,130.5,131.4499969482422,123.45963287353516,33778400
2017-04-12,131.42999267578125,131.5399932861328,130.77999877929688,130.9199981689453,122.9618911743164,15955200
2017-04-13,130.74000549316406,131.50999450683594,130.3800048828125,130.39999389648438,122.47344970703125,23683000
2017-04-17,130.77000427246094,131.5,130.72000122070312,131.47999572753906,123.48780059814453,13325500
2017-04-18,131.0399932861328,131.66000366210938,130.9499969482422,131.27999877929688,123.29998779296875,12841100
2017-04-19,131.85000610351562,132.2899932861328,131.30999755859375,131.49000549316406,123.4971923828125,17764800
2017-04-20,132.02000427246094,132.8800048828125,131.82000732421875,132.58999633789062,124.53032684326172,21977900
2017-04-21,132.7100067138672,132.75999450683594,132.22000122070312,132.55999755859375,124.50215911865234,22454900
2017-04-24,134.02999877929688,134.2899932861328,133.8000030517578,134.16000366210938,126.00495147705078,22469900
2017-04-25,134.60000610351562,135.3699951171875,134.47999572753906,135.1300048828125,126.91597747802734,19384400
2017-04-26,135.17999267578125,135.50999450683594,134.86000061035156,134.94000244140625,126.73751068115234,25398500
2017-04-27,135.27000427246094,135.75,135.19000244140625,135.75,127.4983139038086,16136500
2017-04-28,136.2899932861328,136.33999633789062,135.77000427246094,135.99000549316406,127.72366333007812,22771900
2017-05-01,136.44000244140625,137.3800048828125,136.3800048828125,137.1999969482422,128.860107421875,24815500
2017-05-02,137.3699951171875,137.49000549316406,137.02000427246094,137.42999267578125,129.0761260986328,18345100
2017-05-03,137.1199951171875,137.1699981689453,136.6199951171875,136.99000549316406,128.66290283203125,23827600
2017-05-04,136.97000122070312,137.42999267578125,136.55999755859375,137.0399932861328,128.7098388671875,14630100
2017-05-05,137.38999938964844,137.5399932861328,136.8800048828125,137.5399932861328,129.17945861816406,19330700
2017-05-08,137.61000061035156,137.83999633789062,137.3300018310547,137.83999633789062,129.46119689941406,13279900
2017-05-09,138.0500030517578,138.6300048828125,137.92999267578125,138.32000732421875,129.9120330810547,28426100
2017-05-10,138.39999389648438,138.4499969482422,137.91000366210938,138.39999389648438,129.98719787597656,20499400
2017-05-11,138.02000427246094,138.3300018310547,137.3800048828125,138.2899932861328,129.8838653564453,27232100
2017-05-12,138.35000610351562,138.6300048828125,138.22999572753906,138.60000610351562,130.17501831054688,19738600
2017-05-15,138.66000366210938,139.1199951171875,138.52999877929688,139.0399932861328,130.58824157714844,20481300
2017-05-16,139.39999389648438,139.63999938964844,138.99000549316406,139.6199951171875,131.1330108642578,21786000
2017-05-17,138.50999450683594,138.77000427246094,136.0500030517578,136.07000732421875,127.79879760742188,55642200
2017-05-18,136.02000427246094,137.72000122070312,135.8699951171875,137.25999450683594,128.91647338867188,41319900
2017-05-19,137.75,138.4199981689453,137.66000366210938,137.83999633789062,129.46119689941406,36730100
2017-05-22,138.14999389648438,139.07000732421875,138.10000610351562,139.0,130.55068969726562,19509700
2017-05-23,139.41000366210938,139.4199981689453,138.77999877929688,139.13999938964844,130.6821746826172,19687500
2017-05-24,139.55999755859375,139.85000610351562,139.1699981689453,139.77999877929688,131.2832794189453,15891900
2017-05-25,140.30999755859375,141.3300018310547,140.00999450683594,140.97000122070312,132.40097045898438,23928600
2017-05-26,141.0,141.27999877929688,140.80999755859375,141.22000122070312,132.63571166992188,13851600
2017-05-30,141.14999389648438,141.50999450683594,141.05999755859375,141.33999633789062,132.7484588623047,20306400
2017-05-31,141.83999633789062,141.83999633789062,140.57000732421875,141.2899932861328,132.70152282714844,33229400
2017-06-01,141.5800018310547,141.89999389648438,140.97999572753906,141.83999633789062,133.2180633544922,20120700
2017-06-02,142.33999633789062,143.49000549316406,142.11000061035156,143.4600067138672,134.73960876464844,37222900
2017-06-05,143.4499969482422,143.67999267578125,143.22999572753906,143.42999267578125,134.71141052246094,15727500
2017-06-06,143.25999450683594,143.72999572753906,142.64999389648438,142.86000061035156,134.1760711669922,22393000
2017-06-07,143.25999450683594,143.5399932861328,142.60000610351562,143.4199981689453,134.7020263671875,18842400
2017-06-08,143.74000549316406,143.8000030517578,142.7899932861328,143.57000732421875,134.8429412841797,25417400
2017-06-09,143.74000549316406,143.89999389648438,138.11000061035156,139.97999572753906,131.4711151123047,109783700
2017-06-12,138.8000030517578,139.47999572753906,137.47000122070312,139.22999572753906,130.7667236328125,104454000
2017-06-13,140.00999450683594,140.55999755859375,139.27999877929688,140.36000061035156,131.8280487060547,51193000
2017-06-14,140.92999267578125,140.92999267578125,138.6199951171875,139.75,131.25515747070312,60093800
2017-06-15,138.33999633789062,139.27999877929688,137.49000549316406,139.1300048828125,130.6728057861328,55145200
2017-06-16,138.67999267578125,138.77999877929688,137.63999938964844,138.14999389648438,130.10581970214844,48087400
2017-06-19,139.49000549316406,140.58999633789062,139.27999877929688,140.4600067138672,132.28135681152344,39626500
2017-06-20,140.32000732421875,140.5,139.30999755859375,139.36000061035156,131.24539184570312,40935100
2017-06-21,139.67999267578125,140.80999755859375,139.58999633789062,140.74000549316406,132.5450439453125,35743400
2017-06-22,140.9600067138672,141.22000122070312,140.33999633789062,140.6999969482422,132.50741577148438,24099100
2017-06-23,140.5399932861328,141.4199981689453,140.14999389648438,141.24000549316406,133.0159454345703,21654300
2017-06-26,142.0500030517578,142.2899932861328,140.27000427246094,140.5800018310547,132.39434814453125,34411100
2017-06-27,140.0500030517578,140.22000122070312,138.02000427246094,138.02999877929688,129.99281311035156,65957800
2017-06-28,138.5399932861328,140.13999938964844,137.74000549316406,140.02000427246094,131.86697387695312,57427200
2017-06-29,139.44000244140625,139.44000244140625,136.25,137.58999633789062,129.57846069335938,88769400
2017-06-30,137.97999572753906,138.6699981689453,137.19000244140625,137.63999938964844,129.6255645751953,68898300
2017-07-03,138.27000427246094,138.42999267578125,136.10000610351562,136.19000244140625,128.2599639892578,32797000
2017-07-05,136.6199951171875,137.89999389648438,136.16000366210938,137.52999877929688,129.52198791503906,42116600
2017-07-06,136.47999572753906,137.05999755859375,135.8000030517578,136.2899932861328,128.3541259765625,48430500
2017-07-07,136.75,138.1300048828125,136.74000549316406,137.75999450683594,129.7385711669922,36970400
2017-07-10,137.85000610351562,138.99000549316406,137.5,138.66000366210938,130.58612060546875,24853500
2017-07-11,138.4600067138672,139.22000122070312,137.94000244140625,139.0500030517578,130.95346069335938,31517700
2017-07-12,140.24000549316406,140.86000061035156,139.9600067138672,140.6999969482422,132.50741577148438,36045800
2017-07-13,140.8699951171875,141.35000610351562,140.60000610351562,141.00999450683594,132.79931640625,31073600
2017-07-14,141.63999938964844,142.3000030517578,141.19000244140625,142.1199951171875,133.84469604492188,34544800
2017-07-17,142.27000427246094,142.69000244140625,141.9199981689453,142.19000244140625,133.91062927246094,25343200
2017-07-18,142.08999633789062,143.1699981689453,141.63999938964844,143.13999938964844,134.80531311035156,25748500
2017-07-19,143.55999755859375,144.19000244140625,143.5,143.97999572753906,135.59637451171875,33752300
2017-07-20,144.35000610351562,144.44000244140625,143.52000427246094,144.1699981689453,135.77532958984375,36139400
2017-07-21,143.63999938964844,144.11000061035156,143.35000610351562,144.11000061035156,135.7188262939453,39697100
2017-07-24,144.08999633789062,144.8699951171875,143.9199981689453,144.77000427246094,136.34039306640625,26712700
2017-07-25,144.2899932861328,144.74000549316406,144.00999450683594,144.39999389648438,135.99191284179688,28120900
2017-07-26,144.75999450683594,144.9499969482422,144.52999877929688,144.8699951171875,136.43458557128906,18610600
2017-07-27,145.82000732421875,145.9600067138672,142.3000030517578,143.9600067138672,135.5775909423828,80665900
2017-07-28,143.10000610351562,144.0800018310547,142.8699951171875,143.83999633789062,135.46453857421875,38013200
2017-07-31,144.25,144.42999267578125,142.9199981689453,143.22999572753906,134.89007568359375,33848600
2017-08-01,143.72000122070312,143.75999450683594,143.1199951171875,143.55999755859375,135.20086669921875,20149400
2017-08-02,144.49000549316406,144.52000427246094,142.61000061035156,143.9499969482422,135.56809997558594,41769700
2017-08-03,144.08999633789062,144.1699981689453,143.1300048828125,143.38999938964844,135.04074096679688,27112800
2017-08-04,143.7100067138672,143.97000122070312,143.05999755859375,143.64999389648438,135.2855987548828,29472900
2017-08-07,143.91000366210938,144.55999755859375,143.7100067138672,144.55999755859375,136.1426239013672,17933900
2017-08-08,144.27999877929688,145.47000122070312,143.89999389648438,144.30999755859375,135.90719604492188,30810400
2017-08-09,143.1199951171875,144.19000244140625,142.7899932861328,144.1199951171875,135.72825622558594,36169500
2017-08-10,143.3000030517578,143.39999389648438,140.88999938964844,141.02999877929688,132.8181915283203,63331700
2017-08-11,141.22000122070312,142.41000366210938,140.89999389648438,142.10000610351562,133.8258819580078,45862500
2017-08-14,143.22999572753906,144.14999389648438,143.19000244140625,143.92999267578125,135.54930114746094,34161000
2017-08-15,144.2899932861328,144.3000030517578,143.63999938964844,144.02999877929688,135.6434783935547,25509200
2017-08-16,144.38999938964844,144.9600067138672,143.8000030517578,144.27999877929688,135.87892150878906,31913000
2017-08-17,143.72000122070312,143.94000244140625,141.3300018310547,141.3300018310547,133.10067749023438,70191000
2017-08-18,141.41000366210938,142.1999969482422,140.64999389648438,141.22999572753906,133.0065460205078,60751900
2017-08-21,141.22000122070312,141.52999877929688,140.17999267578125,141.0500030517578,132.83700561523438,37111500
2017-08-22,141.80999755859375,143.35000610351562,141.75999450683594,143.1999969482422,134.86180114746094,36294200
2017-08-23,142.47999572753906,143.00999450683594,142.3800048828125,142.69000244140625,134.38150024414062,25702300
2017-08-24,143.00999450683594,143.1699981689453,141.47000122070312,142.27000427246094,133.98597717285156,38160800
2017-08-25,142.82000732421875,143.17999267578125,141.77999877929688,141.97000122070312,133.70343017578125,26380400
2017-08-28,142.39999389648438,142.74000549316406,141.9499969482422,142.41000366210938,134.11781311035156,15362100
2017-08-29,141.19000244140625,143.2100067138672,141.05999755859375,142.97000122070312,134.64520263671875,24498300
2017-08-30,143.08999633789062,144.88999938964844,143.0,144.64999389648438,136.2273712158203,33642700
2017-08-31,145.05999755859375,146.2100067138672,144.97999572753906,146.1999969482422,137.6871337890625,38480700
2017-09-01,146.38999938964844,146.58999633789062,145.61000061035156,146.0,137.49879455566406,22293600
2017-09-05,145.57000732421875,145.8800048828125,143.60000610351562,144.69000244140625,136.26504516601562,44794300
2017-09-06,145.05999755859375,145.4600067138672,144.0800018310547,145.1300048828125,136.6793975830078,30722700
2017-09-07,145.39999389648438,145.83999633789062,144.94000244140625,145.47000122070312,136.99966430664062,22721100
2017-09-08,145.27999877929688,145.35000610351562,144.05999755859375,144.2100067138672,135.8130340576172,27890100
2017-09-11,145.33999633789062,146.1199951171875,145.3000030517578,145.8699951171875,137.37628173828125,27126300
2017-09-12,146.27999877929688,146.41000366210938,145.52999877929688,146.22000122070312,137.7059326171875,30256700
2017-09-13,145.97000122070312,146.44000244140625,145.72999572753906,146.4199981689453,137.89434814453125,28450900
2017-09-14,145.85000610351562,146.2899932861328,145.47000122070312,145.55999755859375,137.0843505859375,35296400
2017-09-15,145.52999877929688,146.58999633789062,145.2899932861328,146.05999755859375,137.5552978515625,46422400
2017-09-18,145.91000366210938,146.3699951171875,145.11000061035156,145.5500030517578,137.37496948242188,24858200
2017-09-19,145.80999755859375,146.00999450683594,145.30999755859375,145.8000030517578,137.61094665527344,20871200
2017-09-20,145.75,145.91000366210938,144.22999572753906,145.35000610351562,137.18624877929688,34236200
2017-09-21,145.25,145.25999450683594,143.9499969482422,144.4600067138672,136.3462371826172,28841800
2017-09-22,144.0,144.52999877929688,143.85000610351562,144.32000732421875,136.21409606933594,21702400
2017-09-25,143.75,143.8300018310547,142.10000610351562,142.8000030517578,134.7794952392578,54947700
2017-09-26,143.52999877929688,143.8000030517578,142.6699981689453,143.1699981689453,135.1287078857422,29628800
2017-09-27,143.92999267578125,145.0,143.57000732421875,144.4600067138672,136.3462371826172,33249400
2017-09-28,144.11000061035156,144.55999755859375,143.77999877929688,144.41000366210938,136.2989959716797,24149400
2017-09-29,144.6999969482422,145.55999755859375,144.32000732421875,145.4499969482422,137.2805938720703,43102400
2017-10-02,145.6699981689453,146.1699981689453,144.92999267578125,145.5800018310547,137.4033203125,27351300
2017-10-03,145.77000427246094,146.05999755859375,145.4499969482422,145.88999938964844,137.69589233398438,19715200
2017-10-04,145.61000061035156,146.33999633789062,145.47000122070312,146.02999877929688,137.82803344726562,26381100
2017-10-05,146.55999755859375,147.5399932861328,146.41000366210938,147.4600067138672,139.177734375,31562400
2017-10-06,146.9600067138672,147.66000366210938,146.9600067138672,147.66000366210938,139.36651611328125,23561100
2017-10-09,147.85000610351562,148.00999450683594,147.3000030517578,147.49000549316406,139.2060546875,13704800
2017-10-10,147.99000549316406,148.13999938964844,146.9499969482422,147.60000610351562,139.30987548828125,19223100
2017-10-11,147.52999877929688,148.07000732421875,147.33999633789062,148.0399932861328,139.7251434326172,12439100
2017-10-12,147.82000732421875,148.35000610351562,147.6199951171875,147.77000427246094,139.4703369140625,14513500
2017-10-13,148.3699951171875,148.50999450683594,147.77999877929688,148.33999633789062,140.00830078125,18409900
2017-10-16,148.7100067138672,148.88999938964844,148.38999938964844,148.85000610351562,140.48965454101562,21809400
2017-10-17,148.8000030517578,149.05999755859375,148.57000732421875,149.0399932861328,140.66897583007812,13138200
2017-10-18,149.19000244140625,149.2100067138672,148.63999938964844,148.86000061035156,140.4991455078125,17218200
2017-10-19,147.99000549316406,148.3300018310547,147.27000427246094,148.30999755859375,139.97998046875,27680300
2017-10-20,148.91000366210938,149.0399932861328,148.52999877929688,148.7100067138672,140.35751342773438,30173300
2017-10-23,149.02000427246094,149.02999877929688,147.52999877929688,147.74000549316406,139.44204711914062,29297100
2017-10-24,148.02999877929688,148.3000030517578,147.44000244140625,147.99000549316406,139.67794799804688,20289500
2017-10-25,147.6999969482422,148.17999267578125,146.3300018310547,147.42999267578125,139.14939880371094,36179100
2017-10-26,147.33999633789062,147.7100067138672,146.9199981689453,146.9600067138672,138.70582580566406,28230200
2017-10-27,149.42999267578125,151.52000427246094,149.1999969482422,151.24000549316406,142.7454376220703,60165100
2017-10-30,151.1300048828125,152.19000244140625,150.99000549316406,151.5800018310547,143.06629943847656,31733400
2017-10-31,152.07000732421875,152.3699951171875,151.6300048828125,152.14999389648438,143.60426330566406,26319300
2017-11-01,152.75999450683594,152.8300018310547,151.5,152.10000610351562,143.55709838867188,29481600
2017-11-02,151.92999267578125,151.99000549316406,150.77000427246094,151.80999755859375,143.28343200683594,31017400
2017-11-03,152.36000061035156,153.2899932861328,151.83999633789062,153.27000427246094,144.661376953125,26199200
2017-11-06,153.14999389648438,153.85000610351562,153.10000610351562,153.7899932861328,145.15216064453125,28693900
2017-11-07,153.6699981689453,154.0800018310547,153.33999633789062,153.8800048828125,145.23715209960938,21333100
2017-11-08,153.8000030517578,154.5399932861328,153.6199951171875,154.5,145.82235717773438,17373500
2017-11-09,153.22999572753906,153.77000427246094,152.11000061035156,153.69000244140625,145.0577850341797,40594500
2017-11-10,153.3300018310547,153.8000030517578,153.05999755859375,153.67999267578125,145.04833984375,20150800
2017-11-13,153.10000610351562,154.07000732421875,153.10000610351562,153.8699951171875,145.22775268554688,12522400
2017-11-14,153.3300018310547,153.5,152.57000732421875,153.30999755859375,144.69915771484375,25173800
2017-11-15,152.64999389648438,153.0,151.77999877929688,152.58999633789062,144.01959228515625,24808000
2017-11-16,153.36000061035156,154.88999938964844,153.3300018310547,154.5399932861328,145.86004638671875,34790600
2017-11-17,154.5800018310547,154.69000244140625,153.8000030517578,153.9499969482422,145.3031768798828,28725800
2017-11-20,154.05999755859375,154.1999969482422,153.61000061035156,153.8300018310547,145.18997192382812,21143900
2017-11-21,154.55999755859375,155.57000732421875,154.49000549316406,155.5,146.76617431640625,20147800
2017-11-22,155.63999938964844,155.83999633789062,155.33999633789062,155.69000244140625,146.9455108642578,17299000
2017-11-24,155.85000610351562,156.30999755859375,155.75999450683594,156.25999450683594,147.48345947265625,8280600
2017-11-27,156.2100067138672,156.55999755859375,155.8300018310547,156.19000244140625,147.41738891601562,22653400
2017-11-28,156.5399932861328,156.69000244140625,155.6999969482422,156.58999633789062,147.794921875,25227300
2017-11-29,156.41000366210938,156.4499969482422,153.1199951171875,153.86000061035156,145.21826171875,71986300
2017-11-30,154.50999450683594,155.4499969482422,154.14999389648438,155.14999389648438,146.435791015625,56595500
2017-12-01,154.1999969482422,155.24000549316406,152.25999450683594,154.49000549316406,145.8128662109375,59015800
2017-12-04,155.4600067138672,155.6300048828125,152.55999755859375,152.7100067138672,144.13282775878906,51319100
2017-12-05,152.67999267578125,154.5500030517578,152.10000610351562,152.80999755859375,144.22726440429688,40604200
2017-12-06,152.24000549316406,153.74000549316406,152.05999755859375,153.5,144.8784942626953,28647800
2017-12-07,153.49000549316406,154.4600067138672,153.3300018310547,154.02000427246094,145.36932373046875,32666200
2017-12-08,155.14999389648438,155.52999877929688,154.4600067138672,154.6999969482422,146.0110626220703,28081700
2017-12-11,154.77000427246094,155.9499969482422,154.75999450683594,155.89999389648438,147.1437225341797,20821500
2017-12-12,155.8300018310547,156.14999389648438,155.36000061035156,155.69000244140625,146.9455108642578,20310300
2017-12-13,156.32000732421875,156.49000549316406,155.75999450683594,155.99000549316406,147.22862243652344,24418500
2017-12-14,156.25999450683594,156.66000366210938,155.7100067138672,155.8800048828125,147.12486267089844,24594700
2017-12-15,156.49000549316406,157.82000732421875,156.22999572753906,157.64999389648438,148.79537963867188,49816200
2017-12-18,158.36000061035156,158.77000427246094,158.07000732421875,158.63999938964844,150.04290771484375,26844500
2017-12-19,158.33999633789062,158.5,157.25999450683594,157.6999969482422,149.15382385253906,31415000
2017-12-20,158.25,158.27999877929688,156.91000366210938,157.52999877929688,148.9930419921875,38972600
2017-12-21,157.75,158.25,157.3699951171875,157.5500030517578,149.0120086669922,18638700
2017-12-22,157.30999755859375,157.42999267578125,156.9499969482422,157.3699951171875,148.8417205810547,23330400
2017-12-26,156.49000549316406,156.72000122070312,155.9499969482422,156.52000427246094,148.03781127929688,21918700
2017-12-27,156.52999877929688,156.9600067138672,156.38999938964844,156.5399932861328,148.05670166015625,22388200
2017-12-28,157.0399932861328,157.07000732421875,156.5399932861328,156.72999572753906,148.23641967773438,25393800
2017-12-29,156.8699951171875,156.89999389648438,155.6999969482422,155.75999450683594,147.31895446777344,33186000
2018-01-02,156.55999755859375,158.52999877929688,156.1699981689453,158.49000549316406,149.9010772705078,32573300
2018-01-03,158.63999938964844,160.1699981689453,158.61000061035156,160.02999877929688,151.3575897216797,29383600
2018-01-04,160.5800018310547,160.7899932861328,160.0800018310547,160.30999755859375,151.62240600585938,24776100
2018-01-05,161.07000732421875,162.02999877929688,160.77000427246094,161.9199981689453,153.14512634277344,26992300
2018-01-08,161.9199981689453,162.6300048828125,161.86000061035156,162.5500030517578,153.74099731445312,23159100
2018-01-09,162.8699951171875,163.0399932861328,162.07000732421875,162.55999755859375,153.75047302246094,24782400
2018-01-10,161.83999633789062,162.2100067138672,161.1199951171875,162.17999267578125,153.39105224609375,34004000
2018-01-11,162.4600067138672,163.3000030517578,162.2100067138672,163.2899932861328,154.44093322753906,20473500
2018-01-12,163.14999389648438,164.66000366210938,162.94000244140625,164.49000549316406,155.57589721679688,37762700
2018-01-16,165.5800018310547,166.4199981689453,163.52999877929688,164.02000427246094,155.13131713867188,41231800
2018-01-17,164.8000030517578,166.0399932861328,164.0,165.7899932861328,156.80543518066406,33849900
2018-01-18,165.52999877929688,166.1999969482422,165.13999938964844,165.82000732421875,156.8338165283203,26432200
2018-01-19,166.30999755859375,166.61000061035156,165.5399932861328,166.33999633789062,157.32562255859375,38937600
2018-01-22,166.27999877929688,168.1199951171875,166.08999633789062,168.1199951171875,159.00917053222656,26081400
2018-01-23,168.63999938964844,169.66000366210938,168.55999755859375,169.50999450683594,160.32383728027344,37989700
2018-01-24,169.8699951171875,170.24000549316406,167.44000244140625,168.41000366210938,159.28347778320312,54287400
2018-01-25,169.57000732421875,169.6300048828125,167.80999755859375,168.35000610351562,159.22674560546875,28925000
2018-01-26,169.2899932861328,170.9499969482422,168.9600067138672,170.92999267578125,161.6668701171875,32038200
2018-01-29,170.57000732421875,170.91000366210938,169.74000549316406,170.10000610351562,160.88186645507812,37277800
2018-01-30,168.5500030517578,169.4199981689453,167.82000732421875,168.6999969482422,159.5576934814453,44987700
2018-01-31,169.64999389648438,169.99000549316406,168.33999633789062,169.39999389648438,160.21978759765625,42449200
2018-02-01,168.10000610351562,169.72999572753906,167.4199981689453,167.9600067138672,158.85780334472656,38037900
2018-02-02,167.3000030517578,167.6999969482422,164.47000122070312,164.61000061035156,155.68934631347656,68478100
2018-02-05,163.07000732421875,165.75,158.0,158.1199951171875,149.5510711669922,105372200
2018-02-06,155.80999755859375,162.50999450683594,155.10000610351562,162.30999755859375,153.5139923095703,118537900
2018-02-07,161.7899932861328,163.5500030517578,160.1999969482422,160.2100067138672,151.52783203125,91028300
2018-02-08,160.6199951171875,160.8000030517578,153.4499969482422,153.4499969482422,145.13417053222656,94184800
2018-02-09,155.6199951171875,157.24000549316406,150.1300048828125,156.10000610351562,147.6405487060547,113836600
2018-02-12,157.6999969482422,159.9499969482422,156.4600067138672,158.8699951171875,150.26043701171875,63050600
2018-02-13,157.9600067138672,160.00999450683594,157.72000122070312,159.69000244140625,151.03604125976562,31785600
2018-02-14,158.75,162.92999267578125,158.0,162.67999267578125,153.8639678955078,52107400
2018-02-15,164.13999938964844,165.6999969482422,162.44000244140625,165.6999969482422,156.72036743164062,51633900
2018-02-16,165.16000366210938,166.75999450683594,164.67999267578125,164.9600067138672,156.02041625976562,62256300
2018-02-20,164.3800048828125,166.67999267578125,164.30999755859375,165.2899932861328,156.33251953125,36785600
2018-02-21,166.10000610351562,167.72000122070312,164.72000122070312,164.82000732421875,155.8880157470703,41161800
2018-02-22,165.5399932861328,166.4199981689453,164.3800048828125,164.8000030517578,155.86911010742188,37074400
2018-02-23,166.1300048828125,168.1699981689453,165.4499969482422,168.1699981689453,159.056396484375,50096900
2018-02-26,168.9600067138672,170.39999389648438,168.82000732421875,170.39999389648438,161.16554260253906,39266700
2018-02-27,170.4499969482422,170.72999572753906,168.2100067138672,168.2899932861328,159.1698760986328,42209900
2018-02-28,169.25,169.8000030517578,167.10000610351562,167.2100067138672,158.1485137939453,42936300
2018-03-01,167.3000030517578,168.07000732421875,163.0,164.47999572753906,155.56640625,76809900
2018-03-02,162.5,166.27999877929688,161.9600067138672,165.99000549316406,156.99461364746094,57445100
2018-03-05,165.2100067138672,168.25999450683594,164.58999633789062,167.8300018310547,158.73487854003906,38540200
2018-03-06,168.64999389648438,169.11000061035156,167.47999572753906,168.5399932861328,159.40640258789062,29480900
2018-03-07,167.25,169.07000732421875,166.9600067138672,168.92999267578125,159.77528381347656,34609400
2018-03-08,169.6300048828125,169.97999572753906,168.9499969482422,169.86000061035156,160.6548614501953,25828400
2018-03-09,171.07000732421875,173.16000366210938,170.82000732421875,173.16000366210938,163.77606201171875,38310500
2018-03-12,173.6699981689453,174.47999572753906,173.27999877929688,174.0800018310547,164.64614868164062,37635000
2018-03-13,174.47999572753906,175.2100067138672,171.27000427246094,171.7100067138672,162.40463256835938,55638900
2018-03-14,172.61000061035156,172.74000549316406,170.92999267578125,171.67999267578125,162.37623596191406,40536400
2018-03-15,171.8000030517578,172.52999877929688,170.89999389648438,171.52999877929688,162.23431396484375,28810400
2018-03-16,171.82000732421875,172.1999969482422,170.94000244140625,171.02000427246094,161.7520294189453,31176700
2018-03-19,169.10000610351562,169.22000122070312,165.63999938964844,167.10000610351562,158.3008270263672,71395100
2018-03-20,167.1699981689453,168.0399932861328,166.61000061035156,167.64999389648438,158.8218994140625,34075700
2018-03-21,167.2100067138672,168.75999450683594,166.19000244140625,166.9199981689453,158.13034057617188,43863500
2018-03-22,164.61000061035156,165.77000427246094,162.58999633789062,162.8000030517578,154.2272186279297,66607300
2018-03-23,162.61000061035156,163.3000030517578,158.42999267578125,158.50999450683594,150.16317749023438,80110400
2018-03-26,161.72000122070312,164.60000610351562,159.16000366210938,164.39999389648438,155.74305725097656,57481500
2018-03-27,165.6199951171875,165.6199951171875,157.67999267578125,159.0800018310547,150.7031707763672,78889100
2018-03-28,158.1699981689453,159.77999877929688,156.0399932861328,157.25,148.96957397460938,89369700
2018-03-29,158.10000610351562,161.7100067138672,156.6300048828125,160.1300048828125,151.69786071777344,68692600
2018-04-02,158.99000549316406,159.74000549316406,153.8800048828125,155.50999450683594,147.32113647460938,85549400
2018-04-03,156.8699951171875,157.9199981689453,154.44000244140625,157.25999450683594,148.97898864746094,64090000
2018-04-04,154.22000122070312,160.22999572753906,154.0399932861328,159.74000549316406,151.32843017578125,65768700
2018-04-05,161.3300018310547,161.5800018310547,159.47999572753906,160.64999389648438,152.1904754638672,43054900
2018-04-06,158.8800048828125,160.4600067138672,155.8800048828125,156.6300048828125,148.38218688964844,59870900
2018-04-09,157.97999572753906,160.8800048828125,157.4600067138672,157.72999572753906,149.42428588867188,41810400
2018-04-10,160.2100067138672,161.72999572753906,159.07000732421875,161.2100067138672,152.7210235595703,48296800
2018-04-11,160.1999969482422,162.0,160.10000610351562,160.27999877929688,151.83998107910156,41622100
2018-04-12,161.25,162.77000427246094,161.16000366210938,162.2100067138672,153.6682891845703,30467900
2018-04-13,163.02000427246094,163.25999450683594,160.6699981689453,161.3699951171875,152.87255859375,44604900
2018-04-16,162.5,163.19000244140625,161.47999572753906,162.60000610351562,154.03781127929688,28180800
2018-04-17,164.24000549316406,166.4600067138672,163.91000366210938,166.10000610351562,157.35353088378906,35536100
2018-04-18,166.10000610351562,167.0,165.30999755859375,166.44000244140625,157.67564392089844,29573900
2018-04-19,165.60000610351562,165.99000549316406,164.33999633789062,164.91000366210938,156.22613525390625,34705700
2018-04-20,164.49000549316406,164.61000061035156,161.72999572753906,162.3000030517578,153.7536163330078,49197100
2018-04-23,163.08999633789062,163.72999572753906,161.02000427246094,161.88999938964844,153.36517333984375,33040600
2018-04-24,162.66000366210938,162.91000366210938,157.38999938964844,158.4600067138672,150.11581420898438,70256800
2018-04-25,158.74000549316406,159.30999755859375,156.47000122070312,158.64999389648438,150.29579162597656,52089300
2018-04-26,160.6999969482422,162.52999877929688,160.17999267578125,161.99000549316406,153.45997619628906,43005500
2018-04-27,164.3699951171875,164.41000366210938,161.1699981689453,162.08999633789062,153.55467224121094,51043400
2018-04-30,162.47000122070312,163.47999572753906,160.5399932861328,160.94000244140625,152.4652557373047,35615300
2018-05-01,160.52000427246094,162.8000030517578,160.13999938964844,162.77999877929688,154.2082977294922,36513500
2018-05-02,163.05999755859375,163.57000732421875,161.6300048828125,161.82000732421875,153.29891967773438,38646800
2018-05-03,161.0,162.39999389648438,159.22000122070312,161.8000030517578,153.27992248535156,60337100
2018-05-04,161.10000610351562,165.25,160.97999572753906,164.8699951171875,156.18824768066406,41543200
2018-05-07,165.63999938964844,166.77999877929688,165.50999450683594,166.24000549316406,157.48611450195312,32500200
2018-05-08,165.88999938964844,166.42999267578125,164.86000061035156,166.07000732421875,157.3250732421875,26040200
2018-05-09,166.3699951171875,168.0,165.77999877929688,167.8800048828125,159.03976440429688,29122700
2018-05-10,168.4199981689453,169.74000549316406,168.2899932861328,169.6199951171875,160.6881561279297,27067600
2018-05-11,169.4199981689453,169.86000061035156,168.72000122070312,169.4600067138672,160.53656005859375,24688800
2018-05-14,169.85000610351562,170.82000732421875,169.47000122070312,169.75,160.81129455566406,21821700
2018-05-15,168.41000366210938,168.5,166.97999572753906,167.8699951171875,159.0302734375,49361600
2018-05-16,168.08999633789062,169.3699951171875,168.00999450683594,168.97999572753906,160.0818328857422,22941200
2018-05-17,168.38999938964844,169.61000061035156,167.50999450683594,168.3300018310547,159.4661102294922,27480200
2018-05-18,167.67999267578125,168.25999450683594,167.2100067138672,167.4600067138672,158.64190673828125,26217900
2018-05-21,168.75999450683594,169.5,167.67999267578125,168.39999389648438,159.53236389160156,22954600
2018-05-22,169.1699981689453,169.4499969482422,167.8800048828125,168.17999267578125,159.32398986816406,19477700
2018-05-23,166.89999389648438,169.6199951171875,166.8800048828125,169.60000610351562,160.6692657470703,26557800
2018-05-24,169.5500030517578,169.85000610351562,167.83999633789062,169.5500030517578,160.621826171875,27696500
2018-05-25,169.52999877929688,170.3300018310547,169.2100067138672,169.72000122070312,160.78289794921875,27460500
2018-05-29,168.9499969482422,169.9199981689453,167.9600067138672,168.97000122070312,160.07240295410156,41220500
2018-05-30,169.5800018310547,170.47999572753906,169.22000122070312,170.17999267578125,161.21865844726562,22665800
2018-05-31,170.17999267578125,171.1999969482422,169.6300048828125,170.07000732421875,161.1144256591797,35670900
2018-06-01,170.9199981689453,172.83999633789062,170.8699951171875,172.74000549316406,163.64385986328125,45543300
2018-06-04,173.17999267578125,174.33999633789062,173.07000732421875,174.3000030517578,165.12171936035156,20459600
2018-06-05,174.7100067138672,175.1300048828125,174.07000732421875,174.83999633789062,165.6332550048828,24779300
2018-06-06,175.02000427246094,175.88999938964844,174.13999938964844,175.86000061035156,166.5995635986328,25036600
2018-06-07,175.88999938964844,175.92999267578125,173.5500030517578,174.42999267578125,165.24485778808594,39600300
2018-06-08,173.61000061035156,174.8800048828125,173.17999267578125,174.44000244140625,165.2543182373047,31780300
2018-06-11,174.30999755859375,175.33999633789062,174.27999877929688,174.91000366210938,165.69955444335938,22319700
2018-06-12,175.14999389648438,176.0,174.9600067138672,175.8300018310547,166.5711212158203,22511800
2018-06-13,176.10000610351562,177.13999938964844,175.42999267578125,175.82000732421875,166.5616455078125,37858600
2018-06-14,176.6300048828125,177.88999938964844,176.5,177.60000610351562,168.24790954589844,35916000
2018-06-15,176.92999267578125,177.3300018310547,176.11000061035156,176.97999572753906,167.6605682373047,49615700
2018-06-18,175.49000549316406,176.64999389648438,174.94000244140625,176.5,167.5637664794922,31633200
2018-06-19,174.27000427246094,176.0399932861328,173.7100067138672,176.0,167.08905029296875,38236000
2018-06-20,176.80999755859375,177.97999572753906,176.64999389648438,177.25,168.2758026123047,33038000
2018-06-21,177.6999969482422,177.8800048828125,175.3699951171875,175.7100067138672,166.8137664794922,43469400
2018-06-22,176.3000030517578,176.3699951171875,174.69000244140625,175.32000732421875,166.4434814453125,30073200
2018-06-25,173.72999572753906,173.99000549316406,169.80999755859375,171.3699951171875,162.6934814453125,77799700
2018-06-26,172.0,173.05999755859375,171.3699951171875,172.07000732421875,163.3580780029297,39008100
2018-06-27,172.8000030517578,173.5800018310547,169.61000061035156,169.72999572753906,161.13650512695312,52843500
2018-06-28,169.52000427246094,171.77000427246094,169.1699981689453,171.19000244140625,162.5225830078125,46407700
2018-06-29,172.00999450683594,172.9199981689453,171.39999389648438,171.64999389648438,162.95936584472656,36408500
2018-07-02,170.0399932861328,172.85000610351562,169.6699981689453,172.8000030517578,164.05105590820312,31770000
2018-07-03,173.4499969482422,173.4499969482422,170.6300048828125,170.8000030517578,162.1522979736328,25512700
2018-07-05,171.91000366210938,173.05999755859375,171.02999877929688,172.9199981689453,164.1649932861328,31626200
2018-07-06,173.32000732421875,175.74000549316406,173.0,175.61000061035156,166.7187957763672,37005600
2018-07-09,176.52000427246094,177.22999572753906,175.82000732421875,177.19000244140625,168.21881103515625,27362100
2018-07-10,177.52000427246094,177.72000122070312,176.7100067138672,177.32000732421875,168.34226989746094,23902500
2018-07-11,175.92999267578125,177.07000732421875,175.8000030517578,176.4199981689453,167.48779296875,30280600
2018-07-12,177.1999969482422,179.4600067138672,177.0800018310547,179.4600067138672,170.37387084960938,27930100
2018-07-13,179.4499969482422,179.89999389648438,178.9499969482422,179.61000061035156,170.51629638671875,28049800
2018-07-16,179.64999389648438,179.9499969482422,178.8800048828125,179.17999267578125,170.1080322265625,21405300
2018-07-17,177.27999877929688,180.64999389648438,177.27999877929688,180.27000427246094,171.14285278320312,31034100
2018-07-18,180.2899932861328,180.44000244140625,179.3800048828125,179.92999267578125,170.82005310058594,23220800
2018-07-19,179.27999877929688,179.8800048828125,178.82000732421875,179.02999877929688,169.9656524658203,31094100
2018-07-20,179.57000732421875,180.1699981689453,178.7899932861328,178.99000549316406,169.92767333984375,35897300
2018-07-23,178.4600067138672,179.63999938964844,177.74000549316406,179.55999755859375,170.46884155273438,22184700
2018-07-24,181.41000366210938,182.0500030517578,179.55999755859375,180.3000030517578,171.17127990722656,36900300
2018-07-25,180.3800048828125,182.92999267578125,180.2899932861328,182.82000732421875,173.56378173828125,35026600
2018-07-26,180.33999633789062,180.9199981689453,179.80999755859375,180.0500030517578,170.93397521972656,40873500
2018-07-27,181.19000244140625,181.30999755859375,176.60000610351562,177.6199951171875,168.62701416015625,59456100
2018-07-30,177.6300048828125,177.72999572753906,174.27000427246094,175.11000061035156,166.24420166015625,60193000
2018-07-31,175.8000030517578,177.1300048828125,174.82000732421875,176.4499969482422,167.5162353515625,47285100
2018-08-01,176.86000061035156,177.64999389648438,176.10000610351562,177.1199951171875,168.15234375,37101900
2018-08-02,175.8699951171875,179.74000549316406,175.7899932861328,179.52999877929688,170.44033813476562,47178200
2018-08-03,179.8699951171875,180.08999633789062,179.0800018310547,180.0800018310547,170.9624481201172,28934400
2018-08-06,179.9600067138672,181.19000244140625,179.74000549316406,181.13999938964844,171.9687957763672,24808800
2018-08-07,181.64999389648438,182.13999938964844,181.25999450683594,181.8000030517578,172.59544372558594,29895700
2018-08-08,181.5500030517578,182.35000610351562,181.05999755859375,182.02000427246094,172.80426025390625,22680700
2018-08-09,181.91000366210938,182.6300048828125,181.63999938964844,181.91000366210938,172.69984436035156,18852900
2018-08-10,180.67999267578125,181.22000122070312,179.83999633789062,180.52000427246094,171.38021850585938,33818500
2018-08-13,180.85000610351562,182.00999450683594,180.24000549316406,180.32000732421875,171.19032287597656,26089200
2018-08-14,181.00999450683594,181.66000366210938,180.0399932861328,181.4499969482422,172.26309204101562,20913000
2018-08-15,180.00999450683594,180.5800018310547,178.1199951171875,179.22999572753906,170.1554718017578,58528000
2018-08-16,180.61000061035156,180.99000549316406,179.47000122070312,179.82000732421875,170.7156524658203,27711800
2018-08-17,179.35000610351562,180.30999755859375,178.27000427246094,179.86000061035156,170.7536163330078,36092600
2018-08-20,180.25999450683594,180.3300018310547,179.0,179.6999969482422,170.6017303466797,24939000
2018-08-21,180.24000549316406,181.44000244140625,180.1300048828125,180.36000061035156,171.22830200195312,26258700
2018-08-22,179.97999572753906,181.27000427246094,179.75,181.05999755859375,171.89285278320312,18042400
2018-08-23,180.74000549316406,182.0500030517578,180.5,180.8000030517578,171.64605712890625,25776200
2018-08-24,181.39999389648438,182.6300048828125,181.36000061035156,182.47999572753906,173.24098205566406,23136100
2018-08-27,183.39999389648438,184.33999633789062,183.11000061035156,184.33999633789062,175.0067596435547,29343600
2018-08-28,184.8300018310547,185.02000427246094,184.22000122070312,184.61000061035156,175.26316833496094,20277000
2018-08-29,184.92999267578125,186.83999633789062,184.86000061035156,186.74000549316406,177.2853240966797,29175600
2018-08-30,186.3800048828125,187.52000427246094,185.7899932861328,186.41000366210938,176.97201538085938,29315500
2018-08-31,186.17999267578125,187.17999267578125,185.97999572753906,186.64999389648438,177.19985961914062,28653200
2018-09-04,186.0800018310547,186.39999389648438,184.85000610351562,185.85000610351562,176.4403533935547,29063500
2018-09-05,185.52000427246094,185.5500030517578,182.82000732421875,183.4499969482422,174.161865234375,42623300
2018-09-06,183.52999877929688,183.75,180.5800018310547,181.80999755859375,172.60488891601562,46091400
2018-09-07,180.5,182.6699981689453,180.44000244140625,181.11000061035156,171.94033813476562,46629500
2018-09-10,182.14999389648438,182.25,180.72999572753906,181.72000122070312,172.51943969726562,26132000
2018-09-11,180.99000549316406,183.4199981689453,180.52000427246094,183.1199951171875,173.84857177734375,30116500
2018-09-12,182.85000610351562,182.97999572753906,181.00999450683594,182.5800018310547,173.33592224121094,36204000
2018-09-13,183.72000122070312,184.8800048828125,183.63999938964844,184.52999877929688,175.18714904785156,31133200
2018-09-14,184.66000366210938,184.9499969482422,183.25999450683594,183.99000549316406,174.67446899414062,31224100
2018-09-17,183.67999267578125,183.80999755859375,181.1699981689453,181.33999633789062,172.15869140625,33071200
2018-09-18,181.49000549316406,183.72999572753906,181.39999389648438,182.83999633789062,173.58274841308594,31877300
2018-09-19,182.8699951171875,183.3000030517578,181.50999450683594,182.6999969482422,173.44981384277344,31843400
2018-09-20,183.9600067138672,184.97000122070312,183.52000427246094,184.72000122070312,175.36756896972656,33295800
2018-09-21,185.22000122070312,185.47999572753906,183.47999572753906,183.7100067138672,174.40869140625,38605400
2018-09-24,182.0500030517578,183.9600067138672,181.3000030517578,183.88999938964844,174.8937225341797,34945600
2018-09-25,183.80999755859375,184.27999877929688,183.17999267578125,184.13999938964844,175.1315155029297,25277500
2018-09-26,184.3000030517578,185.99000549316406,183.91000366210938,184.27000427246094,175.25514221191406,36210600
2018-09-27,185.02000427246094,186.49000549316406,184.9199981689453,185.8300018310547,176.73890686035156,33113300
2018-09-28,185.30999755859375,186.27999877929688,184.97000122070312,185.7899932861328,176.70077514648438,28076800
2018-10-01,186.8699951171875,187.52999877929688,185.6999969482422,186.1699981689453,177.06224060058594,27371300
2018-10-02,186.00999450683594,187.17999267578125,185.32000732421875,185.75,176.6627960205078,25618600
2018-10-03,186.52999877929688,186.97000122070312,185.66000366210938,185.9499969482422,176.85299682617188,29128700
2018-10-04,185.1999969482422,185.32000732421875,181.05999755859375,182.3800048828125,173.45761108398438,80557300
2018-10-05,182.36000061035156,182.97000122070312,178.42999267578125,180.14999389648438,171.33673095703125,83325600
2018-10-08,179.52000427246094,180.63999938964844,176.92999267578125,179.0500030517578,170.29055786132812,66864500
2018-10-09,179.17999267578125,181.02000427246094,178.75,179.6300048828125,170.8421173095703,49097900
2018-10-10,178.50999450683594,178.6199951171875,171.5,171.72999572753906,163.32864379882812,114471100
2018-10-11,171.02000427246094,173.39999389648438,167.80999755859375,169.60000610351562,161.30282592773438,143084500
2018-10-12,174.1699981689453,174.86000061035156,170.92999267578125,174.32000732421875,165.79196166992188,102078400
2018-10-15,173.7100067138672,174.0399932861328,171.55999755859375,172.2100067138672,163.78514099121094,64885300
2018-10-16,174.02000427246094,177.64999389648438,173.6999969482422,177.22000122070312,168.55006408691406,71979700
2018-10-17,178.0800018310547,178.25999450683594,175.47000122070312,177.2899932861328,168.61663818359375,66987600
2018-10-18,176.6199951171875,176.67999267578125,172.44000244140625,173.17999267578125,164.70774841308594,82486200
2018-10-19,174.5800018310547,176.07000732421875,172.38999938964844,173.02000427246094,164.55557250976562,82923700
2018-10-22,174.05999755859375,175.25,172.58999633789062,173.91000366210938,165.40199279785156,52909300
2018-10-23,170.63999938964844,174.1300048828125,168.82000732421875,173.27000427246094,164.79331970214844,77567000
2018-10-24,173.07000732421875,173.36000061035156,165.0399932861328,165.33999633789062,157.25123596191406,102997400
2018-10-25,167.91000366210938,172.0800018310547,167.16000366210938,171.05999755859375,162.6914520263672,83481100
2018-10-26,165.1999969482422,169.9600067138672,164.22999572753906,166.66000366210938,158.5066375732422,130970900
2018-10-29,169.2100067138672,169.86000061035156,160.08999633789062,163.22999572753906,155.24447631835938,111871900
2018-10-30,162.75,166.0399932861328,162.00999450683594,165.9199981689453,157.80287170410156,92584000
2018-10-31,168.6199951171875,171.25,168.5399932861328,169.82000732421875,161.51206970214844,73828600
2018-11-01,170.07000732421875,172.24000549316406,168.77999877929688,172.05999755859375,163.6425018310547,52706800
2018-11-02,171.52999877929688,172.5500030517578,168.22000122070312,169.3800048828125,161.0935821533203,75966800
2018-11-05,169.60000610351562,169.66000366210938,167.0800018310547,168.9600067138672,160.69418334960938,39573500
2018-11-06,168.97000122070312,171.19000244140625,168.72000122070312,170.24000549316406,161.91151428222656,34410400
2018-11-07,172.27999877929688,175.5800018310547,171.8699951171875,175.5800018310547,166.9902801513672,51169600
2018-11-08,174.75999450683594,175.3000030517578,173.6300048828125,174.4600067138672,165.92503356933594,40296500
2018-11-09,172.8300018310547,173.25,170.16000366210938,171.52000427246094,163.12887573242188,50602700
2018-11-12,170.32000732421875,170.63999938964844,166.17999267578125,166.3300018310547,158.1928253173828,62578400
2018-11-13,167.11000061035156,169.47999572753906,166.0,166.47000122070312,158.32598876953125,64128100
2018-11-14,168.1199951171875,168.6999969482422,164.25,165.1999969482422,157.11810302734375,75270700
2018-11-15,164.89999389648438,168.5399932861328,163.4600067138672,168.08999633789062,159.86668395996094,73254300
2018-11-16,166.4499969482422,168.30999755859375,165.77999877929688,167.5,159.30560302734375,65390700
2018-11-19,166.6999969482422,166.89999389648438,161.5399932861328,162.05999755859375,154.13169860839844,67280500
2018-11-20,158.3699951171875,161.3800048828125,157.1300048828125,159.16000366210938,151.37355041503906,102652800
2018-11-21,161.35000610351562,161.97000122070312,159.22999572753906,160.3699951171875,152.52439880371094,42965800
2018-11-23,159.08999633789062,160.83999633789062,159.08999633789062,159.2100067138672,151.42111206054688,23503700
2018-11-26,161.44000244140625,162.97000122070312,160.75999450683594,162.88999938964844,154.9210968017578,42012600
2018-11-27,162.0,163.85000610351562,161.17999267578125,163.44000244140625,155.4442138671875,36608100
2018-11-28,164.6199951171875,168.6999969482422,163.47000122070312,168.6999969482422,160.44688415527344,70141000
2018-11-29,167.99000549316406,169.25999450683594,166.82000732421875,168.14999389648438,159.9237823486328,44885700
2018-11-30,168.3800048828125,169.47000122070312,167.5399932861328,169.3699951171875,161.08407592773438,36722800
2018-12-03,173.11000061035156,173.30999755859375,169.50999450683594,172.3300018310547,163.8992919921875,50771700
2018-12-04,171.42999267578125,171.91000366210938,165.52000427246094,165.72000122070312,157.61265563964844,70594700
2018-12-06,162.3800048828125,166.91000366210938,161.77000427246094,166.88999938964844,158.7254180908203,71715500
2018-12-07,166.16000366210938,167.1199951171875,160.86000061035156,161.3800048828125,153.48500061035156,80432200
2018-12-10,161.0800018310547,163.77999877929688,159.41000366210938,163.07000732421875,155.09231567382812,73960800
2018-12-11,165.72999572753906,165.77000427246094,162.22999572753906,163.61000061035156,155.6059112548828,59058300
2018-12-12,166.0,167.60000610351562,164.9600067138672,165.0500030517578,156.9754638671875,53780000
2018-12-13,166.1300048828125,166.82000732421875,164.02999877929688,165.10000610351562,157.02297973632812,46378500
2018-12-14,163.2100067138672,163.80999755859375,160.6999969482422,161.0800018310547,153.19970703125,56547400
2018-12-17,160.38999938964844,161.6699981689453,156.1699981689453,157.42999267578125,149.72821044921875,74834100
2018-12-18,158.64999389648438,159.9499969482422,157.0399932861328,158.4199981689453,150.66976928710938,63642100
2018-12-19,158.17999267578125,160.72000122070312,153.33999633789062,154.52999877929688,146.97010803222656,81856500
2018-12-20,154.14999389648438,155.8699951171875,150.38999938964844,152.2899932861328,144.8396453857422,99002100
2018-12-21,153.0500030517578,154.08999633789062,146.72000122070312,147.57000732421875,140.35060119628906,141129400
2018-12-24,146.0800018310547,147.97999572753906,143.4600067138672,143.5,136.8701629638672,56163300
2018-12-26,145.0800018310547,152.5399932861328,144.08999633789062,152.4600067138672,145.41619873046875,98982100
2018-12-27,150.3699951171875,153.17999267578125,147.0800018310547,153.0500030517578,145.9789276123047,85824300
2018-12-28,154.14999389648438,155.58999633789062,151.72000122070312,152.97000122070312,145.9026641845703,77856600
2018-12-31,154.47000122070312,154.97999572753906,152.7100067138672,154.25999450683594,147.1330108642578,53015300
