date,open,high,low,close,adjclose,volume
2010-01-04,11.7952880859375,11.96588134765625,11.770917892456055,11.93338680267334,8.879744529724121,92942347
2010-01-05,11.91714096069336,12.152721405029297,11.900894165039062,12.152721405029297,9.042953491210938,96770018
2010-01-06,12.144598007202148,12.22583293914795,12.0552396774292,12.177091598510742,9.061086654663086,75492798
2010-01-07,12.201461791992188,12.510153770446777,12.177091598510742,12.437043190002441,9.254523277282715,117869112
2010-01-08,12.372055053710938,12.437043190002441,12.266449928283691,12.363931655883789,9.200117111206055,111866140
2010-01-11,12.485783576965332,12.49390697479248,12.298944473266602,12.372055053710938,9.206161499023438,72747299
2010-01-12,12.274574279785156,12.331438064575195,12.112104415893555,12.193339347839355,9.073179244995117,137613736
2010-01-13,12.193339347839355,12.372055053710938,12.095856666564941,12.331438064575195,9.17594051361084,100839458
2010-01-14,12.290820121765137,12.428919792175293,12.258326530456543,12.388301849365234,9.21824836730957,70844542
2010-01-15,12.315191268920898,12.32331371307373,12.120226860046387,12.136473655700684,9.030861854553223,118059301
2010-01-19,12.08773422241211,12.298944473266602,12.022746086120605,12.290820121765137,9.145718574523926,100437782
2010-01-20,12.209586143493652,12.339561462402344,12.128351211547852,12.258326530456543,9.121537208557129,99359426
2010-01-21,12.250203132629395,12.331438064575195,11.779041290283203,11.909016609191895,8.861610412597656,310007531
2010-01-22,11.868399620056152,11.925264358520508,11.4541015625,11.519089698791504,8.571464538574219,260932239
2010-01-25,11.681559562683105,11.730300903320312,11.470349311828613,11.584077835083008,8.619820594787598,179396215
2010-01-26,11.510967254638672,11.697807312011719,11.364744186401367,11.380990982055664,8.468705177307129,151799780
2010-01-27,11.413484573364258,11.681559562683105,11.364744186401367,11.65718936920166,8.674221992492676,254674696
2010-01-28,11.74654769897461,11.803412437438965,11.4541015625,11.600324630737305,8.631912231445312,275452007
2010-01-29,11.681559562683105,11.835906028747559,11.48659610748291,11.519089698791504,8.571464538574219,222839929
2010-02-01,11.592201232910156,11.74654769897461,11.592201232910156,11.714054107666016,8.716536521911621,155187738
2010-02-02,11.722176551818848,11.860276222229004,11.673436164855957,11.827781677246094,8.801166534423828,135155306
2010-02-03,11.76279354095459,11.844029426574707,11.665312767028809,11.697807312011719,8.704445838928223,131388692
2010-02-04,11.592201232910156,11.608448028564453,11.186027526855469,11.194150924682617,8.329672813415527,266891017
2010-02-05,11.259139060974121,11.356620788574219,10.974817276000977,11.324127197265625,8.426390647888184,315216015
2010-02-08,11.34849739074707,11.34849739074707,11.080422401428223,11.09666919708252,8.257139205932617,132199183
2010-02-09,11.23476791381836,11.291632652282715,11.047928810119629,11.210397720336914,8.341761589050293,190172389
2010-02-10,11.226645469665527,11.421607971191406,11.153533935546875,11.299756050109863,8.40825366973877,155220729
2010-02-11,11.299756050109863,11.380990982055664,11.031682014465332,11.324127197265625,8.426390647888184,92212240
2010-02-12,11.194150924682617,11.332249641418457,11.121040344238281,11.332249641418457,8.432438850402832,125390768
2010-02-16,11.413484573364258,11.584077835083008,11.340373992919922,11.567831039428711,8.607731819152832,134800901
2010-02-17,11.65718936920166,11.65718936920166,11.551584243774414,11.608448028564453,8.637956619262695,81067751
2010-02-18,11.559707641601562,11.714054107666016,11.551584243774414,11.681559562683105,8.69235897064209,73617370
2010-02-19,11.608448028564453,11.787164688110352,11.600324630737305,11.74654769897461,8.740718841552734,72633555
2010-02-22,11.787164688110352,11.96588134765625,11.770917892456055,11.900894165039062,8.85556697845459,86110666
2010-02-23,11.844029426574707,11.93338680267334,11.640941619873047,11.681559562683105,8.69235897064209,144519031
2010-02-24,11.689682960510254,11.900894165039062,11.689682960510254,11.884647369384766,8.843478202819824,87297473
2010-02-25,11.722176551818848,11.868399620056152,11.649065971374512,11.852152824401855,8.81929874420166,130407585
2010-02-26,11.852152824401855,11.96588134765625,11.787164688110352,11.925264358520508,8.873703956604004,129857821
2010-03-01,11.96588134765625,11.990251541137695,11.884647369384766,11.957757949829102,8.897879600524902,65465319
2010-03-02,11.990251541137695,12.112104415893555,11.982128143310547,11.998374938964844,8.928106307983398,71151554
2010-03-03,12.01462173461914,12.095856666564941,11.974004745483398,12.006499290466309,8.934150695800781,69710915
2010-03-04,12.038992881774902,12.136473655700684,12.022746086120605,12.128351211547852,9.024821281433105,65092695
2010-03-05,12.193339347839355,12.388301849365234,12.177091598510742,12.363931655883789,9.200117111206055,99635663
2010-03-08,12.388301849365234,12.437043190002441,12.363931655883789,12.388301849365234,9.21824836730957,66161942
2010-03-09,12.32331371307373,12.510153770446777,12.282696723937988,12.428919792175293,9.248476028442383,110608058
2010-03-10,12.510153770446777,12.640130043029785,12.485783576965332,12.56701946258545,9.351234436035156,123834045
2010-03-11,12.534524917602539,12.680747032165527,12.518278121948242,12.672623634338379,9.429821968078613,75285990
2010-03-12,12.778228759765625,12.778228759765625,12.56701946258545,12.623883247375488,9.393549919128418,125183468
2010-03-15,12.550771713256836,12.648253440856934,12.485783576965332,12.623883247375488,9.393549919128418,86475904
2010-03-16,12.66450023651123,12.78635311126709,12.63200569152832,12.778228759765625,9.508400917053223,92828356
2010-03-17,12.851340293884277,12.973193168640137,12.835092544555664,12.932575225830078,9.623250961303711,113668817
2010-03-18,12.908205032348633,12.92445182800293,12.778228759765625,12.859463691711426,9.568846702575684,91978843
2010-03-19,12.745735168457031,12.891958236694336,12.696993827819824,12.745735168457031,9.505838394165039,110142617
2010-03-22,12.61575984954834,12.818845748901367,12.607636451721191,12.810723304748535,9.554306030273438,78909193
2010-03-23,12.843216896057129,12.92445182800293,12.770106315612793,12.916328430175781,9.633070945739746,79992227
2010-03-24,12.835092544555664,12.989439010620117,12.835092544555664,12.92445182800293,9.639129638671875,86346279
2010-03-25,13.013810157775879,13.257513999938965,12.965068817138672,12.981315612792969,9.681536674499512,150906813
2010-03-26,13.038180351257324,13.160032272338867,12.92445182800293,12.997563362121582,9.693655014038086,218970526
2010-03-29,13.070673942565918,13.111291885375977,12.932575225830078,13.013810157775879,9.705772399902344,76076908
2010-03-30,13.021932601928711,13.06255054473877,12.900080680847168,12.932575225830078,9.645186424255371,59183033
2010-03-31,12.851340293884277,13.005685806274414,12.843216896057129,12.95694637298584,9.663361549377441,72467985
2010-04-01,13.06255054473877,13.103167533874512,12.973193168640137,13.06255054473877,9.74212646484375,59488321
2010-04-05,13.135662078857422,13.208772659301758,13.103167533874512,13.192525863647461,9.839058876037598,55300582
2010-04-06,13.184403419494629,13.363119125366211,13.160032272338867,13.330625534057617,9.94205379486084,63364125
2010-04-07,13.363119125366211,13.411860466003418,13.200650215148926,13.281885147094727,9.905704498291016,91544300
2010-04-08,13.23314380645752,13.428107261657715,13.176279067993164,13.387490272521973,9.984467506408691,86447591
2010-04-09,13.436230659484863,13.468725204467773,13.354995727539062,13.436230659484863,10.0208158493042,64967625
2010-04-12,13.476847648620605,13.549959182739258,13.460600852966309,13.493095397949219,10.063222885131836,56718325
2010-04-13,13.476847648620605,13.57433032989502,13.411860466003418,13.501218795776367,10.069284439086914,85280479
2010-04-14,13.671812057495117,13.858652114868164,13.65556526184082,13.8505277633667,10.329804420471191,155369926
2010-04-15,13.88302230834961,13.907391548156738,13.753046035766602,13.79366397857666,10.28739070892334,101626682
2010-04-16,13.736799240112305,13.753046035766602,13.054427146911621,13.290007591247559,9.911761283874512,468533372
2010-04-19,13.135662078857422,13.444354057312012,13.119415283203125,13.419983863830566,10.008698463439941,319699563
2010-04-20,13.525588989257812,13.598699569702148,13.444354057312012,13.598699569702148,10.141987800598145,151176894
2010-04-21,13.606823921203613,13.728675842285156,13.363119125366211,13.517464637756348,10.081399917602539,210131946
2010-04-22,13.37124252319336,13.631194114685059,13.31437873840332,13.590577125549316,10.135926246643066,123733596
2010-04-23,13.614947319030762,13.688057899475098,13.54183578491211,13.631194114685059,10.166221618652344,109054906
2010-04-26,13.62307071685791,13.62307071685791,13.387490272521973,13.419983863830566,10.008698463439941,128910443
2010-04-27,13.273760795593262,13.419983863830566,12.932575225830078,12.965068817138672,9.66942024230957,289883143
2010-04-28,13.143786430358887,13.241267204284668,13.030056953430176,13.151908874511719,9.808765411376953,194917032
2010-04-29,13.322502136230469,13.525588989257812,13.257513999938965,13.452478408813477,10.032933235168457,153177515
2010-04-30,13.387490272521973,13.428107261657715,13.103167533874512,13.127538681030273,9.790592193603516,206146707
2010-05-03,13.241267204284668,13.411860466003418,13.200650215148926,13.379365921020508,9.978402137756348,110817944
2010-05-04,13.184403419494629,13.225020408630371,12.932575225830078,13.013810157775879,9.705772399902344,195182313
2010-05-05,12.802599906921387,13.160032272338867,12.75385856628418,12.940698623657227,9.651243209838867,227201362
2010-05-06,12.883833885192871,13.030056953430176,11.827781677246094,12.3964262008667,9.245325088500977,385070710
2010-05-07,12.404548645019531,12.623883247375488,12.079609870910645,12.258326530456543,9.142328262329102,434082852
2010-05-10,12.891958236694336,13.013810157775879,12.729488372802734,12.940698623657227,9.651243209838867,220172844
2010-05-11,12.745735168457031,13.103167533874512,12.737611770629883,12.891958236694336,9.61489200592041,149938016
2010-05-12,12.973193168640137,13.046303749084473,12.867587089538574,13.038180351257324,9.723950386047363,108045855
2010-05-13,12.997563362121582,13.030056953430176,12.802599906921387,12.802599906921387,9.548250198364258,117497842
2010-05-14,12.656376838684082,12.66450023651123,12.339561462402344,12.469536781311035,9.29985237121582,185612150
2010-05-17,12.469536781311035,12.583266258239746,12.177091598510742,12.477660179138184,9.305909156799316,215164644
2010-05-18,12.623883247375488,12.63200569152832,12.030868530273438,12.120226860046387,9.039332389831543,245298293
2010-05-19,12.006499290466309,12.258326530456543,11.892769813537598,12.136473655700684,9.051446914672852,282446426
2010-05-20,11.909016609191895,11.949633598327637,11.551584243774414,11.575955390930176,8.633410453796387,264759910
2010-05-21,11.332249641418457,12.136473655700684,11.332249641418457,11.982128143310547,8.936338424682617,256736868
2010-05-24,12.038992881774902,12.038992881774902,11.62469482421875,11.640941619873047,8.681878089904785,132667948
2010-05-25,11.31600284576416,11.754671096801758,11.242892265319824,11.74654769897461,8.760642051696777,202843441
2010-05-26,11.93338680267334,11.957757949829102,11.600324630737305,11.665312767028809,8.700055122375488,153920670
2010-05-27,11.91714096069336,12.201461791992188,11.852152824401855,12.193339347839355,9.093860626220703,150171413
2010-05-28,12.160844802856445,12.168968200683594,11.884647369384766,11.925264358520508,8.893929481506348,156946837
2010-06-01,11.7952880859375,11.96588134765625,11.65718936920166,11.673436164855957,8.706111907958984,102271849
2010-06-02,11.7952880859375,12.038992881774902,11.681559562683105,12.038992881774902,8.978748321533203,97060780
2010-06-03,12.08773422241211,12.112104415893555,11.844029426574707,11.974004745483398,8.930277824401855,126116689
2010-06-04,11.730300903320312,11.7952880859375,11.437854766845703,11.494720458984375,8.572823524475098,146914680
2010-06-07,11.543460845947266,11.600324630737305,11.226645469665527,11.26726245880127,8.403186798095703,128171597
2010-06-08,11.332249641418457,11.510967254638672,11.129162788391113,11.502842903137207,8.57888412475586,180966602
2010-06-09,11.584077835083008,11.673436164855957,11.332249641418457,11.380990982055664,8.488008499145508,153438734
2010-06-10,11.551584243774414,11.779041290283203,11.470349311828613,11.754671096801758,8.76669979095459,138725329
2010-06-11,11.640941619873047,11.827781677246094,11.608448028564453,11.787164688110352,8.790929794311523,66406172
2010-06-14,11.884647369384766,11.941511154174805,11.722176551818848,11.738424301147461,8.754581451416016,111620925
2010-06-15,11.811534881591797,12.038992881774902,11.738424301147461,12.01462173461914,8.9605712890625,124529437
2010-06-16,11.941511154174805,12.08773422241211,11.892769813537598,12.022746086120605,8.966629981994629,76874719
2010-06-17,12.0552396774292,12.071487426757812,11.8765230178833,12.006499290466309,8.95451545715332,88713985
2010-06-18,12.038992881774902,12.071487426757812,11.957757949829102,12.04711627960205,9.00368881225586,82191162
2010-06-21,12.18521499633789,12.22583293914795,11.96588134765625,12.030868530273438,8.991545677185059,105541262
2010-06-22,12.038992881774902,12.095856666564941,11.827781677246094,11.844029426574707,8.851906776428223,102404305
2010-06-23,11.852152824401855,11.909016609191895,11.714054107666016,11.787164688110352,8.809412002563477,147406957
2010-06-24,11.714054107666016,11.819659233093262,11.527214050292969,11.575955390930176,8.651557922363281,180425454
2010-06-25,11.722176551818848,11.91714096069336,11.559707641601562,11.892769813537598,8.888340950012207,174342222
2010-06-28,11.900894165039062,11.93338680267334,11.74654769897461,11.779041290283203,8.803340911865234,97958795
2010-06-29,11.616572380065918,11.632819175720215,11.26726245880127,11.356620788574219,8.487629890441895,190216582
2010-06-30,11.340373992919922,11.470349311828613,11.169780731201172,11.218522071838379,8.384424209594727,152587990
2010-07-01,11.202275276184082,11.291632652282715,10.844841957092285,11.112915992736816,8.305493354797363,164533121
2010-07-02,11.194150924682617,11.210397720336914,10.893582344055176,10.982940673828125,8.208353996276855,82338882
2010-07-06,11.226645469665527,11.283509254455566,10.92607593536377,11.047928810119629,8.256924629211426,131649787
2010-07-07,11.121040344238281,11.559707641601562,11.104792594909668,11.535337448120117,8.621201515197754,135275082
2010-07-08,11.673436164855957,11.689682960510254,11.445979118347168,11.62469482421875,8.687986373901367,99375306
2010-07-09,11.584077835083008,11.811534881591797,11.575955390930176,11.787164688110352,8.809412002563477,99814035
2010-07-12,11.770917892456055,11.827781677246094,11.65718936920166,11.803412437438965,8.821548461914062,67070912
2010-07-13,11.957757949829102,12.160844802856445,11.949633598327637,12.095856666564941,9.040116310119629,103837681
2010-07-14,12.038992881774902,12.04711627960205,11.8765230178833,12.006499290466309,8.973336219787598,95201847
2010-07-15,12.022746086120605,12.04711627960205,11.722176551818848,11.982128143310547,8.955117225646973,118284082
2010-07-16,11.835906028747559,11.860276222229004,11.445979118347168,11.478472709655762,8.57870101928711,174393677
2010-07-19,11.494720458984375,11.543460845947266,11.283509254455566,11.470349311828613,8.57262897491455,87813508
2010-07-20,11.259139060974121,11.608448028564453,11.242892265319824,11.592201232910156,8.663697242736816,113625609
2010-07-21,11.803412437438965,11.803412437438965,11.372867584228516,11.40536117553711,8.52406120300293,126180578
2010-07-22,11.551584243774414,11.787164688110352,11.551584243774414,11.738424301147461,8.772980690002441,103468874
2010-07-23,11.714054107666016,11.860276222229004,11.608448028564453,11.827781677246094,8.839765548706055,85939803
2010-07-26,11.844029426574707,12.01462173461914,11.779041290283203,11.990251541137695,8.961191177368164,97582109
2010-07-27,12.144598007202148,12.201461791992188,11.998374938964844,12.022746086120605,8.985477447509766,114958905
2010-07-28,11.990251541137695,12.063363075256348,11.8765230178833,11.91714096069336,8.906546592712402,60830850
2010-07-29,12.022746086120605,12.079609870910645,11.811534881591797,11.957757949829102,8.936905860900879,86025234
2010-07-30,11.803412437438965,12.030868530273438,11.803412437438965,11.949633598327637,8.930834770202637,72789892
2010-08-02,12.120226860046387,12.258326530456543,12.071487426757812,12.250203132629395,9.155473709106445,120011913
2010-08-03,12.18521499633789,12.217708587646484,12.095856666564941,12.112104415893555,9.052261352539062,81845251
2010-08-04,12.160844802856445,12.201461791992188,12.08773422241211,12.160844802856445,9.088685989379883,82030516
2010-08-05,12.071487426757812,12.136473655700684,12.038992881774902,12.112104415893555,9.052261352539062,50578959
2010-08-06,11.990251541137695,12.0552396774292,11.844029426574707,12.006499290466309,8.973336219787598,101926554
2010-08-09,12.063363075256348,12.103981018066406,11.949633598327637,12.071487426757812,9.021900177001953,49583449
2010-08-10,11.957757949829102,12.063363075256348,11.884647369384766,11.96588134765625,8.942976951599121,81174971
2010-08-11,11.779041290283203,11.787164688110352,11.527214050292969,11.543460845947266,8.62727165222168,117411918
2010-08-12,11.421607971191406,11.535337448120117,11.380990982055664,11.462225914001465,8.566555976867676,88825636
2010-08-13,11.4541015625,11.567831039428711,11.429732322692871,11.429732322692871,8.542271614074707,64041298
2010-08-16,11.397237777709961,11.445979118347168,11.340373992919922,11.397237777709961,8.517990112304688,68304497
2010-08-17,11.519089698791504,11.600324630737305,11.421607971191406,11.48659610748291,8.584771156311035,79810039
2010-08-18,11.478472709655762,11.616572380065918,11.437854766845703,11.535337448120117,8.621201515197754,68372325
2010-08-19,11.462225914001465,11.510967254638672,11.242892265319824,11.26726245880127,8.420851707458496,124471211
2010-08-20,11.226645469665527,11.259139060974121,11.129162788391113,11.23476791381836,8.396562576293945,81137426
2010-08-23,11.291632652282715,11.307880401611328,11.153533935546875,11.161657333374023,8.341923713684082,66239371
2010-08-24,11.023557662963867,11.080422401428223,10.942322731018066,10.974817276000977,8.202281951904297,116123431
2010-08-25,10.893582344055176,11.047928810119629,10.796100616455078,11.00731086730957,8.226569175720215,90747843
2010-08-26,11.06417465209961,11.137287139892578,10.885458946228027,10.917952537536621,8.159783363342285,88256545
2010-08-27,10.966693878173828,11.161657333374023,10.844841957092285,11.153533935546875,8.335850715637207,107590139
2010-08-30,11.104792594909668,11.129162788391113,10.909829139709473,10.917952537536621,8.159783363342285,78521797
2010-08-31,10.909829139709473,11.056052207946777,10.828595161437988,11.015435218811035,8.232643127441406,131233463
2010-09-01,11.153533935546875,11.4541015625,11.14540958404541,11.437854766845703,8.548345565795898,163002496
2010-09-02,11.429732322692871,11.551584243774414,11.421607971191406,11.551584243774414,8.633342742919922,82205072
2010-09-03,11.70592975616455,11.7952880859375,11.65718936920166,11.7952880859375,8.81548023223877,108976122
2010-09-07,11.681559562683105,11.689682960510254,11.510967254638672,11.527214050292969,8.615130424499512,69632992
2010-09-08,11.567831039428711,11.722176551818848,11.559707641601562,11.640941619873047,8.700127601623535,63465559
2010-09-09,11.819659233093262,11.884647369384766,11.714054107666016,11.787164688110352,8.809412002563477,100214233
2010-09-10,11.7952880859375,11.844029426574707,11.754671096801758,11.803412437438965,8.821548461914062,48934712
2010-09-13,11.982128143310547,12.08773422241211,11.982128143310547,12.0552396774292,9.00976276397705,93892679
2010-09-14,12.01462173461914,12.038992881774902,11.884647369384766,11.949633598327637,8.930834770202637,81324661
2010-09-15,11.860276222229004,12.006499290466309,11.819659233093262,11.990251541137695,8.961191177368164,91766372
2010-09-16,11.949633598327637,11.96588134765625,11.8765230178833,11.957757949829102,8.936905860900879,65492647
2010-09-17,11.974004745483398,11.998374938964844,11.852152824401855,11.868399620056152,8.890054702758789,80925078
2010-09-20,11.884647369384766,12.128351211547852,11.868399620056152,12.095856666564941,9.060428619384766,64263001
2010-09-21,12.128351211547852,12.160844802856445,11.941511154174805,11.982128143310547,8.975238800048828,103705472
2010-09-22,11.900894165039062,12.01462173461914,11.76279354095459,11.787164688110352,8.829204559326172,114854147
2010-09-23,11.673436164855957,11.770917892456055,11.535337448120117,11.559707641601562,8.658824920654297,127349658
2010-09-24,11.697807312011719,11.868399620056152,11.689682960510254,11.868399620056152,8.890054702758789,94600257
2010-09-27,11.868399620056152,11.868399620056152,11.714054107666016,11.738424301147461,8.792693138122559,76726384
2010-09-28,11.779041290283203,11.7952880859375,11.62469482421875,11.76279354095459,8.810949325561523,101337767
2010-09-29,11.722176551818848,11.779041290283203,11.616572380065918,11.673436164855957,8.744013786315918,82229692
2010-09-30,11.74654769897461,11.884647369384766,11.649065971374512,11.65718936920166,8.731842994689941,132373000
2010-10-01,11.770917892456055,11.819659233093262,11.649065971374512,11.779041290283203,8.823119163513184,162650799
2010-10-04,11.76279354095459,11.852152824401855,11.640941619873047,11.697807312011719,8.762269973754883,105309096
2010-10-05,11.803412437438965,12.01462173461914,11.714054107666016,11.96588134765625,8.963069915771484,163731125
2010-10-06,11.990251541137695,12.022746086120605,11.91714096069336,11.957757949829102,8.956986427307129,79712666
2010-10-07,12.01462173461914,12.0552396774292,11.844029426574707,11.909016609191895,8.920475959777832,88379153
2010-10-08,11.925264358520508,11.96588134765625,11.8765230178833,11.941511154174805,8.94481372833252,76830034
2010-10-11,11.949633598327637,11.96588134765625,11.8765230178833,11.925264358520508,8.932646751403809,50798200
2010-10-12,11.860276222229004,12.079609870910645,11.835906028747559,12.063363075256348,9.036091804504395,81038084
2010-10-13,12.136473655700684,12.18521499633789,12.038992881774902,12.071487426757812,9.042170524597168,138693077
2010-10-14,11.957757949829102,11.982128143310547,11.74654769897461,11.860276222229004,8.8839693069458,208325454
2010-10-15,11.900894165039062,11.957757949829102,11.575955390930176,11.65718936920166,8.731842994689941,163544136
2010-10-18,11.616572380065918,11.93338680267334,11.616572380065918,11.91714096069336,8.926558494567871,96393824
2010-10-19,11.827781677246094,11.998374938964844,11.70592975616455,11.754671096801758,8.804863929748535,180636325
2010-10-20,11.76279354095459,11.93338680267334,11.65718936920166,11.868399620056152,8.890054702758789,118915708
2010-10-21,11.91714096069336,12.006499290466309,11.770917892456055,11.868399620056152,8.890054702758789,90587936
2010-10-22,11.892769813537598,11.93338680267334,11.827781677246094,11.860276222229004,8.8839693069458,50796353
2010-10-25,11.96588134765625,11.982128143310547,11.803412437438965,11.819659233093262,8.853540420532227,56338931
2010-10-26,11.770917892456055,11.860276222229004,11.74654769897461,11.835906028747559,8.865714073181152,58349523
2010-10-27,11.7952880859375,11.884647369384766,11.754671096801758,11.844029426574707,8.871796607971191,77185177
2010-10-28,11.909016609191895,11.941511154174805,11.770917892456055,11.844029426574707,8.871796607971191,71284256
2010-10-29,11.811534881591797,11.852152824401855,11.76279354095459,11.827781677246094,8.859626770019531,49026545
2010-11-01,11.852152824401855,11.93338680267334,11.714054107666016,11.827781677246094,8.859626770019531,80929756
2010-11-02,11.900894165039062,11.909016609191895,11.827781677246094,11.860276222229004,8.8839693069458,67197828
2010-11-03,11.868399620056152,11.982128143310547,11.779041290283203,11.974004745483398,8.969157218933105,133181275
2010-11-04,12.095856666564941,12.3964262008667,12.08773422241211,12.372055053710938,9.267314910888672,204934664
2010-11-05,12.404548645019531,12.737611770629883,12.372055053710938,12.656376838684082,9.480286598205566,203857416
2010-11-08,12.640130043029785,12.648253440856934,12.44516658782959,12.558895111083984,9.407268524169922,110754301
2010-11-09,12.599513053894043,12.607636451721191,12.242079734802246,12.32331371307373,9.230807304382324,150410720
2010-11-10,12.32331371307373,12.469536781311035,12.217708587646484,12.461413383483887,9.334249496459961,149972115
2010-11-11,12.339561462402344,12.3964262008667,12.274574279785156,12.339561462402344,9.2429780960083,73585118
2010-11-12,12.274574279785156,12.315191268920898,12.103981018066406,12.136473655700684,9.090851783752441,109245218
2010-11-15,12.217708587646484,12.347684860229492,12.177091598510742,12.193339347839355,9.133451461791992,88027456
2010-11-16,12.128351211547852,12.144598007202148,11.892769813537598,11.990251541137695,8.981327056884766,166446464
2010-11-17,11.982128143310547,12.01462173461914,11.8765230178833,11.909016609191895,8.920475959777832,111420026
2010-11-18,12.0552396774292,12.152721405029297,12.022746086120605,12.071487426757812,9.042170524597168,105170116
2010-11-19,12.006499290466309,12.071487426757812,11.957757949829102,12.071487426757812,9.042170524597168,53682925
2010-11-22,11.990251541137695,11.998374938964844,11.811534881591797,11.892769813537598,8.908308982849121,119643844
2010-11-23,11.76279354095459,11.803412437438965,11.697807312011719,11.70592975616455,8.768357276916504,104476201
2010-11-24,11.787164688110352,11.892769813537598,11.754671096801758,11.884647369384766,8.902222633361816,72325066
2010-11-26,11.779041290283203,11.844029426574707,11.714054107666016,11.714054107666016,8.774435997009277,39044858
2010-11-29,11.689682960510254,11.860276222229004,11.665312767028809,11.811534881591797,8.847460746765137,101123080
2010-11-30,11.714054107666016,11.835906028747559,11.697807312011719,11.74654769897461,8.798776626586914,94421024
2010-12-01,11.91714096069336,11.990251541137695,11.884647369384766,11.982128143310547,8.975238800048828,102218916
2010-12-02,12.038992881774902,12.307066917419434,12.022746086120605,12.290820121765137,9.206469535827637,139900073
2010-12-03,12.209586143493652,12.35580825805664,12.144598007202148,12.331438064575195,9.236888885498047,111832288
2010-12-06,12.298944473266602,12.35580825805664,12.250203132629395,12.315191268920898,9.224722862243652,64905337
2010-12-07,12.485783576965332,12.485783576965332,12.298944473266602,12.331438064575195,9.236888885498047,131973540
2010-12-08,12.339561462402344,12.534524917602539,12.32331371307373,12.534524917602539,9.389015197753906,119732230
2010-12-09,12.61575984954834,12.713240623474121,12.550771713256836,12.688871383666992,9.504630088806152,95687230
2010-12-10,12.729488372802734,12.810723304748535,12.648253440856934,12.802599906921387,9.589818954467773,69683833
2010-12-13,12.859463691711426,12.883833885192871,12.75385856628418,12.794475555419922,9.58372974395752,62184704
2010-12-14,12.794475555419922,12.843216896057129,12.63200569152832,12.680747032165527,9.498544692993164,85879730
2010-12-15,12.623883247375488,12.729488372802734,12.550771713256836,12.575141906738281,9.419438362121582,101531526
2010-12-16,12.607636451721191,12.680747032165527,12.526400566101074,12.591388702392578,9.431608200073242,108179541
2010-12-17,12.56701946258545,12.623883247375488,12.502031326293945,12.61575984954834,9.484129905700684,76205917
2010-12-20,12.640130043029785,12.672623634338379,12.583266258239746,12.623883247375488,9.490235328674316,49879628
2010-12-21,12.672623634338379,12.851340293884277,12.672623634338379,12.843216896057129,9.655123710632324,59296901
2010-12-22,12.891958236694336,13.013810157775879,12.867587089538574,12.989439010620117,9.765049934387207,87852408
2010-12-23,12.965068817138672,12.973193168640137,12.843216896057129,12.891958236694336,9.691763877868652,36235347
2010-12-27,12.826970100402832,13.005685806274414,12.818845748901367,13.005685806274414,9.777264595031738,29735790
2010-12-28,13.005685806274414,13.046303749084473,12.973193168640137,13.005685806274414,9.777264595031738,42018708
2010-12-29,13.021932601928711,13.030056953430176,12.965068817138672,12.981315612792969,9.758941650390625,31035357
2010-12-30,12.981315612792969,12.981315612792969,12.891958236694336,12.940698623657227,9.72840690612793,45377614
2010-12-31,12.908205032348633,12.973193168640137,12.891958236694336,12.95694637298584,9.740625381469727,27080400
2011-01-03,13.135662078857422,13.273760795593262,13.103167533874512,13.241267204284668,9.954366683959961,113566767
2011-01-04,13.290007591247559,13.306255340576172,13.111291885375977,13.225020408630371,9.942151069641113,65761128
2011-01-05,13.176279067993164,13.40373706817627,13.160032272338867,13.379365921020508,10.058182716369629,119644460
2011-01-06,13.387490272521973,13.411860466003418,13.281885147094727,13.290007591247559,9.991007804870605,82408064
2011-01-07,13.338748931884766,13.354995727539062,13.013810157775879,13.176279067993164,9.905515670776367,219266212
2011-01-10,13.103167533874512,13.184403419494629,13.021932601928711,13.143786430358887,9.881083488464355,107038774
2011-01-11,13.225020408630371,13.290007591247559,13.135662078857422,13.192525863647461,9.917724609375,61620659
2011-01-12,13.346872329711914,13.419983863830566,13.322502136230469,13.411860466003418,10.082612991333008,100785048
2011-01-13,13.436230659484863,13.452478408813477,13.322502136230469,13.37124252319336,10.05207633972168,74704466
2011-01-14,13.363119125366211,13.614947319030762,13.346872329711914,13.582452774047852,10.210858345031738,113359713
2011-01-18,13.549959182739258,13.566205978393555,13.436230659484863,13.501218795776367,10.149791717529297,75478150
2011-01-19,13.395612716674805,13.444354057312012,13.160032272338867,13.200650215148926,9.923831939697266,144544020
2011-01-20,13.200650215148926,13.31437873840332,13.151908874511719,13.26563835144043,9.972688674926758,115484911
2011-01-21,13.354995727539062,13.436230659484863,13.306255340576172,13.37124252319336,10.05207633972168,93333928
2011-01-24,13.395612716674805,13.419983863830566,13.306255340576172,13.354995727539062,10.0398588180542,54863208
2011-01-25,13.290007591247559,13.37124252319336,13.168155670166016,13.330625534057617,10.021541595458984,84937892
2011-01-26,13.37124252319336,13.40373706817627,13.306255340576172,13.322502136230469,10.015434265136719,68221281
2011-01-27,13.322502136230469,13.444354057312012,13.306255340576172,13.436230659484863,10.100934028625488,88248544
2011-01-28,13.444354057312012,13.54183578491211,13.184403419494629,13.200650215148926,9.923831939697266,139244565
2011-01-31,13.225020408630371,13.346872329711914,13.225020408630371,13.322502136230469,10.015434265136719,77839208
2011-02-01,13.40373706817627,13.639318466186523,13.395612716674805,13.598699569702148,10.223073959350586,78635911
2011-02-02,13.558082580566406,13.598699569702148,13.476847648620605,13.493095397949219,10.143683433532715,57381711
2011-02-03,13.493095397949219,13.525588989257812,13.37124252319336,13.501218795776367,10.149791717529297,63619065
2011-02-04,13.48497200012207,13.501218795776367,13.387490272521973,13.493095397949219,10.143683433532715,76650431
2011-02-07,13.54183578491211,13.720552444458008,13.533712387084961,13.688057899475098,10.290247917175293,61790537
2011-02-08,13.696182250976562,13.809910774230957,13.65556526184082,13.785539627075195,10.363533020019531,59912524
2011-02-09,13.696182250976562,13.761170387268066,13.590577125549316,13.688057899475098,10.290247917175293,68776339
2011-02-10,13.62307071685791,13.71242904663086,13.598699569702148,13.688057899475098,10.290247917175293,53665322
2011-02-11,13.639318466186523,13.915515899658203,13.606823921203613,13.874897956848145,10.43071174621582,90898394
2011-02-14,13.866774559020996,13.907391548156738,13.818034172058105,13.88302230834961,10.436816215515137,43128085
2011-02-15,13.858652114868164,13.9317626953125,13.818034172058105,13.866774559020996,10.424600601196289,60650508
2011-02-16,13.915515899658203,13.956132888793945,13.858652114868164,13.939886093139648,10.479567527770996,44080140
2011-02-17,13.891144752502441,13.956132888793945,13.858652114868164,13.923639297485352,10.4673490524292,43641043
2011-02-18,13.939886093139648,13.972379684448242,13.891144752502441,13.956132888793945,10.491780281066895,39684855
2011-02-22,13.736799240112305,13.809910774230957,13.493095397949219,13.525588989257812,10.168109893798828,125808569
2011-02-23,13.517464637756348,13.62307071685791,13.298131942749023,13.468725204467773,10.125358581542969,142391001
2011-02-24,13.436230659484863,13.493095397949219,13.273760795593262,13.436230659484863,10.100934028625488,98899648
2011-02-25,13.533712387084961,13.65556526184082,13.517464637756348,13.62307071685791,10.2413911819458,61174545
2011-02-28,13.71242904663086,13.761170387268066,13.631194114685059,13.688057899475098,10.290247917175293,68170072
2011-03-01,13.728675842285156,13.728675842285156,13.395612716674805,13.395612716674805,10.07039737701416,130762113
2011-03-02,13.379365921020508,13.436230659484863,13.26563835144043,13.31437873840332,10.00932788848877,82293212
2011-03-03,13.460600852966309,13.614947319030762,13.452478408813477,13.590577125549316,10.21696662902832,103454963
2011-03-04,13.566205978393555,13.566205978393555,13.322502136230469,13.419983863830566,10.088719367980957,129134485
2011-03-07,13.452478408813477,13.517464637756348,13.273760795593262,13.330625534057617,10.021541595458984,85241580
2011-03-08,13.387490272521973,13.647440910339355,13.387490272521973,13.62307071685791,10.2413911819458,98070200
2011-03-09,13.614947319030762,13.688057899475098,13.517464637756348,13.62307071685791,10.2413911819458,87131903
2011-03-10,13.460600852966309,13.468725204467773,13.31437873840332,13.346872329711914,10.0337553024292,114185344
2011-03-11,13.26563835144043,13.476847648620605,13.26563835144043,13.436230659484863,10.100934028625488,107898504
2011-03-14,13.330625534057617,13.37124252319336,13.200650215148926,13.31437873840332,10.00932788848877,86120391
2011-03-15,12.973193168640137,13.225020408630371,12.92445182800293,13.160032272338867,9.89329719543457,127169809
2011-03-16,13.176279067993164,13.192525863647461,12.826970100402832,12.916328430175781,9.710089683532715,214034093
2011-03-17,13.09504508972168,13.111291885375977,12.916328430175781,13.070673942565918,9.826120376586914,120224753
2011-03-18,13.208772659301758,13.322502136230469,13.160032272338867,13.216897010803223,9.962048530578613,207386693
2011-03-21,13.363119125366211,13.37124252319336,13.208772659301758,13.281885147094727,10.011032104492188,95996704
2011-03-22,13.281885147094727,13.290007591247559,13.200650215148926,13.208772659301758,9.955927848815918,56765349
2011-03-23,13.168155670166016,13.216897010803223,13.013810157775879,13.176279067993164,9.931438446044922,79906795
2011-03-24,13.208772659301758,13.249390602111816,13.086920738220215,13.241267204284668,9.980417251586914,76789780
2011-03-25,13.257513999938965,13.322502136230469,13.208772659301758,13.273760795593262,10.004912376403809,55517238
2011-03-28,13.281885147094727,13.322502136230469,13.225020408630371,13.23314380645752,9.97429370880127,39245265
2011-03-29,13.208772659301758,13.26563835144043,13.127538681030273,13.257513999938965,9.992661476135254,46897284
2011-03-30,13.322502136230469,13.411860466003418,13.281885147094727,13.363119125366211,10.072258949279785,75779991
2011-03-31,13.281885147094727,13.346872329711914,13.26563835144043,13.31437873840332,10.035524368286133,60843037
2011-04-01,13.40373706817627,13.48497200012207,13.37124252319336,13.428107261657715,10.121247291564941,80709407
2011-04-04,13.428107261657715,13.48497200012207,13.354995727539062,13.411860466003418,10.109001159667969,47174874
2011-04-05,13.379365921020508,13.444354057312012,13.346872329711914,13.40373706817627,10.102879524230957,47211312
2011-04-06,13.460600852966309,13.57433032989502,13.419983863830566,13.558082580566406,10.219215393066406,81798227
2011-04-07,13.549959182739258,13.606823921203613,13.452478408813477,13.493095397949219,10.1702299118042,60873442
2011-04-08,13.558082580566406,13.582452774047852,13.338748931884766,13.37124252319336,10.078385353088379,73274290
2011-04-11,13.387490272521973,13.468725204467773,13.338748931884766,13.37124252319336,10.078385353088379,49493463
2011-04-12,13.290007591247559,13.40373706817627,13.23314380645752,13.322502136230469,10.041646957397461,78789416
2011-04-13,13.428107261657715,13.428107261657715,13.176279067993164,13.225020408630371,9.968173027038574,94654914
2011-04-14,13.119415283203125,13.143786430358887,13.038180351257324,13.103167533874512,9.876328468322754,72457522
2011-04-15,13.160032272338867,13.200650215148926,13.078798294067383,13.111291885375977,9.882448196411133,64317165
2011-04-18,12.965068817138672,12.981315612792969,12.851340293884277,12.932575225830078,9.7477445602417,102992477
2011-04-19,12.997563362121582,13.005685806274414,12.883833885192871,12.973193168640137,9.778359413146973,72236188
2011-04-20,13.070673942565918,13.078798294067383,12.95694637298584,13.005685806274414,9.802854537963867,78296032
2011-04-21,13.070673942565918,13.103167533874512,12.989439010620117,13.078798294067383,9.85796070098877,54159938
2011-04-25,13.054427146911621,13.111291885375977,13.046303749084473,13.06255054473877,9.845715522766113,37023310
2011-04-26,13.111291885375977,13.168155670166016,13.070673942565918,13.143786430358887,9.906944274902344,61796200
2011-04-27,13.176279067993164,13.257513999938965,13.078798294067383,13.225020408630371,9.968173027038574,69756092
2011-04-28,13.208772659301758,13.354995727539062,13.200650215148926,13.330625534057617,10.047770500183105,53786206
2011-04-29,13.322502136230469,13.322502136230469,13.249390602111816,13.306255340576172,10.029401779174805,30507750
2011-05-02,13.354995727539062,13.37124252319336,13.23314380645752,13.249390602111816,9.986536979675293,51127862
2011-05-03,13.216897010803223,13.338748931884766,13.208772659301758,13.306255340576172,10.029401779174805,85342891
2011-05-04,13.31437873840332,13.322502136230469,13.160032272338867,13.192525863647461,9.943680763244629,112329858
2011-05-05,13.127538681030273,13.160032272338867,12.981315612792969,13.021932601928711,9.81509780883789,103157800
2011-05-06,13.160032272338867,13.216897010803223,13.046303749084473,13.086920738220215,9.864080429077148,102177678
2011-05-09,13.046303749084473,13.086920738220215,12.989439010620117,13.054427146911621,9.839590072631836,47858203
2011-05-10,13.078798294067383,13.200650215148926,13.070673942565918,13.176279067993164,9.931438446044922,69163243
2011-05-11,13.143786430358887,13.160032272338867,12.981315612792969,12.997563362121582,9.796731948852539,97156183
2011-05-12,12.965068817138672,13.013810157775879,12.851340293884277,12.997563362121582,9.796731948852539,78830655
2011-05-13,12.997563362121582,13.021932601928711,12.794475555419922,12.810723304748535,9.655901908874512,82158787
2011-05-16,12.75385856628418,12.940698623657227,12.729488372802734,12.794475555419922,9.643653869628906,89906208
2011-05-17,12.745735168457031,12.900080680847168,12.737611770629883,12.891958236694336,9.717130661010742,98470152
2011-05-18,12.883833885192871,12.95694637298584,12.835092544555664,12.948822021484375,9.759990692138672,60153554
2011-05-19,12.997563362121582,13.005685806274414,12.900080680847168,12.948822021484375,9.759990692138672,64194311
2011-05-20,12.908205032348633,12.965068817138672,12.75385856628418,12.770106315612793,9.625287055969238,89394728
2011-05-23,12.61575984954834,12.680747032165527,12.591388702392578,12.591388702392578,9.490583419799805,93564986
2011-05-24,12.63200569152832,12.648253440856934,12.502031326293945,12.575141906738281,9.478338241577148,79566054
2011-05-25,12.510153770446777,12.656376838684082,12.510153770446777,12.583266258239746,9.484460830688477,85723147
2011-05-26,12.550771713256836,12.696993827819824,12.526400566101074,12.648253440856934,9.533441543579102,84613647
2011-05-27,12.688871383666992,12.794475555419922,12.680747032165527,12.737611770629883,9.600790977478027,61971741
2011-05-31,12.875711441040039,12.908205032348633,12.778228759765625,12.867587089538574,9.698761940002441,80145486
2011-06-01,12.818845748901367,12.826970100402832,12.420796394348145,12.437043190002441,9.374245643615723,148857321
2011-06-02,12.453289985656738,12.534524917602539,12.35580825805664,12.44516658782959,9.380366325378418,165873188
2011-06-03,12.307066917419434,12.502031326293945,12.290820121765137,12.363931655883789,9.319138526916504,119706995
2011-06-06,12.307066917419434,12.331438064575195,12.095856666564941,12.128351211547852,9.141571044921875,145434772
2011-06-07,12.217708587646484,12.258326530456543,12.08773422241211,12.103981018066406,9.123205184936523,97768974
2011-06-08,12.071487426757812,12.144598007202148,11.96588134765625,11.990251541137695,9.03748607635498,102198851
2011-06-09,12.01462173461914,12.177091598510742,11.982128143310547,12.128351211547852,9.141571044921875,73352336
2011-06-10,12.071487426757812,12.152721405029297,11.8765230178833,12.04711627960205,9.080342292785645,181570161
2011-06-13,12.095856666564941,12.201461791992188,12.022746086120605,12.168968200683594,9.172185897827148,117670798
2011-06-14,12.282696723937988,12.339561462402344,12.201461791992188,12.233956336975098,9.221171379089355,104946689
2011-06-15,12.103981018066406,12.152721405029297,11.884647369384766,11.96588134765625,9.019113540649414,188730642
2011-06-16,11.957757949829102,12.112104415893555,11.900894165039062,12.030868530273438,9.068096160888672,165893253
2011-06-17,12.120226860046387,12.144598007202148,12.038992881774902,12.095856666564941,9.149822235107422,100420179
2011-06-20,12.038992881774902,12.160844802856445,11.998374938964844,12.08773422241211,9.143677711486816,66083650
2011-06-21,12.160844802856445,12.282696723937988,12.08773422241211,12.258326530456543,9.272726058959961,95554282
2011-06-22,12.209586143493652,12.339561462402344,12.168968200683594,12.18521499633789,9.217422485351562,106150238
2011-06-23,12.038992881774902,12.095856666564941,11.91714096069336,12.063363075256348,9.125247955322266,127233698
2011-06-24,12.071487426757812,12.095856666564941,11.925264358520508,11.990251541137695,9.069940567016602,91530513
2011-06-27,11.974004745483398,12.152721405029297,11.974004745483398,12.112104415893555,9.162115097045898,61283489
2011-06-28,12.168968200683594,12.168968200683594,12.08773422241211,12.168968200683594,9.205127716064453,58644594
2011-06-29,12.282696723937988,12.437043190002441,12.250203132629395,12.420796394348145,9.395625114440918,111616001
2011-06-30,12.461413383483887,12.518278121948242,12.35580825805664,12.469536781311035,9.43249225616455,92703779
2011-07-01,12.44516658782959,12.721364974975586,12.44516658782959,12.696993827819824,9.604551315307617,77715000
2011-07-05,12.66450023651123,12.672623634338379,12.526400566101074,12.583266258239746,9.518521308898926,100972036
2011-07-06,12.49390697479248,12.526400566101074,12.420796394348145,12.518278121948242,9.469362258911133,66252174
2011-07-07,12.672623634338379,12.75385856628418,12.656376838684082,12.721364974975586,9.622987747192383,55920391
2011-07-08,12.526400566101074,12.558895111083984,12.469536781311035,12.558895111083984,9.500085830688477,76580879
2011-07-11,12.388301849365234,12.3964262008667,12.160844802856445,12.217708587646484,9.241994857788086,107713485
2011-07-12,12.168968200683594,12.339561462402344,12.152721405029297,12.168968200683594,9.205127716064453,79766707
2011-07-13,12.242079734802246,12.35580825805664,12.160844802856445,12.177091598510742,9.211270332336426,105923365
2011-07-14,12.282696723937988,12.290820121765137,12.079609870910645,12.08773422241211,9.143677711486816,150775588
2011-07-15,12.18521499633789,12.18521499633789,11.96588134765625,12.063363075256348,9.125247955322266,132402790
2011-07-18,11.998374938964844,12.01462173461914,11.76279354095459,11.900894165039062,9.002345085144043,137133277
2011-07-19,11.941511154174805,12.079609870910645,11.900894165039062,12.04711627960205,9.112953186035156,134575505
2011-07-20,12.112104415893555,12.242079734802246,12.103981018066406,12.18521499633789,9.217422485351562,118538406
2011-07-21,12.315191268920898,12.518278121948242,12.307066917419434,12.477660179138184,9.438638687133789,189235844
2011-07-22,12.502031326293945,12.510153770446777,12.388301849365234,12.44516658782959,9.414054870605469,60323309
2011-07-25,12.32331371307373,12.3964262008667,12.250203132629395,12.35580825805664,9.346465110778809,78466525
2011-07-26,12.331438064575195,12.404548645019531,12.274574279785156,12.339561462402344,9.334173202514648,113040637
2011-07-27,12.282696723937988,12.282696723937988,12.030868530273438,12.04711627960205,9.112953186035156,151973351
2011-07-28,12.071487426757812,12.193339347839355,12.022746086120605,12.0552396774292,9.119101524353027,80068056
2011-07-29,11.925264358520508,12.144598007202148,11.884647369384766,12.022746086120605,9.094521522521973,98119563
2011-08-01,12.209586143493652,12.209586143493652,11.8765230178833,11.982128143310547,9.063796997070312,91890703
2011-08-02,11.900894165039062,11.941511154174805,11.649065971374512,11.65718936920166,8.817996978759766,142203889
2011-08-03,11.673436164855957,11.730300903320312,11.478472709655762,11.714054107666016,8.86100959777832,150485442
2011-08-04,11.575955390930176,11.608448028564453,11.09666919708252,11.121040344238281,8.412428855895996,228842654
2011-08-05,11.23476791381836,11.299756050109863,10.69861888885498,10.909829139709473,8.25266170501709,220311208
2011-08-08,10.552395820617676,10.796100616455078,9.78066635131836,9.878148078918457,7.472254276275635,320107763
2011-08-09,10.178715705871582,10.641755104064941,9.78066635131836,10.641755104064941,8.049878120422363,203780725
2011-08-10,10.38992691040039,10.398050308227539,9.86190128326416,9.902518272399902,7.490686416625977,333138883
2011-08-11,10.048741340637207,10.658001899719238,9.943136215209961,10.454915046691895,7.908547401428223,342125552
2011-08-12,10.666125297546387,10.820470809936523,10.30869197845459,10.381802558898926,7.853239059448242,167083138
2011-08-15,10.511778831481934,10.722989082336426,10.511778831481934,10.714865684509277,8.105182647705078,140239829
2011-08-16,10.552395820617676,10.682372093200684,10.414297103881836,10.503656387329102,7.945413112640381,128292974
2011-08-17,10.584890365600586,10.706742286682129,10.47928524017334,10.568642616271973,7.99457311630249,117996766
2011-08-18,10.203086853027344,10.211210250854492,9.943136215209961,10.056863784790039,7.607443332672119,208364107
2011-08-19,9.886271476745605,10.203086853027344,9.82940673828125,9.853776931762695,7.453822135925293,155535619
2011-08-22,10.113728523254395,10.121851921081543,9.707554817199707,9.731925010681152,7.36164665222168,127443091
2011-08-23,9.740049362182617,10.048741340637207,9.593826293945312,10.048741340637207,7.6012959480285645,170500517
2011-08-24,10.048741340637207,10.341185569763184,10.0,10.316816329956055,7.804082870483398,161958977
2011-08-25,10.690496444702148,10.828595161437988,10.146223068237305,10.284321784973145,7.7795000076293945,234626754
2011-08-26,10.178715705871582,10.463038444519043,10.0,10.373680114746094,7.847095012664795,121201429
2011-08-29,10.56052017211914,10.820470809936523,10.552395820617676,10.804224014282227,8.172779083251953,119732353
2011-08-30,10.73111343383789,10.820470809936523,10.576766967773438,10.73111343383789,8.117472648620605,107048376
2011-08-31,10.828595161437988,10.950447082519531,10.763607025146484,10.86921215057373,8.221936225891113,107177384
2011-09-01,10.861088752746582,10.901705741882324,10.609260559082031,10.625508308410645,8.037590026855469,123459575
2011-09-02,10.30869197845459,10.365555763244629,10.162469863891602,10.186840057373047,7.705764293670654,131594516
2011-09-06,9.82940673828125,10.032493591308594,9.821284294128418,10.008123397827148,7.57057523727417,138630665
2011-09-07,10.21933364868164,10.503656387329102,9.837530136108398,10.487408638000488,7.9331231117248535,141058813
2011-09-08,10.341185569763184,10.463038444519043,10.227457046508789,10.259950637817383,7.761064529418945,104926993
2011-09-09,10.13809871673584,10.203086853027344,9.894394874572754,9.935011863708496,7.515267848968506,158558709
2011-09-12,9.764418601989746,10.064988136291504,9.74817180633545,10.048741340637207,7.6012959480285645,144663304
2011-09-13,10.113728523254395,10.227457046508789,10.0,10.113728523254395,7.650458812713623,121317389
2011-09-14,10.21933364868164,10.357433319091797,9.983753204345703,10.235581398010254,7.742633819580078,124639242
2011-09-15,10.349309921264648,10.503656387329102,10.292445182800293,10.495532035827637,7.939269065856934,128471592
2011-09-16,10.503656387329102,10.593013763427734,10.316816329956055,10.487408638000488,7.9639458656311035,97875333
2011-09-19,10.268074989318848,10.292445182800293,10.113728523254395,10.203086853027344,7.7480363845825195,127818546
2011-09-20,10.25182819366455,10.341185569763184,10.17059326171875,10.17059326171875,7.723362445831299,68153453
2011-09-21,10.194963455200195,10.21933364868164,9.666936874389648,9.666936874389648,7.340893268585205,147554800
2011-09-22,9.43947982788086,9.512591361999512,9.21202278137207,9.390739440917969,7.131155490875244,251432981
2011-09-23,9.325751304626465,9.528838157653809,9.309503555297852,9.488221168518066,7.205180644989014,146697901
2011-09-26,9.618197441101074,9.926889419555664,9.536961555480957,9.91064167022705,7.525959014892578,136811863
2011-09-27,10.13809871673584,10.235581398010254,9.870023727416992,9.959383010864258,7.562973976135254,173008556
2011-09-28,9.975629806518555,10.032493591308594,9.658814430236816,9.675061225891113,7.347064018249512,126402158
2011-09-29,9.926889419555664,10.008123397827148,9.675061225891113,9.943136215209961,7.5506367683410645,126952784
2011-09-30,9.764418601989746,9.837530136108398,9.585702896118164,9.593826293945312,7.285374641418457,118365943
2011-10-03,9.52071475982666,9.699431419372559,9.147034645080566,9.16328239440918,6.958430290222168,197426303
2011-10-04,9.041430473327637,9.561331748962402,8.895207405090332,9.528838157653809,7.236023902893066,275785977
2011-10-05,9.504467964172363,9.723801612854004,9.317627906799316,9.666936874389648,7.340893268585205,148534060
2011-10-06,9.618197441101074,9.983753204345703,9.488221168518066,9.967506408691406,7.5691423416137695,171494180
2011-10-07,10.024370193481445,10.024370193481445,9.593826293945312,9.61007308959961,7.297713756561279,189703501
2011-10-10,9.845653533935547,10.105605125427246,9.837530136108398,10.105605125427246,7.674007415771484,121636587
2011-10-11,9.975629806518555,10.178715705871582,9.935011863708496,10.097481727600098,7.667844772338867,118209237
2011-10-12,10.211210250854492,10.52802562713623,10.194963455200195,10.357433319091797,7.865243434906006,156456284
2011-10-13,10.203086853027344,10.227457046508789,9.975629806518555,10.113728523254395,7.680177688598633,143400298
2011-10-14,10.259950637817383,10.316816329956055,10.064988136291504,10.235581398010254,7.772709846496582,149084564
2011-10-17,10.154346466064453,10.178715705871582,9.894394874572754,9.9187650680542,7.53212833404541,108158491
2011-10-18,10.0,10.519903182983398,9.926889419555664,10.38992691040039,7.889922618865967,226470024
2011-10-19,10.398050308227539,10.568642616271973,10.203086853027344,10.243703842163086,7.778880596160889,163000772
2011-10-20,10.243703842163086,10.438668251037598,10.113728523254395,10.398050308227539,7.896087646484375,152230261
2011-10-21,10.544273376464844,10.682372093200684,10.495532035827637,10.666125297546387,8.09965991973877,210757910
2011-10-24,10.69861888885498,10.92607593536377,10.682372093200684,10.901705741882324,8.278552055358887,125120194
2011-10-25,10.763607025146484,10.771730422973633,10.503656387329102,10.576766967773438,8.031801223754883,169801678
2011-10-26,10.747360229492188,10.828595161437988,10.544273376464844,10.763607025146484,8.173686981201172,167673895
2011-10-27,11.283509254455566,11.510967254638672,11.112915992736816,11.40536117553711,8.66102409362793,286446930
2011-10-28,11.340373992919922,11.4541015625,11.251014709472656,11.413484573364258,8.667192459106445,167421540
2011-10-31,11.137287139892578,11.210397720336914,10.950447082519531,10.966693878173828,8.327903747558594,135847497
2011-11-01,10.430543899536133,10.722989082336426,10.4224214553833,10.44679069519043,7.933102607727051,263955821
2011-11-02,10.706742286682129,10.78797721862793,10.568642616271973,10.75548267364502,8.16751480102539,141886414
2011-11-03,10.893582344055176,10.982940673828125,10.56052017211914,10.942322731018066,8.309399604797363,137635648
2011-11-04,10.812348365783691,10.828595161437988,10.658001899719238,10.796100616455078,8.198360443115234,114088957
2011-11-07,10.763607025146484,10.861088752746582,10.658001899719238,10.852965354919434,8.24153995513916,101449664
2011-11-08,10.958569526672363,11.088545799255371,10.812348365783691,11.056052207946777,8.395764350891113,140400105
2011-11-09,10.739235877990723,10.763607025146484,10.4224214553833,10.454915046691895,7.939270973205566,144136559
2011-11-10,10.633630752563477,10.641755104064941,10.4224214553833,10.503656387329102,7.976284503936768,175243190
2011-11-11,10.682372093200684,10.804224014282227,10.674248695373535,10.75548267364502,8.16751480102539,113960564
2011-11-14,10.666125297546387,10.682372093200684,10.463038444519043,10.536149024963379,8.000958442687988,77723247
2011-11-15,10.454915046691895,10.666125297546387,10.4224214553833,10.584890365600586,8.037971496582031,110939567
2011-11-16,10.463038444519043,10.56052017211914,10.300568580627441,10.324938774108887,7.840567588806152,112264861
2011-11-17,10.316816329956055,10.357433319091797,10.048741340637207,10.121851921081543,7.686347484588623,178507556
2011-11-18,10.17059326171875,10.211210250854492,10.08935832977295,10.154346466064453,7.711021423339844,104695565
2011-11-21,9.959383010864258,9.983753204345703,9.82940673828125,9.902518272399902,7.519791126251221,120345391
2011-11-22,9.91064167022705,9.951258659362793,9.796913146972656,9.813159942626953,7.451933860778809,81508942
2011-11-23,9.707554817199707,9.707554817199707,9.528838157653809,9.545084953308105,7.248361587524414,101619666
2011-11-25,9.545084953308105,9.723801612854004,9.528838157653809,9.569456100463867,7.266869068145752,39104069
2011-11-28,9.943136215209961,9.951258659362793,9.74817180633545,9.853776931762695,7.482776641845703,84348120
2011-11-29,9.845653533935547,9.9187650680542,9.772542953491211,9.805036544799805,7.445766448974609,78328776
2011-11-30,10.162469863891602,10.454915046691895,10.113728523254395,10.406173706054688,7.902256488800049,168795212
2011-12-01,10.349309921264648,10.38992691040039,10.227457046508789,10.349309921264648,7.859076499938965,84288047
2011-12-02,10.454915046691895,10.682372093200684,10.454915046691895,10.487408638000488,7.9639458656311035,157736524
2011-12-05,10.682372093200684,10.828595161437988,10.609260559082031,10.69861888885498,8.124333381652832,124016480
2011-12-06,10.641755104064941,10.771730422973633,10.576766967773438,10.706742286682129,8.130505561828613,69770618
2011-12-07,10.61738395690918,10.86921215057373,10.544273376464844,10.83671760559082,8.229201316833496,112741751
2011-12-08,10.722989082336426,10.722989082336426,10.381802558898926,10.414297103881836,7.908426761627197,150280849
2011-12-09,10.519903182983398,10.69861888885498,10.495532035827637,10.641755104064941,8.08115291595459,120871398
2011-12-12,10.487408638000488,10.495532035827637,10.300568580627441,10.38992691040039,7.889922618865967,120333328
2011-12-13,10.47928524017334,10.519903182983398,10.113728523254395,10.243703842163086,7.778880596160889,149126787
2011-12-14,10.129976272583008,10.324938774108887,10.113728523254395,10.203086853027344,7.7480363845825195,117957251
2011-12-15,10.357433319091797,10.373680114746094,10.194963455200195,10.211210250854492,7.754205226898193,75845726
2011-12-16,10.235581398010254,10.333063125610352,10.154346466064453,10.186840057373047,7.785246849060059,122441784
2011-12-19,10.211210250854492,10.227457046508789,9.9187650680542,9.959383010864258,7.611414432525635,81936099
2011-12-20,10.146223068237305,10.381802558898926,10.13809871673584,10.333063125610352,7.896998882293701,126622630
2011-12-21,10.333063125610352,10.414297103881836,10.243703842163086,10.38992691040039,7.940457344055176,98054074
2011-12-22,10.463038444519043,10.633630752563477,10.4224214553833,10.609260559082031,8.108080863952637,79959605
2011-12-23,10.658001899719238,10.69861888885498,10.584890365600586,10.682372093200684,8.163955688476562,37730396
2011-12-27,10.641755104064941,10.73111343383789,10.61738395690918,10.625508308410645,8.120498657226562,33277869
2011-12-28,10.633630752563477,10.633630752563477,10.44679069519043,10.454915046691895,7.9901251792907715,52844368
2011-12-29,10.487408638000488,10.625508308410645,10.47928524017334,10.61738395690918,8.114287376403809,46397867
2011-12-30,10.584890365600586,10.61738395690918,10.552395820617676,10.56052017211914,8.070834159851074,34132060
2012-01-03,10.78797721862793,10.942322731018066,10.779853820800781,10.83671760559082,8.281909942626953,103362023
2012-01-04,10.75548267364502,10.844841957092285,10.682372093200684,10.804224014282227,8.257078170776367,69833891
2012-01-05,10.706742286682129,11.00731086730957,10.658001899719238,10.950447082519531,8.368826866149902,89935260
2012-01-06,10.958569526672363,10.958569526672363,10.812348365783691,10.885458946228027,8.319162368774414,83878617
2012-01-09,10.92607593536377,10.991064071655273,10.86921215057373,10.942322731018066,8.36262035369873,69189586
2012-01-10,11.112915992736816,11.17790412902832,11.06417465209961,11.137287139892578,8.511617660522461,86035082
2012-01-11,11.088545799255371,11.275385856628418,11.047928810119629,11.26726245880127,8.610955238342285,80938989
2012-01-12,11.31600284576416,11.372867584228516,11.169780731201172,11.307880401611328,8.641998291015625,94107119
2012-01-13,11.080422401428223,11.23476791381836,11.031682014465332,11.226645469665527,8.579913139343262,95008949
2012-01-17,11.23476791381836,11.34849739074707,11.09666919708252,11.137287139892578,8.511617660522461,89019642
2012-01-18,11.112915992736816,11.324127197265625,11.06417465209961,11.307880401611328,8.641998291015625,118473902
2012-01-19,11.421607971191406,11.4541015625,11.364744186401367,11.413484573364258,8.722705841064453,131377244
2012-01-20,11.372867584228516,11.502842903137207,11.340373992919922,11.48659610748291,8.778581619262695,114827311
2012-01-23,11.494720458984375,11.608448028564453,11.4541015625,11.527214050292969,8.809624671936035,99325943
2012-01-24,11.413484573364258,11.527214050292969,11.356620788574219,11.510967254638672,8.797205924987793,80650073
2012-01-25,11.445979118347168,11.567831039428711,11.40536117553711,11.535337448120117,8.815829277038574,103761975
2012-01-26,11.592201232910156,11.649065971374512,11.372867584228516,11.437854766845703,8.741329193115234,104215475
2012-01-27,11.372867584228516,11.519089698791504,11.356620788574219,11.478472709655762,8.772374153137207,103542364
2012-01-30,11.34849739074707,11.397237777709961,11.275385856628418,11.372867584228516,8.691661834716797,71714490
2012-01-31,11.445979118347168,11.462225914001465,11.340373992919922,11.421607971191406,8.728913307189941,82584343
2012-02-01,11.519089698791504,11.681559562683105,11.519089698791504,11.600324630737305,8.865494728088379,87912357
2012-02-02,11.640941619873047,11.70592975616455,11.575955390930176,11.65718936920166,8.908958435058594,65660186
2012-02-03,11.852152824401855,11.974004745483398,11.835906028747559,11.974004745483398,9.151081085205078,106830735
2012-02-06,11.900894165039062,11.925264358520508,11.844029426574707,11.91714096069336,9.107620239257812,55279655
2012-02-07,11.868399620056152,11.949633598327637,11.819659233093262,11.909016609191895,9.101411819458008,56189611
2012-02-08,11.925264358520508,11.998374938964844,11.884647369384766,11.998374938964844,9.169706344604492,66141999
2012-02-09,12.04711627960205,12.071487426757812,11.884647369384766,11.949633598327637,9.132454872131348,95860801
2012-02-10,11.819659233093262,11.852152824401855,11.770917892456055,11.835906028747559,9.045537948608398,79561623
2012-02-13,11.96588134765625,11.982128143310547,11.909016609191895,11.941511154174805,9.126246452331543,57901562
2012-02-14,11.884647369384766,11.892769813537598,11.714054107666016,11.827781677246094,9.039329528808594,99205059
2012-02-15,11.860276222229004,11.91714096069336,11.722176551818848,11.754671096801758,8.983457565307617,93529534
2012-02-16,11.730300903320312,11.941511154174805,11.689682960510254,11.941511154174805,9.126246452331543,96074380
2012-02-17,11.974004745483398,12.030868530273438,11.949633598327637,12.01462173461914,9.182119369506836,75672648
2012-02-21,12.022746086120605,12.079609870910645,11.957757949829102,12.006499290466309,9.175915718078613,78483021
2012-02-22,11.949633598327637,11.990251541137695,11.844029426574707,11.852152824401855,9.057955741882324,91890457
2012-02-23,11.852152824401855,11.957757949829102,11.811534881591797,11.957757949829102,9.138663291931152,63968915
2012-02-24,11.982128143310547,11.998374938964844,11.884647369384766,11.91714096069336,9.107620239257812,63090473
2012-02-27,11.811534881591797,12.038992881774902,11.76279354095459,12.006499290466309,9.175915718078613,76146583
2012-02-28,12.030868530273438,12.071487426757812,11.949633598327637,12.038992881774902,9.200748443603516,64479411
2012-02-29,12.04711627960205,12.152721405029297,11.957757949829102,11.990251541137695,9.163496971130371,115620690
2012-03-01,12.022746086120605,12.160844802856445,12.01462173461914,12.120226860046387,9.262826919555664,81546487
2012-03-02,12.120226860046387,12.152721405029297,12.063363075256348,12.079609870910645,9.231786727905273,58846847
2012-03-05,12.04711627960205,12.04711627960205,11.96588134765625,12.030868530273438,9.194538116455078,63542127
2012-03-06,11.844029426574707,11.8765230178833,11.697807312011719,11.738424301147461,8.971038818359375,115379168
2012-03-07,11.787164688110352,11.900894165039062,11.76279354095459,11.884647369384766,9.082788467407227,82887662
2012-03-08,11.96588134765625,12.022746086120605,11.900894165039062,11.998374938964844,9.169706344604492,84296787
2012-03-09,12.038992881774902,12.160844802856445,12.01462173461914,12.095856666564941,9.2442045211792,91179308
2012-03-12,12.095856666564941,12.103981018066406,11.974004745483398,12.063363075256348,9.21937084197998,69292990
2012-03-13,12.160844802856445,12.542648315429688,12.144598007202148,12.526400566101074,9.573249816894531,226592263
2012-03-14,12.550771713256836,12.591388702392578,12.412672996520996,12.542648315429688,9.58566665649414,160538280
2012-03-15,12.591388702392578,12.78635311126709,12.485783576965332,12.761981964111328,9.75329303741455,162857361
2012-03-16,12.778228759765625,12.802599906921387,12.696993827819824,12.770106315612793,9.790658950805664,102174477
2012-03-19,12.770106315612793,12.973193168640137,12.721364974975586,12.835092544555664,9.84047794342041,139045389
2012-03-20,12.75385856628418,12.932575225830078,12.729488372802734,12.900080680847168,9.890305519104004,108827047
2012-03-21,12.948822021484375,12.95694637298584,12.810723304748535,12.843216896057129,9.846710205078125,93343529
2012-03-22,12.721364974975586,12.761981964111328,12.61575984954834,12.672623634338379,9.71591854095459,130459287
2012-03-23,12.648253440856934,12.794475555419922,12.56701946258545,12.778228759765625,9.796883583068848,90967946
2012-03-26,12.900080680847168,12.981315612792969,12.851340293884277,12.981315612792969,9.952588081359863,95005010
2012-03-27,12.965068817138672,13.005685806274414,12.843216896057129,12.859463691711426,9.859164237976074,104557816
2012-03-28,12.859463691711426,12.92445182800293,12.745735168457031,12.891958236694336,9.88408088684082,129709978
2012-03-29,12.794475555419922,12.826970100402832,12.648253440856934,12.761981964111328,9.784432411193848,126585577
2012-03-30,12.843216896057129,12.851340293884277,12.713240623474121,12.835092544555664,9.84047794342041,73690122
2012-04-02,12.778228759765625,12.989439010620117,12.75385856628418,12.932575225830078,9.9152193069458,110200843
2012-04-03,12.900080680847168,12.92445182800293,12.745735168457031,12.859463691711426,9.859164237976074,129060871
2012-04-04,12.713240623474121,12.745735168457031,12.599513053894043,12.656376838684082,9.703462600708008,104199472
2012-04-05,12.591388702392578,12.705118179321289,12.56701946258545,12.623883247375488,9.67855167388916,71652078
2012-04-09,12.380179405212402,12.49390697479248,12.347684860229492,12.428919792175293,9.529075622558594,109181083
2012-04-10,12.412672996520996,12.469536781311035,12.144598007202148,12.160844802856445,9.323546409606934,145531651
2012-04-11,12.331438064575195,12.404548645019531,12.298944473266602,12.35580825805664,9.4730224609375,91447666
2012-04-12,12.388301849365234,12.599513053894043,12.347684860229492,12.583266258239746,9.647409439086914,107650211
2012-04-13,12.558895111083984,12.558895111083984,12.266449928283691,12.290820121765137,9.423195838928223,114048334
2012-04-16,12.404548645019531,12.461413383483887,12.274574279785156,12.380179405212402,9.491708755493164,138138881
2012-04-17,12.49390697479248,12.591388702392578,12.428919792175293,12.542648315429688,9.616271018981934,81803766
2012-04-18,12.461413383483887,12.56701946258545,12.44516658782959,12.461413383483887,9.55398941040039,65399829
2012-04-19,12.534524917602539,12.534524917602539,12.315191268920898,12.404548645019531,9.510388374328613,131280980
2012-04-20,12.461413383483887,12.461413383483887,12.331438064575195,12.339561462402344,9.460564613342285,68882944
2012-04-23,12.144598007202148,12.258326530456543,12.120226860046387,12.250203132629395,9.392054557800293,91121944
2012-04-24,12.258326530456543,12.388301849365234,12.258326530456543,12.388301849365234,9.497932434082031,76151999
2012-04-25,12.477660179138184,12.526400566101074,12.380179405212402,12.49390697479248,9.57890510559082,91385378
2012-04-26,12.453289985656738,12.63200569152832,12.44516658782959,12.599513053894043,9.659869194030762,58432862
2012-04-27,12.656376838684082,12.66450023651123,12.518278121948242,12.607636451721191,9.666095733642578,59668663
2012-04-30,12.558895111083984,12.583266258239746,12.453289985656738,12.534524917602539,9.6100435256958,71007527
2012-05-01,12.534524917602539,12.761981964111328,12.518278121948242,12.66450023651123,9.709692001342773,103766530
2012-05-02,12.575141906738281,12.599513053894043,12.469536781311035,12.56701946258545,9.634952545166016,69602094
2012-05-03,12.575141906738281,12.583266258239746,12.412672996520996,12.461413383483887,9.55398941040039,104392985
2012-05-04,12.363931655883789,12.404548645019531,12.217708587646484,12.266449928283691,9.404510498046875,95088718
2012-05-07,12.18521499633789,12.380179405212402,12.18521499633789,12.339561462402344,9.460564613342285,101873252
2012-05-08,12.250203132629395,12.315191268920898,12.144598007202148,12.258326530456543,9.398283004760742,100957018
2012-05-09,12.103981018066406,12.209586143493652,12.022746086120605,12.120226860046387,9.292402267456055,116092656
2012-05-10,12.274574279785156,12.298944473266602,12.144598007202148,12.168968200683594,9.329773902893066,79928091
2012-05-11,11.909016609191895,12.144598007202148,11.892769813537598,12.030868530273438,9.223896026611328,123047067
2012-05-14,11.860276222229004,11.91714096069336,11.779041290283203,11.787164688110352,9.0370512008667,112880977
2012-05-15,11.7952880859375,11.868399620056152,11.697807312011719,11.722176551818848,8.987226486206055,122145975
2012-05-16,11.803412437438965,11.860276222229004,11.543460845947266,11.551584243774414,8.856432914733887,143225373
2012-05-17,11.535337448120117,11.551584243774414,11.307880401611328,11.31600284576416,8.67581844329834,190024423
2012-05-18,11.356620788574219,11.356620788574219,11.14540958404541,11.186027526855469,8.576168060302734,151363760
2012-05-21,11.23476791381836,11.364744186401367,11.129162788391113,11.291632652282715,8.657135963439941,106559053
2012-05-22,11.364744186401367,11.567831039428711,11.299756050109863,11.380990982055664,8.7256441116333,121446767
2012-05-23,11.275385856628418,11.445979118347168,11.169780731201172,11.421607971191406,8.756781578063965,137010300
2012-05-24,11.478472709655762,11.494720458984375,11.307880401611328,11.429732322692871,8.76301097869873,99869922
2012-05-25,11.413484573364258,11.48659610748291,11.356620788574219,11.389115333557129,8.73187255859375,51386864
2012-05-29,11.502842903137207,11.559707641601562,11.445979118347168,11.551584243774414,8.856432914733887,90323886
2012-05-30,11.421607971191406,11.437854766845703,11.283509254455566,11.283509254455566,8.65090274810791,104857811
2012-05-31,11.307880401611328,11.478472709655762,11.194150924682617,11.380990982055664,8.7256441116333,110352133
2012-06-01,11.161657333374023,11.17790412902832,10.950447082519531,10.958569526672363,8.401778221130371,124009217
2012-06-04,11.00731086730957,11.00731086730957,10.804224014282227,10.852965354919434,8.320815086364746,97012771
2012-06-05,10.828595161437988,11.056052207946777,10.820470809936523,11.031682014465332,8.457830429077148,123895103
2012-06-06,11.14540958404541,11.364744186401367,11.09666919708252,11.356620788574219,8.706958770751953,120034933
2012-06-07,11.527214050292969,11.567831039428711,11.31600284576416,11.34849739074707,8.70073127746582,114277300
2012-06-08,11.307880401611328,11.48659610748291,11.226645469665527,11.48659610748291,8.806608200073242,74612757
2012-06-11,11.632819175720215,11.640941619873047,11.259139060974121,11.275385856628418,8.64467716217041,126832761
2012-06-12,11.299756050109863,11.4541015625,11.202275276184082,11.445979118347168,8.775465965270996,105210246
2012-06-13,11.389115333557129,11.559707641601562,11.34849739074707,11.40536117553711,8.7443265914917,118488551
2012-06-14,11.429732322692871,11.600324630737305,11.397237777709961,11.543460845947266,8.850203514099121,127557943
2012-06-15,11.551584243774414,11.65718936920166,11.470349311828613,11.649065971374512,8.974117279052734,104497005
2012-06-18,11.575955390930176,11.681559562683105,11.527214050292969,11.584077835083008,8.924052238464355,83680426
2012-06-19,11.65718936920166,11.835906028747559,11.649065971374512,11.779041290283203,9.074247360229492,79604585
2012-06-20,11.803412437438965,11.884647369384766,11.689682960510254,11.803412437438965,9.093021392822266,108411585
2012-06-21,11.827781677246094,11.884647369384766,11.519089698791504,11.543460845947266,8.89276123046875,88837454
2012-06-22,11.62469482421875,11.689682960510254,11.584077835083008,11.649065971374512,8.974117279052734,55259836
2012-06-25,11.478472709655762,11.48659610748291,11.34849739074707,11.40536117553711,8.786376953125,62777553
2012-06-26,11.4541015625,11.527214050292969,11.364744186401367,11.462225914001465,8.830181121826172,65826371
2012-06-27,11.519089698791504,11.640941619873047,11.4541015625,11.600324630737305,8.936565399169922,69296314
2012-06-28,11.478472709655762,11.600324630737305,11.389115333557129,11.592201232910156,8.930312156677246,85956791
2012-06-29,11.8765230178833,11.900894165039062,11.787164688110352,11.892769813537598,9.161861419677734,76394260
2012-07-02,11.949633598327637,11.982128143310547,11.819659233093262,11.96588134765625,9.218182563781738,75570598
2012-07-03,11.941511154174805,12.063363075256348,11.91714096069336,12.030868530273438,9.26824951171875,39736188
2012-07-05,11.974004745483398,11.974004745483398,11.835906028747559,11.852152824401855,9.130568504333496,54074506
2012-07-06,11.697807312011719,11.7952880859375,11.689682960510254,11.754671096801758,9.055476188659668,55147815
2012-07-09,11.722176551818848,11.779041290283203,11.673436164855957,11.738424301147461,9.042956352233887,45911499
2012-07-10,11.827781677246094,11.860276222229004,11.600324630737305,11.649065971374512,8.974117279052734,79133604
2012-07-11,11.65718936920166,11.787164688110352,11.640941619873047,11.74654769897461,9.049211502075195,97988216
2012-07-12,11.640941619873047,11.697807312011719,11.575955390930176,11.62469482421875,8.955343246459961,66861519
2012-07-13,11.681559562683105,11.96588134765625,11.681559562683105,11.949633598327637,9.205666542053223,95969252
2012-07-16,11.957757949829102,11.974004745483398,11.868399620056152,11.925264358520508,9.1868896484375,61542737
2012-07-17,12.006499290466309,12.006499290466309,11.803412437438965,11.990251541137695,9.236953735351562,77759685
2012-07-18,11.949633598327637,12.006499290466309,11.892769813537598,11.93338680267334,9.19314956665039,68192230
2012-07-19,11.949633598327637,11.982128143310547,11.811534881591797,11.860276222229004,9.136824607849121,61045906
2012-07-20,11.770917892456055,11.779041290283203,11.665312767028809,11.681559562683105,8.999150276184082,69130498
2012-07-23,11.462225914001465,11.616572380065918,11.445979118347168,11.584077835083008,8.924052238464355,72823006
2012-07-24,11.616572380065918,11.616572380065918,11.445979118347168,11.551584243774414,8.899020195007324,55617072
2012-07-25,11.616572380065918,11.65718936920166,11.527214050292969,11.592201232910156,8.930312156677246,55276209
2012-07-26,11.770917892456055,11.803412437438965,11.697807312011719,11.770917892456055,9.067988395690918,69291513
2012-07-27,11.852152824401855,12.063363075256348,11.7952880859375,11.990251541137695,9.236953735351562,85430785
2012-07-30,11.96588134765625,12.038992881774902,11.93338680267334,11.96588134765625,9.218182563781738,45241343
2012-07-31,11.925264358520508,11.96588134765625,11.884647369384766,11.909016609191895,9.174375534057617,57458525
2012-08-01,11.957757949829102,11.998374938964844,11.852152824401855,11.852152824401855,9.130568504333496,99654866
2012-08-02,11.74654769897461,11.844029426574707,11.649065971374512,11.76279354095459,9.061729431152344,78094271
2012-08-03,11.941511154174805,12.103981018066406,11.925264358520508,12.038992881774902,9.274503707885742,98849054
2012-08-06,12.112104415893555,12.177091598510742,12.071487426757812,12.08773422241211,9.312056541442871,50850271
2012-08-07,12.120226860046387,12.233956336975098,12.112104415893555,12.136473655700684,9.349602699279785,43945346
2012-08-08,12.08773422241211,12.18521499633789,12.079609870910645,12.136473655700684,9.349602699279785,32388964
2012-08-09,12.120226860046387,12.193339347839355,12.095856666564941,12.128351211547852,9.343344688415527,32552810
2012-08-10,12.08773422241211,12.160844802856445,12.0552396774292,12.136473655700684,9.349602699279785,21702038
2012-08-13,12.112104415893555,12.160844802856445,12.063363075256348,12.144598007202148,9.35586166381836,20176829
2012-08-14,12.217708587646484,12.233956336975098,12.103981018066406,12.128351211547852,9.343344688415527,28338974
2012-08-15,12.136473655700684,12.209586143493652,12.112104415893555,12.168968200683594,9.374631881713867,24638834
2012-08-16,12.209586143493652,12.282696723937988,12.136473655700684,12.250203132629395,9.437215805053711,40100933
2012-08-17,12.290820121765137,12.298944473266602,12.250203132629395,12.290820121765137,9.468505859375,29729389
2012-08-20,12.282696723937988,12.331438064575195,12.258326530456543,12.32331371307373,9.493539810180664,31691726
2012-08-21,12.372055053710938,12.49390697479248,12.315191268920898,12.363931655883789,9.524828910827637,50864181
2012-08-22,12.32331371307373,12.3964262008667,12.274574279785156,12.347684860229492,9.512312889099121,57712973
2012-08-23,12.32331371307373,12.339561462402344,12.209586143493652,12.22583293914795,9.41844367980957,50210028
2012-08-24,12.177091598510742,12.331438064575195,12.160844802856445,12.290820121765137,9.468505859375,33998620
2012-08-27,12.331438064575195,12.339561462402344,12.250203132629395,12.282696723937988,9.462248802185059,22600791
2012-08-28,12.242079734802246,12.339561462402344,12.22583293914795,12.266449928283691,9.449732780456543,27816907
2012-08-29,12.290820121765137,12.32331371307373,12.250203132629395,12.290820121765137,9.468505859375,22826310
2012-08-30,12.233956336975098,12.266449928283691,12.160844802856445,12.22583293914795,9.41844367980957,31546837
2012-08-31,12.298944473266602,12.347684860229492,12.22583293914795,12.315191268920898,9.48728084564209,64889457
2012-09-04,12.290820121765137,12.347684860229492,12.242079734802246,12.315191268920898,9.48728084564209,36182168
2012-09-05,12.315191268920898,12.35580825805664,12.274574279785156,12.315191268920898,9.48728084564209,32883211
2012-09-06,12.380179405212402,12.61575984954834,12.380179405212402,12.607636451721191,9.712575912475586,64472271
2012-09-07,12.648253440856934,12.761981964111328,12.648253440856934,12.737611770629883,9.812705039978027,57754827
2012-09-10,12.721364974975586,12.761981964111328,12.623883247375488,12.63200569152832,9.731343269348145,52705757
2012-09-11,12.63200569152832,12.745735168457031,12.607636451721191,12.737611770629883,9.812705039978027,70453823
2012-09-12,12.802599906921387,12.851340293884277,12.75385856628418,12.78635311126709,9.850252151489258,62693107
2012-09-13,12.778228759765625,13.160032272338867,12.737611770629883,13.119415283203125,10.106831550598145,172620053
2012-09-14,13.225020408630371,13.354995727539062,13.184403419494629,13.225020408630371,10.188188552856445,150418352
2012-09-17,13.176279067993164,13.225020408630371,13.070673942565918,13.103167533874512,10.094316482543945,60313214
2012-09-18,13.054427146911621,13.086920738220215,12.997563362121582,13.038180351257324,10.0442533493042,81750341
2012-09-19,13.070673942565918,13.119415283203125,13.005685806274414,13.030056953430176,10.037994384765625,80701652
2012-09-20,12.908205032348633,12.965068817138672,12.843216896057129,12.95694637298584,9.981672286987305,81109728
2012-09-21,13.013810157775879,13.013810157775879,12.851340293884277,12.859463691711426,9.947737693786621,42195603
2012-09-24,12.770106315612793,12.92445182800293,12.770106315612793,12.867587089538574,9.954021453857422,46410423
2012-09-25,12.900080680847168,12.940698623657227,12.66450023651123,12.672623634338379,9.80319881439209,88561833
2012-09-26,12.63200569152832,12.656376838684082,12.550771713256836,12.591388702392578,9.740362167358398,64955438
2012-09-27,12.66450023651123,12.770106315612793,12.623883247375488,12.705118179321289,9.828343391418457,57130095
2012-09-28,12.656376838684082,12.737611770629883,12.607636451721191,12.66450023651123,9.796917915344238,56713893
2012-10-01,12.75385856628418,12.875711441040039,12.688871383666992,12.721364974975586,9.840907096862793,66024193
2012-10-02,12.802599906921387,12.802599906921387,12.688871383666992,12.745735168457031,9.859759330749512,54014310
2012-10-03,12.802599906921387,12.908205032348633,12.721364974975586,12.859463691711426,9.947737693786621,68035400
2012-10-04,12.932575225830078,13.070673942565918,12.908205032348633,13.054427146911621,10.098560333251953,95948941
2012-10-05,13.143786430358887,13.184403419494629,13.005685806274414,13.046303749084473,10.092268943786621,76084786
2012-10-08,12.981315612792969,13.06255054473877,12.965068817138672,13.038180351257324,10.085986137390137,36612525
2012-10-09,13.046303749084473,13.09504508972168,12.916328430175781,12.95694637298584,10.023148536682129,90105261
2012-10-10,12.948822021484375,13.005685806274414,12.875711441040039,12.948822021484375,10.016860008239746,76931837
2012-10-11,13.078798294067383,13.103167533874512,12.997563362121582,13.021932601928711,10.073415756225586,75143933
2012-10-12,12.908205032348633,12.989439010620117,12.802599906921387,12.843216896057129,9.935171127319336,91271141
2012-10-15,12.891958236694336,13.005685806274414,12.835092544555664,12.989439010620117,10.048283576965332,68673674
2012-10-16,13.054427146911621,13.127538681030273,13.030056953430176,13.070673942565918,10.111119270324707,94636818
2012-10-17,13.119415283203125,13.249390602111816,13.103167533874512,13.241267204284668,10.243091583251953,70444591
2012-10-18,13.208772659301758,13.31437873840332,13.192525863647461,13.26563835144043,10.261942863464355,63453495
2012-10-19,13.23314380645752,13.23314380645752,13.021932601928711,13.086920738220215,10.123690605163574,75531821
2012-10-22,13.070673942565918,13.119415283203125,12.965068817138672,13.086920738220215,10.123690605163574,129434726
2012-10-23,12.916328430175781,12.92445182800293,12.818845748901367,12.867587089538574,9.954021453857422,79617756
2012-10-24,12.948822021484375,12.973193168640137,12.851340293884277,12.867587089538574,9.954021453857422,64741983
2012-10-25,12.989439010620117,13.013810157775879,12.810723304748535,12.900080680847168,9.979159355163574,65027206
2012-10-26,12.883833885192871,12.908205032348633,12.745735168457031,12.835092544555664,9.928881645202637,69489581
2012-10-31,12.883833885192871,12.92445182800293,12.826970100402832,12.916328430175781,9.991728782653809,53059793
2012-11-01,12.932575225830078,13.078798294067383,12.908205032348633,13.078798294067383,10.117408752441406,72143001
2012-11-02,13.151908874511719,13.160032272338867,12.973193168640137,12.997563362121582,10.05456829071045,65960673
2012-11-05,12.95694637298584,12.997563362121582,12.835092544555664,12.973193168640137,10.035710334777832,54580447
2012-11-06,13.013810157775879,13.160032272338867,13.005685806274414,13.119415283203125,10.148831367492676,49350790
2012-11-07,12.932575225830078,12.948822021484375,12.656376838684082,12.680747032165527,9.809486389160156,143868817
2012-11-08,12.737611770629883,12.843216896057129,12.56701946258545,12.575141906738281,9.727795600891113,114104714
2012-11-09,12.518278121948242,12.729488372802734,12.502031326293945,12.591388702392578,9.740362167358398,95030861
2012-11-12,12.648253440856934,12.648253440856934,12.56701946258545,12.61575984954834,9.759211540222168,41658271
2012-11-13,12.518278121948242,12.696993827819824,12.49390697479248,12.526400566101074,9.690088272094727,63960298
2012-11-14,12.550771713256836,12.591388702392578,12.266449928283691,12.307066917419434,9.520415306091309,84265766
2012-11-15,12.307066917419434,12.428919792175293,12.274574279785156,12.331438064575195,9.53926944732666,85757861
2012-11-16,12.363931655883789,12.428919792175293,12.233956336975098,12.412672996520996,9.602110862731934,77888940
2012-11-19,12.591388702392578,12.66450023651123,12.583266258239746,12.648253440856934,9.784350395202637,64199481
2012-11-20,12.61575984954834,12.75385856628418,12.575141906738281,12.713240623474121,9.834624290466309,49879012
2012-11-21,12.721364974975586,12.737611770629883,12.640130043029785,12.713240623474121,9.834624290466309,32286422
2012-11-23,12.810723304748535,12.875711441040039,12.778228759765625,12.867587089538574,9.954021453857422,25337304
2012-11-26,12.802599906921387,12.826970100402832,12.737611770629883,12.818845748901367,9.9163179397583,37321089
2012-11-27,12.794475555419922,12.843216896057129,12.688871383666992,12.705118179321289,9.828343391418457,61359564
2012-11-28,12.63200569152832,12.770106315612793,12.534524917602539,12.75385856628418,9.866044998168945,58569995
2012-11-29,12.818845748901367,12.867587089538574,12.75385856628418,12.818845748901367,9.9163179397583,48775790
2012-11-30,12.810723304748535,12.859463691711426,12.75385856628418,12.802599906921387,9.90374755859375,36530910
2012-12-03,12.843216896057129,12.883833885192871,12.745735168457031,12.75385856628418,9.866044998168945,62742593
2012-12-04,12.75385856628418,12.78635311126709,12.656376838684082,12.721364974975586,9.840907096862793,48549409
2012-12-05,12.761981964111328,12.940698623657227,12.729488372802734,12.875711441040039,9.960305213928223,57255164
2012-12-06,12.883833885192871,12.92445182800293,12.843216896057129,12.916328430175781,9.991728782653809,42609219
2012-12-07,12.989439010620117,13.021932601928711,12.932575225830078,13.021932601928711,10.073415756225586,44538688
2012-12-10,12.981315612792969,13.030056953430176,12.940698623657227,12.989439010620117,10.048283576965332,59304164
2012-12-11,13.046303749084473,13.111291885375977,13.005685806274414,13.054427146911621,10.098560333251953,58723378
2012-12-12,13.111291885375977,13.225020408630371,13.078798294067383,13.111291885375977,10.14254379272461,68531370
2012-12-13,13.111291885375977,13.135662078857422,13.005685806274414,13.046303749084473,10.092268943786621,50848055
2012-12-14,13.030056953430176,13.054427146911621,12.981315612792969,12.997563362121582,10.05456829071045,43026404
2012-12-17,13.078798294067383,13.273760795593262,13.070673942565918,13.26563835144043,10.261942863464355,85069486
2012-12-18,13.338748931884766,13.476847648620605,13.290007591247559,13.460600852966309,10.412759780883789,86535115
2012-12-19,13.493095397949219,13.509342193603516,13.37124252319336,13.379365921020508,10.349918365478516,90697864
2012-12-20,13.395612716674805,13.566205978393555,13.387490272521973,13.566205978393555,10.494457244873047,76288517
2012-12-21,13.249390602111816,13.379365921020508,13.23314380645752,13.322502136230469,10.37051010131836,72313987
2012-12-24,13.257513999938965,13.330625534057617,13.249390602111816,13.298131942749023,10.351544380187988,29586100
2012-12-26,13.322502136230469,13.346872329711914,13.249390602111816,13.298131942749023,10.351544380187988,36545928
2012-12-27,13.322502136230469,13.346872329711914,13.070673942565918,13.249390602111816,10.313602447509766,54714996
2012-12-28,13.160032272338867,13.249390602111816,13.127538681030273,13.143786430358887,10.23139762878418,39480386
2012-12-31,13.127538681030273,13.330625534057617,13.09504508972168,13.31437873840332,10.364188194274902,73574162
2013-01-02,13.647440910339355,13.71242904663086,13.598699569702148,13.704304695129395,10.667720794677734,86126792
2013-01-03,13.704304695129395,13.728675842285156,13.631194114685059,13.688057899475098,10.655069351196289,59026942
2013-01-04,13.71242904663086,13.874897956848145,13.679935455322266,13.8505277633667,10.78154182434082,54822954
2013-01-07,13.826157569885254,13.834280967712402,13.736799240112305,13.818034172058105,10.756247520446777,44491664
2013-01-08,13.79366397857666,13.801787376403809,13.71242904663086,13.777417182922363,10.724629402160645,51457154
2013-01-09,13.809910774230957,13.88302230834961,13.71242904663086,13.761170387268066,10.711981773376465,59736737
2013-01-10,13.874897956848145,13.948010444641113,13.809910774230957,13.9317626953125,10.844771385192871,75427432
2013-01-11,13.899269104003906,13.907391548156738,13.809910774230957,13.899269104003906,10.819479942321777,52621188
2013-01-14,13.88302230834961,13.899269104003906,13.777417182922363,13.858652114868164,10.787866592407227,47142130
2013-01-15,13.79366397857666,13.9317626953125,13.769292831420898,13.915515899658203,10.832127571105957,51769213
2013-01-16,13.907391548156738,13.948010444641113,13.842405319213867,13.923639297485352,10.838451385498047,71678176
2013-01-17,13.9317626953125,13.96425724029541,13.874897956848145,13.915515899658203,10.832127571105957,69721255
2013-01-18,13.907391548156738,13.948010444641113,13.834280967712402,13.9317626953125,10.844771385192871,70050794
2013-01-22,13.907391548156738,14.061738014221191,13.907391548156738,14.061738014221191,10.945950508117676,52164733
2013-01-23,14.053614616394043,14.069862365722656,13.980504035949707,14.053614616394043,10.939626693725586,46065374
2013-01-24,14.094231605529785,14.207961082458496,14.061738014221191,14.126726150512695,10.996541976928711,82546675
2013-01-25,14.1917142868042,14.199837684631348,14.10235595703125,14.1917142868042,11.04712963104248,56354565
2013-01-28,14.207961082458496,14.216083526611328,14.077984809875488,14.134849548339844,11.002866744995117,38270928
2013-01-29,14.10235595703125,14.207961082458496,14.086109161376953,14.1917142868042,11.04712963104248,46096888
2013-01-30,14.159219741821289,14.18359088897705,14.094231605529785,14.126726150512695,10.996541976928711,39875044
2013-01-31,14.10235595703125,14.142972946166992,14.053614616394043,14.118602752685547,10.990215301513672,43701239
2013-02-01,14.1917142868042,14.346059799194336,14.1917142868042,14.305442810058594,11.135655403137207,71294104
2013-02-04,14.207961082458496,14.24045467376709,14.110479354858398,14.142972946166992,11.009183883666992,61435148
2013-02-05,14.216083526611328,14.329813003540039,14.1917142868042,14.281071662902832,11.11668586730957,58311731
2013-02-06,14.199837684631348,14.313566207885742,14.18359088897705,14.305442810058594,11.135655403137207,36912889
2013-02-07,14.337937355041504,14.3541841506958,14.151097297668457,14.264824867248535,11.104040145874023,62169070
2013-02-08,14.289196014404297,14.313566207885742,14.256702423095703,14.297319412231445,11.129331588745117,54945808
2013-02-11,14.297319412231445,14.386676788330078,14.27294921875,14.362306594848633,11.179919242858887,34986990
2013-02-12,14.378554344177246,14.49228286743164,14.329813003540039,14.476036071777344,11.268450736999512,68228421
2013-02-13,14.508529663085938,14.516653060913086,14.386676788330078,14.443541526794434,11.24315357208252,49634536
2013-02-14,14.386676788330078,14.500406265258789,14.370430946350098,14.49228286743164,11.281095504760742,38606376
2013-02-15,14.52477741241455,14.532899856567383,14.378554344177246,14.427294731140137,11.230507850646973,78615969
2013-02-19,14.476036071777344,14.573516845703125,14.459789276123047,14.565394401550293,11.338005065917969,54735061
2013-02-20,14.557271003723145,14.565394401550293,14.337937355041504,14.346059799194336,11.167272567749023,67902699
2013-02-21,14.32168960571289,14.32168960571289,14.175466537475586,14.232331275939941,11.078743934631348,64595863
2013-02-22,14.329813003540039,14.41104793548584,14.305442810058594,14.41104793548584,11.217859268188477,53303285
2013-02-25,14.500406265258789,14.500406265258789,14.0129976272583,14.02112102508545,10.914334297180176,88097007
2013-02-26,14.10235595703125,14.134849548339844,13.939886093139648,14.094231605529785,10.971244812011719,91502446
2013-02-27,14.069862365722656,14.346059799194336,14.061738014221191,14.313566207885742,11.141980171203613,77002374
2013-02-28,14.313566207885742,14.41104793548584,14.256702423095703,14.289196014404297,11.123007774353027,76742387
2013-03-01,14.18359088897705,14.370430946350098,14.10235595703125,14.329813003540039,11.154623031616211,63689232
2013-03-04,14.289196014404297,14.459789276123047,14.27294921875,14.451664924621582,11.249481201171875,44648986
2013-03-05,14.541024208068848,14.66287612915039,14.516653060913086,14.573516845703125,11.344330787658691,81640166
2013-03-06,14.679122924804688,14.727864265441895,14.606011390686035,14.670998573303223,11.420212745666504,81642628
2013-03-07,14.703493118286133,14.792851448059082,14.703493118286133,14.776603698730469,11.502418518066406,58971794
2013-03-08,14.865962982177734,14.882209777832031,14.71973991394043,14.817221641540527,11.53403377532959,75238474
2013-03-11,14.825345039367676,14.955321311950684,14.784728050231934,14.930950164794922,11.622563362121582,60897570
2013-03-12,14.914703369140625,14.930950164794922,14.809098243713379,14.849716186523438,11.559329986572266,40250869
2013-03-13,14.865962982177734,14.906579971313477,14.817221641540527,14.89033317565918,11.590944290161133,29836732
2013-03-14,14.947196960449219,15.012185096740723,14.922826766967773,14.987814903259277,11.666831016540527,82792382
2013-03-15,14.93907356262207,15.004061698913574,14.865962982177734,14.987814903259277,11.706170082092285,61508885
2013-03-18,14.792851448059082,14.906579971313477,14.760356903076172,14.841591835021973,11.591964721679688,50767302
2013-03-19,14.906579971313477,14.922826766967773,14.670998573303223,14.760356903076172,11.52851390838623,80060793
2013-03-20,14.841591835021973,14.89033317565918,14.817221641540527,14.85783863067627,11.604647636413574,77461167
2013-03-21,14.776603698730469,14.83346939086914,14.679122924804688,14.679122924804688,11.465065956115723,70564736
2013-03-22,14.760356903076172,14.792851448059082,14.687246322631836,14.768481254577637,11.534860610961914,54333878
2013-03-25,14.825345039367676,14.865962982177734,14.646629333496094,14.727864265441895,11.503132820129395,61043567
2013-03-26,14.784728050231934,14.83346939086914,14.727864265441895,14.825345039367676,11.57927417755127,59791763
2013-03-27,14.71973991394043,14.768481254577637,14.670998573303223,14.75223445892334,11.522168159484863,39216336
2013-03-28,14.744110107421875,14.80097484588623,14.711617469787598,14.792851448059082,11.5538911819458,31685325
2013-04-01,14.784728050231934,14.841591835021973,14.670998573303223,14.71973991394043,11.496786117553711,27318475
2013-04-02,14.760356903076172,14.825345039367676,14.75223445892334,14.809098243713379,11.56657886505127,49287270
2013-04-03,14.817221641540527,14.817221641540527,14.508529663085938,14.565394401550293,11.376235961914062,109156340
2013-04-04,14.573516845703125,14.703493118286133,14.573516845703125,14.695369720458984,11.477752685546875,68118247
2013-04-05,14.459789276123047,14.670998573303223,14.435418128967285,14.646629333496094,11.43968677520752,73523198
2013-04-08,14.63038158416748,14.80097484588623,14.573516845703125,14.792851448059082,11.5538911819458,51458508
2013-04-09,14.83346939086914,14.930950164794922,14.776603698730469,14.83346939086914,11.585617065429688,62398898
2013-04-10,14.89033317565918,15.052803039550781,14.89033317565918,15.036556243896484,11.744234085083008,82560708
2013-04-11,15.044678688049316,15.150283813476562,14.995938301086426,15.069049835205078,11.769613265991211,60166233
2013-04-12,14.97156810760498,15.044678688049316,14.922826766967773,15.004061698913574,11.718854904174805,56836255
2013-04-15,14.979690551757812,15.052803039550781,14.670998573303223,14.687246322631836,11.471406936645508,88256176
2013-04-16,14.83346939086914,14.930950164794922,14.735986709594727,14.914703369140625,11.64906120300293,55160987
2013-04-17,14.776603698730469,14.792851448059082,14.516653060913086,14.638504981994629,11.433343887329102,97644397
2013-04-18,14.63038158416748,14.638504981994629,14.419171333312988,14.484159469604492,11.312786102294922,75975843
2013-04-19,14.532899856567383,14.695369720458984,14.516653060913086,14.687246322631836,11.471406936645508,66982034
2013-04-22,14.71973991394043,14.727864265441895,14.557271003723145,14.703493118286133,11.484097480773926,53919154
2013-04-23,14.817221641540527,14.979690551757812,14.80097484588623,14.97156810760498,11.693477630615234,92145028
2013-04-24,14.987814903259277,15.085296630859375,14.97156810760498,15.06092643737793,11.763269424438477,46441322
2013-04-25,15.117790222167969,15.239643096923828,15.085296630859375,15.150283813476562,11.833063125610352,44356254
2013-04-26,15.125913619995117,15.158408164978027,15.020309448242188,15.085296630859375,11.782301902770996,29434318
2013-04-29,15.150283813476562,15.174654960632324,15.085296630859375,15.150283813476562,11.833063125610352,36910920
2013-04-30,15.14216136932373,15.19902515411377,15.077173233032227,15.190901756286621,11.864787101745605,50558770
2013-05-01,15.16653060913086,15.182778358459473,15.012185096740723,15.020309448242188,11.73154354095459,49923082
2013-05-02,15.069049835205078,15.174654960632324,15.044678688049316,15.150283813476562,11.833063125610352,54011356
2013-05-03,15.304630279541016,15.385865211486816,15.288382530212402,15.312753677368164,11.959959030151367,50393078
2013-05-06,15.353370666503906,15.491470336914062,15.345248222351074,15.47522258758545,12.086854934692383,29340516
2013-05-07,15.532088279724121,15.605198860168457,15.442728996276855,15.556458473205566,12.150301933288574,48645304
2013-05-08,15.556458473205566,15.702680587768555,15.50771713256836,15.686433792114258,12.251816749572754,77939657
2013-05-09,15.694557189941406,15.694557189941406,15.532088279724121,15.572705268859863,12.162991523742676,46510750
2013-05-10,15.58895206451416,15.637693405151367,15.540210723876953,15.637693405151367,12.213751792907715,65637289
2013-05-13,15.613323211669922,15.718928337097168,15.572705268859863,15.686433792114258,12.251816749572754,38763821
2013-05-14,15.718928337097168,16.051990509033203,15.702680587768555,15.954508781433105,12.461198806762695,42067209
2013-05-15,15.954508781433105,16.141347885131836,15.913890838623047,16.100730895996094,12.57540512084961,58081658
2013-05-16,16.0682373046875,16.157594680786133,15.954508781433105,15.995125770568848,12.492925643920898,46165208
2013-05-17,16.0682373046875,16.214460372924805,16.06011390686035,16.206335067749023,12.65788745880127,59018818
2013-05-20,16.190088272094727,16.320064544677734,16.17384147644043,16.23883056640625,12.683263778686523,40420254
2013-05-21,16.271324157714844,16.360681533813477,16.2307071685791,16.279447555541992,12.714987754821777,44609840
2013-05-22,16.311941146850586,16.531274795532227,16.043867111206055,16.108854293823242,12.58174991607666,118123067
2013-05-23,15.881397247314453,16.092607498168945,15.832655906677246,16.01137351989746,12.505614280700684,73706248
2013-05-24,15.930137634277344,16.035743713378906,15.857027053833008,16.027620315551758,12.51830005645752,62105304
2013-05-28,16.2469539642334,16.33631134033203,16.11697769165039,16.190088272094727,12.645196914672852,58804501
2013-05-29,16.100730895996094,16.271324157714844,16.0682373046875,16.190088272094727,12.645196914672852,59443390
2013-05-30,16.214460372924805,16.441917419433594,16.18196678161621,16.385053634643555,12.797471046447754,68429074
2013-05-31,16.34443473815918,16.409423828125,16.108854293823242,16.11697769165039,12.58809757232666,73854091
2013-06-03,16.18196678161621,16.198213577270508,15.881397247314453,16.133224487304688,12.600781440734863,123404549
2013-06-04,16.157594680786133,16.2469539642334,15.946385383605957,15.9870023727417,12.486578941345215,77242788
2013-06-05,15.954508781433105,16.01949691772461,15.670186996459961,15.72705078125,12.283541679382324,108448023
2013-06-06,15.710803985595703,15.954508781433105,15.613323211669922,15.946385383605957,12.454854011535645,87829880
2013-06-07,16.035743713378906,16.2469539642334,15.9870023727417,16.222583770751953,12.670578002929688,65529331
2013-06-10,16.303817749023438,16.320064544677734,16.17384147644043,16.2307071685791,12.676922798156738,81226304
2013-06-11,16.0682373046875,16.133224487304688,15.938261985778809,15.962632179260254,12.467543601989746,86971873
2013-06-12,16.0682373046875,16.07636070251465,15.75954532623291,15.792038917541504,12.334304809570312,79029954
2013-06-13,15.783916473388672,16.108854293823242,15.743297576904297,16.092607498168945,12.56905746459961,85934756
2013-06-14,16.0682373046875,16.108854293823242,15.857027053833008,15.881397247314453,12.404098510742188,54618855
2013-06-17,16.00324821472168,16.108854293823242,15.946385383605957,16.035743713378906,12.52464485168457,56877616
2013-06-18,16.051990509033203,16.18196678161621,16.035743713378906,16.141347885131836,12.607129096984863,42143039
2013-06-19,16.149471282958984,16.16571807861328,15.905768394470215,15.922015190124512,12.435821533203125,75429279
2013-06-20,15.775792121887207,15.832655906677246,15.515840530395508,15.580828666687012,12.169337272644043,126575852
2013-06-21,15.6458158493042,15.653940200805664,15.345248222351074,15.532088279724121,12.180166244506836,105462601
2013-06-24,15.33712387084961,15.41835880279541,15.093420028686523,15.255889892578125,11.963573455810547,96897057
2013-06-25,15.410236358642578,15.613323211669922,15.36961841583252,15.540210723876953,12.186537742614746,80205190
2013-06-26,15.686433792114258,15.751421928405762,15.597076416015625,15.694557189941406,12.307573318481445,82233016
2013-06-27,15.800162315368652,15.922015190124512,15.775792121887207,15.89764404296875,12.466833114624023,52961682
2013-06-28,15.840780258178711,15.873273849487305,15.710803985595703,15.800162315368652,12.390387535095215,63374219
2013-07-01,15.913890838623047,16.2469539642334,15.840780258178711,15.848902702331543,12.428609848022461,73513720
2013-07-02,15.857027053833008,16.027620315551758,15.792038917541504,15.865150451660156,12.441350936889648,74272877
2013-07-03,15.75954532623291,15.857027053833008,15.710803985595703,15.81640911102295,12.403127670288086,30829533
2013-07-05,15.995125770568848,16.100730895996094,15.889520645141602,16.100730895996094,12.62609577178955,46578332
2013-07-08,16.206335067749023,16.279447555541992,16.16571807861328,16.222583770751953,12.721649169921875,58673522
2013-07-09,16.320064544677734,16.368806838989258,16.206335067749023,16.360681533813477,12.829943656921387,93151001
2013-07-10,16.311941146850586,16.34443473815918,16.17384147644043,16.263200759887695,12.753499984741211,71055905
2013-07-11,16.482534408569336,16.482534408569336,16.29569435119629,16.41754722595215,12.874536514282227,74407918
2013-07-12,16.45816421508789,16.539398193359375,16.41754722595215,16.531274795532227,12.963726043701172,53045513
2013-07-15,16.63688087463379,16.645004272460938,16.50690460205078,16.604387283325195,13.021056175231934,32258971
2013-07-16,16.604387283325195,16.653127670288086,16.46628761291504,16.539398193359375,12.97009563446045,44604916
2013-07-17,16.5718936920166,16.661251068115234,16.531274795532227,16.612510681152344,13.02742862701416,46074484
2013-07-18,16.661251068115234,16.839967727661133,16.653127670288086,16.831844329833984,13.199424743652344,57946248
2013-07-19,16.823720932006836,16.839967727661133,16.73436164855957,16.839967727661133,13.205801963806152,40687012
2013-07-22,16.84809112548828,16.95369529724121,16.823720932006836,16.95369529724121,13.29498291015625,32787439
2013-07-23,17.002437591552734,17.002437591552734,16.872461318969727,16.888708114624023,13.244019508361816,37173861
2013-07-24,16.95369529724121,16.95369529724121,16.73436164855957,16.766855239868164,13.14846420288086,45179670
2013-07-25,16.726238250732422,16.791227340698242,16.62875747680664,16.783103942871094,13.161203384399414,46240669
2013-07-26,16.701868057250977,16.766855239868164,16.596263885498047,16.766855239868164,13.14846420288086,37870484
2013-07-29,16.73436164855957,16.73436164855957,16.580015182495117,16.645004272460938,13.052910804748535,35602736
2013-07-30,16.693744659423828,16.74248504638672,16.5881404876709,16.63688087463379,13.046536445617676,29564312
2013-07-31,16.645004272460938,16.79935073852539,16.620634078979492,16.645004272460938,13.052910804748535,56247221
2013-08-01,16.79935073852539,16.929325103759766,16.783103942871094,16.91307830810547,13.263129234313965,41956665
2013-08-02,16.896831512451172,16.921201705932617,16.84809112548828,16.90495491027832,13.256760597229004,38756558
2013-08-05,16.888708114624023,16.929325103759766,16.839967727661133,16.872461318969727,13.231280326843262,25892854
2013-08-06,16.839967727661133,16.85621452331543,16.701868057250977,16.718114852905273,13.110245704650879,31125712
2013-08-07,16.645004272460938,16.653127670288086,16.523151397705078,16.604387283325195,13.021056175231934,47522016
2013-08-08,16.693744659423828,16.74248504638672,16.523151397705078,16.645004272460938,13.052910804748535,53167013
2013-08-09,16.604387283325195,16.68562126159668,16.555646896362305,16.5881404876709,13.008317947387695,25617110
2013-08-12,16.51502799987793,16.5718936920166,16.46628761291504,16.523151397705078,12.957352638244629,33403185
2013-08-13,16.56376838684082,16.653127670288086,16.441917419433594,16.604387283325195,13.021056175231934,37451082
2013-08-14,16.580015182495117,16.661251068115234,16.531274795532227,16.539398193359375,12.97009563446045,37419446
2013-08-15,16.41754722595215,16.41754722595215,16.23883056640625,16.29569435119629,12.778979301452637,76359915
2013-08-16,16.263200759887695,16.376928329467773,16.2307071685791,16.263200759887695,12.753499984741211,40227972
2013-08-19,16.2307071685791,16.2469539642334,16.043867111206055,16.051990509033203,12.587873458862305,47041926
2013-08-20,16.084484100341797,16.2469539642334,16.01949691772461,16.206335067749023,12.708908081054688,52458696
2013-08-21,16.133224487304688,16.271324157714844,16.01949691772461,16.092607498168945,12.619721412658691,57591843
2013-08-22,16.157594680786133,16.303817749023438,16.141347885131836,16.279447555541992,12.766239166259766,39774718
2013-08-23,16.311941146850586,16.328187942504883,16.214460372924805,16.29569435119629,12.778979301452637,31125096
2013-08-26,16.320064544677734,16.360681533813477,16.190088272094727,16.190088272094727,12.696167945861816,36845430
2013-08-27,15.995125770568848,16.051990509033203,15.767668724060059,15.800162315368652,12.390387535095215,89691891
2013-08-28,15.75954532623291,15.930137634277344,15.718928337097168,15.824533462524414,12.409500122070312,63150423
2013-08-29,15.792038917541504,15.970754623413086,15.775792121887207,15.865150451660156,12.441350936889648,33458334
2013-08-30,15.873273849487305,15.905768394470215,15.743297576904297,15.792038917541504,12.384021759033203,32457777
2013-09-03,15.97887897491455,16.0682373046875,15.832655906677246,15.922015190124512,12.485942840576172,52539203
2013-09-04,15.938261985778809,16.11697769165039,15.89764404296875,16.043867111206055,12.581504821777344,38645768
2013-09-05,16.07636070251465,16.18196678161621,16.043867111206055,16.084484100341797,12.61335563659668,37273449
2013-09-06,16.17384147644043,16.18196678161621,15.905768394470215,16.084484100341797,12.61335563659668,48118067
2013-09-09,16.149471282958984,16.271324157714844,16.108854293823242,16.271324157714844,12.759869575500488,40325837
2013-09-10,16.40130043029785,16.490657806396484,16.39317512512207,16.46628761291504,12.912758827209473,45371583
2013-09-11,16.433794021606445,16.490657806396484,16.39317512512207,16.482534408569336,12.925498008728027,39921576
2013-09-12,16.46628761291504,16.490657806396484,16.34443473815918,16.360681533813477,12.829943656921387,42265400
2013-09-13,16.385053634643555,16.433794021606445,16.33631134033203,16.409423828125,12.868169784545898,36197555
2013-09-16,16.604387283325195,16.661251068115234,16.555646896362305,16.5881404876709,13.008317947387695,48338416
2013-09-17,16.612510681152344,16.669374465942383,16.580015182495117,16.669374465942383,13.07201862335205,42906382
2013-09-18,16.63688087463379,16.91307830810547,16.5881404876709,16.815597534179688,13.186688423156738,62847843
2013-09-19,16.888708114624023,16.90495491027832,16.718114852905273,16.750608444213867,13.135722160339355,49697070
2013-09-20,16.726238250732422,16.73436164855957,16.5718936920166,16.596263885498047,13.06601333618164,54032652
2013-09-23,16.498781204223633,16.51502799987793,16.33631134033203,16.360681533813477,12.880541801452637,62269273
2013-09-24,16.34443473815918,16.40130043029785,16.23883056640625,16.255077362060547,12.797402381896973,49559198
2013-09-25,16.279447555541992,16.39317512512207,16.198213577270508,16.34443473815918,12.867753028869629,48181217
2013-09-26,16.368806838989258,16.450040817260742,16.271324157714844,16.34443473815918,12.867753028869629,35533800
2013-09-27,16.2469539642334,16.328187942504883,16.214460372924805,16.28757095336914,12.822983741760254,60591420
2013-09-30,16.092607498168945,16.255077362060547,16.07636070251465,16.17384147644043,12.733445167541504,49069260
2013-10-01,16.198213577270508,16.320064544677734,16.18196678161621,16.28757095336914,12.822983741760254,50421391
2013-10-02,16.17384147644043,16.29569435119629,16.133224487304688,16.279447555541992,12.81658935546875,46893960
2013-10-03,16.23883056640625,16.263200759887695,16.027620315551758,16.157594680786133,12.720653533935547,57469112
2013-10-04,16.16571807861328,16.29569435119629,16.149471282958984,16.28757095336914,12.822983741760254,36588767
2013-10-07,16.149471282958984,16.206335067749023,16.084484100341797,16.100730895996094,12.67588996887207,35878480
2013-10-08,16.100730895996094,16.12510108947754,15.873273849487305,15.89764404296875,12.515998840332031,90449818
2013-10-09,15.938261985778809,16.01949691772461,15.824533462524414,15.954508781433105,12.56076717376709,96983596
2013-10-10,16.16571807861328,16.41754722595215,16.157594680786133,16.409423828125,12.918913841247559,94071174
2013-10-11,16.368806838989258,16.51502799987793,16.320064544677734,16.498781204223633,12.989267349243164,47829520
2013-10-14,16.39317512512207,16.604387283325195,16.368806838989258,16.580015182495117,13.05322265625,45458737
2013-10-15,16.580015182495117,16.62875747680664,16.425670623779297,16.45816421508789,12.957287788391113,57169733
2013-10-16,16.5718936920166,16.823720932006836,16.56376838684082,16.80747413635254,13.232295036315918,92827371
2013-10-17,16.693744659423828,16.97806739807129,16.693744659423828,16.95369529724121,13.347416877746582,65763713
2013-10-18,17.002437591552734,17.02680778503418,16.880584716796875,16.986190795898438,13.372998237609863,51511564
2013-10-21,16.994314193725586,17.02680778503418,16.937448501586914,16.95369529724121,13.347416877746582,35925381
2013-10-22,17.02680778503418,17.091794967651367,16.961820602416992,16.986190795898438,13.372998237609863,38892953
2013-10-23,16.90495491027832,16.929325103759766,16.80747413635254,16.84809112548828,13.264277458190918,44094297
2013-10-24,16.90495491027832,16.90495491027832,16.791227340698242,16.872461318969727,13.283463478088379,34263777
2013-10-25,16.888708114624023,16.945573806762695,16.84809112548828,16.945573806762695,13.341024398803711,34527334
2013-10-28,16.937448501586914,16.945573806762695,16.872461318969727,16.90495491027832,13.309041023254395,26414798
2013-10-29,16.937448501586914,16.969942092895508,16.896831512451172,16.95369529724121,13.347416877746582,27109328
2013-10-30,16.97806739807129,17.002437591552734,16.831844329833984,16.888708114624023,13.29625129699707,43636119
2013-10-31,16.864337921142578,16.880584716796875,16.701868057250977,16.709991455078125,13.155550956726074,60161063
2013-11-01,16.709991455078125,16.774980545043945,16.661251068115234,16.750608444213867,13.187525749206543,41068991
2013-11-04,16.774980545043945,16.791227340698242,16.709991455078125,16.75873374938965,13.193923950195312,23064878
2013-11-05,16.701868057250977,16.73436164855957,16.645004272460938,16.669374465942383,13.123568534851074,31916014
2013-11-06,16.750608444213867,16.791227340698242,16.709991455078125,16.750608444213867,13.187525749206543,35278244
2013-11-07,16.79935073852539,16.823720932006836,16.555646896362305,16.56376838684082,13.040433883666992,55046504
2013-11-08,16.580015182495117,16.945573806762695,16.56376838684082,16.945573806762695,13.341024398803711,78709894
2013-11-11,16.945573806762695,16.986190795898438,16.880584716796875,16.95369529724121,13.347416877746582,28828050
2013-11-12,16.91307830810547,16.929325103759766,16.74248504638672,16.791227340698242,13.219505310058594,35299294
2013-11-13,16.718114852905273,17.002437591552734,16.693744659423828,16.937448501586914,13.334624290466309,52414257
2013-11-14,16.937448501586914,17.091794967651367,16.896831512451172,17.08367156982422,13.449743270874023,43016187
2013-11-15,17.099918365478516,17.181154251098633,17.067424774169922,17.164907455444336,13.513697624206543,45884171
2013-11-18,17.229894638061523,17.278635025024414,17.116165161132812,17.156782150268555,13.507305145263672,52683107
2013-11-19,17.164907455444336,17.270511627197266,17.132413864135742,17.181154251098633,13.5264892578125,35699492
2013-11-20,17.221771240234375,17.270511627197266,17.07554817199707,17.132413864135742,13.488116264343262,39271362
2013-11-21,17.181154251098633,17.400487899780273,17.173030853271484,17.376117706298828,13.679986000061035,45735589
2013-11-22,17.392364501953125,17.46547508239746,17.35987091064453,17.457351684570312,13.743937492370605,34106702
2013-11-25,17.51421546936035,17.554832458496094,17.449228286743164,17.481721878051758,13.76312255859375,34048598
2013-11-26,17.489845275878906,17.554832458496094,17.457351684570312,17.46547508239746,13.750330924987793,34307478
2013-11-27,17.506092071533203,17.53858757019043,17.46547508239746,17.51421546936035,13.788703918457031,19686029
2013-11-29,17.579204559326172,17.579204559326172,17.441104888916016,17.449228286743164,13.73753833770752,14792804
2013-12-02,17.47359848022461,17.57107925415039,17.392364501953125,17.441104888916016,13.731142044067383,37823829
2013-12-03,17.351747512817383,17.392364501953125,17.173030853271484,17.262388229370117,13.590449333190918,34143508
2013-12-04,17.18927764892578,17.384239196777344,17.156782150268555,17.30300521850586,13.622420310974121,53872745
2013-12-05,17.229894638061523,17.270511627197266,17.12428855895996,17.140535354614258,13.4945068359375,45227309
2013-12-06,17.3436222076416,17.42485809326172,17.262388229370117,17.376117706298828,13.679986000061035,37371314
2013-12-09,17.432981491088867,17.489845275878906,17.41673469543457,17.449228286743164,13.73753833770752,27234152
2013-12-10,17.408611297607422,17.489845275878906,17.384239196777344,17.384239196777344,13.686376571655273,37960839
2013-12-11,17.392364501953125,17.400487899780273,17.116165161132812,17.14866065979004,13.500909805297852,79264090
2013-12-12,17.140535354614258,17.229894638061523,17.108041763305664,17.14866065979004,13.500909805297852,48718056
2013-12-13,17.205524444580078,17.24614143371582,17.12428855895996,17.164907455444336,13.513697624206543,89187304
2013-12-16,17.238018035888672,17.311128616333008,17.238018035888672,17.270511627197266,13.596840858459473,84071637
2013-12-17,17.270511627197266,17.270511627197266,17.140535354614258,17.156782150268555,13.507305145263672,33255096
2013-12-18,17.213647842407227,17.57107925415039,17.059301376342773,17.554832458496094,13.82068157196045,122031246
2013-12-19,17.53046226501465,17.579204559326172,17.47359848022461,17.53046226501465,13.801492691040039,56205614
2013-12-20,17.481721878051758,17.603574752807617,17.47359848022461,17.554832458496094,13.885668754577637,81181865
2013-12-23,17.63606834411621,17.676685333251953,17.611698150634766,17.63606834411621,13.949929237365723,36429968
2013-12-24,17.668561935424805,17.676685333251953,17.619821548461914,17.668561935424805,13.975630760192871,9107923
2013-12-26,17.725425720214844,17.725425720214844,17.668561935424805,17.70918083190918,14.007757186889648,18352240
2013-12-27,17.717302322387695,17.725425720214844,17.668561935424805,17.7010555267334,14.001334190368652,14700479
2013-12-30,17.7010555267334,17.733549118041992,17.64419174194336,17.668561935424805,13.975630760192871,19989840
2013-12-31,17.7010555267334,17.76604461669922,17.69293212890625,17.757919311523438,14.046306610107422,22770053
2014-01-02,17.725425720214844,17.74167251586914,17.611698150634766,17.660438537597656,13.969209671020508,43679450
2014-01-03,17.6848087310791,17.839155197143555,17.676685333251953,17.782291412353516,14.065593719482422,30349074
2014-01-06,17.87164878845215,17.92038917541504,17.76604461669922,17.798538208007812,14.078441619873047,42798546
2014-01-07,17.896018981933594,17.896018981933594,17.749797821044922,17.80666160583496,14.084866523742676,58506229
2014-01-08,17.839155197143555,17.887895584106445,17.790414810180664,17.863525390625,14.129838943481445,44270453
2014-01-09,17.92038917541504,17.952884674072266,17.81478500366211,17.928512573242188,14.181245803833008,35872817
2014-01-10,17.92038917541504,17.944759368896484,17.81478500366211,17.896018981933594,14.155545234680176,44795967
2014-01-13,17.87164878845215,17.904142379760742,17.59545135498047,17.627944946289062,13.943501472473145,52459804
2014-01-14,17.725425720214844,17.798538208007812,17.63606834411621,17.774166107177734,14.059161186218262,38581263
2014-01-15,17.85540199279785,18.001625061035156,17.847278594970703,17.98537826538086,14.226229667663574,75928326
2014-01-16,17.93663787841797,17.944759368896484,17.831031799316406,17.87164878845215,14.136265754699707,57911287
2014-01-17,17.896018981933594,17.928512573242188,17.774166107177734,17.81478500366211,14.091291427612305,70660016
2014-01-21,17.91226577758789,17.928512573242188,17.725425720214844,17.831031799316406,14.104142189025879,51099056
2014-01-22,17.863525390625,17.879772186279297,17.790414810180664,17.839155197143555,14.110564231872559,22301904
2014-01-23,17.757919311523438,17.76604461669922,17.46547508239746,17.546709060668945,13.879246711730957,64648058
2014-01-24,17.457351684570312,17.457351684570312,17.14866065979004,17.14866065979004,13.564393997192383,86803719
2014-01-27,17.173030853271484,17.25426483154297,16.945573806762695,17.043054580688477,13.480865478515625,79350014
2014-01-28,17.132413864135742,17.286758422851562,17.116165161132812,17.270511627197266,13.660778999328613,43538500
2014-01-29,17.08367156982422,17.238018035888672,17.02680778503418,17.067424774169922,13.500138282775879,79334380
2014-01-30,17.221771240234375,17.3436222076416,17.164907455444336,17.311128616333008,13.692906379699707,56607904
2014-01-31,17.051177978515625,17.270511627197266,17.01868438720703,17.108041763305664,13.532262802124023,65974214
2014-02-03,17.091794967651367,17.132413864135742,16.653127670288086,16.67749786376953,13.1917085647583,129496030
2014-02-04,16.75873374938965,16.929325103759766,16.701868057250977,16.839967727661133,13.320223808288574,67895066
2014-02-05,16.815597534179688,16.880584716796875,16.701868057250977,16.823720932006836,13.307369232177734,58062823
2014-02-06,16.85621452331543,17.091794967651367,16.84809112548828,17.08367156982422,13.512989044189453,49232368
2014-02-07,17.156782150268555,17.311128616333008,17.099918365478516,17.29488182067871,13.680055618286133,63056129
2014-02-10,17.30300521850586,17.327375411987305,17.213647842407227,17.311128616333008,13.692906379699707,53244320
2014-02-11,17.36799430847168,17.53858757019043,17.286758422851562,17.489845275878906,13.834267616271973,46243500
2014-02-12,17.51421546936035,17.57107925415039,17.42485809326172,17.489845275878906,13.834267616271973,47764154
2014-02-13,17.335500717163086,17.562957763671875,17.335500717163086,17.554832458496094,13.885668754577637,39783458
2014-02-14,17.53046226501465,17.59545135498047,17.497968673706055,17.579204559326172,13.904946327209473,37421046
2014-02-18,17.59545135498047,17.64419174194336,17.53046226501465,17.611698150634766,13.930647850036621,26168844
2014-02-19,17.554832458496094,17.660438537597656,17.35987091064453,17.36799430847168,13.73788070678711,78908823
2014-02-20,17.384239196777344,17.457351684570312,17.286758422851562,17.41673469543457,13.776436805725098,39164019
2014-02-21,17.449228286743164,17.51421546936035,17.384239196777344,17.449228286743164,13.802138328552246,53100785
2014-02-24,17.457351684570312,17.668561935424805,17.449228286743164,17.579204559326172,13.904946327209473,51914224
2014-02-25,17.57107925415039,17.579204559326172,17.432981491088867,17.47359848022461,13.821415901184082,49380703
2014-02-26,17.51421546936035,17.53046226501465,17.35987091064453,17.449228286743164,13.802138328552246,52231699
2014-02-27,17.42485809326172,17.546709060668945,17.36799430847168,17.53858757019043,13.872818946838379,47711837
2014-02-28,17.546709060668945,17.725425720214844,17.51421546936035,17.627944946289062,13.943501472473145,69264062
2014-03-03,17.46547508239746,17.51421546936035,17.376117706298828,17.489845275878906,13.834267616271973,61089483
2014-03-04,17.69293212890625,17.847278594970703,17.660438537597656,17.847278594970703,14.11699104309082,61500268
2014-03-05,17.85540199279785,18.03411865234375,17.81478500366211,18.03411865234375,14.264780044555664,58700112
2014-03-06,18.03411865234375,18.13159942626953,18.0259952545166,18.09098243713379,14.309759140014648,53457898
2014-03-07,18.2047119140625,18.269699096679688,18.099105834960938,18.172218322753906,14.374014854431152,81544764
2014-03-10,18.13159942626953,18.277822494506836,18.066612243652344,18.180341720581055,14.380439758300781,29071542
2014-03-11,18.2047119140625,18.220958709716797,18.017871856689453,18.058488845825195,14.284059524536133,55578050
2014-03-12,17.944759368896484,18.03411865234375,17.896018981933594,18.0259952545166,14.258354187011719,39319248
2014-03-13,18.08285903930664,18.107229232788086,17.782291412353516,17.822908401489258,14.0977144241333,70116160
2014-03-14,17.757919311523438,17.904142379760742,17.69293212890625,17.70918083190918,14.007757186889648,54433958
2014-03-17,17.85540199279785,17.96100616455078,17.839155197143555,17.896018981933594,14.155545234680176,46338656
2014-03-18,17.944759368896484,18.001625061035156,17.91226577758789,17.98537826538086,14.226229667663574,44158186
2014-03-19,18.001625061035156,18.107229232788086,17.847278594970703,17.97725486755371,14.219802856445312,69971394
2014-03-20,17.944759368896484,18.30219268798828,17.944759368896484,18.26157569885254,14.444697380065918,112214267
2014-03-21,18.318439483642578,18.399675369262695,18.172218322753906,18.19658851623535,14.44663143157959,82702027
2014-03-24,18.25345230102539,18.30219268798828,18.08285903930664,18.188465118408203,14.440183639526367,68496287
2014-03-25,18.245328903198242,18.277822494506836,18.08285903930664,18.172218322753906,14.42728042602539,42096507
2014-03-26,18.277822494506836,18.285945892333984,17.98537826538086,17.98537826538086,14.278950691223145,62505872
2014-03-27,17.944759368896484,18.0259952545166,17.790414810180664,17.887895584106445,14.201554298400879,81009033
2014-03-28,17.93663787841797,18.074735641479492,17.896018981933594,17.96100616455078,14.259598731994629,48922771
2014-03-31,18.09098243713379,18.2047119140625,18.074735641479492,18.147846221923828,14.407934188842773,41048557
2014-04-01,18.19658851623535,18.237205505371094,18.13159942626953,18.180341720581055,14.433731079101562,51651775
2014-04-02,18.19658851623535,18.26157569885254,18.164094924926758,18.220958709716797,14.46597957611084,44565278
2014-04-03,18.237205505371094,18.26157569885254,18.13159942626953,18.188465118408203,14.440183639526367,46626833
2014-04-04,18.285945892333984,18.32656478881836,17.993501663208008,18.009748458862305,14.298296928405762,60202301
2014-04-07,17.993501663208008,18.001625061035156,17.717302322387695,17.733549118041992,14.07901668548584,72897112
2014-04-08,17.749797821044922,17.798538208007812,17.611698150634766,17.757919311523438,14.098359107971191,56290676
2014-04-09,17.81478500366211,17.928512573242188,17.725425720214844,17.91226577758789,14.220903396606445,44907126
2014-04-10,17.928512573242188,17.928512573242188,17.489845275878906,17.497968673706055,13.891984939575195,94458692
2014-04-11,17.29488182067871,17.497968673706055,17.213647842407227,17.286758422851562,13.72430419921875,98050873
2014-04-14,17.489845275878906,17.51421546936035,17.24614143371582,17.42485809326172,13.833937644958496,69247689
2014-04-15,17.46547508239746,17.619821548461914,17.335500717163086,17.587326049804688,13.962924003601074,103855038
2014-04-16,17.668561935424805,17.733549118041992,17.562957763671875,17.725425720214844,14.072565078735352,49363100
2014-04-17,17.749797821044922,17.798538208007812,17.668561935424805,17.757919311523438,14.098359107971191,58956037
2014-04-21,17.76604461669922,17.782291412353516,17.7010555267334,17.74167251586914,14.085464477539062,37683618
2014-04-22,17.76604461669922,17.91226577758789,17.7010555267334,17.863525390625,14.182201385498047,33032777
2014-04-23,17.847278594970703,17.92038917541504,17.822908401489258,17.904142379760742,14.214451789855957,32197667
2014-04-24,17.98537826538086,17.98537826538086,17.822908401489258,17.896018981933594,14.208003997802734,36918798
2014-04-25,17.85540199279785,17.87164878845215,17.717302322387695,17.749797821044922,14.0919189453125,35205738
2014-04-28,17.749797821044922,17.798538208007812,17.47359848022461,17.64419174194336,14.008074760437012,54068967
2014-04-29,17.6848087310791,17.822908401489258,17.668561935424805,17.81478500366211,14.143509864807129,34182162
2014-04-30,17.76604461669922,17.879772186279297,17.749797821044922,17.839155197143555,14.16285514831543,46774307
2014-05-01,17.839155197143555,17.896018981933594,17.782291412353516,17.87164878845215,14.188652038574219,33615533
2014-05-02,17.879772186279297,18.0259952545166,17.822908401489258,17.863525390625,14.182201385498047,34600209
2014-05-05,17.7010555267334,17.80666160583496,17.63606834411621,17.790414810180664,14.124165534973145,23206197
2014-05-06,17.74167251586914,17.74167251586914,17.53858757019043,17.53858757019043,13.924230575561523,73906286
2014-05-07,17.627944946289062,17.790414810180664,17.579204559326172,17.774166107177734,14.111261367797852,50411420
2014-05-08,17.749797821044922,17.92038917541504,17.749797821044922,17.822908401489258,14.149957656860352,35858291
2014-05-09,17.81478500366211,17.839155197143555,17.7010555267334,17.81478500366211,14.143509864807129,29373014
2014-05-12,17.904142379760742,18.001625061035156,17.863525390625,17.993501663208008,14.285398483276367,25643084
2014-05-13,18.001625061035156,18.050365447998047,17.952884674072266,17.97725486755371,14.272500038146973,28989311
2014-05-14,17.96100616455078,17.97725486755371,17.81478500366211,17.847278594970703,14.169305801391602,31432723
2014-05-15,17.76604461669922,17.790414810180664,17.51421546936035,17.64419174194336,14.008074760437012,49008449
2014-05-16,17.652315139770508,17.668561935424805,17.53046226501465,17.668561935424805,14.027420997619629,41206002
2014-05-19,17.619821548461914,17.774166107177734,17.611698150634766,17.757919311523438,14.098359107971191,24674780
2014-05-20,17.725425720214844,17.76604461669922,17.587326049804688,17.652315139770508,14.01452350616455,24000561
2014-05-21,17.717302322387695,17.839155197143555,17.70918083190918,17.76604461669922,14.104812622070312,39055814
2014-05-22,17.790414810180664,17.879772186279297,17.74167251586914,17.847278594970703,14.169305801391602,22555244
2014-05-23,17.87164878845215,17.91226577758789,17.831031799316406,17.904142379760742,14.214451789855957,20383390
2014-05-27,17.944759368896484,18.13159942626953,17.944759368896484,18.058488845825195,14.336992263793945,28444963
2014-05-28,18.017871856689453,18.074735641479492,17.98537826538086,18.0259952545166,14.311190605163574,40448075
2014-05-29,18.066612243652344,18.08285903930664,17.98537826538086,18.066612243652344,14.343441009521484,18361350
2014-05-30,18.0259952545166,18.123477935791016,18.017871856689453,18.107229232788086,14.375686645507812,33521607
2014-06-02,18.123477935791016,18.172218322753906,18.03411865234375,18.15597152709961,14.414386749267578,24982776
2014-06-03,18.107229232788086,18.180341720581055,18.074735641479492,18.180341720581055,14.433731079101562,19306758
2014-06-04,18.123477935791016,18.245328903198242,18.123477935791016,18.229082107543945,14.472428321838379,24081684
2014-06-05,18.26157569885254,18.407798767089844,18.180341720581055,18.399675369262695,14.607866287231445,38203470
2014-06-06,18.448415756225586,18.5458984375,18.415922164916992,18.521526336669922,14.704605102539062,36753598
2014-06-09,18.529651641845703,18.627132415771484,18.513404846191406,18.60276222229004,14.769098281860352,39739634
2014-06-10,18.55402183532715,18.59463882446289,18.521526336669922,18.59463882446289,14.76264762878418,26550947
2014-06-11,18.521526336669922,18.529651641845703,18.415922164916992,18.47278594970703,14.665911674499512,25320439
2014-06-12,18.464662551879883,18.47278594970703,18.32656478881836,18.359058380126953,14.575614929199219,36993766
2014-06-13,18.407798767089844,18.448415756225586,18.31031608581543,18.3671817779541,14.582066535949707,34428485
2014-06-16,18.334686279296875,18.334686279296875,18.229082107543945,18.277822494506836,14.511120796203613,41736316
2014-06-17,18.25345230102539,18.48090934753418,18.245328903198242,18.464662551879883,14.659463882446289,30098442
2014-06-18,18.456539154052734,18.60276222229004,18.3834285736084,18.570268630981445,14.743301391601562,38125793
2014-06-19,18.578392028808594,18.59463882446289,18.48090934753418,18.5458984375,14.723955154418945,28443117
2014-06-20,18.55402183532715,18.570268630981445,18.489032745361328,18.5458984375,14.78222942352295,30669011
2014-06-23,18.5458984375,18.60276222229004,18.48090934753418,18.586515426635742,14.814600944519043,23893956
2014-06-24,18.5458984375,18.627132415771484,18.440292358398438,18.464662551879883,14.717482566833496,27761266
2014-06-25,18.37530517578125,18.505279541015625,18.359058380126953,18.48090934753418,14.730426788330078,31616881
2014-06-26,18.456539154052734,18.48090934753418,18.277822494506836,18.415922164916992,14.678629875183105,32902784
2014-06-27,18.359058380126953,18.489032745361328,18.359058380126953,18.489032745361328,14.73690414428711,22087464
2014-06-30,18.448415756225586,18.505279541015625,18.42404556274414,18.47278594970703,14.723956108093262,45984497
2014-07-01,18.513404846191406,18.667749404907227,18.513404846191406,18.586515426635742,14.814600944519043,34924332
2014-07-02,18.578392028808594,18.64337921142578,18.562145233154297,18.570268630981445,14.801653861999512,21714471
2014-07-03,18.700244903564453,18.740861892700195,18.659626007080078,18.71649169921875,14.918203353881836,27225904
2014-07-07,18.692119598388672,18.692119598388672,18.578392028808594,18.635255813598633,14.853453636169434,30418995
2014-07-08,18.60276222229004,18.619009017944336,18.43216896057129,18.47278594970703,14.723956108093262,42234379
2014-07-09,18.497156143188477,18.53777313232422,18.456539154052734,18.521526336669922,14.762801170349121,23890756
2014-07-10,18.318439483642578,18.456539154052734,18.245328903198242,18.399675369262695,14.665679931640625,31814580
2014-07-11,18.37530517578125,18.448415756225586,18.285945892333984,18.43216896057129,14.691584587097168,26102370
2014-07-14,18.610885620117188,18.619009017944336,18.521526336669922,18.5458984375,14.78222942352295,26266093
2014-07-15,18.64337921142578,18.71649169921875,18.578392028808594,18.675872802734375,14.885825157165527,36321394
2014-07-16,18.692119598388672,18.71649169921875,18.586515426635742,18.64337921142578,14.85992431640625,32831509
2014-07-17,18.55402183532715,18.635255813598633,18.3834285736084,18.399675369262695,14.665679931640625,42034342
2014-07-18,18.456539154052734,18.627132415771484,18.456539154052734,18.610885620117188,14.83403205871582,25827980
2014-07-21,18.513404846191406,18.586515426635742,18.48090934753418,18.562145233154297,14.795180320739746,18265332
2014-07-22,18.610885620117188,18.65150260925293,18.578392028808594,18.619009017944336,14.840497970581055,15999553
2014-07-23,18.627132415771484,18.692119598388672,18.59463882446289,18.659626007080078,14.872878074645996,17625827
2014-07-24,18.70836639404297,18.732738494873047,18.667749404907227,18.700244903564453,14.905250549316406,25123971
2014-07-25,18.627132415771484,18.683996200561523,18.578392028808594,18.59463882446289,14.821075439453125,44700318
2014-07-28,18.578392028808594,18.65150260925293,18.48090934753418,18.60276222229004,14.82755184173584,51911024
2014-07-29,18.627132415771484,18.675872802734375,18.497156143188477,18.505279541015625,14.74985408782959,34997453
2014-07-30,18.578392028808594,18.659626007080078,18.47278594970703,18.586515426635742,14.814600944519043,49021005
2014-07-31,18.456539154052734,18.505279541015625,18.19658851623535,18.2047119140625,14.510282516479492,61818850
2014-08-01,18.15597152709961,18.229082107543945,17.969131469726562,18.050365447998047,14.387259483337402,61016238
2014-08-04,18.115352630615234,18.220958709716797,18.03411865234375,18.19658851623535,14.503807067871094,32232135
2014-08-05,18.107229232788086,18.164094924926758,17.93663787841797,18.009748458862305,14.354887008666992,49123055
2014-08-06,17.952884674072266,18.180341720581055,17.952884674072266,18.08285903930664,14.413159370422363,45635509
2014-08-07,18.164094924926758,18.2047119140625,17.952884674072266,18.001625061035156,14.348413467407227,49004387
2014-08-08,17.993501663208008,18.188465118408203,17.952884674072266,18.180341720581055,14.49085807800293,62985100
2014-08-11,18.21283531188965,18.277822494506836,18.180341720581055,18.19658851623535,14.503807067871094,28040580
2014-08-12,18.139724731445312,18.285945892333984,18.139724731445312,18.237205505371094,14.536184310913086,27079046
2014-08-13,18.277822494506836,18.359058380126953,18.26157569885254,18.318439483642578,14.600935935974121,27864301
2014-08-14,18.342811584472656,18.43216896057129,18.334686279296875,18.43216896057129,14.691584587097168,26959269
2014-08-15,18.513404846191406,18.513404846191406,18.237205505371094,18.342811584472656,14.620357513427734,48988876
2014-08-18,18.43216896057129,18.562145233154297,18.42404556274414,18.5458984375,14.78222942352295,30915826
2014-08-19,18.586515426635742,18.627132415771484,18.562145233154297,18.578392028808594,14.80812931060791,24872847
2014-08-20,18.5458984375,18.692119598388672,18.521526336669922,18.627132415771484,14.846978187561035,32671479
2014-08-21,18.667749404907227,18.87895965576172,18.635255813598633,18.846466064453125,15.02180004119873,46030414
2014-08-22,18.846466064453125,18.895206451416016,18.757108688354492,18.781478881835938,14.970002174377441,30347351
2014-08-25,18.87083625793457,19.000812530517578,18.87083625793457,18.94394874572754,15.099504470825195,33893123
2014-08-26,18.927701950073242,19.04142951965332,18.919578552246094,18.98456573486328,15.131874084472656,17016729
2014-08-27,19.033306121826172,19.033306121826172,18.911453247070312,18.94394874572754,15.099504470825195,21784145
2014-08-28,18.854589462280273,18.911453247070312,18.81397247314453,18.887083053588867,15.054177284240723,25850015
2014-08-29,18.94394874572754,19.000812530517578,18.895206451416016,18.976442337036133,15.125399589538574,28003280
2014-09-02,19.033306121826172,19.065799713134766,18.94394874572754,19.04955291748047,15.183672904968262,36352415
2014-09-03,19.122665405273438,19.1389102935791,18.976442337036133,19.017059326171875,15.157774925231934,24151728
2014-09-04,19.033306121826172,19.1551570892334,18.968318939208984,19.033306121826172,15.170729637145996,31148855
2014-09-05,19.008935928344727,19.065799713134766,18.895206451416016,19.057676315307617,15.190150260925293,30005256
2014-09-08,19.04142951965332,19.1389102935791,19.000812530517578,19.065799713134766,15.19662094116211,26755908
2014-09-09,19.025182723999023,19.025182723999023,18.838342666625977,18.87083625793457,15.04122257232666,38428619
2014-09-10,18.87895965576172,18.99268913269043,18.87895965576172,18.968318939208984,15.118925094604492,38567107
2014-09-11,18.903331756591797,19.033306121826172,18.887083053588867,19.017059326171875,15.157774925231934,36650440
2014-09-12,19.017059326171875,19.090171813964844,18.927701950073242,19.000812530517578,15.144822120666504,42971009
2014-09-15,19.000812530517578,19.04142951965332,18.93582534790039,18.99268913269043,15.138347625732422,25694294
2014-09-16,18.94394874572754,19.114540100097656,18.93582534790039,19.073923110961914,15.203096389770508,39350392
2014-09-17,19.114540100097656,19.26076316833496,19.04955291748047,19.1551570892334,15.267843246459961,54889305
2014-09-18,19.252639770507812,19.39073944091797,19.228269577026367,19.341997146606445,15.416765213012695,63655749
2014-09-19,19.366369247436523,19.398862838745117,19.16328239440918,19.21202278137207,15.376462936401367,62190612
2014-09-22,19.171405792236328,19.22014617919922,19.057676315307617,19.082046508789062,15.272431373596191,39775087
2014-09-23,19.04142951965332,19.1389102935791,18.94394874572754,18.952070236206055,15.16840934753418,39927485
2014-09-24,18.99268913269043,19.065799713134766,18.911453247070312,19.057676315307617,15.252923011779785,44279193
2014-09-25,18.99268913269043,19.025182723999023,18.740861892700195,18.740861892700195,14.999364852905273,66656804
2014-09-26,18.797725677490234,18.968318939208984,18.76523208618164,18.919578552246094,15.142400741577148,49182020
2014-09-29,18.732738494873047,18.895206451416016,18.724613189697266,18.854589462280273,15.0903902053833,47184969
2014-09-30,18.895206451416016,18.93582534790039,18.781478881835938,18.82209587097168,15.064380645751953,40730589
2014-10-01,18.781478881835938,18.82209587097168,18.562145233154297,18.59463882446289,14.882331848144531,63257889
2014-10-02,18.60276222229004,18.71649169921875,18.47278594970703,18.64337921142578,14.921342849731445,69509769
2014-10-03,18.81397247314453,18.94394874572754,18.748985290527344,18.911453247070312,15.135904312133789,62092379
2014-10-06,19.04142951965332,19.04142951965332,18.830219268798828,18.854589462280273,15.0903902053833,40801003
2014-10-07,18.805849075317383,18.805849075317383,18.529651641845703,18.53777313232422,14.836824417114258,63099706
2014-10-08,18.5458984375,18.887083053588867,18.489032745361328,18.887083053588867,15.116395950317383,72327897
2014-10-09,18.87083625793457,18.87083625793457,18.47278594970703,18.489032745361328,14.797816276550293,110277904
2014-10-10,18.448415756225586,18.659626007080078,18.334686279296875,18.342811584472656,14.680779457092285,76225243
2014-10-13,18.350933074951172,18.464662551879883,18.164094924926758,18.180341720581055,14.550750732421875,70603882
2014-10-14,18.229082107543945,18.399675369262695,18.172218322753906,18.25345230102539,14.609262466430664,78074944
2014-10-15,17.993501663208008,18.08285903930664,17.506092071533203,17.904142379760742,14.329690933227539,134405258
2014-10-16,17.59545135498047,18.0422420501709,17.579204559326172,17.904142379760742,14.329690933227539,101397347
2014-10-17,18.139724731445312,18.220958709716797,18.009748458862305,18.13159942626953,14.511733055114746,65796704
2014-10-20,18.09098243713379,18.25345230102539,18.09098243713379,18.237205505371094,14.59626293182373,60934746
2014-10-21,18.399675369262695,18.60276222229004,18.350933074951172,18.578392028808594,14.869332313537598,62988547
2014-10-22,18.610885620117188,18.627132415771484,18.407798767089844,18.407798767089844,14.732795715332031,56880817
2014-10-23,18.619009017944336,18.70836639404297,18.55402183532715,18.586515426635742,14.875834465026855,99572513
2014-10-24,18.619009017944336,18.77335548400879,18.586515426635742,18.76523208618164,15.01887035369873,32770205
2014-10-27,18.700244903564453,18.797725677490234,18.667749404907227,18.789602279663086,15.038373947143555,27325984
2014-10-28,18.838342666625977,19.000812530517578,18.838342666625977,18.99268913269043,15.200912475585938,44604546
2014-10-29,19.025182723999023,19.073923110961914,18.895206451416016,19.04142951965332,15.239923477172852,55631844
2014-10-30,19.025182723999023,19.236392974853516,18.968318939208984,19.147035598754883,15.32444953918457,41918628
2014-10-31,19.366369247436523,19.39073944091797,19.285133361816406,19.366369247436523,15.499990463256836,46879927
2014-11-03,19.415109634399414,19.48822021484375,19.358245849609375,19.43947982788086,15.558506965637207,60885014
2014-11-04,19.366369247436523,19.455726623535156,19.293258666992188,19.447603225708008,15.565010070800781,36701526
2014-11-05,19.618196487426758,19.618196487426758,19.463851928710938,19.577579498291016,15.669034004211426,30312760
2014-11-06,19.545085906982422,19.618196487426758,19.48822021484375,19.61007308959961,15.695045471191406,33192561
2014-11-07,19.618196487426758,19.66693687438965,19.520715713500977,19.618196487426758,15.701542854309082,35459694
2014-11-10,19.618196487426758,19.72380256652832,19.593826293945312,19.72380256652832,15.786067008972168,37733474
2014-11-11,19.731924057006836,19.748172760009766,19.6588134765625,19.6588134765625,15.734054565429688,47698542
2014-11-12,19.593826293945312,19.642566680908203,19.545085906982422,19.618196487426758,15.701542854309082,23048629
2014-11-13,19.634443283081055,19.675060272216797,19.528837203979492,19.61007308959961,15.695045471191406,36133543
2014-11-14,19.60194969177246,19.642566680908203,19.520715713500977,19.545085906982422,15.643030166625977,14073777
2014-11-17,19.48822021484375,19.569456100463867,19.471973419189453,19.545085906982422,15.643030166625977,19907978
2014-11-18,19.536962509155273,19.675060272216797,19.528837203979492,19.61007308959961,15.695045471191406,15630130
2014-11-19,19.577579498291016,19.60194969177246,19.48822021484375,19.569456100463867,15.662528038024902,27164231
2014-11-20,19.471973419189453,19.593826293945312,19.43947982788086,19.569456100463867,15.662528038024902,19798912
2014-11-21,19.788789749145508,19.788789749145508,19.642566680908203,19.66693687438965,15.740556716918945,25110061
2014-11-24,19.731924057006836,19.845653533935547,19.72380256652832,19.796913146972656,15.844579696655273,23038411
2014-11-25,19.8375301361084,19.8375301361084,19.71567726135254,19.78066635131836,15.831573486328125,28864242
2014-11-26,19.78066635131836,19.813159942626953,19.756296157836914,19.805036544799805,15.851083755493164,10769280
2014-11-28,19.8212833404541,19.910642623901367,19.796913146972656,19.8212833404541,15.864081382751465,9621496
2014-12-01,19.71567726135254,19.77254295349121,19.634443283081055,19.683183670043945,15.753560066223145,33654309
2014-12-02,19.66693687438965,19.88627052307129,19.66693687438965,19.870023727416992,15.903092384338379,26767603
2014-12-03,19.88627052307129,19.975629806518555,19.845653533935547,19.959383010864258,15.97461986541748,17814417
2014-12-04,19.935012817382812,20.00812339782715,19.853776931762695,19.983753204345703,15.994111061096191,20925400
2014-12-05,20.089357376098633,20.235580444335938,20.064987182617188,20.1624698638916,16.137157440185547,37209929
2014-12-08,20.138099670410156,20.365556716918945,20.129976272583008,20.259950637817383,16.21517562866211,52915889
2014-12-09,20.0,20.211210250854492,19.94313621520996,20.211210250854492,16.176162719726562,55516992
2014-12-10,20.154346466064453,20.21933364868164,19.918764114379883,19.95125961303711,15.968113899230957,63708559
2014-12-11,20.00812339782715,20.1787166595459,19.967506408691406,20.0,16.007122039794922,71819494
2014-12-12,19.845653533935547,19.967506408691406,19.585702896118164,19.61007308959961,15.695045471191406,48320689
2014-12-15,19.72380256652832,19.756296157836914,19.33387565612793,19.43135643005371,15.552005767822266,45935750
2014-12-16,19.32575035095215,19.634443283081055,19.236392974853516,19.244516372680664,15.402467727661133,45497391
2014-12-17,19.33387565612793,19.691307067871094,19.293258666992188,19.683183670043945,15.753560066223145,53873361
2014-12-18,19.983753204345703,20.154346466064453,19.87814712524414,20.138099670410156,16.117658615112305,46183796
2014-12-19,20.097482681274414,20.154346466064453,19.983753204345703,20.04874038696289,16.128110885620117,49107421
2014-12-22,20.10560417175293,20.186840057373047,20.05686378479004,20.186840057373047,16.239206314086914,19475282
2014-12-23,20.259950637817383,20.373680114746094,20.21933364868164,20.300569534301758,16.330690383911133,22928360
2014-12-24,20.365556716918945,20.365556716918945,20.259950637817383,20.268075942993164,16.304548263549805,9773278
2014-12-26,20.33306312561035,20.3411865234375,20.259950637817383,20.268075942993164,16.304548263549805,18149002
2014-12-29,20.251827239990234,20.422420501708984,20.211210250854492,20.3411865234375,16.363365173339844,22126486
2014-12-30,20.308692932128906,20.365556716918945,20.251827239990234,20.316816329956055,16.3437557220459,20298451
2014-12-31,20.38992691040039,20.406173706054688,20.064987182617188,20.089357376098633,16.160781860351562,29869969
2015-01-02,20.194963455200195,20.22745704650879,19.935012817382812,20.089357376098633,16.160781860351562,40511471
2015-01-05,19.959383010864258,20.0,19.618196487426758,19.66693687438965,15.820967674255371,50770502
2015-01-06,19.66693687438965,19.731924057006836,19.27701187133789,19.366369247436523,15.579177856445312,57454463
2015-01-07,19.528837203979492,19.618196487426758,19.415109634399414,19.569456100463867,15.74255084991455,36287049
2015-01-08,19.796913146972656,19.910642623901367,19.756296157836914,19.861900329589844,15.977803230285645,37995923
2015-01-09,19.902517318725586,19.910642623901367,19.585702896118164,19.593826293945312,15.76215934753418,36300590
2015-01-12,19.593826293945312,19.642566680908203,19.374492645263672,19.43135643005371,15.631458282470703,38356360
2015-01-13,19.56133270263672,19.691307067871094,19.228269577026367,19.366369247436523,15.579177856445312,45785445
2015-01-14,19.057676315307617,19.16328239440918,18.838342666625977,19.090171813964844,15.356988906860352,71356023
2015-01-15,19.025182723999023,19.122665405273438,18.82209587097168,18.854589462280273,15.16747760772705,58038203
2015-01-16,18.805849075317383,19.090171813964844,18.732738494873047,19.082046508789062,15.350451469421387,89499855
2015-01-20,19.1389102935791,19.21202278137207,18.93582534790039,19.000812530517578,15.285106658935547,39330942
2015-01-21,18.99268913269043,19.147035598754883,18.87083625793457,19.04955291748047,15.324313163757324,49251571
2015-01-22,19.16328239440918,19.545085906982422,19.033306121826172,19.520715713500977,15.703338623046875,97345387
2015-01-23,19.50446891784668,19.545085906982422,19.30950355529785,19.30950355529785,15.53343391418457,34069402
2015-01-26,19.27701187133789,19.415109634399414,19.228269577026367,19.406986236572266,15.611851692199707,27588310
2015-01-27,19.1389102935791,19.32575035095215,19.122665405273438,19.195775985717773,15.441944122314453,35186781
2015-01-28,19.293258666992188,19.293258666992188,18.81397247314453,18.846466064453125,15.160947799682617,85405918
2015-01-29,18.82209587097168,19.04142951965332,18.748985290527344,19.000812530517578,15.285106658935547,50409450
2015-01-30,18.781478881835938,19.000812530517578,18.683996200561523,18.692119598388672,15.036774635314941,64531113
2015-02-02,18.740861892700195,19.017059326171875,18.59463882446289,18.99268913269043,15.278572082519531,62984977
2015-02-03,19.065799713134766,19.32575035095215,19.065799713134766,19.30950355529785,15.53343391418457,66155787
2015-02-04,19.26888656616211,19.423233032226562,19.228269577026367,19.26076316833496,15.494220733642578,37523958
2015-02-05,19.317628860473633,19.48822021484375,19.301380157470703,19.455726623535156,15.651061058044434,30264135
2015-02-06,19.634443283081055,19.805036544799805,19.56133270263672,19.61007308959961,15.775217056274414,83237512
2015-02-09,19.520715713500977,19.61007308959961,19.463851928710938,19.512590408325195,15.696795463562012,37354080
2015-02-10,19.6588134765625,19.707555770874023,19.520715713500977,19.66693687438965,15.820967674255371,39742220
2015-02-11,19.642566680908203,19.72380256652832,19.536962509155273,19.66693687438965,15.820967674255371,36080733
2015-02-12,19.699430465698242,19.88627052307129,19.6588134765625,19.861900329589844,15.977803230285645,40635310
2015-02-13,19.870023727416992,19.926889419555664,19.77254295349121,19.845653533935547,15.964733123779297,23270085
2015-02-17,19.813159942626953,19.959383010864258,19.796913146972656,19.910642623901367,16.017013549804688,17869196
2015-02-18,19.88627052307129,19.88627052307129,19.740049362182617,19.788789749145508,15.918987274169922,36387868
2015-02-19,19.740049362182617,19.788789749145508,19.6588134765625,19.707555770874023,15.853646278381348,21550255
2015-02-20,19.675060272216797,19.88627052307129,19.55320930480957,19.853776931762695,15.971264839172363,40206183
2015-02-23,19.82940673828125,19.82940673828125,19.699430465698242,19.805036544799805,15.932060241699219,23616735
2015-02-24,19.853776931762695,19.967506408691406,19.813159942626953,19.902517318725586,16.010473251342773,33958612
2015-02-25,19.88627052307129,19.983753204345703,19.87814712524414,19.902517318725586,16.010473251342773,32659415
2015-02-26,19.926889419555664,19.935012817382812,19.788789749145508,19.853776931762695,15.971264839172363,33480738
2015-02-27,19.82940673828125,19.870023727416992,19.764419555664062,19.78066635131836,15.912453651428223,28937856
2015-03-02,19.788789749145508,19.94313621520996,19.748172760009766,19.926889419555664,16.030086517333984,27137641
2015-03-03,19.870023727416992,19.926889419555664,19.77254295349121,19.870023727416992,15.98434066772461,31729394
2015-03-04,19.788789749145508,19.813159942626953,19.675060272216797,19.748172760009766,15.88631820678711,47685247
2015-03-05,19.78066635131836,19.870023727416992,19.71567726135254,19.82940673828125,15.951663970947266,25112031
2015-03-06,19.902517318725586,20.032493591308594,19.65069007873535,19.683183670043945,15.834043502807617,74347599
2015-03-09,19.699430465698242,19.813159942626953,19.691307067871094,19.77254295349121,15.905922889709473,26666907
2015-03-10,19.60194969177246,19.61007308959961,19.350122451782227,19.350122451782227,15.56610107421875,49650662
2015-03-11,19.406986236572266,19.545085906982422,19.38261604309082,19.471973419189453,15.664133071899414,36531648
2015-03-12,19.634443283081055,19.910642623901367,19.61007308959961,19.89439582824707,16.003948211669922,50418806
2015-03-13,19.845653533935547,19.88627052307129,19.642566680908203,19.756296157836914,15.89284896850586,40917578
2015-03-16,19.8375301361084,20.016246795654297,19.8375301361084,20.0,16.088897705078125,39676730
2015-03-17,19.935012817382812,20.0,19.813159942626953,19.95125961303711,16.049686431884766,22247248
2015-03-18,19.902517318725586,20.129976272583008,19.82940673828125,20.064987182617188,16.141176223754883,58915168
2015-03-19,20.064987182617188,20.064987182617188,19.788789749145508,19.87814712524414,15.990878105163574,42486734
2015-03-20,19.902517318725586,20.089357376098633,19.8375301361084,20.073110580444336,16.207984924316406,47450742
2015-03-23,20.032493591308594,20.129976272583008,19.959383010864258,19.959383010864258,16.116153717041016,26417014
2015-03-24,19.94313621520996,19.94313621520996,19.788789749145508,19.796913146972656,15.98497200012207,22615686
2015-03-25,19.8212833404541,19.870023727416992,19.4800968170166,19.4800968170166,15.729159355163574,40570806
2015-03-26,19.398862838745117,19.55320930480957,19.317628860473633,19.463851928710938,15.716044425964355,40238682
2015-03-27,19.463851928710938,19.48822021484375,19.366369247436523,19.43947982788086,15.696361541748047,30154207
2015-03-30,19.585702896118164,19.77254295349121,19.577579498291016,19.72380256652832,15.92593765258789,43422048
2015-03-31,19.626319885253906,19.683183670043945,19.545085906982422,19.585702896118164,15.81442928314209,26132160
2015-04-01,19.536962509155273,19.642566680908203,19.43135643005371,19.569456100463867,15.801315307617188,32823015
2015-04-02,19.520715713500977,19.699430465698242,19.520715713500977,19.66693687438965,15.880023002624512,26472163
2015-04-06,19.50446891784668,19.748172760009766,19.463851928710938,19.699430465698242,15.90626335144043,19432443
2015-04-07,19.740049362182617,19.756296157836914,19.593826293945312,19.593826293945312,15.82099437713623,22346466
2015-04-08,19.61007308959961,19.748172760009766,19.61007308959961,19.66693687438965,15.880023002624512,22778055
2015-04-09,19.634443283081055,19.71567726135254,19.56133270263672,19.699430465698242,15.90626335144043,25595691
2015-04-10,19.707555770874023,19.740049362182617,19.6588134765625,19.691307067871094,15.899704933166504,18165005
2015-04-13,19.6588134765625,19.82940673828125,19.642566680908203,19.764419555664062,15.958732604980469,38112499
2015-04-14,19.748172760009766,19.813159942626953,19.65069007873535,19.764419555664062,15.958732604980469,32499016
2015-04-15,19.805036544799805,19.918764114379883,19.756296157836914,19.8375301361084,16.01776695251465,45762179
2015-04-16,19.82940673828125,19.935012817382812,19.72380256652832,19.870023727416992,16.044008255004883,27839065
2015-04-17,19.77254295349121,19.77254295349121,19.528837203979492,19.60194969177246,15.827549934387207,49064829
2015-04-20,19.675060272216797,19.756296157836914,19.66693687438965,19.683183670043945,15.893145561218262,19100196
2015-04-21,19.756296157836914,19.78066635131836,19.569456100463867,19.585702896118164,15.81442928314209,26714793
2015-04-22,19.60194969177246,19.77254295349121,19.536962509155273,19.72380256652832,15.92593765258789,26511555
2015-04-23,19.691307067871094,19.805036544799805,19.6588134765625,19.756296157836914,15.952174186706543,26294652
2015-04-24,19.71567726135254,19.748172760009766,19.65069007873535,19.72380256652832,15.92593765258789,23031271
2015-04-27,19.748172760009766,19.82940673828125,19.618196487426758,19.65069007873535,15.866904258728027,29486759
2015-04-28,19.618196487426758,19.764419555664062,19.536962509155273,19.764419555664062,15.958732604980469,31748721
2015-04-29,19.65069007873535,19.845653533935547,19.569456100463867,19.756296157836914,15.952174186706543,49893538
2015-04-30,19.699430465698242,19.805036544799805,19.528837203979492,19.60194969177246,15.827549934387207,42838185
2015-05-01,19.707555770874023,19.796913146972656,19.683183670043945,19.77254295349121,15.96529483795166,22565584
2015-05-04,19.853776931762695,19.975629806518555,19.8212833404541,19.967506408691406,16.12271499633789,27367961
2015-05-05,19.910642623901367,20.024370193481445,19.77254295349121,19.788789749145508,15.978407859802246,37717594
2015-05-06,19.870023727416992,19.902517318725586,19.55320930480957,19.691307067871094,15.899704933166504,36626312
2015-05-07,19.61007308959961,19.87814712524414,19.61007308959961,19.82940673828125,16.011207580566406,39290812
2015-05-08,19.935012817382812,20.11372947692871,19.935012817382812,20.11372947692871,16.240785598754883,40714217
2015-05-11,20.11372947692871,20.154346466064453,20.00812339782715,20.040616989135742,16.181753158569336,38354636
2015-05-12,19.95125961303711,20.016246795654297,19.805036544799805,19.967506408691406,16.12271499633789,48760649
2015-05-13,19.967506408691406,20.04874038696289,19.935012817382812,19.975629806518555,16.129274368286133,29430379
2015-05-14,20.073110580444336,20.1624698638916,20.032493591308594,20.154346466064453,16.27358055114746,26445450
2015-05-15,20.1624698638916,20.17059326171875,20.0,20.064987182617188,16.201431274414062,28494942
2015-05-18,20.073110580444336,20.194963455200195,20.04874038696289,20.1787166595459,16.293258666992188,19841750
2015-05-19,20.21933364868164,20.357433319091797,20.203086853027344,20.292444229125977,16.385089874267578,32513049
2015-05-20,20.33306312561035,20.3411865234375,20.203086853027344,20.235580444335938,16.339170455932617,37350263
2015-05-21,20.194963455200195,20.235580444335938,20.17059326171875,20.186840057373047,16.299823760986328,23172098
2015-05-22,20.146223068237305,20.243703842163086,20.146223068237305,20.194963455200195,16.30637550354004,16231966
2015-05-26,20.1624698638916,20.1624698638916,19.95125961303711,19.967506408691406,16.12271499633789,54832187
2015-05-27,20.024370193481445,20.211210250854492,20.0,20.186840057373047,16.299823760986328,31773341
2015-05-28,20.138099670410156,20.1787166595459,20.040616989135742,20.1624698638916,16.280139923095703,21900598
2015-05-29,20.1624698638916,20.1624698638916,19.935012817382812,19.983753204345703,16.13583755493164,31521478
2015-06-01,20.089357376098633,20.11372947692871,19.94313621520996,20.0,16.148954391479492,23062170
2015-06-02,19.983753204345703,20.10560417175293,19.902517318725586,20.032493591308594,16.175189971923828,26426862
2015-06-03,20.10560417175293,20.259950637817383,20.064987182617188,20.203086853027344,16.312936782836914,40898498
2015-06-04,20.146223068237305,20.194963455200195,19.99187660217285,20.024370193481445,16.168630599975586,37471271
2015-06-05,20.17059326171875,20.268075942993164,20.081235885620117,20.138099670410156,16.260459899902344,52402931
2015-06-08,20.17059326171875,20.194963455200195,20.00812339782715,20.016246795654297,16.162071228027344,28272131
2015-06-09,20.032493591308594,20.154346466064453,19.95125961303711,20.064987182617188,16.201431274414062,31163011
2015-06-10,20.1787166595459,20.422420501708984,20.146223068237305,20.34930992126465,16.430999755859375,53968148
2015-06-11,20.43866729736328,20.471162796020508,20.357433319091797,20.430543899536133,16.496599197387695,60034147
2015-06-12,20.381803512573242,20.422420501708984,20.27619743347168,20.3411865234375,16.42444610595703,42206558
2015-06-15,20.211210250854492,20.324939727783203,20.12185287475586,20.251827239990234,16.352291107177734,40678641
2015-06-16,20.259950637817383,20.381803512573242,20.194963455200195,20.365556716918945,16.44412612915039,36228207
2015-06-17,20.430543899536133,20.454914093017578,20.292444229125977,20.3411865234375,16.42444610595703,55448179
2015-06-18,20.430543899536133,20.56052017211914,20.3411865234375,20.528026580810547,16.5753116607666,70136594
2015-06-19,20.381803512573242,20.406173706054688,20.097482681274414,20.097482681274414,16.298612594604492,47071470
2015-06-22,20.38992691040039,20.487409591674805,20.381803512573242,20.406173706054688,16.54895782470703,40678518
2015-06-23,20.463037490844727,20.51177978515625,20.414297103881836,20.44679069519043,16.581899642944336,33542288
2015-06-24,20.414297103881836,20.44679069519043,20.27619743347168,20.27619743347168,16.44354820251465,26541099
2015-06-25,20.33306312561035,20.3411865234375,20.138099670410156,20.154346466064453,16.344724655151367,43711579
2015-06-26,20.243703842163086,20.27619743347168,20.1624698638916,20.21933364868164,16.397432327270508,30737208
2015-06-29,20.0,20.089357376098633,19.72380256652832,19.731924057006836,16.002155303955078,52912442
2015-06-30,19.926889419555664,19.975629806518555,19.740049362182617,19.805036544799805,16.06144905090332,77383245
2015-07-01,20.11372947692871,20.154346466064453,19.983753204345703,20.10560417175293,16.30520248413086,52375111
2015-07-02,20.097482681274414,20.146223068237305,19.935012817382812,20.016246795654297,16.23274040222168,24081438
2015-07-06,19.788789749145508,19.983753204345703,19.764419555664062,19.935012817382812,16.166854858398438,33223951
2015-07-07,19.902517318725586,19.99187660217285,19.60194969177246,19.975629806518555,16.19979476928711,63077548
2015-07-08,19.707555770874023,19.8375301361084,19.593826293945312,19.626319885253906,15.91651439666748,56789354
2015-07-09,19.902517318725586,19.935012817382812,19.740049362182617,19.78066635131836,16.041685104370117,31236625
2015-07-10,20.05686378479004,20.064987182617188,19.926889419555664,20.016246795654297,16.23274040222168,36120618
2015-07-13,20.186840057373047,20.259950637817383,20.146223068237305,20.259950637817383,16.430376052856445,41191230
2015-07-14,20.194963455200195,20.34930992126465,20.154346466064453,20.308692932128906,16.46990203857422,27691961
2015-07-15,20.406173706054688,20.51177978515625,20.33306312561035,20.479284286499023,16.60824203491211,62160945
2015-07-16,20.633630752563477,20.682371139526367,20.60926055908203,20.682371139526367,16.772945404052734,39781365
2015-07-17,20.66612434387207,20.69049644470215,20.536148071289062,20.625507354736328,16.726835250854492,22286763
2015-07-20,20.682371139526367,20.714866638183594,20.593013763427734,20.649877548217773,16.746593475341797,25354045
2015-07-21,20.658002853393555,20.73923683166504,20.576766967773438,20.625507354736328,16.726835250854492,24390172
2015-07-22,20.633630752563477,20.804224014282227,20.60926055908203,20.77985382080078,16.852005004882812,36459143
2015-07-23,20.796100616455078,20.812347412109375,20.56052017211914,20.601137161254883,16.707067489624023,36561685
2015-07-24,20.576766967773438,20.593013763427734,20.373680114746094,20.406173706054688,16.54895782470703,32149658
2015-07-27,20.268075942993164,20.316816329956055,20.186840057373047,20.259950637817383,16.430376052856445,34805048
2015-07-28,20.422420501708984,20.422420501708984,20.211210250854492,20.3411865234375,16.496252059936523,29677194
2015-07-29,20.406173706054688,20.552396774291992,20.357433319091797,20.544273376464844,16.660951614379883,33091373
2015-07-30,20.51177978515625,20.56052017211914,20.430543899536133,20.544273376464844,16.660951614379883,20597954
2015-07-31,20.5199031829834,20.56864356994629,20.422420501708984,20.479284286499023,16.60824203491211,24137571
2015-08-03,20.479284286499023,20.5036563873291,20.316816329956055,20.454914093017578,16.588485717773438,42025601
2015-08-04,20.471162796020508,20.528026580810547,20.38992691040039,20.422420501708984,16.5621280670166,30678613
2015-08-05,20.56052017211914,20.625507354736328,20.44679069519043,20.5036563873291,16.628013610839844,24771536
2015-08-06,20.5199031829834,20.552396774291992,20.357433319091797,20.430543899536133,16.568723678588867,23921408
2015-08-07,20.414297103881836,20.49553108215332,20.300569534301758,20.471162796020508,16.601654052734375,30673812
2015-08-10,20.60926055908203,20.67424964904785,20.552396774291992,20.66612434387207,16.759765625,30165778
2015-08-11,20.471162796020508,20.544273376464844,20.39805030822754,20.479284286499023,16.60824203491211,65448208
2015-08-12,20.308692932128906,20.324939727783203,19.983753204345703,20.292444229125977,16.456724166870117,77509300
2015-08-13,20.3411865234375,20.43866729736328,20.211210250854492,20.365556716918945,16.51601219177246,27547564
2015-08-14,20.3411865234375,20.51177978515625,20.33306312561035,20.51177978515625,16.63459587097168,33603346
2015-08-17,20.422420501708984,20.56052017211914,20.34930992126465,20.552396774291992,16.667539596557617,28771055
2015-08-18,20.528026580810547,20.584890365600586,20.487409591674805,20.536148071289062,16.654361724853516,20245642
2015-08-19,20.479284286499023,20.528026580810547,20.27619743347168,20.34930992126465,16.502840042114258,57382080
2015-08-20,20.138099670410156,20.1624698638916,19.918764114379883,19.918764114379883,16.15367889404297,67731590
2015-08-21,19.66693687438965,19.813159942626953,19.203899383544922,19.203899383544922,15.57394027709961,127715881
2015-08-24,18.0259952545166,19.033306121826172,15.044678688049316,18.3834285736084,14.908551216125488,143651668
2015-08-25,19.057676315307617,19.073923110961914,18.074735641479492,18.139724731445312,14.710916519165039,84936661
2015-08-26,18.562145233154297,18.82209587097168,18.220958709716797,18.82209587097168,15.264307975769043,146056427
2015-08-27,19.065799713134766,19.32575035095215,18.911453247070312,19.285133361816406,15.639812469482422,96219884
2015-08-28,19.21202278137207,19.26076316833496,19.073923110961914,19.195775985717773,15.567350387573242,40348364
2015-08-31,19.073923110961914,19.1551570892334,19.017059326171875,19.033306121826172,15.435587882995605,58845124
2015-09-01,18.627132415771484,18.724613189697266,18.277822494506836,18.415922164916992,14.934905052185059,86294454
2015-09-02,18.659626007080078,18.71649169921875,18.42404556274414,18.667749404907227,15.13913345336914,52533664
2015-09-03,18.724613189697266,18.968318939208984,18.692119598388672,18.77335548400879,15.224776268005371,60273576
2015-09-04,18.505279541015625,18.562145233154297,18.277822494506836,18.399675369262695,14.92172908782959,54210039
2015-09-08,18.757108688354492,18.887083053588867,18.627132415771484,18.87083625793457,15.303832054138184,49726245
2015-09-09,19.04142951965332,19.122665405273438,18.570268630981445,18.610885620117188,15.093015670776367,43741739
2015-09-10,18.59463882446289,18.838342666625977,18.53777313232422,18.700244903564453,15.165485382080078,43653476
2015-09-11,18.610885620117188,18.781478881835938,18.570268630981445,18.781478881835938,15.231361389160156,26809949
2015-09-14,18.740861892700195,18.797725677490234,18.667749404907227,18.740861892700195,15.198426246643066,31837353
2015-09-15,18.81397247314453,19.065799713134766,18.740861892700195,19.008935928344727,15.4158296585083,41048311
2015-09-16,19.025182723999023,19.16328239440918,18.927701950073242,19.130788803100586,15.514647483825684,28008328
2015-09-17,19.114540100097656,19.244516372680664,18.82209587097168,18.862712860107422,15.2972412109375,75221486
2015-09-18,18.513404846191406,18.60276222229004,18.37530517578125,18.407798767089844,15.001322746276855,85290820
2015-09-21,18.529651641845703,18.692119598388672,18.497156143188477,18.619009017944336,15.173449516296387,47097445
2015-09-22,18.342811584472656,18.448415756225586,18.245328903198242,18.3834285736084,14.981457710266113,65335941
2015-09-23,18.391551971435547,18.456539154052734,18.285945892333984,18.391551971435547,14.988080978393555,34891095
2015-09-24,18.180341720581055,18.294069290161133,18.099105834960938,18.26157569885254,14.882156372070312,51271027
2015-09-25,18.521526336669922,18.65150260925293,18.440292358398438,18.529651641845703,15.100621223449707,55416173
2015-09-28,18.399675369262695,18.43216896057129,18.0422420501709,18.099105834960938,14.74975299835205,58422891
2015-09-29,18.115352630615234,18.188465118408203,17.969131469726562,18.13159942626953,14.776238441467285,48264309
2015-09-30,18.37530517578125,18.407798767089844,18.188465118408203,18.407798767089844,15.001322746276855,49086741
2015-10-01,18.399675369262695,18.489032745361328,18.220958709716797,18.415922164916992,15.007940292358398,48512971
2015-10-02,18.017871856689453,18.440292358398438,17.85540199279785,18.440292358398438,15.027796745300293,75346063
2015-10-05,18.570268630981445,18.854589462280273,18.562145233154297,18.830219268798828,15.345569610595703,47975517
2015-10-06,18.789602279663086,18.854589462280273,18.70836639404297,18.740861892700195,15.272749900817871,36684908
2015-10-07,18.862712860107422,18.99268913269043,18.748985290527344,18.887083053588867,15.391911506652832,38597020
2015-10-08,18.81397247314453,19.017059326171875,18.77335548400879,19.000812530517578,15.484594345092773,37237011
2015-10-09,19.04142951965332,19.057676315307617,18.797725677490234,18.87895965576172,15.385286331176758,58339183
2015-10-12,18.87083625793457,18.927701950073242,18.82209587097168,18.895206451416016,15.398530006408691,25312191
2015-10-13,18.830219268798828,18.952070236206055,18.748985290527344,18.748985290527344,15.279366493225098,42452020
2015-10-14,18.757108688354492,18.789602279663086,18.570268630981445,18.59463882446289,15.153587341308594,44763838
2015-10-15,18.700244903564453,19.04142951965332,18.683996200561523,19.017059326171875,15.497833251953125,55652525
2015-10-16,19.073923110961914,19.16328239440918,19.033306121826172,19.130788803100586,15.5905179977417,36542235
2015-10-19,19.008935928344727,19.1551570892334,19.000812530517578,19.114540100097656,15.577268600463867,32690313
2015-10-20,19.114540100097656,19.252639770507812,19.09829330444336,19.228269577026367,15.669957160949707,23941473
2015-10-21,19.252639770507812,19.317628860473633,19.057676315307617,19.090171813964844,15.557412147521973,29215200
2015-10-22,19.130788803100586,19.471973419189453,19.122665405273438,19.398862838745117,15.808982849121094,61204335
2015-10-23,19.55320930480957,19.618196487426758,19.463851928710938,19.61007308959961,15.98110580444336,45903498
2015-10-26,19.61007308959961,19.61007308959961,19.455726623535156,19.528837203979492,15.914905548095703,24485698
2015-10-27,19.43135643005371,19.455726623535156,19.350122451782227,19.415109634399414,15.822225570678711,28664204
2015-10-28,19.455726623535156,19.902517318725586,19.455726623535156,19.870023727416992,16.192955017089844,112058299
2015-10-29,19.861900329589844,19.94313621520996,19.748172760009766,19.845653533935547,16.173086166381836,48479611
2015-10-30,19.796913146972656,19.813159942626953,19.536962509155273,19.56133270263672,15.941387176513672,62867662
2015-11-02,19.61007308959961,19.910642623901367,19.60194969177246,19.82940673828125,16.159847259521484,73531446
2015-11-03,19.8212833404541,19.926889419555664,19.731924057006836,19.861900329589844,16.18633460998535,42479225
2015-11-04,19.861900329589844,19.910642623901367,19.748172760009766,19.805036544799805,16.13999366760254,40100564
2015-11-05,19.805036544799805,19.918764114379883,19.77254295349121,19.88627052307129,16.206193923950195,45236788
2015-11-06,20.259950637817383,20.28432273864746,20.016246795654297,20.089357376098633,16.371700286865234,85556100
2015-11-09,20.11372947692871,20.1624698638916,19.756296157836914,19.870023727416992,16.192955017089844,59169369
2015-11-10,19.8212833404541,19.967506408691406,19.788789749145508,19.959383010864258,16.265771865844727,41119339
2015-11-11,20.04874038696289,20.04874038696289,19.87814712524414,19.89439582824707,16.212812423706055,27576370
2015-11-12,19.845653533935547,19.853776931762695,19.585702896118164,19.593826293945312,15.967873573303223,66597469
2015-11-13,19.4963436126709,19.634443283081055,19.374492645263672,19.43135643005371,15.835469245910645,53877793
2015-11-16,19.374492645263672,19.66693687438965,19.33387565612793,19.66693687438965,16.027450561523438,53560564
2015-11-17,19.748172760009766,19.805036544799805,19.585702896118164,19.626319885253906,15.994352340698242,46013180
2015-11-18,19.740049362182617,20.0,19.675060272216797,19.975629806518555,16.279014587402344,83572836
2015-11-19,19.983753204345703,20.04874038696289,19.910642623901367,20.00812339782715,16.305492401123047,35613076
2015-11-20,20.064987182617188,20.12185287475586,19.983753204345703,20.040616989135742,16.331974029541016,44189330
2015-11-23,20.032493591308594,20.097482681274414,19.935012817382812,19.959383010864258,16.265771865844727,31828859
2015-11-24,19.8375301361084,19.967506408691406,19.731924057006836,19.902517318725586,16.21943473815918,35916887
2015-11-25,19.910642623901367,19.959383010864258,19.861900329589844,19.918764114379883,16.23267364501953,24226080
2015-11-27,19.95125961303711,19.99187660217285,19.853776931762695,19.967506408691406,16.272401809692383,23191055
2015-11-30,20.032493591308594,20.032493591308594,19.918764114379883,19.95125961303711,16.2591552734375,30361138
2015-12-01,20.024370193481445,20.1787166595459,19.983753204345703,20.17059326171875,16.437902450561523,38268343
2015-12-02,20.21933364868164,20.21933364868164,19.89439582824707,19.935012817382812,16.245914459228516,43846620
2015-12-03,20.04874038696289,20.04874038696289,19.545085906982422,19.61007308959961,15.98110580444336,59308595
2015-12-04,19.731924057006836,20.1624698638916,19.683183670043945,20.129976272583008,16.404796600341797,52547451
2015-12-07,20.10560417175293,20.12185287475586,19.845653533935547,19.94313621520996,16.252534866333008,31381144
2015-12-08,19.72380256652832,19.870023727416992,19.642566680908203,19.691307067871094,16.04730987548828,35697769
2015-12-09,19.60194969177246,19.8212833404541,19.350122451782227,19.463851928710938,15.861945152282715,66624798
2015-12-10,19.455726623535156,19.66693687438965,19.39073944091797,19.4800968170166,15.875187873840332,58161303
2015-12-11,19.187652587890625,19.30950355529785,18.94394874572754,19.04955291748047,15.524312019348145,89542078
2015-12-14,19.065799713134766,19.22014617919922,18.87895965576172,19.090171813964844,15.557412147521973,71948873
2015-12-15,19.285133361816406,19.642566680908203,19.26888656616211,19.536962509155273,15.921528816223145,93332943
2015-12-16,19.71567726135254,19.918764114379883,19.528837203979492,19.853776931762695,16.179712295532227,102205375
2015-12-17,19.926889419555664,19.926889419555664,19.545085906982422,19.569456100463867,15.948005676269531,70913355
2015-12-18,19.30950355529785,19.33387565612793,18.927701950073242,18.927701950073242,15.521661758422852,113598773
2015-12-21,19.082046508789062,19.179529190063477,18.94394874572754,19.114540100097656,15.674871444702148,50728156
2015-12-22,19.228269577026367,19.33387565612793,19.057676315307617,19.293258666992188,15.821439743041992,57087748
2015-12-23,19.415109634399414,19.55320930480957,19.358245849609375,19.520715713500977,16.007963180541992,40627924
2015-12-24,19.545085906982422,19.61007308959961,19.455726623535156,19.50446891784668,15.994636535644531,13844688
2015-12-28,19.423233032226562,19.4963436126709,19.32575035095215,19.48822021484375,15.981322288513184,16747016
2015-12-29,19.65069007873535,19.71567726135254,19.585702896118164,19.691307067871094,16.14785385131836,38040239
2015-12-30,19.65069007873535,19.683183670043945,19.520715713500977,19.55320930480957,16.034608840942383,19339133
2015-12-31,19.358245849609375,19.585702896118164,19.317628860473633,19.358245849609375,15.874730110168457,59154720
2016-01-04,18.960195541381836,19.000812530517578,18.76523208618164,18.98456573486328,15.5682954788208,93387476
2016-01-05,19.017059326171875,19.114540100097656,18.887083053588867,19.057676315307617,15.628246307373047,52096536
2016-01-06,18.781478881835938,18.87895965576172,18.667749404907227,18.76523208618164,15.388434410095215,77248574
2016-01-07,18.37530517578125,18.5458984375,18.164094924926758,18.237205505371094,14.955419540405273,92006910
2016-01-08,18.399675369262695,18.415922164916992,17.91226577758789,17.952884674072266,14.722264289855957,83028242
2016-01-11,18.050365447998047,18.08285903930664,17.798538208007812,17.97725486755371,14.7422456741333,70986600
2016-01-12,18.164094924926758,18.19658851623535,17.879772186279297,18.115352630615234,14.85549545288086,80633578
2016-01-13,18.188465118408203,18.269699096679688,17.562957763671875,17.64419174194336,14.469121932983398,125524947
2016-01-14,17.6848087310791,17.944759368896484,17.51421546936035,17.798538208007812,14.595683097839355,95264013
2016-01-15,17.197399139404297,17.481721878051758,17.164907455444336,17.400487899780273,14.269268035888672,94362797
2016-01-19,17.587326049804688,17.652315139770508,17.270511627197266,17.392364501953125,14.262606620788574,83779398
2016-01-20,17.034931182861328,17.213647842407227,16.67749786376953,17.051177978515625,13.982821464538574,107682217
2016-01-21,17.067424774169922,17.286758422851562,16.921201705932617,16.97806739807129,13.922863006591797,91494814
2016-01-22,17.197399139404297,17.35987091064453,17.164907455444336,17.286758422851562,14.176007270812988,59334200
2016-01-25,17.213647842407227,17.278635025024414,16.896831512451172,16.937448501586914,13.889555931091309,78982191
2016-01-26,17.002437591552734,17.270511627197266,16.97806739807129,17.221771240234375,14.122714042663574,63973716
2016-01-27,17.164907455444336,17.457351684570312,17.034931182861328,17.156782150268555,14.069419860839844,77206350
2016-01-28,17.262388229370117,17.3436222076416,17.051177978515625,17.164907455444336,14.076080322265625,79906672
2016-01-29,17.286758422851562,17.652315139770508,17.229894638061523,17.64419174194336,14.469121932983398,100518905
2016-02-01,17.562957763671875,17.660438537597656,17.441104888916016,17.57107925415039,14.409165382385254,84561575
2016-02-02,17.31925392150879,17.3436222076416,17.043054580688477,17.08367156982422,14.009465217590332,86157444
2016-02-03,17.181154251098633,17.181154251098633,16.612510681152344,17.099918365478516,14.022786140441895,151930266
2016-02-04,16.994314193725586,17.36799430847168,16.994314193725586,17.24614143371582,14.142698287963867,97011048
2016-02-05,17.262388229370117,17.351747512817383,16.969942092895508,17.01868438720703,13.956172943115234,81506726
2016-02-08,16.774980545043945,16.831844329833984,16.360681533813477,16.5881404876709,13.60310173034668,132312804
2016-02-09,16.263200759887695,16.67749786376953,16.263200759887695,16.56376838684082,13.583114624023438,168924221
2016-02-10,16.693744659423828,16.880584716796875,16.46628761291504,16.474411010742188,13.50983715057373,80836939
2016-02-11,16.035743713378906,16.149471282958984,15.865150451660156,15.970754623413086,13.096816062927246,155436893
2016-02-12,16.352558135986328,16.645004272460938,16.279447555541992,16.645004272460938,13.649733543395996,119640644
2016-02-16,16.929325103759766,16.986190795898438,16.75873374938965,16.91307830810547,13.869568824768066,97496185
2016-02-17,17.07554817199707,17.221771240234375,17.07554817199707,17.140535354614258,14.056095123291016,79846353
2016-02-18,17.205524444580078,17.205524444580078,16.961820602416992,17.043054580688477,13.976156234741211,79491948
2016-02-19,16.90495491027832,17.116165161132812,16.880584716796875,17.043054580688477,13.976156234741211,91481888
2016-02-22,17.24614143371582,17.384239196777344,17.24614143371582,17.311128616333008,14.195990562438965,52408225
2016-02-23,17.221771240234375,17.24614143371582,16.969942092895508,17.002437591552734,13.942850112915039,71553352
2016-02-24,16.75873374938965,17.010560989379883,16.612510681152344,16.961820602416992,13.909539222717285,89023089
2016-02-25,16.961820602416992,17.213647842407227,16.961820602416992,17.197399139404297,14.1027250289917,87713797
2016-02-26,17.311128616333008,17.47359848022461,17.221771240234375,17.31925392150879,14.202651023864746,100096303
2016-02-29,17.30300521850586,17.392364501953125,17.12428855895996,17.132413864135742,14.049434661865234,70846020
2016-03-01,17.25426483154297,17.74167251586914,17.25426483154297,17.70918083190918,14.522409439086914,100224943
2016-03-02,17.725425720214844,17.91226577758789,17.7010555267334,17.904142379760742,14.68228530883789,89863616
2016-03-03,17.887895584106445,18.03411865234375,17.81478500366211,18.0259952545166,14.782217025756836,76643660
2016-03-04,18.115352630615234,18.188465118408203,17.96100616455078,18.099105834960938,14.842169761657715,70707286
2016-03-07,17.97725486755371,18.115352630615234,17.92038917541504,18.09098243713379,14.835512161254883,48251261
2016-03-08,17.928512573242188,18.001625061035156,17.774166107177734,17.798538208007812,14.595683097839355,94684581
2016-03-09,17.863525390625,17.91226577758789,17.757919311523438,17.822908401489258,14.615675926208496,59913509
2016-03-10,17.93663787841797,18.017871856689453,17.59545135498047,17.80666160583496,14.602351188659668,94740222
2016-03-11,17.98537826538086,18.294069290161133,17.98537826538086,18.269699096679688,14.982068061828613,79284278
2016-03-14,18.21283531188965,18.26157569885254,18.099105834960938,18.21283531188965,14.935432434082031,55347853
2016-03-15,18.09098243713379,18.2047119140625,18.0259952545166,18.2047119140625,14.92877197265625,75699114
2016-03-16,18.107229232788086,18.277822494506836,18.0259952545166,18.164094924926758,14.895462036132812,72379969
2016-03-17,18.164094924926758,18.440292358398438,18.03411865234375,18.3834285736084,15.075331687927246,65859485
2016-03-18,18.415922164916992,18.53777313232422,18.3671817779541,18.464662551879883,15.209157943725586,65031268
2016-03-21,18.407798767089844,18.55402183532715,18.359058380126953,18.43216896057129,15.182388305664062,47484348
2016-03-22,18.30219268798828,18.448415756225586,18.26157569885254,18.37530517578125,15.13554859161377,43482367
2016-03-23,18.342811584472656,18.37530517578125,18.229082107543945,18.237205505371094,15.021800994873047,55912266
2016-03-24,18.074735641479492,18.123477935791016,17.952884674072266,18.123477935791016,14.928119659423828,48500785
2016-03-28,18.147846221923828,18.237205505371094,18.09098243713379,18.180341720581055,14.974961280822754,36121356
2016-03-29,18.107229232788086,18.220958709716797,18.001625061035156,18.21283531188965,15.001725196838379,44438115
2016-03-30,18.31031608581543,18.456539154052734,18.294069290161133,18.318439483642578,15.088711738586426,37636102
2016-03-31,18.269699096679688,18.391551971435547,18.237205505371094,18.277822494506836,15.055254936218262,39946073
2016-04-01,18.188465118408203,18.464662551879883,18.115352630615234,18.440292358398438,15.189078330993652,45753316
2016-04-04,18.42404556274414,18.464662551879883,18.31031608581543,18.350933074951172,15.115472793579102,38544826
2016-04-05,18.180341720581055,18.21283531188965,18.058488845825195,18.09098243713379,14.901357650756836,61644172
2016-04-06,18.058488845825195,18.2047119140625,18.001625061035156,18.188465118408203,14.981647491455078,38129610
2016-04-07,18.058488845825195,18.074735641479492,17.749797821044922,17.847278594970703,14.700618743896484,51315220
2016-04-08,17.969131469726562,18.09098243713379,17.879772186279297,17.91226577758789,14.754146575927734,55956828
2016-04-11,17.993501663208008,18.139724731445312,17.969131469726562,17.98537826538086,14.814371109008789,45423161
2016-04-12,18.009748458862305,18.245328903198242,17.969131469726562,18.21283531188965,15.001725196838379,48225902
2016-04-13,18.399675369262695,18.64337921142578,18.3834285736084,18.627132415771484,15.342977523803711,69649488
2016-04-14,18.53777313232422,18.76523208618164,18.53777313232422,18.667749404907227,15.376436233520508,52055051
2016-04-15,18.71649169921875,18.740861892700195,18.570268630981445,18.60276222229004,15.322905540466309,53901797
2016-04-18,18.513404846191406,18.757108688354492,18.497156143188477,18.740861892700195,15.43665599822998,52434076
2016-04-19,18.797725677490234,18.976442337036133,18.797725677490234,18.976442337036133,15.630698204040527,57169363
2016-04-20,18.968318939208984,19.1551570892334,18.960195541381836,19.122665405273438,15.751147270202637,74743119
2016-04-21,19.114540100097656,19.195775985717773,18.903331756591797,18.952070236206055,15.610631942749023,63436754
2016-04-22,18.968318939208984,19.171405792236328,18.968318939208984,19.130788803100586,15.757834434509277,46728145
2016-04-25,19.04955291748047,19.10641860961914,18.952070236206055,19.090171813964844,15.72437858581543,38189682
2016-04-26,19.10641860961914,19.236392974853516,19.082046508789062,19.21202278137207,15.824745178222656,41664795
2016-04-27,19.195775985717773,19.30950355529785,19.130788803100586,19.244516372680664,15.85151195526123,56916147
2016-04-28,19.082046508789062,19.236392974853516,18.976442337036133,19.04142951965332,15.684231758117676,74850832
2016-04-29,18.93582534790039,19.008935928344727,18.76523208618164,18.93582534790039,15.597247123718262,60318138
2016-05-02,18.952070236206055,19.130788803100586,18.911453247070312,19.10641860961914,15.73776626586914,43564598
2016-05-03,18.887083053588867,18.903331756591797,18.700244903564453,18.862712860107422,15.537018775939941,44142060
2016-05-04,18.64337921142578,18.81397247314453,18.627132415771484,18.71649169921875,15.416581153869629,46466680
2016-05-05,18.757108688354492,18.830219268798828,18.659626007080078,18.70836639404297,15.409890174865723,47043157
2016-05-06,18.570268630981445,18.797725677490234,18.570268630981445,18.789602279663086,15.47680377960205,38964104
2016-05-09,18.757108688354492,18.846466064453125,18.667749404907227,18.740861892700195,15.43665599822998,31989258
2016-05-10,18.830219268798828,19.017059326171875,18.82209587097168,19.008935928344727,15.657470703125,37549070
2016-05-11,18.952070236206055,19.000812530517578,18.789602279663086,18.805849075317383,15.490180015563965,31961192
2016-05-12,18.87083625793457,18.952070236206055,18.700244903564453,18.81397247314453,15.496872901916504,35254978
2016-05-13,18.77335548400879,18.903331756591797,18.55402183532715,18.586515426635742,15.30952262878418,45538875
2016-05-16,18.586515426635742,18.76523208618164,18.570268630981445,18.683996200561523,15.389815330505371,33796243
2016-05-17,18.635255813598633,18.71649169921875,18.497156143188477,18.578392028808594,15.302830696105957,45457629
2016-05-18,18.521526336669922,18.919578552246094,18.521526336669922,18.903331756591797,15.570484161376953,96899150
2016-05-19,18.81397247314453,18.903331756591797,18.610885620117188,18.724613189697266,15.423271179199219,66203303
2016-05-20,18.82209587097168,18.960195541381836,18.789602279663086,18.854589462280273,15.530336380004883,35765351
2016-05-23,18.81397247314453,18.903331756591797,18.757108688354492,18.838342666625977,15.516948699951172,38575724
2016-05-24,18.968318939208984,19.16328239440918,18.94394874572754,19.122665405273438,15.751147270202637,47386483
2016-05-25,19.203899383544922,19.423233032226562,19.195775985717773,19.32575035095215,15.918421745300293,51504178
2016-05-26,19.33387565612793,19.358245849609375,19.187652587890625,19.21202278137207,15.824745178222656,36198417
2016-05-27,19.244516372680664,19.350122451782227,19.22014617919922,19.341997146606445,15.931801795959473,37026264
2016-05-31,19.43947982788086,19.43947982788086,19.228269577026367,19.293258666992188,15.891657829284668,40884834
2016-06-01,19.1551570892334,19.358245849609375,19.073923110961914,19.33387565612793,15.9251127243042,38452378
2016-06-02,19.285133361816406,19.374492645263672,19.22014617919922,19.374492645263672,15.958571434020996,28227076
2016-06-03,19.1389102935791,19.1551570892334,18.895206451416016,19.09829330444336,15.731066703796387,86083215
2016-06-06,19.10641860961914,19.301380157470703,19.090171813964844,19.21202278137207,15.824745178222656,46925474
2016-06-07,19.228269577026367,19.285133361816406,19.1551570892334,19.171405792236328,15.791293144226074,26503799
2016-06-08,19.1389102935791,19.236392974853516,19.1389102935791,19.187652587890625,15.804671287536621,30469958
2016-06-09,19.073923110961914,19.10641860961914,18.952070236206055,19.04955291748047,15.69092082977295,39571234
2016-06-10,18.830219268798828,18.903331756591797,18.757108688354492,18.81397247314453,15.496872901916504,47349676
2016-06-13,18.70836639404297,18.927701950073242,18.675872802734375,18.683996200561523,15.389815330505371,56062079
2016-06-14,18.610885620117188,18.70836639404297,18.31031608581543,18.407798767089844,15.162320137023926,66888232
2016-06-15,18.456539154052734,18.64337921142578,18.415922164916992,18.43216896057129,15.182388305664062,58034633
2016-06-16,18.285945892333984,18.497156143188477,18.180341720581055,18.48090934753418,15.222539901733398,71488109
2016-06-17,18.407798767089844,18.456539154052734,18.285945892333984,18.3671817779541,15.209752082824707,46524537
2016-06-20,18.659626007080078,18.757108688354492,18.464662551879883,18.47278594970703,15.29720687866211,70566829
2016-06-21,18.5458984375,18.619009017944336,18.464662551879883,18.578392028808594,15.384658813476562,40308110
2016-06-22,18.578392028808594,18.71649169921875,18.521526336669922,18.562145233154297,15.371204376220703,54005201
2016-06-23,18.781478881835938,18.952070236206055,18.77335548400879,18.952070236206055,15.694099426269531,73745517
2016-06-24,17.96100616455078,18.350933074951172,17.87164878845215,17.93663787841797,14.853222846984863,165914672
2016-06-27,17.668561935424805,17.69293212890625,17.31925392150879,17.42485809326172,14.429422378540039,140642119
2016-06-28,17.74167251586914,17.87164878845215,17.587326049804688,17.87164878845215,14.799408912658691,109722231
2016-06-29,18.0259952545166,18.277822494506836,17.98537826538086,18.277822494506836,15.135760307312012,100009025
2016-06-30,18.334686279296875,18.570268630981445,18.245328903198242,18.570268630981445,15.377927780151367,72707045
2016-07-01,18.497156143188477,18.60276222229004,18.440292358398438,18.47278594970703,15.29720687866211,45095346
2016-07-05,18.294069290161133,18.342811584472656,18.107229232788086,18.19658851623535,15.068490982055664,59557011
2016-07-06,18.0422420501709,18.269699096679688,18.001625061035156,18.245328903198242,15.108853340148926,58561132
2016-07-07,18.30219268798828,18.42404556274414,18.180341720581055,18.269699096679688,15.129032135009766,65731461
2016-07-08,18.521526336669922,18.64337921142578,18.497156143188477,18.619009017944336,15.418292999267578,55327418
2016-07-11,18.71649169921875,18.781478881835938,18.659626007080078,18.724613189697266,15.50574779510498,42557517
2016-07-12,18.862712860107422,18.98456573486328,18.838342666625977,18.960195541381836,15.700830459594727,55059306
2016-07-13,18.94394874572754,19.000812530517578,18.854589462280273,18.960195541381836,15.700830459594727,57377156
2016-07-14,19.33387565612793,19.33387565612793,19.090171813964844,19.1389102935791,15.8488187789917,67039521
2016-07-15,19.21202278137207,19.228269577026367,18.98456573486328,19.10641860961914,15.82191276550293,62710956
2016-07-18,19.114540100097656,19.195775985717773,19.09829330444336,19.171405792236328,15.875734329223633,38953149
2016-07-19,19.082046508789062,19.187652587890625,19.057676315307617,19.179529190063477,15.882455825805664,30777585
2016-07-20,19.252639770507812,19.252639770507812,19.130788803100586,19.21202278137207,15.909366607666016,31817657
2016-07-21,19.187652587890625,19.22014617919922,19.090171813964844,19.114540100097656,15.828635215759277,36524509
2016-07-22,19.1389102935791,19.244516372680664,19.10641860961914,19.236392974853516,15.929544448852539,23484772
2016-07-25,19.203899383544922,19.244516372680664,19.1389102935791,19.195775985717773,15.895907402038574,37096308
2016-07-26,19.147035598754883,19.236392974853516,19.130788803100586,19.21202278137207,15.909366607666016,34484126
2016-07-27,19.179529190063477,19.26076316833496,19.1389102935791,19.203899383544922,15.902640342712402,50709937
2016-07-28,19.1551570892334,19.285133361816406,19.090171813964844,19.244516372680664,15.936269760131836,33001387
2016-07-29,19.171405792236328,19.301380157470703,19.171405792236328,19.21202278137207,15.909366607666016,54440606
2016-08-01,19.228269577026367,19.30950355529785,19.122665405273438,19.16328239440918,15.869003295898438,39409726
2016-08-02,19.10641860961914,19.179529190063477,18.952070236206055,19.000812530517578,15.73446273803711,39709475
2016-08-03,19.000812530517578,19.203899383544922,19.000812530517578,19.195775985717773,15.895907402038574,33511513
2016-08-04,19.179529190063477,19.21202278137207,19.10641860961914,19.147035598754883,15.855549812316895,31363295
2016-08-05,19.350122451782227,19.512590408325195,19.293258666992188,19.512590408325195,16.15825843811035,51542339
2016-08-08,19.569456100463867,19.593826293945312,19.4800968170166,19.536962509155273,16.17844581604004,45019886
2016-08-09,19.528837203979492,19.585702896118164,19.50446891784668,19.55320930480957,16.1919002532959,32239890
2016-08-10,19.536962509155273,19.569456100463867,19.366369247436523,19.398862838745117,16.064085006713867,33545242
2016-08-11,19.43947982788086,19.48822021484375,19.366369247436523,19.43947982788086,16.097713470458984,25139605
2016-08-12,19.30950355529785,19.415109634399414,19.301380157470703,19.38261604309082,16.050628662109375,28861534
2016-08-15,19.455726623535156,19.528837203979492,19.43947982788086,19.512590408325195,16.15825843811035,26275941
2016-08-16,19.4800968170166,19.512590408325195,19.415109634399414,19.463851928710938,16.117900848388672,27637427
2016-08-17,19.463851928710938,19.536962509155273,19.415109634399414,19.528837203979492,16.17171287536621,25676567
2016-08-18,19.4963436126709,19.55320930480957,19.455726623535156,19.512590408325195,16.15825843811035,26595016
2016-08-19,19.455726623535156,19.520715713500977,19.38261604309082,19.50446891784668,16.151533126831055,31510153
2016-08-22,19.471973419189453,19.520715713500977,19.423233032226562,19.50446891784668,16.151533126831055,32517481
2016-08-23,19.577579498291016,19.626319885253906,19.528837203979492,19.528837203979492,16.17171287536621,29855443
2016-08-24,19.536962509155273,19.585702896118164,19.471973419189453,19.520715713500977,16.164989471435547,24299201
2016-08-25,19.4963436126709,19.593826293945312,19.471973419189453,19.56133270263672,16.19862937927246,27249662
2016-08-26,19.618196487426758,19.731924057006836,19.463851928710938,19.585702896118164,16.218807220458984,64953346
2016-08-29,19.634443283081055,19.82940673828125,19.61007308959961,19.756296157836914,16.36007308959961,40451522
2016-08-30,19.788789749145508,19.935012817382812,19.764419555664062,19.935012817382812,16.508068084716797,39359132
2016-08-31,19.94313621520996,19.967506408691406,19.788789749145508,19.95125961303711,16.521522521972656,56386078
2016-09-01,20.0,20.016246795654297,19.71567726135254,19.870023727416992,16.454252243041992,62960480
2016-09-02,19.89439582824707,20.016246795654297,19.870023727416992,19.959383010864258,16.52824592590332,66918391
2016-09-06,19.95125961303711,19.983753204345703,19.77254295349121,19.926889419555664,16.501340866088867,60299920
2016-09-07,19.853776931762695,19.94313621520996,19.813159942626953,19.918764114379883,16.494611740112305,38671003
2016-09-08,19.918764114379883,19.975629806518555,19.861900329589844,19.902517318725586,16.48116111755371,72066064
2016-09-09,19.788789749145508,19.861900329589844,19.528837203979492,19.528837203979492,16.17171287536621,66476831
2016-09-12,19.43947982788086,19.8212833404541,19.350122451782227,19.748172760009766,16.353342056274414,87153077
2016-09-13,19.520715713500977,19.569456100463867,19.32575035095215,19.398862838745117,16.064085006713867,83230864
2016-09-14,19.398862838745117,19.528837203979492,19.293258666992188,19.350122451782227,16.02372169494629,82876829
2016-09-15,19.30950355529785,19.520715713500977,19.26888656616211,19.463851928710938,16.117900848388672,68626527
2016-09-16,19.293258666992188,19.301380157470703,19.130788803100586,19.187652587890625,15.965139389038086,75235766
2016-09-19,19.18000030517578,19.450000762939453,19.18000030517578,19.309999465942383,16.06694221496582,50396100
2016-09-20,19.450000762939453,19.479999542236328,19.290000915527344,19.31999969482422,16.07525634765625,39903200
2016-09-21,19.40999984741211,19.459999084472656,19.25,19.440000534057617,16.17510986328125,64029700
2016-09-22,19.540000915527344,19.559999465942383,19.440000534057617,19.479999542236328,16.20839500427246,38355700
2016-09-23,19.40999984741211,19.510000228881836,19.350000381469727,19.3799991607666,16.12519073486328,59009500
2016-09-26,19.260000228881836,19.270000457763672,19.020000457763672,19.06999969482422,15.867253303527832,54189000
2016-09-27,19.0,19.239999771118164,18.940000534057617,19.219999313354492,15.992058753967285,47620000
2016-09-28,19.299999237060547,19.34000015258789,19.1200008392334,19.309999465942383,16.06694221496582,42936400
2016-09-29,19.299999237060547,19.399999618530273,18.940000534057617,19.040000915527344,15.84228801727295,62580800
2016-09-30,19.139999389648438,19.399999618530273,19.110000610351562,19.299999237060547,16.058626174926758,47336900
2016-10-03,19.239999771118164,19.309999465942383,19.15999984741211,19.209999084472656,15.983733177185059,33170500
2016-10-04,19.260000228881836,19.43000030517578,19.190000534057617,19.290000915527344,16.0502986907959,68471600
2016-10-05,19.3700008392334,19.639999389648438,19.34000015258789,19.600000381469727,16.308238983154297,58651900
2016-10-06,19.649999618530273,19.65999984741211,19.459999084472656,19.6299991607666,16.33319664001465,53337300
2016-10-07,19.549999237060547,19.65999984741211,19.489999771118164,19.6200008392334,16.324878692626953,55532800
2016-10-10,19.719999313354492,19.809999465942383,19.700000762939453,19.719999313354492,16.4080810546875,37997400
2016-10-11,19.65999984741211,19.719999313354492,19.40999984741211,19.540000915527344,16.258316040039062,78581200
2016-10-12,19.520000457763672,19.649999618530273,19.489999771118164,19.520000457763672,16.241670608520508,51378700
2016-10-13,19.360000610351562,19.3700008392334,19.110000610351562,19.329999923706055,16.083581924438477,73171100
2016-10-14,19.559999465942383,19.6200008392334,19.360000610351562,19.420000076293945,16.158477783203125,76176500
2016-10-17,19.43000030517578,19.469999313354492,19.280000686645508,19.329999923706055,16.083581924438477,41236100
2016-10-18,19.530000686645508,19.549999237060547,19.40999984741211,19.489999771118164,16.216712951660156,45958700
2016-10-19,19.549999237060547,19.709999084472656,19.530000686645508,19.65999984741211,16.358154296875,49835900
2016-10-20,19.639999389648438,19.780000686645508,19.579999923706055,19.65999984741211,16.358154296875,56238200
2016-10-21,19.5,19.670000076293945,19.469999313354492,19.649999618530273,16.349843978881836,39543100
2016-10-24,19.739999771118164,19.809999465942383,19.700000762939453,19.709999084472656,16.399765014648438,33808700
2016-10-25,19.75,19.760000228881836,19.639999389648438,19.690000534057617,16.383119583129883,36177800
2016-10-26,19.600000381469727,19.84000015258789,19.579999923706055,19.809999465942383,16.482973098754883,40419200
2016-10-27,19.920000076293945,19.950000762939453,19.770000457763672,19.860000610351562,16.52457618713379,45545800
2016-10-28,19.899999618530273,19.920000076293945,19.6200008392334,19.770000457763672,16.44969367980957,55749900
2016-10-31,19.8700008392334,19.8700008392334,19.739999771118164,19.739999771118164,16.42473030090332,38579100
2016-11-01,19.809999465942383,19.860000610351562,19.5,19.65999984741211,16.358154296875,62758900
2016-11-02,19.6200008392334,19.6299991607666,19.440000534057617,19.530000686645508,16.25,66529900
2016-11-03,19.549999237060547,19.729999542236328,19.520000457763672,19.549999237060547,16.266637802124023,53462100
2016-11-04,19.559999465942383,19.649999618530273,19.399999618530273,19.489999771118164,16.216712951660156,64891400
2016-11-07,19.81999969482422,19.989999771118164,19.799999237060547,19.979999542236328,16.624420166015625,59001800
2016-11-08,19.920000076293945,20.09000015258789,19.790000915527344,19.989999771118164,16.63274383544922,63290400
2016-11-09,20.540000915527344,20.940000534057617,20.110000610351562,20.84000015258789,17.339984893798828,268936600
2016-11-10,21.15999984741211,21.700000762939453,21.079999923706055,21.610000610351562,17.980667114257812,241635500
2016-11-11,21.469999313354492,21.700000762939453,21.399999618530273,21.670000076293945,18.030590057373047,134954500
2016-11-14,21.8799991607666,22.329999923706055,21.850000381469727,22.200000762939453,18.471576690673828,261730900
2016-11-15,22.010000228881836,22.200000762939453,21.790000915527344,22.18000030517578,18.454938888549805,122754500
2016-11-16,21.979999542236328,22.030000686645508,21.799999237060547,21.860000610351562,18.188674926757812,117887700
2016-11-17,21.860000610351562,22.18000030517578,21.809999465942383,22.15999984741211,18.438295364379883,98536400
2016-11-18,22.139999389648438,22.239999771118164,22.059999465942383,22.15999984741211,18.438295364379883,92344300
2016-11-21,22.280000686645508,22.299999237060547,22.09000015258789,22.239999771118164,18.504858016967773,71943900
2016-11-22,22.34000015258789,22.350000381469727,22.1200008392334,22.25,18.51317596435547,98286500
2016-11-23,22.34000015258789,22.40999984741211,22.170000076293945,22.3799991607666,18.62134552001953,101948400
2016-11-25,22.43000030517578,22.450000762939453,22.31999969482422,22.40999984741211,18.64630699157715,33114800
2016-11-28,22.25,22.3799991607666,22.09000015258789,22.149999618530273,18.429975509643555,99791400
2016-11-29,22.190000534057617,22.280000686645508,22.110000610351562,22.209999084472656,18.479894638061523,74645700
2016-11-30,22.520000457763672,22.56999969482422,22.43000030517578,22.510000228881836,18.729515075683594,98843700
2016-12-01,22.6299991607666,22.950000762939453,22.600000381469727,22.899999618530273,19.054014205932617,120088300
2016-12-02,22.84000015258789,22.850000381469727,22.549999237060547,22.649999618530273,18.84600067138672,82108300
2016-12-05,22.850000381469727,23.0,22.790000915527344,22.920000076293945,19.07065773010254,95145700
2016-12-06,23.06999969482422,23.139999389648438,22.84000015258789,23.1200008392334,19.237070083618164,79142600
2016-12-07,23.18000030517578,23.5,23.100000381469727,23.479999542236328,19.536602020263672,120172500
2016-12-08,23.610000610351562,23.84000015258789,23.469999313354492,23.700000762939453,19.719655990600586,116856500
2016-12-09,23.700000762939453,23.75,23.530000686645508,23.75,19.76126480102539,95677300
2016-12-12,23.68000030517578,23.780000686645508,23.459999084472656,23.520000457763672,19.569887161254883,85143200
2016-12-13,23.579999923706055,23.719999313354492,23.3799991607666,23.579999923706055,19.619813919067383,113420700
2016-12-14,23.399999618530273,23.829999923706055,23.309999465942383,23.469999313354492,19.528284072875977,142995800
2016-12-15,23.59000015258789,23.8700008392334,23.5,23.670000076293945,19.694692611694336,110426000
2016-12-16,23.68000030517578,23.690000534057617,23.329999923706055,23.360000610351562,19.52501678466797,83096500
2016-12-19,23.389999389648438,23.43000030517578,23.18000030517578,23.3700008392334,19.53337860107422,73717600
2016-12-20,23.510000228881836,23.65999984741211,23.510000228881836,23.65999984741211,19.7757625579834,60793600
2016-12-21,23.65999984741211,23.670000076293945,23.520000457763672,23.600000381469727,19.725624084472656,37738000
2016-12-22,23.59000015258789,23.59000015258789,23.459999084472656,23.540000915527344,19.67546844482422,37796100
2016-12-23,23.540000915527344,23.579999923706055,23.469999313354492,23.579999923706055,19.708906173706055,18276700
2016-12-27,23.6299991607666,23.639999389648438,23.579999923706055,23.610000610351562,19.733983993530273,38241100
2016-12-28,23.649999618530273,23.670000076293945,23.350000381469727,23.3700008392334,19.53337860107422,30834400
2016-12-29,23.389999389648438,23.43000030517578,23.100000381469727,23.200000762939453,19.39128875732422,39251800
2016-12-30,23.290000915527344,23.329999923706055,23.170000076293945,23.25,19.43307876586914,44761200
2017-01-03,23.610000610351562,23.670000076293945,23.260000228881836,23.510000228881836,19.65039825439453,71259900
2017-01-04,23.579999923706055,23.729999542236328,23.510000228881836,23.700000762939453,19.809202194213867,45092200
2017-01-05,23.6299991607666,23.65999984741211,23.239999771118164,23.459999084472656,19.60860824584961,62201100
2017-01-06,23.549999237060547,23.639999389648438,23.420000076293945,23.540000915527344,19.67546844482422,38060800
2017-01-09,23.479999542236328,23.530000686645508,23.329999923706055,23.3799991607666,19.541736602783203,34022400
2017-01-10,23.420000076293945,23.6299991607666,23.309999465942383,23.43000030517578,19.583534240722656,46212100
2017-01-11,23.459999084472656,23.579999923706055,23.299999237060547,23.579999923706055,19.708906173706055,48001200
2017-01-12,23.469999313354492,23.5,23.18000030517578,23.3799991607666,19.541736602783203,57418100
2017-01-13,23.540000915527344,23.790000915527344,23.40999984741211,23.510000228881836,19.65039825439453,72479700
2017-01-17,23.34000015258789,23.350000381469727,22.940000534057617,22.950000762939453,19.182329177856445,96657800
2017-01-18,23.06999969482422,23.170000076293945,22.850000381469727,23.139999389648438,19.34113883972168,68289100
2017-01-19,23.190000534057617,23.25,22.959999084472656,23.040000915527344,19.257556915283203,56729700
2017-01-20,23.110000610351562,23.229999542236328,23.030000686645508,23.149999618530273,19.349498748779297,74805200
2017-01-23,23.049999237060547,23.190000534057617,22.920000076293945,23.0,19.22412109375,46651200
2017-01-24,23.110000610351562,23.3799991607666,23.010000228881836,23.290000915527344,19.466510772705078,45229500
2017-01-25,23.540000915527344,23.690000534057617,23.43000030517578,23.68000030517578,19.792484283447266,92850100
2017-01-26,23.719999313354492,23.799999237060547,23.610000610351562,23.739999771118164,19.84263801574707,70704400
2017-01-27,23.739999771118164,23.75,23.579999923706055,23.649999618530273,19.76740837097168,43944500
2017-01-30,23.5,23.510000228881836,23.25,23.459999084472656,19.60860824584961,46168800
2017-01-31,23.34000015258789,23.520000457763672,23.18000030517578,23.309999465942383,19.483224868774414,56477300
2017-02-01,23.489999771118164,23.610000610351562,23.270000457763672,23.34000015258789,19.508304595947266,72132200
2017-02-02,23.209999084472656,23.360000610351562,23.100000381469727,23.25,19.43307876586914,39396500
2017-02-03,23.649999618530273,23.739999771118164,23.440000534057617,23.719999313354492,19.82592010498047,86346600
2017-02-06,23.579999923706055,23.780000686645508,23.559999465942383,23.610000610351562,19.733983993530273,34952100
2017-02-07,23.75,23.760000228881836,23.520000457763672,23.549999237060547,19.683828353881836,50838500
2017-02-08,23.549999237060547,23.549999237060547,23.280000686645508,23.389999389648438,19.55009651184082,54341100
2017-02-09,23.389999389648438,23.739999771118164,23.329999923706055,23.709999084472656,19.81756019592285,76813700
2017-02-10,23.850000381469727,23.860000610351562,23.690000534057617,23.780000686645508,19.876070022583008,55078700
2017-02-13,23.93000030517578,24.15999984741211,23.889999389648438,24.049999237060547,20.10174560546875,76687000
2017-02-14,24.030000686645508,24.360000610351562,23.989999771118164,24.329999923706055,20.33578109741211,75954300
2017-02-15,24.450000762939453,24.56999969482422,24.270000457763672,24.520000457763672,20.494583129882812,76869400
2017-02-16,24.489999771118164,24.530000686645508,24.309999465942383,24.459999084472656,20.44443702697754,64048200
2017-02-17,24.280000686645508,24.469999313354492,24.25,24.469999313354492,20.45279312133789,54156600
2017-02-21,24.600000381469727,24.649999618530273,24.510000228881836,24.59000015258789,20.5530948638916,55216100
2017-02-22,24.489999771118164,24.68000030517578,24.450000762939453,24.610000610351562,20.569808959960938,50438900
2017-02-23,24.6200008392334,24.670000076293945,24.469999313354492,24.610000610351562,20.569808959960938,53509400
2017-02-24,24.350000381469727,24.479999542236328,24.309999465942383,24.420000076293945,20.411006927490234,61686800
2017-02-27,24.450000762939453,24.600000381469727,24.440000534057617,24.549999237060547,20.51966094970703,39655000
2017-02-28,24.459999084472656,24.549999237060547,24.3799991607666,24.540000915527344,20.511310577392578,48913000
2017-03-01,25.010000228881836,25.290000915527344,24.979999542236328,25.239999771118164,21.09638214111328,92150000
2017-03-02,25.290000915527344,25.299999237060547,24.84000015258789,24.850000381469727,20.77041244506836,69446200
2017-03-03,24.8700008392334,25.030000686645508,24.860000610351562,24.969999313354492,20.870710372924805,57652800
2017-03-06,24.81999969482422,24.860000610351562,24.670000076293945,24.780000686645508,20.71190071105957,49017200
2017-03-07,24.81999969482422,24.81999969482422,24.649999618530273,24.709999084472656,20.65338706970215,53726500
2017-03-08,24.979999542236328,25.059999465942383,24.709999084472656,24.719999313354492,20.661746978759766,104601000
2017-03-09,24.81999969482422,24.940000534057617,24.700000762939453,24.809999465942383,20.736976623535156,60804100
2017-03-10,24.93000030517578,24.950000762939453,24.6299991607666,24.790000915527344,20.72026252746582,62148600
2017-03-13,24.81999969482422,24.8799991607666,24.700000762939453,24.850000381469727,20.77041244506836,49418400
2017-03-14,24.75,24.799999237060547,24.600000381469727,24.780000686645508,20.71190071105957,49511100
2017-03-15,24.81999969482422,24.920000076293945,24.6299991607666,24.739999771118164,20.678466796875,86455100
2017-03-16,24.84000015258789,24.969999313354492,24.770000457763672,24.780000686645508,20.71190071105957,89233700
2017-03-17,24.75,24.760000228881836,24.450000762939453,24.450000762939453,20.508907318115234,83056800
2017-03-20,24.399999618530273,24.469999313354492,24.25,24.25,20.341144561767578,78676400
2017-03-21,24.360000610351562,24.3799991607666,23.510000228881836,23.56999969482422,19.770755767822266,192257000
2017-03-22,23.399999618530273,23.6299991607666,23.229999542236328,23.520000457763672,19.72882080078125,133199500
2017-03-23,23.489999771118164,23.84000015258789,23.440000534057617,23.56999969482422,19.770755767822266,85238900
2017-03-24,23.610000610351562,23.729999542236328,23.3799991607666,23.540000915527344,19.745595932006836,97583400
2017-03-27,23.040000915527344,23.459999084472656,22.979999542236328,23.450000762939453,19.67010498046875,103963000
2017-03-28,23.3700008392334,23.860000610351562,23.3700008392334,23.770000457763672,19.938512802124023,82301100
2017-03-29,23.729999542236328,23.770000457763672,23.600000381469727,23.6200008392334,19.81269645690918,76524100
2017-03-30,23.639999389648438,23.989999771118164,23.610000610351562,23.93000030517578,20.07272720336914,92566000
2017-03-31,23.84000015258789,23.90999984741211,23.729999542236328,23.729999542236328,19.90496063232422,70540000
2017-04-03,23.770000457763672,23.829999923706055,23.399999618530273,23.68000030517578,19.863025665283203,93489100
2017-04-04,23.579999923706055,23.700000762939453,23.540000915527344,23.649999618530273,19.83785629272461,105795900
2017-04-05,23.8700008392334,23.959999084472656,23.469999313354492,23.469999313354492,19.68687629699707,104651200
2017-04-06,23.450000762939453,23.719999313354492,23.329999923706055,23.6200008392334,19.81269645690918,80802100
2017-04-07,23.440000534057617,23.68000030517578,23.399999618530273,23.520000457763672,19.72882080078125,61525700
2017-04-10,23.520000457763672,23.670000076293945,23.3799991607666,23.459999084472656,19.678482055664062,60429000
2017-04-11,23.34000015258789,23.43000030517578,23.149999618530273,23.389999389648438,19.61977195739746,83801200
2017-04-12,23.360000610351562,23.3799991607666,23.139999389648438,23.200000762939453,19.460397720336914,74023000
2017-04-13,23.110000610351562,23.3700008392334,22.899999618530273,22.899999618530273,19.208751678466797,120159300
2017-04-17,22.959999084472656,23.309999465942383,22.889999389648438,23.299999237060547,19.544281005859375,86681200
2017-04-18,23.139999389648438,23.25,22.940000534057617,23.079999923706055,19.359739303588867,74890400
2017-04-19,23.229999542236328,23.31999969482422,22.979999542236328,23.010000228881836,19.3010196685791,55583800
2017-04-20,23.18000030517578,23.450000762939453,23.09000015258789,23.399999618530273,19.628156661987305,85720400
2017-04-21,23.34000015258789,23.43000030517578,23.149999618530273,23.15999984741211,19.426837921142578,94675300
2017-04-24,23.690000534057617,23.809999465942383,23.59000015258789,23.68000030517578,19.863025665283203,98770600
2017-04-25,23.889999389648438,24.010000228881836,23.860000610351562,23.889999389648438,20.039180755615234,71026100
2017-04-26,23.860000610351562,24.09000015258789,23.81999969482422,23.8700008392334,20.022401809692383,71691200
2017-04-27,23.920000076293945,23.920000076293945,23.6200008392334,23.760000228881836,19.93013572692871,68871800
2017-04-28,23.770000457763672,23.790000915527344,23.530000686645508,23.530000686645508,19.737201690673828,64091900
2017-05-01,23.649999618530273,23.799999237060547,23.549999237060547,23.68000030517578,19.863025665283203,69086600
2017-05-02,23.68000030517578,23.709999084472656,23.520000457763672,23.649999618530273,19.83785629272461,76511500
2017-05-03,23.56999969482422,23.84000015258789,23.549999237060547,23.84000015258789,19.997238159179688,78115400
2017-05-04,23.989999771118164,24.06999969482422,23.780000686645508,23.8799991607666,20.030786514282227,64482800
2017-05-05,23.950000762939453,23.959999084472656,23.760000228881836,23.84000015258789,19.997238159179688,46881500
2017-05-08,23.8700008392334,23.90999984741211,23.780000686645508,23.81999969482422,19.98046112060547,45893000
2017-05-09,23.8799991607666,23.959999084472656,23.649999618530273,23.729999542236328,19.90496063232422,65737900
2017-05-10,23.690000534057617,23.809999465942383,23.649999618530273,23.809999465942383,19.97207260131836,51192700
2017-05-11,23.719999313354492,23.760000228881836,23.469999313354492,23.65999984741211,19.84624481201172,77266700
2017-05-12,23.549999237060547,23.56999969482422,23.43000030517578,23.559999465942383,19.762367248535156,55787200
2017-05-15,23.610000610351562,23.790000915527344,23.600000381469727,23.739999771118164,19.913354873657227,52192100
2017-05-16,23.790000915527344,23.829999923706055,23.670000076293945,23.809999465942383,19.97207260131836,51529600
2017-05-17,23.309999465942383,23.489999771118164,22.969999313354492,23.059999465942383,19.342960357666016,141192800
2017-05-18,23.030000686645508,23.290000915527344,23.0,23.149999618530273,19.418460845947266,101656900
2017-05-19,23.190000534057617,23.479999542236328,23.18000030517578,23.350000381469727,19.58622169494629,69775600
2017-05-22,23.479999542236328,23.479999542236328,23.25,23.40999984741211,19.636545181274414,79181900
2017-05-23,23.43000030517578,23.65999984741211,23.31999969482422,23.59000015258789,19.78752899169922,65577800
2017-05-24,23.6200008392334,23.639999389648438,23.479999542236328,23.579999923706055,19.779150009155273,59441200
2017-05-25,23.6299991607666,23.729999542236328,23.559999465942383,23.6200008392334,19.81269645690918,49362400
2017-05-26,23.559999465942383,23.68000030517578,23.559999465942383,23.610000610351562,19.804309844970703,42601700
2017-05-30,23.540000915527344,23.56999969482422,23.399999618530273,23.450000762939453,19.67010498046875,46584200
2017-05-31,23.450000762939453,23.459999084472656,23.100000381469727,23.25,19.502338409423828,115877900
2017-06-01,23.3799991607666,23.559999465942383,23.219999313354492,23.540000915527344,19.745595932006836,81187600
2017-06-02,23.3700008392334,23.56999969482422,23.31999969482422,23.450000762939453,19.67010498046875,83704500
2017-06-05,23.459999084472656,23.639999389648438,23.459999084472656,23.489999771118164,19.703655242919922,44055800
2017-06-06,23.309999465942383,23.450000762939453,23.260000228881836,23.389999389648438,19.61977195739746,60397300
2017-06-07,23.43000030517578,23.6299991607666,23.389999389648438,23.56999969482422,19.770755767822266,83049100
2017-06-08,23.56999969482422,24.010000228881836,23.549999237060547,23.84000015258789,19.997238159179688,77987000
2017-06-09,23.989999771118164,24.329999923706055,23.969999313354492,24.290000915527344,20.37470245361328,133216200
2017-06-12,24.34000015258789,24.510000228881836,24.200000762939453,24.34000015258789,20.416641235351562,86644400
2017-06-13,24.469999313354492,24.549999237060547,24.399999618530273,24.469999313354492,20.525686264038086,94978600
2017-06-14,24.260000228881836,24.540000915527344,24.1299991607666,24.510000228881836,20.55923843383789,117605800
2017-06-15,24.329999923706055,24.540000915527344,24.309999465942383,24.40999984741211,20.47534942626953,59547700
2017-06-16,24.309999465942383,24.3700008392334,24.219999313354492,24.290000915527344,20.452621459960938,53818800
2017-06-19,24.450000762939453,24.59000015258789,24.420000076293945,24.540000915527344,20.663127899169922,58041300
2017-06-20,24.459999084472656,24.479999542236328,24.31999969482422,24.329999923706055,20.48630142211914,45689600
2017-06-21,24.3700008392334,24.3700008392334,24.1200008392334,24.1299991607666,20.317899703979492,51938200
2017-06-22,24.040000915527344,24.110000610351562,23.950000762939453,23.979999542236328,20.191593170166016,58380200
2017-06-23,24.079999923706055,24.09000015258789,23.809999465942383,23.889999389648438,20.115814208984375,85352600
2017-06-26,23.940000534057617,24.1200008392334,23.860000610351562,24.020000457763672,20.225278854370117,60302300
2017-06-27,24.110000610351562,24.31999969482422,24.049999237060547,24.139999389648438,20.326322555541992,75943400
2017-06-28,24.299999237060547,24.559999465942383,24.280000686645508,24.520000457763672,20.64628791809082,90097600
2017-06-29,25.020000457763672,25.020000457763672,24.510000228881836,24.690000534057617,20.78943634033203,119176700
2017-06-30,24.8700008392334,24.8799991607666,24.6200008392334,24.670000076293945,20.7725887298584,72754900
2017-07-03,24.809999465942383,25.190000534057617,24.780000686645508,25.030000686645508,21.075719833374023,61454400
2017-07-05,25.100000381469727,25.1299991607666,24.920000076293945,25.06999969482422,21.109392166137695,78100200
2017-07-06,25.059999465942383,25.170000076293945,24.8799991607666,24.8799991607666,20.949411392211914,97648100
2017-07-07,25.010000228881836,25.100000381469727,24.8799991607666,25.049999237060547,21.092554092407227,59432400
2017-07-10,25.010000228881836,25.079999923706055,24.93000030517578,25.020000457763672,21.067296981811523,55022500
2017-07-11,25.0,25.010000228881836,24.729999542236328,24.799999237060547,20.882047653198242,49857200
2017-07-12,24.799999237060547,24.899999618530273,24.729999542236328,24.8799991607666,20.949411392211914,47818600
2017-07-13,24.8799991607666,25.030000686645508,24.860000610351562,25.030000686645508,21.075719833374023,48875900
2017-07-14,24.719999313354492,24.959999084472656,24.59000015258789,24.920000076293945,20.98309326171875,61742300
2017-07-17,24.850000381469727,24.899999618530273,24.739999771118164,24.84000015258789,20.91573143005371,43257000
2017-07-18,24.670000076293945,24.84000015258789,24.639999389648438,24.799999237060547,20.882047653198242,63210700
2017-07-19,24.850000381469727,24.920000076293945,24.719999313354492,24.809999465942383,20.89047622680664,48259400
2017-07-20,24.829999923706055,24.940000534057617,24.75,24.799999237060547,20.882047653198242,40163500
2017-07-21,24.729999542236328,24.8799991607666,24.729999542236328,24.799999237060547,20.882047653198242,39108400
2017-07-24,24.790000915527344,24.940000534057617,24.790000915527344,24.90999984741211,20.97467613220215,26364800
2017-07-25,25.190000534057617,25.31999969482422,25.149999618530273,25.219999313354492,21.235694885253906,75786800
2017-07-26,25.25,25.290000915527344,24.989999771118164,25.049999237060547,21.092554092407227,56086500
2017-07-27,25.100000381469727,25.110000610351562,24.799999237060547,24.90999984741211,20.97467613220215,67826200
2017-07-28,24.8700008392334,24.979999542236328,24.770000457763672,24.90999984741211,20.97467613220215,43735800
2017-07-31,25.0,25.18000030517578,24.969999313354492,25.09000015258789,21.126235961914062,43039300
2017-08-01,25.260000228881836,25.290000915527344,25.139999389648438,25.270000457763672,21.277801513671875,60987500
2017-08-02,25.299999237060547,25.329999923706055,25.18000030517578,25.309999465942383,21.311479568481445,43341500
2017-08-03,25.270000457763672,25.309999465942383,25.18000030517578,25.219999313354492,21.235694885253906,40816800
2017-08-04,25.450000762939453,25.489999771118164,25.34000015258789,25.389999389648438,21.378841400146484,50792900
2017-08-07,25.389999389648438,25.399999618530273,25.309999465942383,25.350000381469727,21.34515953063965,39486800
2017-08-08,25.309999465942383,25.59000015258789,25.270000457763672,25.280000686645508,21.286222457885742,52736500
2017-08-09,25.06999969482422,25.299999237060547,25.06999969482422,25.280000686645508,21.286222457885742,46567000
2017-08-10,25.1200008392334,25.18000030517578,24.829999923706055,24.829999923706055,20.907312393188477,71130300
2017-08-11,24.829999923706055,24.959999084472656,24.670000076293945,24.729999542236328,20.82310676574707,50477800
2017-08-14,24.93000030517578,25.139999389648438,24.920000076293945,25.06999969482422,21.109392166137695,49472900
2017-08-15,25.280000686645508,25.309999465942383,25.09000015258789,25.09000015258789,21.126235961914062,48535000
2017-08-16,25.200000762939453,25.239999771118164,25.0,25.040000915527344,21.084131240844727,35084100
2017-08-17,24.979999542236328,25.020000457763672,24.600000381469727,24.610000610351562,20.722074508666992,76613100
2017-08-18,24.489999771118164,24.799999237060547,24.479999542236328,24.6200008392334,20.730491638183594,71725900
2017-08-21,24.600000381469727,24.6299991607666,24.450000762939453,24.549999237060547,20.67154884338379,45047200
2017-08-22,24.649999618530273,24.84000015258789,24.6200008392334,24.81999969482422,20.898893356323242,42644000
2017-08-23,24.639999389648438,24.8799991607666,24.6200008392334,24.739999771118164,20.831525802612305,36612700
2017-08-24,24.850000381469727,24.850000381469727,24.690000534057617,24.739999771118164,20.831525802612305,31067200
2017-08-25,24.790000915527344,24.920000076293945,24.780000686645508,24.809999465942383,20.89047622680664,37177300
2017-08-28,24.829999923706055,24.84000015258789,24.59000015258789,24.649999618530273,20.755746841430664,36486900
2017-08-29,24.3700008392334,24.610000610351562,24.350000381469727,24.56999969482422,20.688390731811523,42814200
2017-08-30,24.610000610351562,24.780000686645508,24.59000015258789,24.670000076293945,20.7725887298584,35176100
2017-08-31,24.75,24.780000686645508,24.6200008392334,24.700000762939453,20.797855377197266,44225200
2017-09-01,24.729999542236328,24.90999984741211,24.670000076293945,24.770000457763672,20.856792449951172,42132600
2017-09-05,24.579999923706055,24.6200008392334,24.170000076293945,24.239999771118164,20.41053009033203,96579200
2017-09-06,24.329999923706055,24.420000076293945,24.219999313354492,24.299999237060547,20.461048126220703,77593900
2017-09-07,24.34000015258789,24.360000610351562,23.790000915527344,23.8799991607666,20.10738754272461,87667800
2017-09-08,23.899999618530273,24.190000534057617,23.850000381469727,24.100000381469727,20.292638778686523,68639500
2017-09-11,24.3799991607666,24.59000015258789,24.329999923706055,24.520000457763672,20.64628791809082,73305700
2017-09-12,24.610000610351562,24.829999923706055,24.59000015258789,24.809999465942383,20.89047622680664,66350600
2017-09-13,24.770000457763672,24.860000610351562,24.68000030517578,24.850000381469727,20.924150466918945,51049400
2017-09-14,24.860000610351562,24.920000076293945,24.75,24.799999237060547,20.882047653198242,47163200
2017-09-15,24.65999984741211,24.790000915527344,24.6299991607666,24.770000457763672,20.943777084350586,59250200
2017-09-18,24.860000610351562,25.06999969482422,24.84000015258789,25.059999465942383,21.18898582458496,44010400
2017-09-19,25.059999465942383,25.309999465942383,25.020000457763672,25.25,21.349632263183594,58443300
2017-09-20,25.270000457763672,25.489999771118164,25.149999618530273,25.399999618530273,21.476465225219727,70595500
2017-09-21,25.34000015258789,25.520000457763672,25.31999969482422,25.459999084472656,21.527191162109375,51050100
2017-09-22,25.360000610351562,25.459999084472656,25.290000915527344,25.43000030517578,21.501829147338867,42306600
2017-09-25,25.399999618530273,25.489999771118164,25.229999542236328,25.399999618530273,21.476465225219727,39774600
2017-09-26,25.440000534057617,25.479999542236328,25.31999969482422,25.389999389648438,21.46800422668457,46811000
2017-09-27,25.709999084472656,25.829999923706055,25.600000381469727,25.700000762939453,21.730117797851562,65919100
2017-09-28,25.790000915527344,25.799999237060547,25.610000610351562,25.739999771118164,21.763940811157227,37718900
2017-09-29,25.739999771118164,25.860000610351562,25.700000762939453,25.860000610351562,21.865402221679688,42740800
2017-10-02,25.809999465942383,26.079999923706055,25.809999465942383,26.079999923706055,22.051422119140625,52774000
2017-10-03,26.059999465942383,26.170000076293945,26.010000228881836,26.170000076293945,22.12752342224121,48062900
2017-10-04,26.100000381469727,26.18000030517578,26.040000915527344,26.049999237060547,22.02605438232422,39283800
2017-10-05,26.079999923706055,26.40999984741211,26.010000228881836,26.31999969482422,22.254343032836914,61260400
2017-10-06,26.389999389648438,26.459999084472656,26.209999084472656,26.350000381469727,22.279714584350586,66077800
2017-10-09,26.420000076293945,26.420000076293945,26.190000534057617,26.25,22.195158004760742,31340200
2017-10-10,26.290000915527344,26.3700008392334,26.219999313354492,26.3700008392334,22.296632766723633,35822500
2017-10-11,26.309999465942383,26.350000381469727,26.209999084472656,26.31999969482422,22.254343032836914,33748600
2017-10-12,26.389999389648438,26.399999618530273,26.09000015258789,26.1200008392334,22.085247039794922,53834800
2017-10-13,25.989999771118164,26.219999313354492,25.889999389648438,26.1299991607666,22.09369468688965,69561400
2017-10-16,26.149999618530273,26.309999465942383,26.139999389648438,26.299999237060547,22.237438201904297,42000700
2017-10-17,26.389999389648438,26.399999618530273,26.110000610351562,26.170000076293945,22.12752342224121,37844200
2017-10-18,26.280000686645508,26.350000381469727,26.170000076293945,26.309999465942383,22.245891571044922,52201500
2017-10-19,26.1200008392334,26.34000015258789,26.079999923706055,26.329999923706055,22.262800216674805,34671600
2017-10-20,26.610000610351562,26.65999984741211,26.520000457763672,26.639999389648438,22.524917602539062,56083800
2017-10-23,26.649999618530273,26.700000762939453,26.559999465942383,26.6200008392334,22.508007049560547,43555200
2017-10-24,26.709999084472656,26.860000610351562,26.690000534057617,26.809999465942383,22.668659210205078,61259200
2017-10-25,26.889999389648438,26.920000076293945,26.5,26.649999618530273,22.53337287902832,68653500
2017-10-26,26.75,26.920000076293945,26.75,26.799999237060547,22.66020393371582,41832600
2017-10-27,26.75,26.829999923706055,26.610000610351562,26.780000686645508,22.643293380737305,56694400
2017-10-30,26.75,26.790000915527344,26.600000381469727,26.670000076293945,22.550281524658203,48157500
2017-10-31,26.670000076293945,26.770000457763672,26.56999969482422,26.600000381469727,22.4910945892334,39890800
2017-11-01,26.709999084472656,26.829999923706055,26.610000610351562,26.639999389648438,22.524917602539062,40921900
2017-11-02,26.670000076293945,26.93000030517578,26.540000915527344,26.889999389648438,22.736299514770508,51098300
2017-11-03,26.799999237060547,26.81999969482422,26.700000762939453,26.780000686645508,22.643293380737305,42387000
2017-11-06,26.709999084472656,26.799999237060547,26.65999984741211,26.75,22.617921829223633,33642100
2017-11-07,26.770000457763672,26.850000381469727,26.309999465942383,26.3799991607666,22.305072784423828,70325500
2017-11-08,26.329999923706055,26.34000015258789,26.15999984741211,26.25,22.195158004760742,55844900
2017-11-09,26.079999923706055,26.25,25.889999389648438,26.15999984741211,22.119056701660156,94577000
2017-11-10,26.18000030517578,26.229999542236328,26.059999465942383,26.079999923706055,22.051422119140625,53209600
2017-11-13,25.920000076293945,26.18000030517578,25.899999618530273,26.1200008392334,22.085247039794922,50579200
2017-11-14,26.020000457763672,26.1200008392334,25.93000030517578,26.110000610351562,22.076786041259766,54101800
2017-11-15,25.8799991607666,26.270000457763672,25.860000610351562,26.18000030517578,22.135974884033203,64952300
2017-11-16,26.299999237060547,26.360000610351562,26.170000076293945,26.190000534057617,22.144428253173828,53648100
2017-11-17,26.059999465942383,26.219999313354492,26.030000686645508,26.15999984741211,22.119056701660156,41938700
2017-11-20,26.209999084472656,26.31999969482422,26.1299991607666,26.280000686645508,22.220535278320312,35232400
2017-11-21,26.3700008392334,26.399999618530273,26.299999237060547,26.360000610351562,22.28816795349121,35972400
2017-11-22,26.360000610351562,26.43000030517578,26.229999542236328,26.229999542236328,22.17824935913086,30959400
2017-11-24,26.329999923706055,26.3799991607666,26.200000762939453,26.219999313354492,22.16979217529297,12172500
2017-11-27,26.200000762939453,26.34000015258789,26.18000030517578,26.200000762939453,22.152883529663086,42346400
2017-11-28,26.229999542236328,26.90999984741211,26.209999084472656,26.8799991607666,22.727846145629883,86507000
2017-11-29,27.139999389648438,27.520000457763672,27.06999969482422,27.34000015258789,23.11678695678711,135340600
2017-11-30,27.579999923706055,27.8799991607666,27.3799991607666,27.520000457763672,23.26898765563965,135241700
2017-12-01,27.559999465942383,27.709999084472656,26.950000762939453,27.579999923706055,23.319717407226562,148119600
2017-12-04,28.040000915527344,28.200000762939453,28.0,28.0,23.674837112426758,99820400
2017-12-05,28.1200008392334,28.149999618530273,27.780000686645508,27.850000381469727,23.548006057739258,77706200
2017-12-06,27.75,27.90999984741211,27.670000076293945,27.75,23.46345329284668,60299100
2017-12-07,27.84000015258789,27.940000534057617,27.579999923706055,27.84000015258789,23.53955078125,59625500
2017-12-08,27.979999542236328,28.010000228881836,27.780000686645508,28.010000228881836,23.683286666870117,55001600
2017-12-11,28.010000228881836,28.049999237060547,27.860000610351562,27.940000534057617,23.624101638793945,43278400
2017-12-12,28.049999237060547,28.329999923706055,27.959999084472656,28.219999313354492,23.860849380493164,69517100
2017-12-13,28.190000534057617,28.25,27.850000381469727,27.8700008392334,23.56492042541504,97335300
2017-12-14,27.969999313354492,28.010000228881836,27.65999984741211,27.690000534057617,23.41272735595703,76970000
2017-12-15,27.729999542236328,28.0,27.6299991607666,27.809999465942383,23.623384475708008,111826100
2017-12-18,28.040000915527344,28.200000762939453,27.989999771118164,28.059999465942383,23.83575439453125,61275500
2017-12-19,28.219999313354492,28.239999771118164,27.940000534057617,27.940000534057617,23.733814239501953,57366300
2017-12-20,28.170000076293945,28.219999313354492,27.8700008392334,27.889999389648438,23.691343307495117,69680300
2017-12-21,28.040000915527344,28.209999084472656,28.010000228881836,28.1299991607666,23.89521598815918,46123500
2017-12-22,28.209999084472656,28.25,27.920000076293945,28.049999237060547,23.82725715637207,43020300
2017-12-26,28.049999237060547,28.139999389648438,27.860000610351562,27.969999313354492,23.759296417236328,33710100
2017-12-27,27.989999771118164,28.010000228881836,27.90999984741211,28.0,23.784780502319336,29421000
2017-12-28,28.06999969482422,28.1200008392334,28.0,28.110000610351562,23.87822914123535,28129700
2017-12-29,28.200000762939453,28.200000762939453,27.90999984741211,27.90999984741211,23.70833969116211,55169800
2018-01-02,28.09000015258789,28.09000015258789,27.790000915527344,27.920000076293945,23.716827392578125,55436100
2018-01-03,27.969999313354492,28.09000015258789,27.8799991607666,28.06999969482422,23.84424591064453,56906200
2018-01-04,28.229999542236328,28.540000915527344,28.18000030517578,28.329999923706055,24.065105438232422,62247000
2018-01-05,28.479999542236328,28.479999542236328,28.229999542236328,28.40999984741211,24.133066177368164,37989500
2018-01-08,28.3799991607666,28.43000030517578,28.270000457763672,28.3700008392334,24.099088668823242,44252100
2018-01-09,28.489999771118164,28.739999771118164,28.440000534057617,28.59000015258789,24.285964965820312,51418700
2018-01-10,28.68000030517578,28.950000762939453,28.6299991607666,28.829999923706055,24.489837646484375,64670900
2018-01-11,28.950000762939453,29.0,28.809999465942383,28.969999313354492,24.6087589263916,42361700
2018-01-12,29.139999389648438,29.25,28.959999084472656,29.229999542236328,24.829614639282227,44537500
2018-01-16,29.479999542236328,29.530000686645508,28.989999771118164,29.149999618530273,24.76165771484375,67563800
2018-01-17,29.229999542236328,29.450000762939453,28.989999771118164,29.3700008392334,24.94854164123535,54312000
2018-01-18,29.469999313354492,29.479999542236328,29.290000915527344,29.329999923706055,24.914567947387695,49247400
2018-01-19,29.43000030517578,29.549999237060547,29.3700008392334,29.540000915527344,25.092945098876953,60727800
2018-01-22,29.549999237060547,29.790000915527344,29.510000228881836,29.780000686645508,25.29681968688965,46868900
2018-01-23,29.709999084472656,29.860000610351562,29.56999969482422,29.809999465942383,25.322307586669922,60862000
2018-01-24,29.950000762939453,30.079999923706055,29.770000457763672,30.010000228881836,25.492197036743164,66371000
2018-01-25,30.1299991607666,30.1299991607666,29.850000381469727,29.950000762939453,25.44122886657715,45423700
2018-01-26,30.040000915527344,30.18000030517578,29.899999618530273,30.170000076293945,25.628110885620117,33871900
2018-01-29,30.190000534057617,30.329999923706055,30.030000686645508,30.049999237060547,25.526166915893555,41037700
2018-01-30,29.829999923706055,30.020000457763672,29.65999984741211,29.65999984741211,25.19487953186035,67316900
2018-01-31,29.739999771118164,29.889999389648438,29.639999389648438,29.739999771118164,25.26283836364746,49504500
2018-02-01,29.68000030517578,30.049999237060547,29.670000076293945,30.020000457763672,25.500688552856445,60824200
2018-02-02,29.959999084472656,30.040000915527344,29.34000015258789,29.360000610351562,24.940048217773438,73086000
2018-02-05,28.729999542236328,29.209999084472656,27.600000381469727,27.8799991607666,23.682849884033203,147871500
2018-02-06,27.239999771118164,28.459999084472656,27.170000076293945,28.389999389648438,24.11607551574707,159006400
2018-02-07,28.34000015258789,28.809999465942383,28.219999313354492,28.40999984741211,24.133066177368164,102699400
2018-02-08,28.459999084472656,28.510000228881836,27.139999389648438,27.15999984741211,23.071237564086914,135270500
2018-02-09,27.56999969482422,27.889999389648438,26.760000228881836,27.68000030517578,23.512962341308594,149504900
2018-02-12,27.959999084472656,28.350000381469727,27.709999084472656,28.06999969482422,23.84424591064453,83571800
2018-02-13,27.90999984741211,28.25,27.829999923706055,28.190000534057617,23.946182250976562,43365500
2018-02-14,28.170000076293945,28.8700008392334,28.06999969482422,28.860000610351562,24.51531982421875,57379700
2018-02-15,29.100000381469727,29.139999389648438,28.700000762939453,29.020000457763672,24.651233673095703,66976000
2018-02-16,28.8799991607666,29.229999542236328,28.84000015258789,28.979999542236328,24.61724853515625,47508200
2018-02-20,28.920000076293945,29.209999084472656,28.799999237060547,28.889999389648438,24.540803909301758,58236100
2018-02-21,28.899999618530273,29.399999618530273,28.8700008392334,28.93000030517578,24.574783325195312,44578800
2018-02-22,29.0,29.15999984741211,28.6200008392334,28.690000534057617,24.370914459228516,47602700
2018-02-23,28.780000686645508,29.1200008392334,28.770000457763672,29.1200008392334,24.736175537109375,41187300
2018-02-26,29.329999923706055,29.559999465942383,29.139999389648438,29.559999465942383,25.109941482543945,55124200
2018-02-27,29.579999923706055,29.770000457763672,29.260000228881836,29.280000686645508,24.87209129333496,72752100
2018-02-28,29.43000030517578,29.540000915527344,28.8700008392334,28.8700008392334,24.5238094329834,65254700
2018-03-01,28.8799991607666,29.110000610351562,28.209999084472656,28.3700008392334,24.099088668823242,82467900
2018-03-02,28.170000076293945,28.520000457763672,27.889999389648438,28.440000534057617,24.158546447753906,78991200
2018-03-05,28.219999313354492,29.0,28.209999084472656,28.84000015258789,24.498327255249023,58952100
2018-03-06,29.0,29.020000457763672,28.65999984741211,28.959999084472656,24.600257873535156,49746100
2018-03-07,28.600000381469727,28.969999313354492,28.56999969482422,28.90999984741211,24.55778694152832,41530200
2018-03-08,28.979999542236328,29.040000915527344,28.690000534057617,29.0,24.634241104125977,50803000
2018-03-09,29.309999465942383,29.719999313354492,29.190000534057617,29.700000762939453,25.22886085510254,54595700
2018-03-12,29.700000762939453,29.809999465942383,29.549999237060547,29.600000381469727,25.1439151763916,51784500
2018-03-13,29.739999771118164,29.770000457763672,29.200000762939453,29.270000457763672,24.86359405517578,47049400
2018-03-14,29.399999618530273,29.399999618530273,28.850000381469727,28.940000534057617,24.583269119262695,57278900
2018-03-15,29.049999237060547,29.110000610351562,28.860000610351562,28.950000762939453,24.59177017211914,47451600
2018-03-16,28.90999984741211,29.149999618530273,28.8700008392334,28.8700008392334,24.61308479309082,61278200
2018-03-19,28.829999923706055,28.93000030517578,28.389999389648438,28.65999984741211,24.434040069580078,52145000
2018-03-20,28.770000457763672,28.850000381469727,28.65999984741211,28.729999542236328,24.493724822998047,37146500
2018-03-21,28.780000686645508,29.100000381469727,28.6200008392334,28.719999313354492,24.485198974609375,53291400
2018-03-22,28.34000015258789,28.450000762939453,27.559999465942383,27.65999984741211,23.581499099731445,85160300
2018-03-23,27.690000534057617,27.729999542236328,26.770000457763672,26.81999969482422,22.8653564453125,89289500
2018-03-26,27.360000610351562,27.770000457763672,27.100000381469727,27.690000534057617,23.607074737548828,84145000
2018-03-27,27.780000686645508,27.899999618530273,26.93000030517578,27.149999618530273,23.146699905395508,78827400
2018-03-28,27.219999313354492,27.469999313354492,26.850000381469727,27.200000762939453,23.1893253326416,84244500
2018-03-29,27.31999969482422,27.760000228881836,27.200000762939453,27.56999969482422,23.504772186279297,58290000
2018-04-02,27.56999969482422,27.600000381469727,26.549999237060547,26.959999084472656,22.984716415405273,74363900
2018-04-03,27.1299991607666,27.389999389648438,26.889999389648438,27.329999923706055,23.30015754699707,75160400
2018-04-04,26.84000015258789,27.700000762939453,26.81999969482422,27.6200008392334,23.547395706176758,70327000
2018-04-05,27.8700008392334,28.040000915527344,27.75,27.84000015258789,23.73495101928711,45378300
2018-04-06,27.520000457763672,27.700000762939453,26.920000076293945,27.170000076293945,23.163745880126953,88521000
2018-04-09,27.31999969482422,27.8700008392334,27.270000457763672,27.31999969482422,23.291635513305664,54633200
2018-04-10,27.760000228881836,27.889999389648438,27.549999237060547,27.729999542236328,23.641178131103516,67801500
2018-04-11,27.479999542236328,27.610000610351562,27.329999923706055,27.399999618530273,23.35983657836914,52480800
2018-04-12,27.610000610351562,28.059999465942383,27.59000015258789,27.8799991607666,23.769062042236328,63289100
2018-04-13,28.219999313354492,28.239999771118164,27.309999465942383,27.459999084472656,23.41098976135254,70103900
2018-04-16,27.6200008392334,27.780000686645508,27.5,27.579999923706055,23.513296127319336,44633600
2018-04-17,27.81999969482422,27.850000381469727,27.479999542236328,27.579999923706055,23.513296127319336,50750100
2018-04-18,27.649999618530273,27.760000228881836,27.389999389648438,27.450000762939453,23.402463912963867,66795500
2018-04-19,27.5,27.93000030517578,27.479999542236328,27.8700008392334,23.760534286499023,76142000
2018-04-20,27.920000076293945,28.040000915527344,27.760000228881836,27.8799991607666,23.769062042236328,49800400
2018-04-23,27.959999084472656,27.989999771118164,27.760000228881836,27.850000381469727,23.743480682373047,45689200
2018-04-24,28.0,28.170000076293945,27.479999542236328,27.670000076293945,23.590023040771484,69592900
2018-04-25,27.639999389648438,27.790000915527344,27.3700008392334,27.649999618530273,23.572969436645508,51819000
2018-04-26,27.6299991607666,27.809999465942383,27.520000457763672,27.65999984741211,23.581499099731445,33456200
2018-04-27,27.610000610351562,27.770000457763672,27.56999969482422,27.700000762939453,23.6156005859375,47185200
2018-04-30,27.770000457763672,27.920000076293945,27.440000534057617,27.450000762939453,23.402463912963867,41731400
2018-05-01,27.389999389648438,27.479999542236328,27.170000076293945,27.459999084472656,23.41098976135254,46372400
2018-05-02,27.360000610351562,27.469999313354492,27.110000610351562,27.149999618530273,23.146699905395508,45430300
2018-05-03,27.020000457763672,27.059999465942383,26.459999084472656,26.920000076293945,22.950611114501953,68947900
2018-05-04,26.760000228881836,27.420000076293945,26.670000076293945,27.270000457763672,23.24900245666504,40575600
2018-05-07,27.3700008392334,27.559999465942383,27.260000228881836,27.450000762939453,23.402463912963867,36873600
2018-05-08,27.469999313354492,27.829999923706055,27.459999084472656,27.639999389648438,23.564443588256836,47718500
2018-05-09,27.770000457763672,28.1200008392334,27.670000076293945,28.049999237060547,23.913990020751953,43817000
2018-05-10,28.0,28.34000015258789,27.959999084472656,28.280000686645508,24.11008071899414,41445500
2018-05-11,28.299999237060547,28.450000762939453,28.200000762939453,28.260000228881836,24.093029022216797,25894000
2018-05-14,28.34000015258789,28.389999389648438,28.190000534057617,28.239999771118164,24.075979232788086,31292900
2018-05-15,28.200000762939453,28.34000015258789,28.079999923706055,28.190000534057617,24.033348083496094,54655800
2018-05-16,28.15999984741211,28.31999969482422,28.100000381469727,28.239999771118164,24.075979232788086,31984900
2018-05-17,28.209999084472656,28.280000686645508,28.0,28.18000030517578,24.02482795715332,45070400
2018-05-18,28.18000030517578,28.190000534057617,27.940000534057617,27.950000762939453,23.828739166259766,33266100
2018-05-21,28.110000610351562,28.260000228881836,28.100000381469727,28.149999618530273,23.999250411987305,29647900
2018-05-22,28.170000076293945,28.5,28.170000076293945,28.34000015258789,24.161226272583008,52841400
2018-05-23,28.149999618530273,28.239999771118164,27.860000610351562,28.15999984741211,24.007770538330078,44968500
2018-05-24,28.06999969482422,28.09000015258789,27.65999984741211,27.940000534057617,23.820207595825195,43245200
2018-05-25,27.809999465942383,27.899999618530273,27.719999313354492,27.850000381469727,23.743480682373047,39312500
2018-05-29,27.459999084472656,27.5,26.719999313354492,26.920000076293945,22.950611114501953,126469700
2018-05-30,27.18000030517578,27.520000457763672,27.110000610351562,27.40999984741211,23.36836051940918,65843700
2018-05-31,27.350000381469727,27.389999389648438,27.100000381469727,27.18000030517578,23.172277450561523,66686900
2018-06-01,27.510000228881836,27.6299991607666,27.399999618530273,27.479999542236328,23.428041458129883,62934300
2018-06-04,27.610000610351562,27.670000076293945,27.520000457763672,27.56999969482422,23.504772186279297,44196900
2018-06-05,27.479999542236328,27.520000457763672,27.309999465942383,27.450000762939453,23.402463912963867,44996800
2018-06-06,27.610000610351562,27.969999313354492,27.579999923706055,27.950000762939453,23.828739166259766,61960000
2018-06-07,28.06999969482422,28.18000030517578,27.850000381469727,28.040000915527344,23.905467987060547,65166100
2018-06-08,28.010000228881836,28.110000610351562,27.860000610351562,28.079999923706055,23.939563751220703,47713400
2018-06-11,28.170000076293945,28.270000457763672,28.020000457763672,28.020000457763672,23.888416290283203,47319600
2018-06-12,28.100000381469727,28.170000076293945,27.809999465942383,27.950000762939453,23.828739166259766,55517200
2018-06-13,27.959999084472656,28.18000030517578,27.81999969482422,27.850000381469727,23.743480682373047,61095800
2018-06-14,27.899999618530273,27.950000762939453,27.510000228881836,27.59000015258789,23.52181625366211,70635500
2018-06-15,27.299999237060547,27.559999465942383,27.110000610351562,27.469999313354492,23.520957946777344,63387600
2018-06-18,27.229999542236328,27.459999084472656,27.139999389648438,27.420000076293945,23.4781494140625,49824600
2018-06-19,27.139999389648438,27.420000076293945,27.1299991607666,27.350000381469727,23.418216705322266,50214700
2018-06-20,27.600000381469727,27.600000381469727,27.25,27.280000686645508,23.358280181884766,42833600
2018-06-21,27.190000534057617,27.360000610351562,27.010000228881836,27.200000762939453,23.28978157043457,75190900
2018-06-22,27.389999389648438,27.420000076293945,27.049999237060547,27.06999969482422,23.178464889526367,61389400
2018-06-25,26.950000762939453,27.0,26.600000381469727,26.780000686645508,22.930152893066406,80746100
2018-06-26,26.799999237060547,26.829999923706055,26.520000457763672,26.690000534057617,22.85309410095215,56387800
2018-06-27,26.68000030517578,26.8799991607666,26.350000381469727,26.360000610351562,22.57053565979004,78099200
2018-06-28,26.360000610351562,26.700000762939453,26.309999465942383,26.59000015258789,22.767471313476562,78544800
2018-06-29,26.920000076293945,27.06999969482422,26.549999237060547,26.59000015258789,22.767471313476562,77149900
2018-07-02,26.3700008392334,26.729999542236328,26.350000381469727,26.719999313354492,22.8787784576416,66202800
2018-07-03,26.790000915527344,26.8700008392334,26.420000076293945,26.479999542236328,22.673276901245117,30717800
2018-07-05,26.6200008392334,26.68000030517578,26.450000762939453,26.540000915527344,22.72465705871582,40668500
2018-07-06,26.469999313354492,26.780000686645508,26.3700008392334,26.670000076293945,22.83597183227539,41285000
2018-07-09,26.809999465942383,27.309999465942383,26.780000686645508,27.280000686645508,23.358280181884766,73447400
2018-07-10,27.299999237060547,27.389999389648438,27.100000381469727,27.18000030517578,23.272653579711914,51260600
2018-07-11,27.030000686645508,27.190000534057617,26.989999771118164,27.049999237060547,23.16134262084961,46023700
2018-07-12,27.219999313354492,27.239999771118164,26.940000534057617,27.100000381469727,23.20414924621582,64876800
2018-07-13,26.989999771118164,27.06999969482422,26.700000762939453,26.979999542236328,23.10140037536621,64146900
2018-07-16,27.059999465942383,27.479999542236328,27.040000915527344,27.459999084472656,23.51239776611328,55812000
2018-07-17,27.489999771118164,27.600000381469727,27.34000015258789,27.489999771118164,23.5380859375,55502200
2018-07-18,27.600000381469727,27.979999542236328,27.559999465942383,27.93000030517578,23.914840698242188,59109200
2018-07-19,27.790000915527344,27.799999237060547,27.469999313354492,27.510000228881836,23.555213928222656,61765100
2018-07-20,27.459999084472656,27.639999389648438,27.360000610351562,27.559999465942383,23.5980281829834,51562300
2018-07-23,27.559999465942383,27.979999542236328,27.549999237060547,27.940000534057617,23.92339324951172,81516200
2018-07-24,28.049999237060547,28.190000534057617,27.950000762939453,28.020000457763672,23.991897583007812,63133700
2018-07-25,28.0,28.1299991607666,27.850000381469727,28.079999923706055,24.04327392578125,44197200
2018-07-26,28.149999618530273,28.260000228881836,28.040000915527344,28.06999969482422,24.03470802307129,40056800
2018-07-27,28.059999465942383,28.270000457763672,27.969999313354492,28.1299991607666,24.086082458496094,63149400
2018-07-30,28.149999618530273,28.360000610351562,28.110000610351562,28.149999618530273,24.103208541870117,56474100
2018-07-31,28.229999542236328,28.239999771118164,27.889999389648438,27.950000762939453,23.931957244873047,84500100
2018-08-01,28.1299991607666,28.270000457763672,27.8799991607666,27.950000762939453,23.931957244873047,64046900
2018-08-02,27.770000457763672,28.010000228881836,27.68000030517578,27.959999084472656,23.940523147583008,38330700
2018-08-03,27.920000076293945,28.1200008392334,27.920000076293945,28.1200008392334,24.077524185180664,34894300
2018-08-06,28.15999984741211,28.34000015258789,28.100000381469727,28.270000457763672,24.205957412719727,38230100
2018-08-07,28.350000381469727,28.559999465942383,28.329999923706055,28.399999618530273,24.317262649536133,44608600
2018-08-08,28.360000610351562,28.520000457763672,28.34000015258789,28.469999313354492,24.377206802368164,47522000
2018-08-09,28.399999618530273,28.469999313354492,28.299999237060547,28.299999237060547,24.231639862060547,29357800
2018-08-10,27.93000030517578,28.06999969482422,27.829999923706055,27.969999313354492,23.94908332824707,83301400
2018-08-13,27.969999313354492,28.040000915527344,27.690000534057617,27.700000762939453,23.7179012298584,74413500
2018-08-14,27.799999237060547,28.010000228881836,27.719999313354492,27.959999084472656,23.940523147583008,43659000
2018-08-15,27.729999542236328,27.8799991607666,27.610000610351562,27.739999771118164,23.752151489257812,55681100
2018-08-16,27.8700008392334,28.190000534057617,27.8700008392334,28.110000610351562,24.068960189819336,49534200
2018-08-17,28.030000686645508,28.209999084472656,28.030000686645508,28.170000076293945,24.120328903198242,43193100
2018-08-20,28.170000076293945,28.309999465942383,28.1299991607666,28.260000228881836,24.197402954101562,30053700
2018-08-21,28.280000686645508,28.510000228881836,28.219999313354492,28.3700008392334,24.29158592224121,47940000
2018-08-22,28.25,28.3799991607666,28.229999542236328,28.270000457763672,24.205957412719727,27323300
2018-08-23,28.260000228881836,28.290000915527344,28.100000381469727,28.139999389648438,24.09464454650879,31767800
2018-08-24,28.25,28.299999237060547,28.190000534057617,28.239999771118164,24.180274963378906,22064500
2018-08-27,28.350000381469727,28.719999313354492,28.34000015258789,28.6200008392334,24.50564193725586,52254500
2018-08-28,28.700000762939453,28.719999313354492,28.540000915527344,28.59000015258789,24.479957580566406,28896800
2018-08-29,28.59000015258789,28.65999984741211,28.440000534057617,28.579999923706055,24.47139549255371,34015300
2018-08-30,28.450000762939453,28.559999465942383,28.309999465942383,28.360000610351562,24.283018112182617,43264100
2018-08-31,28.260000228881836,28.350000381469727,28.170000076293945,28.329999923706055,24.2573299407959,34107800
2018-09-04,28.270000457763672,28.5,28.200000762939453,28.469999313354492,24.377206802368164,43145600
2018-09-05,28.450000762939453,28.639999389648438,28.43000030517578,28.489999771118164,24.394330978393555,32727700
2018-09-06,28.450000762939453,28.530000686645508,28.270000457763672,28.360000610351562,24.283018112182617,38328900
2018-09-07,28.420000076293945,28.440000534057617,28.209999084472656,28.329999923706055,24.2573299407959,43644300
2018-09-10,28.399999618530273,28.440000534057617,28.270000457763672,28.299999237060547,24.231639862060547,29927200
2018-09-11,28.219999313354492,28.40999984741211,28.1200008392334,28.329999923706055,24.2573299407959,32065200
2018-09-12,28.329999923706055,28.389999389648438,28.049999237060547,28.06999969482422,24.03470802307129,47963400
2018-09-13,28.139999389648438,28.280000686645508,27.969999313354492,28.030000686645508,24.000459671020508,44977100
2018-09-14,28.06999969482422,28.260000228881836,28.059999465942383,28.229999542236328,24.171709060668945,34151000
2018-09-17,28.229999542236328,28.309999465942383,28.079999923706055,28.110000610351562,24.068960189819336,26907900
2018-09-18,28.18000030517578,28.280000686645508,28.059999465942383,28.25,24.188833236694336,36405600
2018-09-19,28.229999542236328,28.81999969482422,28.229999542236328,28.729999542236328,24.599824905395508,75551800
2018-09-20,28.940000534057617,29.06999969482422,28.8700008392334,28.979999542236328,24.813888549804688,78555500
2018-09-21,28.950000762939453,29.0,28.700000762939453,28.739999771118164,24.717565536499023,64710000
2018-09-24,28.709999084472656,28.75,28.399999618530273,28.420000076293945,24.442350387573242,47985100
2018-09-25,28.530000686645508,28.549999237060547,28.299999237060547,28.309999465942383,24.34774398803711,32964400
2018-09-26,28.350000381469727,28.389999389648438,27.899999618530273,27.969999313354492,24.055334091186523,60288100
2018-09-27,28.0,28.100000381469727,27.84000015258789,27.8700008392334,23.969331741333008,57492200
2018-09-28,27.760000228881836,27.770000457763672,27.540000915527344,27.579999923706055,23.71991539001465,66454900
2018-10-01,27.739999771118164,27.889999389648438,27.600000381469727,27.690000534057617,23.814523696899414,49855000
2018-10-02,27.649999618530273,27.739999771118164,27.469999313354492,27.690000534057617,23.814523696899414,47629500
2018-10-03,27.8700008392334,28.06999969482422,27.790000915527344,27.950000762939453,24.038135528564453,79591400
2018-10-04,27.940000534057617,28.350000381469727,27.920000076293945,28.139999389648438,24.2015438079834,94700800
2018-10-05,28.209999084472656,28.309999465942383,27.93000030517578,28.0,24.081134796142578,58148700
2018-10-08,27.920000076293945,28.280000686645508,27.899999618530273,28.190000534057617,24.244543075561523,56594900
2018-10-09,28.059999465942383,28.200000762939453,27.8799991607666,28.079999923706055,24.14993667602539,47963500
2018-10-10,28.06999969482422,28.139999389648438,27.209999084472656,27.209999084472656,23.401700973510742,101604400
2018-10-11,27.049999237060547,27.219999313354492,26.31999969482422,26.399999618530273,22.7050724029541,178628200
2018-10-12,26.8799991607666,26.920000076293945,26.030000686645508,26.43000030517578,22.730871200561523,137933000
2018-10-15,26.440000534057617,26.6299991607666,26.309999465942383,26.309999465942383,22.62766456604004,82196400
2018-10-16,26.489999771118164,26.770000457763672,26.309999465942383,26.75,23.006080627441406,75137300
2018-10-17,26.690000534057617,27.190000534057617,26.559999465942383,27.020000457763672,23.238300323486328,79472100
2018-10-18,26.8700008392334,27.06999969482422,26.489999771118164,26.56999969482422,22.851276397705078,81706000
2018-10-19,26.549999237060547,26.8799991607666,26.420000076293945,26.670000076293945,22.937284469604492,73614300
2018-10-22,26.700000762939453,26.760000228881836,26.100000381469727,26.100000381469727,22.447057723999023,58645800
2018-10-23,25.56999969482422,26.040000915527344,25.420000076293945,25.889999389648438,22.26644515991211,93698200
2018-10-24,25.850000381469727,25.850000381469727,25.139999389648438,25.239999771118164,21.707426071166992,98050700
2018-10-25,25.360000610351562,25.84000015258789,25.329999923706055,25.6299991607666,22.042837142944336,72439400
2018-10-26,25.31999969482422,25.520000457763672,25.020000457763672,25.260000228881836,21.724626541137695,115308900
2018-10-29,25.56999969482422,25.93000030517578,25.209999084472656,25.479999542236328,21.913829803466797,97946100
2018-10-30,25.6200008392334,25.940000534057617,25.440000534057617,25.920000076293945,22.29224967956543,82719100
2018-10-31,26.170000076293945,26.610000610351562,26.1299991607666,26.280000686645508,22.601863861083984,93781100
2018-11-01,26.350000381469727,26.510000228881836,26.219999313354492,26.399999618530273,22.7050724029541,62346600
2018-11-02,26.65999984741211,26.809999465942383,26.18000030517578,26.3799991607666,22.687868118286133,73034200
2018-11-05,26.489999771118164,26.8799991607666,26.489999771118164,26.799999237060547,23.04908561706543,58705800
2018-11-06,26.780000686645508,26.940000534057617,26.649999618530273,26.940000534057617,23.16948890686035,51010900
2018-11-07,27.09000015258789,27.31999969482422,26.81999969482422,27.290000915527344,23.470504760742188,59990800
2018-11-08,27.1299991607666,27.520000457763672,27.040000915527344,27.3700008392334,23.539306640625,46730100
2018-11-09,27.299999237060547,27.3799991607666,26.979999542236328,27.1200008392334,23.324302673339844,47051200
2018-11-12,27.059999465942383,27.18000030517578,26.530000686645508,26.579999923706055,22.85987663269043,47135500
2018-11-13,26.6200008392334,26.989999771118164,26.600000381469727,26.729999542236328,22.988882064819336,69820600
2018-11-14,26.940000534057617,26.979999542236328,26.079999923706055,26.3700008392334,22.679269790649414,104274200
2018-11-15,26.190000534057617,26.780000686645508,26.030000686645508,26.760000228881836,23.014684677124023,93998000
2018-11-16,26.6200008392334,26.90999984741211,26.469999313354492,26.790000915527344,23.040494918823242,80518300
2018-11-19,26.770000457763672,26.899999618530273,26.540000915527344,26.780000686645508,23.03188133239746,65491300
2018-11-20,26.469999313354492,26.579999923706055,26.110000610351562,26.190000534057617,22.52446174621582,103778300
2018-11-21,26.34000015258789,26.59000015258789,26.1299991607666,26.209999084472656,22.541664123535156,48618000
2018-11-23,26.06999969482422,26.219999313354492,25.93000030517578,26.0,22.36104965209961,24252300
2018-11-26,26.270000457763672,26.6299991607666,26.260000228881836,26.530000686645508,22.816875457763672,50168800
2018-11-27,26.479999542236328,26.6299991607666,26.420000076293945,26.549999237060547,22.834077835083008,47174300
2018-11-28,26.6299991607666,27.059999465942383,26.399999618530273,27.059999465942383,23.272695541381836,61375300
2018-11-29,26.860000610351562,27.010000228881836,26.719999313354492,26.829999923706055,23.074886322021484,43664100
2018-11-30,26.75,27.079999923706055,26.709999084472656,26.969999313354492,23.19529151916504,45435200
2018-12-03,27.360000610351562,27.469999313354492,26.950000762939453,27.139999389648438,23.34149932861328,65332700
2018-12-04,27.0,27.010000228881836,25.829999923706055,25.959999084472656,22.326648712158203,110918600
2018-12-06,25.3799991607666,25.610000610351562,24.93000030517578,25.600000381469727,22.01703453063965,134687100
2018-12-07,25.540000915527344,25.899999618530273,24.989999771118164,25.110000610351562,21.595613479614258,86740000
2018-12-10,25.010000228881836,25.079999923706055,24.299999237060547,24.760000228881836,21.294601440429688,101121800
2018-12-11,25.06999969482422,25.219999313354492,24.43000030517578,24.520000457763672,21.088193893432617,92308200
2018-12-12,24.860000610351562,25.020000457763672,24.540000915527344,24.65999984741211,21.208593368530273,86748900
2018-12-13,24.649999618530273,24.780000686645508,24.389999389648438,24.479999542236328,21.053791046142578,67232900
2018-12-14,24.239999771118164,24.579999923706055,24.190000534057617,24.239999771118164,20.847383499145508,66817000
2018-12-17,24.100000381469727,24.469999313354492,23.889999389648438,24.0,20.640975952148438,101180400
2018-12-18,24.139999389648438,24.399999618530273,23.760000228881836,23.90999984741211,20.56357192993164,90844000
2018-12-19,23.860000610351562,24.389999389648438,23.420000076293945,23.610000610351562,20.305559158325195,129331700
2018-12-20,23.3799991607666,23.75,23.270000457763672,23.399999618530273,20.124948501586914,107016900
2018-12-21,23.229999542236328,23.670000076293945,22.739999771118164,22.790000915527344,19.722536087036133,118502300
2018-12-24,22.489999771118164,22.75,22.280000686645508,22.309999465942383,19.30714225769043,71752700
2018-12-26,22.3700008392334,23.329999923706055,22.049999237060547,23.31999969482422,20.18120002746582,108133500
2018-12-27,22.93000030517578,23.600000381469727,22.709999084472656,23.600000381469727,20.423511505126953,98005000
2018-12-28,23.709999084472656,23.899999618530273,23.489999771118164,23.59000015258789,20.41485595703125,76348400
2018-12-31,23.719999313354492,23.920000076293945,23.520000457763672,23.81999969482422,20.6138973236084,56435400
