date,open,high,low,close,adjclose,volume
2010-01-04,28.959999084472656,29.405000686645508,28.895000457763672,29.405000686645508,17.043315887451172,33856800
2010-01-05,29.44499969482422,29.704999923706055,29.309999465942383,29.645000457763672,17.182430267333984,34736200
2010-01-06,29.65999984741211,30.09000015258789,29.594999313354492,30.0,17.388187408447266,48703800
2010-01-07,29.8700008392334,30.0049991607666,29.649999618530273,29.954999923706055,17.362104415893555,34899000
2010-01-08,29.850000381469727,30.174999237060547,29.7450008392334,30.149999618530273,17.475128173828125,26688600
2010-01-11,30.344999313354492,30.434999465942383,29.864999771118164,30.110000610351562,17.45194435119629,38919800
2010-01-12,29.649999618530273,29.854999542236328,29.520000457763672,29.674999237060547,17.19980812072754,43021200
2010-01-13,29.65999984741211,29.899999618530273,29.260000228881836,29.78499984741211,17.263568878173828,44275000
2010-01-14,29.780000686645508,29.94499969482422,29.665000915527344,29.8700008392334,17.31283950805664,31090800
2010-01-15,29.834999084472656,29.899999618530273,29.424999237060547,29.6299991607666,17.17373275756836,38110400
2010-01-19,29.549999237060547,29.950000762939453,29.4950008392334,29.899999618530273,17.33022689819336,29226200
2010-01-20,29.579999923706055,29.579999923706055,29.209999084472656,29.434999465942383,17.060705184936523,31283400
2010-01-21,29.459999084472656,29.549999237060547,28.764999389648438,28.834999084472656,16.712942123413086,50413200
2010-01-22,28.69499969482422,28.860000610351562,28.06999969482422,28.149999618530273,16.3159122467041,46057200
2010-01-25,28.34000015258789,28.610000610351562,28.2450008392334,28.334999084472656,16.423137664794922,31802400
2010-01-26,28.100000381469727,28.649999618530273,27.959999084472656,28.155000686645508,16.318803787231445,43030600
2010-01-27,28.075000762939453,28.325000762939453,27.59000015258789,28.045000076293945,16.255050659179688,53233400
2010-01-28,28.25,28.309999465942383,27.399999618530273,27.75,16.084070205688477,68861400
2010-01-29,27.954999923706055,28.229999542236328,27.110000610351562,27.25,15.794267654418945,65605400
2010-02-01,27.575000762939453,28.155000686645508,27.55500030517578,28.149999618530273,16.3159122467041,43626600
2010-02-02,28.2549991607666,28.56999969482422,28.024999618530273,28.520000457763672,16.53036117553711,44501600
2010-02-03,28.440000534057617,28.674999237060547,28.209999084472656,28.274999618530273,16.388364791870117,39498600
2010-02-04,28.049999237060547,28.059999465942383,27.100000381469727,27.114999771118164,15.716022491455078,74346400
2010-02-05,27.110000610351562,27.239999771118164,26.334999084472656,27.1200008392334,15.718913078308105,92756800
2010-02-08,27.125,27.44499969482422,26.864999771118164,26.8700008392334,15.574019432067871,48230200
2010-02-09,27.239999771118164,27.780000686645508,27.155000686645508,27.434999465942383,15.901498794555664,67116200
2010-02-10,27.44499969482422,27.489999771118164,26.889999389648438,27.31999969482422,15.834836959838867,48364600
2010-02-11,27.264999389648438,27.844999313354492,27.145000457763672,27.78499984741211,16.104354858398438,45889000
2010-02-12,27.450000762939453,27.809999465942383,27.270000457763672,27.795000076293945,16.110151290893555,39667800
2010-02-16,28.149999618530273,28.549999237060547,28.1200008392334,28.450000762939453,16.489784240722656,39669800
2010-02-17,28.530000686645508,28.59000015258789,28.219999313354492,28.40999984741211,16.46660804748535,36275600
2010-02-18,28.3799991607666,28.639999389648438,28.239999771118164,28.56999969482422,16.559345245361328,33145400
2010-02-19,28.46500015258789,28.780000686645508,28.329999923706055,28.68000030517578,16.62310218811035,32996600
2010-02-22,28.75,28.7549991607666,28.225000381469727,28.28499984741211,16.39415740966797,34699400
2010-02-23,28.149999618530273,28.219999313354492,27.684999465942383,27.815000534057617,16.121742248535156,42202400
2010-02-24,27.80500030517578,28.094999313354492,27.719999313354492,27.989999771118164,16.223169326782227,35260600
2010-02-25,27.59000015258789,28.020000457763672,27.360000610351562,28.0049991607666,16.231870651245117,41896200
2010-02-26,28.06999969482422,28.170000076293945,27.825000762939453,28.06999969482422,16.26954460144043,34493600
2010-03-01,28.200000762939453,28.399999618530273,28.174999237060547,28.329999923706055,16.420238494873047,27932000
2010-03-02,28.514999389648438,28.780000686645508,28.454999923706055,28.565000534057617,16.55644989013672,33492600
2010-03-03,28.674999237060547,28.940000534057617,28.674999237060547,28.690000534057617,16.62889862060547,33534600
2010-03-04,28.735000610351562,28.825000762939453,28.420000076293945,28.540000915527344,16.541959762573242,32662000
2010-03-05,28.81999969482422,29.139999389648438,28.790000915527344,29.075000762939453,16.852048873901367,30670400
2010-03-08,29.155000686645508,29.2549991607666,28.905000686645508,29.030000686645508,16.825960159301758,25224000
2010-03-09,28.875,29.190000534057617,28.834999084472656,29.030000686645508,16.825960159301758,33407600
2010-03-10,29.059999465942383,29.325000762939453,28.924999237060547,29.28499984741211,16.973766326904297,34744400
2010-03-11,29.174999237060547,29.290000915527344,29.084999084472656,29.235000610351562,16.944780349731445,26066600
2010-03-12,29.424999237060547,29.424999237060547,29.125,29.25,16.95348358154297,27319600
2010-03-15,29.139999389648438,29.18000030517578,28.645000457763672,28.950000762939453,16.779603958129883,36747200
2010-03-16,29.094999313354492,29.239999771118164,28.864999771118164,29.209999084472656,16.93029022216797,38322600
2010-03-17,29.354999542236328,29.709999084472656,29.315000534057617,29.530000686645508,17.115764617919922,43343600
2010-03-18,29.530000686645508,29.575000762939453,28.93000030517578,29.09000015258789,16.860740661621094,39453800
2010-03-19,28.639999389648438,29.125,28.3799991607666,28.639999389648438,16.65804100036621,44824800
2010-03-22,28.280000686645508,28.69499969482422,28.165000915527344,28.565000534057617,16.614423751831055,39713000
2010-03-23,28.6299991607666,28.719999313354492,28.44499969482422,28.674999237060547,16.67840003967285,34841400
2010-03-24,28.485000610351562,28.760000228881836,28.420000076293945,28.510000228881836,16.582427978515625,41494000
2010-03-25,28.71500015258789,28.78499984741211,27.985000610351562,28.030000686645508,16.303247451782227,44246000
2010-03-26,28.125,28.219999313354492,27.860000610351562,28.040000915527344,16.309059143066406,42987800
2010-03-29,28.219999313354492,28.639999389648438,28.200000762939453,28.584999084472656,16.626052856445312,38952000
2010-03-30,28.649999618530273,28.684999465942383,28.454999923706055,28.6299991607666,16.65222930908203,26115600
2010-03-31,28.684999465942383,28.889999389648438,28.565000534057617,28.760000228881836,16.727842330932617,30335400
2010-04-01,29.045000076293945,29.334999084472656,29.020000457763672,29.270000457763672,17.024471282958984,35980200
2010-04-05,29.450000762939453,29.844999313354492,29.350000381469727,29.790000915527344,17.326929092407227,34911400
2010-04-06,29.75,29.889999389648438,29.6299991607666,29.790000915527344,17.326929092407227,27071600
2010-04-07,29.719999313354492,29.739999771118164,29.325000762939453,29.4950008392334,17.15534210205078,39071600
2010-04-08,29.274999618530273,29.69499969482422,29.135000228881836,29.600000381469727,17.21640968322754,38919400
2010-04-09,29.795000076293945,29.96500015258789,29.75,29.915000915527344,17.399625778198242,34977200
2010-04-12,29.889999389648438,30.190000534057617,29.8799991607666,29.985000610351562,17.440343856811523,30055600
2010-04-13,29.94499969482422,30.020000457763672,29.565000534057617,29.8799991607666,17.37926483154297,27711000
2010-04-14,30.030000686645508,30.190000534057617,29.764999389648438,30.165000915527344,17.5450382232666,29171200
2010-04-15,30.1299991607666,30.270000457763672,30.03499984741211,30.15999984741211,17.542131423950195,27894400
2010-04-16,29.989999771118164,30.125,29.454999923706055,29.649999618530273,17.245494842529297,73328400
2010-04-19,29.3799991607666,29.700000762939453,29.290000915527344,29.690000534057617,17.268760681152344,42298200
2010-04-20,29.915000915527344,30.3799991607666,29.889999389648438,30.270000457763672,17.606111526489258,39333200
2010-04-21,30.280000686645508,30.46500015258789,30.020000457763672,30.239999771118164,17.588661193847656,37143200
2010-04-22,29.985000610351562,30.31999969482422,29.760000228881836,30.315000534057617,17.63228416442871,21374000
2010-04-23,30.325000762939453,31.045000076293945,30.28499984741211,31.045000076293945,18.056875228881836,52021800
2010-04-26,31.100000381469727,31.149999618530273,30.889999389648438,30.940000534057617,17.995811462402344,34525600
2010-04-27,30.725000381469727,30.954999923706055,29.915000915527344,29.989999771118164,17.44325065612793,82804800
2010-04-28,30.19499969482422,30.375,29.885000228881836,30.295000076293945,17.62065315246582,46190000
2010-04-29,30.450000762939453,30.69499969482422,30.125,30.329999923706055,17.641010284423828,57721400
2010-04-30,30.399999618530273,30.415000915527344,29.764999389648438,29.954999923706055,17.422893524169922,45833000
2010-05-03,30.084999084472656,30.53499984741211,29.7450008392334,30.295000076293945,17.62065315246582,33379800
2010-05-04,29.895000457763672,29.920000076293945,29.174999237060547,29.485000610351562,17.14952850341797,61168800
2010-05-05,28.94499969482422,29.424999237060547,28.760000228881836,29.020000457763672,16.879064559936523,70413000
2010-05-06,28.760000228881836,29.09000015258789,26.145000457763672,28.030000686645508,16.303247451782227,94401400
2010-05-07,27.950000762939453,28.315000534057617,27.145000457763672,27.4950008392334,15.992064476013184,98981800
2010-05-10,28.565000534057617,28.780000686645508,28.260000228881836,28.670000076293945,16.675487518310547,59433800
2010-05-11,28.3700008392334,28.915000915527344,28.344999313354492,28.479999542236328,16.56497573852539,45673200
2010-05-12,28.540000915527344,28.969999313354492,28.540000915527344,28.875,16.794727325439453,37616200
2010-05-13,28.829999923706055,29.05500030517578,28.55500030517578,28.690000534057617,16.68712043762207,42234600
2010-05-14,28.424999237060547,28.510000228881836,27.68000030517578,28.1200008392334,16.355594635009766,56791400
2010-05-17,28.209999084472656,28.290000915527344,27.229999542236328,27.829999923706055,16.186918258666992,63878600
2010-05-18,28.235000610351562,28.43000030517578,27.454999923706055,27.614999771118164,16.061870574951172,61329800
2010-05-19,27.454999923706055,27.65999984741211,26.829999923706055,27.299999237060547,15.878647804260254,60211200
2010-05-20,26.600000381469727,26.684999465942383,26.0,26.079999923706055,15.169053077697754,89767600
2010-05-21,25.565000534057617,26.594999313354492,25.5049991607666,26.53499984741211,15.43370246887207,80312000
2010-05-24,26.479999542236328,26.549999237060547,25.889999389648438,25.93000030517578,15.081809997558594,54698400
2010-05-25,25.235000610351562,26.0,25.075000762939453,25.989999771118164,15.11670970916748,86228000
2010-05-26,26.295000076293945,26.540000915527344,25.850000381469727,25.934999465942383,15.084718704223633,59695200
2010-05-27,26.59000015258789,27.06999969482422,26.4950008392334,27.03499984741211,15.724520683288574,60610400
2010-05-28,26.969999313354492,27.0049991607666,26.325000762939453,26.524999618530273,15.427886962890625,52657400
2010-06-01,26.084999084472656,26.270000457763672,25.219999313354492,25.264999389648438,14.695019721984863,72695200
2010-06-02,25.440000534057617,26.399999618530273,25.395000457763672,26.360000610351562,15.331915855407715,55296400
2010-06-03,26.635000228881836,26.770000457763672,26.065000534057617,26.71500015258789,15.538390159606934,67379800
2010-06-04,26.145000457763672,26.719999313354492,25.59000015258789,25.774999618530273,14.991654396057129,59718800
2010-06-07,25.8799991607666,26.18000030517578,25.5,25.549999237060547,14.860783576965332,48249600
2010-06-08,25.59000015258789,26.05500030517578,25.344999313354492,25.975000381469727,15.107982635498047,70188800
2010-06-09,26.235000610351562,26.639999389648438,25.56999969482422,25.704999923706055,14.950944900512695,61359800
2010-06-10,26.389999389648438,27.049999237060547,26.329999923706055,26.9950008392334,15.701252937316895,51986800
2010-06-11,26.614999771118164,27.174999237060547,26.614999771118164,27.15999984741211,15.797219276428223,30326200
2010-06-14,27.4950008392334,27.69499969482422,27.0049991607666,27.020000457763672,15.715795516967773,47629000
2010-06-15,27.299999237060547,27.850000381469727,27.229999542236328,27.809999465942383,16.175281524658203,34142400
2010-06-16,27.614999771118164,27.979999542236328,27.5,27.790000915527344,16.163652420043945,28992600
2010-06-17,27.875,27.875,27.459999084472656,27.760000228881836,16.146207809448242,34826000
2010-06-18,27.6299991607666,27.850000381469727,27.43000030517578,27.80500030517578,16.246112823486328,27196400
2010-06-21,28.264999389648438,28.350000381469727,27.53499984741211,27.7450008392334,16.211063385009766,33251400
2010-06-22,27.725000381469727,27.739999771118164,26.844999313354492,26.934999465942383,15.737783432006836,43145200
2010-06-23,26.899999618530273,26.924999237060547,26.575000762939453,26.729999542236328,15.618010520935059,35639200
2010-06-24,26.56999969482422,26.735000610351562,26.049999237060547,26.170000076293945,15.290803909301758,33908000
2010-06-25,26.209999084472656,26.479999542236328,25.885000228881836,26.2450008392334,15.334626197814941,40874800
2010-06-28,26.364999771118164,26.364999771118164,25.860000610351562,25.889999389648438,15.127202987670898,31908800
2010-06-29,25.524999618530273,25.530000686645508,24.850000381469727,25.03499984741211,14.627642631530762,44985200
2010-06-30,24.9950008392334,25.375,24.78499984741211,24.84000015258789,14.513700485229492,33385600
2010-07-01,24.924999237060547,25.065000534057617,24.280000686645508,24.75,14.461114883422852,51605200
2010-07-02,24.905000686645508,25.014999389648438,24.479999542236328,24.690000534057617,14.42605972290039,22839200
2010-07-06,25.1200008392334,25.3799991607666,24.655000686645508,24.93000030517578,14.566292762756348,34598000
2010-07-07,25.059999465942383,25.825000762939453,25.0,25.809999465942383,15.080459594726562,37817400
2010-07-08,26.110000610351562,26.25,25.704999923706055,26.174999237060547,15.293732643127441,29743000
2010-07-09,26.149999618530273,26.350000381469727,26.040000915527344,26.309999465942383,15.372605323791504,18225800
2010-07-12,26.209999084472656,26.434999465942383,25.9950008392334,26.239999771118164,15.33171272277832,16413800
2010-07-13,26.59000015258789,26.7549991607666,26.459999084472656,26.55500030517578,15.515754699707031,28330200
2010-07-14,26.434999465942383,26.670000076293945,26.25,26.524999618530273,15.498230934143066,23880200
2010-07-15,26.489999771118164,26.600000381469727,26.045000076293945,26.4950008392334,15.480698585510254,29824600
2010-07-16,26.264999389648438,26.364999771118164,25.674999237060547,25.864999771118164,15.11259937286377,36261600
2010-07-19,25.969999313354492,26.18000030517578,25.7549991607666,26.030000686645508,15.209003448486328,25082600
2010-07-20,25.65999984741211,26.65999984741211,25.655000686645508,26.625,15.556654930114746,33496400
2010-07-21,26.795000076293945,26.795000076293945,25.9950008392334,26.190000534057617,15.302495002746582,45027600
2010-07-22,26.55500030517578,27.010000228881836,26.479999542236328,26.770000457763672,15.64138126373291,45984400
2010-07-23,26.709999084472656,26.895000457763672,26.399999618530273,26.889999389648438,15.711495399475098,36051600
2010-07-26,26.905000686645508,27.170000076293945,26.825000762939453,27.125,15.848799705505371,23881600
2010-07-27,27.2450008392334,27.290000915527344,26.760000228881836,26.9950008392334,15.772843360900879,32817800
2010-07-28,26.93000030517578,27.1299991607666,26.850000381469727,26.934999465942383,15.737783432006836,21551400
2010-07-29,27.114999771118164,27.360000610351562,26.709999084472656,26.975000381469727,15.761157035827637,29114600
2010-07-30,26.700000762939453,27.059999465942383,26.614999771118164,26.920000076293945,15.72901439666748,23632200
2010-08-02,27.424999237060547,27.94499969482422,27.385000228881836,27.860000610351562,16.27825164794922,55158000
2010-08-03,27.7450008392334,28.030000686645508,27.6200008392334,27.850000381469727,16.27240753173828,28509000
2010-08-04,27.924999237060547,28.135000228881836,27.790000915527344,28.065000534057617,16.398033142089844,26215400
2010-08-05,27.8799991607666,28.155000686645508,27.75,28.155000686645508,16.45061492919922,17817400
2010-08-06,27.80500030517578,27.959999084472656,27.415000915527344,27.81999969482422,16.25487518310547,36234800
2010-08-09,27.950000762939453,28.03499984741211,27.764999389648438,27.934999465942383,16.32206916809082,13428400
2010-08-10,27.610000610351562,27.84000015258789,27.424999237060547,27.704999923706055,16.187692642211914,24521000
2010-08-11,27.19499969482422,27.235000610351562,26.790000915527344,26.8799991607666,15.705648422241211,37659400
2010-08-12,26.485000610351562,26.93000030517578,26.450000762939453,26.719999313354492,15.612160682678223,30510800
2010-08-13,26.65999984741211,26.920000076293945,26.594999313354492,26.674999237060547,15.585870742797852,18199400
2010-08-16,26.530000686645508,26.7450008392334,26.375,26.670000076293945,15.5829439163208,20571400
2010-08-17,26.940000534057617,27.2549991607666,26.809999465942383,27.114999771118164,15.84295654296875,36034800
2010-08-18,27.040000915527344,27.079999923706055,26.610000610351562,26.854999542236328,15.691040992736816,37387800
2010-08-19,26.725000381469727,26.774999618530273,26.270000457763672,26.420000076293945,15.436877250671387,32998200
2010-08-20,26.274999618530273,26.295000076293945,25.885000228881836,26.094999313354492,15.246976852416992,24849400
2010-08-23,26.145000457763672,26.360000610351562,26.084999084472656,26.104999542236328,15.252824783325195,16351600
2010-08-24,25.75,26.045000076293945,25.610000610351562,25.700000762939453,15.016191482543945,29477600
2010-08-25,25.55500030517578,25.700000762939453,25.209999084472656,25.6200008392334,14.969449996948242,38673400
2010-08-26,25.764999389648438,25.850000381469727,25.2450008392334,25.389999389648438,14.835064888000488,21953600
2010-08-27,25.540000915527344,26.100000381469727,25.165000915527344,26.049999237060547,15.220695495605469,39417400
2010-08-30,26.0,26.1200008392334,25.665000915527344,25.670000076293945,14.99866008758545,18313200
2010-08-31,25.55500030517578,25.799999237060547,25.405000686645508,25.600000381469727,14.957759857177734,35157400
2010-09-01,26.024999618530273,26.6200008392334,25.985000610351562,26.55500030517578,15.515754699707031,38265800
2010-09-02,26.59000015258789,26.825000762939453,26.440000534057617,26.774999618530273,15.644298553466797,19697400
2010-09-03,27.014999389648438,27.219999313354492,26.875,27.100000381469727,15.834196090698242,26494200
2010-09-07,26.895000457763672,26.924999237060547,26.610000610351562,26.69499969482422,15.59755802154541,22814000
2010-09-08,26.725000381469727,27.059999465942383,26.709999084472656,26.924999237060547,15.731945991516113,18584400
2010-09-09,27.2549991607666,27.30500030517578,26.8799991607666,26.979999542236328,15.764081001281738,15673400
2010-09-10,27.139999389648438,27.315000534057617,27.09000015258789,27.260000228881836,15.927680969238281,15190600
2010-09-13,27.5,27.53499984741211,27.28499984741211,27.479999542236328,16.056222915649414,18263200
2010-09-14,27.424999237060547,27.614999771118164,27.270000457763672,27.385000228881836,16.000717163085938,27955800
2010-09-15,27.200000762939453,27.334999084472656,27.045000076293945,27.329999923706055,15.968578338623047,28226000
2010-09-16,27.19499969482422,27.31999969482422,27.040000915527344,27.204999923706055,15.895540237426758,33517600
2010-09-17,27.15999984741211,27.204999923706055,26.854999542236328,26.94499969482422,15.81601333618164,28705800
2010-09-20,27.030000686645508,27.5049991607666,26.90999984741211,27.399999618530273,16.083078384399414,38781800
2010-09-21,27.434999465942383,27.584999084472656,27.184999465942383,27.420000076293945,16.09482192993164,33533000
2010-09-22,27.364999771118164,27.684999465942383,27.200000762939453,27.219999313354492,15.977429389953613,32318000
2010-09-23,26.979999542236328,27.280000686645508,26.90999984741211,27.049999237060547,15.877641677856445,24716800
2010-09-24,27.350000381469727,27.770000457763672,27.235000610351562,27.635000228881836,16.22102165222168,49249000
2010-09-27,27.704999923706055,27.799999237060547,27.530000686645508,27.530000686645508,16.159387588500977,21783000
2010-09-28,27.55500030517578,27.825000762939453,27.274999618530273,27.725000381469727,16.27384376525879,33159200
2010-09-29,27.68000030517578,28.149999618530273,27.625,28.020000457763672,16.447004318237305,42985800
2010-09-30,28.239999771118164,28.375,27.75,28.030000686645508,16.452880859375,46339600
2010-10-01,28.299999237060547,28.475000381469727,28.1299991607666,28.405000686645508,16.672988891601562,40019800
2010-10-04,28.270000457763672,28.44499969482422,27.84000015258789,28.049999237060547,16.46461296081543,29505400
2010-10-05,28.354999542236328,28.815000534057617,28.299999237060547,28.709999084472656,16.85201644897461,43231600
2010-10-06,28.709999084472656,29.05500030517578,28.700000762939453,28.96500015258789,17.00170135498047,28210200
2010-10-07,29.084999084472656,29.1200008392334,28.604999542236328,28.81999969482422,16.91658592224121,27125600
2010-10-08,28.795000076293945,29.290000915527344,28.729999542236328,29.18000030517578,17.12789535522461,31677600
2010-10-11,29.200000762939453,29.40999984741211,29.149999618530273,29.260000228881836,17.17485809326172,16092000
2010-10-12,29.135000228881836,29.344999313354492,28.815000534057617,29.21500015258789,17.148435592651367,33330200
2010-10-13,29.389999389648438,29.719999313354492,29.329999923706055,29.56999969482422,17.3568172454834,29362800
2010-10-14,29.475000381469727,29.729999542236328,29.28499984741211,29.524999618530273,17.33039665222168,23005600
2010-10-15,29.690000534057617,29.735000610351562,29.280000686645508,29.604999542236328,17.377365112304688,30153600
2010-10-18,29.530000686645508,29.905000686645508,29.440000534057617,29.684999465942383,17.424318313598633,21854400
2010-10-19,29.375,29.43000030517578,28.850000381469727,29.094999313354492,17.078004837036133,38568400
2010-10-20,29.19499969482422,29.655000686645508,29.084999084472656,29.469999313354492,17.298114776611328,25257200
2010-10-21,29.55500030517578,29.790000915527344,29.135000228881836,29.454999923706055,17.289310455322266,26826000
2010-10-22,29.604999542236328,29.7450008392334,29.510000228881836,29.649999618530273,17.40377426147461,13117600
2010-10-25,29.8799991607666,30.145000457763672,29.68000030517578,29.729999542236328,17.450727462768555,22706400
2010-10-26,29.645000457763672,29.825000762939453,29.55500030517578,29.790000915527344,17.485950469970703,21375800
2010-10-27,29.520000457763672,29.69499969482422,29.219999313354492,29.665000915527344,17.412578582763672,25804800
2010-10-28,29.860000610351562,29.934999465942383,29.485000610351562,29.600000381469727,17.374427795410156,23175600
2010-10-29,29.44499969482422,29.649999618530273,29.3799991607666,29.6200008392334,17.386165618896484,18718400
2010-11-01,29.915000915527344,30.084999084472656,29.53499984741211,29.655000686645508,17.406705856323242,24041200
2010-11-02,29.875,30.1200008392334,29.770000457763672,29.979999542236328,17.597475051879883,20455000
2010-11-03,30.079999923706055,30.104999542236328,29.594999313354492,30.045000076293945,17.635629653930664,45454800
2010-11-04,30.485000610351562,31.010000228881836,30.485000610351562,31.0,18.196189880371094,38657000
2010-11-05,30.969999313354492,31.155000686645508,30.875,31.155000686645508,18.28717041015625,29371800
2010-11-08,30.975000381469727,31.290000915527344,30.954999923706055,31.25,18.34292984008789,23977400
2010-11-09,31.395000457763672,31.6299991607666,31.0049991607666,31.190000534057617,18.307710647583008,40127600
2010-11-10,31.290000915527344,31.604999542236328,30.96500015258789,31.59000015258789,18.542499542236328,35556600
2010-11-11,31.44499969482422,31.94499969482422,31.424999237060547,31.940000534057617,18.747943878173828,36081400
2010-11-12,31.59000015258789,31.739999771118164,31.190000534057617,31.469999313354492,18.472064971923828,35748600
2010-11-15,31.665000915527344,31.68000030517578,31.30500030517578,31.309999465942383,18.378149032592773,21502600
2010-11-16,30.9950008392334,31.0049991607666,30.479999542236328,30.725000381469727,18.034772872924805,47399600
2010-11-17,30.649999618530273,31.049999237060547,30.559999465942383,30.850000381469727,18.108139038085938,33635600
2010-11-18,31.149999618530273,31.6299991607666,31.149999618530273,31.530000686645508,18.507286071777344,32105000
2010-11-19,31.440000534057617,31.80500030517578,31.204999923706055,31.795000076293945,18.662830352783203,22721600
2010-11-22,31.6200008392334,31.71500015258789,31.075000762939453,31.69499969482422,18.604137420654297,36263000
2010-11-23,31.239999771118164,31.2549991607666,30.790000915527344,31.075000762939453,18.240211486816406,45070000
2010-11-24,31.290000915527344,31.670000076293945,31.270000457763672,31.635000228881836,18.568920135498047,45245200
2010-11-26,31.325000762939453,31.520000457763672,31.174999237060547,31.2549991607666,18.34586524963379,13178800
2010-11-29,31.100000381469727,31.53499984741211,30.815000534057617,31.46500015258789,18.46912956237793,29468800
2010-11-30,31.05500030517578,31.610000610351562,30.959999084472656,31.354999542236328,18.404563903808594,38537600
2010-12-01,31.8700008392334,32.36000061035156,31.8700008392334,32.28499984741211,18.9504451751709,39947600
2010-12-02,32.275001525878906,32.78499984741211,32.27000045776367,32.76499938964844,19.232194900512695,35355200
2010-12-03,32.56999969482422,32.970001220703125,32.55500030517578,32.90999984741211,19.317312240600586,20023400
2010-12-06,32.8849983215332,33.099998474121094,32.86000061035156,33.02000045776367,19.38187599182129,23980400
2010-12-07,33.45000076293945,33.5,32.814998626708984,32.89500045776367,19.308507919311523,45864800
2010-12-08,32.93000030517578,33.08000183105469,32.53499984741211,32.7400016784668,19.217517852783203,25520400
2010-12-09,32.904998779296875,32.974998474121094,32.52000045776367,32.814998626708984,19.26154327392578,21904800
2010-12-10,32.88999938964844,32.98500061035156,32.744998931884766,32.95000076293945,19.340787887573242,17352200
2010-12-13,33.154998779296875,33.48500061035156,33.11000061035156,33.22999954223633,19.50514030456543,25768800
2010-12-14,33.27000045776367,33.36000061035156,32.96500015258789,33.07500076293945,19.41416358947754,23029200
2010-12-15,32.935001373291016,33.189998626708984,32.79999923706055,32.89500045776367,19.308507919311523,22232200
2010-12-16,32.8849983215332,33.09000015258789,32.625,33.08000183105469,19.417089462280273,22051600
2010-12-17,32.92499923706055,32.9900016784668,32.79499816894531,32.94499969482422,19.423871994018555,22644800
2010-12-20,33.06999969482422,33.26499938964844,32.8849983215332,33.15999984741211,19.550630569458008,20469400
2010-12-21,33.345001220703125,33.53499984741211,33.2400016784668,33.494998931884766,19.748140335083008,17402000
2010-12-22,33.595001220703125,33.64500045776367,33.494998931884766,33.61000061035156,19.815942764282227,15711000
2010-12-23,33.57500076293945,33.744998931884766,33.55500030517578,33.70500183105469,19.871959686279297,9052000
2010-12-27,33.54499816894531,33.64500045776367,33.45500183105469,33.584999084472656,19.801210403442383,8286400
2010-12-28,33.630001068115234,33.76499938964844,33.560001373291016,33.709999084472656,19.874908447265625,10298200
2010-12-29,33.82500076293945,34.130001068115234,33.76499938964844,34.04499816894531,20.072418212890625,11065400
2010-12-30,34.07500076293945,34.23500061035156,33.95500183105469,34.07500076293945,20.090103149414062,11953400
2010-12-31,34.064998626708984,34.25,33.96500015258789,34.125,20.11958122253418,8889000
2011-01-03,34.45000076293945,34.595001220703125,34.29999923706055,34.380001068115234,20.269927978515625,20391600
2011-01-04,34.595001220703125,34.595001220703125,33.7599983215332,34.084999084472656,20.095998764038086,29084000
2011-01-05,33.915000915527344,34.279998779296875,33.78499984741211,34.220001220703125,20.175600051879883,22572400
2011-01-06,34.334999084472656,34.349998474121094,33.75,33.89500045776367,19.98397445678711,22898400
2011-01-07,33.90999984741211,34.220001220703125,33.79999923706055,34.13999938964844,20.12842559814453,22160600
2011-01-10,34.03499984741211,34.06999969482422,33.744998931884766,34.005001068115234,20.048828125,21608400
2011-01-11,34.224998474121094,34.61000061035156,34.18000030517578,34.56999969482422,20.381956100463867,22730600
2011-01-12,34.875,35.064998626708984,34.71500015258789,35.04499816894531,20.662004470825195,22053200
2011-01-13,35.099998474121094,35.17499923706055,34.81999969482422,34.94499969482422,20.60304069519043,23043800
2011-01-14,34.900001525878906,35.334999084472656,34.7400016784668,35.32500076293945,20.827085494995117,28010800
2011-01-18,35.29999923706055,35.564998626708984,35.189998626708984,35.54499816894531,20.956796646118164,25070400
2011-01-19,35.60499954223633,35.619998931884766,35.05500030517578,35.1150016784668,20.703264236450195,30234000
2011-01-20,34.845001220703125,34.970001220703125,34.3650016784668,34.8650016784668,20.555875778198242,46345000
2011-01-21,35.220001220703125,35.310001373291016,34.85499954223633,35.04999923706055,20.66495132446289,29148000
2011-01-24,34.994998931884766,35.2599983215332,34.86000061035156,35.18000030517578,20.74159812927246,26197000
2011-01-25,35.099998474121094,35.154998779296875,34.68000030517578,35.08000183105469,20.682634353637695,31635400
2011-01-26,35.20000076293945,36.01499938964844,35.17499923706055,35.91999816894531,21.177886962890625,48443200
2011-01-27,35.900001525878906,35.974998474121094,35.525001525878906,35.709999084472656,21.054073333740234,29977200
2011-01-28,35.650001525878906,35.82500076293945,35.42499923706055,35.55500030517578,20.96269416809082,47383200
2011-01-31,35.86000061035156,36.57500076293945,35.744998931884766,36.57500076293945,21.56406593322754,50229800
2011-02-01,36.720001220703125,37.20500183105469,35.61000061035156,37.16999816894531,21.91487693786621,40886400
2011-02-02,37.0,37.415000915527344,36.915000915527344,37.13999938964844,21.897186279296875,27115200
2011-02-03,37.150001525878906,37.220001220703125,36.689998626708984,37.15999984741211,21.908967971801758,29031000
2011-02-04,37.244998931884766,37.28499984741211,36.8650016784668,37.064998626708984,21.852964401245117,26557200
2011-02-07,37.220001220703125,37.61000061035156,37.21500015258789,37.279998779296875,21.97972297668457,32347200
2011-02-08,37.220001220703125,37.279998779296875,36.82500076293945,37.154998779296875,21.906023025512695,31192000
2011-02-09,36.9900016784668,37.125,36.42499923706055,36.685001373291016,21.628929138183594,32643400
2011-02-10,36.505001068115234,37.119998931884766,36.46500015258789,37.060001373291016,21.850027084350586,33611400
2011-02-11,36.90999984741211,37.255001068115234,36.810001373291016,37.05500030517578,21.84705924987793,37725400
2011-02-14,36.9900016784668,37.915000915527344,36.9900016784668,37.869998931884766,22.327585220336914,30430800
2011-02-15,37.810001373291016,37.880001068115234,37.314998626708984,37.474998474121094,22.09469223022461,22887200
2011-02-16,37.67499923706055,38.01499938964844,37.54999923706055,37.974998474121094,22.38947868347168,31806600
2011-02-17,37.970001220703125,38.435001373291016,37.904998779296875,38.349998474121094,22.610580444335938,21592800
2011-02-18,38.435001373291016,38.599998474121094,38.16999816894531,38.5099983215332,22.704910278320312,24816400
2011-02-22,38.685001373291016,39.029998779296875,37.95500183105469,38.1349983215332,22.48381233215332,49665600
2011-02-23,38.345001220703125,39.185001373291016,38.275001525878906,38.90999984741211,22.940744400024414,64379400
2011-02-24,39.0099983215332,39.029998779296875,38.125,38.36000061035156,22.616474151611328,44766600
2011-02-25,38.5,39.0,38.404998779296875,38.970001220703125,22.97612190246582,23537400
2011-02-28,39.119998931884766,39.345001220703125,38.849998474121094,39.27000045776367,23.15299415588379,31746200
2011-03-01,39.5,39.540000915527344,38.48500061035156,38.53499984741211,22.719655990600586,40399200
2011-03-02,38.43000030517578,38.83000183105469,38.14500045776367,38.755001068115234,22.849361419677734,30085800
2011-03-03,39.0,39.45500183105469,38.880001068115234,39.41999816894531,23.241430282592773,22657600
2011-03-04,39.40999984741211,39.45500183105469,38.86000061035156,39.16999816894531,23.094036102294922,28247000
2011-03-07,39.43000030517578,39.61000061035156,38.68000030517578,38.89500045776367,22.931903839111328,29327200
2011-03-08,38.875,38.904998779296875,38.189998626708984,38.57500076293945,22.743244171142578,32348400
2011-03-09,38.45500183105469,38.70500183105469,38.185001373291016,38.310001373291016,22.586999893188477,27189800
2011-03-10,37.79999923706055,37.80500030517578,36.80500030517578,36.915000915527344,21.764528274536133,72320600
2011-03-11,36.65999984741211,37.82500076293945,36.51499938964844,37.55500030517578,22.141855239868164,48341000
2011-03-14,37.375,37.88999938964844,37.18000030517578,37.7599983215332,22.262718200683594,32830400
2011-03-15,36.59000015258789,37.80500030517578,36.45000076293945,37.474998474121094,22.09469223022461,43619000
2011-03-16,37.584999084472656,37.904998779296875,36.4900016784668,36.875,21.740936279296875,63229400
2011-03-17,37.599998474121094,38.19499969482422,37.35499954223633,38.0,22.40422248840332,41830600
2011-03-18,38.34000015258789,38.43000030517578,37.64500045776367,37.69499969482422,22.299222946166992,48328600
2011-03-21,38.349998474121094,38.849998474121094,38.275001525878906,38.84000015258789,22.976572036743164,34325600
2011-03-22,38.849998474121094,38.97999954223633,38.630001068115234,38.755001068115234,22.926288604736328,20025000
2011-03-23,38.744998931884766,38.98500061035156,38.494998931884766,38.85499954223633,22.98543357849121,20190800
2011-03-24,39.0099983215332,39.064998626708984,38.57500076293945,38.994998931884766,23.068256378173828,30706200
2011-03-25,39.03499984741211,39.45000076293945,38.89500045776367,39.345001220703125,23.275314331054688,23273800
2011-03-28,39.25,39.70000076293945,39.16999816894531,39.25,23.2191162109375,28291000
2011-03-29,39.20000076293945,39.810001373291016,39.064998626708984,39.72999954223633,23.503063201904297,33912800
2011-03-30,39.9900016784668,40.185001373291016,39.665000915527344,40.005001068115234,23.665760040283203,38082400
2011-03-31,40.21500015258789,40.48500061035156,39.86000061035156,39.875,23.58884620666504,37701000
2011-04-01,40.224998474121094,40.345001220703125,39.88999938964844,39.994998931884766,23.659828186035156,25823800
2011-04-04,40.18000030517578,40.275001525878906,39.96500015258789,40.02000045776367,23.67461585998535,14951200
2011-04-05,39.98500061035156,40.3650016784668,39.94499969482422,40.13999938964844,23.745609283447266,38580800
2011-04-06,40.349998474121094,40.45000076293945,39.540000915527344,39.720001220703125,23.497140884399414,32947400
2011-04-07,39.64500045776367,39.8849983215332,39.3650016784668,39.720001220703125,23.497140884399414,29621400
2011-04-08,40.0099983215332,40.189998626708984,39.6349983215332,39.86000061035156,23.579971313476562,38279600
2011-04-11,39.875,39.95000076293945,38.935001373291016,39.07500076293945,23.115591049194336,35365400
2011-04-12,38.630001068115234,38.650001525878906,37.650001525878906,37.8650016784668,22.399795532226562,75875600
2011-04-13,38.209999084472656,38.334999084472656,37.724998474121094,38.02000045776367,22.49147605895996,53669400
2011-04-14,37.810001373291016,38.38999938964844,37.66999816894531,38.279998779296875,22.645292282104492,41344800
2011-04-15,38.380001068115234,38.650001525878906,38.084999084472656,38.595001220703125,22.83163833618164,30527800
2011-04-18,38.02000045776367,38.19499969482422,37.595001220703125,38.02000045776367,22.49147605895996,40069400
2011-04-19,37.994998931884766,38.5,37.974998474121094,38.404998779296875,22.71923065185547,30109200
2011-04-20,39.14500045776367,39.33000183105469,38.959999084472656,39.310001373291016,23.254608154296875,44828000
2011-04-21,39.38999938964844,39.595001220703125,39.20500183105469,39.4900016784668,23.361083984375,25276600
2011-04-25,39.5099983215332,39.54499816894531,39.040000915527344,39.28499984741211,23.239818572998047,14150800
2011-04-26,39.404998779296875,39.73500061035156,39.23500061035156,39.67499923706055,23.47053337097168,18399000
2011-04-27,39.834999084472656,39.849998474121094,38.9900016784668,39.654998779296875,23.458690643310547,37414200
2011-04-28,39.52000045776367,39.77000045776367,39.275001525878906,39.650001525878906,23.455747604370117,29992400
2011-04-29,39.65999984741211,40.255001068115234,39.63999938964844,40.2400016784668,23.80477523803711,19857200
2011-05-02,40.32500076293945,40.400001525878906,39.459999084472656,39.70500183105469,23.488285064697266,35524000
2011-05-03,39.400001525878906,39.48500061035156,38.369998931884766,38.709999084472656,22.899658203125,57490400
2011-05-04,38.630001068115234,38.6349983215332,37.69499969482422,38.025001525878906,22.49443817138672,59484200
2011-05-05,37.45500183105469,37.82500076293945,36.790000915527344,37.23500061035156,22.027097702026367,89000000
2011-05-06,37.665000915527344,38.224998474121094,36.9900016784668,37.400001525878906,22.12470817565918,70404600
2011-05-09,37.57500076293945,38.23500061035156,37.5099983215332,38.05500030517578,22.512187957763672,48448600
2011-05-10,38.04999923706055,38.415000915527344,37.755001068115234,38.23500061035156,22.618667602539062,35520600
2011-05-11,38.0,38.040000915527344,36.85499954223633,37.130001068115234,21.964982986450195,82325600
2011-05-12,36.95000076293945,37.375,36.38999938964844,37.07500076293945,21.932451248168945,77901800
2011-05-13,37.25,37.42499923706055,36.564998626708984,36.89500045776367,21.825960159301758,71863800
2011-05-16,36.7400016784668,37.3650016784668,36.52000045776367,36.6150016784668,21.66033172607422,56288200
2011-05-17,36.44499969482422,36.790000915527344,36.13999938964844,36.6150016784668,21.66033172607422,60198400
2011-05-18,36.779998779296875,37.619998931884766,36.63999938964844,37.35499954223633,22.09808921813965,51692600
2011-05-19,37.525001525878906,37.68000030517578,37.04499816894531,37.36000061035156,22.10103988647461,39321800
2011-05-20,37.32500076293945,37.6349983215332,36.86000061035156,37.314998626708984,22.07442855834961,54092800
2011-05-23,36.665000915527344,36.935001373291016,36.5,36.73500061035156,21.731325149536133,40600000
2011-05-24,37.11000061035156,37.665000915527344,37.099998474121094,37.255001068115234,22.0389347076416,49661600
2011-05-25,37.064998626708984,38.08000183105469,37.060001373291016,37.8849983215332,22.41162109375,49835400
2011-05-26,37.7599983215332,38.165000915527344,37.56999969482422,38.07500076293945,22.524023056030273,37491000
2011-05-27,38.28499984741211,38.560001373291016,37.97999954223633,38.16999816894531,22.580219268798828,33394200
2011-05-31,38.66999816894531,38.83000183105469,38.125,38.55500030517578,22.807971954345703,38622400
2011-06-01,38.459999084472656,38.625,37.53499984741211,37.6349983215332,22.263731002807617,55227800
2011-06-02,37.650001525878906,37.94499969482422,37.21500015258789,37.619998931884766,22.25485610961914,48210600
2011-06-03,37.05500030517578,37.9900016784668,36.98500061035156,37.630001068115234,22.260765075683594,44755000
2011-06-06,37.54999923706055,37.70500183105469,36.70000076293945,36.779998779296875,21.75792694091797,46875200
2011-06-07,37.099998474121094,37.290000915527344,36.720001220703125,36.779998779296875,21.75792694091797,38331600
2011-06-08,36.89500045776367,37.34000015258789,36.810001373291016,36.88999938964844,21.82301139831543,50113200
2011-06-09,37.07500076293945,37.59000015258789,37.0,37.38999938964844,22.118791580200195,34544000
2011-06-10,37.099998474121094,37.17499923706055,36.60499954223633,36.665000915527344,21.689910888671875,41937000
2011-06-13,36.685001373291016,36.95000076293945,35.7400016784668,36.084999084472656,21.34679412841797,55501200
2011-06-14,36.55500030517578,37.03499984741211,36.54499816894531,36.85499954223633,21.802305221557617,45755400
2011-06-15,36.415000915527344,36.7400016784668,35.810001373291016,36.0099983215332,21.302419662475586,71279800
2011-06-16,36.025001525878906,36.39500045776367,35.70000076293945,36.064998626708984,21.33495330810547,50527800
2011-06-17,36.25,36.310001373291016,35.61000061035156,35.84000015258789,21.28003692626953,54247600
2011-06-20,35.650001525878906,36.900001525878906,35.56999969482422,35.939998626708984,21.339414596557617,34722600
2011-06-21,36.189998626708984,36.83000183105469,36.165000915527344,36.654998779296875,21.763944625854492,46391000
2011-06-22,36.540000915527344,37.040000915527344,36.43000030517578,36.54999923706055,21.70160675048828,37099800
2011-06-23,35.775001525878906,36.20500183105469,35.224998474121094,36.150001525878906,21.464101791381836,90907200
2011-06-24,36.150001525878906,36.23500061035156,35.415000915527344,35.46500015258789,21.05738067626953,34131400
2011-06-27,35.34000015258789,35.875,35.255001068115234,35.654998779296875,21.170194625854492,39388400
2011-06-28,35.96500015258789,36.709999084472656,35.935001373291016,36.69499969482422,21.787694931030273,31715600
2011-06-29,36.814998626708984,37.380001068115234,36.63999938964844,37.125,22.04301643371582,42642800
2011-06-30,37.25,37.709999084472656,37.244998931884766,37.67499923706055,22.369569778442383,38834800
2011-07-01,37.595001220703125,38.06999969482422,37.275001525878906,38.029998779296875,22.58034896850586,29776800
2011-07-05,38.08000183105469,38.435001373291016,37.98500061035156,38.26499938964844,22.71988296508789,31367000
2011-07-06,38.18000030517578,38.25,37.85499954223633,38.19499969482422,22.678333282470703,21930600
2011-07-07,38.709999084472656,38.82500076293945,38.41999816894531,38.77000045776367,23.019731521606445,35648000
2011-07-08,38.095001220703125,38.44499969482422,38.040000915527344,38.44499969482422,22.82677459716797,34260000
2011-07-11,37.89500045776367,37.900001525878906,37.3849983215332,37.53499984741211,22.286449432373047,38289000
2011-07-12,37.380001068115234,37.90999984741211,37.349998474121094,37.39500045776367,22.20332145690918,41091400
2011-07-13,37.564998626708984,38.21500015258789,37.525001525878906,37.67499923706055,22.369569778442383,40326000
2011-07-14,38.064998626708984,38.14500045776367,37.375,37.42499923706055,22.221132278442383,45265800
2011-07-15,37.849998474121094,38.474998474121094,37.82500076293945,38.43000030517578,22.817855834960938,54734200
2011-07-18,38.26499938964844,38.369998931884766,37.994998931884766,38.29999923706055,22.740663528442383,40723800
2011-07-19,38.57500076293945,39.029998779296875,38.54499816894531,39.0,23.156299591064453,39114600
2011-07-20,39.165000915527344,39.18000030517578,38.82500076293945,38.900001525878906,23.096923828125,21035600
2011-07-21,39.130001068115234,39.71500015258789,39.10499954223633,39.665000915527344,23.551143646240234,34714000
2011-07-22,39.70000076293945,39.915000915527344,39.46500015258789,39.8650016784668,23.669891357421875,22999200
2011-07-25,39.369998931884766,39.98500061035156,39.310001373291016,39.70500183105469,23.57489776611328,30966400
2011-07-26,39.68000030517578,39.880001068115234,39.375,39.51499938964844,23.462064743041992,33937800
2011-07-27,39.244998931884766,39.32500076293945,38.650001525878906,38.77000045776367,23.019731521606445,47569000
2011-07-28,38.6150016784668,39.09000015258789,38.53499984741211,38.61000061035156,22.924741744995117,39108000
2011-07-29,38.095001220703125,38.560001373291016,37.97999954223633,38.224998474121094,22.69614028930664,34671200
2011-08-01,38.900001525878906,38.92499923706055,37.814998626708984,38.16999816894531,22.663488388061523,43970000
2011-08-02,37.95500183105469,38.349998474121094,37.095001220703125,37.10499954223633,22.03113555908203,54402400
2011-08-03,37.15999984741211,37.18000030517578,36.025001525878906,36.89500045776367,21.90644645690918,71128000
2011-08-04,36.20500183105469,36.244998931884766,34.1349983215332,34.3650016784668,20.404251098632812,109053800
2011-08-05,34.78499984741211,35.08000183105469,32.23500061035156,34.03499984741211,20.20831871032715,132818800
2011-08-08,32.654998779296875,33.189998626708984,31.0,31.139999389648438,18.48940658569336,111986400
2011-08-09,31.790000915527344,32.744998931884766,30.549999237060547,32.724998474121094,19.43050765991211,100798200
2011-08-10,32.29999923706055,32.88999938964844,31.46500015258789,31.594999313354492,18.759567260742188,98747400
2011-08-11,31.799999237060547,33.72999954223633,31.604999542236328,33.23500061035156,19.733312606811523,84065200
2011-08-12,33.72999954223633,33.92499923706055,33.26499938964844,33.47999954223633,19.878786087036133,53101000
2011-08-15,33.92499923706055,34.67499923706055,33.915000915527344,34.61000061035156,20.549724578857422,58621200
2011-08-16,34.165000915527344,34.525001525878906,33.64500045776367,34.03499984741211,20.20831871032715,59890400
2011-08-17,34.415000915527344,34.79999923706055,33.95000076293945,34.16999816894531,20.288469314575195,43327800
2011-08-18,33.10499954223633,33.18000030517578,31.829999923706055,32.189998626708984,19.112844467163086,74495400
2011-08-19,31.69499969482422,32.7400016784668,31.5,31.6200008392334,18.77440643310547,54637400
2011-08-22,32.584999084472656,32.595001220703125,31.25,31.364999771118164,18.623001098632812,49050800
2011-08-23,31.56999969482422,32.80500030517578,31.354999542236328,32.779998779296875,19.463165283203125,71707000
2011-08-24,32.59000015258789,33.03499984741211,32.29999923706055,32.974998474121094,19.57894515991211,37735600
2011-08-25,33.209999084472656,33.404998779296875,32.11000061035156,32.279998779296875,19.166288375854492,53585400
2011-08-26,31.959999084472656,33.04999923706055,31.55500030517578,32.904998779296875,19.537376403808594,47672200
2011-08-29,33.42499923706055,33.90999984741211,33.165000915527344,33.8650016784668,20.10738182067871,71086400
2011-08-30,33.6349983215332,34.29999923706055,33.35499954223633,34.064998626708984,20.22612953186035,39676600
2011-08-31,34.375,34.81999969482422,33.994998931884766,34.31999969482422,20.37754249572754,48969600
2011-09-01,34.375,34.82500076293945,33.97999954223633,34.060001373291016,20.22316551208496,42588400
2011-09-02,33.154998779296875,33.45000076293945,32.82500076293945,33.11000061035156,19.65910530090332,41702000
2011-09-06,32.05500030517578,32.79999923706055,31.78499984741211,32.75,19.44535255432129,38711000
2011-09-07,33.35499954223633,33.970001220703125,33.30500030517578,33.95000076293945,20.157846450805664,37051400
2011-09-08,33.78499984741211,34.279998779296875,33.3650016784668,33.55500030517578,19.923320770263672,36978200
2011-09-09,33.1150016784668,33.275001525878906,32.209999084472656,32.44499969482422,19.26425552368164,70078800
2011-09-12,31.8799991607666,32.66999816894531,31.670000076293945,32.599998474121094,19.356281280517578,51513800
2011-09-13,32.744998931884766,32.915000915527344,32.095001220703125,32.689998626708984,19.40973472595215,56409000
2011-09-14,32.8849983215332,33.560001373291016,32.2400016784668,33.095001220703125,19.650196075439453,51431800
2011-09-15,33.505001068115234,33.78499984741211,33.224998474121094,33.75,20.039098739624023,34662400
2011-09-16,33.755001068115234,33.880001068115234,33.15999984741211,33.54499816894531,19.995588302612305,46072800
2011-09-19,32.724998474121094,33.314998626708984,32.375,33.01499938964844,19.679662704467773,41719800
2011-09-20,33.16999816894531,33.584999084472656,32.7599983215332,32.810001373291016,19.55746841430664,40268800
2011-09-21,32.720001220703125,32.84000015258789,31.415000915527344,31.44499969482422,18.743812561035156,53565800
2011-09-22,30.334999084472656,30.350000381469727,29.1299991607666,29.670000076293945,17.68577003479004,76132000
2011-09-23,29.290000915527344,29.790000915527344,29.184999465942383,29.350000381469727,17.495019912719727,65590600
2011-09-26,29.565000534057617,30.485000610351562,28.975000381469727,30.420000076293945,18.132829666137695,68786400
2011-09-27,31.31999969482422,31.665000915527344,30.690000534057617,30.864999771118164,18.398082733154297,64972400
2011-09-28,30.920000076293945,31.204999923706055,29.795000076293945,29.854999542236328,17.796043395996094,46186600
2011-09-29,30.625,30.665000915527344,29.530000686645508,30.139999389648438,17.965927124023438,45739000
2011-09-30,29.614999771118164,29.979999542236328,29.2549991607666,29.2549991607666,17.438392639160156,59458800
2011-10-03,28.920000076293945,29.2549991607666,28.235000610351562,28.260000228881836,16.845294952392578,70130600
2011-10-04,27.75,29.270000457763672,27.1299991607666,29.184999465942383,17.39666748046875,82731000
2011-10-05,29.399999618530273,30.350000381469727,28.96500015258789,30.260000228881836,18.037456512451172,75130000
2011-10-06,30.200000762939453,30.889999389648438,29.860000610351562,30.829999923706055,18.377220153808594,47634400
2011-10-07,31.065000534057617,31.09000015258789,30.145000457763672,30.450000762939453,18.150711059570312,48779200
2011-10-10,31.014999389648438,31.844999313354492,31.010000228881836,31.829999923706055,18.97330665588379,35816000
2011-10-11,31.53499984741211,32.16999816894531,31.454999923706055,31.895000457763672,19.012054443359375,44856000
2011-10-12,32.150001525878906,32.54999923706055,31.920000076293945,32.064998626708984,19.113384246826172,37262400
2011-10-13,31.739999771118164,32.18000030517578,31.389999389648438,32.02000045776367,19.08656120300293,30318400
2011-10-14,32.564998626708984,33.310001373291016,32.560001373291016,33.29999923706055,19.84954261779785,33232000
2011-10-17,33.209999084472656,33.31999969482422,32.619998931884766,32.69499969482422,19.48891258239746,37612800
2011-10-18,32.654998779296875,33.970001220703125,32.29499816894531,33.744998931884766,20.114803314208984,48910600
2011-10-19,33.595001220703125,34.119998931884766,33.2400016784668,33.39500045776367,19.906173706054688,48058000
2011-10-20,33.375,33.80500030517578,32.959999084472656,33.654998779296875,20.0611572265625,43755000
2011-10-21,34.02000045776367,34.415000915527344,33.85499954223633,34.275001525878906,20.430728912353516,48340200
2011-10-24,34.380001068115234,34.814998626708984,34.28499984741211,34.724998474121094,20.698959350585938,45945000
2011-10-25,34.63999938964844,34.70500183105469,33.75,34.0,20.266803741455078,43836600
2011-10-26,34.52000045776367,34.85499954223633,33.744998931884766,34.73500061035156,20.704933166503906,36364800
2011-10-27,35.685001373291016,36.595001220703125,35.59000015258789,36.275001525878906,21.62289047241211,62364800
2011-10-28,35.900001525878906,36.584999084472656,35.79999923706055,36.52000045776367,21.768938064575195,35022400
2011-10-31,35.900001525878906,35.92499923706055,34.79999923706055,34.85499954223633,20.776458740234375,43910200
2011-11-01,33.4900016784668,34.2400016784668,33.16999816894531,33.72999954223633,20.105857849121094,83484400
2011-11-02,34.564998626708984,34.84000015258789,34.220001220703125,34.744998931884766,20.71088409423828,40618800
2011-11-03,35.25,35.779998779296875,34.78499984741211,35.65999984741211,21.25629425048828,39424400
2011-11-04,35.349998474121094,35.72999954223633,35.0,35.630001068115234,21.238418579101562,25105800
2011-11-07,35.63999938964844,36.07500076293945,35.20000076293945,35.82500076293945,21.354658126831055,26937800
2011-11-08,36.1150016784668,36.45000076293945,35.6349983215332,36.40999984741211,21.703365325927734,38305400
2011-11-09,35.334999084472656,35.67499923706055,34.709999084472656,34.79999923706055,20.743667602539062,50543200
2011-11-10,35.3650016784668,35.665000915527344,34.724998474121094,35.404998779296875,21.10430335998535,40707200
2011-11-11,35.79999923706055,36.275001525878906,35.75,36.130001068115234,21.536460876464844,28803000
2011-11-14,35.90999984741211,35.9900016784668,35.32500076293945,35.654998779296875,21.25332260131836,30765000
2011-11-15,35.54499816894531,35.90999984741211,35.33000183105469,35.6150016784668,21.229475021362305,33349400
2011-11-16,35.334999084472656,35.9900016784668,35.03499984741211,35.08000183105469,20.910573959350586,43882200
2011-11-17,35.064998626708984,35.25,33.95500183105469,34.279998779296875,20.4337100982666,51071800
2011-11-18,34.474998474121094,34.65999984741211,33.8650016784668,34.07500076293945,20.311508178710938,53903400
2011-11-21,33.459999084472656,33.67499923706055,32.9900016784668,33.46500015258789,19.94789695739746,40016600
2011-11-22,33.43000030517578,33.650001525878906,32.939998626708984,33.150001525878906,19.76013946533203,37392600
2011-11-23,32.67499923706055,32.75,32.13999938964844,32.14500045776367,19.16106605529785,43575200
2011-11-25,32.005001068115234,32.46500015258789,31.915000915527344,31.915000915527344,19.023975372314453,14299600
2011-11-28,33.08000183105469,33.38999938964844,32.80500030517578,33.11000061035156,19.73629379272461,43699600
2011-11-29,33.255001068115234,33.94499969482422,33.13999938964844,33.584999084472656,20.019432067871094,28954200
2011-11-30,34.82500076293945,35.53499984741211,34.814998626708984,35.435001373291016,21.122180938720703,65999200
2011-12-01,35.34000015258789,35.69499969482422,35.04499816894531,35.2400016784668,21.00594711303711,32664600
2011-12-02,35.58000183105469,35.77000045776367,35.13999938964844,35.209999084472656,20.988067626953125,29879400
2011-12-05,35.849998474121094,36.084999084472656,35.34000015258789,35.64500045776367,21.247356414794922,29724000
2011-12-06,35.619998931884766,35.93000030517578,35.349998474121094,35.63999938964844,21.244375228881836,27718800
2011-12-07,35.5,35.57500076293945,35.0,35.29999923706055,21.04171371459961,34288600
2011-12-08,35.04499816894531,35.22999954223633,34.21500015258789,34.314998626708984,20.45456886291504,34289800
2011-12-09,34.529998779296875,35.2400016784668,34.45500183105469,35.095001220703125,20.919511795043945,31036600
2011-12-12,34.66999816894531,34.69499969482422,33.79499816894531,34.275001525878906,20.430728912353516,38629800
2011-12-13,34.540000915527344,34.97999954223633,33.7400016784668,33.95500183105469,20.239986419677734,37277600
2011-12-14,33.55500030517578,33.709999084472656,32.85499954223633,33.0,19.67072868347168,53368600
2011-12-15,33.459999084472656,33.494998931884766,32.775001525878906,32.86000061035156,19.587270736694336,35498600
2011-12-16,32.98500061035156,33.255001068115234,32.72999954223633,33.06999969482422,19.79587745666504,43941200
2011-12-19,33.209999084472656,33.209999084472656,32.400001525878906,32.4900016784668,19.44869613647461,25074800
2011-12-20,33.14500045776367,33.88999938964844,33.10499954223633,33.82500076293945,20.247833251953125,25326600
2011-12-21,33.83000183105469,34.290000915527344,33.6150016784668,34.20000076293945,20.47231101989746,24051600
2011-12-22,34.38999938964844,34.67499923706055,34.275001525878906,34.599998474121094,20.711746215820312,21976200
2011-12-23,34.72999954223633,34.84000015258789,34.525001525878906,34.79999923706055,20.831470489501953,10428200
2011-12-27,34.724998474121094,35.04999923706055,34.724998474121094,34.88999938964844,20.885347366333008,11260600
2011-12-28,34.900001525878906,34.98500061035156,34.18000030517578,34.224998474121094,20.487274169921875,22641400
2011-12-29,34.30500030517578,34.619998931884766,34.275001525878906,34.58000183105469,20.699779510498047,15404200
2011-12-30,34.5,34.72999954223633,34.46500015258789,34.564998626708984,20.6907958984375,13160000
2012-01-03,35.29999923706055,35.70000076293945,35.244998931884766,35.525001525878906,21.26546859741211,48509600
2012-01-04,35.38999938964844,35.65999984741211,35.18000030517578,35.599998474121094,21.31035804748535,28037000
2012-01-05,35.369998931884766,35.45500183105469,35.0,35.43000030517578,21.208599090576172,25349400
2012-01-06,35.494998931884766,35.5099983215332,35.14500045776367,35.220001220703125,21.082883834838867,17786200
2012-01-09,35.29499816894531,35.470001220703125,35.189998626708984,35.38999938964844,21.18464469909668,24086400
2012-01-10,35.94499969482422,35.9900016784668,35.60499954223633,35.70500183105469,21.373214721679688,27266800
2012-01-11,35.540000915527344,35.54499816894531,35.084999084472656,35.224998474121094,21.085874557495117,26944000
2012-01-12,35.03499984741211,35.189998626708984,34.7400016784668,34.89500045776367,20.888330459594727,39409600
2012-01-13,34.67499923706055,34.77000045776367,34.369998931884766,34.720001220703125,20.783588409423828,32434800
2012-01-17,35.11000061035156,35.275001525878906,34.85499954223633,34.96500015258789,20.93024253845215,25054000
2012-01-18,34.94499969482422,35.55500030517578,34.775001525878906,35.540000915527344,21.274438858032227,30723600
2012-01-19,35.724998474121094,35.814998626708984,35.52000045776367,35.685001373291016,21.361242294311523,26608800
2012-01-20,35.68000030517578,35.81999969482422,35.40999984741211,35.689998626708984,21.364227294921875,30786600
2012-01-23,35.814998626708984,36.07500076293945,35.71500015258789,35.974998474121094,21.53483009338379,25974000
2012-01-24,35.65999984741211,35.89500045776367,35.51499938964844,35.869998931884766,21.471975326538086,21234400
2012-01-25,35.814998626708984,36.43000030517578,35.35499954223633,36.310001373291016,21.73536491394043,39276200
2012-01-26,36.53499984741211,36.58000183105469,35.67499923706055,35.814998626708984,21.439056396484375,33958400
2012-01-27,35.654998779296875,35.89500045776367,35.599998474121094,35.7400016784668,21.394163131713867,18448200
2012-01-30,35.33000183105469,35.595001220703125,35.064998626708984,35.56999969482422,21.292402267456055,27251600
2012-01-31,35.82500076293945,35.86000061035156,35.16999816894531,35.345001220703125,21.15771484375,29361800
2012-02-01,35.665000915527344,35.790000915527344,35.40999984741211,35.48500061035156,21.241519927978516,25553000
2012-02-02,35.540000915527344,35.88999938964844,35.43000030517578,35.755001068115234,21.40314483642578,30942200
2012-02-03,36.220001220703125,36.41999816894531,36.01499938964844,36.3849983215332,21.78026008605957,29993000
2012-02-06,36.18000030517578,36.82500076293945,36.125,36.81999969482422,22.04065704345703,26769200
2012-02-07,36.72999954223633,37.06999969482422,36.349998474121094,37.0099983215332,22.154390335083008,35097400
2012-02-08,37.099998474121094,37.150001525878906,36.64500045776367,36.8849983215332,22.07956314086914,22055600
2012-02-09,36.939998626708984,37.029998779296875,36.595001220703125,36.88999938964844,22.08256721496582,19210800
2012-02-10,36.459999084472656,36.584999084472656,36.279998779296875,36.52000045776367,21.8610782623291,29674000
2012-02-13,36.88999938964844,36.915000915527344,36.529998779296875,36.810001373291016,22.03467559814453,19828600
2012-02-14,36.77000045776367,36.939998626708984,36.57500076293945,36.875,22.073575973510742,29095800
2012-02-15,36.994998931884766,37.099998474121094,36.69499969482422,36.814998626708984,22.037660598754883,29478800
2012-02-16,36.88999938964844,37.36000061035156,36.665000915527344,37.29499816894531,22.324983596801758,36203200
2012-02-17,37.59000015258789,37.6349983215332,37.21500015258789,37.435001373291016,22.408802032470703,26986000
2012-02-21,37.685001373291016,37.89500045776367,37.584999084472656,37.689998626708984,22.561443328857422,28764600
2012-02-22,37.77000045776367,38.03499984741211,37.68000030517578,37.775001525878906,22.612319946289062,24684600
2012-02-23,37.79999923706055,38.0099983215332,37.525001525878906,37.96500015258789,22.726055145263672,28176200
2012-02-24,38.04999923706055,38.25,38.02000045776367,38.1150016784668,22.815847396850586,24549800
2012-02-27,37.96500015258789,38.154998779296875,37.70500183105469,37.994998931884766,22.7440185546875,22366400
2012-02-28,37.94499969482422,38.119998931884766,37.654998779296875,37.869998931884766,22.6691951751709,33212600
2012-02-29,37.90999984741211,38.06999969482422,37.334999084472656,37.439998626708984,22.411788940429688,34488600
2012-03-01,37.60499954223633,37.880001068115234,37.51499938964844,37.79999923706055,22.627300262451172,28015000
2012-03-02,37.65999984741211,37.810001373291016,37.220001220703125,37.369998931884766,22.36988067626953,29042600
2012-03-05,37.209999084472656,37.2400016784668,36.77000045776367,37.130001068115234,22.226221084594727,25370400
2012-03-06,36.564998626708984,36.665000915527344,36.290000915527344,36.525001525878906,21.86407470703125,27735600
2012-03-07,36.65999984741211,36.93000030517578,36.40999984741211,36.83000183105469,22.04665184020996,28964400
2012-03-08,37.02000045776367,37.255001068115234,36.834999084472656,37.130001068115234,22.226221084594727,20596200
2012-03-09,37.209999084472656,37.435001373291016,37.03499984741211,37.095001220703125,22.205272674560547,29306400
2012-03-12,37.060001373291016,37.1150016784668,36.72999954223633,36.88999938964844,22.08256721496582,24517400
2012-03-13,37.09000015258789,37.3849983215332,36.720001220703125,37.334999084472656,22.348934173583984,35585600
2012-03-14,37.36000061035156,37.459999084472656,36.8849983215332,36.974998474121094,22.133440017700195,27712800
2012-03-15,37.02000045776367,37.20500183105469,36.78499984741211,37.03499984741211,22.16935157775879,30353200
2012-03-16,37.06999969482422,37.51499938964844,37.01499938964844,37.400001525878906,22.474319458007812,47180800
2012-03-19,37.380001068115234,37.73500061035156,37.27000045776367,37.56999969482422,22.576488494873047,28405400
2012-03-20,37.23500061035156,37.279998779296875,36.93000030517578,37.005001068115234,22.236957550048828,26568200
2012-03-21,36.959999084472656,36.96500015258789,36.5099983215332,36.564998626708984,21.972557067871094,33163800
2012-03-22,36.15999984741211,36.21500015258789,35.57500076293945,35.7400016784668,21.476802825927734,40430600
2012-03-23,35.81999969482422,36.244998931884766,35.6349983215332,36.130001068115234,21.71115493774414,26443800
2012-03-26,36.45000076293945,36.5,36.19499969482422,36.400001525878906,21.873409271240234,20377200
2012-03-27,36.46500015258789,36.474998474121094,36.025001525878906,36.03499984741211,21.654067993164062,25545800
2012-03-28,35.869998931884766,35.994998931884766,35.29499816894531,35.584999084472656,21.383651733398438,30570400
2012-03-29,35.34000015258789,35.64500045776367,35.084999084472656,35.584999084472656,21.383651733398438,32660600
2012-03-30,35.849998474121094,35.96500015258789,35.52000045776367,35.875,21.55791664123535,25506600
2012-04-02,35.78499984741211,36.494998931884766,35.67499923706055,36.224998474121094,21.768239974975586,35776400
2012-04-03,36.150001525878906,36.20500183105469,35.54499816894531,35.90999984741211,21.578956604003906,27989600
2012-04-04,35.474998474121094,35.63999938964844,35.26499938964844,35.45000076293945,21.302532196044922,31660600
2012-04-05,35.32500076293945,35.744998931884766,35.20500183105469,35.25,21.182344436645508,19157800
2012-04-09,34.709999084472656,35.06999969482422,34.67499923706055,34.80500030517578,20.914939880371094,28859200
2012-04-10,34.755001068115234,34.814998626708984,34.04999923706055,34.119998931884766,20.503313064575195,43906000
2012-04-11,34.5,34.599998474121094,34.060001373291016,34.130001068115234,20.509313583374023,25650000
2012-04-12,34.15999984741211,34.959999084472656,34.1349983215332,34.875,20.957002639770508,30117800
2012-04-13,34.724998474121094,34.83000183105469,34.279998779296875,34.349998474121094,20.641521453857422,26215000
2012-04-16,34.4900016784668,34.599998474121094,33.974998474121094,34.119998931884766,20.503313064575195,30250800
2012-04-17,34.435001373291016,34.849998474121094,34.404998779296875,34.67499923706055,20.83682632446289,25510600
2012-04-18,34.56999969482422,34.81999969482422,34.5,34.60499954223633,20.79475212097168,21588600
2012-04-19,34.625,34.900001525878906,34.43000030517578,34.560001373291016,20.767715454101562,41945800
2012-04-20,34.88999938964844,35.060001373291016,34.470001220703125,34.47999954223633,20.719648361206055,30190600
2012-04-23,33.904998779296875,34.540000915527344,33.84000015258789,34.44499969482422,20.6986083984375,34055200
2012-04-24,34.56999969482422,34.814998626708984,34.404998779296875,34.70000076293945,20.85184097290039,19830600
2012-04-25,34.915000915527344,35.064998626708984,34.68000030517578,35.04499816894531,21.05916404724121,29285600
2012-04-26,34.875,35.43000030517578,34.81999969482422,35.415000915527344,21.28150177001953,22459600
2012-04-27,35.5,35.525001525878906,35.220001220703125,35.400001525878906,21.272485733032227,13670000
2012-04-30,35.3650016784668,35.64500045776367,35.26499938964844,35.619998931884766,21.404687881469727,15218000
2012-05-01,35.689998626708984,36.3849983215332,35.630001068115234,36.130001068115234,21.71115493774414,28510400
2012-05-02,35.81999969482422,35.83000183105469,35.439998626708984,35.540000915527344,21.356613159179688,24164400
2012-05-03,35.529998779296875,35.57500076293945,34.845001220703125,34.95000076293945,21.0020694732666,32080800
2012-05-04,34.595001220703125,34.650001525878906,33.98500061035156,34.150001525878906,20.521337509155273,44377000
2012-05-07,33.95000076293945,34.26499938964844,33.720001220703125,34.04999923706055,20.46124267578125,30416000
2012-05-08,33.779998779296875,34.0,33.21500015258789,33.939998626708984,20.39514923095703,50350400
2012-05-09,33.41999816894531,33.974998474121094,33.244998931884766,33.775001525878906,20.295997619628906,43909800
2012-05-10,34.11000061035156,34.29499816894531,33.849998474121094,33.91999816894531,20.38312530517578,24600000
2012-05-11,33.68000030517578,34.16999816894531,33.61000061035156,33.66999816894531,20.232894897460938,20606800
2012-05-14,33.255001068115234,33.310001373291016,33.040000915527344,33.11000061035156,19.896387100219727,27105800
2012-05-15,33.130001068115234,33.255001068115234,32.459999084472656,32.560001373291016,19.565879821777344,33951000
2012-05-16,32.63999938964844,33.154998779296875,32.375,32.375,19.454710006713867,33026600
2012-05-17,32.45000076293945,32.70500183105469,32.165000915527344,32.16999816894531,19.331520080566406,38364400
2012-05-18,32.400001525878906,32.58000183105469,31.834999084472656,31.969999313354492,19.211336135864258,36966800
2012-05-21,32.01499938964844,32.73500061035156,31.9950008392334,32.70500183105469,19.653017044067383,27340800
2012-05-22,32.75,33.209999084472656,32.404998779296875,32.625,19.60494041442871,42672000
2012-05-23,32.349998474121094,32.790000915527344,31.889999389648438,32.744998931884766,19.677053451538086,37762000
2012-05-24,32.915000915527344,32.915000915527344,32.310001373291016,32.720001220703125,19.66202735900879,37363000
2012-05-25,32.685001373291016,32.904998779296875,32.494998931884766,32.564998626708984,19.56888198852539,16028600
2012-05-29,32.939998626708984,33.345001220703125,32.77000045776367,33.11000061035156,19.896387100219727,28107400
2012-05-30,32.650001525878906,32.66999816894531,31.989999771118164,32.095001220703125,19.286447525024414,46467400
2012-05-31,32.07500076293945,32.15999984741211,31.270000457763672,31.815000534057617,19.118196487426758,53377000
2012-06-01,31.174999237060547,31.364999771118164,30.979999542236328,31.020000457763672,18.640466690063477,39020600
2012-06-04,31.139999389648438,31.235000610351562,30.55500030517578,30.9950008392334,18.625442504882812,38069800
2012-06-05,30.924999237060547,31.46500015258789,30.90999984741211,31.260000228881836,18.784683227539062,31604600
2012-06-06,31.59000015258789,32.255001068115234,31.59000015258789,32.224998474121094,19.364574432373047,41568000
2012-06-07,32.64500045776367,32.939998626708984,32.18000030517578,32.244998931884766,19.376596450805664,29372000
2012-06-08,32.0099983215332,32.29499816894531,31.735000610351562,32.25,19.379592895507812,31168000
2012-06-11,32.58000183105469,32.72999954223633,31.764999389648438,31.809999465942383,19.115192413330078,32296600
2012-06-12,31.985000610351562,32.34000015258789,31.809999465942383,32.2599983215332,19.38559913635254,29032600
2012-06-13,32.07500076293945,32.39500045776367,31.704999923706055,31.850000381469727,19.139232635498047,24344800
2012-06-14,31.924999237060547,32.4900016784668,31.799999237060547,32.349998474121094,19.439685821533203,29129400
2012-06-15,32.415000915527344,32.845001220703125,32.255001068115234,32.810001373291016,19.81134033203125,31002000
2012-06-18,32.48500061035156,32.61000061035156,32.29499816894531,32.51499938964844,19.633211135864258,28074000
2012-06-19,32.77000045776367,33.150001525878906,32.599998474121094,32.98500061035156,19.917009353637695,30745800
2012-06-20,32.970001220703125,33.21500015258789,32.54999923706055,32.85499954223633,19.83851432800293,35247000
2012-06-21,32.8650016784668,32.8650016784668,31.454999923706055,31.510000228881836,19.026369094848633,37929000
2012-06-22,31.719999313354492,31.864999771118164,31.334999084472656,31.719999313354492,19.153167724609375,40126000
2012-06-25,31.25,31.260000228881836,30.735000610351562,31.010000228881836,18.724456787109375,31107600
2012-06-26,31.059999465942383,31.459999084472656,30.834999084472656,31.344999313354492,18.926746368408203,28524000
2012-06-27,31.514999389648438,32.1150016784668,31.514999389648438,31.9950008392334,19.319229125976562,23315600
2012-06-28,31.809999465942383,32.27000045776367,31.665000915527344,32.21500015258789,19.452064514160156,33047000
2012-06-29,33.06999969482422,33.25,32.73500061035156,33.185001373291016,20.03777503967285,43491000
2012-07-02,33.185001373291016,33.33000183105469,32.834999084472656,33.20000076293945,20.046831130981445,29112600
2012-07-03,33.46500015258789,34.349998474121094,33.435001373291016,33.994998931884766,20.52686309814453,31383200
2012-07-05,33.79499816894531,33.814998626708984,33.43000030517578,33.54999923706055,20.25816535949707,24282000
2012-07-06,33.03499984741211,33.29499816894531,32.8849983215332,33.14500045776367,20.01361846923828,22381200
2012-07-09,33.119998931884766,33.18000030517578,32.7599983215332,32.994998931884766,19.923046112060547,19127800
2012-07-10,33.19499969482422,33.29499816894531,32.31999969482422,32.47999954223633,19.612075805664062,37602200
2012-07-11,32.650001525878906,33.084999084472656,32.564998626708984,32.91999816894531,19.877758026123047,41929800
2012-07-12,32.529998779296875,32.97999954223633,32.40999984741211,32.810001373291016,19.81134033203125,38736800
2012-07-13,32.94499969482422,33.415000915527344,32.900001525878906,33.3849983215332,20.15853500366211,20419200
2012-07-16,33.279998779296875,33.650001525878906,33.084999084472656,33.494998931884766,20.224956512451172,22669600
2012-07-17,33.685001373291016,33.95000076293945,33.150001525878906,33.915000915527344,20.47856330871582,35969200
2012-07-18,33.79499816894531,34.25,33.724998474121094,34.209999084472656,20.65669059753418,31036000
2012-07-19,34.349998474121094,34.41999816894531,34.10499954223633,34.314998626708984,20.720088958740234,27978800
2012-07-20,34.20500183105469,34.404998779296875,34.04999923706055,34.39500045776367,20.768396377563477,27328800
2012-07-23,33.68000030517578,34.1349983215332,33.46500015258789,34.064998626708984,20.56913185119629,25441000
2012-07-24,34.08000183105469,34.1150016784668,33.08000183105469,33.52000045776367,20.24004554748535,25317800
2012-07-25,33.650001525878906,33.790000915527344,33.255001068115234,33.54499816894531,20.255142211914062,18999000
2012-07-26,34.060001373291016,34.6150016784668,34.040000915527344,34.5,20.83179473876953,28081000
2012-07-27,34.685001373291016,35.244998931884766,34.45000076293945,35.11000061035156,21.20012664794922,30720600
2012-07-30,35.060001373291016,35.34000015258789,34.95000076293945,35.209999084472656,21.260507583618164,19466600
2012-07-31,35.130001068115234,35.275001525878906,34.790000915527344,34.82500076293945,21.028030395507812,24031200
2012-08-01,34.95500183105469,35.16999816894531,34.58000183105469,34.994998931884766,21.13067626953125,32289200
2012-08-02,34.560001373291016,34.7599983215332,34.08000183105469,34.40999984741211,20.77745246887207,30882600
2012-08-03,35.04999923706055,35.435001373291016,35.0099983215332,35.220001220703125,21.26654052734375,28752000
2012-08-06,35.28499984741211,35.5099983215332,35.25,35.314998626708984,21.323909759521484,11872400
2012-08-07,35.58000183105469,36.0,35.54999923706055,35.845001220703125,21.643930435180664,24501800
2012-08-08,35.689998626708984,36.0,35.625,35.875,21.66204071044922,18998000
2012-08-09,35.79999923706055,36.255001068115234,35.75,36.119998931884766,21.80998420715332,23966000
2012-08-10,35.875,36.22999954223633,35.654998779296875,36.185001373291016,21.849239349365234,22631000
2012-08-13,36.18000030517578,36.22999954223633,35.875,36.04999923706055,21.76771354675293,16578000
2012-08-14,36.224998474121094,36.26499938964844,35.869998931884766,35.98500061035156,21.728473663330078,14242600
2012-08-15,35.994998931884766,36.084999084472656,35.834999084472656,35.97999954223633,21.72544288635254,13064200
2012-08-16,36.040000915527344,36.3650016784668,35.939998626708984,36.29999923706055,21.91867446899414,13767800
2012-08-17,36.375,36.38999938964844,36.15999984741211,36.28499984741211,21.909618377685547,24208200
2012-08-20,36.189998626708984,36.290000915527344,36.03499984741211,36.15999984741211,21.834142684936523,11135600
2012-08-21,36.32500076293945,36.51499938964844,35.98500061035156,36.04499816894531,21.76469612121582,17460400
2012-08-22,35.93000030517578,36.21500015258789,35.81999969482422,36.18000030517578,21.846216201782227,17077600
2012-08-23,36.095001220703125,36.19499969482422,35.709999084472656,35.779998779296875,21.60468101501465,14657200
2012-08-24,35.720001220703125,36.09000015258789,35.529998779296875,35.9900016784668,21.731483459472656,14983200
2012-08-27,36.029998779296875,36.25,35.8849983215332,36.005001068115234,21.74054527282715,12135600
2012-08-28,35.93000030517578,36.13999938964844,35.8650016784668,36.029998779296875,21.75563621520996,13641600
2012-08-29,36.04999923706055,36.08000183105469,35.755001068115234,35.790000915527344,21.61072540283203,12703800
2012-08-30,35.650001525878906,35.650001525878906,35.30500030517578,35.40999984741211,21.38126564025879,15570800
2012-08-31,35.70500183105469,35.94499969482422,35.4900016784668,35.76499938964844,21.595626831054688,20299800
2012-09-04,35.72999954223633,35.755001068115234,35.20000076293945,35.4900016784668,21.42957305908203,17550000
2012-09-05,35.470001220703125,35.599998474121094,35.29499816894531,35.35499954223633,21.348064422607422,14450000
2012-09-06,35.6349983215332,36.34000015258789,35.630001068115234,36.099998474121094,21.79791259765625,27044200
2012-09-07,36.185001373291016,36.73500061035156,36.150001525878906,36.724998474121094,22.17528533935547,26845200
2012-09-10,36.67499923706055,36.915000915527344,36.54999923706055,36.564998626708984,22.07868194580078,11684200
2012-09-11,36.67499923706055,37.05500030517578,36.67499923706055,36.95500183105469,22.314178466796875,15011000
2012-09-12,37.17499923706055,37.275001525878906,37.025001525878906,37.18000030517578,22.450031280517578,16683400
2012-09-13,37.26499938964844,38.005001068115234,36.974998474121094,37.78499984741211,22.81534767150879,28348400
2012-09-14,38.04999923706055,38.67499923706055,38.0099983215332,38.28499984741211,23.11725425720215,30480600
2012-09-17,38.130001068115234,38.404998779296875,37.869998931884766,37.994998931884766,22.9421443939209,20367000
2012-09-18,37.869998931884766,37.8849983215332,37.43000030517578,37.724998474121094,22.779111862182617,19840400
2012-09-19,37.689998626708984,37.724998474121094,37.32500076293945,37.36000061035156,22.558717727661133,29613600
2012-09-20,37.040000915527344,37.540000915527344,36.88999938964844,37.46500015258789,22.622119903564453,23487600
2012-09-21,37.619998931884766,37.6349983215332,37.25,37.34000015258789,22.64759063720703,25396400
2012-09-24,37.01499938964844,37.25,37.0099983215332,37.150001525878906,22.53236198425293,14781000
2012-09-25,37.25,37.31999969482422,36.709999084472656,36.744998931884766,22.286710739135742,26986600
2012-09-26,36.595001220703125,36.63999938964844,36.27000045776367,36.39500045776367,22.07442855834961,31606200
2012-09-27,36.67499923706055,36.994998931884766,36.52000045776367,36.88999938964844,22.374666213989258,16654600
2012-09-28,36.78499984741211,36.81999969482422,36.494998931884766,36.71500015258789,22.268524169921875,16897200
2012-10-01,36.970001220703125,37.26499938964844,36.849998474121094,36.900001525878906,22.380725860595703,22242800
2012-10-02,37.150001525878906,37.150001525878906,36.7400016784668,36.96500015258789,22.420154571533203,17582200
2012-10-03,36.89500045776367,36.94499969482422,36.334999084472656,36.5099983215332,22.144176483154297,25151600
2012-10-04,36.71500015258789,36.970001220703125,36.63999938964844,36.875,22.365558624267578,22754600
2012-10-05,37.084999084472656,37.130001068115234,36.66999816894531,36.790000915527344,22.314001083374023,27778400
2012-10-08,36.584999084472656,36.89500045776367,36.54999923706055,36.849998474121094,22.350399017333984,10885600
2012-10-09,36.8849983215332,37.189998626708984,36.84000015258789,36.900001525878906,22.380725860595703,20581200
2012-10-10,36.685001373291016,36.744998931884766,36.11000061035156,36.209999084472656,21.962228775024414,30383600
2012-10-11,36.560001373291016,36.78499984741211,36.459999084472656,36.47999954223633,22.1259765625,16543400
2012-10-12,36.470001220703125,36.53499984741211,36.02000045776367,36.279998779296875,22.004684448242188,21523600
2012-10-15,36.21500015258789,36.52000045776367,35.95500183105469,36.46500015258789,22.11688804626465,16188000
2012-10-16,36.68000030517578,37.1150016784668,36.68000030517578,37.04499816894531,22.46867561340332,26698600
2012-10-17,37.150001525878906,37.53499984741211,37.07500076293945,37.5099983215332,22.750699996948242,20691400
2012-10-18,37.34000015258789,37.595001220703125,37.314998626708984,37.505001068115234,22.7476749420166,28824800
2012-10-19,37.474998474121094,37.54999923706055,36.779998779296875,36.915000915527344,22.38982391357422,28185200
2012-10-22,36.93000030517578,37.04999923706055,36.36000061035156,36.72999954223633,22.277610778808594,21687800
2012-10-23,36.11000061035156,36.14500045776367,35.6150016784668,35.875,21.759033203125,30857000
2012-10-24,36.05500030517578,36.125,35.53499984741211,35.599998474121094,21.592247009277344,21391000
2012-10-25,35.95500183105469,36.02000045776367,35.5099983215332,35.935001373291016,21.795425415039062,19586400
2012-10-26,35.8650016784668,36.20000076293945,35.79999923706055,35.97999954223633,21.822725296020508,22016800
2012-10-31,36.125,36.23500061035156,35.67499923706055,35.970001220703125,21.81665802001953,22251600
2012-11-01,35.83000183105469,36.19499969482422,35.77000045776367,36.125,21.910663604736328,18981600
2012-11-02,36.244998931884766,36.345001220703125,35.40999984741211,35.529998779296875,21.54978370666504,22529800
2012-11-05,35.459999084472656,35.89500045776367,35.41999816894531,35.79999923706055,21.713546752929688,14834800
2012-11-06,35.97999954223633,36.529998779296875,35.959999084472656,36.375,22.062307357788086,21038400
2012-11-07,35.84000015258789,35.91999816894531,35.17499923706055,35.42499923706055,21.48610496520996,38087200
2012-11-08,35.400001525878906,35.53499984741211,34.76499938964844,34.78499984741211,21.097925186157227,30026600
2012-11-09,34.67499923706055,35.185001373291016,34.57500076293945,34.775001525878906,21.091859817504883,24455400
2012-11-12,34.90999984741211,34.95000076293945,34.70000076293945,34.845001220703125,21.134315490722656,11166800
2012-11-13,34.53499984741211,35.154998779296875,34.5,34.70000076293945,21.046377182006836,22601200
2012-11-14,34.810001373291016,34.875,34.189998626708984,34.279998779296875,20.791635513305664,38484200
2012-11-15,34.29499816894531,34.6349983215332,34.095001220703125,34.32500076293945,20.818927764892578,29302200
2012-11-16,34.375,34.5099983215332,33.8849983215332,34.459999084472656,20.900802612304688,42955400
2012-11-19,34.93000030517578,35.310001373291016,34.904998779296875,35.255001068115234,21.38299560546875,22916200
2012-11-20,35.15999984741211,35.29499816894531,34.869998931884766,35.1150016784668,21.298078536987305,15425000
2012-11-21,35.224998474121094,35.349998474121094,35.08000183105469,35.30500030517578,21.4133243560791,11737000
2012-11-23,35.470001220703125,35.80500030517578,35.3849983215332,35.80500030517578,21.716577529907227,9004800
2012-11-26,35.494998931884766,35.52000045776367,35.209999084472656,35.45500183105469,21.504301071166992,18781000
2012-11-27,35.349998474121094,35.505001068115234,35.095001220703125,35.15999984741211,21.32537269592285,15576000
2012-11-28,34.82500076293945,35.53499984741211,34.71500015258789,35.47999954223633,21.519460678100586,23175800
2012-11-29,35.71500015258789,35.85499954223633,35.435001373291016,35.560001373291016,21.56797981262207,21902200
2012-11-30,35.599998474121094,35.724998474121094,35.400001525878906,35.529998779296875,21.54978370666504,16730200
2012-12-03,35.79999923706055,35.849998474121094,35.29499816894531,35.334999084472656,21.431514739990234,19533000
2012-12-04,35.349998474121094,35.51499938964844,35.185001373291016,35.20500183105469,21.3526668548584,22791600
2012-12-05,35.314998626708984,35.64500045776367,35.220001220703125,35.45000076293945,21.50126838684082,25062200
2012-12-06,35.375,35.564998626708984,35.314998626708984,35.564998626708984,21.571016311645508,16213600
2012-12-07,35.685001373291016,35.78499984741211,35.5099983215332,35.779998779296875,21.701412200927734,20768800
2012-12-10,35.76499938964844,35.904998779296875,35.665000915527344,35.7400016784668,21.67716407775879,11671600
2012-12-11,35.8849983215332,36.084999084472656,35.814998626708984,35.95000076293945,21.804529190063477,15749400
2012-12-12,36.060001373291016,36.40999984741211,35.959999084472656,36.08000183105469,21.88337516784668,18386600
2012-12-13,36.03499984741211,36.040000915527344,35.599998474121094,35.744998931884766,21.680191040039062,21534600
2012-12-14,35.505001068115234,35.68000030517578,35.45500183105469,35.61000061035156,21.59830093383789,18883400
2012-12-17,35.72999954223633,35.95000076293945,35.665000915527344,35.935001373291016,21.795425415039062,18989000
2012-12-18,35.93000030517578,36.67499923706055,35.86000061035156,36.595001220703125,22.19573402404785,22374000
2012-12-19,36.654998779296875,36.69499969482422,36.32500076293945,36.345001220703125,22.044103622436523,16181200
2012-12-20,36.349998474121094,36.619998931884766,36.275001525878906,36.59000015258789,22.192707061767578,18014800
2012-12-21,35.959999084472656,36.13999938964844,35.81999969482422,36.03499984741211,21.967445373535156,30420400
2012-12-24,35.959999084472656,35.994998931884766,35.70000076293945,35.7599983215332,21.799800872802734,7179600
2012-12-26,35.974998474121094,35.9900016784668,35.54999923706055,35.599998474121094,21.702274322509766,13040200
2012-12-27,35.60499954223633,35.64500045776367,35.095001220703125,35.53499984741211,21.662635803222656,23321600
2012-12-28,35.31999969482422,35.34000015258789,34.8849983215332,34.915000915527344,21.284677505493164,23604800
2012-12-31,34.85499954223633,35.720001220703125,34.78499984741211,35.709999084472656,21.769323348999023,32769600
2013-01-02,36.474998474121094,36.5099983215332,36.0,36.5,22.25092124938965,29091600
2013-01-03,36.44499969482422,36.814998626708984,36.279998779296875,36.4900016784668,22.244823455810547,19572000
2013-01-04,36.54499816894531,36.94499969482422,36.525001525878906,36.89500045776367,22.491714477539062,18585400
2013-01-07,36.724998474121094,36.724998474121094,36.470001220703125,36.61000061035156,22.317975997924805,15946800
2013-01-08,36.5099983215332,36.52000045776367,36.2599983215332,36.4900016784668,22.244823455810547,14751400
2013-01-09,36.595001220703125,36.63999938964844,36.275001525878906,36.43000030517578,22.2082462310791,14745000
2013-01-10,36.72999954223633,36.82500076293945,36.529998779296875,36.7599983215332,22.4094181060791,16733600
2013-01-11,36.79999923706055,36.86000061035156,36.66999816894531,36.80500030517578,22.436853408813477,12732800
2013-01-14,36.78499984741211,36.915000915527344,36.68000030517578,36.810001373291016,22.439905166625977,16794200
2013-01-15,36.66999816894531,37.005001068115234,36.595001220703125,36.974998474121094,22.540485382080078,19279000
2013-01-16,36.915000915527344,37.14500045776367,36.86000061035156,37.13999938964844,22.64107894897461,17170400
2013-01-17,37.32500076293945,37.61000061035156,37.220001220703125,37.375,22.78432846069336,21004000
2013-01-18,37.404998779296875,37.744998931884766,37.32500076293945,37.744998931884766,23.009889602661133,26813000
2013-01-22,37.68000030517578,38.154998779296875,37.57500076293945,38.10499954223633,23.229351043701172,20299600
2013-01-23,38.01499938964844,38.08000183105469,37.83000183105469,37.974998474121094,23.15009307861328,14338600
2013-01-24,38.02000045776367,38.39500045776367,37.97999954223633,38.084999084472656,23.2171630859375,17641600
2013-01-25,38.27000045776367,38.525001525878906,38.20500183105469,38.44499969482422,23.436626434326172,15590600
2013-01-28,38.59000015258789,38.59000015258789,38.154998779296875,38.380001068115234,23.39699935913086,14902400
2013-01-29,38.48500061035156,39.07500076293945,38.470001220703125,39.0,23.774961471557617,23292000
2013-01-30,39.08000183105469,39.29499816894531,38.7400016784668,38.80500030517578,23.656084060668945,19886000
2013-01-31,38.68000030517578,38.869998931884766,38.53499984741211,38.67499923706055,23.576828002929688,21030600
2013-02-01,38.880001068115234,39.084999084472656,38.58000183105469,39.03499984741211,23.79629135131836,23636600
2013-02-04,38.70000076293945,38.84000015258789,38.63999938964844,38.665000915527344,23.570737838745117,21348000
2013-02-05,38.93000030517578,39.10499954223633,38.779998779296875,39.0,23.774961471557617,23370200
2013-02-06,38.790000915527344,39.04499816894531,38.67499923706055,39.025001525878906,23.79019546508789,22772800
2013-02-07,38.994998931884766,39.084999084472656,38.665000915527344,38.92499923706055,23.729236602783203,23861800
2013-02-08,38.97999954223633,39.30500030517578,38.97999954223633,39.290000915527344,23.951749801635742,18895400
2013-02-11,39.29499816894531,39.29499816894531,39.040000915527344,39.095001220703125,23.832874298095703,13922000
2013-02-12,39.185001373291016,39.27000045776367,38.974998474121094,39.20000076293945,23.896883010864258,14405400
2013-02-13,39.2400016784668,39.375,39.21500015258789,39.34000015258789,23.982219696044922,11385800
2013-02-14,39.2599983215332,39.755001068115234,39.14500045776367,39.68000030517578,24.189491271972656,14621400
2013-02-15,39.630001068115234,39.64500045776367,39.01499938964844,39.224998474121094,23.91211700439453,28675600
2013-02-19,39.369998931884766,39.71500015258789,39.36000061035156,39.68000030517578,24.189491271972656,15394000
2013-02-20,39.665000915527344,39.66999816894531,38.814998626708984,38.849998474121094,23.683509826660156,25535400
2013-02-21,38.654998779296875,38.724998474121094,38.290000915527344,38.58000183105469,23.518922805786133,24524800
2013-02-22,38.82500076293945,39.0,38.51499938964844,38.98500061035156,23.765817642211914,13129200
2013-02-25,39.2400016784668,39.36000061035156,37.939998626708984,37.96500015258789,23.144004821777344,27616000
2013-02-26,38.17499923706055,38.435001373291016,37.72999954223633,38.34000015258789,23.372615814208984,33703000
2013-02-27,38.224998474121094,39.029998779296875,38.224998474121094,38.92499923706055,23.729236602783203,21989200
2013-02-28,38.8849983215332,39.23500061035156,38.82500076293945,38.845001220703125,23.680465698242188,19879800
2013-03-01,38.689998626708984,38.96500015258789,38.51499938964844,38.89500045776367,23.710947036743164,26525400
2013-03-04,38.7599983215332,38.8650016784668,38.42499923706055,38.810001373291016,23.659130096435547,20843400
2013-03-05,39.06999969482422,39.209999084472656,38.904998779296875,39.060001373291016,23.811540603637695,19969800
2013-03-06,39.224998474121094,39.29999923706055,38.959999084472656,39.10499954223633,23.83896827697754,16400200
2013-03-07,39.19499969482422,39.369998931884766,39.02000045776367,39.30500030517578,23.960886001586914,16932400
2013-03-08,39.46500015258789,39.560001373291016,39.244998931884766,39.494998931884766,24.07671356201172,15633400
2013-03-11,39.3650016784668,39.58000183105469,39.19499969482422,39.51499938964844,24.08889389038086,16334200
2013-03-12,39.54999923706055,39.77000045776367,39.435001373291016,39.560001373291016,24.11634635925293,17046600
2013-03-13,39.5,39.619998931884766,39.369998931884766,39.470001220703125,24.06146812438965,15565400
2013-03-14,39.53499984741211,40.06999969482422,39.53499984741211,40.0099983215332,24.390668869018555,21982200
2013-03-15,39.81999969482422,39.974998474121094,39.630001068115234,39.79999923706055,24.371370315551758,22493200
2013-03-18,39.29499816894531,39.720001220703125,39.26499938964844,39.47999954223633,24.175424575805664,16094000
2013-03-19,39.54499816894531,39.54499816894531,38.69499969482422,39.04499816894531,23.909059524536133,24704200
2013-03-20,39.33000183105469,39.39500045776367,39.040000915527344,39.26499938964844,24.043781280517578,13646000
2013-03-21,39.07500076293945,39.380001068115234,39.03499984741211,39.064998626708984,23.921295166015625,16555000
2013-03-22,39.17499923706055,39.439998626708984,39.150001525878906,39.375,24.111129760742188,15809600
2013-03-25,39.529998779296875,39.69499969482422,39.060001373291016,39.224998474121094,24.019269943237305,19679000
2013-03-26,39.435001373291016,39.689998626708984,39.375,39.63999938964844,24.27339744567871,13862400
2013-03-27,39.41999816894531,39.834999084472656,39.314998626708984,39.77000045776367,24.353008270263672,11389400
2013-03-28,39.77000045776367,39.935001373291016,39.6349983215332,39.654998779296875,24.28258514404297,13790600
2013-04-01,39.654998779296875,39.77000045776367,39.30500030517578,39.57500076293945,24.233600616455078,14815600
2013-04-02,39.63999938964844,39.66999816894531,39.224998474121094,39.349998474121094,24.095815658569336,16816200
2013-04-03,39.3650016784668,39.38999938964844,38.494998931884766,38.6150016784668,23.645742416381836,31487000
2013-04-04,38.584999084472656,38.79999923706055,38.31999969482422,38.564998626708984,23.615137100219727,27505400
2013-04-05,38.064998626708984,38.69499969482422,37.994998931884766,38.650001525878906,23.66717529296875,33239600
2013-04-08,38.709999084472656,38.93000030517578,38.57500076293945,38.90999984741211,23.826393127441406,17807200
2013-04-09,39.0,39.404998779296875,38.814998626708984,39.2400016784668,24.028457641601562,19159600
2013-04-10,39.34000015258789,39.60499954223633,39.279998779296875,39.45000076293945,24.15705680847168,18383600
2013-04-11,39.630001068115234,39.810001373291016,39.3650016784668,39.619998931884766,24.26115608215332,22622600
2013-04-12,39.35499954223633,39.43000030517578,38.78499984741211,39.0,23.881500244140625,38874200
2013-04-15,38.564998626708984,38.584999084472656,37.380001068115234,37.40999984741211,22.907867431640625,49586400
2013-04-16,37.78499984741211,37.92499923706055,37.349998474121094,37.869998931884766,23.189552307128906,32920800
2013-04-17,37.53499984741211,37.57500076293945,36.7599983215332,37.040000915527344,22.681293487548828,41253400
2013-04-18,37.14500045776367,37.59000015258789,36.80500030517578,37.35499954223633,22.874189376831055,41071200
2013-04-19,37.63999938964844,37.71500015258789,37.05500030517578,37.279998779296875,22.828266143798828,26833000
2013-04-22,37.46500015258789,37.834999084472656,37.13999938964844,37.68000030517578,23.073198318481445,26696000
2013-04-23,37.83000183105469,38.150001525878906,37.650001525878906,38.1150016784668,23.33957290649414,27895200
2013-04-24,38.255001068115234,38.80500030517578,38.21500015258789,38.625,23.651866912841797,27430200
2013-04-25,38.720001220703125,39.119998931884766,38.470001220703125,38.654998779296875,23.670244216918945,27277600
2013-04-26,38.56999969482422,38.685001373291016,38.28499984741211,38.59000015258789,23.63043975830078,22324800
2013-04-29,38.82500076293945,39.13999938964844,38.650001525878906,38.97999954223633,23.86925506591797,24429400
2013-04-30,39.025001525878906,39.150001525878906,38.67499923706055,39.1349983215332,23.96416664123535,20071000
2013-05-01,38.79999923706055,38.904998779296875,38.47999954223633,38.525001525878906,23.590639114379883,30648000
2013-05-02,38.68000030517578,39.13999938964844,38.54499816894531,39.029998779296875,23.899869918823242,27194200
2013-05-03,39.30500030517578,39.84000015258789,39.29499816894531,39.73500061035156,24.331573486328125,28098000
2013-05-06,39.755001068115234,40.165000915527344,39.755001068115234,40.005001068115234,24.496906280517578,24014400
2013-05-07,40.185001373291016,40.4900016784668,40.03499984741211,40.314998626708984,24.686731338500977,19401200
2013-05-08,40.28499984741211,40.45500183105469,40.130001068115234,40.380001068115234,24.726543426513672,14340800
2013-05-09,40.39500045776367,40.540000915527344,40.125,40.345001220703125,24.70510482788086,16271200
2013-05-10,40.119998931884766,40.20000076293945,39.78499984741211,40.1349983215332,24.576515197753906,26442200
2013-05-13,40.03499984741211,40.150001525878906,39.904998779296875,40.130001068115234,24.573448181152344,14846200
2013-05-14,40.165000915527344,40.70000076293945,40.13999938964844,40.70000076293945,24.922487258911133,19200600
2013-05-15,40.5099983215332,40.71500015258789,40.244998931884766,40.584999084472656,24.852067947387695,26097200
2013-05-16,40.470001220703125,40.69499969482422,40.29499816894531,40.3849983215332,24.7296085357666,24110800
2013-05-17,40.60499954223633,41.10499954223633,40.560001373291016,41.060001373291016,25.14293670654297,29314200
2013-05-20,41.040000915527344,41.72999954223633,41.040000915527344,41.63999938964844,25.498096466064453,20384400
2013-05-21,41.7400016784668,41.915000915527344,41.415000915527344,41.55500030517578,25.446043014526367,21676600
2013-05-22,41.6150016784668,41.974998474121094,40.875,41.07500076293945,25.152111053466797,39678800
2013-05-23,40.560001373291016,41.095001220703125,40.42499923706055,41.095001220703125,25.164365768432617,25583400
2013-05-24,40.72999954223633,40.86000061035156,40.5,40.85499954223633,25.017406463623047,17330000
2013-05-28,41.43000030517578,41.6150016784668,41.07500076293945,41.28499984741211,25.28071403503418,21416800
2013-05-29,40.974998474121094,41.349998474121094,40.89500045776367,41.19499969482422,25.225608825683594,25506000
2013-05-30,41.08000183105469,41.30500030517578,40.814998626708984,41.099998474121094,25.167417526245117,24149600
2013-05-31,40.93000030517578,41.060001373291016,40.244998931884766,40.25,24.646926879882812,30014400
2013-06-03,40.400001525878906,40.650001525878906,40.21500015258789,40.63999938964844,24.885757446289062,36730800
2013-06-04,40.439998626708984,40.69499969482422,40.02000045776367,40.31999969482422,24.689802169799805,31962000
2013-06-05,40.20000076293945,40.345001220703125,39.82500076293945,39.849998474121094,24.401992797851562,35592200
2013-06-06,39.875,40.16999816894531,39.54999923706055,40.150001525878906,24.585697174072266,36648400
2013-06-07,40.415000915527344,40.689998626708984,40.18000030517578,40.654998779296875,24.894935607910156,21164000
2013-06-10,40.83000183105469,40.84000015258789,40.404998779296875,40.540000915527344,24.82452392578125,15888000
2013-06-11,40.04499816894531,40.310001373291016,39.875,39.92499923706055,24.447921752929688,21191800
2013-06-12,40.32500076293945,40.39500045776367,39.59000015258789,39.68000030517578,24.297893524169922,18689400
2013-06-13,39.66999816894531,40.45000076293945,39.619998931884766,40.345001220703125,24.70510482788086,24786000
2013-06-14,40.369998931884766,40.40999984741211,39.86000061035156,39.95500183105469,24.466291427612305,20796800
2013-06-17,40.224998474121094,40.6349983215332,40.20500183105469,40.529998779296875,24.818387985229492,22195000
2013-06-18,40.474998474121094,40.8849983215332,40.459999084472656,40.7599983215332,24.959239959716797,15483400
2013-06-19,40.724998474121094,40.95000076293945,40.345001220703125,40.3849983215332,24.7296085357666,30107200
2013-06-20,39.85499954223633,39.875,39.084999084472656,39.20500183105469,24.007038116455078,50979600
2013-06-21,39.345001220703125,39.3849983215332,38.625,39.084999084472656,24.048254013061523,41108400
2013-06-24,38.65999984741211,38.935001373291016,38.0099983215332,38.505001068115234,23.691389083862305,37809600
2013-06-25,38.93000030517578,39.125,38.66999816894531,39.0,23.99595069885254,25080600
2013-06-26,39.189998626708984,39.36000061035156,38.904998779296875,39.2400016784668,24.14362144470215,22405600
2013-06-27,39.439998626708984,39.66999816894531,39.29499816894531,39.314998626708984,24.18977165222168,16327000
2013-06-28,39.165000915527344,39.459999084472656,39.025001525878906,39.150001525878906,24.088245391845703,21635400
2013-07-01,39.39500045776367,39.7599983215332,39.314998626708984,39.43000030517578,24.260520935058594,23921400
2013-07-02,39.439998626708984,39.849998474121094,39.31999969482422,39.51499938964844,24.312824249267578,17383600
2013-07-03,39.40999984741211,39.55500030517578,39.17499923706055,39.4900016784668,24.297443389892578,10511600
2013-07-05,39.720001220703125,39.994998931884766,39.41999816894531,39.97999954223633,24.598936080932617,20617000
2013-07-08,40.17499923706055,40.47999954223633,40.150001525878906,40.2400016784668,24.758914947509766,23158400
2013-07-09,40.46500015258789,40.70500183105469,40.3849983215332,40.650001525878906,25.01117706298828,18514600
2013-07-10,40.79999923706055,40.79999923706055,40.314998626708984,40.400001525878906,24.857349395751953,21623000
2013-07-11,40.90999984741211,40.939998626708984,40.505001068115234,40.724998474121094,25.057323455810547,28972400
2013-07-12,40.67499923706055,40.97999954223633,40.665000915527344,40.95500183105469,25.198829650878906,17555600
2013-07-15,40.97999954223633,41.060001373291016,40.845001220703125,40.91999816894531,25.17728614807129,20790200
2013-07-16,40.94499969482422,41.025001525878906,40.40999984741211,40.66999816894531,25.023479461669922,13447600
2013-07-17,40.790000915527344,40.970001220703125,40.724998474121094,40.849998474121094,25.134225845336914,15846000
2013-07-18,40.9900016784668,41.400001525878906,40.970001220703125,41.28499984741211,25.401870727539062,18839000
2013-07-19,41.435001373291016,41.86000061035156,41.34000015258789,41.86000061035156,25.755661010742188,21369600
2013-07-22,41.79999923706055,41.915000915527344,41.685001373291016,41.724998474121094,25.672597885131836,13604600
2013-07-23,41.83000183105469,41.97999954223633,41.744998931884766,41.79499816894531,25.71566390991211,12019400
2013-07-24,41.84000015258789,41.869998931884766,41.119998931884766,41.33000183105469,25.42957305908203,18677200
2013-07-25,41.29499816894531,41.65999984741211,41.17499923706055,41.60499954223633,25.59876823425293,19242200
2013-07-26,41.415000915527344,41.529998779296875,41.13999938964844,41.5,25.53416633605957,13660200
2013-07-29,41.369998931884766,41.404998779296875,40.9900016784668,41.154998779296875,25.32187843322754,16587200
2013-07-30,41.165000915527344,41.25,40.84000015258789,41.07500076293945,25.272666931152344,15870400
2013-07-31,41.150001525878906,41.5099983215332,41.119998931884766,41.209999084472656,25.355724334716797,22495000
2013-08-01,41.54499816894531,41.92499923706055,41.529998779296875,41.880001068115234,25.767967224121094,21293400
2013-08-02,41.724998474121094,41.75,41.42499923706055,41.69499969482422,25.654130935668945,16371000
2013-08-05,41.54499816894531,41.625,41.3849983215332,41.595001220703125,25.592613220214844,10382000
2013-08-06,41.494998931884766,41.70000076293945,41.224998474121094,41.34000015258789,25.43570899963379,12988800
2013-08-07,41.224998474121094,41.349998474121094,41.025001525878906,41.19499969482422,25.346494674682617,14067200
2013-08-08,41.39500045776367,41.5099983215332,41.060001373291016,41.41999816894531,25.484939575195312,13478600
2013-08-09,41.40999984741211,41.505001068115234,41.095001220703125,41.29499816894531,25.408029556274414,19630000
2013-08-12,41.01499938964844,41.279998779296875,41.0,41.119998931884766,25.30034637451172,12627000
2013-08-13,41.15999984741211,41.290000915527344,40.93000030517578,41.19499969482422,25.346494674682617,13832600
2013-08-14,41.099998474121094,41.275001525878906,40.974998474121094,41.005001068115234,25.229591369628906,12425000
2013-08-15,40.75,40.959999084472656,40.599998474121094,40.779998779296875,25.09115219116211,21638000
2013-08-16,40.70000076293945,40.76499938964844,40.45500183105469,40.6150016784668,24.989646911621094,17900800
2013-08-19,40.51499938964844,40.560001373291016,39.94499969482422,39.970001220703125,24.59278106689453,21694800
2013-08-20,39.9900016784668,41.5,39.92499923706055,40.21500015258789,24.743518829345703,18071200
2013-08-21,40.10499954223633,40.345001220703125,39.915000915527344,39.994998931884766,24.608156204223633,18975800
2013-08-22,40.17499923706055,40.75,40.09000015258789,40.59000015258789,24.97425079345703,16674400
2013-08-23,40.720001220703125,40.94499969482422,40.474998474121094,40.880001068115234,25.152690887451172,14785000
2013-08-26,40.994998931884766,41.154998779296875,40.72999954223633,40.810001373291016,25.1096134185791,14524000
2013-08-27,40.5099983215332,40.849998474121094,40.474998474121094,40.55500030517578,24.952709197998047,20401000
2013-08-28,40.685001373291016,41.38999938964844,40.66999816894531,41.22999954223633,25.36803436279297,23796400
2013-08-29,41.154998779296875,41.18000030517578,40.72999954223633,40.79999923706055,25.10346031188965,22817600
2013-08-30,40.95500183105469,41.005001068115234,40.685001373291016,40.78499984741211,25.09423065185547,17082600
2013-09-03,41.19499969482422,41.34000015258789,40.8849983215332,41.084999084472656,25.27881622314453,17268800
2013-09-04,41.03499984741211,41.43000030517578,40.94499969482422,41.30500030517578,25.414180755615234,14980000
2013-09-05,41.3849983215332,41.6349983215332,41.3650016784668,41.44499969482422,25.500314712524414,12230200
2013-09-06,41.61000061035156,41.76499938964844,41.154998779296875,41.439998626708984,25.497243881225586,16046200
2013-09-09,41.59000015258789,41.95500183105469,41.529998779296875,41.904998779296875,25.783348083496094,16869800
2013-09-10,41.95000076293945,41.97999954223633,41.560001373291016,41.91999816894531,25.792573928833008,18304400
2013-09-11,41.915000915527344,42.2400016784668,41.724998474121094,42.2400016784668,25.98947525024414,21400400
2013-09-12,42.154998779296875,42.279998779296875,41.959999084472656,41.9900016784668,25.835649490356445,21404800
2013-09-13,42.025001525878906,42.13999938964844,41.900001525878906,41.974998474121094,25.8264217376709,11958000
2013-09-16,42.29999923706055,42.33000183105469,41.904998779296875,41.96500015258789,25.82026481628418,16112600
2013-09-17,41.974998474121094,42.275001525878906,41.91999816894531,42.154998779296875,25.937164306640625,10843800
2013-09-18,42.14500045776367,42.84000015258789,42.02000045776367,42.665000915527344,26.25096321105957,22313200
2013-09-19,42.72999954223633,42.869998931884766,42.48500061035156,42.560001373291016,26.18634796142578,18277000
2013-09-20,42.38999938964844,42.494998931884766,41.939998626708984,42.02000045776367,25.974029541015625,27947800
2013-09-23,41.90999984741211,42.005001068115234,41.69499969482422,41.814998626708984,25.84730339050293,17040200
2013-09-24,41.80500030517578,42.165000915527344,41.685001373291016,41.85499954223633,25.872041702270508,11080800
2013-09-25,41.974998474121094,42.10499954223633,41.834999084472656,41.845001220703125,25.86585235595703,22387400
2013-09-26,41.95000076293945,42.01499938964844,41.720001220703125,41.91999816894531,25.91221046447754,15440400
2013-09-27,41.744998931884766,41.83000183105469,41.61000061035156,41.775001525878906,25.82257843017578,14342000
2013-09-30,41.27000045776367,41.599998474121094,41.19499969482422,41.45500183105469,25.624788284301758,20866400
2013-10-01,41.34000015258789,41.83000183105469,41.31999969482422,41.720001220703125,25.78858757019043,21688200
2013-10-02,41.54499816894531,41.8650016784668,41.32500076293945,41.814998626708984,25.84730339050293,15428400
2013-10-03,41.775001525878906,41.79999923706055,41.25,41.45000076293945,25.621685028076172,20280200
2013-10-04,41.540000915527344,41.97999954223633,41.36000061035156,41.869998931884766,25.88129997253418,18626200
2013-10-07,41.435001373291016,41.790000915527344,41.3849983215332,41.525001525878906,25.668048858642578,15857400
2013-10-08,41.540000915527344,41.630001068115234,41.040000915527344,41.08000183105469,25.392976760864258,21146800
2013-10-09,41.08000183105469,41.1150016784668,40.654998779296875,40.935001373291016,25.303354263305664,26219400
2013-10-10,41.220001220703125,41.70000076293945,41.209999084472656,41.69499969482422,25.77312469482422,25655200
2013-10-11,41.5099983215332,42.275001525878906,41.470001220703125,42.14500045776367,26.051294326782227,23850800
2013-10-14,41.89500045776367,42.45500183105469,41.79999923706055,42.43000030517578,26.227460861206055,16739800
2013-10-15,42.275001525878906,42.54999923706055,42.1150016784668,42.275001525878906,26.131656646728516,22783600
2013-10-16,42.560001373291016,43.040000915527344,42.540000915527344,42.90999984741211,26.52416229248047,25208800
2013-10-17,42.8650016784668,43.02000045776367,42.744998931884766,43.0,26.579797744750977,24574000
2013-10-18,43.334999084472656,43.494998931884766,43.13999938964844,43.470001220703125,26.870315551757812,25901200
2013-10-21,43.45000076293945,43.619998931884766,43.18000030517578,43.275001525878906,26.74978256225586,15707000
2013-10-22,43.48500061035156,43.79499816894531,43.32500076293945,43.51499938964844,26.89814567565918,28575800
2013-10-23,43.154998779296875,43.19499969482422,42.709999084472656,42.834999084472656,26.477807998657227,33670600
2013-10-24,42.880001068115234,43.1150016784668,42.60499954223633,43.040000915527344,26.60453224182129,15746600
2013-10-25,43.1349983215332,43.415000915527344,43.0099983215332,43.29999923706055,26.765233993530273,17492200
2013-10-28,43.32500076293945,43.43000030517578,43.099998474121094,43.334999084472656,26.786874771118164,15322400
2013-10-29,43.44499969482422,43.66999816894531,43.40999984741211,43.63999938964844,26.97540283203125,12934000
2013-10-30,43.625,43.810001373291016,43.005001068115234,43.345001220703125,26.793062210083008,22793200
2013-10-31,43.380001068115234,43.59000015258789,43.05500030517578,43.19499969482422,26.70032501220703,18169600
2013-11-01,43.18000030517578,43.220001220703125,42.52000045776367,43.040000915527344,26.60453224182129,24695200
2013-11-04,43.25,43.61000061035156,43.154998779296875,43.57500076293945,26.93522834777832,14466400
2013-11-05,43.3849983215332,43.505001068115234,43.13999938964844,43.18000030517578,26.691059112548828,16054600
2013-11-06,43.439998626708984,43.6349983215332,43.15999984741211,43.310001373291016,26.77142333984375,18167400
2013-11-07,43.42499923706055,43.48500061035156,42.5,42.63999938964844,26.357269287109375,41767000
2013-11-08,42.65999984741211,43.314998626708984,42.599998474121094,43.275001525878906,26.74978256225586,26485800
2013-11-11,43.349998474121094,43.494998931884766,43.21500015258789,43.35499954223633,26.799245834350586,10358200
2013-11-12,43.275001525878906,43.345001220703125,42.83000183105469,42.95500183105469,26.55197525024414,17361400
2013-11-13,42.76499938964844,43.334999084472656,42.7599983215332,43.33000183105469,26.783784866333008,21806800
2013-11-14,43.310001373291016,43.619998931884766,43.28499984741211,43.59000015258789,26.944496154785156,19336200
2013-11-15,43.755001068115234,43.84000015258789,43.505001068115234,43.83000183105469,27.09284782409668,14739600
2013-11-18,44.01499938964844,44.05500030517578,43.35499954223633,43.494998931884766,26.88577651977539,20932400
2013-11-19,43.40999984741211,43.71500015258789,43.20000076293945,43.56999969482422,26.932144165039062,18912800
2013-11-20,43.75,43.89500045776367,43.334999084472656,43.46500015258789,26.867229461669922,26525600
2013-11-21,43.6150016784668,43.95000076293945,43.560001373291016,43.880001068115234,27.123754501342773,14242800
2013-11-22,44.029998779296875,44.119998931884766,43.63999938964844,44.1150016784668,27.26902198791504,15119000
2013-11-25,44.06999969482422,44.06999969482422,43.494998931884766,43.71500015258789,27.021766662597656,19505200
2013-11-26,43.66999816894531,43.880001068115234,43.43000030517578,43.60499954223633,26.95377540588379,13549200
2013-11-27,43.48500061035156,43.685001373291016,43.060001373291016,43.310001373291016,26.77142333984375,18638600
2013-11-29,43.30500030517578,43.595001220703125,43.099998474121094,43.220001220703125,26.715789794921875,9953400
2013-12-02,43.26499938964844,43.54499816894531,43.005001068115234,43.25,26.734333038330078,19238800
2013-12-03,43.150001525878906,43.4900016784668,43.060001373291016,43.35499954223633,26.799245834350586,21690200
2013-12-04,43.29999923706055,43.44499969482422,42.869998931884766,43.21500015258789,26.712703704833984,20068600
2013-12-05,43.10499954223633,43.290000915527344,42.98500061035156,43.06999969482422,26.623071670532227,20142200
2013-12-06,43.44499969482422,43.52000045776367,43.06999969482422,43.20500183105469,26.706510543823242,23346000
2013-12-09,43.29999923706055,43.43000030517578,43.06999969482422,43.26499938964844,26.74359703063965,26144200
2013-12-10,43.165000915527344,43.39500045776367,43.08000183105469,43.1349983215332,26.663244247436523,21122800
2013-12-11,43.18000030517578,43.18000030517578,42.435001373291016,42.525001525878906,26.286182403564453,29365400
2013-12-12,42.52000045776367,42.89500045776367,42.439998626708984,42.70500183105469,26.397449493408203,21967200
2013-12-13,42.60499954223633,42.630001068115234,42.369998931884766,42.564998626708984,26.310914993286133,24326800
2013-12-16,42.79499816894531,43.07500076293945,42.67499923706055,42.935001373291016,26.53961753845215,24321600
2013-12-17,42.900001525878906,42.974998474121094,42.54999923706055,42.689998626708984,26.388195037841797,19712400
2013-12-18,42.814998626708984,43.349998474121094,42.404998779296875,43.334999084472656,26.786874771118164,30528000
2013-12-19,43.185001373291016,43.47999954223633,43.09000015258789,43.459999084472656,26.864139556884766,22421200
2013-12-20,43.244998931884766,43.505001068115234,43.220001220703125,43.334999084472656,26.911649703979492,31388600
2013-12-23,43.494998931884766,43.66999816894531,43.32500076293945,43.380001068115234,26.939592361450195,19535800
2013-12-24,43.415000915527344,43.65999984741211,43.36000061035156,43.619998931884766,27.08863067626953,11188800
2013-12-26,43.7400016784668,43.9900016784668,43.66999816894531,43.93000030517578,27.281150817871094,17715200
2013-12-27,44.08000183105469,44.20500183105469,43.935001373291016,44.14500045776367,27.414670944213867,11731800
2013-12-30,44.20000076293945,44.244998931884766,43.78499984741211,43.83000183105469,27.21904945373535,14091400
2013-12-31,43.935001373291016,44.27000045776367,43.775001525878906,44.255001068115234,27.482982635498047,16150800
2014-01-02,43.9900016784668,44.119998931884766,43.45000076293945,43.625,27.09173583984375,22267200
2014-01-03,43.66999816894531,43.845001220703125,43.375,43.46500015258789,26.99237823486328,19428600
2014-01-06,43.595001220703125,43.66999816894531,43.279998779296875,43.525001525878906,27.029640197753906,18513200
2014-01-07,43.650001525878906,43.8849983215332,43.42499923706055,43.85499954223633,27.234582901000977,13302000
2014-01-08,43.86000061035156,43.875,43.3849983215332,43.54999923706055,27.045162200927734,21883000
2014-01-09,43.595001220703125,43.66999816894531,43.05500030517578,43.415000915527344,26.961336135864258,24445400
2014-01-10,43.44499969482422,43.505001068115234,43.165000915527344,43.45000076293945,26.98305892944336,20940200
2014-01-13,43.33000183105469,43.39500045776367,42.54499816894531,42.584999084472656,26.445890426635742,33435200
2014-01-14,42.755001068115234,43.15999984741211,42.755001068115234,43.13999938964844,26.79054832458496,26444200
2014-01-15,43.20000076293945,43.2400016784668,42.95000076293945,43.01499938964844,26.712926864624023,23335800
2014-01-16,42.935001373291016,43.084999084472656,42.73500061035156,43.07500076293945,26.75019645690918,22594200
2014-01-17,43.18000030517578,43.415000915527344,42.95000076293945,43.005001068115234,26.70671272277832,25265800
2014-01-21,43.310001373291016,43.459999084472656,42.994998931884766,43.36000061035156,26.92717170715332,25451600
2014-01-22,43.46500015258789,43.61000061035156,43.28499984741211,43.560001373291016,27.051387786865234,21115200
2014-01-23,43.32500076293945,43.415000915527344,42.86000061035156,43.064998626708984,26.743968963623047,29801600
2014-01-24,42.80500030517578,42.80500030517578,42.13999938964844,42.165000915527344,26.185054779052734,34852200
2014-01-27,42.2400016784668,42.32500076293945,41.720001220703125,42.01499938964844,26.091909408569336,32109000
2014-01-28,42.1150016784668,42.400001525878906,42.0,42.334999084472656,26.290639877319336,18225600
2014-01-29,41.96500015258789,42.38999938964844,41.744998931884766,42.099998474121094,26.144697189331055,40249800
2014-01-30,42.3849983215332,42.45500183105469,41.994998931884766,42.23500061035156,26.228532791137695,24531400
2014-01-31,41.744998931884766,42.060001373291016,41.51499938964844,41.689998626708984,25.89008331298828,31966400
2014-02-03,41.650001525878906,41.82500076293945,40.88999938964844,40.94499969482422,25.427425384521484,50345600
2014-02-04,41.17499923706055,41.470001220703125,41.025001525878906,41.3650016784668,25.68825340270996,40679600
2014-02-05,41.3650016784668,41.375,40.904998779296875,40.959999084472656,25.436748504638672,54541800
2014-02-06,41.06999969482422,41.66999816894531,41.05500030517578,41.56999969482422,25.815561294555664,26056600
2014-02-07,41.82500076293945,42.084999084472656,41.56999969482422,42.02000045776367,26.09501838684082,24804600
2014-02-10,42.0099983215332,42.064998626708984,41.63999938964844,41.814998626708984,25.967700958251953,15922000
2014-02-11,41.86000061035156,42.505001068115234,41.814998626708984,42.36000061035156,26.306161880493164,21739400
2014-02-12,42.4900016784668,42.57500076293945,42.21500015258789,42.2599983215332,26.24405860900879,13624800
2014-02-13,42.060001373291016,42.56999969482422,41.94499969482422,42.459999084472656,26.36826515197754,19598000
2014-02-14,42.494998931884766,43.099998474121094,42.43000030517578,43.01499938964844,26.712926864624023,25236600
2014-02-18,43.08000183105469,43.26499938964844,43.005001068115234,43.209999084472656,26.834022521972656,17708000
2014-02-19,43.07500076293945,43.70500183105469,43.07500076293945,43.26499938964844,26.8681697845459,47644000
2014-02-20,43.25,43.6349983215332,43.189998626708984,43.54999923706055,27.045162200927734,18873800
2014-02-21,43.64500045776367,43.654998779296875,43.18000030517578,43.20500183105469,26.830909729003906,23165600
2014-02-24,43.334999084472656,44.2400016784668,43.310001373291016,43.85499954223633,27.234582901000977,37227800
2014-02-25,43.77000045776367,43.91999816894531,43.47999954223633,43.834999084472656,27.222150802612305,19166600
2014-02-26,43.85499954223633,43.904998779296875,43.42499923706055,43.560001373291016,27.051387786865234,20096600
2014-02-27,43.57500076293945,43.67499923706055,43.290000915527344,43.60499954223633,27.07932472229004,18666800
2014-02-28,43.6349983215332,43.994998931884766,43.564998626708984,43.82500076293945,27.215951919555664,20949000
2014-03-03,43.560001373291016,44.04499816894531,43.404998779296875,43.54499816894531,27.04206085205078,24927200
2014-03-04,43.92499923706055,44.150001525878906,43.755001068115234,44.02000045776367,27.337038040161133,21049000
2014-03-05,43.8849983215332,43.92499923706055,43.494998931884766,43.61000061035156,27.08242416381836,21730800
2014-03-06,43.63999938964844,43.970001220703125,43.6150016784668,43.92499923706055,27.278047561645508,15576600
2014-03-07,44.10499954223633,44.1349983215332,43.84000015258789,44.0099983215332,27.330829620361328,19705600
2014-03-10,43.96500015258789,44.11000061035156,43.709999084472656,44.08000183105469,27.374305725097656,17729000
2014-03-11,44.1349983215332,44.165000915527344,43.435001373291016,43.58000183105469,27.063796997070312,24536000
2014-03-12,43.275001525878906,43.69499969482422,43.22999954223633,43.584999084472656,27.06690788269043,18737400
2014-03-13,43.650001525878906,43.665000915527344,42.98500061035156,43.150001525878906,26.796762466430664,22545600
2014-03-14,43.099998474121094,43.36000061035156,43.040000915527344,43.189998626708984,26.821596145629883,21306800
2014-03-17,43.36000061035156,43.55500030517578,43.25,43.41999816894531,26.96443748474121,20838400
2014-03-18,43.58000183105469,43.91999816894531,43.44499969482422,43.78499984741211,27.191110610961914,13990400
2014-03-19,43.79999923706055,43.814998626708984,43.185001373291016,43.45500183105469,26.986177444458008,18645200
2014-03-20,43.2400016784668,43.69499969482422,43.095001220703125,43.625,27.09173583984375,17426800
2014-03-21,43.560001373291016,43.85499954223633,43.52000045776367,43.529998779296875,27.165685653686523,28260400
2014-03-24,43.665000915527344,43.8650016784668,43.36000061035156,43.439998626708984,27.109533309936523,20088000
2014-03-25,43.665000915527344,43.8650016784668,43.650001525878906,43.83000183105469,27.3529109954834,14337600
2014-03-26,43.97999954223633,44.095001220703125,43.595001220703125,43.625,27.224977493286133,17128800
2014-03-27,43.63999938964844,44.1150016784668,43.53499984741211,43.97999954223633,27.446529388427734,22772600
2014-03-28,44.125,44.625,44.099998474121094,44.529998779296875,27.78976821899414,19911200
2014-03-31,44.75,44.79499816894531,44.39500045776367,44.529998779296875,27.78976821899414,16903200
2014-04-01,44.54499816894531,44.79999923706055,44.525001525878906,44.79499816894531,27.95515251159668,20494600
2014-04-02,44.70000076293945,45.03499984741211,44.665000915527344,44.95500183105469,28.054996490478516,20017200
2014-04-03,45.05500030517578,45.43000030517578,44.97999954223633,45.244998931884766,28.23597526550293,21584000
2014-04-04,45.584999084472656,45.650001525878906,45.0,45.08000183105469,28.132997512817383,27995600
2014-04-07,44.974998474121094,45.064998626708984,44.32500076293945,44.32500076293945,27.661828994750977,22489600
2014-04-08,44.435001373291016,44.8650016784668,44.349998474121094,44.77000045776367,27.93953514099121,23288800
2014-04-09,44.90999984741211,45.005001068115234,44.52000045776367,44.974998474121094,28.06747817993164,14449000
2014-04-10,44.80500030517578,45.095001220703125,44.255001068115234,44.349998474121094,27.67742919921875,24596600
2014-04-11,44.130001068115234,44.48500061035156,44.11000061035156,44.224998474121094,27.59942626953125,26911800
2014-04-14,44.564998626708984,44.91999816894531,44.35499954223633,44.83000183105469,27.97698211669922,19922800
2014-04-15,44.79999923706055,45.44499969482422,44.65999984741211,45.43000030517578,28.35143280029297,44885800
2014-04-16,45.69499969482422,45.98500061035156,45.630001068115234,45.974998474121094,28.691547393798828,26073400
2014-04-17,46.03499984741211,46.53499984741211,45.95500183105469,46.39500045776367,28.953649520874023,37082000
2014-04-21,46.439998626708984,46.744998931884766,46.35499954223633,46.709999084472656,29.150230407714844,17012800
2014-04-22,46.58000183105469,46.76499938964844,46.35499954223633,46.6349983215332,29.103429794311523,12690400
2014-04-23,46.630001068115234,47.0099983215332,46.630001068115234,46.880001068115234,29.25632667541504,17123400
2014-04-24,47.01499938964844,47.125,46.810001373291016,46.89500045776367,29.265676498413086,17753000
2014-04-25,46.76499938964844,46.90999984741211,46.470001220703125,46.6150016784668,29.0909366607666,17744200
2014-04-28,46.775001525878906,46.814998626708984,46.30500030517578,46.69499969482422,29.140880584716797,22334000
2014-04-29,46.91999816894531,47.33000183105469,46.89500045776367,46.90999984741211,29.275062561035156,16545200
2014-04-30,46.80500030517578,46.939998626708984,46.56999969482422,46.869998931884766,29.25007438659668,21643200
2014-05-01,46.80500030517578,46.93000030517578,46.630001068115234,46.76499938964844,29.184555053710938,21430600
2014-05-02,46.68000030517578,47.209999084472656,46.6150016784668,46.86000061035156,29.243831634521484,17422000
2014-05-05,46.685001373291016,47.15999984741211,46.599998474121094,47.08000183105469,29.381139755249023,16074600
2014-05-06,47.125,47.400001525878906,47.084999084472656,47.150001525878906,29.424829483032227,14953400
2014-05-07,47.36000061035156,47.625,47.095001220703125,47.560001373291016,29.68068504333496,19261800
2014-05-08,47.46500015258789,47.54499816894531,46.84000015258789,46.880001068115234,29.25632667541504,21932600
2014-05-09,46.939998626708984,47.025001525878906,46.654998779296875,46.834999084472656,29.228240966796875,17421600
2014-05-12,47.04999923706055,47.189998626708984,46.904998779296875,47.165000915527344,29.434192657470703,10427800
2014-05-13,47.255001068115234,47.40999984741211,47.185001373291016,47.34000015258789,29.543384552001953,9977600
2014-05-14,47.38999938964844,47.5099983215332,47.29499816894531,47.36000061035156,29.555879592895508,9969200
2014-05-15,47.26499938964844,47.279998779296875,46.474998474121094,46.81999969482422,29.218883514404297,22897600
2014-05-16,46.73500061035156,46.869998931884766,46.46500015258789,46.70000076293945,29.14399528503418,29622000
2014-05-19,46.56999969482422,46.970001220703125,46.56999969482422,46.845001220703125,29.234481811523438,10064400
2014-05-20,46.744998931884766,46.93000030517578,46.619998931884766,46.709999084472656,29.150230407714844,9351200
2014-05-21,46.92499923706055,47.279998779296875,46.86000061035156,47.21500015258789,29.46539306640625,11714800
2014-05-22,47.21500015258789,47.41999816894531,47.11000061035156,47.16999816894531,29.43730926513672,13738400
2014-05-23,47.15999984741211,47.34000015258789,47.064998626708984,47.07500076293945,29.378013610839844,10561200
2014-05-27,47.209999084472656,47.314998626708984,47.029998779296875,47.20500183105469,29.459152221679688,10114600
2014-05-28,47.20000076293945,47.44499969482422,47.099998474121094,47.28499984741211,29.509071350097656,15071000
2014-05-29,47.375,47.71500015258789,47.244998931884766,47.689998626708984,29.76181411743164,14556600
2014-05-30,47.560001373291016,47.709999084472656,47.42499923706055,47.654998779296875,29.73996925354004,11916000
2014-06-02,47.70000076293945,47.869998931884766,47.459999084472656,47.595001220703125,29.702533721923828,10151400
2014-06-03,47.48500061035156,47.81999969482422,47.47999954223633,47.7599983215332,29.805503845214844,11997200
2014-06-04,47.68000030517578,47.78499984741211,47.53499984741211,47.73500061035156,29.78989601135254,7373200
2014-06-05,47.685001373291016,48.09000015258789,47.59000015258789,48.0099983215332,29.961517333984375,12349600
2014-06-06,48.119998931884766,48.474998474121094,48.119998931884766,48.404998779296875,30.20803451538086,10840000
2014-06-09,48.470001220703125,48.73500061035156,48.36000061035156,48.47999954223633,30.254833221435547,11304000
2014-06-10,48.48500061035156,48.525001525878906,48.279998779296875,48.400001525878906,30.204912185668945,7532200
2014-06-11,48.255001068115234,48.650001525878906,48.150001525878906,48.584999084472656,30.320356369018555,11303400
2014-06-12,48.79999923706055,49.06999969482422,48.654998779296875,48.744998931884766,30.420204162597656,23739200
2014-06-13,48.875,49.21500015258789,48.584999084472656,49.209999084472656,30.710407257080078,19473200
2014-06-16,49.3849983215332,49.6150016784668,49.29499816894531,49.505001068115234,30.894515991210938,26773800
2014-06-17,49.404998779296875,49.47999954223633,49.154998779296875,49.470001220703125,30.872663497924805,20091000
2014-06-18,49.4900016784668,49.88999938964844,49.32500076293945,49.845001220703125,31.106693267822266,29727200
2014-06-19,49.875,50.209999084472656,49.73500061035156,50.20000076293945,31.328231811523438,17354000
2014-06-20,50.224998474121094,50.494998931884766,50.060001373291016,50.46500015258789,31.63983917236328,18192400
2014-06-23,50.619998931884766,50.7599983215332,50.4900016784668,50.64500045776367,31.752683639526367,15918400
2014-06-24,50.599998474121094,50.63999938964844,49.470001220703125,49.58000183105469,31.084980010986328,35497000
2014-06-25,49.375,50.005001068115234,49.31999969482422,49.95500183105469,31.320083618164062,27720600
2014-06-26,49.98500061035156,50.04999923706055,49.55500030517578,50.0099983215332,31.354562759399414,16160000
2014-06-27,49.88999938964844,50.03499984741211,49.720001220703125,50.0099983215332,31.354562759399414,16444200
2014-06-30,49.974998474121094,50.11000061035156,49.779998779296875,50.04999923706055,31.379648208618164,12589000
2014-07-01,50.17499923706055,50.33000183105469,49.95500183105469,50.08000183105469,31.398456573486328,13771600
2014-07-02,50.040000915527344,50.185001373291016,49.900001525878906,50.005001068115234,31.35143280029297,11852800
2014-07-03,50.244998931884766,50.244998931884766,49.915000915527344,50.19499969482422,31.470556259155273,7337600
2014-07-07,50.14500045776367,50.150001525878906,49.720001220703125,49.810001373291016,31.229167938232422,13864800
2014-07-08,49.73500061035156,49.85499954223633,49.53499984741211,49.72999954223633,31.179019927978516,20784600
2014-07-09,49.810001373291016,50.09000015258789,49.72999954223633,50.060001373291016,31.385913848876953,12816000
2014-07-10,49.60499954223633,49.76499938964844,49.32500076293945,49.58000183105469,31.084980010986328,29817400
2014-07-11,49.52000045776367,49.529998779296875,49.06999969482422,49.20000076293945,30.84671401977539,21610400
2014-07-14,49.439998626708984,49.685001373291016,49.369998931884766,49.625,31.113170623779297,13740600
2014-07-15,49.4900016784668,49.6150016784668,49.09000015258789,49.40999984741211,30.9783878326416,19908400
2014-07-16,49.6150016784668,50.18000030517578,49.599998474121094,50.15999984741211,31.448596954345703,16334800
2014-07-17,50.119998931884766,50.275001525878906,49.314998626708984,49.349998474121094,30.940763473510742,22035600
2014-07-18,49.474998474121094,49.619998931884766,49.25,49.494998931884766,31.03166961669922,16635600
2014-07-21,49.369998931884766,49.60499954223633,49.29499816894531,49.56999969482422,31.07870101928711,18793400
2014-07-22,49.790000915527344,50.08000183105469,49.7400016784668,49.92499923706055,31.301271438598633,11955800
2014-07-23,50.04999923706055,50.25,49.834999084472656,50.244998931884766,31.50189781188965,13402400
2014-07-24,50.32500076293945,50.48500061035156,50.119998931884766,50.290000915527344,31.530109405517578,11494400
2014-07-25,50.11000061035156,50.154998779296875,49.85499954223633,49.91999816894531,31.298131942749023,9605800
2014-07-28,49.880001068115234,49.96500015258789,49.494998931884766,49.79999923706055,31.22289276123047,14957200
2014-07-29,49.709999084472656,49.959999084472656,49.650001525878906,49.67499923706055,31.1445255279541,13657600
2014-07-30,49.90999984741211,50.064998626708984,49.220001220703125,49.380001068115234,30.95956802368164,21560600
2014-07-31,49.064998626708984,49.09000015258789,48.279998779296875,48.314998626708984,30.291845321655273,34569600
2014-08-01,48.18000030517578,48.334999084472656,47.5099983215332,47.92499923706055,30.047332763671875,35666600
2014-08-04,47.915000915527344,48.849998474121094,47.77000045776367,48.72999954223633,30.552043914794922,25793000
2014-08-05,48.525001525878906,48.625,47.3849983215332,47.665000915527344,29.884321212768555,32879800
2014-08-06,47.564998626708984,48.36000061035156,47.47999954223633,47.80500030517578,29.972105026245117,23094000
2014-08-07,48.04999923706055,48.1349983215332,47.244998931884766,47.505001068115234,29.784006118774414,26513400
2014-08-08,47.650001525878906,48.349998474121094,47.53499984741211,48.29999923706055,30.282445907592773,23170000
2014-08-11,48.6150016784668,48.790000915527344,48.27000045776367,48.30500030517578,30.28558921813965,22407200
2014-08-12,48.23500061035156,48.23500061035156,47.75,47.95000076293945,30.063013076782227,19996200
2014-08-13,48.209999084472656,48.3650016784668,47.93000030517578,48.10499954223633,30.160184860229492,12978000
2014-08-14,48.17499923706055,48.25,47.7599983215332,47.83000183105469,29.987789154052734,15234800
2014-08-15,47.92499923706055,48.255001068115234,47.79999923706055,48.185001373291016,30.21036148071289,22150600
2014-08-18,48.36000061035156,48.459999084472656,48.11000061035156,48.314998626708984,30.291845321655273,17195000
2014-08-19,48.415000915527344,48.775001525878906,48.380001068115234,48.685001373291016,30.523839950561523,11995400
2014-08-20,48.625,48.85499954223633,48.42499923706055,48.790000915527344,30.589672088623047,11895800
2014-08-21,48.85499954223633,48.880001068115234,48.61000061035156,48.83000183105469,30.61474609375,11134400
2014-08-22,48.7599983215332,48.7599983215332,48.30500030517578,48.505001068115234,30.410982131958008,14766800
2014-08-25,48.63999938964844,48.970001220703125,48.625,48.935001373291016,30.680580139160156,8758000
2014-08-26,49.07500076293945,49.435001373291016,48.97999954223633,49.185001373291016,30.837331771850586,11193000
2014-08-27,49.22999954223633,49.28499984741211,48.95500183105469,49.084999084472656,30.774606704711914,7720200
2014-08-28,48.935001373291016,49.14500045776367,48.85499954223633,49.095001220703125,30.780893325805664,6209000
2014-08-29,49.20500183105469,49.39500045776367,49.029998779296875,49.369998931884766,30.95330810546875,10734800
2014-09-02,49.29999923706055,49.345001220703125,48.53499984741211,48.744998931884766,30.56145477294922,17284600
2014-09-03,49.06999969482422,49.220001220703125,48.845001220703125,48.875,30.64296531677246,14381800
2014-09-04,48.9900016784668,49.0099983215332,47.9900016784668,48.21500015258789,30.22917366027832,24573000
2014-09-05,48.2400016784668,48.55500030517578,47.90999984741211,48.540000915527344,30.432918548583984,17549800
2014-09-08,48.29999923706055,48.34000015258789,47.564998626708984,47.78499984741211,29.959571838378906,21956200
2014-09-09,47.7599983215332,48.05500030517578,47.29499816894531,47.57500076293945,29.827903747558594,19996600
2014-09-10,47.529998779296875,47.529998779296875,46.904998779296875,47.459999084472656,29.75580596923828,20865400
2014-09-11,47.08000183105469,47.560001373291016,46.880001068115234,47.4900016784668,29.774612426757812,25011400
2014-09-12,47.349998474121094,47.39500045776367,46.6349983215332,46.779998779296875,29.3294620513916,30880400
2014-09-15,46.72999954223633,47.23500061035156,46.494998931884766,47.11000061035156,29.53636932373047,26782600
2014-09-16,47.04499816894531,47.97999954223633,46.974998474121094,47.68000030517578,29.893739700317383,26910800
2014-09-17,47.79499816894531,47.8849983215332,47.279998779296875,47.41999816894531,29.7307186126709,22138600
2014-09-18,47.57500076293945,47.599998474121094,47.04999923706055,47.17499923706055,29.577102661132812,24569200
2014-09-19,47.029998779296875,47.244998931884766,46.875,46.89500045776367,29.552854537963867,18949200
2014-09-22,46.81999969482422,46.845001220703125,46.025001525878906,46.20500183105469,29.118019104003906,21259200
2014-09-23,46.1349983215332,46.529998779296875,46.060001373291016,46.06999969482422,29.03293800354004,18280200
2014-09-24,46.040000915527344,46.375,45.380001068115234,46.11000061035156,29.058164596557617,49479800
2014-09-25,46.084999084472656,46.10499954223633,45.380001068115234,45.404998779296875,28.613861083984375,26872800
2014-09-26,45.40999984741211,46.185001373291016,45.25,45.9900016784668,28.9825382232666,22969600
2014-09-29,45.404998779296875,45.970001220703125,45.29499816894531,45.8849983215332,28.91636085510254,30908600
2014-09-30,45.84000015258789,45.95000076293945,45.029998779296875,45.310001373291016,28.553991317749023,43464200
2014-10-01,45.30500030517578,45.529998779296875,44.244998931884766,44.3849983215332,27.97107696533203,37954600
2014-10-02,44.125,44.44499969482422,43.38999938964844,44.154998779296875,27.826129913330078,58485400
2014-10-03,44.375,44.400001525878906,43.709999084472656,44.084999084472656,27.782018661499023,40196000
2014-10-06,44.310001373291016,44.584999084472656,43.810001373291016,44.1349983215332,27.813522338867188,40244400
2014-10-07,43.900001525878906,44.46500015258789,43.54499816894531,43.560001373291016,27.45115852355957,35798600
2014-10-08,43.435001373291016,44.025001525878906,42.73500061035156,43.98500061035156,27.718992233276367,71977200
2014-10-09,43.650001525878906,43.724998474121094,42.25,42.369998931884766,26.701242446899414,73334800
2014-10-10,42.244998931884766,42.70500183105469,41.31999969482422,41.775001525878906,26.326276779174805,120948600
2014-10-13,41.685001373291016,42.19499969482422,40.43000030517578,40.48500061035156,25.513320922851562,95098600
2014-10-14,40.82500076293945,41.14500045776367,39.7599983215332,39.974998474121094,25.191923141479492,111991200
2014-10-15,39.45500183105469,40.3849983215332,38.755001068115234,40.279998779296875,25.384140014648438,138939200
2014-10-16,39.415000915527344,41.40999984741211,39.25,41.0,25.837879180908203,119592600
2014-10-17,41.755001068115234,42.95000076293945,41.0,41.349998474121094,26.058439254760742,76000000
2014-10-20,41.314998626708984,41.834999084472656,41.11000061035156,41.709999084472656,26.285308837890625,53005200
2014-10-21,42.185001373291016,43.07500076293945,42.16999816894531,42.97999954223633,27.085651397705078,62716400
2014-10-22,43.09000015258789,43.35499954223633,42.13999938964844,42.165000915527344,26.572038650512695,72285000
2014-10-23,42.7599983215332,43.404998779296875,42.53499984741211,42.95000076293945,27.066749572753906,53116000
2014-10-24,42.970001220703125,43.04499816894531,42.23500061035156,42.79999923706055,26.97221565246582,50494800
2014-10-27,42.119998931884766,42.14500045776367,41.470001220703125,41.900001525878906,26.40505027770996,47002800
2014-10-28,42.119998931884766,42.970001220703125,41.84000015258789,42.85499954223633,27.00688934326172,47250000
2014-10-29,43.32500076293945,43.685001373291016,42.584999084472656,42.994998931884766,27.09510612487793,53445000
2014-10-30,42.665000915527344,43.029998779296875,42.345001220703125,42.84000015258789,26.99742317199707,37592000
2014-10-31,42.93000030517578,43.7599983215332,42.529998779296875,43.709999084472656,27.545692443847656,40528600
2014-11-03,43.7400016784668,44.20500183105469,42.88999938964844,43.02000045776367,27.110872268676758,53211200
2014-11-04,42.5,42.525001525878906,41.76499938964844,42.1349983215332,26.553136825561523,46878200
2014-11-05,42.560001373291016,43.060001373291016,42.22999954223633,42.875,27.019479751586914,54890200
2014-11-06,42.60499954223633,43.42499923706055,42.46500015258789,43.415000915527344,27.359786987304688,46052600
2014-11-07,43.51499938964844,44.2400016784668,43.43000030517578,43.89500045776367,27.662275314331055,36084000
2014-11-10,44.275001525878906,44.47999954223633,43.369998931884766,43.5,27.413345336914062,45906800
2014-11-11,43.540000915527344,43.73500061035156,43.1150016784668,43.630001068115234,27.495275497436523,34761800
2014-11-12,43.35499954223633,43.80500030517578,43.19499969482422,43.244998931884766,27.252649307250977,35249200
2014-11-13,43.01499938964844,43.06999969482422,41.974998474121094,42.66999816894531,26.89029884338379,63176600
2014-11-14,42.880001068115234,43.154998779296875,42.59000015258789,43.10499954223633,27.16442108154297,35924600
2014-11-17,42.84000015258789,43.1349983215332,42.68000030517578,42.880001068115234,27.022640228271484,24430200
2014-11-18,42.8650016784668,43.27000045776367,42.709999084472656,42.915000915527344,27.044692993164062,39360600
2014-11-19,42.994998931884766,43.290000915527344,42.6150016784668,43.13999938964844,27.186473846435547,29492400
2014-11-20,43.224998474121094,43.744998931884766,43.11000061035156,43.68000030517578,27.526784896850586,33834600
2014-11-21,44.435001373291016,44.61000061035156,43.93000030517578,44.25,27.88599395751953,57370400
2014-11-24,44.10499954223633,44.345001220703125,43.720001220703125,43.90999984741211,27.67173194885254,33356200
2014-11-25,44.150001525878906,44.185001373291016,43.1349983215332,43.19499969482422,27.221145629882812,45108000
2014-11-26,42.994998931884766,43.10499954223633,42.57500076293945,42.650001525878906,26.877689361572266,41746400
2014-11-28,40.869998931884766,41.0,39.790000915527344,39.90999984741211,25.150957107543945,85076600
2014-12-01,39.69499969482422,40.17499923706055,39.334999084472656,40.04999923706055,25.239198684692383,103189000
2014-12-02,39.76499938964844,40.875,39.75,40.48500061035156,25.513320922851562,66469800
2014-12-03,40.744998931884766,41.30500030517578,40.60499954223633,40.97999954223633,25.82526969909668,63098400
2014-12-04,40.584999084472656,40.8849983215332,40.2599983215332,40.625,25.60154151916504,47159000
2014-12-05,40.53499984741211,40.654998779296875,39.97999954223633,40.13999938964844,25.295909881591797,46886600
2014-12-08,39.599998474121094,39.75,38.43000030517578,38.51499938964844,24.2718448638916,82385400
2014-12-09,38.43000030517578,39.095001220703125,38.29999923706055,38.935001373291016,24.536527633666992,67337800
2014-12-10,38.32500076293945,38.369998931884766,37.48500061035156,37.73500061035156,23.780296325683594,89067600
2014-12-11,37.685001373291016,38.66999816894531,37.625,37.709999084472656,23.764545440673828,71103400
2014-12-12,37.2599983215332,37.689998626708984,36.94499969482422,37.0099983215332,23.323400497436523,100108600
2014-12-15,37.314998626708984,37.665000915527344,36.599998474121094,36.68000030517578,23.11544418334961,94962200
2014-12-16,36.345001220703125,38.14500045776367,36.255001068115234,37.005001068115234,23.320255279541016,114568800
2014-12-17,37.21500015258789,38.915000915527344,37.14500045776367,38.540000915527344,24.287599563598633,124940400
2014-12-18,39.529998779296875,39.67499923706055,38.28499984741211,39.279998779296875,24.753938674926758,104527000
2014-12-19,39.47999954223633,40.334999084472656,39.04499816894531,40.28499984741211,25.544984817504883,93485600
2014-12-22,39.98500061035156,40.084999084472656,39.459999084472656,39.875,25.285005569458008,66476200
2014-12-23,40.165000915527344,40.494998931884766,39.880001068115234,40.36000061035156,25.592548370361328,53058400
2014-12-24,40.125,40.220001220703125,39.599998474121094,40.064998626708984,25.405481338500977,28095600
2014-12-26,40.220001220703125,40.404998779296875,39.880001068115234,40.05500030517578,25.399152755737305,28929200
2014-12-29,40.14500045776367,40.5,39.959999084472656,40.20000076293945,25.491100311279297,36448200
2014-12-30,40.150001525878906,40.23500061035156,39.755001068115234,39.880001068115234,25.288177490234375,38296200
2014-12-31,39.64500045776367,40.0,39.345001220703125,39.58000183105469,25.097946166992188,43083800
2015-01-02,39.3650016784668,39.89500045776367,39.189998626708984,39.76499938964844,25.215261459350586,55498200
2015-01-05,39.209999084472656,39.224998474121094,37.92499923706055,38.119998931884766,24.172143936157227,90790400
2015-01-06,38.05500030517578,38.3650016784668,37.29499816894531,37.560001373291016,23.817052841186523,83753200
2015-01-07,38.01499938964844,38.18000030517578,37.38999938964844,37.63999938964844,23.867780685424805,62384800
2015-01-08,37.94499969482422,38.57500076293945,37.790000915527344,38.48500061035156,24.403594970703125,56373800
2015-01-09,38.5099983215332,38.57500076293945,37.834999084472656,38.18000030517578,24.2101993560791,49904200
2015-01-12,37.69499969482422,37.69499969482422,36.880001068115234,37.08000183105469,23.512678146362305,57881200
2015-01-13,37.22999954223633,37.52000045776367,36.439998626708984,36.78499984741211,23.325618743896484,68102800
2015-01-14,36.435001373291016,36.95500183105469,35.849998474121094,36.900001525878906,23.398542404174805,104305000
2015-01-15,37.334999084472656,37.43000030517578,36.400001525878906,36.43000030517578,23.100507736206055,82692000
2015-01-16,36.64500045776367,37.665000915527344,36.6150016784668,37.6150016784668,23.851926803588867,85483800
2015-01-20,37.41999816894531,37.68000030517578,36.96500015258789,37.65999984741211,23.880455017089844,56171600
2015-01-21,37.935001373291016,38.435001373291016,37.65999984741211,38.42499923706055,24.36555290222168,56661600
2015-01-22,38.66999816894531,38.724998474121094,37.900001525878906,38.60499954223633,24.479684829711914,66037600
2015-01-23,38.43000030517578,38.880001068115234,38.27000045776367,38.33000183105469,24.30530548095703,42294800
2015-01-26,38.459999084472656,38.97999954223633,38.119998931884766,38.880001068115234,24.654069900512695,36724200
2015-01-27,38.57500076293945,39.040000915527344,38.47999954223633,38.85499954223633,24.638216018676758,43204600
2015-01-28,38.75,38.75,37.25,37.32500076293945,23.668027877807617,77666800
2015-01-29,37.625,37.67499923706055,36.60499954223633,37.45000076293945,23.74730110168457,60247400
2015-01-30,37.16999816894531,38.20500183105469,36.91999816894531,37.775001525878906,23.95337677001953,87696200
2015-02-02,38.2400016784668,38.94499969482422,37.97999954223633,38.93000030517578,24.685771942138672,70931400
2015-02-03,39.380001068115234,40.20000076293945,39.3650016784668,39.994998931884766,25.36109733581543,94055800
2015-02-04,39.474998474121094,39.70000076293945,39.005001068115234,39.334999084472656,24.942596435546875,82264400
2015-02-05,39.79999923706055,40.125,39.560001373291016,39.900001525878906,25.300857543945312,63572400
2015-02-06,40.21500015258789,40.28499984741211,39.709999084472656,39.90999984741211,25.307193756103516,52269200
2015-02-09,40.08000183105469,40.40999984741211,39.86000061035156,39.95000076293945,25.332569122314453,40407600
2015-02-10,40.02000045776367,40.05500030517578,39.20500183105469,39.93000030517578,25.319889068603516,43942600
2015-02-11,39.41999816894531,39.83000183105469,39.220001220703125,39.650001525878906,25.142330169677734,52393200
2015-02-12,40.189998626708984,40.35499954223633,39.900001525878906,40.16999816894531,25.472064971923828,52844600
2015-02-13,40.564998626708984,41.064998626708984,40.459999084472656,41.02000045776367,26.011066436767578,62375800
2015-02-17,40.82500076293945,41.21500015258789,40.584999084472656,41.14500045776367,26.0903263092041,44251800
2015-02-18,40.810001373291016,40.974998474121094,40.54499816894531,40.654998779296875,25.77961540222168,38762800
2015-02-19,39.810001373291016,40.69499969482422,39.630001068115234,40.46500015258789,25.659133911132812,47744000
2015-02-20,40.35499954223633,40.560001373291016,39.935001373291016,40.27000045776367,25.535476684570312,51283600
2015-02-23,39.875,40.43000030517578,39.775001525878906,40.10499954223633,25.43084716796875,39359000
2015-02-24,40.349998474121094,40.3849983215332,39.95500183105469,40.21500015258789,25.5006103515625,30861400
2015-02-25,40.244998931884766,40.5,40.04499816894531,40.435001373291016,25.640100479125977,32051400
2015-02-26,40.19499969482422,40.21500015258789,39.474998474121094,39.685001373291016,25.164520263671875,38698200
2015-02-27,39.84000015258789,39.869998931884766,39.470001220703125,39.5099983215332,25.05355453491211,26724400
2015-03-02,39.43000030517578,39.46500015258789,38.85499954223633,39.23500061035156,24.87917709350586,35957000
2015-03-03,39.2599983215332,39.6150016784668,39.084999084472656,39.380001068115234,24.971128463745117,24699400
2015-03-04,39.38999938964844,39.41999816894531,38.88999938964844,39.32500076293945,24.936246871948242,33205600
2015-03-05,39.224998474121094,39.275001525878906,39.029998779296875,39.09000015258789,24.787233352661133,22489000
2015-03-06,38.814998626708984,39.01499938964844,38.29499816894531,38.38999938964844,24.343353271484375,38352600
2015-03-09,38.32500076293945,38.76499938964844,38.1150016784668,38.1150016784668,24.16897964477539,34882200
2015-03-10,37.810001373291016,38.029998779296875,37.564998626708984,37.584999084472656,23.83290672302246,38061200
2015-03-11,37.650001525878906,37.849998474121094,37.42499923706055,37.69499969482422,23.902650833129883,26102000
2015-03-12,37.755001068115234,37.935001373291016,37.439998626708984,37.45500183105469,23.75046157836914,38490000
2015-03-13,37.209999084472656,37.36000061035156,36.90999984741211,37.314998626708984,23.66169548034668,42023800
2015-03-16,37.11000061035156,37.849998474121094,36.994998931884766,37.81999969482422,23.981916427612305,33897000
2015-03-17,37.59000015258789,37.814998626708984,37.400001525878906,37.67499923706055,23.889963150024414,27872600
2015-03-18,37.43000030517578,38.974998474121094,37.369998931884766,38.77000045776367,24.584312438964844,55507400
2015-03-19,38.29999923706055,38.46500015258789,38.04499816894531,38.154998779296875,24.19434356689453,46481800
2015-03-20,38.314998626708984,38.68000030517578,38.165000915527344,38.45500183105469,24.550260543823242,45221200
2015-03-23,38.540000915527344,38.79999923706055,38.31999969482422,38.31999969482422,24.464073181152344,24320200
2015-03-24,38.41999816894531,38.47999954223633,38.040000915527344,38.064998626708984,24.3012752532959,29561800
2015-03-25,38.30500030517578,38.849998474121094,38.26499938964844,38.560001373291016,24.617292404174805,31797000
2015-03-26,39.005001068115234,39.125,38.375,38.51499938964844,24.588565826416016,30637200
2015-03-27,38.369998931884766,38.44499969482422,38.119998931884766,38.20000076293945,24.387468338012695,23934600
2015-03-30,38.56999969482422,39.095001220703125,38.55500030517578,39.02000045776367,24.910968780517578,36375600
2015-03-31,38.724998474121094,39.0,38.5,38.790000915527344,24.76412582397461,18807400
2015-04-01,38.915000915527344,39.1150016784668,38.70000076293945,38.779998779296875,24.75774383544922,26586600
2015-04-02,38.599998474121094,39.084999084472656,38.5099983215332,38.86000061035156,24.808820724487305,27715400
2015-04-06,39.084999084472656,39.775001525878906,38.904998779296875,39.560001373291016,25.255708694458008,31086600
2015-04-07,39.525001525878906,39.85499954223633,39.415000915527344,39.584999084472656,25.271663665771484,28284200
2015-04-08,39.77000045776367,39.8650016784668,39.25,39.26499938964844,25.06737518310547,24091400
2015-04-09,39.369998931884766,39.98500061035156,39.334999084472656,39.89500045776367,25.469573974609375,27750200
2015-04-10,40.0,40.1349983215332,39.83000183105469,40.06999969482422,25.581296920776367,17701000
2015-04-13,40.244998931884766,40.29999923706055,39.60499954223633,39.66999816894531,25.325929641723633,19880600
2015-04-14,39.93000030517578,40.47999954223633,39.880001068115234,40.3849983215332,25.782407760620117,27440200
2015-04-15,40.6150016784668,41.435001373291016,40.53499984741211,41.349998474121094,26.398468017578125,40013800
2015-04-16,41.19499969482422,41.6150016784668,40.93000030517578,41.255001068115234,26.33781623840332,42555000
2015-04-17,41.060001373291016,41.1150016784668,40.630001068115234,40.95500183105469,26.146286010742188,33834800
2015-04-20,41.0,41.560001373291016,40.98500061035156,41.11000061035156,26.245250701904297,25420800
2015-04-21,41.21500015258789,41.2400016784668,40.505001068115234,40.67499923706055,25.967538833618164,23640800
2015-04-22,40.779998779296875,41.099998474121094,40.5099983215332,40.94499969482422,26.139911651611328,20259000
2015-04-23,41.03499984741211,41.4900016784668,40.9900016784668,41.224998474121094,26.318666458129883,25151600
2015-04-24,41.099998474121094,41.13999938964844,40.79499816894531,40.9900016784668,26.16864585876465,23015200
2015-04-27,41.15999984741211,41.28499984741211,40.875,40.94499969482422,26.139911651611328,22651200
2015-04-28,40.935001373291016,41.224998474121094,40.80500030517578,41.150001525878906,26.270790100097656,22250800
2015-04-29,41.005001068115234,41.529998779296875,40.875,41.470001220703125,26.47507667541504,31806200
2015-04-30,41.625,41.689998626708984,41.10499954223633,41.34000015258789,26.392093658447266,33104200
2015-05-01,41.380001068115234,41.505001068115234,41.10499954223633,41.435001373291016,26.452741622924805,22709200
2015-05-04,41.53499984741211,41.67499923706055,41.119998931884766,41.33000183105469,26.385705947875977,28868400
2015-05-05,41.63999938964844,41.83000183105469,40.80500030517578,40.81999969482422,26.060110092163086,32152600
2015-05-06,41.185001373291016,41.349998474121094,40.470001220703125,40.65999984741211,25.957969665527344,32777200
2015-05-07,40.58000183105469,40.59000015258789,39.91999816894531,40.220001220703125,25.677066802978516,34793200
2015-05-08,40.540000915527344,40.92499923706055,40.08000183105469,40.880001068115234,26.098419189453125,29030400
2015-05-11,40.91999816894531,40.939998626708984,40.06999969482422,40.11000061035156,25.606830596923828,36288800
2015-05-12,40.04999923706055,40.505001068115234,39.97999954223633,40.29499816894531,25.724943161010742,19703000
2015-05-13,40.64500045776367,40.69499969482422,40.040000915527344,40.189998626708984,25.657915115356445,25069400
2015-05-14,40.30500030517578,40.57500076293945,40.150001525878906,40.17499923706055,25.648338317871094,19235800
2015-05-15,40.005001068115234,40.494998931884766,39.904998779296875,40.334999084472656,25.750478744506836,19561200
2015-05-18,40.255001068115234,40.41999816894531,40.084999084472656,40.369998931884766,25.772830963134766,14459600
2015-05-19,40.099998474121094,40.13999938964844,39.73500061035156,39.79499816894531,25.40572738647461,27839600
2015-05-20,39.935001373291016,40.0,39.63999938964844,39.869998931884766,25.4536190032959,25247600
2015-05-21,40.095001220703125,40.30500030517578,39.95000076293945,40.244998931884766,25.693025588989258,20174600
2015-05-22,39.970001220703125,40.279998779296875,39.89500045776367,40.099998474121094,25.600452423095703,12721400
2015-05-26,39.775001525878906,39.86000061035156,39.314998626708984,39.46500015258789,25.19505500793457,26367200
2015-05-27,39.439998626708984,39.7599983215332,39.18000030517578,39.39500045776367,25.150367736816406,22750000
2015-05-28,39.2599983215332,39.310001373291016,38.9900016784668,39.2400016784668,25.05141258239746,24328400
2015-05-29,39.22999954223633,39.44499969482422,39.099998474121094,39.19499969482422,25.02268409729004,25956200
2015-06-01,39.29499816894531,39.29999923706055,39.04499816894531,39.095001220703125,24.958843231201172,16974400
2015-06-02,39.21500015258789,39.55500030517578,39.005001068115234,39.3650016784668,25.13121795654297,20366000
2015-06-03,39.244998931884766,39.53499984741211,39.040000915527344,39.095001220703125,24.958843231201172,17280600
2015-06-04,38.88999938964844,38.96500015258789,38.53499984741211,38.564998626708984,24.6204833984375,31892200
2015-06-05,38.38999938964844,39.18000030517578,38.375,38.834999084472656,24.7928524017334,37912000
2015-06-08,38.685001373291016,38.90999984741211,38.525001525878906,38.6150016784668,24.652408599853516,19414600
2015-06-09,38.849998474121094,39.095001220703125,38.595001220703125,38.61000061035156,24.649211883544922,22066200
2015-06-10,39.084999084472656,39.19499969482422,38.95000076293945,39.084999084472656,24.95245361328125,19570800
2015-06-11,39.154998779296875,39.220001220703125,38.875,38.90999984741211,24.84073829650879,16833000
2015-06-12,38.689998626708984,38.720001220703125,38.40999984741211,38.474998474121094,24.563020706176758,21009000
2015-06-15,38.209999084472656,38.59000015258789,38.095001220703125,38.3849983215332,24.505571365356445,16151000
2015-06-16,38.45500183105469,38.69499969482422,38.27000045776367,38.685001373291016,24.69709014892578,18035200
2015-06-17,38.88999938964844,39.060001373291016,38.39500045776367,38.59000015258789,24.63644790649414,20827400
2015-06-18,38.709999084472656,38.8849983215332,38.529998779296875,38.564998626708984,24.6204833984375,25345200
2015-06-19,38.14500045776367,38.29999923706055,37.939998626708984,37.95500183105469,24.39201545715332,34469800
2015-06-22,38.29999923706055,38.45500183105469,38.130001068115234,38.41999816894531,24.690855026245117,21154800
2015-06-23,38.3650016784668,38.6150016784668,38.32500076293945,38.54499816894531,24.77118492126465,14235400
2015-06-24,38.459999084472656,38.68000030517578,38.290000915527344,38.30500030517578,24.6169490814209,13596600
2015-06-25,38.29499816894531,38.34000015258789,37.904998779296875,37.915000915527344,24.366315841674805,17371400
2015-06-26,37.880001068115234,38.04999923706055,37.66999816894531,38.040000915527344,24.446643829345703,23544600
2015-06-29,37.560001373291016,37.79999923706055,37.290000915527344,37.31999969482422,23.983922958374023,27794400
2015-06-30,37.665000915527344,37.724998474121094,37.34000015258789,37.58000183105469,24.151029586791992,30341200
2015-07-01,37.654998779296875,37.66999816894531,36.95000076293945,37.099998474121094,23.84254264831543,27820200
2015-07-02,37.20000076293945,37.46500015258789,37.16999816894531,37.26499938964844,23.94858169555664,19400400
2015-07-06,36.775001525878906,37.130001068115234,36.619998931884766,36.775001525878906,23.63368797302246,27018200
2015-07-07,36.630001068115234,37.2400016784668,36.21500015258789,37.11000061035156,23.848981857299805,41372200
2015-07-08,36.85499954223633,37.11000061035156,36.209999084472656,36.36000061035156,23.366987228393555,33042600
2015-07-09,36.86000061035156,37.01499938964844,36.54499816894531,36.54499816894531,23.485870361328125,23912000
2015-07-10,36.76499938964844,36.994998931884766,36.564998626708984,36.744998931884766,23.614402770996094,26500800
2015-07-13,36.869998931884766,37.095001220703125,36.77000045776367,37.005001068115234,23.7814998626709,28717600
2015-07-14,36.900001525878906,37.41999816894531,36.8849983215332,37.27000045776367,23.951807022094727,25308400
2015-07-15,37.08000183105469,37.26499938964844,36.48500061035156,36.6150016784668,23.530864715576172,25416600
2015-07-16,36.82500076293945,36.935001373291016,36.595001220703125,36.665000915527344,23.56299591064453,15721400
2015-07-17,36.630001068115234,36.665000915527344,36.099998474121094,36.220001220703125,23.27701187133789,28192000
2015-07-20,36.28499984741211,36.290000915527344,35.69499969482422,35.7400016784668,22.96853256225586,27666800
2015-07-21,35.82500076293945,36.11000061035156,35.64500045776367,35.755001068115234,22.978178024291992,21238000
2015-07-22,35.61000061035156,35.82500076293945,35.38999938964844,35.46500015258789,22.791807174682617,30418600
2015-07-23,35.5,35.724998474121094,35.165000915527344,35.435001373291016,22.772525787353516,22569200
2015-07-24,35.435001373291016,35.45000076293945,34.625,34.755001068115234,22.33552360534668,25108200
2015-07-27,34.310001373291016,34.65999984741211,34.10499954223633,34.255001068115234,22.014202117919922,34393400
2015-07-28,34.30500030517578,35.42499923706055,34.279998779296875,35.23500061035156,22.643997192382812,37877200
2015-07-29,35.14500045776367,35.75,35.03499984741211,35.71500015258789,22.952468872070312,46854600
2015-07-30,35.63999938964844,35.744998931884766,35.310001373291016,35.46500015258789,22.791807174682617,25254400
2015-07-31,35.15999984741211,35.209999084472656,34.6349983215332,34.689998626708984,22.293745040893555,43578800
2015-08-03,34.31999969482422,34.53499984741211,33.88999938964844,33.959999084472656,21.824607849121094,33853200
2015-08-04,34.11000061035156,34.375,33.70000076293945,33.845001220703125,21.75070571899414,25525000
2015-08-05,34.11000061035156,34.48500061035156,33.55500030517578,33.59000015258789,21.586824417114258,36947600
2015-08-06,33.38999938964844,34.21500015258789,33.14500045776367,34.125,21.930646896362305,46519200
2015-08-07,33.98500061035156,34.255001068115234,33.39500045776367,33.51499938964844,21.53862762451172,34163400
2015-08-10,33.584999084472656,34.61000061035156,33.584999084472656,34.584999084472656,22.226266860961914,38888800
2015-08-11,33.89500045776367,34.685001373291016,33.83000183105469,34.650001525878906,22.268043518066406,42107800
2015-08-12,34.529998779296875,35.369998931884766,34.33000183105469,35.279998779296875,22.672908782958984,46966000
2015-08-13,35.04999923706055,35.18000030517578,34.70000076293945,34.744998931884766,22.329092025756836,39627200
2015-08-14,34.81999969482422,35.060001373291016,34.59000015258789,34.66999816894531,22.280893325805664,24242400
2015-08-17,34.5,34.915000915527344,34.3849983215332,34.744998931884766,22.329092025756836,19064200
2015-08-18,34.68000030517578,34.77000045776367,34.44499969482422,34.6150016784668,22.245553970336914,22126800
2015-08-19,34.42499923706055,34.47999954223633,33.5,33.65999984741211,21.631811141967773,40366000
2015-08-20,33.56999969482422,33.79999923706055,32.89500045776367,32.900001525878906,21.143390655517578,50673200
2015-08-21,32.56999969482422,32.92499923706055,31.729999542236328,31.75,20.404333114624023,50840400
2015-08-24,29.895000457763672,31.290000915527344,29.3700008392334,30.045000076293945,19.308609008789062,86002200
2015-08-25,31.364999771118164,31.364999771118164,29.584999084472656,29.610000610351562,19.029054641723633,55393200
2015-08-26,30.360000610351562,30.665000915527344,29.770000457763672,30.6299991607666,19.684558868408203,79464400
2015-08-27,31.34000015258789,32.220001220703125,31.225000381469727,32.14500045776367,20.658191680908203,64482800
2015-08-28,32.03499984741211,33.209999084472656,32.02000045776367,32.875,21.127323150634766,62926800
2015-08-31,32.625,33.43000030517578,32.040000915527344,33.21500015258789,21.34583282470703,72387000
2015-09-01,32.2599983215332,32.63999938964844,31.770000457763672,32.04499816894531,20.59392547607422,57425200
2015-09-02,32.5,32.54999923706055,31.59000015258789,32.34000015258789,20.783506393432617,51057800
2015-09-03,32.55500030517578,33.125,32.22999954223633,32.43000030517578,20.841341018676758,43790000
2015-09-04,31.96500015258789,32.125,31.760000228881836,31.895000457763672,20.497522354125977,33368400
2015-09-08,32.2400016784668,32.439998626708984,31.844999313354492,32.39500045776367,20.818851470947266,31255200
2015-09-09,32.619998931884766,33.0099983215332,31.735000610351562,31.78499984741211,20.42683219909668,36955400
2015-09-10,31.920000076293945,32.150001525878906,31.479999542236328,31.969999313354492,20.54572296142578,36985600
2015-09-11,31.649999618530273,31.725000381469727,31.2450008392334,31.684999465942383,20.362558364868164,26688600
2015-09-14,31.46500015258789,31.604999542236328,31.25,31.40999984741211,20.18583869934082,24962600
2015-09-15,31.510000228881836,31.864999771118164,31.5049991607666,31.760000228881836,20.410764694213867,29633200
2015-09-16,32.01499938964844,32.70500183105469,31.96500015258789,32.65999984741211,20.989154815673828,34433400
2015-09-17,32.685001373291016,33.220001220703125,32.43000030517578,32.63999938964844,20.976301193237305,39645400
2015-09-18,31.790000915527344,32.025001525878906,31.360000610351562,31.549999237060547,20.425365447998047,42473800
2015-09-21,31.885000228881836,31.96500015258789,31.530000686645508,31.729999542236328,20.54189682006836,31379400
2015-09-22,31.239999771118164,31.725000381469727,31.174999237060547,31.395000457763672,20.325014114379883,34100800
2015-09-23,31.514999389648438,31.65999984741211,30.975000381469727,30.989999771118164,20.06283187866211,27969400
2015-09-24,30.75,31.344999313354492,30.545000076293945,31.125,20.150224685668945,37824000
2015-09-25,31.469999313354492,31.469999313354492,30.905000686645508,31.184999465942383,20.189071655273438,31666800
2015-09-28,30.860000610351562,30.860000610351562,29.915000915527344,29.940000534057617,19.38306427001953,32702800
2015-09-29,30.084999084472656,30.329999923706055,29.69499969482422,29.895000457763672,19.35392189025879,37762400
2015-09-30,30.170000076293945,30.71500015258789,30.135000228881836,30.600000381469727,19.810344696044922,32256200
2015-10-01,30.989999771118164,31.329999923706055,30.385000228881836,30.65999984741211,19.849184036254883,34891000
2015-10-02,30.309999465942383,31.94499969482422,30.2549991607666,31.924999237060547,20.668136596679688,39859600
2015-10-05,32.32500076293945,33.0,32.29499816894531,32.88999938964844,21.292877197265625,47614000
2015-10-06,33.005001068115234,33.869998931884766,32.83000183105469,33.619998931884766,21.765478134155273,54932800
2015-10-07,34.04999923706055,34.470001220703125,33.349998474121094,34.04499816894531,22.040618896484375,80006200
2015-10-08,33.97999954223633,34.834999084472656,33.77000045776367,34.69499969482422,22.461429595947266,54143400
2015-10-09,34.77000045776367,34.810001373291016,34.255001068115234,34.470001220703125,22.315771102905273,51971400
2015-10-12,34.525001525878906,34.529998779296875,33.71500015258789,34.025001525878906,22.02767562866211,43492400
2015-10-13,33.76499938964844,34.17499923706055,33.57500076293945,33.66999816894531,21.79784393310547,41675600
2015-10-14,33.595001220703125,34.084999084472656,33.52000045776367,33.959999084472656,21.985593795776367,30353400
2015-10-15,33.80500030517578,34.584999084472656,33.689998626708984,34.56999969482422,22.380512237548828,39016400
2015-10-16,34.689998626708984,34.779998779296875,34.13999938964844,34.6150016784668,22.40964698791504,40062400
2015-10-19,34.27000045776367,34.290000915527344,33.75,33.93000030517578,21.966171264648438,39000400
2015-10-20,33.86000061035156,34.185001373291016,33.68000030517578,34.025001525878906,22.02767562866211,27513000
2015-10-21,33.875,34.040000915527344,33.56999969482422,33.60499954223633,21.755775451660156,29324200
2015-10-22,33.790000915527344,34.29499816894531,33.775001525878906,34.209999084472656,22.147441864013672,37481400
2015-10-23,34.04999923706055,34.45000076293945,33.83000183105469,34.130001068115234,22.09564971923828,31262000
2015-10-26,34.064998626708984,34.064998626708984,33.28499984741211,33.29499816894531,21.555076599121094,23672200
2015-10-27,32.834999084472656,33.005001068115234,32.55500030517578,32.89500045776367,21.296117782592773,42214600
2015-10-28,33.125,33.849998474121094,32.86000061035156,33.625,21.768718719482422,39513000
2015-10-29,33.5,34.11000061035156,33.45000076293945,33.79499816894531,21.878772735595703,19507200
2015-10-30,33.974998474121094,34.380001068115234,33.57500076293945,34.01499938964844,22.021198272705078,28514400
2015-11-02,33.810001373291016,34.9900016784668,33.7599983215332,34.810001373291016,22.5358829498291,30773800
2015-11-03,35.05500030517578,35.96500015258789,35.040000915527344,35.70000076293945,23.112056732177734,42654400
2015-11-04,35.73500061035156,35.834999084472656,35.1150016784668,35.380001068115234,22.904903411865234,35437600
2015-11-05,35.20500183105469,35.595001220703125,34.91999816894531,35.08000183105469,22.710681915283203,32467000
2015-11-06,34.77000045776367,35.040000915527344,34.3849983215332,34.900001525878906,22.59415054321289,27522400
2015-11-09,34.81999969482422,35.20500183105469,34.40999984741211,34.55500030517578,22.370790481567383,25374000
2015-11-10,34.40999984741211,34.935001373291016,34.279998779296875,34.630001068115234,22.419349670410156,25370800
2015-11-11,34.625,34.67499923706055,33.814998626708984,33.89500045776367,21.94351577758789,28739400
2015-11-12,33.41999816894531,33.654998779296875,33.064998626708984,33.125,21.445011138916016,38623000
2015-11-13,33.01499938964844,33.290000915527344,32.599998474121094,32.9900016784668,21.357620239257812,35559200
2015-11-16,32.94499969482422,34.125,32.91999816894531,34.09000015258789,22.06975555419922,34726200
2015-11-17,34.0,34.13999938964844,33.59000015258789,33.71500015258789,21.826974868774414,30457800
2015-11-18,33.95000076293945,34.314998626708984,33.630001068115234,34.27000045776367,22.186283111572266,41903000
2015-11-19,34.06999969482422,34.255001068115234,33.529998779296875,33.810001373291016,21.888490676879883,37825000
2015-11-20,33.81999969482422,33.974998474121094,33.415000915527344,33.45000076293945,21.655418395996094,28428000
2015-11-23,33.41999816894531,33.880001068115234,33.20500183105469,33.689998626708984,21.8107967376709,32814600
2015-11-24,33.849998474121094,34.564998626708984,33.78499984741211,34.40999984741211,22.27692413330078,37886200
2015-11-25,34.119998931884766,34.415000915527344,33.91999816894531,34.130001068115234,22.09564971923828,22201200
2015-11-27,33.85499954223633,34.025001525878906,33.76499938964844,33.8849983215332,21.937034606933594,16752800
2015-11-30,34.025001525878906,34.34000015258789,33.8849983215332,34.0099983215332,22.017961502075195,35210600
2015-12-01,34.040000915527344,34.310001373291016,33.95500183105469,34.279998779296875,22.192766189575195,27594000
2015-12-02,34.05500030517578,34.185001373291016,33.11000061035156,33.220001220703125,21.50651741027832,50856200
2015-12-03,33.380001068115234,33.4900016784668,32.39500045776367,32.55500030517578,21.075998306274414,48438400
2015-12-04,32.25,32.540000915527344,31.739999771118164,32.349998474121094,20.94328498840332,65678600
2015-12-07,31.549999237060547,31.594999313354492,30.674999237060547,31.1200008392334,20.146991729736328,65600800
2015-12-08,30.434999465942383,31.219999313354492,30.125,30.799999237060547,19.9398193359375,54673800
2015-12-09,30.940000534057617,31.864999771118164,30.764999389648438,31.204999923706055,20.202009201049805,57513800
2015-12-10,31.219999313354492,31.8700008392334,31.0049991607666,31.405000686645508,20.331497192382812,77829800
2015-12-11,30.864999771118164,30.979999542236328,30.200000762939453,30.229999542236328,19.570802688598633,58008000
2015-12-14,30.084999084472656,30.549999237060547,29.760000228881836,30.389999389648438,19.67438507080078,78233200
2015-12-15,30.81999969482422,31.299999237060547,30.780000686645508,31.155000686645508,20.16965103149414,58140600
2015-12-16,31.03499984741211,31.360000610351562,30.6200008392334,30.950000762939453,20.03693199157715,57502400
2015-12-17,30.969999313354492,31.030000686645508,30.190000534057617,30.190000534057617,19.544910430908203,58149600
2015-12-18,29.950000762939453,29.969999313354492,29.385000228881836,29.395000457763672,19.202604293823242,54278400
2015-12-21,29.399999618530273,29.65999984741211,29.104999542236328,29.424999237060547,19.222196578979492,48030000
2015-12-22,29.530000686645508,29.959999084472656,29.385000228881836,29.770000457763672,19.44757080078125,50583000
2015-12-23,30.3700008392334,31.084999084472656,30.264999389648438,31.065000534057617,20.29354476928711,60421000
2015-12-24,31.104999542236328,31.145000457763672,30.674999237060547,30.78499984741211,20.110631942749023,14430600
2015-12-28,30.25,30.40999984741211,30.06999969482422,30.225000381469727,19.744808197021484,25107800
2015-12-29,30.7450008392334,30.834999084472656,30.270000457763672,30.434999465942383,19.881986618041992,30212600
2015-12-30,30.014999389648438,30.44499969482422,29.9950008392334,30.024999618530273,19.614154815673828,30102400
2015-12-31,29.885000228881836,30.31999969482422,29.790000915527344,30.15999984741211,19.702341079711914,38404800
2016-01-04,30.079999923706055,30.389999389648438,29.649999618530273,30.149999618530273,19.695812225341797,43617400
2016-01-05,30.1299991607666,30.299999237060547,29.795000076293945,30.264999389648438,19.77093505859375,31058400
2016-01-06,29.549999237060547,29.610000610351562,28.854999542236328,29.100000381469727,19.0098934173584,53924200
2016-01-07,28.53499984741211,29.190000534057617,28.270000457763672,28.389999389648438,18.54606819152832,56163800
2016-01-08,28.6299991607666,28.69499969482422,27.920000076293945,28.024999618530273,18.307632446289062,38454200
2016-01-11,28.139999389648438,28.174999237060547,27.079999923706055,27.424999237060547,17.91567611694336,56889400
2016-01-12,27.850000381469727,27.940000534057617,26.729999542236328,27.489999771118164,17.958133697509766,71188200
2016-01-13,27.825000762939453,28.024999618530273,26.540000915527344,26.829999923706055,17.5269832611084,67916800
2016-01-14,27.104999542236328,28.229999542236328,26.68000030517578,27.985000610351562,18.281497955322266,76148600
2016-01-15,26.815000534057617,27.434999465942383,26.65999984741211,27.174999237060547,17.752363204956055,73760400
2016-01-19,27.3799991607666,27.510000228881836,26.165000915527344,26.59000015258789,17.37019920349121,71744600
2016-01-20,26.065000534057617,26.274999618530273,24.96500015258789,25.885000228881836,16.909650802612305,102614800
2016-01-21,25.854999542236328,27.014999389648438,25.684999465942383,26.690000534057617,17.435527801513672,87341400
2016-01-22,27.665000915527344,28.059999465942383,27.225000381469727,27.8700008392334,18.206377029418945,77245000
2016-01-25,27.34000015258789,28.040000915527344,26.549999237060547,26.56999969482422,17.35713768005371,58240000
2016-01-26,27.049999237060547,27.610000610351562,26.700000762939453,27.575000762939453,18.013668060302734,50709800
2016-01-27,27.385000228881836,28.209999084472656,27.100000381469727,27.44499969482422,17.928739547729492,72989000
2016-01-28,28.485000610351562,28.594999313354492,27.71500015258789,28.280000686645508,18.474214553833008,76343800
2016-01-29,28.329999923706055,29.135000228881836,28.2450008392334,29.104999542236328,19.01315689086914,62996400
2016-02-01,28.6200008392334,28.834999084472656,28.19499969482422,28.6200008392334,18.696321487426758,55370200
2016-02-02,27.920000076293945,28.049999237060547,27.524999618530273,27.665000915527344,18.072460174560547,50462400
2016-02-03,28.065000534057617,28.674999237060547,27.05500030517578,28.649999618530273,18.715917587280273,72881400
2016-02-04,28.709999084472656,29.25,28.5,28.635000228881836,18.706119537353516,74112200
2016-02-05,28.25,28.3700008392334,27.735000610351562,27.969999313354492,18.27170181274414,60482000
2016-02-08,27.415000915527344,28.0,27.0,27.825000762939453,18.176979064941406,69613400
2016-02-09,27.40999984741211,27.7450008392334,26.719999313354492,27.155000686645508,17.73929786682129,74822600
2016-02-10,27.075000762939453,27.65999984741211,26.7549991607666,27.045000076293945,17.667438507080078,60431600
2016-02-11,26.575000762939453,27.135000228881836,26.184999465942383,26.93000030517578,17.592309951782227,95973800
2016-02-12,27.299999237060547,27.760000228881836,27.05500030517578,27.639999389648438,18.05612564086914,51564000
2016-02-16,28.104999542236328,28.190000534057617,27.510000228881836,27.915000915527344,18.23577880859375,67600400
2016-02-17,28.25,28.954999923706055,28.139999389648438,28.829999923706055,18.833505630493164,58560000
2016-02-18,29.075000762939453,29.1200008392334,28.329999923706055,28.469999313354492,18.59832763671875,57664600
2016-02-19,28.09000015258789,28.415000915527344,27.850000381469727,28.405000686645508,18.555871963500977,50257600
2016-02-22,28.94499969482422,29.260000228881836,28.81999969482422,29.1299991607666,19.02948760986328,49416600
2016-02-23,28.850000381469727,28.989999771118164,28.084999084472656,28.135000228881836,18.379497528076172,42910000
2016-02-24,27.610000610351562,28.485000610351562,27.53499984741211,28.420000076293945,18.565673828125,50559600
2016-02-25,28.334999084472656,28.520000457763672,27.889999389648438,28.44499969482422,18.58200454711914,37177800
2016-02-26,28.920000076293945,29.0,28.520000457763672,28.614999771118164,18.69305992126465,42310200
2016-02-29,28.729999542236328,28.809999465942383,28.264999389648438,28.290000915527344,18.480743408203125,45966600
2016-03-01,28.489999771118164,29.075000762939453,28.200000762939453,29.030000686645508,18.964153289794922,47286000
2016-03-02,28.850000381469727,29.760000228881836,28.709999084472656,29.739999771118164,19.427976608276367,53590000
2016-03-03,29.6200008392334,30.2450008392334,29.604999542236328,30.190000534057617,19.721942901611328,48791200
2016-03-04,30.360000610351562,30.915000915527344,30.03499984741211,30.479999542236328,19.911386489868164,61103200
2016-03-07,30.46500015258789,31.229999542236328,30.31999969482422,31.19499969482422,20.378469467163086,66721000
2016-03-08,30.940000534057617,30.959999084472656,29.834999084472656,29.885000228881836,19.52269744873047,59635200
2016-03-09,30.290000915527344,30.760000228881836,29.920000076293945,30.3700008392334,19.839529037475586,50935200
2016-03-10,30.239999771118164,30.43000030517578,29.844999313354492,30.395000457763672,19.855865478515625,57247200
2016-03-11,30.795000076293945,31.28499984741211,30.760000228881836,31.18000030517578,20.368667602539062,49567200
2016-03-14,30.790000915527344,31.084999084472656,30.670000076293945,30.975000381469727,20.23475456237793,43532200
2016-03-15,30.549999237060547,30.920000076293945,30.329999923706055,30.915000915527344,20.195556640625,43439200
2016-03-16,31.100000381469727,31.520000457763672,30.885000228881836,31.450000762939453,20.54505157470703,53940800
2016-03-17,31.704999923706055,32.13999938964844,31.420000076293945,31.8799991607666,20.825952529907227,56321600
2016-03-18,31.895000457763672,31.924999237060547,31.450000762939453,31.7450008392334,20.885820388793945,60948000
2016-03-21,31.6200008392334,31.844999313354492,31.28499984741211,31.635000228881836,20.813451766967773,33397000
2016-03-22,31.264999389648438,31.7450008392334,31.2450008392334,31.459999084472656,20.69830894470215,28360200
2016-03-23,31.235000610351562,31.350000381469727,30.709999084472656,30.770000457763672,20.244346618652344,37747600
2016-03-24,30.344999313354492,30.920000076293945,30.200000762939453,30.920000076293945,20.343032836914062,31032000
2016-03-28,30.93000030517578,31.014999389648438,30.540000915527344,30.7549991607666,20.234477996826172,23129800
2016-03-29,30.40999984741211,30.924999237060547,30.229999542236328,30.899999618530273,20.32987403869629,28733800
2016-03-30,31.18000030517578,31.309999465942383,30.780000686645508,30.959999084472656,20.36935043334961,31489600
2016-03-31,30.84000015258789,31.184999465942383,30.790000915527344,30.94499969482422,20.359481811523438,28092800
2016-04-01,30.40999984741211,30.6200008392334,30.30500030517578,30.530000686645508,20.086444854736328,29609600
2016-04-04,30.475000381469727,30.795000076293945,30.21500015258789,30.30500030517578,19.938411712646484,31619000
2016-04-05,30.049999237060547,30.315000534057617,29.969999313354492,30.100000381469727,19.803543090820312,32097600
2016-04-06,30.344999313354492,30.7549991607666,30.1200008392334,30.75,20.23118782043457,36437600
2016-04-07,30.510000228881836,30.795000076293945,30.315000534057617,30.56999969482422,20.112764358520508,27854200
2016-04-08,31.145000457763672,31.354999542236328,31.030000686645508,31.184999465942383,20.517391204833984,35333000
2016-04-11,31.434999465942383,31.530000686645508,31.05500030517578,31.05500030517578,20.431854248046875,32471400
2016-04-12,31.174999237060547,32.165000915527344,31.110000610351562,31.979999542236328,21.040437698364258,55260800
2016-04-13,31.96500015258789,32.224998474121094,31.739999771118164,32.130001068115234,21.139122009277344,37405800
2016-04-14,32.26499938964844,32.27000045776367,32.01499938964844,32.20500183105469,21.18846893310547,34871000
2016-04-15,32.025001525878906,32.08000183105469,31.729999542236328,31.770000457763672,20.902273178100586,28442400
2016-04-18,31.114999771118164,32.375,31.040000915527344,32.29499816894531,21.247684478759766,41371600
2016-04-19,32.47999954223633,32.974998474121094,32.33000183105469,32.939998626708984,21.672042846679688,34682800
2016-04-20,32.76499938964844,33.4900016784668,32.65999984741211,33.23500061035156,21.86612892150879,42176600
2016-04-21,33.279998779296875,33.41999816894531,32.970001220703125,33.040000915527344,21.737836837768555,38670200
2016-04-22,33.119998931884766,33.64500045776367,33.095001220703125,33.52000045776367,22.053634643554688,31529000
2016-04-25,33.404998779296875,33.40999984741211,32.89500045776367,33.14500045776367,21.80691909790039,34468600
2016-04-26,33.334999084472656,33.689998626708984,33.255001068115234,33.67499923706055,22.155614852905273,27171400
2016-04-27,33.849998474121094,34.38999938964844,33.82500076293945,34.314998626708984,22.576692581176758,43924800
2016-04-28,34.15999984741211,34.40999984741211,33.67499923706055,33.80500030517578,22.241146087646484,31110400
2016-04-29,33.880001068115234,34.209999084472656,33.23500061035156,33.75,22.204959869384766,48214800
2016-05-02,33.689998626708984,33.83000183105469,33.29999923706055,33.71500015258789,22.181936264038086,30132000
2016-05-03,33.2599983215332,33.31999969482422,32.71500015258789,32.91999816894531,21.65888023376465,32316200
2016-05-04,32.939998626708984,33.16999816894531,32.25,32.44499969482422,21.34636878967285,37210800
2016-05-05,32.994998931884766,33.17499923706055,32.439998626708984,32.709999084472656,21.520721435546875,28704000
2016-05-06,32.5,33.03499984741211,32.415000915527344,32.6349983215332,21.471370697021484,25091000
2016-05-09,32.45000076293945,32.52000045776367,31.75,32.15999984741211,21.15886116027832,32041600
2016-05-10,32.32500076293945,32.73500061035156,32.310001373291016,32.724998474121094,21.53058624267578,20702800
2016-05-11,32.64500045776367,33.1150016784668,32.380001068115234,32.82500076293945,21.596384048461914,28429600
2016-05-12,33.119998931884766,33.369998931884766,32.66999816894531,32.915000915527344,21.655593872070312,24954400
2016-05-13,32.77000045776367,33.02000045776367,32.42499923706055,32.494998931884766,21.37926483154297,24743800
2016-05-16,32.91999816894531,33.150001525878906,32.82500076293945,33.04499816894531,21.741127014160156,27455400
2016-05-17,33.04999923706055,33.45500183105469,32.94499969482422,33.20000076293945,21.84309959411621,31674600
2016-05-18,33.19499969482422,33.30500030517578,32.66999816894531,32.880001068115234,21.632568359375,41166400
2016-05-19,32.54999923706055,32.959999084472656,32.244998931884766,32.8849983215332,21.635862350463867,33709800
2016-05-20,32.98500061035156,33.150001525878906,32.78499984741211,33.08000183105469,21.764148712158203,19667000
2016-05-23,32.8849983215332,33.13999938964844,32.77000045776367,32.994998931884766,21.70823097229004,20545000
2016-05-24,33.165000915527344,33.35499954223633,32.95500183105469,33.15999984741211,21.81678581237793,22605800
2016-05-25,33.36000061035156,33.73500061035156,33.33000183105469,33.685001373291016,22.16219139099121,28511000
2016-05-26,33.814998626708984,33.959999084472656,33.439998626708984,33.54499816894531,22.07008934020996,21433600
2016-05-27,33.42499923706055,33.59000015258789,33.2400016784668,33.564998626708984,22.083242416381836,18517400
2016-05-31,33.64500045776367,33.90999984741211,33.28499984741211,33.435001373291016,21.997722625732422,30812200
2016-06-01,33.11000061035156,33.54499816894531,33.025001525878906,33.44499969482422,22.004295349121094,33391400
2016-06-02,33.189998626708984,33.41999816894531,33.064998626708984,33.400001525878906,21.97469139099121,25700000
2016-06-03,33.400001525878906,33.57500076293945,33.07500076293945,33.27000045776367,21.8891544342041,24315400
2016-06-06,33.595001220703125,34.03499984741211,33.53499984741211,34.005001068115234,22.37272834777832,36447600
2016-06-07,34.1150016784668,34.8650016784668,34.10499954223633,34.775001525878906,22.879337310791016,31236600
2016-06-08,34.98500061035156,35.130001068115234,34.599998474121094,34.69499969482422,22.826704025268555,36259400
2016-06-09,34.29499816894531,34.60499954223633,34.2599983215332,34.43000030517578,22.652355194091797,24681200
2016-06-10,34.07500076293945,34.29499816894531,33.63999938964844,33.685001373291016,22.16219139099121,28980400
2016-06-13,33.52000045776367,34.040000915527344,33.48500061035156,33.584999084472656,22.09640121459961,23147600
2016-06-14,33.44499969482422,33.73500061035156,33.185001373291016,33.564998626708984,22.083242416381836,24405000
2016-06-15,33.439998626708984,33.88999938964844,33.25,33.48500061035156,22.030611038208008,33659000
2016-06-16,33.125,33.375,32.66999816894531,33.32500076293945,21.92534828186035,39987400
2016-06-17,33.45000076293945,33.5099983215332,33.25,33.44499969482422,22.149188995361328,34871800
2016-06-20,33.92499923706055,34.0,33.70500183105469,33.73500061035156,22.341243743896484,21826400
2016-06-21,33.65999984741211,34.20500183105469,33.560001373291016,34.1349983215332,22.606142044067383,22444600
2016-06-22,34.28499984741211,34.28499984741211,33.915000915527344,33.94499969482422,22.480310440063477,20516400
2016-06-23,34.29999923706055,34.51499938964844,34.16999816894531,34.505001068115234,22.851179122924805,19077000
2016-06-24,33.17499923706055,33.775001525878906,33.14500045776367,33.38999938964844,22.112768173217773,53759800
2016-06-27,32.935001373291016,32.96500015258789,32.05500030517578,32.31999969482422,21.404155731201172,43319400
2016-06-28,32.92499923706055,33.224998474121094,32.73500061035156,33.220001220703125,22.000179290771484,29100800
2016-06-29,33.42499923706055,34.04999923706055,33.42499923706055,33.849998474121094,22.41739845275879,32708800
2016-06-30,33.70500183105469,34.13999938964844,33.6349983215332,34.119998931884766,22.59621238708496,24264600
2016-07-01,34.08000183105469,34.42499923706055,34.05500030517578,34.29999923706055,22.71541976928711,25357600
2016-07-05,33.84000015258789,33.959999084472656,33.275001525878906,33.61000061035156,22.25845718383789,30139800
2016-07-06,33.415000915527344,33.779998779296875,33.185001373291016,33.755001068115234,22.354482650756836,31795000
2016-07-07,33.95500183105469,34.16999816894531,33.17499923706055,33.40999984741211,22.12600326538086,28195600
2016-07-08,33.709999084472656,33.974998474121094,33.525001525878906,33.85499954223633,22.42070960998535,23135800
2016-07-11,34.03499984741211,34.19499969482422,33.88999938964844,33.91999816894531,22.46375846862793,19500800
2016-07-12,34.43000030517578,34.90999984741211,34.36000061035156,34.7599983215332,23.020050048828125,31049000
2016-07-13,34.65999984741211,34.849998474121094,34.13999938964844,34.459999084472656,22.821380615234375,25092400
2016-07-14,34.72999954223633,34.814998626708984,34.53499984741211,34.6349983215332,22.937267303466797,21797200
2016-07-15,34.7599983215332,34.84000015258789,34.48500061035156,34.6150016784668,22.92403221130371,18259000
2016-07-18,34.51499938964844,34.654998779296875,34.29499816894531,34.63999938964844,22.940580368041992,18802200
2016-07-19,34.55500030517578,34.61000061035156,34.314998626708984,34.44499969482422,22.811445236206055,13983800
2016-07-20,34.30500030517578,34.564998626708984,34.02000045776367,34.39500045776367,22.778331756591797,23110000
2016-07-21,34.29999923706055,34.6150016784668,33.970001220703125,34.05500030517578,22.553163528442383,18513800
2016-07-22,34.130001068115234,34.21500015258789,33.939998626708984,34.15999984741211,22.62270164489746,15981200
2016-07-25,33.935001373291016,34.0099983215332,33.35499954223633,33.47999954223633,22.172365188598633,25543400
2016-07-26,33.28499984741211,33.70500183105469,33.26499938964844,33.67499923706055,22.301504135131836,24787800
2016-07-27,33.720001220703125,33.96500015258789,33.20000076293945,33.345001220703125,22.082962036132812,32355800
2016-07-28,33.30500030517578,33.5099983215332,33.1150016784668,33.349998474121094,22.08626937866211,21727000
2016-07-29,32.875,33.72999954223633,32.845001220703125,33.689998626708984,22.31143569946289,33003600
2016-08-01,33.39500045776367,33.41999816894531,32.46500015258789,32.58000183105469,21.576335906982422,61297000
2016-08-02,32.810001373291016,33.03499984741211,32.28499984741211,32.875,21.771703720092773,51200200
2016-08-03,32.880001068115234,33.525001525878906,32.75,33.5099983215332,22.192232131958008,47811200
2016-08-04,33.3849983215332,33.689998626708984,33.27000045776367,33.459999084472656,22.159116744995117,33580400
2016-08-05,33.47999954223633,33.810001373291016,33.41999816894531,33.76499938964844,22.36110496520996,22853600
2016-08-08,34.0,34.44499969482422,33.9900016784668,34.21500015258789,22.65912437438965,43326800
2016-08-09,34.310001373291016,34.3650016784668,33.900001525878906,34.03499984741211,22.539913177490234,22256800
2016-08-10,34.10499954223633,34.18000030517578,33.595001220703125,33.665000915527344,22.294889450073242,36073600
2016-08-11,33.810001373291016,34.30500030517578,33.73500061035156,34.15999984741211,22.62270164489746,34859400
2016-08-12,34.25,34.45500183105469,34.15999984741211,34.349998474121094,22.74852752685547,20379400
2016-08-15,34.54499816894531,34.69499969482422,34.44499969482422,34.625,22.930652618408203,21406800
2016-08-16,34.564998626708984,34.790000915527344,34.35499954223633,34.68000030517578,22.967073440551758,20485600
2016-08-17,34.5099983215332,34.80500030517578,34.474998474121094,34.78499984741211,23.036611557006836,29439000
2016-08-18,34.904998779296875,35.5,34.869998931884766,35.5,23.510122299194336,48297000
2016-08-19,35.3849983215332,35.3849983215332,35.07500076293945,35.20500183105469,23.31476593017578,22091400
2016-08-22,34.900001525878906,34.96500015258789,34.63999938964844,34.79999923706055,23.04654884338379,28273400
2016-08-23,34.79999923706055,35.1349983215332,34.79999923706055,35.04499816894531,23.208797454833984,24912400
2016-08-24,34.849998474121094,35.08000183105469,34.814998626708984,34.904998779296875,23.116085052490234,32905200
2016-08-25,34.849998474121094,34.95500183105469,34.69499969482422,34.810001373291016,23.05316734313965,23791600
2016-08-26,34.869998931884766,35.13999938964844,34.525001525878906,34.689998626708984,22.973697662353516,29150200
2016-08-29,34.59000015258789,34.95500183105469,34.54999923706055,34.92499923706055,23.129323959350586,14788000
2016-08-30,35.005001068115234,35.13999938964844,34.67499923706055,34.80500030517578,23.049854278564453,14265800
2016-08-31,34.61000061035156,34.65999984741211,34.064998626708984,34.255001068115234,22.685617446899414,26465600
2016-09-01,34.11000061035156,34.23500061035156,33.8849983215332,34.154998779296875,22.61939239501953,33337000
2016-09-02,34.4900016784668,34.625,34.32500076293945,34.540000915527344,22.87436294555664,21588800
2016-09-06,34.630001068115234,35.09000015258789,34.599998474121094,35.060001373291016,23.218725204467773,25688200
2016-09-07,35.220001220703125,35.334999084472656,35.064998626708984,35.2599983215332,23.351181030273438,30189000
2016-09-08,35.48500061035156,35.970001220703125,35.314998626708984,35.91999816894531,23.788270950317383,36010600
2016-09-09,35.584999084472656,35.69499969482422,34.849998474121094,34.849998474121094,23.07965660095215,43543600
2016-09-12,34.60499954223633,35.375,34.540000915527344,35.19499969482422,23.30813217163086,43945800
2016-09-13,34.810001373291016,34.82500076293945,34.09000015258789,34.189998626708984,22.6425724029541,49160800
2016-09-14,34.150001525878906,34.560001373291016,33.70000076293945,33.78499984741211,22.37434959411621,52940400
2016-09-15,33.91999816894531,34.45500183105469,33.8650016784668,34.20500183105469,22.65250587463379,32954800
2016-09-16,33.505001068115234,33.849998474121094,33.505001068115234,33.724998474121094,22.469608306884766,34788800
2016-09-19,34.0,34.095001220703125,33.70000076293945,33.70500183105469,22.45629119873047,23595000
2016-09-20,33.665000915527344,33.89500045776367,33.435001373291016,33.459999084472656,22.293052673339844,28265800
2016-09-21,33.75,34.25,33.709999084472656,34.23500061035156,22.809406280517578,40521800
2016-09-22,34.60499954223633,34.72999954223633,34.244998931884766,34.275001525878906,22.836061477661133,26631800
2016-09-23,34.11000061035156,34.41999816894531,33.625,33.81999969482422,22.53290367126465,46150400
2016-09-26,33.935001373291016,34.1150016784668,33.60499954223633,33.66999816894531,22.432966232299805,26480400
2016-09-27,33.334999084472656,33.53499984741211,33.06999969482422,33.44499969482422,22.283061981201172,38820400
2016-09-28,33.63999938964844,34.939998626708984,33.35499954223633,34.88999938964844,23.245805740356445,82286800
2016-09-29,34.8650016784668,35.224998474121094,34.51499938964844,34.83000183105469,23.20583152770996,54003200
2016-09-30,35.07500076293945,35.4900016784668,34.849998474121094,35.30500030517578,23.522302627563477,29429000
2016-10-03,35.3650016784668,35.41999816894531,34.98500061035156,35.279998779296875,23.505640029907227,26309800
2016-10-04,35.310001373291016,35.39500045776367,34.779998779296875,34.91999816894531,23.265798568725586,23705600
2016-10-05,35.275001525878906,35.619998931884766,35.2400016784668,35.45500183105469,23.622243881225586,26702400
2016-10-06,35.560001373291016,35.67499923706055,35.189998626708984,35.5099983215332,23.658884048461914,22351600
2016-10-07,35.51499938964844,35.665000915527344,35.20000076293945,35.30500030517578,23.522302627563477,23488800
2016-10-10,35.30500030517578,35.9900016784668,35.30500030517578,35.86000061035156,23.892078399658203,23069000
2016-10-11,35.73500061035156,35.79499816894531,35.255001068115234,35.45000076293945,23.618907928466797,27424400
2016-10-12,35.29999923706055,35.42499923706055,35.0,35.29999923706055,23.51897430419922,20878200
2016-10-13,35.08000183105469,35.28499984741211,34.64500045776367,35.10499954223633,23.389049530029297,27086800
2016-10-14,35.28499984741211,35.400001525878906,34.875,34.900001525878906,23.25246810913086,22744800
2016-10-17,34.90999984741211,35.02000045776367,34.540000915527344,34.72999954223633,23.139196395874023,14850000
2016-10-18,35.07500076293945,35.150001525878906,34.71500015258789,34.869998931884766,23.232481002807617,13890200
2016-10-19,35.13999938964844,35.6349983215332,35.10499954223633,35.3650016784668,23.562278747558594,28631800
2016-10-20,35.154998779296875,35.470001220703125,34.959999084472656,35.32500076293945,23.535627365112305,24989000
2016-10-21,35.095001220703125,35.154998779296875,34.88999938964844,35.095001220703125,23.38238525390625,28477000
2016-10-24,35.095001220703125,35.21500015258789,34.60499954223633,34.9900016784668,23.312435150146484,21336800
2016-10-25,34.97999954223633,35.35499954223633,34.77000045776367,34.83000183105469,23.20583152770996,26454200
2016-10-26,34.52000045776367,35.05500030517578,34.459999084472656,34.90999984741211,23.259132385253906,35735600
2016-10-27,35.060001373291016,35.11000061035156,34.77000045776367,34.779998779296875,23.172517776489258,28412600
2016-10-28,34.720001220703125,35.21500015258789,34.46500015258789,34.685001373291016,23.109222412109375,37116800
2016-10-31,34.560001373291016,34.744998931884766,34.25,34.310001373291016,22.8593807220459,25947600
2016-11-01,34.564998626708984,34.685001373291016,33.939998626708984,34.314998626708984,22.862707138061523,37649600
2016-11-02,33.9900016784668,34.11000061035156,33.5,33.935001373291016,22.609529495239258,45966000
2016-11-03,33.935001373291016,34.130001068115234,33.75,34.06999969482422,22.69947052001953,25496200
2016-11-04,33.900001525878906,34.22999954223633,33.68000030517578,33.8849983215332,22.576215744018555,35108200
2016-11-07,34.27000045776367,34.6349983215332,34.27000045776367,34.6150016784668,23.062589645385742,29599000
2016-11-08,34.44499969482422,34.85499954223633,34.39500045776367,34.65999984741211,23.092567443847656,22417400
2016-11-09,34.779998779296875,35.48500061035156,34.375,35.224998474121094,23.469003677368164,51987600
2016-11-10,35.20000076293945,35.63999938964844,35.08000183105469,35.375,23.568944931030273,41269600
2016-11-11,35.165000915527344,35.23500061035156,34.44499969482422,34.72999954223633,23.139196395874023,35319400
2016-11-14,34.60499954223633,34.959999084472656,34.415000915527344,34.92499923706055,23.26912498474121,25144000
2016-11-15,35.22999954223633,35.93000030517578,35.20000076293945,35.90999984741211,23.925392150878906,38457400
2016-11-16,35.83000183105469,36.06999969482422,35.54999923706055,35.65999984741211,23.75882911682129,33218200
2016-11-17,35.959999084472656,36.19499969482422,35.33000183105469,35.41999816894531,23.598926544189453,20676000
2016-11-18,35.54499816894531,35.76499938964844,35.3650016784668,35.564998626708984,23.695528030395508,23924600
2016-11-21,36.064998626708984,36.45000076293945,36.064998626708984,36.40999984741211,24.258520126342773,33750800
2016-11-22,36.41999816894531,36.599998474121094,35.95000076293945,36.38999938964844,24.245203018188477,32026400
2016-11-23,36.21500015258789,36.654998779296875,36.17499923706055,36.540000915527344,24.345134735107422,22924000
2016-11-25,36.3849983215332,36.46500015258789,36.18000030517578,36.36000061035156,24.225210189819336,17583600
2016-11-28,36.53499984741211,36.54499816894531,35.790000915527344,35.85499954223633,23.88874626159668,37580200
2016-11-29,35.310001373291016,35.630001068115234,35.03499984741211,35.415000915527344,23.595592498779297,36723400
2016-11-30,36.64500045776367,37.560001373291016,36.64500045776367,37.21500015258789,24.794862747192383,89709600
2016-12-01,37.904998779296875,38.029998779296875,37.275001525878906,37.30500030517578,24.854822158813477,54764800
2016-12-02,37.28499984741211,37.59000015258789,37.18000030517578,37.415000915527344,24.928119659423828,36677600
2016-12-05,37.755001068115234,38.04999923706055,37.595001220703125,37.744998931884766,25.147974014282227,45070200
2016-12-06,37.51499938964844,37.82500076293945,37.290000915527344,37.67499923706055,25.101335525512695,33927000
2016-12-07,37.59000015258789,38.029998779296875,37.59000015258789,37.974998474121094,25.301223754882812,32016600
2016-12-08,38.07500076293945,38.22999954223633,37.779998779296875,38.18000030517578,25.43779754638672,29200400
2016-12-09,38.380001068115234,38.380001068115234,38.08000183105469,38.29999923706055,25.517759323120117,17949600
2016-12-12,39.150001525878906,39.224998474121094,38.31999969482422,38.47999954223633,25.637683868408203,32260400
2016-12-13,38.77000045776367,39.19499969482422,38.415000915527344,38.915000915527344,25.927501678466797,32057200
2016-12-14,38.72999954223633,38.8849983215332,38.029998779296875,38.1349983215332,25.407821655273438,39702800
2016-12-15,37.974998474121094,38.36000061035156,37.7599983215332,38.220001220703125,25.46445655822754,40503600
2016-12-16,38.290000915527344,38.290000915527344,38.060001373291016,38.255001068115234,25.62251853942871,35729800
2016-12-19,38.21500015258789,38.28499984741211,38.005001068115234,38.08000183105469,25.50531005859375,14226400
2016-12-20,38.275001525878906,38.32500076293945,37.88999938964844,37.994998931884766,25.448368072509766,17964200
2016-12-21,38.07500076293945,38.22999954223633,37.8650016784668,38.05500030517578,25.488567352294922,16205400
2016-12-22,38.08000183105469,38.310001373291016,38.005001068115234,38.209999084472656,25.592376708984375,21940800
2016-12-23,38.150001525878906,38.255001068115234,38.09000015258789,38.17499923706055,25.568939208984375,12796200
2016-12-27,38.23500061035156,38.38999938964844,38.20000076293945,38.2599983215332,25.625879287719727,20017800
2016-12-28,38.345001220703125,38.36000061035156,37.814998626708984,37.845001220703125,25.347900390625,16187400
2016-12-29,37.790000915527344,37.900001525878906,37.6349983215332,37.77000045776367,25.297672271728516,13394800
2016-12-30,37.73500061035156,37.94499969482422,37.540000915527344,37.65999984741211,25.223997116088867,17706600
2017-01-03,38.05500030517578,38.404998779296875,37.68000030517578,38.084999084472656,25.508655548095703,49246200
2017-01-04,38.1150016784668,38.185001373291016,37.880001068115234,38.005001068115234,25.455068588256836,22371000
2017-01-05,38.029998779296875,38.16999816894531,37.72999954223633,37.90999984741211,25.391448974609375,22282400
2017-01-06,38.029998779296875,38.07500076293945,37.69499969482422,37.94499969482422,25.414880752563477,14821000
2017-01-09,37.69499969482422,37.72999954223633,37.34000015258789,37.39500045776367,25.046506881713867,21921800
2017-01-10,37.3650016784668,37.45000076293945,37.025001525878906,37.05500030517578,24.818777084350586,19321600
2017-01-11,37.185001373291016,37.525001525878906,37.029998779296875,37.45500183105469,25.08669662475586,26254000
2017-01-12,37.665000915527344,37.70500183105469,37.150001525878906,37.29999923706055,24.982873916625977,21791200
2017-01-13,37.25,37.33000183105469,37.095001220703125,37.189998626708984,24.90920066833496,19813400
2017-01-17,37.30500030517578,37.5099983215332,37.275001525878906,37.41999816894531,25.063249588012695,19566000
2017-01-18,37.21500015258789,37.435001373291016,37.16999816894531,37.334999084472656,25.00632095336914,17450400
2017-01-19,37.334999084472656,37.349998474121094,37.040000915527344,37.130001068115234,24.8690128326416,18001800
2017-01-20,37.369998931884766,37.494998931884766,37.14500045776367,37.27000045776367,24.962787628173828,18364400
2017-01-23,37.099998474121094,37.17499923706055,36.69499969482422,36.875,24.698213577270508,30414000
2017-01-24,37.02000045776367,37.439998626708984,36.95000076293945,37.279998779296875,24.969480514526367,23714400
2017-01-25,37.290000915527344,37.59000015258789,37.279998779296875,37.474998474121094,25.10008430480957,18820600
2017-01-26,37.595001220703125,37.654998779296875,37.42499923706055,37.505001068115234,25.120187759399414,17303400
2017-01-27,37.275001525878906,37.314998626708984,37.005001068115234,37.1150016784668,24.858964920043945,19901800
2017-01-30,36.94499969482422,36.96500015258789,36.18000030517578,36.435001373291016,24.403526306152344,26572800
2017-01-31,36.45500183105469,36.5099983215332,36.064998626708984,36.45000076293945,24.41356658935547,28014800
2017-02-01,36.64500045776367,36.69499969482422,35.95500183105469,36.18000030517578,24.232728958129883,36848600
2017-02-02,36.2400016784668,36.45000076293945,35.95000076293945,36.3849983215332,24.37002944946289,25760200
2017-02-03,36.529998779296875,36.88999938964844,36.314998626708984,36.70000076293945,24.581003189086914,23657200
2017-02-06,36.70000076293945,36.82500076293945,36.28499984741211,36.38999938964844,24.373382568359375,21043400
2017-02-07,36.22999954223633,36.400001525878906,35.685001373291016,35.875,24.02843475341797,28315600
2017-02-08,35.875,36.040000915527344,35.32500076293945,35.959999084472656,24.085371017456055,32296800
2017-02-09,36.17499923706055,36.474998474121094,36.17499923706055,36.3650016784668,24.356626510620117,18523200
2017-02-10,36.654998779296875,36.845001220703125,36.529998779296875,36.63999938964844,24.54081916809082,20810800
2017-02-13,36.564998626708984,36.724998474121094,36.494998931884766,36.709999084472656,24.587705612182617,15969800
2017-02-14,36.814998626708984,36.845001220703125,36.369998931884766,36.83000183105469,24.668081283569336,21543400
2017-02-15,36.720001220703125,36.880001068115234,36.564998626708984,36.685001373291016,24.570966720581055,17853200
2017-02-16,36.720001220703125,36.77000045776367,36.130001068115234,36.185001373291016,24.2360782623291,22750800
2017-02-17,36.0,36.10499954223633,35.869998931884766,35.98500061035156,24.102115631103516,23290000
2017-02-21,36.32500076293945,36.42499923706055,36.17499923706055,36.22999954223633,24.26621437072754,23605000
2017-02-22,36.060001373291016,36.099998474121094,35.654998779296875,35.68000030517578,23.897829055786133,23078800
2017-02-23,36.08000183105469,36.13999938964844,35.60499954223633,35.83000183105469,23.9982967376709,34780200
2017-02-24,35.56999969482422,35.70500183105469,35.314998626708984,35.494998931884766,23.773921966552734,27995200
2017-02-27,35.529998779296875,35.95500183105469,35.470001220703125,35.79999923706055,23.97820281982422,47372800
2017-02-28,35.69499969482422,35.86000061035156,35.59000015258789,35.689998626708984,23.904525756835938,28036800
2017-03-01,36.02000045776367,36.56999969482422,35.994998931884766,36.404998779296875,24.3834228515625,37995200
2017-03-02,36.224998474121094,36.404998779296875,36.04499816894531,36.060001373291016,24.1523494720459,21540600
2017-03-03,36.119998931884766,36.255001068115234,35.915000915527344,35.994998931884766,24.108808517456055,22333000
2017-03-06,35.935001373291016,36.125,35.79499816894531,36.07500076293945,24.162395477294922,16749400
2017-03-07,36.20500183105469,36.21500015258789,35.709999084472656,35.755001068115234,23.948062896728516,22923600
2017-03-08,35.61000061035156,35.81999969482422,34.810001373291016,34.82500076293945,23.32516098022461,51132400
2017-03-09,34.650001525878906,35.07500076293945,34.44499969482422,35.05500030517578,23.479219436645508,55541400
2017-03-10,35.279998779296875,35.32500076293945,34.79999923706055,35.005001068115234,23.44573211669922,34958600
2017-03-13,34.970001220703125,35.18000030517578,34.88999938964844,35.0099983215332,23.449079513549805,26157600
2017-03-14,34.7400016784668,34.744998931884766,34.310001373291016,34.6150016784668,23.18451690673828,52769600
2017-03-15,34.90999984741211,35.46500015258789,34.7400016784668,35.3849983215332,23.70024299621582,46410000
2017-03-16,35.459999084472656,35.459999084472656,35.03499984741211,35.1349983215332,23.532800674438477,32555000
2017-03-17,35.06999969482422,35.14500045776367,34.900001525878906,34.900001525878906,23.5156192779541,28487800
2017-03-20,34.78499984741211,34.92499923706055,34.57500076293945,34.849998474121094,23.481922149658203,24437400
2017-03-21,35.01499938964844,35.040000915527344,34.474998474121094,34.60499954223633,23.316848754882812,33434400
2017-03-22,34.5,34.71500015258789,34.36000061035156,34.55500030517578,23.283157348632812,24839200
2017-03-23,34.45500183105469,34.709999084472656,34.380001068115234,34.415000915527344,23.18882942199707,23600800
2017-03-24,34.46500015258789,34.540000915527344,34.21500015258789,34.279998779296875,23.09786033630371,20885000
2017-03-27,33.95500183105469,34.21500015258789,33.93000030517578,34.119998931884766,22.99005699157715,22982600
2017-03-28,34.16999816894531,34.689998626708984,34.09000015258789,34.60499954223633,23.316848754882812,55845200
2017-03-29,34.599998474121094,35.13999938964844,34.505001068115234,35.08000183105469,23.636903762817383,37150400
2017-03-30,35.29999923706055,35.3849983215332,34.97999954223633,35.06999969482422,23.63016128540039,31824600
2017-03-31,34.95500183105469,35.16999816894531,34.790000915527344,34.95000076293945,23.549306869506836,39722400
2017-04-03,35.005001068115234,35.029998779296875,34.540000915527344,34.88999938964844,23.508880615234375,26266600
2017-04-04,34.96500015258789,35.17499923706055,34.630001068115234,35.14500045776367,23.680696487426758,25948000
2017-04-05,35.439998626708984,35.744998931884766,34.98500061035156,35.03499984741211,23.60658073425293,45467400
2017-04-06,35.17499923706055,35.415000915527344,35.08000183105469,35.314998626708984,23.795246124267578,26249400
2017-04-07,35.334999084472656,35.43000030517578,35.125,35.18000030517578,23.70427703857422,25160600
2017-04-10,35.375,35.60499954223633,35.29999923706055,35.44499969482422,23.882837295532227,21641800
2017-04-11,35.5,35.51499938964844,35.06999969482422,35.45000076293945,23.886205673217773,27783000
2017-04-12,35.48500061035156,35.709999084472656,35.189998626708984,35.29999923706055,23.785137176513672,22907200
2017-04-13,35.27000045776367,35.29499816894531,34.57500076293945,34.654998779296875,23.35053825378418,35312000
2017-04-17,34.64500045776367,34.76499938964844,34.560001373291016,34.72999954223633,23.40106201171875,16024400
2017-04-18,34.57500076293945,34.80500030517578,34.334999084472656,34.404998779296875,23.182090759277344,29500600
2017-04-19,34.4900016784668,34.55500030517578,33.810001373291016,33.900001525878906,22.841812133789062,36250800
2017-04-20,34.0,34.314998626708984,33.96500015258789,34.064998626708984,22.95299530029297,32470800
2017-04-21,33.91999816894531,34.064998626708984,33.724998474121094,33.89500045776367,22.838451385498047,28232200
2017-04-24,34.14500045776367,34.23500061035156,33.9900016784668,34.095001220703125,22.973203659057617,26701400
2017-04-25,34.18000030517578,34.46500015258789,34.07500076293945,34.3849983215332,23.168611526489258,31182000
2017-04-26,34.224998474121094,34.73500061035156,34.209999084472656,34.27000045776367,23.091127395629883,37475200
2017-04-27,34.005001068115234,34.040000915527344,33.55500030517578,33.89500045776367,22.838451385498047,41095400
2017-04-28,34.185001373291016,34.244998931884766,33.869998931884766,33.91999816894531,22.855295181274414,28852000
2017-05-01,33.90999984741211,34.005001068115234,33.75,33.82500076293945,22.79128074645996,18838800
2017-05-02,33.89500045776367,34.005001068115234,33.51499938964844,33.654998779296875,22.676740646362305,32871200
2017-05-03,33.58000183105469,33.90999984741211,33.48500061035156,33.75,22.740751266479492,33869600
2017-05-04,33.51499938964844,33.55500030517578,32.915000915527344,33.130001068115234,22.32299041748047,67889000
2017-05-05,33.150001525878906,33.709999084472656,33.1349983215332,33.654998779296875,22.676740646362305,37487600
2017-05-08,33.650001525878906,33.95500183105469,33.619998931884766,33.89500045776367,22.838451385498047,37897400
2017-05-09,33.96500015258789,33.96500015258789,33.51499938964844,33.6150016784668,22.649782180786133,21439400
2017-05-10,33.810001373291016,34.220001220703125,33.779998779296875,34.060001373291016,22.94962501525879,36518400
2017-05-11,34.18000030517578,34.2400016784668,33.939998626708984,33.9900016784668,22.902463912963867,23937400
2017-05-12,33.96500015258789,34.029998779296875,33.775001525878906,33.875,22.82497787475586,21417200
2017-05-15,34.380001068115234,34.435001373291016,34.029998779296875,34.13999938964844,23.003528594970703,26413800
2017-05-16,34.29999923706055,34.29999923706055,33.849998474121094,33.970001220703125,22.888980865478516,23386800
2017-05-17,33.77000045776367,34.060001373291016,33.619998931884766,33.6349983215332,22.663257598876953,31213600
2017-05-18,33.48500061035156,33.790000915527344,33.36000061035156,33.625,22.656524658203125,28230000
2017-05-19,33.790000915527344,34.11000061035156,33.709999084472656,34.040000915527344,22.936155319213867,31249000
2017-05-22,34.220001220703125,34.2400016784668,33.845001220703125,33.96500015258789,22.88560676574707,20678400
2017-05-23,34.05500030517578,34.09000015258789,33.8650016784668,34.04499816894531,22.939517974853516,18173600
2017-05-24,34.005001068115234,34.11000061035156,33.709999084472656,33.8650016784668,22.818233489990234,26961400
2017-05-25,33.779998779296875,34.1150016784668,33.130001068115234,33.25,22.40384864807129,46658400
2017-05-26,33.25,33.334999084472656,33.09000015258789,33.30500030517578,22.440906524658203,26398200
2017-05-30,33.130001068115234,33.130001068115234,32.845001220703125,32.86000061035156,22.141067504882812,29058200
2017-05-31,32.599998474121094,32.81999969482422,32.54999923706055,32.720001220703125,22.046735763549805,32186000
2017-06-01,32.73500061035156,33.04499816894531,32.630001068115234,32.92499923706055,22.18486213684082,35967400
2017-06-02,32.775001525878906,32.78499984741211,32.404998779296875,32.54499816894531,21.928821563720703,33085000
2017-06-05,32.44499969482422,32.724998474121094,32.435001373291016,32.60499954223633,21.96924591064453,25105000
2017-06-06,32.584999084472656,33.04499816894531,32.5099983215332,32.9900016784668,22.22866439819336,29670600
2017-06-07,32.85499954223633,33.01499938964844,32.29999923706055,32.525001525878906,21.91533851623535,45884200
2017-06-08,32.369998931884766,32.66999816894531,32.36000061035156,32.43000030517578,21.851329803466797,39138600
2017-06-09,32.505001068115234,33.31999969482422,32.5,33.209999084472656,22.376895904541016,46368400
2017-06-12,33.505001068115234,33.775001525878906,33.375,33.44499969482422,22.53523826599121,45848800
2017-06-13,33.54499816894531,33.7400016784668,33.3849983215332,33.69499969482422,22.703689575195312,31615800
2017-06-14,33.60499954223633,33.60499954223633,32.83000183105469,33.084999084472656,22.292667388916016,60560400
2017-06-15,32.935001373291016,33.099998474121094,32.689998626708984,32.834999084472656,22.124221801757812,38517800
2017-06-16,32.80500030517578,33.165000915527344,32.595001220703125,33.150001525878906,22.490238189697266,49242000
2017-06-19,33.07500076293945,33.14500045776367,32.85499954223633,32.939998626708984,22.347768783569336,31356800
2017-06-20,32.560001373291016,32.61000061035156,32.154998779296875,32.52000045776367,22.062824249267578,32126800
2017-06-21,32.41999816894531,32.61000061035156,31.81999969482422,31.9950008392334,21.706642150878906,54611000
2017-06-22,32.0099983215332,32.25,31.844999313354492,31.975000381469727,21.69307518005371,30863200
2017-06-23,31.979999542236328,32.224998474121094,31.889999389648438,32.189998626708984,21.838937759399414,29111000
2017-06-26,32.290000915527344,32.349998474121094,31.989999771118164,32.119998931884766,21.79145050048828,27206800
2017-06-27,32.23500061035156,32.380001068115234,32.064998626708984,32.06999969482422,21.757526397705078,28455000
2017-06-28,32.11000061035156,32.439998626708984,32.09000015258789,32.244998931884766,21.876251220703125,33719800
2017-06-29,32.34000015258789,32.66999816894531,32.244998931884766,32.314998626708984,21.923742294311523,38044800
2017-06-30,32.54999923706055,32.61000061035156,32.25,32.459999084472656,22.02211570739746,39286400
2017-07-03,32.57500076293945,33.2400016784668,32.540000915527344,33.084999084472656,22.44613265991211,36805600
2017-07-05,32.91999816894531,32.95000076293945,32.290000915527344,32.415000915527344,21.991586685180664,41976400
2017-07-06,32.470001220703125,32.564998626708984,31.985000610351562,32.05500030517578,21.747350692749023,41367200
2017-07-07,31.950000762939453,32.04999923706055,31.645000457763672,32.005001068115234,21.713424682617188,32073400
2017-07-10,31.959999084472656,32.185001373291016,31.889999389648438,32.11000061035156,21.784664154052734,28307600
2017-07-11,32.165000915527344,32.400001525878906,31.96500015258789,32.28499984741211,21.90338897705078,23799600
2017-07-12,32.60499954223633,32.685001373291016,32.23500061035156,32.375,21.96445083618164,29637200
2017-07-13,32.400001525878906,32.529998779296875,32.220001220703125,32.505001068115234,22.052648544311523,20113600
2017-07-14,32.525001525878906,32.7599983215332,32.494998931884766,32.70000076293945,22.1849422454834,20545000
2017-07-17,32.63999938964844,32.8849983215332,32.61000061035156,32.65999984741211,22.157800674438477,24429800
2017-07-18,32.82500076293945,32.834999084472656,32.369998931884766,32.505001068115234,22.052648544311523,29913600
2017-07-19,32.470001220703125,33.0099983215332,32.44499969482422,32.97999954223633,22.374906539916992,49605400
2017-07-20,33.165000915527344,33.28499984741211,32.790000915527344,32.880001068115234,22.30706024169922,34318600
2017-07-21,32.77000045776367,32.92499923706055,32.5099983215332,32.55500030517578,22.086570739746094,26095200
2017-07-24,32.625,32.67499923706055,32.41999816894531,32.494998931884766,22.045860290527344,20866800
2017-07-25,32.8849983215332,33.13999938964844,32.810001373291016,32.904998779296875,22.324020385742188,30958600
2017-07-26,33.09000015258789,33.31999969482422,32.849998474121094,32.939998626708984,22.347768783569336,42422800
2017-07-27,32.95000076293945,33.290000915527344,32.79999923706055,33.275001525878906,22.575044631958008,31631800
2017-07-28,33.165000915527344,33.564998626708984,33.11000061035156,33.23500061035156,22.547903060913086,29530000
2017-07-31,33.244998931884766,33.5,33.154998779296875,33.310001373291016,22.598793029785156,27039000
2017-08-01,33.33000183105469,33.494998931884766,33.15999984741211,33.30500030517578,22.595394134521484,25337400
2017-08-02,33.1349983215332,33.314998626708984,32.84000015258789,33.18000030517578,22.51059341430664,30237000
2017-08-03,33.125,33.18000030517578,32.56999969482422,32.71500015258789,22.19511604309082,30655600
2017-08-04,32.72999954223633,32.90999984741211,32.654998779296875,32.81999969482422,22.266357421875,18742000
2017-08-07,32.68000030517578,32.7400016784668,32.470001220703125,32.56999969482422,22.096738815307617,22874600
2017-08-08,32.474998474121094,32.779998779296875,32.400001525878906,32.494998931884766,22.045860290527344,20858200
2017-08-09,32.54499816894531,32.72999954223633,32.404998779296875,32.525001525878906,22.06620979309082,20875800
2017-08-10,32.58000183105469,32.6349983215332,32.125,32.18000030517578,21.8321533203125,30524200
2017-08-11,32.08000183105469,32.2599983215332,31.940000534057617,31.969999313354492,21.68967628479004,31981800
2017-08-14,32.029998779296875,32.16999816894531,31.834999084472656,31.875,21.625226974487305,22813400
2017-08-15,31.924999237060547,31.924999237060547,31.56999969482422,31.7549991607666,21.5438175201416,25451200
2017-08-16,31.764999389648438,31.854999542236328,31.385000228881836,31.450000762939453,21.336896896362305,33166600
2017-08-17,31.325000762939453,31.44499969482422,30.9950008392334,31.0049991607666,21.034984588623047,29593800
2017-08-18,30.924999237060547,31.3700008392334,30.905000686645508,31.15999984741211,21.140146255493164,37265400
2017-08-21,31.114999771118164,31.1299991607666,30.899999618530273,31.0,21.03160285949707,20750400
2017-08-22,31.084999084472656,31.274999618530273,31.065000534057617,31.204999923706055,21.17067527770996,30343600
2017-08-23,31.139999389648438,31.5,31.110000610351562,31.34000015258789,21.26226043701172,23052000
2017-08-24,31.229999542236328,31.434999465942383,31.219999313354492,31.360000610351562,21.275836944580078,20781000
2017-08-25,31.420000076293945,31.625,31.40999984741211,31.5,21.37081527709961,16440400
2017-08-28,31.514999389648438,31.6200008392334,31.190000534057617,31.360000610351562,21.275836944580078,19912000
2017-08-29,31.209999084472656,31.360000610351562,31.09000015258789,31.31999969482422,21.24869155883789,17454200
2017-08-30,31.200000762939453,31.43000030517578,31.110000610351562,31.334999084472656,21.258869171142578,17328800
2017-08-31,31.469999313354492,31.565000534057617,31.364999771118164,31.485000610351562,21.360641479492188,20667400
2017-09-01,31.53499984741211,31.895000457763672,31.454999923706055,31.790000915527344,21.567564010620117,23191000
2017-09-05,31.920000076293945,32.119998931884766,31.739999771118164,31.96500015258789,21.68628692626953,36229600
2017-09-06,32.125,32.57500076293945,32.11000061035156,32.48500061035156,22.03907585144043,34104200
2017-09-07,32.5,32.625,32.33000183105469,32.54499816894531,22.079782485961914,17280600
2017-09-08,32.474998474121094,32.494998931884766,32.04999923706055,32.20000076293945,21.84572410583496,20529400
2017-09-11,32.32500076293945,32.54999923706055,32.25,32.505001068115234,22.052648544311523,27102200
2017-09-12,32.599998474121094,32.775001525878906,32.51499938964844,32.70500183105469,22.18833351135254,18819400
2017-09-13,32.775001525878906,33.1349983215332,32.7400016784668,33.1150016784668,22.46649169921875,31786600
2017-09-14,33.18000030517578,33.5,33.17499923706055,33.275001525878906,22.575044631958008,29166800
2017-09-15,32.90999984741211,32.91999816894531,32.70000076293945,32.91999816894531,22.628313064575195,26136200
2017-09-18,32.845001220703125,33.08000183105469,32.81999969482422,33.060001373291016,22.724550247192383,25167000
2017-09-19,33.130001068115234,33.244998931884766,33.064998626708984,33.19499969482422,22.81734275817871,21008600
2017-09-20,33.290000915527344,33.5099983215332,33.2599983215332,33.41999816894531,22.971994400024414,36547600
2017-09-21,33.375,33.51499938964844,33.279998779296875,33.43000030517578,22.978872299194336,17748200
2017-09-22,33.400001525878906,33.69499969482422,33.3650016784668,33.599998474121094,23.095722198486328,29295800
2017-09-25,33.755001068115234,34.185001373291016,33.720001220703125,34.084999084472656,23.429101943969727,29667600
2017-09-26,34.0,34.1349983215332,33.904998779296875,34.06999969482422,23.418792724609375,21421400
2017-09-27,34.099998474121094,34.224998474121094,33.90999984741211,34.21500015258789,23.518465042114258,21836400
2017-09-28,34.290000915527344,34.45000076293945,34.150001525878906,34.244998931884766,23.539091110229492,23599800
2017-09-29,34.125,34.244998931884766,34.01499938964844,34.2400016784668,23.535648345947266,28575000
2017-10-02,33.875,34.2400016784668,33.744998931884766,34.22999954223633,23.52877426147461,24833600
2017-10-03,34.185001373291016,34.310001373291016,34.119998931884766,34.19499969482422,23.504716873168945,14479600
2017-10-04,34.19499969482422,34.29499816894531,34.04999923706055,34.16999816894531,23.48752784729004,20395200
2017-10-05,34.19499969482422,34.380001068115234,34.17499923706055,34.32500076293945,23.594074249267578,20323600
2017-10-06,34.0,34.189998626708984,33.91999816894531,34.03499984741211,23.394729614257812,23926600
2017-10-09,34.07500076293945,34.209999084472656,34.03499984741211,34.10499954223633,23.442859649658203,11528200
2017-10-10,34.345001220703125,34.46500015258789,34.099998474121094,34.1349983215332,23.463468551635742,15527400
2017-10-11,34.095001220703125,34.23500061035156,33.95500183105469,34.21500015258789,23.518465042114258,20574000
2017-10-12,33.95500183105469,34.1349983215332,33.900001525878906,34.09000015258789,23.43253517150879,20362200
2017-10-13,34.290000915527344,34.38999938964844,34.04999923706055,34.06999969482422,23.418792724609375,17787400
2017-10-16,34.17499923706055,34.345001220703125,34.07500076293945,34.14500045776367,23.4703426361084,15333800
2017-10-17,34.1349983215332,34.23500061035156,33.97999954223633,34.165000915527344,23.484092712402344,16754200
2017-10-18,34.13999938964844,34.279998779296875,33.8849983215332,33.92499923706055,23.31912612915039,15412600
2017-10-19,33.689998626708984,33.959999084472656,33.67499923706055,33.81999969482422,23.246952056884766,15183800
2017-10-20,33.89500045776367,33.904998779296875,33.65999984741211,33.8849983215332,23.2916259765625,19640400
2017-10-23,33.90999984741211,34.02000045776367,33.68000030517578,33.709999084472656,23.171337127685547,17310600
2017-10-24,33.83000183105469,33.92499923706055,33.70500183105469,33.775001525878906,23.216020584106445,19640400
2017-10-25,33.71500015258789,33.814998626708984,33.435001373291016,33.540000915527344,23.054485321044922,27045400
2017-10-26,33.55500030517578,33.720001220703125,33.40999984741211,33.61000061035156,23.102602005004883,18724400
2017-10-27,33.435001373291016,33.849998474121094,33.16999816894531,33.66999816894531,23.143836975097656,32376000
2017-10-30,33.435001373291016,33.939998626708984,33.435001373291016,33.845001220703125,23.26413345336914,23229600
2017-10-31,33.86000061035156,34.08000183105469,33.709999084472656,33.95500183105469,23.33974838256836,19298000
2017-11-01,34.15999984741211,34.5,34.14500045776367,34.34000015258789,23.604387283325195,34612600
2017-11-02,34.34000015258789,34.435001373291016,34.03499984741211,34.2400016784668,23.535648345947266,22656600
2017-11-03,34.224998474121094,34.474998474121094,34.189998626708984,34.34000015258789,23.604387283325195,22223800
2017-11-06,34.494998931884766,35.16999816894531,34.435001373291016,35.125,24.143966674804688,38200000
2017-11-07,35.185001373291016,35.23500061035156,34.89500045776367,35.08000183105469,24.113040924072266,26820600
2017-11-08,34.994998931884766,35.084999084472656,34.71500015258789,34.90999984741211,23.996179580688477,28493200
2017-11-09,34.775001525878906,35.07500076293945,34.724998474121094,35.01499938964844,24.068359375,25977800
2017-11-10,34.95500183105469,34.98500061035156,34.564998626708984,34.83000183105469,23.941205978393555,21068400
2017-11-13,34.73500061035156,34.8650016784668,34.59000015258789,34.630001068115234,23.803722381591797,14979600
2017-11-14,34.5,34.5,34.029998779296875,34.06999969482422,23.418792724609375,33055400
2017-11-15,33.76499938964844,33.834999084472656,33.54499816894531,33.685001373291016,23.154157638549805,35386200
2017-11-16,33.58000183105469,33.70000076293945,33.45500183105469,33.54999923706055,23.061359405517578,25028000
2017-11-17,33.6150016784668,33.78499984741211,33.529998779296875,33.71500015258789,23.174772262573242,18344800
2017-11-20,33.67499923706055,33.70500183105469,33.48500061035156,33.6349983215332,23.119781494140625,15570600
2017-11-21,33.76499938964844,33.900001525878906,33.63999938964844,33.709999084472656,23.171337127685547,16928800
2017-11-22,33.90999984741211,33.97999954223633,33.82500076293945,33.845001220703125,23.26413345336914,18615000
2017-11-24,33.97999954223633,34.04999923706055,33.935001373291016,33.939998626708984,23.329437255859375,9981400
2017-11-27,33.79499816894531,33.834999084472656,33.525001525878906,33.595001220703125,23.0922908782959,21191600
2017-11-28,33.630001068115234,33.904998779296875,33.59000015258789,33.85499954223633,23.271005630493164,24226600
2017-11-29,33.84000015258789,34.10499954223633,33.77000045776367,34.040000915527344,23.398174285888672,27198600
2017-11-30,34.119998931884766,34.6150016784668,34.119998931884766,34.54999923706055,23.748733520507812,44607200
2017-12-01,34.79499816894531,35.08000183105469,34.470001220703125,34.84000015258789,23.948074340820312,42376600
2017-12-04,35.1349983215332,35.375,34.71500015258789,34.82500076293945,23.937755584716797,27151800
2017-12-05,34.82500076293945,34.95000076293945,34.6349983215332,34.67499923706055,23.834659576416016,21379600
2017-12-06,34.57500076293945,34.6349983215332,34.17499923706055,34.224998474121094,23.525339126586914,24122400
2017-12-07,34.189998626708984,34.3849983215332,34.15999984741211,34.32500076293945,23.594074249267578,17280000
2017-12-08,34.5,34.654998779296875,33.345001220703125,34.63999938964844,23.810598373413086,21393400
2017-12-11,34.70500183105469,35.06999969482422,34.685001373291016,34.88999938964844,23.98244285583496,22633400
2017-12-12,34.79499816894531,35.064998626708984,34.75,34.79499816894531,23.917133331298828,23516400
2017-12-13,34.79499816894531,34.875,34.64500045776367,34.744998931884766,23.882770538330078,18432000
2017-12-14,34.6150016784668,34.8650016784668,34.60499954223633,34.619998931884766,23.79685401916504,23565600
2017-12-15,34.6349983215332,34.6349983215332,34.314998626708984,34.36000061035156,23.775402069091797,20306800
2017-12-18,34.44499969482422,34.79999923706055,34.435001373291016,34.625,23.958765029907227,19321400
2017-12-19,34.78499984741211,34.875,34.595001220703125,34.67499923706055,23.993362426757812,13528400
2017-12-20,34.790000915527344,35.224998474121094,34.685001373291016,35.165000915527344,24.332414627075195,24509000
2017-12-21,35.18000030517578,36.01499938964844,35.14500045776367,35.90999984741211,24.847917556762695,33606200
2017-12-22,35.95000076293945,36.130001068115234,35.79999923706055,35.98500061035156,24.89982032775879,21321600
2017-12-26,36.1150016784668,36.36000061035156,36.040000915527344,36.29999923706055,25.11779022216797,17262200
2017-12-27,36.30500030517578,36.31999969482422,36.10499954223633,36.18000030517578,25.03475570678711,21710600
2017-12-28,36.17499923706055,36.23500061035156,36.11000061035156,36.23500061035156,25.07280731201172,15933600
2017-12-29,36.33000183105469,36.349998474121094,36.06999969482422,36.130001068115234,25.000146865844727,14712800
2018-01-02,36.310001373291016,36.76499938964844,36.19499969482422,36.724998474121094,25.41185760498047,29782800
2018-01-03,36.79999923706055,37.369998931884766,36.7599983215332,37.275001525878906,25.792434692382812,38599200
2018-01-04,37.25,37.525001525878906,37.1150016784668,37.5,25.948122024536133,28613600
2018-01-05,37.45000076293945,37.51499938964844,37.17499923706055,37.48500061035156,25.9377384185791,28408800
2018-01-08,37.470001220703125,37.72999954223633,37.369998931884766,37.709999084472656,26.093429565429688,19558400
2018-01-09,37.78499984741211,37.79499816894531,37.55500030517578,37.6150016784668,26.027692794799805,18469000
2018-01-10,37.724998474121094,37.75,37.540000915527344,37.56999969482422,25.996559143066406,21644000
2018-01-11,37.70000076293945,38.474998474121094,37.564998626708984,38.34000015258789,26.529356002807617,36179000
2018-01-12,38.349998474121094,38.810001373291016,38.349998474121094,38.709999084472656,26.785371780395508,39638400
2018-01-16,38.79999923706055,38.82500076293945,38.150001525878906,38.220001220703125,26.446325302124023,33789800
2018-01-17,38.33000183105469,38.720001220703125,38.08000183105469,38.55500030517578,26.678123474121094,28014800
2018-01-18,38.40999984741211,38.505001068115234,38.16999816894531,38.2400016784668,26.46017074584961,23029200
2018-01-19,38.154998779296875,38.20500183105469,37.939998626708984,38.189998626708984,26.425569534301758,25925400
2018-01-22,38.2400016784668,39.029998779296875,38.22999954223633,39.01499938964844,26.996421813964844,34033400
2018-01-23,39.09000015258789,39.130001068115234,38.7599983215332,38.95500183105469,26.954910278320312,20369800
2018-01-24,39.0,39.19499969482422,38.71500015258789,38.849998474121094,26.88225746154785,25839400
2018-01-25,39.04499816894531,39.04499816894531,38.474998474121094,38.54499816894531,26.671205520629883,23436800
2018-01-26,38.630001068115234,38.81999969482422,38.54999923706055,38.755001068115234,26.81651496887207,15570600
2018-01-29,38.599998474121094,38.73500061035156,38.11000061035156,38.16999816894531,26.411724090576172,25294400
2018-01-30,37.849998474121094,37.95500183105469,37.369998931884766,37.400001525878906,25.878921508789062,45503600
2018-01-31,37.5,37.564998626708984,37.165000915527344,37.42499923706055,25.896223068237305,31450600
2018-02-01,37.474998474121094,37.834999084472656,37.26499938964844,37.810001373291016,26.16262435913086,36023200
2018-02-02,37.1150016784668,37.20500183105469,36.029998779296875,36.22999954223633,25.06934356689453,62010800
2018-02-05,35.744998931884766,36.20000076293945,34.13999938964844,34.709999084472656,24.0175838470459,69535200
2018-02-06,34.1150016784668,35.23500061035156,33.95000076293945,34.98500061035156,24.207862854003906,65630400
2018-02-07,35.095001220703125,35.53499984741211,34.39500045776367,34.400001525878906,23.80307388305664,49207400
2018-02-08,34.435001373291016,34.57500076293945,33.345001220703125,33.36000061035156,23.083450317382812,55542200
2018-02-09,33.755001068115234,33.790000915527344,32.224998474121094,33.334999084472656,23.06614875793457,70348200
2018-02-12,33.76499938964844,34.255001068115234,33.60499954223633,33.880001068115234,23.44326400756836,49913800
2018-02-13,33.70500183105469,33.8849983215332,33.505001068115234,33.7400016784668,23.346393585205078,24570000
2018-02-14,33.40999984741211,34.33000183105469,33.33000183105469,34.22999954223633,23.685447692871094,39513800
2018-02-15,34.29999923706055,34.32500076293945,33.595001220703125,34.14500045776367,23.62662696838379,32938800
2018-02-16,34.0,34.380001068115234,33.85499954223633,34.060001373291016,23.567813873291016,27582200
2018-02-20,34.130001068115234,34.380001068115234,33.720001220703125,33.875,23.439802169799805,35616200
2018-02-21,33.775001525878906,34.09000015258789,33.30500030517578,33.30500030517578,23.04538917541504,25090800
2018-02-22,33.54499816894531,34.165000915527344,33.459999084472656,33.66999816894531,23.297941207885742,30660600
2018-02-23,33.834999084472656,34.42499923706055,33.775001525878906,34.400001525878906,23.80307388305664,31369600
2018-02-26,34.57500076293945,34.67499923706055,34.404998779296875,34.60499954223633,23.944929122924805,24312800
2018-02-27,34.67499923706055,34.95000076293945,34.150001525878906,34.154998779296875,23.633544921875,26931400
2018-02-28,34.334999084472656,34.459999084472656,33.35499954223633,33.369998931884766,23.090370178222656,35244000
2018-03-01,33.334999084472656,33.845001220703125,33.08000183105469,33.31999969482422,23.055770874023438,45950000
2018-03-02,33.09000015258789,33.595001220703125,32.82500076293945,33.474998474121094,23.16301918029785,29157800
2018-03-05,33.31999969482422,33.935001373291016,33.2599983215332,33.83000183105469,23.408662796020508,25663000
2018-03-06,34.040000915527344,34.165000915527344,33.68000030517578,33.849998474121094,23.422500610351562,31355800
2018-03-07,33.48500061035156,33.84000015258789,33.279998779296875,33.595001220703125,23.246057510375977,24725200
2018-03-08,33.66999816894531,33.77000045776367,33.345001220703125,33.584999084472656,23.2391357421875,16026600
2018-03-09,33.845001220703125,34.255001068115234,33.814998626708984,34.224998474121094,23.681987762451172,22786200
2018-03-12,34.244998931884766,34.46500015258789,34.04499816894531,34.21500015258789,23.675064086914062,18972000
2018-03-13,34.31999969482422,34.474998474121094,33.83000183105469,33.970001220703125,23.505535125732422,21461800
2018-03-14,34.099998474121094,34.19499969482422,33.70000076293945,33.77000045776367,23.36714744567871,22696400
2018-03-15,33.89500045776367,34.040000915527344,33.34000015258789,33.595001220703125,23.246057510375977,24817000
2018-03-16,33.375,33.80500030517578,33.310001373291016,33.654998779296875,23.4533748626709,28685200
2018-03-19,33.54999923706055,33.595001220703125,32.94499969482422,33.1349983215332,23.09100341796875,29050000
2018-03-20,33.314998626708984,33.63999938964844,33.27000045776367,33.415000915527344,23.28612518310547,22518200
2018-03-21,33.6150016784668,34.5099983215332,33.5099983215332,34.290000915527344,23.89589500427246,32879200
2018-03-22,33.90999984741211,34.09000015258789,33.525001525878906,33.59000015258789,23.4080867767334,36967600
2018-03-23,33.7599983215332,34.150001525878906,33.310001373291016,33.3849983215332,23.265213012695312,38428600
2018-03-26,33.77000045776367,34.03499984741211,33.380001068115234,33.98500061035156,23.683347702026367,31906000
2018-03-27,34.130001068115234,34.27000045776367,33.470001220703125,33.665000915527344,23.46034812927246,27846200
2018-03-28,33.685001373291016,33.79999923706055,32.95500183105469,33.0099983215332,23.003894805908203,36457400
2018-03-29,33.154998779296875,33.84000015258789,33.150001525878906,33.70500183105469,23.48822021484375,27936200
2018-04-02,33.57500076293945,33.6349983215332,32.46500015258789,33.029998779296875,23.01783561706543,37986200
2018-04-03,33.154998779296875,33.76499938964844,32.84000015258789,33.73500061035156,23.509130477905273,28228600
2018-04-04,33.220001220703125,33.76499938964844,32.9900016784668,33.689998626708984,23.477771759033203,24981600
2018-04-05,33.775001525878906,34.5099983215332,33.775001525878906,34.29499816894531,23.899377822875977,27056800
2018-04-06,34.08000183105469,34.244998931884766,33.22999954223633,33.67499923706055,23.46731185913086,37767800
2018-04-09,33.834999084472656,34.26499938964844,33.70000076293945,33.834999084472656,23.578813552856445,21639600
2018-04-10,34.369998931884766,35.22999954223633,34.36000061035156,34.95500183105469,24.359315872192383,43684400
2018-04-11,34.900001525878906,35.400001525878906,34.85499954223633,35.31999969482422,24.613676071166992,42381800
2018-04-12,35.439998626708984,35.595001220703125,35.189998626708984,35.314998626708984,24.610198974609375,28623200
2018-04-13,35.505001068115234,35.849998474121094,35.45500183105469,35.70500183105469,24.881973266601562,26660800
2018-04-16,35.78499984741211,36.23500061035156,35.595001220703125,36.06999969482422,25.136329650878906,28048600
2018-04-17,36.165000915527344,36.375,35.959999084472656,36.209999084472656,25.23390007019043,32210600
2018-04-18,36.525001525878906,37.11000061035156,36.51499938964844,36.779998779296875,25.631114959716797,34623000
2018-04-19,36.810001373291016,37.099998474121094,36.599998474121094,36.82500076293945,25.662471771240234,36300600
2018-04-20,36.75,36.779998779296875,36.415000915527344,36.650001525878906,25.540529251098633,27380800
2018-04-23,36.53499984741211,36.880001068115234,36.334999084472656,36.875,25.697324752807617,29689200
2018-04-24,36.974998474121094,37.22999954223633,36.279998779296875,36.47999954223633,25.42205810546875,45575000
2018-04-25,36.3650016784668,36.81999969482422,36.1349983215332,36.77000045776367,25.624155044555664,26326600
2018-04-26,36.904998779296875,37.334999084472656,36.790000915527344,37.30500030517578,25.996976852416992,24433800
2018-04-27,36.92499923706055,37.095001220703125,36.76499938964844,36.90999984741211,25.721710205078125,21078600
2018-04-30,36.849998474121094,37.31999969482422,36.84000015258789,36.904998779296875,25.718225479125977,25926400
2018-05-01,36.720001220703125,36.744998931884766,36.21500015258789,36.68000030517578,25.561431884765625,27601800
2018-05-02,36.56999969482422,37.119998931884766,36.52000045776367,36.83000183105469,25.665964126586914,26869400
2018-05-03,36.65999984741211,36.80500030517578,36.25,36.744998931884766,25.606718063354492,30659200
2018-05-04,36.64500045776367,37.05500030517578,36.494998931884766,36.92499923706055,25.732162475585938,27171000
2018-05-07,37.21500015258789,37.78499984741211,36.900001525878906,36.974998474121094,25.767005920410156,35947400
2018-05-08,36.9900016784668,37.28499984741211,36.31999969482422,37.26499938964844,25.96910285949707,57548200
2018-05-09,37.720001220703125,38.44499969482422,37.71500015258789,38.025001525878906,26.498729705810547,49807800
2018-05-10,38.17499923706055,38.400001525878906,38.0,38.310001373291016,26.697336196899414,27780200
2018-05-11,38.39500045776367,38.625,38.279998779296875,38.3650016784668,26.735673904418945,24021400
2018-05-14,38.48500061035156,38.80500030517578,38.48500061035156,38.630001068115234,26.92034912109375,20452600
2018-05-15,38.54499816894531,38.70000076293945,38.345001220703125,38.63999938964844,26.927305221557617,20965400
2018-05-16,38.584999084472656,38.79999923706055,38.38999938964844,38.775001525878906,27.02138328552246,23994400
2018-05-17,38.900001525878906,39.415000915527344,38.880001068115234,39.36000061035156,27.429052352905273,32542600
2018-05-18,39.290000915527344,39.33000183105469,39.025001525878906,39.05500030517578,27.21650505065918,28185400
2018-05-21,39.275001525878906,39.45500183105469,39.07500076293945,39.45500183105469,27.49526596069336,23026200
2018-05-22,39.45000076293945,39.709999084472656,38.81999969482422,38.93000030517578,27.129404067993164,33166800
2018-05-23,38.70500183105469,38.95500183105469,38.3849983215332,38.92499923706055,27.125911712646484,33211600
2018-05-24,38.474998474121094,38.53499984741211,38.11000061035156,38.28499984741211,26.679916381835938,38309600
2018-05-25,37.61000061035156,37.65999984741211,36.91999816894531,37.290000915527344,25.98653221130371,64907000
2018-05-29,37.0,37.404998779296875,36.83000183105469,37.17499923706055,25.90637969970703,38655000
2018-05-30,37.494998931884766,38.470001220703125,37.47999954223633,38.29999923706055,26.69037628173828,46044400
2018-05-31,38.02000045776367,38.46500015258789,37.93000030517578,38.0099983215332,26.488269805908203,26517400
2018-06-01,38.13999938964844,38.44499969482422,37.98500061035156,38.189998626708984,26.61371421813965,28205000
2018-06-04,38.31999969482422,38.599998474121094,37.7599983215332,37.86000061035156,26.383739471435547,27378400
2018-06-05,37.67499923706055,38.060001373291016,37.59000015258789,37.77000045776367,26.321029663085938,27415800
2018-06-06,37.90999984741211,38.04999923706055,37.6150016784668,37.95000076293945,26.44645881652832,26958400
2018-06-07,38.150001525878906,38.744998931884766,38.13999938964844,38.525001525878906,26.847169876098633,30357800
2018-06-08,38.56999969482422,38.67499923706055,38.209999084472656,38.45000076293945,26.794902801513672,22473200
2018-06-11,38.439998626708984,38.82500076293945,38.36000061035156,38.650001525878906,26.934280395507812,21435600
2018-06-12,38.650001525878906,38.7400016784668,38.25,38.35499954223633,26.728696823120117,31414400
2018-06-13,38.23500061035156,38.435001373291016,38.05500030517578,38.209999084472656,26.627653121948242,25004200
2018-06-14,38.31999969482422,38.43000030517578,38.064998626708984,38.154998779296875,26.589319229125977,20582200
2018-06-15,37.68000030517578,37.755001068115234,37.005001068115234,37.084999084472656,26.01823616027832,32178800
2018-06-18,36.9900016784668,37.70500183105469,36.9900016784668,37.45500183105469,26.2778263092041,26368800
2018-06-19,37.005001068115234,37.5099983215332,36.900001525878906,37.369998931884766,26.21817970275879,25215200
2018-06-20,37.595001220703125,37.67499923706055,37.23500061035156,37.53499984741211,26.333942413330078,23311800
2018-06-21,37.27000045776367,37.290000915527344,36.665000915527344,36.84000015258789,25.846345901489258,30019600
2018-06-22,37.75,37.98500061035156,37.56999969482422,37.57500076293945,26.362010955810547,56072600
2018-06-25,37.46500015258789,37.52000045776367,36.56999969482422,36.81999969482422,25.832313537597656,36760600
2018-06-26,36.915000915527344,37.43000030517578,36.78499984741211,37.28499984741211,26.158546447753906,27047200
2018-06-27,37.595001220703125,38.255001068115234,37.58000183105469,37.78499984741211,26.509340286254883,41167800
2018-06-28,37.84000015258789,37.97999954223633,37.44499969482422,37.73500061035156,26.47425651550293,28570800
2018-06-29,37.84000015258789,38.369998931884766,37.84000015258789,37.970001220703125,26.639142990112305,26335800
2018-07-02,37.70500183105469,37.71500015258789,37.20500183105469,37.40999984741211,26.24625015258789,30593200
2018-07-03,37.79999923706055,38.22999954223633,37.55500030517578,37.64500045776367,26.411117553710938,18616400
2018-07-05,37.875,37.994998931884766,37.494998931884766,37.60499954223633,26.383058547973633,19939000
2018-07-06,37.4900016784668,37.95500183105469,37.314998626708984,37.834999084472656,26.544416427612305,18620600
2018-07-09,38.064998626708984,38.45500183105469,38.04499816894531,38.400001525878906,26.940824508666992,22118400
2018-07-10,38.6349983215332,39.0,38.59000015258789,38.685001373291016,27.14076042175293,22007200
2018-07-11,38.32500076293945,38.560001373291016,37.6150016784668,37.8650016784668,26.565465927124023,38725600
2018-07-12,37.96500015258789,38.17499923706055,37.65999984741211,37.93000030517578,26.61107063293457,25136000
2018-07-13,37.96500015258789,38.36000061035156,37.8650016784668,38.130001068115234,26.751394271850586,22846200
2018-07-16,37.755001068115234,37.939998626708984,37.369998931884766,37.689998626708984,26.442689895629883,22781200
2018-07-17,37.564998626708984,37.75,37.33000183105469,37.540000915527344,26.33745765686035,19506400
2018-07-18,37.36000061035156,37.619998931884766,36.9900016784668,37.564998626708984,26.354997634887695,30703000
2018-07-19,37.46500015258789,37.73500061035156,37.42499923706055,37.57500076293945,26.362010955810547,32463600
2018-07-20,37.57500076293945,37.65999984741211,37.32500076293945,37.44499969482422,26.27079200744629,21722400
2018-07-23,37.54999923706055,37.57500076293945,37.21500015258789,37.279998779296875,26.15503692626953,15247600
2018-07-24,37.44499969482422,37.970001220703125,37.39500045776367,37.75,26.484785079956055,20337000
2018-07-25,37.79999923706055,38.15999984741211,37.6150016784668,38.064998626708984,26.705778121948242,22070600
2018-07-26,38.14500045776367,38.54999923706055,38.06999969482422,38.47999954223633,26.996944427490234,24374800
2018-07-27,38.04999923706055,38.51499938964844,38.0,38.314998626708984,26.881183624267578,25281800
2018-07-30,38.619998931884766,38.779998779296875,38.4900016784668,38.630001068115234,27.102188110351562,22790000
2018-07-31,38.70000076293945,38.80500030517578,38.470001220703125,38.560001373291016,27.05306625366211,22581000
2018-08-01,38.224998474121094,38.2400016784668,37.81999969482422,38.025001525878906,26.67772102355957,22345000
2018-08-02,37.744998931884766,37.88999938964844,37.5,37.814998626708984,26.53038787841797,19379400
2018-08-03,37.744998931884766,37.814998626708984,37.43000030517578,37.619998931884766,26.393579483032227,15326600
2018-08-06,37.72999954223633,37.939998626708984,37.505001068115234,37.7599983215332,26.491802215576172,16400200
2018-08-07,38.14500045776367,38.25,37.91999816894531,38.040000915527344,26.68824577331543,23596600
2018-08-08,37.775001525878906,37.904998779296875,37.540000915527344,37.76499938964844,26.49530792236328,18797600
2018-08-09,37.79499816894531,37.8650016784668,37.35499954223633,37.415000915527344,26.249753952026367,30465000
2018-08-10,37.33000183105469,37.64500045776367,37.255001068115234,37.64500045776367,26.411117553710938,33955400
2018-08-13,37.57500076293945,37.70500183105469,37.14500045776367,37.165000915527344,26.07436180114746,19634000
2018-08-14,37.45000076293945,37.505001068115234,37.099998474121094,37.255001068115234,26.13750648498535,20875800
2018-08-15,36.900001525878906,36.959999084472656,35.849998474121094,35.95500183105469,25.225446701049805,52800800
2018-08-16,36.130001068115234,36.41999816894531,36.11000061035156,36.21500015258789,25.407854080200195,50026600
2018-08-17,36.310001373291016,36.400001525878906,36.17499923706055,36.30500030517578,25.47100257873535,23065400
2018-08-20,36.314998626708984,36.68000030517578,36.29999923706055,36.54999923706055,25.64289093017578,16691400
2018-08-21,36.85499954223633,37.029998779296875,36.69499969482422,36.73500061035156,25.772674560546875,19018200
2018-08-22,36.96500015258789,37.290000915527344,36.939998626708984,37.17499923706055,26.081375122070312,18690800
2018-08-23,37.0,37.064998626708984,36.86000061035156,37.0,25.958602905273438,12937800
2018-08-24,37.22999954223633,37.4900016784668,37.19499969482422,37.27000045776367,26.148029327392578,15506600
2018-08-27,37.39500045776367,37.595001220703125,37.34000015258789,37.54499816894531,26.340957641601562,13969800
2018-08-28,37.6150016784668,37.77000045776367,37.36000061035156,37.3849983215332,26.228708267211914,16787000
2018-08-29,37.505001068115234,37.77000045776367,37.38999938964844,37.6150016784668,26.39007568359375,15520800
2018-08-30,37.599998474121094,37.67499923706055,37.314998626708984,37.5099983215332,26.316410064697266,18500400
2018-08-31,37.39500045776367,37.404998779296875,37.064998626708984,37.220001220703125,26.112945556640625,17819200
2018-09-04,37.38999938964844,37.41999816894531,36.9900016784668,37.13999938964844,26.05681800842285,30189400
2018-09-05,36.970001220703125,37.11000061035156,36.595001220703125,37.09000015258789,26.021739959716797,19196200
2018-09-06,36.95000076293945,37.07500076293945,36.30500030517578,36.404998779296875,25.541160583496094,28812800
2018-09-07,36.27000045776367,36.46500015258789,35.88999938964844,36.400001525878906,25.537647247314453,20268800
2018-09-10,36.584999084472656,36.73500061035156,36.375,36.3849983215332,25.527116775512695,17823400
2018-09-11,36.349998474121094,36.939998626708984,36.25,36.72999954223633,25.76917266845703,28563200
2018-09-12,37.029998779296875,37.28499984741211,36.90999984741211,36.91999816894531,25.902467727661133,25378800
2018-09-13,36.86000061035156,37.005001068115234,36.6150016784668,36.935001373291016,25.913002014160156,22074800
2018-09-14,36.939998626708984,37.27000045776367,36.92499923706055,37.130001068115234,26.049806594848633,18988600
2018-09-17,37.224998474121094,37.439998626708984,37.099998474121094,37.189998626708984,26.091896057128906,29457800
2018-09-18,37.45500183105469,37.689998626708984,37.43000030517578,37.435001373291016,26.263790130615234,20447000
2018-09-19,37.44499969482422,37.70500183105469,37.40999984741211,37.54999923706055,26.344459533691406,21823000
2018-09-20,37.709999084472656,37.85499954223633,37.51499938964844,37.560001373291016,26.351482391357422,25024800
2018-09-21,37.505001068115234,37.67499923706055,37.25,37.54999923706055,26.525604248046875,27420200
2018-09-24,37.880001068115234,38.26499938964844,37.849998474121094,38.099998474121094,26.91413688659668,25569000
2018-09-25,38.34000015258789,38.505001068115234,38.290000915527344,38.345001220703125,27.087217330932617,26055200
2018-09-26,38.11000061035156,38.310001373291016,37.90999984741211,37.974998474121094,26.825838088989258,25457200
2018-09-27,38.125,38.17499923706055,37.875,37.974998474121094,26.825838088989258,21344200
2018-09-28,37.79499816894531,38.27000045776367,37.775001525878906,37.869998931884766,26.751667022705078,29666200
2018-10-01,38.0099983215332,38.55500030517578,38.0099983215332,38.39500045776367,27.122528076171875,25425200
2018-10-02,38.4900016784668,38.564998626708984,38.16999816894531,38.435001373291016,27.15079689025879,18936800
2018-10-03,38.599998474121094,38.86000061035156,38.4900016784668,38.744998931884766,27.369768142700195,26489600
2018-10-04,38.619998931884766,38.85499954223633,38.36000061035156,38.584999084472656,27.256750106811523,30385400
2018-10-05,38.54499816894531,38.70500183105469,38.345001220703125,38.58000183105469,27.253217697143555,23966400
2018-10-08,38.29499816894531,38.61000061035156,38.14500045776367,38.54999923706055,27.23201560974121,23157200
2018-10-09,38.685001373291016,39.18000030517578,38.52000045776367,38.89500045776367,27.47572898864746,33633400
2018-10-10,38.959999084472656,39.025001525878906,37.5,37.67499923706055,26.61391258239746,52810600
2018-10-11,37.310001373291016,37.334999084472656,36.125,36.400001525878906,25.71324348449707,71184200
2018-10-12,36.7599983215332,36.869998931884766,35.94499969482422,36.5,25.783889770507812,47158000
2018-10-15,36.494998931884766,36.64500045776367,36.185001373291016,36.19499969482422,25.568429946899414,23180800
2018-10-16,36.29499816894531,36.560001373291016,36.14500045776367,36.494998931884766,25.780349731445312,29142200
2018-10-17,36.42499923706055,36.53499984741211,35.95500183105469,36.26499938964844,25.617881774902344,31608400
2018-10-18,35.93000030517578,36.41999816894531,35.85499954223633,36.084999084472656,25.49073028564453,33173400
2018-10-19,35.904998779296875,36.290000915527344,35.7400016784668,35.76499938964844,25.264673233032227,27136200
2018-10-22,35.7400016784668,35.814998626708984,35.154998779296875,35.369998931884766,24.98565101623535,24589000
2018-10-23,34.849998474121094,34.86000061035156,33.95500183105469,34.44499969482422,24.33222007751465,52955400
2018-10-24,34.61000061035156,34.619998931884766,33.07500076293945,33.084999084472656,23.371501922607422,56200400
2018-10-25,33.4900016784668,33.834999084472656,33.26499938964844,33.4900016784668,23.65760612487793,50666600
2018-10-26,33.21500015258789,33.650001525878906,32.689998626708984,33.2400016784668,23.481002807617188,51159800
2018-10-29,33.48500061035156,33.529998779296875,32.185001373291016,32.619998931884766,23.04302406311035,48919600
2018-10-30,32.599998474121094,33.45500183105469,32.45000076293945,33.375,23.576353073120117,52794800
2018-10-31,33.70000076293945,34.14500045776367,33.53499984741211,33.58000183105469,23.72117805480957,34575600
2018-11-01,33.650001525878906,34.025001525878906,33.30500030517578,33.8650016784668,23.92250633239746,42951600
2018-11-02,34.2400016784668,34.4900016784668,33.439998626708984,33.779998779296875,23.862459182739258,42425000
2018-11-05,34.189998626708984,34.47999954223633,34.11000061035156,34.345001220703125,24.261581420898438,26463200
2018-11-06,34.43000030517578,34.58000183105469,34.095001220703125,34.505001068115234,24.374608993530273,26144200
2018-11-07,34.95000076293945,35.18000030517578,34.54999923706055,35.06999969482422,24.773725509643555,33325800
2018-11-08,34.90999984741211,35.185001373291016,34.185001373291016,34.310001373291016,24.236862182617188,30289800
2018-11-09,33.85499954223633,34.470001220703125,33.66999816894531,34.25,24.194473266601562,45835600
2018-11-12,34.48500061035156,34.630001068115234,33.470001220703125,33.540000915527344,23.692920684814453,36083200
2018-11-13,33.44499969482422,33.625,32.595001220703125,32.77000045776367,23.14898681640625,65463800
2018-11-14,33.279998779296875,33.404998779296875,32.415000915527344,32.71500015258789,23.110132217407227,45084200
2018-11-15,32.505001068115234,33.23500061035156,32.505001068115234,33.19499969482422,23.449207305908203,40613600
2018-11-16,33.400001525878906,33.70500183105469,33.23500061035156,33.59000015258789,23.72823715209961,39511000
2018-11-19,33.3849983215332,33.71500015258789,33.279998779296875,33.58000183105469,23.72117805480957,31167600
2018-11-20,33.13999938964844,33.220001220703125,32.22999954223633,32.47999954223633,22.944129943847656,52648800
2018-11-21,32.73500061035156,33.34000015258789,32.65999984741211,32.9900016784668,23.304393768310547,34661800
2018-11-23,32.16999816894531,32.28499984741211,31.719999313354492,31.954999923706055,22.573259353637695,28843600
2018-11-26,32.189998626708984,32.650001525878906,32.185001373291016,32.435001373291016,22.91234016418457,33365400
2018-11-27,32.27000045776367,32.58000183105469,32.15999984741211,32.345001220703125,22.8487606048584,44528600
2018-11-28,32.314998626708984,32.92499923706055,32.11000061035156,32.900001525878906,23.24081802368164,42296400
2018-11-29,32.92499923706055,33.380001068115234,32.880001068115234,33.1150016784668,23.392702102661133,28828400
2018-11-30,32.82500076293945,33.150001525878906,32.65999984741211,33.05500030517578,23.350311279296875,36258000
2018-12-03,33.810001373291016,33.994998931884766,33.39500045776367,33.790000915527344,23.86952018737793,43990800
2018-12-04,33.80500030517578,33.915000915527344,32.7599983215332,32.81999969482422,23.18430519104004,36592600
2018-12-06,32.099998474121094,32.26499938964844,31.53499984741211,32.21500015258789,22.756927490234375,70712200
2018-12-07,32.83000183105469,33.314998626708984,31.979999542236328,32.03499984741211,22.62978172302246,54891400
2018-12-10,31.809999465942383,31.96500015258789,30.809999465942383,31.53499984741211,22.276569366455078,46765600
2018-12-11,32.02000045776367,32.08000183105469,31.21500015258789,31.545000076293945,22.28363609313965,34483200
2018-12-12,32.060001373291016,32.275001525878906,31.649999618530273,31.670000076293945,22.371936798095703,38534800
2018-12-13,31.594999313354492,31.969999313354492,31.454999923706055,31.770000457763672,22.442575454711914,30598000
2018-12-14,31.575000762939453,31.704999923706055,30.895000457763672,31.045000076293945,21.930431365966797,45787200
2018-12-17,30.96500015258789,31.225000381469727,30.260000228881836,30.479999542236328,21.531314849853516,41464600
2018-12-18,30.424999237060547,30.53499984741211,29.594999313354492,29.760000228881836,21.02269744873047,53234000
2018-12-19,29.915000915527344,30.479999542236328,29.165000915527344,29.40999984741211,20.775449752807617,91097800
2018-12-20,29.049999237060547,29.4950008392334,28.420000076293945,28.594999313354492,20.19973373413086,77008800
2018-12-21,28.334999084472656,28.80500030517578,27.81999969482422,28.05500030517578,20.00365447998047,74787400
2018-12-24,27.725000381469727,27.860000610351562,26.895000457763672,26.920000076293945,19.19437599182129,31211800
2018-12-26,27.18000030517578,28.600000381469727,26.68000030517578,28.594999313354492,20.38867950439453,58194000
2018-12-27,28.020000457763672,28.780000686645508,27.639999389648438,28.7450008392334,20.495635986328125,48754600
2018-12-28,28.875,29.0049991607666,28.350000381469727,28.524999618530273,20.338764190673828,38874800
2018-12-31,28.780000686645508,28.885000228881836,28.34000015258789,28.674999237060547,20.445720672607422,37410400
2019-01-02,28.219999313354492,29.434999465942383,28.075000762939453,29.239999771118164,20.84857749938965,49785200
2019-01-03,29.325000762939453,29.43000030517578,28.6200008392334,28.950000762939453,20.64180564880371,36048200
2019-01-04,29.450000762939453,30.024999618530273,29.280000686645508,29.934999465942383,21.3441219329834,42703000
2019-01-07,30.15999984741211,30.600000381469727,29.760000228881836,30.3799991607666,21.661415100097656,36113400
2019-01-08,30.80500030517578,30.875,30.450000762939453,30.614999771118164,21.82897186279297,37384600
2019-01-09,31.024999618530273,31.204999923706055,30.704999923706055,31.100000381469727,22.174789428710938,37513600
2019-01-10,30.864999771118164,31.229999542236328,30.690000534057617,31.190000534057617,22.238956451416016,38335200
2019-01-11,31.030000686645508,31.204999923706055,30.729999542236328,31.0049991607666,22.107046127319336,28211800
2019-01-14,30.709999084472656,31.05500030517578,30.665000915527344,30.93000030517578,22.053573608398438,26383400
2019-01-15,31.100000381469727,31.334999084472656,30.885000228881836,31.040000915527344,22.132001876831055,19642400
2019-01-16,31.0049991607666,31.2549991607666,30.895000457763672,31.0,22.10348129272461,25082200
2019-01-17,30.764999389648438,31.420000076293945,30.69499969482422,31.28499984741211,22.306692123413086,20349600
2019-01-18,31.655000686645508,31.94499969482422,31.469999313354492,31.920000076293945,22.759456634521484,29063600
2019-01-22,31.56999969482422,31.639999389648438,31.139999389648438,31.225000381469727,22.263914108276367,39726400
2019-01-23,31.334999084472656,31.375,30.649999618530273,30.905000686645508,22.035743713378906,46735400
2019-01-24,30.84000015258789,31.350000381469727,30.71500015258789,31.06999969482422,22.153398513793945,26098400
2019-01-25,31.334999084472656,31.65999984741211,31.28499984741211,31.46500015258789,22.435035705566406,20467200
2019-01-28,31.049999237060547,31.165000915527344,30.809999465942383,31.149999618530273,22.21043586730957,24044800
2019-01-29,31.329999923706055,31.454999923706055,31.219999313354492,31.2450008392334,22.27817726135254,23768200
2019-01-30,31.440000534057617,31.78499984741211,31.270000457763672,31.684999465942383,22.591899871826172,24233000
2019-01-31,31.735000610351562,32.040000915527344,31.649999618530273,31.889999389648438,22.738065719604492,35688400
2019-02-01,32.23500061035156,32.6349983215332,32.130001068115234,32.44499969482422,23.1337890625,29544800
2019-02-04,32.224998474121094,32.529998779296875,31.985000610351562,32.52000045776367,23.18726921081543,20215800
2019-02-05,32.494998931884766,32.625,32.38999938964844,32.56999969482422,23.222917556762695,15705400
2019-02-06,32.415000915527344,32.505001068115234,32.29999923706055,32.33000183105469,23.051795959472656,13607600
2019-02-07,32.130001068115234,32.2400016784668,31.31999969482422,31.614999771118164,22.541988372802734,29200200
2019-02-08,31.530000686645508,31.604999542236328,30.934999465942383,31.469999313354492,22.438600540161133,21268800
2019-02-11,31.31999969482422,31.670000076293945,31.229999542236328,31.6200008392334,22.545555114746094,24994800
2019-02-12,32.04499816894531,32.20500183105469,31.649999618530273,32.02000045776367,22.83076286315918,21354600
2019-02-13,32.150001525878906,32.67499923706055,32.1150016784668,32.41999816894531,23.115964889526367,26123400
2019-02-14,32.30500030517578,32.779998779296875,32.244998931884766,32.53499984741211,23.197961807250977,20426400
2019-02-15,32.875,33.084999084472656,32.79999923706055,33.060001373291016,23.572296142578125,20367600
2019-02-19,32.89500045776367,33.28499984741211,32.845001220703125,33.15999984741211,23.643598556518555,17443200
2019-02-20,33.11000061035156,33.46500015258789,33.10499954223633,33.29999923706055,23.743419647216797,19871400
2019-02-21,33.19499969482422,33.279998779296875,32.665000915527344,32.78499984741211,23.376218795776367,23732200
2019-02-22,33.029998779296875,33.130001068115234,32.71500015258789,32.880001068115234,23.44395637512207,19896600
2019-02-25,32.775001525878906,33.04499816894531,32.744998931884766,32.935001373291016,23.483165740966797,31808800
2019-02-26,32.904998779296875,33.130001068115234,32.81999969482422,32.83000183105469,23.40830421447754,21101400
2019-02-27,32.9900016784668,33.29499816894531,32.79999923706055,32.95500183105469,23.497434616088867,20588000
2019-02-28,32.959999084472656,33.005001068115234,32.41999816894531,32.625,23.26213264465332,22498800
2019-03-01,32.79999923706055,33.22999954223633,32.79999923706055,33.224998474121094,23.68994140625,40655800
2019-03-04,33.345001220703125,33.42499923706055,32.78499984741211,33.28499984741211,23.73272132873535,39560000
2019-03-05,33.33000183105469,33.345001220703125,32.939998626708984,33.17499923706055,23.6542911529541,31615000
2019-03-06,32.904998779296875,32.974998474121094,32.59000015258789,32.755001068115234,23.354820251464844,45381000
2019-03-07,32.775001525878906,32.79999923706055,32.43000030517578,32.560001373291016,23.215789794921875,46892400
2019-03-08,32.03499984741211,32.099998474121094,31.655000686645508,31.950000762939453,22.780845642089844,31243000
2019-03-11,32.185001373291016,32.525001525878906,32.154998779296875,32.45000076293945,23.137357711791992,26424200
2019-03-12,32.505001068115234,32.82500076293945,32.494998931884766,32.65999984741211,23.28708839416504,22026200
2019-03-13,32.8650016784668,33.005001068115234,32.72999954223633,32.9900016784668,23.522384643554688,26413600
2019-03-14,33.02000045776367,33.189998626708984,32.98500061035156,33.025001525878906,23.54734230041504,24640800
2019-03-15,32.7400016784668,32.85499954223633,32.630001068115234,32.755001068115234,23.537994384765625,24854800
2019-03-18,32.79499816894531,33.26499938964844,32.779998779296875,33.209999084472656,23.864961624145508,20135800
2019-03-19,33.375,33.54499816894531,32.98500061035156,33.119998931884766,23.800283432006836,25052000
2019-03-20,33.09000015258789,33.709999084472656,32.9900016784668,33.40999984741211,24.008684158325195,27325800
2019-03-21,33.310001373291016,33.70000076293945,33.2400016784668,33.64500045776367,24.17755889892578,35755800
2019-03-22,33.34000015258789,33.39500045776367,32.61000061035156,32.73500061035156,23.523622512817383,39949600
2019-03-25,32.595001220703125,32.80500030517578,32.435001373291016,32.75,23.534412384033203,24692600
2019-03-26,33.130001068115234,33.44499969482422,33.040000915527344,33.220001220703125,23.872150421142578,23033000
2019-03-27,33.19499969482422,33.345001220703125,32.73500061035156,32.98500061035156,23.703279495239258,19165200
2019-03-28,32.845001220703125,33.150001525878906,32.779998779296875,33.11000061035156,23.793107986450195,18298400
2019-03-29,33.43000030517578,33.5099983215332,32.95000076293945,33.060001373291016,23.757169723510742,20075200
2019-04-01,33.279998779296875,33.564998626708984,33.23500061035156,33.494998931884766,24.06976890563965,24823400
2019-04-02,33.58000183105469,33.61000061035156,33.185001373291016,33.26499938964844,23.904491424560547,22304800
2019-04-03,33.36000061035156,33.42499923706055,32.83000183105469,32.94499969482422,23.67453384399414,23979600
2019-04-04,32.96500015258789,33.244998931884766,32.80500030517578,33.220001220703125,23.872150421142578,21008600
2019-04-05,33.310001373291016,33.845001220703125,33.29499816894531,33.80500030517578,24.292545318603516,34538400
2019-04-08,33.85499954223633,34.125,33.814998626708984,33.95500183105469,24.400331497192383,21204200
2019-04-09,33.85499954223633,33.85499954223633,33.435001373291016,33.540000915527344,24.102108001708984,29083800
2019-04-10,33.6150016784668,33.81999969482422,33.57500076293945,33.665000915527344,24.191926956176758,18751200
2019-04-11,33.6349983215332,33.92499923706055,33.43000030517578,33.689998626708984,24.20989418029785,21828400
2019-04-12,34.17499923706055,34.20000076293945,33.69499969482422,33.779998779296875,24.274574279785156,30853600
2019-04-15,33.7400016784668,33.81999969482422,33.525001525878906,33.58000183105469,24.13085174560547,16601400
2019-04-16,33.70000076293945,33.849998474121094,33.58000183105469,33.79999923706055,24.288942337036133,16260400
2019-04-17,34.005001068115234,34.08000183105469,33.709999084472656,33.755001068115234,24.25660514831543,21869200
2019-04-18,33.849998474121094,33.89500045776367,33.5099983215332,33.595001220703125,24.141632080078125,19519000
2019-04-22,33.904998779296875,34.33000183105469,33.810001373291016,34.30500030517578,24.651844024658203,28329400
2019-04-23,34.33000183105469,34.404998779296875,34.025001525878906,34.25,24.612321853637695,20424400
2019-04-24,34.279998779296875,34.29999923706055,33.6349983215332,33.650001525878906,24.181154251098633,22038200
2019-04-25,33.64500045776367,33.81999969482422,33.470001220703125,33.54499816894531,24.10569953918457,24121800
2019-04-26,33.29999923706055,33.310001373291016,32.81999969482422,33.11000061035156,23.793107986450195,33676800
2019-04-29,33.119998931884766,33.2599983215332,33.01499938964844,33.08000183105469,23.771541595458984,25949000
2019-04-30,33.400001525878906,33.42499923706055,33.01499938964844,33.05500030517578,23.753578186035156,28654000
2019-05-01,33.064998626708984,33.165000915527344,32.369998931884766,32.39500045776367,23.279298782348633,44311400
2019-05-02,32.189998626708984,32.3849983215332,31.815000534057617,31.829999923706055,22.873279571533203,56066000
2019-05-03,32.130001068115234,32.380001068115234,32.05500030517578,32.125,23.085275650024414,39249000
2019-05-06,31.8799991607666,32.2599983215332,31.850000381469727,32.154998779296875,23.106836318969727,40689400
2019-05-07,31.774999618530273,31.899999618530273,31.469999313354492,31.875,22.905624389648438,30129000
2019-05-08,31.860000610351562,32.13999938964844,31.790000915527344,31.875,22.905624389648438,19647400
2019-05-09,31.725000381469727,31.9950008392334,31.454999923706055,31.875,22.905624389648438,28819000
2019-05-10,31.875,32.10499954223633,31.424999237060547,32.025001525878906,23.013412475585938,26150000
2019-05-13,31.735000610351562,31.889999389648438,31.325000762939453,31.475000381469727,22.61817741394043,28139600
2019-05-14,31.645000457763672,32.130001068115234,31.614999771118164,31.860000610351562,22.89484405517578,18484000
2019-05-15,31.68000030517578,32.095001220703125,31.594999313354492,32.025001525878906,23.013412475585938,20184600
2019-05-16,32.10499954223633,32.31999969482422,32.10499954223633,32.20000076293945,23.13916778564453,18753000
2019-05-17,31.985000610351562,32.15999984741211,31.834999084472656,31.875,22.905624389648438,21111400
2019-05-20,31.8799991607666,32.040000915527344,31.825000762939453,31.889999389648438,22.916397094726562,16372200
2019-05-21,32.025001525878906,32.349998474121094,31.985000610351562,32.2599983215332,23.182283401489258,36761000
2019-05-22,32.064998626708984,32.13999938964844,31.655000686645508,31.760000228881836,22.82298469543457,19274000
2019-05-23,31.229999542236328,31.2549991607666,30.510000228881836,30.69499969482422,22.057662963867188,47927200
2019-05-24,30.940000534057617,31.059999465942383,30.545000076293945,30.809999465942383,22.14030647277832,20306800
2019-05-28,30.829999923706055,30.885000228881836,30.44499969482422,30.489999771118164,21.910350799560547,25861200
2019-05-29,30.06999969482422,30.315000534057617,29.889999389648438,30.295000076293945,21.770225524902344,33903200
2019-05-30,30.2450008392334,30.299999237060547,29.815000534057617,29.90999984741211,21.493560791015625,30347800
2019-05-31,29.5,29.770000457763672,29.385000228881836,29.385000228881836,21.116291046142578,43797000
2019-06-03,29.584999084472656,29.905000686645508,29.540000915527344,29.760000228881836,21.38576889038086,36049400
2019-06-04,30.040000915527344,30.344999313354492,29.959999084472656,30.274999618530273,21.7558536529541,29486800
2019-06-05,30.334999084472656,30.344999313354492,29.760000228881836,29.940000534057617,21.515119552612305,31763800
2019-06-06,30.0,30.610000610351562,30.0,30.4950008392334,21.913942337036133,64787800
2019-06-07,30.59000015258789,30.829999923706055,30.514999389648438,30.635000228881836,22.014551162719727,31548200
2019-06-10,30.799999237060547,31.0,30.68000030517578,30.725000381469727,22.0792293548584,19675600
2019-06-11,30.9950008392334,31.094999313354492,30.774999618530273,30.78499984741211,22.122337341308594,19045200
2019-06-12,30.584999084472656,30.655000686645508,30.2549991607666,30.350000381469727,21.809751510620117,27633000
2019-06-13,30.700000762939453,30.844999313354492,30.34000015258789,30.704999923706055,22.064855575561523,24383000
2019-06-14,30.780000686645508,30.78499984741211,30.43000030517578,30.5049991607666,21.921125411987305,15832600
2019-06-17,30.440000534057617,30.844999313354492,30.344999313354492,30.760000228881836,22.10437774658203,17590400
2019-06-18,30.959999084472656,31.3700008392334,30.905000686645508,31.184999465942383,22.4097843170166,34444200
2019-06-19,31.139999389648438,31.329999923706055,30.985000610351562,31.149999618530273,22.38463020324707,17655400
2019-06-20,31.649999618530273,31.889999389648438,31.614999771118164,31.84000015258789,22.880475997924805,51908000
2019-06-21,31.600000381469727,31.895000457763672,31.600000381469727,31.780000686645508,23.045814514160156,32712600
2019-06-24,31.770000457763672,31.860000610351562,31.44499969482422,31.4950008392334,22.839136123657227,20793200
2019-06-25,31.475000381469727,31.5049991607666,31.209999084472656,31.2450008392334,22.657846450805664,23774600
2019-06-26,31.559999465942383,31.96500015258789,31.479999542236328,31.725000381469727,23.00592803955078,28653600
2019-06-27,31.725000381469727,31.81999969482422,31.424999237060547,31.489999771118164,22.835514068603516,21217400
2019-06-28,31.565000534057617,31.885000228881836,31.565000534057617,31.854999542236328,23.100200653076172,34739200
2019-07-01,32.25,32.35499954223633,31.80500030517578,31.885000228881836,23.1219539642334,29772600
2019-07-02,31.790000915527344,31.854999542236328,31.235000610351562,31.375,22.752117156982422,24190800
2019-07-03,31.420000076293945,31.524999618530273,31.229999542236328,31.5,22.84276580810547,13974600
2019-07-05,31.385000228881836,31.575000762939453,31.315000534057617,31.545000076293945,22.875398635864258,14726400
2019-07-08,31.4950008392334,31.764999389648438,31.405000686645508,31.59000015258789,22.90802764892578,17256400
2019-07-09,31.540000915527344,31.635000228881836,31.329999923706055,31.614999771118164,22.926158905029297,14976200
2019-07-10,31.815000534057617,32.130001068115234,31.604999542236328,32.02000045776367,23.2198486328125,23534800
2019-07-11,32.1150016784668,32.119998931884766,31.885000228881836,32.084999084472656,23.266983032226562,25362600
2019-07-12,32.10499954223633,32.33000183105469,32.10499954223633,32.220001220703125,23.364885330200195,16162800
2019-07-15,32.275001525878906,32.29499816894531,31.860000610351562,31.93000030517578,23.154586791992188,19077800
2019-07-16,31.864999771118164,31.920000076293945,31.46500015258789,31.59000015258789,22.90802764892578,21174200
2019-07-17,31.565000534057617,31.665000915527344,31.209999084472656,31.229999542236328,22.6469669342041,27329400
2019-07-18,31.079999923706055,31.235000610351562,30.899999618530273,31.235000610351562,22.65059471130371,25509000
2019-07-19,31.264999389648438,31.485000610351562,31.1200008392334,31.3799991607666,22.755741119384766,19930600
2019-07-22,31.5,31.6299991607666,31.274999618530273,31.524999618530273,22.86089515686035,15686200
2019-07-23,31.524999618530273,31.69499969482422,31.43000030517578,31.610000610351562,22.92253303527832,14537600
2019-07-24,31.56999969482422,31.950000762939453,31.53499984741211,31.7450008392334,23.020431518554688,19815400
2019-07-25,31.864999771118164,31.905000686645508,31.290000915527344,31.385000228881836,22.759368896484375,20140800
2019-07-26,31.385000228881836,31.389999389648438,31.09000015258789,31.225000381469727,22.643342971801758,19307600
2019-07-29,31.200000762939453,31.225000381469727,30.8700008392334,31.100000381469727,22.552701950073242,16569800
2019-07-30,30.975000381469727,31.524999618530273,30.915000915527344,31.450000762939453,22.806507110595703,21602600
2019-07-31,31.450000762939453,31.719999313354492,31.09000015258789,31.350000381469727,22.733989715576172,30556000
2019-08-01,31.0049991607666,31.149999618530273,30.44499969482422,30.639999389648438,22.2191219329834,50380400
2019-08-02,30.764999389648438,30.94499969482422,29.889999389648438,30.200000762939453,21.900047302246094,43399800
2019-08-05,29.639999389648438,29.719999313354492,29.09000015258789,29.299999237060547,21.247390747070312,55153800
2019-08-06,29.375,29.545000076293945,28.950000762939453,29.264999389648438,21.222013473510742,33995000
2019-08-07,28.729999542236328,29.184999465942383,28.579999923706055,29.045000076293945,21.062480926513672,49604400
2019-08-08,29.239999771118164,29.895000457763672,29.104999542236328,29.8799991607666,21.667991638183594,46535600
2019-08-09,29.905000686645508,29.969999313354492,29.424999237060547,29.549999237060547,21.42868423461914,29186400
2019-08-12,29.479999542236328,29.524999618530273,29.06999969482422,29.200000762939453,21.174877166748047,43838000
2019-08-13,29.06999969482422,29.7450008392334,28.915000915527344,29.469999313354492,21.37067413330078,28695200
2019-08-14,28.84000015258789,28.90999984741211,28.270000457763672,28.315000534057617,20.53310775756836,47299400
2019-08-15,28.165000915527344,28.299999237060547,27.834999084472656,28.139999389648438,20.40620231628418,28575800
2019-08-16,28.290000915527344,28.594999313354492,28.19499969482422,28.510000228881836,20.674516677856445,42798600
2019-08-19,28.90999984741211,29.2450008392334,28.854999542236328,29.139999389648438,21.131370544433594,27763200
2019-08-20,29.0,29.03499984741211,28.78499984741211,28.895000457763672,20.953706741333008,19042600
2019-08-21,29.19499969482422,29.2450008392334,28.975000381469727,29.079999923706055,21.087862014770508,24074800
2019-08-22,29.18000030517578,29.295000076293945,28.934999465942383,28.950000762939453,20.99359130859375,18706200
2019-08-23,28.604999542236328,28.875,27.81999969482422,27.979999542236328,20.290176391601562,48817800
2019-08-26,28.225000381469727,28.375,27.979999542236328,28.100000381469727,20.377199172973633,21610600
2019-08-27,28.25,28.364999771118164,27.774999618530273,27.924999237060547,20.25029182434082,23662600
2019-08-28,28.06999969482422,28.46500015258789,27.93000030517578,28.325000762939453,20.540359497070312,31388800
2019-08-29,28.545000076293945,28.860000610351562,28.514999389648438,28.739999771118164,20.8413028717041,24663400
2019-08-30,28.850000381469727,29.100000381469727,28.56999969482422,28.739999771118164,20.8413028717041,26044600
2019-09-03,28.274999618530273,28.65999984741211,28.190000534057617,28.600000381469727,20.739782333374023,27929600
2019-09-04,29.0,29.125,28.915000915527344,29.0,21.029844284057617,22381800
2019-09-05,29.2549991607666,29.684999465942383,29.209999084472656,29.360000610351562,21.290904998779297,29077000
2019-09-06,29.299999237060547,29.549999237060547,29.135000228881836,29.514999389648438,21.403308868408203,24468600
2019-09-09,29.7549991607666,30.174999237060547,29.69499969482422,30.104999542236328,21.83115577697754,49514200
2019-09-10,30.290000915527344,30.899999618530273,30.229999542236328,30.459999084472656,22.088586807250977,51436000
2019-09-11,30.6299991607666,30.8700008392334,30.325000762939453,30.489999771118164,22.1103458404541,45504000
2019-09-12,30.104999542236328,30.520000457763672,29.854999542236328,30.299999237060547,21.97256088256836,38119000
2019-09-13,30.5,30.700000762939453,30.3700008392334,30.540000915527344,22.146604537963867,28123200
2019-09-16,31.81999969482422,31.825000762939453,31.200000762939453,31.565000534057617,22.8898983001709,61355600
2019-09-17,31.584999084472656,31.594999313354492,30.915000915527344,31.125,22.57082748413086,52900000
2019-09-18,30.899999618530273,31.100000381469727,30.760000228881836,30.975000381469727,22.46204376220703,23209000
2019-09-19,31.15999984741211,31.229999542236328,30.799999237060547,30.895000457763672,22.404035568237305,28037000
2019-09-20,30.635000228881836,30.760000228881836,30.489999771118164,30.639999389648438,22.42233657836914,40300200
2019-09-23,30.434999465942383,30.729999542236328,30.399999618530273,30.649999618530273,22.42965316772461,18660800
2019-09-24,30.55500030517578,30.584999084472656,29.985000610351562,30.165000915527344,22.07472801208496,41101000
2019-09-25,30.024999618530273,30.25,29.954999923706055,30.21500015258789,22.111316680908203,20248400
2019-09-26,30.079999923706055,30.149999618530273,29.670000076293945,29.81999969482422,21.822256088256836,28011000
2019-09-27,29.655000686645508,30.045000076293945,29.600000381469727,29.815000534057617,21.818601608276367,31263200
2019-09-30,29.674999237060547,29.795000076293945,29.56999969482422,29.600000381469727,21.661258697509766,39616800
2019-10-01,29.700000762939453,29.809999465942383,28.90999984741211,28.915000915527344,21.159975051879883,32749400
2019-10-02,28.7450008392334,28.815000534057617,28.125,28.204999923706055,20.64040184020996,37824600
2019-10-03,28.049999237060547,28.540000915527344,27.81999969482422,28.510000228881836,20.86359977722168,40914200
2019-10-04,28.6299991607666,28.729999542236328,28.34000015258789,28.690000534057617,20.99532127380371,20275800
2019-10-07,28.735000610351562,28.844999313354492,28.420000076293945,28.434999465942383,20.808713912963867,23284800
2019-10-08,28.145000457763672,28.364999771118164,27.90999984741211,27.950000762939453,20.453792572021484,40038400
2019-10-09,28.200000762939453,28.360000610351562,28.149999618530273,28.204999923706055,20.64040184020996,17833800
2019-10-10,28.299999237060547,28.635000228881836,28.2549991607666,28.559999465942383,20.900190353393555,20111400
2019-10-11,28.854999542236328,29.21500015258789,28.80500030517578,28.94499969482422,21.181934356689453,45127800
2019-10-14,28.735000610351562,29.03499984741211,28.625,28.93000030517578,21.170957565307617,24321200
2019-10-15,28.8700008392334,29.34000015258789,28.834999084472656,29.049999237060547,21.258769989013672,22170000
2019-10-16,28.950000762939453,29.155000686645508,28.635000228881836,28.645000457763672,20.96238899230957,23910600
2019-10-17,28.764999389648438,28.854999542236328,28.575000762939453,28.665000915527344,20.97702980041504,22616200
2019-10-18,28.59000015258789,28.81999969482422,28.510000228881836,28.514999389648438,20.867258071899414,20555600
2019-10-21,28.56999969482422,29.049999237060547,28.53499984741211,29.024999618530273,21.240474700927734,20948000
2019-10-22,29.114999771118164,29.735000610351562,29.024999618530273,29.399999618530273,21.514902114868164,39393800
2019-10-23,29.350000381469727,29.704999923706055,29.225000381469727,29.645000457763672,21.694194793701172,23640800
2019-10-24,29.815000534057617,29.834999084472656,29.364999771118164,29.520000457763672,21.602718353271484,24233600
2019-10-25,29.530000686645508,29.844999313354492,29.489999771118164,29.760000228881836,21.778350830078125,23750000
2019-10-28,29.860000610351562,30.030000686645508,29.540000915527344,29.59000015258789,21.65394401550293,23513200
2019-10-29,29.479999542236328,29.959999084472656,29.3799991607666,29.709999084472656,21.741758346557617,26936800
2019-10-30,29.780000686645508,29.795000076293945,28.989999771118164,29.104999542236328,21.299020767211914,31013400
2019-10-31,28.985000610351562,29.030000686645508,28.69499969482422,28.979999542236328,21.20754623413086,30064800
2019-11-01,29.125,29.69499969482422,29.100000381469727,29.639999389648438,21.690532684326172,26620200
2019-11-04,29.979999542236328,30.69499969482422,29.975000381469727,30.604999542236328,22.39672088623047,43060400
2019-11-05,30.690000534057617,30.915000915527344,30.545000076293945,30.645000457763672,22.42599105834961,35110200
2019-11-06,30.600000381469727,30.665000915527344,29.934999465942383,30.020000457763672,21.96861457824707,35655800
2019-11-07,30.325000762939453,30.565000534057617,30.2450008392334,30.469999313354492,22.29792594909668,26483400
2019-11-08,30.28499984741211,30.385000228881836,30.0,30.344999313354492,22.20644760131836,20779600
2019-11-11,30.059999465942383,30.315000534057617,29.94499969482422,30.174999237060547,22.082048416137695,28961000
2019-11-12,30.264999389648438,30.43000030517578,29.864999771118164,30.020000457763672,21.96861457824707,25082400
2019-11-13,29.864999771118164,29.9950008392334,29.764999389648438,29.889999389648438,21.873485565185547,21151200
2019-11-14,29.8799991607666,30.045000076293945,29.670000076293945,29.809999465942383,21.814939498901367,16233600
2019-11-15,29.934999465942383,30.155000686645508,29.899999618530273,30.040000915527344,21.98325538635254,18363600
2019-11-18,29.850000381469727,29.885000228881836,29.549999237060547,29.674999237060547,21.716144561767578,25508200
2019-11-19,29.579999923706055,29.604999542236328,29.200000762939453,29.235000610351562,21.394155502319336,30758200
2019-11-20,29.225000381469727,29.7450008392334,29.045000076293945,29.530000686645508,21.610036849975586,34290000
2019-11-21,29.6299991607666,30.040000915527344,29.53499984741211,30.014999389648438,21.964956283569336,31283400
2019-11-22,30.040000915527344,30.184999465942383,29.854999542236328,29.915000915527344,21.89177703857422,22984000
2019-11-25,29.8799991607666,29.9950008392334,29.764999389648438,29.94499969482422,21.913728713989258,24672000
2019-11-26,29.985000610351562,29.9950008392334,29.559999465942383,29.670000076293945,21.712488174438477,26804000
2019-11-27,29.704999923706055,29.80500030517578,29.5,29.7450008392334,21.767372131347656,19336600
2019-11-29,29.5,29.604999542236328,29.334999084472656,29.44499969482422,21.547836303710938,15660400
2019-12-02,29.545000076293945,29.735000610351562,29.40999984741211,29.44499969482422,21.547836303710938,30779000
2019-12-03,29.184999465942383,29.235000610351562,28.899999618530273,29.0049991607666,21.225839614868164,33891000
2019-12-04,29.260000228881836,29.530000686645508,29.165000915527344,29.440000534057617,21.544174194335938,34853000
2019-12-05,29.565000534057617,29.600000381469727,29.200000762939453,29.299999237060547,21.44171905517578,21784800
2019-12-06,29.424999237060547,29.950000762939453,29.420000076293945,29.860000610351562,21.851530075073242,33459200
2019-12-09,29.6299991607666,29.96500015258789,29.6299991607666,29.825000762939453,21.82591438293457,16812600
2019-12-10,29.924999237060547,29.9950008392334,29.7549991607666,29.885000228881836,21.869827270507812,17570200
2019-12-11,29.84000015258789,30.040000915527344,29.774999618530273,29.834999084472656,21.83323097229004,24872400
2019-12-12,29.8799991607666,30.489999771118164,29.844999313354492,30.385000228881836,22.23572540283203,44981600
2019-12-13,30.489999771118164,30.684999465942383,30.135000228881836,30.155000686645508,22.06740951538086,22743000
2019-12-16,30.3700008392334,30.68000030517578,30.354999542236328,30.559999465942383,22.363784790039062,22271800
2019-12-17,30.690000534057617,30.854999542236328,30.46500015258789,30.579999923706055,22.378427505493164,46292400
2019-12-18,30.545000076293945,30.889999389648438,30.5049991607666,30.69499969482422,22.46257972717285,25881400
2019-12-19,30.700000762939453,30.78499984741211,30.6299991607666,30.684999465942383,22.45526695251465,25534800
2019-12-20,30.479999542236328,30.71500015258789,30.424999237060547,30.68000030517578,22.67066192626953,34839600
2019-12-23,30.645000457763672,31.014999389648438,30.610000610351562,30.9950008392334,22.903432846069336,26944400
2019-12-24,31.065000534057617,31.110000610351562,30.924999237060547,30.979999542236328,22.892345428466797,10074800
2019-12-26,31.114999771118164,31.219999313354492,30.93000030517578,30.969999313354492,22.88495445251465,20312400
2019-12-27,31.084999084472656,31.114999771118164,30.81999969482422,30.84000015258789,22.788888931274414,21436600
2019-12-30,30.059999465942383,30.114999771118164,29.80500030517578,29.850000381469727,22.716978073120117,29259000
2019-12-31,29.700000762939453,30.049999237060547,29.614999771118164,30.020000457763672,22.846351623535156,21444800
2020-01-02,30.219999313354492,30.334999084472656,30.114999771118164,30.290000915527344,23.051834106445312,23889400
2020-01-03,30.565000534057617,30.655000686645508,30.049999237060547,30.200000762939453,22.983339309692383,59005800
2020-01-06,30.30500030517578,30.59000015258789,30.200000762939453,30.434999465942383,23.162181854248047,44916200
2020-01-07,30.350000381469727,30.385000228881836,30.0,30.354999542236328,23.10129737854004,22925000
2020-01-08,30.325000762939453,30.360000610351562,29.815000534057617,29.854999542236328,22.720775604248047,38042800
2020-01-09,29.84000015258789,30.104999542236328,29.489999771118164,30.075000762939453,22.888208389282227,30733600
2020-01-10,30.059999465942383,30.084999084472656,29.8700008392334,29.905000686645508,22.75882911682129,18302400
2020-01-13,29.860000610351562,30.010000228881836,29.704999923706055,29.915000915527344,22.76644515991211,17557000
2020-01-14,29.850000381469727,29.954999923706055,29.655000686645508,29.920000076293945,22.770248413085938,34678000
2020-01-15,29.790000915527344,29.8799991607666,29.614999771118164,29.700000762939453,22.60282325744629,21661600
2020-01-16,29.875,29.975000381469727,29.735000610351562,29.75,22.6408748626709,16449000
2020-01-17,29.829999923706055,29.844999313354492,29.510000228881836,29.559999465942383,22.49627685546875,23818200
2020-01-21,29.395000457763672,29.399999618530273,28.979999542236328,29.030000686645508,22.092926025390625,34709200
2020-01-22,28.975000381469727,28.9950008392334,28.670000076293945,28.75,21.879833221435547,29355400
2020-01-23,28.450000762939453,28.729999542236328,28.229999542236328,28.639999389648438,21.796117782592773,26556000
2020-01-24,28.510000228881836,28.639999389648438,28.09000015258789,28.309999465942383,21.544973373413086,40781200
2020-01-27,27.739999771118164,27.850000381469727,27.489999771118164,27.524999618530273,20.94756317138672,43365000
2020-01-28,27.68000030517578,27.81999969482422,27.540000915527344,27.649999618530273,21.042692184448242,28600200
2020-01-29,27.80500030517578,27.905000686645508,27.325000762939453,27.360000610351562,20.82198715209961,27490800
2020-01-30,27.075000762939453,27.610000610351562,27.0049991607666,27.579999923706055,20.98941993713379,48861000
2020-01-31,27.114999771118164,27.190000534057617,26.579999923706055,26.719999313354492,20.33492660522461,66861000
2020-02-03,26.684999465942383,26.725000381469727,26.274999618530273,26.3700008392334,20.068561553955078,42578400
2020-02-04,26.75,26.959999084472656,26.415000915527344,26.46500015258789,20.1408634185791,39639600
2020-02-05,26.905000686645508,27.55500030517578,26.889999389648438,27.459999084472656,20.898094177246094,68764000
2020-02-06,27.59000015258789,27.59000015258789,27.135000228881836,27.18000030517578,20.685009002685547,30801200
2020-02-07,26.975000381469727,27.104999542236328,26.850000381469727,26.989999771118164,20.540407180786133,27386600
2020-02-10,26.850000381469727,26.915000915527344,26.690000534057617,26.854999542236328,20.437665939331055,29281200
2020-02-11,27.219999313354492,27.260000228881836,27.03499984741211,27.155000686645508,20.665983200073242,27689200
2020-02-12,27.559999465942383,27.674999237060547,27.295000076293945,27.520000457763672,20.943761825561523,34399600
2020-02-13,27.44499969482422,27.59000015258789,27.274999618530273,27.434999465942383,20.879066467285156,23949800
2020-02-14,27.530000686645508,27.549999237060547,27.1200008392334,27.290000915527344,20.768722534179688,25040000
2020-02-18,27.049999237060547,27.28499984741211,26.815000534057617,27.065000534057617,20.597482681274414,32629400
2020-02-19,27.2450008392334,27.53499984741211,27.094999313354492,27.424999237060547,20.871458053588867,24910800
2020-02-20,27.4950008392334,27.700000762939453,27.325000762939453,27.395000457763672,20.84862518310547,26101600
2020-02-21,27.135000228881836,27.15999984741211,26.844999313354492,27.06999969482422,20.60129737854004,27616400
2020-02-24,26.049999237060547,26.200000762939453,25.739999771118164,25.81999969482422,19.649993896484375,66075000
2020-02-25,25.889999389648438,25.90999984741211,24.520000457763672,24.68000030517578,18.782411575317383,85674600
2020-02-26,24.770000457763672,24.889999389648438,23.924999237060547,23.934999465942383,18.215438842773438,97656600
2020-02-27,23.315000534057617,23.764999389648438,22.645000457763672,22.655000686645508,17.241313934326172,122557400
2020-02-28,21.940000534057617,22.920000076293945,21.760000228881836,22.635000228881836,17.22608757019043,137511600
2020-03-02,23.139999389648438,23.579999923706055,22.46500015258789,23.549999237060547,17.922435760498047,73285400
2020-03-03,23.684999465942383,23.9950008392334,22.575000762939453,22.829999923706055,17.374494552612305,97190600
2020-03-04,23.31999969482422,23.375,22.834999084472656,23.3700008392334,17.78545570373535,48969000
2020-03-05,22.700000762939453,22.80500030517578,22.139999389648438,22.514999389648438,17.134765625,58774600
2020-03-06,21.75,21.94499969482422,20.93000030517578,21.25,16.17205238342285,123034800
2020-03-09,17.53499984741211,18.21500015258789,16.864999771118164,16.969999313354492,12.91480827331543,133113800
2020-03-10,18.334999084472656,18.40999984741211,16.68000030517578,17.774999618530273,13.527445793151855,96862200
2020-03-11,17.225000381469727,17.524999618530273,16.565000534057617,16.834999084472656,12.8120698928833,86954600
2020-03-12,15.595000267028809,16.0,14.6899995803833,14.734999656677246,11.213890075683594,77658200
2020-03-13,15.979999542236328,16.110000610351562,14.399999618530273,16.094999313354492,12.248902320861816,68196800
2020-03-16,13.975000381469727,15.5600004196167,13.835000038146973,13.904999732971191,10.58222770690918,80467200
2020-03-17,14.039999961853027,14.59000015258789,13.475000381469727,14.0,10.654531478881836,90887200
2020-03-18,13.020000457763672,13.289999961853027,11.4399995803833,11.989999771118164,9.124841690063477,104271600
2020-03-19,12.164999961853027,12.854999542236328,11.489999771118164,12.805000305175781,9.745088577270508,104453000
2020-03-20,13.130000114440918,13.420000076293945,12.380000114440918,12.930000305175781,9.840215682983398,116714400
2020-03-23,12.5649995803833,12.645000457763672,11.574999809265137,11.78499984741211,9.169522285461426,96520400
2020-03-24,12.699999809265137,13.744999885559082,12.699999809265137,13.675000190734863,10.640069961547852,89022200
2020-03-25,13.975000381469727,15.0,13.369999885559082,14.319999694824219,11.141922950744629,104869800
2020-03-26,14.46500015258789,15.5,14.28499984741211,15.194999694824219,11.822732925415039,93836200
2020-03-27,14.5600004196167,14.604999542236328,14.079999923706055,14.164999961853027,11.02132511138916,73056800
2020-03-30,13.975000381469727,14.4350004196167,13.545000076293945,14.3100004196167,11.13414478302002,84254800
2020-03-31,14.710000038146973,15.0,14.239999771118164,14.529999732971191,11.305316925048828,68701200
2020-04-01,14.0600004196167,14.239999771118164,13.614999771118164,13.8100004196167,10.745109558105469,47653000
2020-04-02,14.505000114440918,15.880000114440918,14.130000114440918,15.074999809265137,11.729365348815918,146256200
2020-04-03,15.550000190734863,15.654999732971191,14.489999771118164,14.914999961853027,11.604873657226562,127668600
2020-04-06,15.25,15.8100004196167,15.045000076293945,15.704999923706055,12.219549179077148,76041400
2020-04-07,16.479999542236328,16.934999465942383,16.010000228881836,16.040000915527344,12.480201721191406,103019000
2020-04-08,16.3799991607666,17.165000915527344,16.2450008392334,17.110000610351562,13.312731742858887,83811600
2020-04-09,17.770000457763672,18.229999542236328,16.309999465942383,16.954999923706055,13.192132949829102,182655200
2020-04-13,17.545000076293945,17.610000610351562,16.6299991607666,16.899999618530273,13.14933967590332,67685600
2020-04-14,16.985000610351562,17.190000534057617,16.709999084472656,16.81999969482422,13.087090492248535,72648200
2020-04-15,16.149999618530273,16.190000534057617,15.529999732971191,16.030000686645508,12.472418785095215,73421000
2020-04-16,15.989999771118164,16.040000915527344,15.324999809265137,15.345000267028809,11.939445495605469,64605800
2020-04-17,15.664999961853027,16.9950008392334,15.654999732971191,16.975000381469727,13.207694053649902,91706800
2020-04-20,15.975000381469727,17.049999237060547,15.890000343322754,16.44499969482422,12.795318603515625,112790000
2020-04-21,15.970000267028809,16.450000762939453,15.694999694824219,16.155000686645508,12.56967830657959,120861600
2020-04-22,16.885000228881836,16.9950008392334,16.5049991607666,16.729999542236328,13.01706600189209,73753200
2020-04-23,17.239999771118164,17.674999237060547,17.06999969482422,17.270000457763672,13.437222480773926,83207200
2020-04-24,17.614999771118164,17.770000457763672,17.03499984741211,17.309999465942383,13.468344688415527,64859200
2020-04-27,17.18000030517578,17.809999465942383,16.790000915527344,17.684999465942383,13.760120391845703,46576000
2020-04-28,17.950000762939453,18.200000762939453,17.65999984741211,18.09000015258789,14.075235366821289,59138000
2020-04-29,18.684999465942383,19.4950008392334,18.670000076293945,19.43000030517578,15.117852210998535,71075000
2020-04-30,19.540000915527344,19.540000915527344,18.719999313354492,19.0,14.78327751159668,84040200
2020-05-01,18.610000610351562,18.75,17.704999923706055,17.924999237060547,13.946857452392578,58531800
2020-05-04,17.594999313354492,18.559999465942383,17.510000228881836,18.545000076293945,14.429255485534668,52780400
2020-05-05,19.30500030517578,19.459999084472656,18.4950008392334,18.559999465942383,14.440930366516113,68733400
2020-05-06,18.649999618530273,18.809999465942383,18.059999465942383,18.075000762939453,14.063569068908691,47350200
2020-05-07,18.584999084472656,18.895000457763672,18.415000915527344,18.545000076293945,14.429255485534668,48469400
2020-05-08,18.979999542236328,19.399999618530273,18.8700008392334,19.389999389648438,15.086726188659668,49646200
2020-05-11,19.260000228881836,19.315000534057617,18.959999084472656,19.049999237060547,14.822181701660156,46531400
2020-05-12,19.239999771118164,19.264999389648438,18.690000534057617,18.71500015258789,14.561528205871582,56129000
2020-05-13,18.59000015258789,18.614999771118164,17.735000610351562,17.864999771118164,13.900174140930176,68994800
2020-05-14,17.549999237060547,18.235000610351562,17.149999618530273,18.065000534057617,14.055785179138184,61968400
2020-05-15,18.06999969482422,18.44499969482422,17.834999084472656,17.9950008392334,14.001323699951172,54427800
2020-05-18,19.024999618530273,19.59000015258789,18.975000381469727,19.46500015258789,15.145076751708984,73139600
2020-05-19,19.489999771118164,19.549999237060547,18.905000686645508,18.920000076293945,14.721030235290527,53940600
2020-05-20,19.309999465942383,19.709999084472656,19.209999084472656,19.674999237060547,15.308475494384766,54521200
2020-05-21,19.735000610351562,19.815000534057617,19.204999923706055,19.360000610351562,15.063380241394043,56241800
2020-05-22,19.204999923706055,19.260000228881836,18.844999313354492,19.239999771118164,14.97001838684082,38495000
2020-05-26,19.854999542236328,19.979999542236328,19.725000381469727,19.774999618530273,15.386283874511719,74888600
2020-05-27,20.065000534057617,20.18000030517578,19.469999313354492,20.030000686645508,15.584687232971191,71225600
2020-05-28,20.079999923706055,20.079999923706055,19.375,19.469999313354492,15.148968696594238,54356800
2020-05-29,19.299999237060547,19.524999618530273,18.975000381469727,19.3799991607666,15.07894229888916,71500400
2020-06-01,19.350000381469727,19.829999923706055,19.09000015258789,19.719999313354492,15.343489646911621,47680000
2020-06-02,19.934999465942383,20.290000915527344,19.90999984741211,20.270000457763672,15.7714262008667,50318400
2020-06-03,20.59000015258789,20.959999084472656,20.549999237060547,20.864999771118164,16.234373092651367,54601800
2020-06-04,20.75,20.950000762939453,20.450000762939453,20.8700008392334,16.238265991210938,54849400
2020-06-05,21.915000915527344,22.625,21.895000457763672,22.420000076293945,17.44426918029785,100393400
2020-06-08,23.235000610351562,23.440000534057617,22.71500015258789,23.43000030517578,18.230117797851562,95069400
2020-06-09,22.68000030517578,22.7450008392334,22.239999771118164,22.549999237060547,17.5454158782959,87399000
2020-06-10,22.34000015258789,22.360000610351562,21.43000030517578,21.440000534057617,16.6817626953125,80977000
2020-06-11,19.94499969482422,20.520000457763672,19.354999542236328,19.420000076293945,15.110066413879395,96304400
2020-06-12,20.274999618530273,20.420000076293945,19.3700008392334,19.90999984741211,15.491321563720703,85635000
2020-06-15,19.059999465942383,20.174999237060547,18.850000381469727,19.969999313354492,15.538004875183105,65694800
2020-06-16,20.920000076293945,20.950000762939453,19.959999084472656,20.545000076293945,15.985391616821289,64083800
2020-06-17,20.46500015258789,20.469999313354492,19.84000015258789,19.844999313354492,15.440746307373047,46736000
2020-06-18,19.645000457763672,20.309999465942383,19.524999618530273,20.09000015258789,15.631369590759277,36937800
2020-06-19,20.71500015258789,20.719999313354492,19.764999389648438,19.78499984741211,15.394063949584961,53934200
2020-06-22,19.440000534057617,19.690000534057617,19.209999084472656,19.625,15.465378761291504,38896400
2020-06-23,19.920000076293945,19.969999313354492,19.584999084472656,19.645000457763672,15.481141090393066,29611600
2020-06-24,19.34000015258789,19.344999313354492,18.43000030517578,18.55500030517578,14.622174263000488,64726000
2020-06-25,18.3799991607666,18.979999542236328,18.28499984741211,18.90999984741211,14.901927947998047,48034400
2020-06-26,18.774999618530273,18.774999618530273,18.170000076293945,18.2549991607666,14.385758399963379,67722200
2020-06-29,18.299999237060547,18.65999984741211,18.219999313354492,18.5,14.57883071899414,38905600
2020-06-30,18.350000381469727,19.03499984741211,18.15999984741211,18.924999237060547,14.913744926452637,41886800
2020-07-01,19.0,19.2549991607666,18.440000534057617,18.46500015258789,14.551243782043457,49146800
2020-07-02,18.844999313354492,19.104999542236328,18.6299991607666,18.670000076293945,14.712794303894043,41558400
2020-07-06,19.0,19.135000228881836,18.489999771118164,18.725000381469727,14.756139755249023,45084400
2020-07-07,18.489999771118164,18.514999389648438,18.100000381469727,18.1299991607666,14.287252426147461,41821800
2020-07-08,18.1299991607666,18.40999984741211,17.96500015258789,18.114999771118164,14.275430679321289,41301800
2020-07-09,18.03499984741211,18.084999084472656,17.200000762939453,17.219999313354492,13.570131301879883,61087200
2020-07-10,17.1200008392334,17.790000915527344,17.1200008392334,17.770000457763672,14.003557205200195,50456000
2020-07-13,17.934999465942383,18.0049991607666,17.540000915527344,17.674999237060547,13.928689956665039,74447600
2020-07-14,17.55500030517578,18.329999923706055,17.5049991607666,18.295000076293945,14.417280197143555,68442200
2020-07-15,18.760000228881836,18.809999465942383,18.415000915527344,18.690000534057617,14.728557586669922,51805000
2020-07-16,18.565000534057617,18.844999313354492,18.329999923706055,18.604999542236328,14.66157341003418,37645600
2020-07-17,18.665000915527344,18.8700008392334,18.264999389648438,18.344999313354492,14.456681251525879,35433800
2020-07-20,18.280000686645508,18.489999771118164,18.024999618530273,18.040000915527344,14.216331481933594,40153000
2020-07-21,18.350000381469727,19.274999618530273,18.325000762939453,19.1299991607666,15.075298309326172,72340400
2020-07-22,18.924999237060547,18.924999237060547,18.6200008392334,18.895000457763672,14.89011001586914,39243400
2020-07-23,18.829999923706055,18.954999923706055,18.6200008392334,18.860000610351562,14.862524032592773,42087800
2020-07-24,18.860000610351562,19.139999389648438,18.684999465942383,18.7549991607666,14.779781341552734,39901200
2020-07-27,18.729999542236328,18.860000610351562,18.4950008392334,18.774999618530273,14.795538902282715,36462000
2020-07-28,18.665000915527344,18.844999313354492,18.405000686645508,18.454999923706055,14.543367385864258,35553800
2020-07-29,18.5049991607666,18.854999542236328,18.3799991607666,18.84000015258789,14.846766471862793,34430000
2020-07-30,18.44499969482422,18.454999923706055,17.940000534057617,18.100000381469727,14.263609886169434,65667400
2020-07-31,17.825000762939453,18.03499984741211,17.649999618530273,18.014999389648438,14.196623802185059,49548200
2020-08-03,18.010000228881836,18.18000030517578,17.860000610351562,18.079999923706055,14.24785041809082,42206800
2020-08-04,18.020000457763672,18.559999465942383,18.0049991607666,18.520000457763672,14.594587326049805,45144200
2020-08-05,18.885000228881836,18.950000762939453,18.545000076293945,18.71500015258789,14.748261451721191,61517400
2020-08-06,18.610000610351562,18.780000686645508,18.4950008392334,18.565000534057617,14.63005256652832,38381400
2020-08-07,18.399999618530273,18.635000228881836,18.184999465942383,18.59000015258789,14.649747848510742,36753200
2020-08-10,18.729999542236328,19.174999237060547,18.684999465942383,19.165000915527344,15.102879524230957,52616200
2020-08-11,19.540000915527344,19.764999389648438,19.010000228881836,19.100000381469727,15.051656723022461,53026200
2020-08-12,19.389999389648438,19.514999389648438,19.084999084472656,19.290000915527344,15.20138168334961,51065400
2020-08-13,19.135000228881836,19.295000076293945,18.8700008392334,18.915000915527344,14.905871391296387,31522000
2020-08-14,18.764999389648438,19.125,18.69499969482422,19.094999313354492,15.047715187072754,26559400
2020-08-17,19.100000381469727,19.110000610351562,18.8799991607666,18.985000610351562,14.961031913757324,28511600
2020-08-18,18.915000915527344,19.100000381469727,18.690000534057617,18.7450008392334,14.77190113067627,28697600
2020-08-19,18.729999542236328,18.815000534057617,18.469999313354492,18.530000686645508,14.602474212646484,29587800
2020-08-20,18.2549991607666,18.375,18.125,18.1299991607666,14.287252426147461,38215400
2020-08-21,18.059999465942383,18.094999313354492,17.844999313354492,18.014999389648438,14.196623802185059,34695600
2020-08-24,18.125,18.639999389648438,18.014999389648438,18.510000228881836,14.586711883544922,49654000
2020-08-25,18.610000610351562,18.635000228881836,18.15999984741211,18.25,14.381818771362305,40237000
2020-08-26,18.225000381469727,18.225000381469727,17.84000015258789,17.864999771118164,14.078421592712402,36002400
2020-08-27,17.8700008392334,18.020000457763672,17.68000030517578,17.899999618530273,14.106001853942871,44519400
2020-08-28,17.969999313354492,18.274999618530273,17.8799991607666,18.219999313354492,14.358179092407227,29150200
2020-08-31,18.2450008392334,18.270000457763672,17.825000762939453,17.825000762939453,14.046899795532227,37583000
2020-09-01,17.7450008392334,17.78499984741211,17.485000610351562,17.704999923706055,13.952332496643066,36521000
2020-09-02,17.700000762939453,17.80500030517578,17.510000228881836,17.6200008392334,13.885351181030273,47700400
2020-09-03,17.584999084472656,17.950000762939453,17.385000228881836,17.489999771118164,13.782906532287598,78884600
2020-09-04,17.670000076293945,17.790000915527344,17.219999313354492,17.434999465942383,13.739561080932617,68682000
2020-09-08,17.104999542236328,17.184999465942383,16.610000610351562,16.799999237060547,13.239153861999512,98437600
2020-09-09,16.989999771118164,17.084999084472656,16.854999542236328,16.915000915527344,13.329777717590332,49955200
2020-09-10,16.96500015258789,16.985000610351562,16.264999389648438,16.295000076293945,12.841191291809082,74006600
2020-09-11,16.329999923706055,16.415000915527344,16.174999237060547,16.309999465942383,12.853011131286621,50794600
2020-09-14,16.354999542236328,16.584999084472656,16.239999771118164,16.434999465942383,12.951516151428223,38888400
2020-09-15,16.545000076293945,16.69499969482422,16.264999389648438,16.315000534057617,12.856952667236328,51220800
2020-09-16,16.459999084472656,17.190000534057617,16.31999969482422,16.969999313354492,13.373119354248047,71772200
2020-09-17,16.700000762939453,17.010000228881836,16.53499984741211,16.9950008392334,13.392822265625,44713400
2020-09-18,16.985000610351562,16.9950008392334,16.635000228881836,16.80500030517578,13.243094444274902,52812800
2020-09-21,16.1299991607666,16.170000076293945,15.71500015258789,15.984999656677246,12.804137229919434,61439200
2020-09-22,15.994999885559082,16.25,15.789999961853027,15.819999694824219,12.67197322845459,44697400
2020-09-23,15.880000114440918,15.9399995803833,15.085000038146973,15.104999542236328,12.099250793457031,52969200
2020-09-24,15.050000190734863,15.375,14.770000457763672,15.100000381469727,12.095244407653809,70487600
2020-09-25,14.944999694824219,15.204999923706055,14.850000381469727,15.09000015258789,12.087234497070312,55116800
2020-09-28,15.364999771118164,15.614999771118164,15.345000267028809,15.444999694824219,12.371593475341797,52752000
2020-09-29,15.399999618530273,15.4350004196167,14.869999885559082,15.020000457763672,12.03116512298584,47601800
2020-09-30,15.114999771118164,15.289999961853027,14.904999732971191,14.975000381469727,11.995121002197266,49149000
2020-10-01,14.8100004196167,14.875,14.425000190734863,14.515000343322754,11.626656532287598,56730400
2020-10-02,14.125,14.779999732971191,14.100000381469727,14.654999732971191,11.738795280456543,57410400
2020-10-05,14.78499984741211,15.104999542236328,14.75,15.095000267028809,12.091241836547852,63144400
2020-10-06,15.3149995803833,15.399999618530273,14.829999923706055,14.869999885559082,11.911014556884766,62223200
2020-10-07,14.954999923706055,15.119999885559082,14.78499984741211,15.079999923706055,12.0792236328125,42086000
2020-10-08,15.204999923706055,15.654999732971191,15.135000228881836,15.645000457763672,12.5317964553833,61126200
2020-10-09,15.78499984741211,15.824999809265137,15.369999885559082,15.395000457763672,12.331544876098633,51035800
2020-10-12,15.345000267028809,15.489999771118164,15.1850004196167,15.4350004196167,12.363584518432617,33369200
2020-10-13,15.4350004196167,15.524999618530273,15.149999618530273,15.194999694824219,12.171340942382812,50767600
2020-10-14,15.229999542236328,15.614999771118164,15.199999809265137,15.260000228881836,12.223408699035645,54488000
2020-10-15,15.0,15.449999809265137,14.864999771118164,15.444999694824219,12.371593475341797,40707800
2020-10-16,15.414999961853027,15.4350004196167,15.069999694824219,15.095000267028809,12.091241836547852,37423000
2020-10-19,15.149999618530273,15.225000381469727,14.760000228881836,14.774999618530273,11.834916114807129,50372000
2020-10-20,14.859999656677246,15.079999923706055,14.760000228881836,14.949999809265137,11.97509479522705,45980600
2020-10-21,14.864999771118164,14.949999809265137,14.65999984741211,14.664999961853027,11.746807098388672,49315200
2020-10-22,14.6899995803833,15.289999961853027,14.595000267028809,15.270000457763672,12.231419563293457,65648400
2020-10-23,15.350000381469727,15.4399995803833,15.005000114440918,15.194999694824219,12.171340942382812,49975400
2020-10-26,14.9350004196167,14.954999923706055,14.505000114440918,14.649999618530273,11.734789848327637,60802000
2020-10-27,14.635000228881836,14.640000343322754,14.425000190734863,14.460000038146973,11.582597732543945,43193600
2020-10-28,14.104999542236328,14.194999694824219,13.774999618530273,13.854999542236328,11.097989082336426,81098200
2020-10-29,13.675000190734863,14.324999809265137,13.489999771118164,14.279999732971191,11.438420295715332,74504200
2020-10-30,14.180000305175781,14.369999885559082,14.015000343322754,14.359999656677246,11.502495765686035,75799400
2020-11-02,14.555000305175781,15.045000076293945,14.28499984741211,14.850000381469727,11.894993782043457,83786200
2020-11-03,15.100000381469727,15.109999656677246,14.630000114440918,14.765000343322754,11.826908111572266,69755000
2020-11-04,14.78499984741211,15.140000343322754,14.385000228881836,14.78499984741211,11.842928886413574,87227400
2020-11-05,14.805000305175781,15.079999923706055,14.755000114440918,14.78499984741211,11.842928886413574,63591600
2020-11-06,14.78499984741211,15.005000114440918,14.404999732971191,14.46500015258789,11.5866060256958,66446400
2020-11-09,16.200000762939453,16.895000457763672,16.149999618530273,16.530000686645508,13.240689277648926,198713400
2020-11-10,16.84000015258789,17.065000534057617,16.489999771118164,17.065000534057617,13.669233322143555,146676200
2020-11-11,17.25,17.28499984741211,16.729999542236328,16.889999389648438,13.529051780700684,93085000
2020-11-12,16.594999313354492,16.829999923706055,16.170000076293945,16.344999313354492,13.092501640319824,77169600
2020-11-13,16.469999313354492,17.024999618530273,16.450000762939453,16.940000534057617,13.569104194641113,78865400
2020-11-16,17.65999984741211,18.094999313354492,17.44499969482422,18.05500030517578,14.462230682373047,95865400
2020-11-17,17.81999969482422,18.25,17.584999084472656,18.239999771118164,14.610417366027832,78020200
2020-11-18,18.395000457763672,18.46500015258789,17.709999084472656,17.709999084472656,14.185881614685059,82000400
2020-11-19,17.584999084472656,18.03499984741211,17.405000686645508,18.0,14.418174743652344,65872400
2020-11-20,17.954999923706055,18.03499984741211,17.780000686645508,17.905000686645508,14.342076301574707,39506400
2020-11-23,18.184999465942383,19.19499969482422,18.165000915527344,19.170000076293945,15.355354309082031,76324600
2020-11-24,19.815000534057617,20.209999084472656,19.639999389648438,20.155000686645508,16.144350051879883,106932000
2020-11-25,20.024999618530273,20.024999618530273,19.575000762939453,19.684999465942383,15.767878532409668,71352400
2020-11-27,19.575000762939453,19.735000610351562,19.299999237060547,19.454999923706055,15.58364200592041,37510800
2020-11-30,19.239999771118164,19.264999389648438,18.350000381469727,18.3799991607666,14.722557067871094,83087200
2020-12-01,18.889999389648438,18.9950008392334,18.434999465942383,18.46500015258789,14.790643692016602,68935600
2020-12-02,18.405000686645508,19.354999542236328,18.344999313354492,19.065000534057617,15.271248817443848,75483600
2020-12-03,19.149999618530273,19.5,18.954999923706055,19.264999389648438,15.431451797485352,72975400
2020-12-04,19.614999771118164,20.329999923706055,19.614999771118164,20.315000534057617,16.272510528564453,103700400
2020-12-07,20.075000762939453,20.1200008392334,19.649999618530273,19.84000015258789,15.8920316696167,69313200
2020-12-08,19.594999313354492,20.334999084472656,19.59000015258789,20.135000228881836,16.128326416015625,57854600
2020-12-09,20.34000015258789,20.670000076293945,19.934999465942383,20.18000030517578,16.164379119873047,86691800
2020-12-10,20.204999923706055,21.040000915527344,20.149999618530273,20.799999237060547,16.661001205444336,77604400
2020-12-11,20.65999984741211,20.665000915527344,20.270000457763672,20.559999465942383,16.468759536743164,56152200
2020-12-14,20.875,20.8799991607666,19.764999389648438,19.84000015258789,15.8920316696167,79884400
2020-12-15,19.950000762939453,20.329999923706055,19.764999389648438,20.229999542236328,16.20442771911621,58671800
2020-12-16,20.280000686645508,20.354999542236328,19.989999771118164,20.1299991607666,16.124324798583984,47628800
2020-12-17,20.309999465942383,20.315000534057617,19.915000915527344,20.03499984741211,16.048227310180664,46363400
2020-12-18,19.9950008392334,20.104999542236328,19.545000076293945,19.700000762939453,15.779895782470703,73140400
2020-12-21,18.704999923706055,19.229999542236328,18.510000228881836,19.065000534057617,15.475496292114258,80158800
2020-12-22,19.024999618530273,19.09000015258789,18.725000381469727,18.7450008392334,15.215744972229004,50185800
2020-12-23,18.905000686645508,19.424999237060547,18.899999618530273,19.15999984741211,15.552607536315918,53931800
2020-12-24,19.184999465942383,19.184999465942383,18.8700008392334,19.059999465942383,15.471436500549316,22903000
2020-12-28,19.1299991607666,19.3700008392334,18.885000228881836,18.940000534057617,15.374029159545898,37824600
2020-12-29,19.05500030517578,19.110000610351562,18.725000381469727,18.815000534057617,15.272564888000488,37968600
2020-12-30,18.829999923706055,19.290000915527344,18.78499984741211,19.110000610351562,15.512022018432617,56436600
2020-12-31,19.024999618530273,19.104999542236328,18.864999771118164,18.950000762939453,15.382145881652832,36309800
2021-01-04,19.170000076293945,19.329999923706055,18.7549991607666,18.979999542236328,15.406496047973633,67717600
2021-01-05,19.184999465942383,20.350000381469727,19.170000076293945,19.829999923706055,16.096458435058594,95473400
2021-01-06,20.219999313354492,20.625,19.959999084472656,20.434999465942383,16.587553024291992,86262800
2021-01-07,20.614999771118164,20.94499969482422,20.399999618530273,20.735000610351562,16.83106803894043,51457200
2021-01-08,21.0,21.0,20.545000076293945,20.709999084472656,16.810779571533203,62744000
2021-01-11,20.260000228881836,21.1200008392334,20.145000457763672,21.03499984741211,17.074588775634766,46890400
2021-01-12,21.290000915527344,21.885000228881836,21.1299991607666,21.770000457763672,17.671207427978516,87947200
2021-01-13,21.844999313354492,21.854999542236328,21.434999465942383,21.600000381469727,17.533212661743164,54764400
2021-01-14,21.735000610351562,22.5,21.71500015258789,22.239999771118164,18.05271339416504,83314600
2021-01-15,21.844999313354492,21.850000381469727,21.165000915527344,21.375,17.350576400756836,95497000
2021-01-19,21.635000228881836,21.954999923706055,21.565000534057617,21.80500030517578,17.699617385864258,55619400
2021-01-20,21.989999771118164,22.045000076293945,21.670000076293945,21.885000228881836,17.76455307006836,50725600
2021-01-21,21.764999389648438,21.875,20.950000762939453,21.145000457763672,17.16387367248535,59968000
2021-01-22,20.68000030517578,21.094999313354492,20.510000228881836,21.03499984741211,17.074588775634766,50444600
2021-01-25,20.80500030517578,20.885000228881836,20.440000534057617,20.81999969482422,16.900068283081055,81823200
2021-01-26,21.0049991607666,21.31999969482422,20.364999771118164,20.375,16.538850784301758,54999600
2021-01-27,20.040000915527344,20.65999984741211,19.7549991607666,20.100000381469727,16.31562614440918,99867200
2021-01-28,20.264999389648438,20.579999923706055,20.079999923706055,20.334999084472656,16.506380081176758,57248200
2021-01-29,20.049999237060547,20.309999465942383,19.584999084472656,19.65999984741211,15.95846939086914,63069000
2021-02-01,19.899999618530273,20.0,19.469999313354492,19.799999237060547,16.07210922241211,61021400
2021-02-02,20.274999618530273,20.4950008392334,20.014999389648438,20.014999389648438,16.24662971496582,63929000
2021-02-03,20.1200008392334,20.924999237060547,20.045000076293945,20.8700008392334,16.940656661987305,74385600
2021-02-04,21.024999618530273,21.104999542236328,20.655000686645508,21.100000381469727,17.127347946166992,48327800
2021-02-05,21.43000030517578,21.5,21.219999313354492,21.280000686645508,17.27345848083496,48196400
2021-02-08,21.59000015258789,22.274999618530273,21.56999969482422,22.170000076293945,17.995895385742188,62368200
2021-02-09,21.9950008392334,22.065000534057617,21.645000457763672,21.934999465942383,17.805139541625977,64798800
2021-02-10,22.010000228881836,22.375,21.8700008392334,22.354999542236328,18.14606475830078,58451000
2021-02-11,22.28499984741211,22.290000915527344,21.545000076293945,22.010000228881836,17.86601448059082,49632600
2021-02-12,21.854999542236328,22.354999542236328,21.815000534057617,22.334999084472656,18.12982749938965,47400800
2021-02-16,22.850000381469727,23.15999984741211,22.735000610351562,22.895000457763672,18.584392547607422,76593400
2021-02-17,23.1299991607666,23.385000228881836,22.795000076293945,23.235000610351562,18.86037826538086,68964400
2021-02-18,23.135000228881836,23.18000030517578,22.639999389648438,22.709999084472656,18.434223175048828,61360200
2021-02-19,22.739999771118164,23.18000030517578,22.71500015258789,23.09000015258789,18.74267578125,54404200
2021-02-22,23.2450008392334,24.235000610351562,23.204999923706055,23.889999389648438,19.392059326171875,75644600
2021-02-23,24.174999237060547,24.354999542236328,23.2549991607666,24.28499984741211,19.71268653869629,98370800
2021-02-24,24.44499969482422,25.290000915527344,24.239999771118164,25.145000457763672,20.410770416259766,77748800
2021-02-25,25.405000686645508,25.405000686645508,24.489999771118164,24.65999984741211,20.01708984375,75887800
2021-02-26,24.329999923706055,24.399999618530273,23.364999771118164,24.075000762939453,19.542226791381836,90308800
2021-03-01,24.709999084472656,25.040000915527344,24.530000686645508,24.700000762939453,20.049551010131836,69391600
2021-03-02,24.790000915527344,24.989999771118164,24.549999237060547,24.565000534057617,19.939971923828125,74468200
2021-03-03,24.7450008392334,25.489999771118164,24.739999771118164,24.924999237060547,20.23219108581543,82574400
2021-03-04,25.149999618530273,25.979999542236328,24.915000915527344,25.520000457763672,20.715167999267578,107573800
2021-03-05,26.2450008392334,26.53499984741211,25.59000015258789,26.475000381469727,21.4903621673584,112395800
2021-03-08,26.735000610351562,26.875,26.139999389648438,26.524999618530273,21.53094482421875,100610000
2021-03-09,26.375,26.7549991607666,25.875,26.059999465942383,21.15349006652832,118889600
2021-03-10,26.100000381469727,26.809999465942383,25.975000381469727,26.719999313354492,21.68922996520996,78416600
2021-03-11,26.774999618530273,27.184999465942383,26.670000076293945,26.729999542236328,21.697349548339844,50797400
2021-03-12,26.780000686645508,27.024999618530273,26.584999084472656,26.78499984741211,21.74199867248535,59786800
2021-03-15,26.725000381469727,26.799999237060547,26.15999984741211,26.479999542236328,21.494421005249023,60452600
2021-03-16,26.040000915527344,26.065000534057617,25.565000534057617,25.725000381469727,20.88156509399414,77287000
2021-03-17,25.649999618530273,26.049999237060547,25.43000030517578,25.924999237060547,21.04391098022461,64552200
2021-03-18,25.69499969482422,25.809999465942383,24.655000686645508,24.760000228881836,20.098251342773438,87207200
2021-03-19,24.75,25.174999237060547,24.43000030517578,24.764999389648438,20.102312088012695,81158600
2021-03-22,24.450000762939453,24.545000076293945,24.219999313354492,24.270000457763672,19.909536361694336,59561800
2021-03-23,23.780000686645508,24.450000762939453,23.6299991607666,23.915000915527344,19.61832046508789,103196200
2021-03-24,24.280000686645508,24.844999313354492,24.280000686645508,24.514999389648438,20.110517501831055,81630800
2021-03-25,24.104999542236328,24.674999237060547,23.71500015258789,24.604999542236328,20.18434715270996,80670200
2021-03-26,25.049999237060547,25.25,24.764999389648438,25.21500015258789,20.68475341796875,72348600
2021-03-29,25.0,25.1299991607666,24.610000610351562,24.915000915527344,20.43865203857422,47286200
2021-03-30,24.65999984741211,24.96500015258789,24.514999389648438,24.700000762939453,20.262277603149414,53392200
2021-03-31,24.649999618530273,24.760000228881836,24.434999465942383,24.530000686645508,20.122825622558594,48097400
2021-04-01,24.639999389648438,25.165000915527344,24.510000228881836,25.155000686645508,20.635534286499023,65039600
2021-04-05,25.104999542236328,25.110000610351562,24.40999984741211,24.55500030517578,20.14333152770996,53372200
2021-04-06,24.674999237060547,25.0049991607666,24.450000762939453,24.489999771118164,20.090007781982422,53257800
2021-04-07,24.5,24.700000762939453,24.40999984741211,24.575000762939453,20.159738540649414,49888600
2021-04-08,24.399999618530273,24.405000686645508,23.975000381469727,24.2549991607666,19.897228240966797,63766600
2021-04-09,24.25,24.459999084472656,23.985000610351562,24.094999313354492,19.765979766845703,44373400
2021-04-12,24.30500030517578,24.479999542236328,23.81999969482422,23.905000686645508,19.6101131439209,39196200
2021-04-13,23.864999771118164,24.059999465942383,23.690000534057617,23.93000030517578,19.63062286376953,44825400
2021-04-14,24.139999389648438,24.920000076293945,24.114999771118164,24.594999313354492,20.176143646240234,66767800
2021-04-15,24.625,24.625,24.295000076293945,24.395000457763672,20.0120792388916,49686200
2021-04-16,24.575000762939453,24.635000228881836,24.100000381469727,24.200000762939453,19.852109909057617,57189000
2021-04-19,24.25,24.43000030517578,23.940000534057617,24.174999237060547,19.83160400390625,40827800
2021-04-20,24.09000015258789,24.125,23.295000076293945,23.53499984741211,19.306589126586914,72574000
2021-04-21,23.235000610351562,23.920000076293945,23.125,23.834999084472656,19.552688598632812,56991000
2021-04-22,23.950000762939453,23.959999084472656,23.475000381469727,23.55500030517578,19.322996139526367,50062800
2021-04-23,23.575000762939453,23.875,23.434999465942383,23.770000457763672,19.49936866760254,33897800
2021-04-26,23.68000030517578,24.110000610351562,23.68000030517578,23.93000030517578,19.63062286376953,35891800
2021-04-27,24.020000457763672,24.30500030517578,23.90999984741211,24.219999313354492,19.868520736694336,42268800
2021-04-28,24.399999618530273,25.149999618530273,24.3799991607666,25.05500030517578,20.553497314453125,65874000
2021-04-29,25.415000915527344,25.645000457763672,25.024999618530273,25.334999084472656,20.783191680908203,66042400
2021-04-30,24.975000381469727,25.31999969482422,24.639999389648438,24.69499969482422,20.258180618286133,58519000
2021-05-03,24.979999542236328,25.440000534057617,24.899999618530273,25.375,20.816007614135742,45740000
2021-05-04,25.424999237060547,25.614999771118164,25.100000381469727,25.389999389648438,20.828310012817383,53917600
2021-05-05,25.704999923706055,26.290000915527344,25.704999923706055,26.209999084472656,21.500986099243164,79621200
2021-05-06,26.204999923706055,26.344999313354492,25.719999313354492,26.344999313354492,21.611732482910156,58710400
2021-05-07,26.075000762939453,26.860000610351562,25.979999542236328,26.815000534057617,21.997289657592773,63196200
2021-05-10,27.149999618530273,27.56999969482422,26.80500030517578,26.825000762939453,22.005496978759766,68998000
2021-05-11,26.264999389648438,26.639999389648438,25.905000686645508,26.135000228881836,21.4394588470459,113531800
2021-05-12,26.270000457763672,27.03499984741211,26.139999389648438,26.260000228881836,21.54200553894043,82195600
2021-05-13,25.94499969482422,26.424999237060547,25.59000015258789,25.940000534057617,21.279495239257812,79698200
2021-05-14,26.225000381469727,26.844999313354492,26.225000381469727,26.7450008392334,21.939865112304688,57183600
2021-05-17,26.649999618530273,27.375,26.610000610351562,27.364999771118164,22.44847297668457,67404200
2021-05-18,27.325000762939453,27.424999237060547,26.68000030517578,26.729999542236328,21.927560806274414,70435400
2021-05-19,26.104999542236328,26.360000610351562,25.700000762939453,26.065000534057617,21.382034301757812,87969600
2021-05-20,26.05500030517578,26.145000457763672,25.655000686645508,26.024999618530273,21.349224090576172,56522600
2021-05-21,26.28499984741211,26.469999313354492,26.059999465942383,26.079999923706055,21.394344329833984,50539800
2021-05-24,26.260000228881836,26.399999618530273,25.96500015258789,26.34000015258789,21.607633590698242,48020400
2021-05-25,26.274999618530273,26.344999313354492,25.764999389648438,25.80500030517578,21.168746948242188,48558600
2021-05-26,25.829999923706055,26.1299991607666,25.709999084472656,26.03499984741211,21.35742950439453,39554400
2021-05-27,26.139999389648438,26.375,25.90999984741211,26.05500030517578,21.37383270263672,39053600
2021-05-28,26.200000762939453,26.235000610351562,25.96500015258789,26.104999542236328,21.414846420288086,37125400
2021-06-01,26.6200008392334,27.170000076293945,26.604999542236328,27.110000610351562,22.239288330078125,72570200
2021-06-02,27.274999618530273,27.7450008392334,26.954999923706055,27.614999771118164,22.6535587310791,67893400
2021-06-03,27.5,27.844999313354492,27.325000762939453,27.690000534057617,22.71508026123047,58761600
2021-06-04,27.8700008392334,27.989999771118164,27.46500015258789,27.875,22.866846084594727,52658800
2021-06-07,27.8700008392334,28.040000915527344,27.71500015258789,27.7549991607666,22.768400192260742,40070400
2021-06-08,27.65999984741211,28.045000076293945,27.329999923706055,27.9950008392334,22.965286254882812,57553000
2021-06-09,28.075000762939453,28.19499969482422,27.80500030517578,27.81999969482422,22.82172966003418,56052200
2021-06-10,28.19499969482422,28.325000762939453,27.489999771118164,27.78499984741211,22.793014526367188,57353800
2021-06-11,27.885000228881836,28.040000915527344,27.655000686645508,27.690000534057617,22.71508026123047,38091400
2021-06-14,27.790000915527344,27.959999084472656,27.344999313354492,27.56999969482422,22.616641998291016,37745000
2021-06-15,27.7450008392334,28.170000076293945,27.674999237060547,28.094999313354492,23.047319412231445,64285000
2021-06-16,28.049999237060547,28.274999618530273,27.700000762939453,27.94499969482422,22.924270629882812,60786400
2021-06-17,27.875,28.110000610351562,26.6299991607666,26.9950008392334,22.144947052001953,106941800
2021-06-18,26.43000030517578,26.764999389648438,26.174999237060547,26.19499969482422,21.488683700561523,113812200
2021-06-21,26.145000457763672,27.084999084472656,26.145000457763672,27.03499984741211,22.404417037963867,84366800
2021-06-22,26.969999313354492,27.31999969482422,26.674999237060547,27.21500015258789,22.553586959838867,48344400
2021-06-23,27.46500015258789,27.774999618530273,27.239999771118164,27.290000915527344,22.61574363708496,40553000
2021-06-24,27.415000915527344,27.545000076293945,27.149999618530273,27.524999618530273,22.810487747192383,41756800
2021-06-25,27.600000381469727,27.684999465942383,27.44499969482422,27.670000076293945,22.930652618408203,38330000
2021-06-28,27.549999237060547,27.565000534057617,26.625,26.735000610351562,22.15580177307129,65702800
2021-06-29,26.895000457763672,27.045000076293945,26.56999969482422,26.604999542236328,22.048067092895508,31911000
2021-06-30,26.684999465942383,27.014999389648438,26.65999984741211,26.934999465942383,22.321542739868164,47034000
2021-07-01,27.549999237060547,27.635000228881836,27.149999618530273,27.405000686645508,22.711040496826172,47251600
2021-07-02,27.290000915527344,27.434999465942383,27.05500030517578,27.344999313354492,22.661317825317383,30471800
2021-07-06,27.2549991607666,27.30500030517578,26.344999313354492,26.454999923706055,21.923757553100586,68446200
2021-07-07,26.415000915527344,26.65999984741211,25.735000610351562,26.024999618530273,21.56740951538086,60823800
2021-07-08,25.565000534057617,26.1200008392334,25.475000381469727,25.875,21.443103790283203,49379800
2021-07-09,26.204999923706055,26.44499969482422,25.899999618530273,26.424999237060547,21.89889907836914,51206000
2021-07-12,26.125,26.545000076293945,25.940000534057617,26.385000228881836,21.865747451782227,41353000
2021-07-13,26.2549991607666,26.420000076293945,26.030000686645508,26.184999465942383,21.70000648498535,49786800
2021-07-14,26.264999389648438,26.56999969482422,25.30500030517578,25.405000686645508,21.053607940673828,66999400
2021-07-15,25.1299991607666,25.434999465942383,24.93000030517578,25.049999237060547,20.759410858154297,59670800
2021-07-16,25.239999771118164,25.25,24.295000076293945,24.34000015258789,20.1710205078125,74253800
2021-07-19,23.510000228881836,23.815000534057617,23.149999618530273,23.479999542236328,19.45831871032715,114994800
2021-07-20,23.489999771118164,24.045000076293945,23.290000915527344,23.795000076293945,19.7193660736084,83342000
2021-07-21,24.264999389648438,24.825000762939453,24.209999084472656,24.625,20.407203674316406,82042600
2021-07-22,24.600000381469727,24.600000381469727,24.139999389648438,24.350000381469727,20.17930793762207,47270000
2021-07-23,24.43000030517578,24.440000534057617,24.014999389648438,24.260000228881836,20.104721069335938,46951800
2021-07-26,24.31999969482422,24.959999084472656,24.274999618530273,24.860000610351562,20.601951599121094,47266200
2021-07-27,24.665000915527344,24.704999923706055,24.34000015258789,24.6299991607666,20.41135025024414,46888400
2021-07-28,24.69499969482422,25.059999465942383,24.469999313354492,24.854999542236328,20.597810745239258,39169200
2021-07-29,25.174999237060547,25.28499984741211,24.94499969482422,25.094999313354492,20.79669952392578,43794000
2021-07-30,25.045000076293945,25.149999618530273,24.545000076293945,24.69499969482422,20.46521759033203,49600600
2021-08-02,24.709999084472656,25.309999465942383,24.469999313354492,24.510000228881836,20.311901092529297,57810800
2021-08-03,24.43000030517578,24.979999542236328,24.200000762939453,24.93000030517578,20.659961700439453,64302000
2021-08-04,24.479999542236328,24.78499984741211,24.219999313354492,24.2549991607666,20.100576400756836,64523800
2021-08-05,24.405000686645508,24.829999923706055,24.299999237060547,24.530000686645508,20.328474044799805,45800000
2021-08-06,24.739999771118164,24.950000762939453,24.6200008392334,24.7549991607666,20.514934539794922,36214800
2021-08-09,24.424999237060547,24.600000381469727,24.239999771118164,24.405000686645508,20.224885940551758,42193400
2021-08-10,24.53499984741211,24.899999618530273,24.5049991607666,24.834999084472656,20.581233978271484,53283000
2021-08-11,24.770000457763672,25.075000762939453,24.614999771118164,25.030000686645508,20.742835998535156,47686200
2021-08-12,25.010000228881836,25.145000457763672,24.700000762939453,25.0049991607666,20.72211456298828,36517200
2021-08-13,25.020000457763672,25.020000457763672,24.649999618530273,24.709999084472656,20.477645874023438,33050800
2021-08-16,24.375,24.385000228881836,24.040000915527344,24.2549991607666,20.100576400756836,48258400
2021-08-17,24.020000457763672,24.395000457763672,23.790000915527344,24.0049991607666,19.89339828491211,51108200
2021-08-18,24.0,24.190000534057617,23.475000381469727,23.5049991607666,19.479034423828125,56305800
2021-08-19,23.100000381469727,23.25,22.56999969482422,22.895000457763672,18.97352409362793,99256200
2021-08-20,22.684999465942383,23.09000015258789,22.584999084472656,22.94499969482422,19.014957427978516,61587600
2021-08-23,23.5,23.8700008392334,23.450000762939453,23.80500030517578,19.727649688720703,58704400
2021-08-24,24.0049991607666,24.325000762939453,23.96500015258789,24.200000762939453,20.05499839782715,45382200
2021-08-25,24.149999618530273,24.520000457763672,23.989999771118164,24.385000228881836,20.208316802978516,39817600
2021-08-26,24.2450008392334,24.3799991607666,23.975000381469727,24.014999389648438,19.90168571472168,41465400
2021-08-27,24.315000534057617,24.81999969482422,24.260000228881836,24.655000686645508,20.43206787109375,46202600
2021-08-30,24.75,24.844999313354492,24.354999542236328,24.364999771118164,20.191734313964844,31817800
2021-08-31,24.2450008392334,24.46500015258789,24.139999389648438,24.200000762939453,20.05499839782715,53873200
2021-09-01,24.174999237060547,24.315000534057617,23.7549991607666,23.844999313354492,19.760801315307617,63459800
2021-09-02,24.065000534057617,24.645000457763672,24.065000534057617,24.450000762939453,20.26218032836914,61635400
2021-09-03,24.399999618530273,24.579999923706055,24.19499969482422,24.309999465942383,20.146154403686523,39162800
2021-09-07,24.19499969482422,24.5,24.075000762939453,24.165000915527344,20.025991439819336,42472800
2021-09-08,24.299999237060547,24.459999084472656,23.84000015258789,23.854999542236328,19.769088745117188,43798400
2021-09-09,23.69499969482422,24.280000686645508,23.56999969482422,23.905000686645508,19.810529708862305,50529600
2021-09-10,24.274999618530273,24.325000762939453,23.81999969482422,23.895000457763672,19.8022403717041,37513000
2021-09-13,24.204999923706055,24.7450008392334,24.204999923706055,24.579999923706055,20.369915008544922,68499600
2021-09-14,24.799999237060547,24.844999313354492,24.1200008392334,24.225000381469727,20.075716018676758,58935800
2021-09-15,24.56999969482422,25.149999618530273,24.530000686645508,25.1299991607666,20.82570457458496,76695000
2021-09-16,25.104999542236328,25.110000610351562,24.709999084472656,24.844999313354492,20.589521408081055,60643800
2021-09-17,24.719999313354492,25.110000610351562,24.594999313354492,24.65999984741211,20.436206817626953,64459000
2021-09-20,23.774999618530273,23.905000686645508,23.235000610351562,23.6200008392334,19.812152862548828,85660000
2021-09-21,23.899999618530273,24.024999618530273,23.424999237060547,23.674999237060547,19.85828399658203,51323400
2021-09-22,24.075000762939453,24.690000534057617,24.075000762939453,24.405000686645508,20.470603942871094,79252200
2021-09-23,24.540000915527344,25.334999084472656,24.424999237060547,25.260000228881836,21.187763214111328,49734200
2021-09-24,25.125,25.579999923706055,25.075000762939453,25.450000762939453,21.34713363647461,55503000
2021-09-27,26.010000228881836,26.459999084472656,25.975000381469727,26.354999542236328,22.106231689453125,81697400
2021-09-28,26.604999542236328,26.915000915527344,26.385000228881836,26.44499969482422,22.181720733642578,132975200
2021-09-29,26.420000076293945,26.610000610351562,26.094999313354492,26.44499969482422,22.181720733642578,69894400
2021-09-30,26.3700008392334,26.514999389648438,26.045000076293945,26.045000076293945,21.84621238708496,89198800
2021-10-01,26.235000610351562,26.94499969482422,26.235000610351562,26.920000076293945,22.58014488220215,83312000
2021-10-04,27.209999084472656,27.65999984741211,27.084999084472656,27.360000610351562,22.949214935302734,114815800
2021-10-05,27.75,28.024999618530273,27.235000610351562,27.520000457763672,23.08342170715332,98029600
2021-10-06,27.065000534057617,27.3799991607666,26.75,27.229999542236328,22.840173721313477,100174800
2021-10-07,27.299999237060547,27.59000015258789,27.165000915527344,27.440000534057617,23.016319274902344,77596200
2021-10-08,27.729999542236328,28.350000381469727,27.665000915527344,28.28499984741211,23.7250919342041,86200400
2021-10-11,28.709999084472656,28.795000076293945,28.155000686645508,28.18000030517578,23.637020111083984,86021400
2021-10-12,28.125,28.475000381469727,28.010000228881836,28.204999923706055,23.657989501953125,71038200
2021-10-13,28.0,28.325000762939453,27.684999465942383,28.18000030517578,23.637020111083984,57902600
2021-10-14,28.5,28.645000457763672,28.239999771118164,28.524999618530273,23.926401138305664,46786600
2021-10-15,28.844999313354492,28.954999923706055,28.649999618530273,28.665000915527344,24.043834686279297,45354800
2021-10-18,28.94499969482422,29.104999542236328,28.524999618530273,28.684999465942383,24.060611724853516,65257600
2021-10-19,28.80500030517578,29.110000610351562,28.649999618530273,29.010000228881836,24.333215713500977,44552600
2021-10-20,28.790000915527344,29.25,28.674999237060547,29.2450008392334,24.53032875061035,50212600
2021-10-21,29.020000457763672,29.125,28.469999313354492,28.704999923706055,24.077383041381836,64241800
2021-10-22,28.809999465942383,29.0,28.540000915527344,28.975000381469727,24.30385398864746,43005000
2021-10-25,29.329999923706055,29.559999465942383,29.174999237060547,29.399999618530273,24.660343170166016,50112200
2021-10-26,29.5,29.704999923706055,29.389999389648438,29.56999969482422,24.802934646606445,45503200
2021-10-27,29.25,29.40999984741211,28.655000686645508,28.719999313354492,24.089963912963867,68007600
2021-10-28,28.565000534057617,28.950000762939453,28.559999465942383,28.924999237060547,24.261917114257812,46735000
2021-10-29,29.06999969482422,29.135000228881836,28.614999771118164,28.735000610351562,24.102550506591797,43997800
2021-11-01,29.020000457763672,29.309999465942383,28.940000534057617,29.229999542236328,24.51774787902832,49656800
2021-11-02,29.059999465942383,29.28499984741211,28.860000610351562,28.954999923706055,24.287080764770508,34125400
2021-11-03,28.604999542236328,29.014999389648438,28.485000610351562,28.71500015258789,24.085769653320312,46674800
2021-11-04,29.139999389648438,29.21500015258789,28.4950008392334,28.7549991607666,24.119319915771484,76363200
2021-11-05,29.149999618530273,29.260000228881836,28.889999389648438,29.1299991607666,24.43386459350586,45207000
2021-11-08,29.375,29.700000762939453,29.235000610351562,29.395000457763672,24.656145095825195,40022400
2021-11-09,29.43000030517578,29.524999618530273,29.010000228881836,29.514999389648438,24.756803512573242,39378000
2021-11-10,29.389999389648438,29.485000610351562,28.565000534057617,28.735000610351562,24.102550506591797,72033000
2021-11-11,28.7549991607666,29.040000915527344,28.7549991607666,28.844999313354492,24.194812774658203,48996600
2021-11-12,28.725000381469727,28.889999389648438,28.600000381469727,28.774999618530273,24.136098861694336,34190000
2021-11-15,28.75,29.184999465942383,28.5049991607666,29.014999389648438,24.337406158447266,42751400
2021-11-16,29.100000381469727,29.295000076293945,28.920000076293945,29.059999465942383,24.375152587890625,40958800
2021-11-17,28.774999618530273,29.190000534057617,28.514999389648438,28.614999771118164,24.001893997192383,47339000
2021-11-18,28.549999237060547,28.774999618530273,28.100000381469727,28.44499969482422,23.859296798706055,57911000
2021-11-19,27.829999923706055,27.905000686645508,27.274999618530273,27.334999084472656,22.928245544433594,91379600
2021-11-22,27.295000076293945,28.239999771118164,27.290000915527344,27.81999969482422,23.33505630493164,67785800
2021-11-23,28.184999465942383,28.770000457763672,28.15999984741211,28.674999237060547,24.052217483520508,67724600
2021-11-24,28.524999618530273,29.1200008392334,28.485000610351562,28.954999923706055,24.287080764770508,42868600
2021-11-26,27.520000457763672,27.8799991607666,27.06999969482422,27.790000915527344,23.30989646911621,89454400
2021-11-29,28.395000457763672,28.68000030517578,27.860000610351562,27.950000762939453,23.44409942626953,70882400
2021-11-30,27.424999237060547,27.84000015258789,27.15999984741211,27.295000076293945,22.894697189331055,92524000
2021-12-01,27.934999465942383,28.190000534057617,26.989999771118164,27.0049991607666,22.651443481445312,89549600
2021-12-02,27.020000457763672,27.889999389648438,26.700000762939453,27.790000915527344,23.30989646911621,100743800
2021-12-03,28.165000915527344,28.290000915527344,27.30500030517578,27.56999969482422,23.125362396240234,75880200
2021-12-06,27.9950008392334,28.309999465942383,27.649999618530273,27.979999542236328,23.469263076782227,63939000
2021-12-07,28.3700008392334,28.905000686645508,28.334999084472656,28.635000228881836,24.01866912841797,73686600
2021-12-08,28.795000076293945,28.934999465942383,28.56999969482422,28.6299991607666,24.014476776123047,47030000
2021-12-09,28.450000762939453,28.524999618530273,28.235000610351562,28.40999984741211,23.829940795898438,46798800
2021-12-10,28.71500015258789,28.735000610351562,28.110000610351562,28.6200008392334,24.00609016418457,39051200
2021-12-13,28.364999771118164,28.450000762939453,27.690000534057617,27.825000762939453,23.339256286621094,57208000
2021-12-14,27.655000686645508,28.135000228881836,27.614999771118164,27.709999084472656,23.242786407470703,57597600
2021-12-15,27.670000076293945,27.739999771118164,26.959999084472656,27.575000762939453,23.129552841186523,67716200
2021-12-16,27.815000534057617,28.31999969482422,27.704999923706055,27.75,23.27634048461914,53731800
2021-12-17,27.549999237060547,27.674999237060547,26.940000534057617,27.184999465942383,22.802425384521484,69270200
2021-12-20,26.114999771118164,26.524999618530273,25.829999923706055,26.5049991607666,22.519922256469727,72661600
2021-12-21,26.774999618530273,27.360000610351562,26.764999389648438,27.260000228881836,23.161405563354492,50319400
2021-12-22,27.290000915527344,27.6200008392334,26.959999084472656,27.434999465942383,23.31009292602539,42206200
2021-12-23,27.55500030517578,27.829999923706055,27.440000534057617,27.450000762939453,23.32284164428711,33370600
2021-12-27,27.360000610351562,28.075000762939453,27.1299991607666,28.049999237060547,23.832622528076172,43484400
2021-12-28,28.1200008392334,28.30500030517578,27.875,28.030000686645508,23.81563377380371,35877000
2021-12-29,27.985000610351562,28.1200008392334,27.71500015258789,27.850000381469727,23.662696838378906,30218200
2021-12-30,27.860000610351562,28.079999923706055,27.655000686645508,27.68000030517578,23.51825714111328,27180000
2021-12-31,27.610000610351562,27.895000457763672,27.565000534057617,27.75,23.57773208618164,26482400
2022-01-03,27.790000915527344,28.655000686645508,27.774999618530273,28.610000610351562,24.308427810668945,65054200
2022-01-04,29.0,29.71500015258789,28.905000686645508,29.600000381469727,25.149581909179688,79957600
2022-01-05,29.889999389648438,30.219999313354492,29.549999237060547,29.594999313354492,25.14533042907715,90804000
2022-01-06,30.290000915527344,30.424999237060547,29.829999923706055,30.2549991607666,25.706098556518555,74681400
2022-01-07,30.3700008392334,30.75,30.15999984741211,30.670000076293945,26.058704376220703,71169200
2022-01-10,30.739999771118164,30.799999237060547,30.174999237060547,30.575000762939453,25.977989196777344,66473000
2022-01-11,30.84000015258789,31.670000076293945,30.579999923706055,31.614999771118164,26.861621856689453,76887800
2022-01-12,31.78499984741211,31.8700008392334,31.44499969482422,31.674999237060547,26.912599563598633,60496800
2022-01-13,31.674999237060547,31.93000030517578,31.385000228881836,31.514999389648438,26.776653289794922,59554000
2022-01-14,31.545000076293945,32.30500030517578,31.524999618530273,32.255001068115234,27.405399322509766,64801000
2022-01-18,32.599998474121094,32.76499938964844,31.889999389648438,32.3849983215332,27.51584815979004,82133400
2022-01-19,32.6349983215332,32.66999816894531,31.895000457763672,32.150001525878906,27.316184997558594,65978000
2022-01-20,31.940000534057617,32.709999084472656,31.790000915527344,31.854999542236328,27.065536499023438,83980800
2022-01-21,31.4950008392334,31.69499969482422,30.895000457763672,31.225000381469727,26.530258178710938,114539600
2022-01-24,30.485000610351562,31.545000076293945,29.920000076293945,31.434999465942383,26.708683013916016,124505600
2022-01-25,31.315000534057617,32.775001525878906,30.735000610351562,32.654998779296875,27.745250701904297,118434400
2022-01-26,33.0,33.26499938964844,32.244998931884766,32.599998474121094,27.69852638244629,130725400
2022-01-27,33.17499923706055,33.529998779296875,32.40999984741211,32.95500183105469,28.00014877319336,108901400
2022-01-28,32.73500061035156,33.1349983215332,32.130001068115234,32.814998626708984,27.881196975708008,105302400
2022-01-31,32.7400016784668,33.16999816894531,32.220001220703125,32.959999084472656,28.00439453125,63298400
2022-02-01,32.76499938964844,34.21500015258789,32.689998626708984,34.1349983215332,29.002729415893555,90444600
2022-02-02,33.959999084472656,34.310001373291016,33.540000915527344,34.244998931884766,29.0961971282959,65197000
2022-02-03,34.10499954223633,34.17499923706055,33.54999923706055,33.91999816894531,28.82006072998047,61962600
2022-02-04,34.349998474121094,35.0,34.27000045776367,34.45000076293945,29.27037811279297,81733400
2022-02-07,34.28499984741211,35.21500015258789,34.025001525878906,34.88999938964844,29.64421844482422,65165000
2022-02-08,34.78499984741211,34.85499954223633,33.900001525878906,34.13999938964844,29.006988525390625,75764200
2022-02-09,34.220001220703125,34.689998626708984,34.1349983215332,34.42499923706055,29.249130249023438,70791400
2022-02-10,34.255001068115234,34.869998931884766,33.98500061035156,34.209999084472656,29.06645965576172,75643200
2022-02-11,34.439998626708984,35.25,34.224998474121094,35.20500183105469,29.911855697631836,93034000
2022-02-14,34.9900016784668,35.029998779296875,33.96500015258789,34.375,29.206649780273438,99633000
2022-02-15,33.529998779296875,34.095001220703125,33.34000015258789,34.01499938964844,28.90077018737793,86092200
2022-02-16,34.28499984741211,34.8849983215332,34.08000183105469,34.290000915527344,29.134429931640625,73444200
2022-02-17,34.2599983215332,34.595001220703125,33.970001220703125,34.23500061035156,29.087697982788086,67622800
2022-02-18,33.75,34.29499816894531,33.69499969482422,34.025001525878906,28.909276962280273,63291600
2022-02-22,35.05500030517578,35.05500030517578,32.970001220703125,33.474998474121094,28.441965103149414,93002800
2022-02-23,33.66999816894531,34.08000183105469,33.474998474121094,33.81999969482422,28.735095977783203,67958000
2022-02-24,34.540000915527344,34.58000183105469,32.68000030517578,33.55500030517578,28.509939193725586,123485800
2022-02-25,33.630001068115234,34.474998474121094,33.630001068115234,34.439998626708984,29.261873245239258,78423000
2022-02-28,34.19499969482422,35.33000183105469,34.005001068115234,35.290000915527344,29.984073638916016,96394200
2022-03-01,35.60499954223633,36.244998931884766,35.14500045776367,35.64500045776367,30.28570556640625,124231000
2022-03-02,36.189998626708984,36.75,36.01499938964844,36.459999084472656,30.97816276550293,90908200
2022-03-03,36.10499954223633,36.810001373291016,36.029998779296875,36.560001373291016,31.063133239746094,89119800
2022-03-04,36.55500030517578,37.6349983215332,36.459999084472656,37.6150016784668,31.959508895874023,105216800
2022-03-07,38.005001068115234,38.779998779296875,37.31999969482422,38.16999816894531,32.431068420410156,131214800
2022-03-08,39.040000915527344,40.11000061035156,37.665000915527344,38.77000045776367,32.940860748291016,196054400
2022-03-09,37.349998474121094,38.470001220703125,36.75,37.584999084472656,31.93401527404785,174036400
2022-03-10,38.029998779296875,38.834999084472656,37.7599983215332,38.73500061035156,32.91111373901367,137802600
2022-03-11,38.1150016784668,38.904998779296875,38.05500030517578,38.42499923706055,32.64772415161133,91837800
2022-03-14,37.60499954223633,37.869998931884766,36.775001525878906,37.275001525878906,31.670629501342773,101490000
2022-03-15,35.83000183105469,36.32500076293945,35.220001220703125,35.90999984741211,30.510860443115234,124724400
2022-03-16,36.04499816894531,36.36000061035156,35.369998931884766,35.744998931884766,30.370668411254883,107536200
2022-03-17,36.380001068115234,37.06999969482422,36.154998779296875,36.974998474121094,31.41573715209961,76956400
2022-03-18,36.90999984741211,37.189998626708984,36.65999984741211,36.939998626708984,31.385997772216797,58550800
2022-03-21,37.33000183105469,38.185001373291016,37.310001373291016,38.064998626708984,32.65121078491211,68714800
2022-03-22,37.904998779296875,38.1150016784668,37.35499954223633,37.78499984741211,32.41103744506836,66462200
2022-03-23,38.494998931884766,38.790000915527344,38.310001373291016,38.435001373291016,32.968589782714844,58663000
2022-03-24,38.58000183105469,38.90999984741211,38.275001525878906,38.529998779296875,33.05008316040039,52700600
2022-03-25,38.29999923706055,39.42499923706055,38.27000045776367,39.375,33.77490234375,56083600
2022-03-28,38.564998626708984,38.58000183105469,38.154998779296875,38.400001525878906,32.93857192993164,69760400
2022-03-29,37.540000915527344,38.31999969482422,37.095001220703125,38.29999923706055,32.852787017822266,73274000
2022-03-30,38.66999816894531,39.02000045776367,38.43000030517578,38.744998931884766,33.2345085144043,49736400
2022-03-31,38.380001068115234,39.10499954223633,38.21500015258789,38.220001220703125,32.7841682434082,65606600
2022-04-01,38.16999816894531,38.88999938964844,38.14500045776367,38.529998779296875,33.05008316040039,49612600
2022-04-04,38.779998779296875,38.904998779296875,38.16999816894531,38.58000183105469,33.09296417236328,46007400
2022-04-05,38.650001525878906,39.244998931884766,37.93000030517578,37.974998474121094,32.574012756347656,54577200
2022-04-06,38.38999938964844,38.73500061035156,37.98500061035156,38.20000076293945,32.76701354980469,64328400
2022-04-07,38.380001068115234,38.83000183105469,37.66999816894531,38.70000076293945,33.19590377807617,54097400
2022-04-08,38.80500030517578,39.875,38.80500030517578,39.76499938964844,34.10942840576172,53426200
2022-04-11,39.34000015258789,39.349998474121094,38.48500061035156,38.56999969482422,33.08439254760742,52461000
2022-04-12,39.349998474121094,39.92499923706055,39.1349983215332,39.209999084472656,33.633365631103516,63929400
2022-04-13,39.689998626708984,39.904998779296875,39.03499984741211,39.79499816894531,34.13515853881836,49295800
2022-04-14,39.60499954223633,40.2400016784668,39.54499816894531,39.92499923706055,34.246681213378906,51869400
2022-04-18,40.255001068115234,40.75,40.005001068115234,40.5099983215332,34.74847412109375,60913200
2022-04-19,40.29999923706055,40.69499969482422,39.94499969482422,40.18000030517578,34.465415954589844,45727800
2022-04-20,40.28499984741211,40.54999923706055,39.89500045776367,40.334999084472656,34.59837341308594,52079400
2022-04-21,40.57500076293945,40.755001068115234,38.904998779296875,39.05500030517578,33.50041961669922,65157800
2022-04-22,38.900001525878906,39.459999084472656,38.084999084472656,38.099998474121094,32.68122863769531,71499200
2022-04-25,36.900001525878906,37.040000915527344,35.5,36.84000015258789,31.600439071655273,110724400
2022-04-26,37.1150016784668,37.900001525878906,36.79499816894531,36.88999938964844,31.643325805664062,89168600
2022-04-27,37.125,37.79499816894531,36.459999084472656,37.43000030517578,32.106529235839844,89132600
2022-04-28,37.68000030517578,38.880001068115234,36.939998626708984,38.564998626708984,33.080101013183594,87469600
2022-04-29,38.650001525878906,38.869998931884766,37.439998626708984,37.57500076293945,32.23091125488281,79416200
2022-05-02,37.345001220703125,38.189998626708984,37.22999954223633,38.17499923706055,32.745574951171875,104141200
2022-05-03,38.244998931884766,39.42499923706055,38.220001220703125,39.244998931884766,33.66337966918945,83298800
2022-05-04,40.0,40.959999084472656,39.4900016784668,40.875,35.061561584472656,90767400
2022-05-05,41.165000915527344,41.20500183105469,39.439998626708984,40.2599983215332,34.534027099609375,93194000
2022-05-06,40.779998779296875,41.46500015258789,39.96500015258789,41.459999084472656,35.56336975097656,94245600
2022-05-09,40.56999969482422,40.60499954223633,37.875,38.029998779296875,32.621192932128906,106044000
2022-05-10,38.6150016784668,39.345001220703125,37.564998626708984,38.375,32.9171257019043,113727800
2022-05-11,39.01499938964844,40.165000915527344,38.82500076293945,38.88999938964844,33.35887908935547,99705000
2022-05-12,38.875,39.07500076293945,37.84000015258789,39.05500030517578,33.50041961669922,90043600
2022-05-13,39.6349983215332,40.54999923706055,39.564998626708984,40.38999938964844,34.645538330078125,59437400
2022-05-16,40.53499984741211,41.880001068115234,40.5099983215332,41.45500183105469,35.559078216552734,56518800
2022-05-17,42.01499938964844,42.189998626708984,41.560001373291016,41.935001373291016,35.970802307128906,56329400
2022-05-18,42.23500061035156,42.28499984741211,40.369998931884766,40.86000061035156,35.04869079589844,66461400
2022-05-19,39.93000030517578,41.39500045776367,39.93000030517578,40.709999084472656,34.92002868652344,71441000
2022-05-20,41.209999084472656,41.69499969482422,40.064998626708984,40.8849983215332,35.07014083862305,63840000
2022-05-23,41.369998931884766,42.11000061035156,41.1150016784668,41.96500015258789,35.996543884277344,53289400
2022-05-24,41.5,42.29999923706055,41.18000030517578,42.125,36.133785247802734,53127600
2022-05-25,42.27000045776367,43.05500030517578,42.209999084472656,42.994998931884766,36.880043029785156,52648000
2022-05-26,43.255001068115234,43.79499816894531,43.224998474121094,43.470001220703125,37.2874870300293,42678200
2022-05-27,43.275001525878906,44.3849983215332,43.16999816894531,44.26499938964844,37.96942138671875,37334400
2022-05-31,44.994998931884766,45.22999954223633,43.3650016784668,43.599998474121094,37.39899826049805,78681200
2022-06-01,44.150001525878906,44.6349983215332,43.665000915527344,44.310001373291016,38.00802230834961,59297200
2022-06-02,44.0,44.47999954223633,43.72999954223633,44.16999816894531,37.8879280090332,52605400
2022-06-03,44.224998474121094,44.89500045776367,44.17499923706055,44.755001068115234,38.389732360839844,41050600
2022-06-06,44.970001220703125,45.0,44.46500015258789,44.70500183105469,38.34684371948242,33384600
2022-06-07,44.67499923706055,46.099998474121094,44.63999938964844,46.040000915527344,39.49197769165039,51378800
2022-06-08,46.26499938964844,46.654998779296875,45.85499954223633,46.13999938964844,39.57775115966797,56985400
2022-06-09,45.744998931884766,46.03499984741211,45.06999969482422,45.119998931884766,38.702823638916016,49176200
2022-06-10,44.599998474121094,45.27000045776367,43.84000015258789,44.35499954223633,38.046627044677734,62543600
2022-06-13,43.0099983215332,43.05500030517578,41.20500183105469,42.040000915527344,36.060874938964844,89462600
2022-06-14,42.8849983215332,43.435001373291016,41.56999969482422,42.119998931884766,36.129493713378906,69512800
2022-06-15,42.025001525878906,42.23500061035156,40.494998931884766,41.189998626708984,35.331756591796875,86446400
2022-06-16,40.095001220703125,40.314998626708984,38.53499984741211,38.869998931884766,33.34172439575195,115958200
2022-06-17,38.599998474121094,38.8849983215332,36.29999923706055,36.744998931884766,31.518943786621094,128468400
2022-06-21,37.30500030517578,38.47999954223633,37.2400016784668,38.220001220703125,33.151817321777344,70013400
2022-06-22,36.380001068115234,37.334999084472656,36.18000030517578,36.689998626708984,31.824703216552734,82425200
2022-06-23,36.8650016784668,37.130001068115234,34.73500061035156,35.33000183105469,30.645057678222656,113842200
2022-06-24,35.935001373291016,36.55500030517578,35.415000915527344,35.79499816894531,31.04839515686035,94797000
2022-06-27,36.209999084472656,37.095001220703125,36.165000915527344,36.845001220703125,31.95916175842285,67958800
2022-06-28,37.720001220703125,38.45000076293945,37.27000045776367,37.84000015258789,32.82221221923828,79568000
2022-06-29,38.3650016784668,38.494998931884766,36.41999816894531,36.525001525878906,31.68158531188965,71184000
2022-06-30,35.7400016784668,36.68000030517578,35.435001373291016,35.755001068115234,31.013690948486328,75533400
2022-07-01,36.189998626708984,36.44499969482422,35.064998626708984,36.290000915527344,31.477750778198242,69204000
2022-07-05,35.540000915527344,35.709999084472656,34.095001220703125,34.849998474121094,30.228696823120117,89865800
2022-07-06,34.474998474121094,35.095001220703125,33.224998474121094,34.255001068115234,29.712602615356445,96419000
2022-07-07,35.185001373291016,35.77000045776367,35.099998474121094,35.4900016784668,30.78383445739746,67587200
2022-07-08,35.91999816894531,36.06999969482422,34.97999954223633,35.474998474121094,30.770816802978516,43940600
2022-07-11,35.029998779296875,35.43000030517578,34.665000915527344,35.1349983215332,30.475908279418945,45508200
2022-07-12,34.21500015258789,34.654998779296875,33.83000183105469,34.45000076293945,29.881746292114258,64690200
2022-07-13,33.95000076293945,35.1150016784668,33.95000076293945,34.39500045776367,29.83403968811035,58978000
2022-07-14,33.189998626708984,33.78499984741211,32.7400016784668,33.744998931884766,29.270233154296875,73273600
2022-07-15,34.47999954223633,34.51499938964844,33.78499984741211,34.29499816894531,29.747289657592773,59920600
2022-07-18,35.209999084472656,35.65999984741211,34.915000915527344,35.08000183105469,30.42820167541504,51453600
2022-07-19,35.029998779296875,36.25,35.02000045776367,36.15999984741211,31.3649845123291,48776400
2022-07-20,35.7599983215332,36.67499923706055,35.61000061035156,36.5099983215332,31.6685733795166,41849400
2022-07-21,35.5099983215332,35.904998779296875,34.83000183105469,35.869998931884766,31.11344337463379,43159200
2022-07-22,36.0099983215332,36.3650016784668,35.369998931884766,35.57500076293945,30.857566833496094,40836400
2022-07-25,36.064998626708984,36.915000915527344,35.6349983215332,36.880001068115234,31.989503860473633,39112000
2022-07-26,37.31999969482422,37.48500061035156,36.29999923706055,36.54499816894531,31.698936462402344,37228800
2022-07-27,36.779998779296875,37.55500030517578,36.404998779296875,37.369998931884766,32.414527893066406,44810800
2022-07-28,37.70500183105469,37.96500015258789,36.8849983215332,37.58000183105469,32.5966911315918,46665400
2022-07-29,38.26499938964844,39.33000183105469,38.189998626708984,39.209999084472656,34.010536193847656,51667600
2022-08-01,38.540000915527344,38.63999938964844,37.8849983215332,38.400001525878906,33.30795669555664,51331000
2022-08-02,38.404998779296875,38.69499969482422,37.970001220703125,38.310001373291016,33.22989273071289,39864400
2022-08-03,38.470001220703125,38.584999084472656,36.97999954223633,37.209999084472656,32.2757453918457,57013200
2022-08-04,36.95500183105469,37.060001373291016,35.69499969482422,35.83000183105469,31.078746795654297,55991000
2022-08-05,35.345001220703125,36.85499954223633,35.345001220703125,36.540000915527344,31.694599151611328,45179600
2022-08-08,36.5,37.060001373291016,36.44499969482422,36.72999954223633,31.859399795532227,37756600
2022-08-09,37.25,37.849998474121094,37.185001373291016,37.375,32.41886901855469,34683000
2022-08-10,37.459999084472656,37.86000061035156,36.720001220703125,37.64500045776367,32.65306854248047,34788400
2022-08-11,38.349998474121094,39.27000045776367,38.23500061035156,38.939998626708984,33.77634048461914,60531600
2022-08-12,38.685001373291016,39.255001068115234,38.52000045776367,39.23500061035156,34.032222747802734,38381000
2022-08-15,37.814998626708984,38.68000030517578,37.470001220703125,38.470001220703125,33.368675231933594,42024400
2022-08-16,38.525001525878906,38.93000030517578,38.13999938964844,38.380001068115234,33.29059982299805,39357600
2022-08-17,38.20500183105469,39.099998474121094,38.10499954223633,38.70000076293945,33.568172454833984,45472400
2022-08-18,39.130001068115234,39.779998779296875,39.060001373291016,39.7400016784668,34.47026443481445,46866000
2022-08-19,39.63999938964844,40.005001068115234,39.40999984741211,39.72999954223633,34.46158218383789,39488400
2022-08-22,39.38999938964844,39.900001525878906,38.7400016784668,39.654998779296875,34.39653778076172,45696200
2022-08-23,40.30500030517578,41.39500045776367,40.275001525878906,41.084999084472656,35.636905670166016,54367000
2022-08-24,41.09000015258789,41.650001525878906,40.904998779296875,41.59000015258789,36.07494354248047,49093200
2022-08-25,41.83000183105469,42.119998931884766,41.505001068115234,41.90999984741211,36.352500915527344,39798600
2022-08-26,41.82500076293945,42.279998779296875,41.23500061035156,41.41999816894531,35.92748260498047,38635200
2022-08-29,41.400001525878906,42.59000015258789,41.29499816894531,42.04499816894531,36.469600677490234,52125000
2022-08-30,41.32500076293945,41.334999084472656,40.28499984741211,40.619998931884766,35.23357009887695,57641800
2022-08-31,39.6150016784668,40.91999816894531,39.470001220703125,40.25,34.912628173828125,58304600
2022-09-01,39.654998779296875,39.80500030517578,38.709999084472656,39.2599983215332,34.05391311645508,56604200
2022-09-02,40.224998474121094,40.5099983215332,39.76499938964844,39.97999954223633,34.67843246459961,57188200
2022-09-06,40.35499954223633,40.4900016784668,39.44499969482422,39.61000061035156,34.357505798339844,45568200
2022-09-07,38.744998931884766,39.31999969482422,38.38999938964844,39.150001525878906,33.95849609375,60541400
2022-09-08,39.32500076293945,39.51499938964844,38.845001220703125,39.31999969482422,34.105953216552734,53681600
2022-09-09,40.025001525878906,40.494998931884766,39.72999954223633,40.29999923706055,34.95600128173828,38678800
2022-09-12,40.88999938964844,41.48500061035156,40.540000915527344,41.040000915527344,35.597877502441406,41731800
2022-09-13,40.400001525878906,41.09000015258789,39.82500076293945,40.005001068115234,34.700111389160156,61146000
2022-09-14,40.380001068115234,41.42499923706055,40.380001068115234,41.1349983215332,35.68027114868164,54384200
2022-09-15,40.404998779296875,40.57500076293945,39.880001068115234,40.07500076293945,34.760833740234375,55886400
2022-09-16,39.95000076293945,39.97999954223633,38.650001525878906,39.220001220703125,34.01921081542969,70403600
2022-09-19,37.72999954223633,38.845001220703125,37.63999938964844,38.81999969482422,34.03938674926758,37625800
2022-09-20,38.54999923706055,38.775001525878906,38.095001220703125,38.54999923706055,33.802635192871094,42299600
2022-09-21,39.275001525878906,39.33000183105469,37.970001220703125,37.98500061035156,33.307212829589844,68705800
2022-09-22,38.67499923706055,38.79999923706055,37.81999969482422,37.849998474121094,33.1888427734375,57748000
2022-09-23,36.380001068115234,36.45000076293945,34.970001220703125,35.2400016784668,30.900257110595703,105475600
2022-09-26,35.02000045776367,35.459999084472656,34.33000183105469,34.375,30.141780853271484,72159600
2022-09-27,34.970001220703125,35.404998779296875,34.564998626708984,34.7599983215332,30.4793643951416,67671200
2022-09-28,35.11000061035156,36.5,34.900001525878906,36.29999923706055,31.82971954345703,63147600
2022-09-29,36.03499984741211,36.375,35.400001525878906,36.29999923706055,31.82971954345703,48563000
2022-09-30,36.0099983215332,36.5099983215332,35.65999984741211,36.0099983215332,31.575422286987305,43369400
2022-10-03,37.30500030517578,38.244998931884766,37.244998931884766,38.04499816894531,33.359825134277344,69550600
2022-10-04,38.814998626708984,39.71500015258789,38.5099983215332,39.68000030517578,34.79347610473633,66330800
2022-10-05,39.665000915527344,40.814998626708984,39.32500076293945,40.5,35.51249313354492,61273600
2022-10-06,40.16999816894531,41.345001220703125,40.13999938964844,41.220001220703125,36.14383316040039,52670200
2022-10-07,41.30500030517578,41.77000045776367,40.60499954223633,40.900001525878906,35.86323928833008,56915400
2022-10-10,41.060001373291016,41.40999984741211,39.93000030517578,40.060001373291016,35.126678466796875,46331600
2022-10-11,39.310001373291016,40.42499923706055,39.14500045776367,39.7400016784668,34.84608840942383,53842200
2022-10-12,39.47999954223633,40.34000015258789,39.220001220703125,40.060001373291016,35.126678466796875,41102400
2022-10-13,39.53499984741211,41.85499954223633,39.525001525878906,41.69499969482422,36.560333251953125,70134800
2022-10-14,41.2400016784668,41.834999084472656,40.060001373291016,40.13999938964844,35.19682693481445,53494600
2022-10-17,40.77000045776367,41.310001373291016,40.525001525878906,40.63999938964844,35.63525390625,37988400
2022-10-18,40.974998474121094,41.375,40.20500183105469,40.994998931884766,35.946529388427734,50375800
2022-10-19,41.1150016784668,42.36000061035156,41.099998474121094,42.20500183105469,37.00753402709961,62527600
2022-10-20,42.525001525878906,42.915000915527344,41.9900016784668,42.244998931884766,37.042598724365234,50523600
2022-10-21,42.47999954223633,43.54999923706055,42.369998931884766,43.46500015258789,38.112361907958984,50548400
2022-10-24,43.439998626708984,43.974998474121094,43.20500183105469,43.66999816894531,38.292118072509766,44992000
2022-10-25,43.5,43.915000915527344,43.26499938964844,43.71500015258789,38.33156967163086,37683600
2022-10-26,43.880001068115234,44.65999984741211,43.849998474121094,44.310001373291016,38.853309631347656,45413000
2022-10-27,44.91999816894531,45.220001220703125,44.334999084472656,44.470001220703125,38.99359893798828,50021200
2022-10-28,44.95000076293945,45.314998626708984,43.82500076293945,44.625,39.12950897216797,49328000
2022-10-31,44.185001373291016,45.59000015258789,44.1349983215332,45.0,39.45832824707031,59520800
2022-11-01,45.755001068115234,45.775001525878906,45.15999984741211,45.435001373291016,39.839759826660156,43510800
2022-11-02,45.290000915527344,45.525001525878906,44.23500061035156,44.34000015258789,38.879600524902344,56499200
2022-11-03,44.06999969482422,45.415000915527344,43.94499969482422,45.15999984741211,39.59862518310547,53634400
2022-11-04,46.165000915527344,46.5099983215332,45.06999969482422,45.709999084472656,40.080894470214844,60590600
2022-11-07,45.80500030517578,46.63999938964844,45.724998474121094,46.494998931884766,40.76921081542969,38775400
2022-11-08,46.404998779296875,46.7400016784668,45.970001220703125,46.540000915527344,40.80868148803711,43718600
2022-11-09,45.90999984741211,46.05500030517578,44.165000915527344,44.26499938964844,38.8138427734375,63028000
2022-11-10,45.18000030517578,45.29999923706055,44.25,45.25,39.67753982543945,58488200
2022-11-11,46.1150016784668,46.80500030517578,46.005001068115234,46.564998626708984,40.830596923828125,51082600
2022-11-14,46.43000030517578,47.35499954223633,46.42499923706055,46.54999923706055,40.817447662353516,46245200
2022-11-15,46.724998474121094,47.15999984741211,46.41999816894531,47.040000915527344,41.247108459472656,51542200
2022-11-16,46.619998931884766,46.904998779296875,45.84000015258789,46.08000183105469,40.40532684326172,47277200
2022-11-17,45.375,46.220001220703125,45.13999938964844,46.18000030517578,40.49301528930664,42859800
2022-11-18,45.32500076293945,45.939998626708984,44.755001068115234,45.814998626708984,40.17296600341797,47366200
2022-11-21,44.81999969482422,45.314998626708984,43.64500045776367,45.19499969482422,39.629310607910156,85153600
2022-11-22,45.7599983215332,46.71500015258789,45.54999923706055,46.61000061035156,40.87005615234375,53755000
2022-11-23,45.76499938964844,46.400001525878906,45.595001220703125,46.10499954223633,40.4272575378418,41197400
2022-11-25,46.1349983215332,46.459999084472656,45.85499954223633,45.935001373291016,40.27819061279297,15182600
2022-11-28,44.810001373291016,45.375,44.525001525878906,44.67499923706055,39.17334747314453,58262400
2022-11-29,45.16999816894531,45.6150016784668,45.005001068115234,45.349998474121094,39.765220642089844,38048400
2022-11-30,45.85499954223633,45.94499969482422,44.86000061035156,45.57500076293945,39.962520599365234,43830200
2022-12-01,45.89500045776367,46.125,45.27000045776367,45.42499923706055,39.83098602294922,38902000
2022-12-02,45.11000061035156,45.689998626708984,44.88999938964844,45.154998779296875,39.59423828125,36770000
2022-12-05,45.599998474121094,45.779998779296875,43.439998626708984,43.814998626708984,38.41925811767578,51753800
2022-12-06,43.540000915527344,44.064998626708984,42.3650016784668,42.65999984741211,37.406497955322266,64930200
2022-12-07,42.650001525878906,43.209999084472656,42.185001373291016,42.560001373291016,37.31880187988281,48894200
2022-12-08,43.51499938964844,43.61000061035156,42.1349983215332,42.369998931884766,37.15220642089844,51280800
2022-12-09,42.23500061035156,42.70000076293945,41.32500076293945,41.34000015258789,36.24905776977539,48097800
2022-12-12,41.57500076293945,42.525001525878906,41.415000915527344,42.42499923706055,37.200439453125,42184800
2022-12-13,43.25,43.59000015258789,42.88999938964844,43.22999954223633,37.90630340576172,54557400
2022-12-14,43.525001525878906,43.68000030517578,42.58000183105469,42.96500015258789,37.6739387512207,52675600
2022-12-15,42.59000015258789,42.80500030517578,41.97999954223633,42.70500183105469,37.44594955444336,40406600
2022-12-16,41.900001525878906,42.380001068115234,41.60499954223633,42.18000030517578,36.9856071472168,59101000
2022-12-19,42.189998626708984,42.32500076293945,41.439998626708984,41.744998931884766,36.981170654296875,36836600
2022-12-20,41.875,42.64500045776367,41.71500015258789,42.375,37.53927993774414,28593000
2022-12-21,43.2400016784668,43.375,42.60499954223633,43.18000030517578,38.252410888671875,34058200
2022-12-22,43.224998474121094,43.25,41.34000015258789,42.185001373291016,37.370967864990234,37359400
2022-12-23,42.744998931884766,43.540000915527344,42.525001525878906,43.529998779296875,38.56247329711914,29630000
2022-12-27,43.720001220703125,44.18000030517578,43.560001373291016,43.994998931884766,38.97441101074219,32749200
2022-12-28,43.935001373291016,43.935001373291016,42.875,43.0099983215332,38.101810455322266,31838000
2022-12-29,42.83000183105469,43.654998779296875,42.810001373291016,43.459999084472656,38.50046920776367,26915800
2022-12-30,43.22999954223633,43.81999969482422,43.224998474121094,43.73500061035156,38.744083404541016,22661800
2023-01-03,43.459999084472656,43.68000030517578,41.67499923706055,42.20000076293945,37.38425827026367,53082800
2023-01-04,41.57500076293945,42.439998626708984,41.415000915527344,42.19499969482422,37.37982940673828,45705200
2023-01-05,42.125,43.20000076293945,42.005001068115234,42.96500015258789,38.06195831298828,38723800
2023-01-06,43.52000045776367,44.314998626708984,43.40999984741211,43.779998779296875,38.7839469909668,44422400
2023-01-09,44.439998626708984,44.5099983215332,43.48500061035156,43.625,38.64663314819336,46003200
2023-01-10,43.90999984741211,44.025001525878906,43.244998931884766,43.935001373291016,38.921260833740234,31599000
2023-01-11,44.31999969482422,44.43000030517578,43.595001220703125,44.06999969482422,39.040855407714844,32903000
2023-01-12,44.334999084472656,45.20000076293945,44.25,44.90999984741211,39.78499984741211,36716000
2023-01-13,44.875,45.084999084472656,44.400001525878906,44.974998474121094,39.84257125854492,31808400
2023-01-17,45.08000183105469,45.540000915527344,44.8849983215332,45.06999969482422,39.926734924316406,33933200
2023-01-18,45.279998779296875,45.78499984741211,44.20000076293945,44.244998931884766,39.195884704589844,38075200
2023-01-19,43.9900016784668,44.974998474121094,43.89500045776367,44.79499816894531,39.68311309814453,34293800
2023-01-20,44.88999938964844,45.39500045776367,44.435001373291016,45.2400016784668,40.077335357666016,28560000
2023-01-23,45.56999969482422,45.79499816894531,45.154998779296875,45.29999923706055,40.13048553466797,29305000
2023-01-24,45.150001525878906,45.22999954223633,44.22999954223633,45.125,39.9754638671875,30755200
2023-01-25,44.904998779296875,45.130001068115234,44.189998626708984,45.130001068115234,39.97988510131836,26861200
2023-01-26,45.86000061035156,46.57500076293945,45.29999923706055,46.55500030517578,41.242271423339844,36663000
2023-01-27,46.30500030517578,46.53499984741211,45.540000915527344,45.6150016784668,40.409549713134766,34841000
2023-01-30,45.28499984741211,45.349998474121094,44.5099983215332,44.56999969482422,39.48379135131836,27525000
2023-01-31,44.41999816894531,45.03499984741211,43.96500015258789,44.96500015258789,39.833717346191406,27848200
2023-02-01,44.755001068115234,44.94499969482422,43.5,44.08000183105469,39.04971694946289,46967200
2023-02-02,43.90999984741211,43.994998931884766,42.599998474121094,43.07500076293945,38.159400939941406,49803000
2023-02-03,43.255001068115234,43.95500183105469,42.935001373291016,42.97999954223633,38.075233459472656,45454800
2023-02-06,43.02000045776367,43.345001220703125,42.2599983215332,42.78499984741211,37.902496337890625,31714400
2023-02-07,43.05500030517578,44.2400016784668,42.83000183105469,44.17499923706055,39.133872985839844,41014000
2023-02-08,44.13999938964844,44.3650016784668,43.529998779296875,43.779998779296875,38.7839469909668,26967200
2023-02-09,43.78499984741211,43.92499923706055,43.375,43.404998779296875,38.451744079589844,32150400
2023-02-10,44.125,45.19499969482422,44.084999084472656,45.10499954223633,39.957740783691406,40003200
2023-02-13,44.875,45.165000915527344,44.40999984741211,44.9900016784668,39.85586929321289,24744800
2023-02-14,44.6349983215332,45.334999084472656,44.5099983215332,45.005001068115234,39.869163513183594,27022600
2023-02-15,44.5,44.595001220703125,43.67499923706055,44.2400016784668,39.19145584106445,31939600
2023-02-16,44.0,44.380001068115234,43.7599983215332,43.80500030517578,38.80609893798828,25314200
2023-02-17,43.125,43.154998779296875,42.060001373291016,42.244998931884766,37.42411422729492,44680400
2023-02-21,42.060001373291016,42.52000045776367,41.95500183105469,42.03499984741211,37.23808670043945,33622600
2023-02-22,41.91999816894531,42.314998626708984,41.39500045776367,41.755001068115234,36.99003219604492,40270400
2023-02-23,42.3849983215332,42.630001068115234,41.849998474121094,42.3849983215332,37.54814529418945,35023400
2023-02-24,41.7599983215332,42.38999938964844,41.52000045776367,42.33000183105469,37.49941635131836,37496800
2023-02-27,42.415000915527344,42.63999938964844,42.10499954223633,42.45500183105469,37.61015701293945,30676400
2023-02-28,42.8849983215332,42.900001525878906,41.810001373291016,41.845001220703125,37.069766998291016,38007600
2023-03-01,41.880001068115234,42.8849983215332,41.724998474121094,42.66999816894531,37.80062484741211,37094000
2023-03-02,42.595001220703125,43.20500183105469,42.459999084472656,43.04499816894531,38.13282012939453,32798600
2023-03-03,42.529998779296875,43.845001220703125,42.5,43.630001068115234,38.651065826416016,50675200
2023-03-06,43.38999938964844,43.720001220703125,43.21500015258789,43.650001525878906,38.66878128051758,33898400
2023-03-07,43.38999938964844,43.5,42.779998779296875,42.88999938964844,37.99551010131836,37000400
2023-03-08,42.70000076293945,43.244998931884766,42.040000915527344,42.45000076293945,37.6057243347168,39399000
2023-03-09,42.69499969482422,43.29499816894531,41.84000015258789,41.849998474121094,37.07419204711914,37888200
2023-03-10,41.849998474121094,42.439998626708984,41.07500076293945,41.314998626708984,36.600250244140625,56624800
2023-03-13,40.2599983215332,41.20000076293945,39.55500030517578,40.474998474121094,35.85609817504883,83327000
2023-03-14,40.470001220703125,41.78499984741211,40.154998779296875,40.875,36.2104606628418,61066400
2023-03-15,39.375,39.67499923706055,38.119998931884766,38.68000030517578,34.26594543457031,115347000
2023-03-16,37.83000183105469,39.20000076293945,37.68000030517578,39.099998474121094,34.63801956176758,88790400
2023-03-17,38.875,39.20000076293945,38.16999816894531,38.48500061035156,34.093204498291016,67351600
2023-03-20,38.04999923706055,39.099998474121094,38.04999923706055,38.849998474121094,34.77573013305664,52288800
2023-03-21,39.650001525878906,40.31999969482422,39.529998779296875,40.19499969482422,35.97968673706055,59712400
2023-03-22,40.220001220703125,40.404998779296875,39.310001373291016,39.34000015258789,35.214351654052734,49209400
2023-03-23,39.55500030517578,39.900001525878906,38.41999816894531,38.79499816894531,34.726497650146484,49486200
2023-03-24,38.025001525878906,39.095001220703125,37.904998779296875,38.94499969482422,34.86076736450195,41298000
2023-03-27,39.35499954223633,40.0,39.040000915527344,39.775001525878906,35.60372543334961,40223800
2023-03-28,39.54999923706055,40.564998626708984,39.53499984741211,40.38999938964844,36.154232025146484,32596800
2023-03-29,40.790000915527344,40.994998931884766,40.525001525878906,40.95000076293945,36.65549850463867,36204600
2023-03-30,41.290000915527344,41.349998474121094,40.88999938964844,41.130001068115234,36.81663513183594,27460800
2023-03-31,41.23500061035156,41.48500061035156,41.084999084472656,41.415000915527344,37.07174301147461,32294600
2023-04-03,43.15999984741211,43.56999969482422,42.935001373291016,43.290000915527344,38.75010681152344,62452200
2023-04-04,43.41999816894531,43.474998474121094,42.125,42.505001068115234,38.04742431640625,49363000
2023-04-05,42.61000061035156,43.14500045776367,42.255001068115234,43.14500045776367,38.62031173706055,40552200
2023-04-06,43.08000183105469,43.125,42.404998779296875,42.4900016784668,38.03400421142578,33378600
2023-04-10,42.650001525878906,43.31999969482422,42.650001525878906,42.83000183105469,38.338348388671875,26977200
2023-04-11,43.06999969482422,43.505001068115234,42.82500076293945,43.23500061035156,38.700870513916016,25575200
2023-04-12,43.53499984741211,43.625,43.1349983215332,43.26499938964844,38.727718353271484,33334400
2023-04-13,43.20000076293945,43.64500045776367,43.095001220703125,43.53499984741211,38.96940231323242,31384600
2023-04-14,43.595001220703125,43.869998931884766,43.36000061035156,43.6150016784668,39.041019439697266,23560200
2023-04-17,43.470001220703125,43.650001525878906,42.95000076293945,43.099998474121094,38.58003234863281,23762000
2023-04-18,43.0,43.380001068115234,42.78499984741211,43.27000045776367,38.732208251953125,24493600
2023-04-19,42.880001068115234,43.154998779296875,42.64500045776367,43.119998931884766,38.597923278808594,34246200
2023-04-20,42.52000045776367,42.75,42.220001220703125,42.7400016784668,38.25778579711914,30396200
2023-04-21,42.89500045776367,42.915000915527344,42.29999923706055,42.4900016784668,38.03400421142578,33757600
2023-04-24,42.35499954223633,43.34000015258789,42.34000015258789,43.13999938964844,38.61583709716797,25251800
2023-04-25,42.720001220703125,42.79499816894531,42.08000183105469,42.33000183105469,37.89078140258789,30665200
2023-04-26,42.029998779296875,42.41999816894531,41.5099983215332,41.76499938964844,37.385032653808594,40070000
2023-04-27,41.7400016784668,42.02000045776367,41.345001220703125,41.915000915527344,37.5192985534668,34114600
2023-04-28,41.76499938964844,42.79499816894531,41.619998931884766,42.564998626708984,38.101139068603516,38228600
2023-05-01,42.029998779296875,42.540000915527344,41.86000061035156,42.084999084472656,37.671470642089844,27821400
2023-05-02,41.58000183105469,41.64500045776367,39.869998931884766,40.255001068115234,36.03338623046875,67648000
2023-05-03,39.7400016784668,40.20500183105469,39.47999954223633,39.494998931884766,35.353084564208984,59367600
2023-05-04,39.5099983215332,39.90999984741211,38.935001373291016,39.05500030517578,34.95923614501953,52861000
2023-05-05,40.1349983215332,40.43000030517578,39.89500045776367,40.1150016784668,35.908077239990234,39073400
2023-05-08,40.70000076293945,40.875,40.11000061035156,40.1150016784668,35.908077239990234,32711800
2023-05-09,39.79999923706055,40.5099983215332,39.71500015258789,40.130001068115234,35.9214973449707,41421200
2023-05-10,40.33000183105469,40.40999984741211,39.375,39.67499923706055,35.514217376708984,36052000
2023-05-11,39.1150016784668,39.404998779296875,38.900001525878906,39.20000076293945,35.08903503417969,38168200
2023-05-12,39.39500045776367,39.65999984741211,38.974998474121094,39.2599983215332,35.14274215698242,37913200
2023-05-15,39.404998779296875,39.685001373291016,39.095001220703125,39.459999084472656,35.32176208496094,32544600
2023-05-16,39.275001525878906,39.44499969482422,38.43000030517578,38.4900016784668,34.45348358154297,44511200
2023-05-17,38.8849983215332,39.439998626708984,38.599998474121094,39.22999954223633,35.115875244140625,46200600
2023-05-18,38.994998931884766,39.564998626708984,38.75,39.51499938964844,35.370994567871094,33154200
2023-05-19,39.880001068115234,40.130001068115234,39.595001220703125,39.81999969482422,35.644012451171875,36122200
2023-05-22,39.66999816894531,40.060001373291016,39.595001220703125,39.654998779296875,35.49631881713867,26943600
2023-05-23,40.03499984741211,40.53499984741211,39.93000030517578,40.08000183105469,35.876739501953125,42803800
2023-05-24,40.39500045776367,40.564998626708984,39.915000915527344,40.255001068115234,36.03338623046875,33474200
2023-05-25,39.67499923706055,39.7599983215332,39.16999816894531,39.540000915527344,35.393375396728516,38251000
2023-05-26,39.779998779296875,39.88999938964844,39.18000030517578,39.3849983215332,35.2546272277832,28785800
2023-05-30,38.70000076293945,39.025001525878906,38.54999923706055,38.97999954223633,34.8921012878418,40331600
2023-05-31,38.369998931884766,38.665000915527344,38.165000915527344,38.29499816894531,34.278934478759766,44797600
2023-06-01,38.3849983215332,39.20500183105469,38.125,38.77000045776367,34.70412826538086,51623600
2023-06-02,39.494998931884766,40.13999938964844,39.224998474121094,39.95000076293945,35.760372161865234,55278800
2023-06-05,40.53499984741211,40.53499984741211,39.6150016784668,39.685001373291016,35.52315902709961,37826200
2023-06-06,39.15999984741211,40.040000915527344,39.119998931884766,40.005001068115234,35.80961227416992,34750800
2023-06-07,40.20000076293945,41.1150016784668,40.17499923706055,41.064998626708984,36.758445739746094,60654200
2023-06-08,41.119998931884766,41.2599983215332,40.209999084472656,40.88999938964844,36.60179138183594,46155200
2023-06-09,40.869998931884766,41.06999969482422,40.55500030517578,40.665000915527344,36.40039825439453,38387000
2023-06-12,40.05500030517578,40.68000030517578,40.0,40.275001525878906,36.05128860473633,36387000
2023-06-13,40.720001220703125,41.2599983215332,40.44499969482422,40.46500015258789,36.22136688232422,40136400
2023-06-14,40.8650016784668,41.04499816894531,39.75,40.04999923706055,35.849884033203125,47605400
2023-06-15,40.119998931884766,40.79499816894531,40.11000061035156,40.4900016784668,36.24375915527344,46777000
2023-06-16,40.63999938964844,40.755001068115234,40.314998626708984,40.43000030517578,36.19004440307617,47461800
2023-06-20,39.810001373291016,39.85499954223633,38.8849983215332,39.18000030517578,35.380035400390625,42552000
2023-06-21,39.02000045776367,39.82500076293945,38.959999084472656,39.4900016784668,35.65997314453125,34473800
2023-06-22,39.130001068115234,39.17499923706055,38.814998626708984,38.959999084472656,35.18136978149414,33507400
2023-06-23,38.540000915527344,38.78499984741211,38.36000061035156,38.68000030517578,34.92852783203125,34905200
2023-06-26,38.75,39.595001220703125,38.65999984741211,39.375,35.556121826171875,32488600
2023-06-27,39.334999084472656,39.6349983215332,39.10499954223633,39.46500015258789,35.63739776611328,28388400
2023-06-28,39.42499923706055,39.915000915527344,39.07500076293945,39.8650016784668,35.99859619140625,32903200
2023-06-29,40.01499938964844,40.32500076293945,39.79999923706055,40.32500076293945,36.41398620605469,28435800
2023-06-30,40.599998474121094,40.790000915527344,40.29999923706055,40.584999084472656,36.648765563964844,35970600
2023-07-03,40.685001373291016,40.98500061035156,40.529998779296875,40.68000030517578,36.73454666137695,19539800
2023-07-05,40.849998474121094,40.86000061035156,40.224998474121094,40.45500183105469,36.531375885009766,32557400
2023-07-06,40.01499938964844,40.29499816894531,39.244998931884766,39.54499816894531,35.70962905883789,41967800
2023-07-07,39.349998474121094,40.77000045776367,39.31999969482422,40.39500045776367,36.47719955444336,48916000
2023-07-10,40.290000915527344,40.790000915527344,40.2599983215332,40.709999084472656,36.76164245605469,30925000
2023-07-11,40.89500045776367,41.66999816894531,40.814998626708984,41.60499954223633,37.56983947753906,39642000
2023-07-12,41.94499969482422,42.224998474121094,41.72999954223633,41.9900016784668,37.91750717163086,43077600
2023-07-13,41.9900016784668,42.25,41.439998626708984,41.83000183105469,37.77301788330078,53226400
2023-07-14,41.560001373291016,41.599998474121094,40.625,40.724998474121094,36.77518844604492,43988200
2023-07-17,40.58000183105469,40.81999969482422,40.459999084472656,40.64500045776367,36.70295333862305,32445800
2023-07-18,40.54999923706055,41.47999954223633,40.48500061035156,41.05500030517578,37.07318878173828,43209400
2023-07-19,41.05500030517578,41.57500076293945,40.96500015258789,41.29499816894531,37.28990173339844,37521000
2023-07-20,41.6349983215332,41.8650016784668,41.43000030517578,41.779998779296875,37.727867126464844,35449800
2023-07-21,41.935001373291016,42.16999816894531,41.665000915527344,42.150001525878906,38.061981201171875,31529000
2023-07-24,42.3650016784668,43.13999938964844,42.349998474121094,42.83000183105469,38.67604064941406,44539600
2023-07-25,42.810001373291016,43.30500030517578,42.54999923706055,43.05500030517578,38.87921142578125,33606600
2023-07-26,42.70000076293945,43.2400016784668,42.63999938964844,43.06999969482422,38.892757415771484,32788000
2023-07-27,43.30500030517578,43.47999954223633,42.67499923706055,42.79499816894531,38.6444206237793,35550600
2023-07-28,42.76499938964844,42.935001373291016,42.29999923706055,42.92499923706055,38.761817932128906,34627800
2023-07-31,43.29999923706055,43.8650016784668,43.17499923706055,43.7400016784668,39.497779846191406,36266400
2023-08-01,43.564998626708984,43.65999984741211,43.064998626708984,43.53499984741211,39.31265640258789,35766000
2023-08-02,43.2400016784668,43.459999084472656,42.599998474121094,42.96500015258789,38.79793167114258,45920000
2023-08-03,43.08000183105469,43.790000915527344,42.845001220703125,43.400001525878906,39.19075393676758,41630600
2023-08-04,43.709999084472656,44.119998931884766,43.40999984741211,43.459999084472656,39.244930267333984,43208200
2023-08-07,43.70500183105469,43.79499816894531,43.380001068115234,43.5099983215332,39.29008102416992,26821600
2023-08-08,42.80500030517578,43.744998931884766,42.48500061035156,43.724998474121094,39.484222412109375,37237200
2023-08-09,44.150001525878906,44.68000030517578,43.875,44.275001525878906,39.980892181396484,52085600
2023-08-10,44.34000015258789,44.845001220703125,43.970001220703125,44.27000045776367,39.97636795043945,39226600
2023-08-11,44.25,45.0,44.2400016784668,44.95000076293945,40.59041213989258,46689200
2023-08-14,44.82500076293945,44.94499969482422,44.459999084472656,44.7599983215332,40.41884231567383,30189400
2023-08-15,44.45000076293945,44.5,43.75,43.83000183105469,39.579044342041016,44982400
2023-08-16,43.875,44.349998474121094,43.41999816894531,43.45000076293945,39.235897064208984,37995400
2023-08-17,44.060001373291016,44.56999969482422,43.904998779296875,43.970001220703125,39.705467224121094,40464200
2023-08-18,43.71500015258789,44.459999084472656,43.57500076293945,44.404998779296875,40.0982780456543,35307200
2023-08-21,44.584999084472656,44.76499938964844,43.81999969482422,44.125,39.84543228149414,30488400
2023-08-22,44.18000030517578,44.334999084472656,43.7599983215332,43.78499984741211,39.53841018676758,25732800
2023-08-23,43.310001373291016,43.71500015258789,42.935001373291016,43.67499923706055,39.43907165527344,38798600
2023-08-24,43.279998779296875,43.834999084472656,43.25,43.375,39.16816711425781,33455000
2023-08-25,43.6349983215332,44.01499938964844,43.255001068115234,43.79499816894531,39.54743194580078,38036800
2023-08-28,43.90999984741211,44.41999816894531,43.834999084472656,44.09000015258789,39.81382751464844,25718200
2023-08-29,44.25,44.255001068115234,43.77000045776367,44.209999084472656,39.922183990478516,27019400
2023-08-30,44.40999984741211,44.5099983215332,44.23500061035156,44.43000030517578,40.120849609375,27890200
2023-08-31,44.595001220703125,44.66999816894531,44.13999938964844,44.459999084472656,40.1479377746582,29617400
2023-09-01,44.95000076293945,45.41999816894531,44.939998626708984,45.369998931884766,40.96967697143555,35764200
2023-09-05,45.625,46.07500076293945,45.58000183105469,45.61000061035156,41.186405181884766,48737400
2023-09-06,45.52000045776367,45.875,45.29499816894531,45.630001068115234,41.204471588134766,40324200
2023-09-07,45.720001220703125,45.95500183105469,45.505001068115234,45.584999084472656,41.16382598876953,30729200
2023-09-08,45.79999923706055,46.35499954223633,45.775001525878906,46.025001525878906,41.56116485595703,34739000
2023-09-11,46.36000061035156,46.5,45.23500061035156,45.41999816894531,41.014827728271484,44095000
2023-09-12,45.90999984741211,46.540000915527344,45.82500076293945,46.4900016784668,41.98106384277344,53599400
2023-09-13,46.53499984741211,46.630001068115234,45.900001525878906,46.13999938964844,41.66500473022461,36315400
2023-09-14,46.619998931884766,46.845001220703125,46.47999954223633,46.68000030517578,42.15263366699219,37099800
2023-09-15,46.25,46.70500183105469,46.005001068115234,46.005001068115234,41.5431022644043,49612800
2023-09-18,46.13999938964844,46.275001525878906,45.71500015258789,46.05500030517578,41.8951416015625,33746600
2023-09-19,46.400001525878906,46.46500015258789,45.35499954223633,45.625,41.50397872924805,36264400
2023-09-20,45.400001525878906,45.915000915527344,45.16999816894531,45.20000076293945,41.117374420166016,35930400
2023-09-21,45.5099983215332,45.6150016784668,44.505001068115234,44.58000183105469,40.553367614746094,43446200
2023-09-22,44.915000915527344,45.21500015258789,44.6150016784668,44.654998779296875,40.6215934753418,42067400
2023-09-25,44.53499984741211,45.28499984741211,44.53499984741211,45.21500015258789,41.13100814819336,35073800
2023-09-26,44.82500076293945,45.224998474121094,44.755001068115234,44.95500183105469,40.89450454711914,33460000
2023-09-27,45.51499938964844,46.20500183105469,45.314998626708984,46.07500076293945,41.91333770751953,46289400
2023-09-28,45.875,46.39500045776367,45.77000045776367,46.125,41.95882034301758,48462800
2023-09-29,46.05500030517578,46.23500061035156,45.025001525878906,45.19499969482422,41.11281967163086,48369200
2023-10-02,45.1349983215332,45.255001068115234,43.9900016784668,44.29499816894531,40.294105529785156,50599800
2023-10-03,44.189998626708984,44.349998474121094,43.83000183105469,44.26499938964844,40.26681900024414,41466600
2023-10-04,43.60499954223633,43.68000030517578,42.45500183105469,42.875,39.00236511230469,59572400
2023-10-05,42.2599983215332,42.98500061035156,42.2599983215332,42.61000061035156,38.76130676269531,47037000
2023-10-06,42.61000061035156,43.255001068115234,42.130001068115234,42.8650016784668,38.9932746887207,51481000
2023-10-09,44.01499938964844,44.47999954223633,43.70000076293945,44.29499816894531,40.294105529785156,61489000
2023-10-10,44.334999084472656,44.64500045776367,44.084999084472656,44.349998474121094,40.344139099121094,41700600
2023-10-11,43.89500045776367,43.939998626708984,43.275001525878906,43.779998779296875,39.82563018798828,47145400
2023-10-12,44.244998931884766,44.28499984741211,43.625,43.83000183105469,39.87110900878906,39986400
2023-10-13,44.54499816894531,45.0099983215332,44.35499954223633,44.79499816894531,40.74894714355469,48511800
2023-10-16,45.084999084472656,45.22999954223633,44.665000915527344,45.095001220703125,41.0218620300293,38365200
2023-10-17,44.994998931884766,45.70500183105469,44.93000030517578,45.564998626708984,41.449398040771484,40424000
2023-10-18,45.75,46.16999816894531,45.64500045776367,45.97999954223633,41.82691192626953,47616800
2023-10-19,45.81999969482422,46.279998779296875,45.3849983215332,45.900001525878906,41.75414276123047,63297000
2023-10-20,45.81999969482422,45.9900016784668,44.974998474121094,45.130001068115234,41.05369567871094,46549600
2023-10-23,44.869998931884766,44.875,44.19499969482422,44.400001525878906,40.38963317871094,51888200
2023-10-24,44.5099983215332,44.54499816894531,43.7599983215332,43.775001525878906,39.821083068847656,44271600
2023-10-25,43.80500030517578,44.029998779296875,43.474998474121094,43.69499969482422,39.74830627441406,41412600
2023-10-26,43.29499816894531,43.55500030517578,42.92499923706055,43.35499954223633,39.43901443481445,44770400
2023-10-27,43.310001373291016,43.474998474121094,42.16999816894531,42.314998626708984,38.49294662475586,53809400
2023-10-30,42.46500015258789,42.77000045776367,42.04499816894531,42.45500183105469,38.62030029296875,45530600
2023-10-31,42.505001068115234,42.685001373291016,42.08000183105469,42.595001220703125,38.74766159057617,37205600
2023-11-01,42.8650016784668,43.095001220703125,42.435001373291016,42.494998931884766,38.65669250488281,46082600
2023-11-02,42.599998474121094,43.81999969482422,42.35499954223633,43.779998779296875,39.82563018798828,45323000
2023-11-03,43.70000076293945,43.84000015258789,43.07500076293945,43.34000015258789,39.42536926269531,47235000
2023-11-06,43.685001373291016,43.685001373291016,42.724998474121094,42.849998474121094,38.97963333129883,41035400
2023-11-07,42.290000915527344,42.3650016784668,41.71500015258789,41.900001525878906,38.11543655395508,47550200
2023-11-08,41.7400016784668,42.01499938964844,41.36000061035156,41.375,37.63785934448242,50742000
2023-11-09,41.68000030517578,41.775001525878906,41.224998474121094,41.25,37.524147033691406,38232200
2023-11-10,41.71500015258789,41.80500030517578,41.310001373291016,41.70500183105469,37.938053131103516,34565600
2023-11-13,41.77000045776367,42.09000015258789,41.63999938964844,42.005001068115234,38.2109489440918,28447400
2023-11-14,42.165000915527344,42.5,42.095001220703125,42.380001068115234,38.55208206176758,34724000
2023-11-15,42.314998626708984,42.834999084472656,42.2400016784668,42.29999923706055,38.479305267333984,33043600
2023-11-16,41.900001525878906,42.060001373291016,41.05500030517578,41.474998474121094,37.728824615478516,53166000
2023-11-17,41.83000183105469,42.625,41.72999954223633,42.345001220703125,38.52024841308594,48850800
2023-11-20,42.52000045776367,42.77000045776367,42.39500045776367,42.404998779296875,38.574825286865234,29093800
2023-11-21,42.20500183105469,42.3849983215332,41.904998779296875,42.310001373291016,38.4884033203125,26973800
2023-11-22,41.46500015258789,42.32500076293945,41.22999954223633,42.290000915527344,38.47020721435547,36547200
2023-11-24,42.275001525878906,42.779998779296875,42.25,42.46500015258789,38.62940216064453,19152600
2023-11-27,42.244998931884766,42.38999938964844,41.91999816894531,42.314998626708984,38.49294662475586,24501800
2023-11-28,42.400001525878906,42.71500015258789,42.244998931884766,42.32500076293945,38.502044677734375,28921800
2023-11-29,42.59000015258789,42.64500045776367,41.875,42.0099983215332,38.215492248535156,45268000
2023-11-30,42.369998931884766,42.89500045776367,41.78499984741211,42.290000915527344,38.47020721435547,58364600
2023-12-01,42.2400016784668,43.01499938964844,42.04999923706055,42.5099983215332,38.67033767700195,43048000
2023-12-04,42.20000076293945,42.58000183105469,42.005001068115234,42.314998626708984,38.49294662475586,37070200
2023-12-05,42.290000915527344,42.369998931884766,41.54999923706055,41.57500076293945,37.819793701171875,37747200
2023-12-06,41.30500030517578,41.595001220703125,40.79499816894531,40.95500183105469,37.255794525146484,62306600
2023-12-07,41.14500045776367,41.349998474121094,40.529998779296875,40.67499923706055,37.0010871887207,40908800
2023-12-08,40.94499969482422,41.2400016784668,40.86000061035156,41.1150016784668,37.401344299316406,34127200
2023-12-11,41.150001525878906,41.29999923706055,40.959999084472656,41.165000915527344,37.44682693481445,29344200
2023-12-12,40.78499984741211,40.83000183105469,40.369998931884766,40.599998474121094,36.93285369873047,45386600
2023-12-13,40.625,41.18000030517578,40.435001373291016,41.165000915527344,37.44682693481445,46445600
2023-12-14,41.58000183105469,42.43000030517578,41.58000183105469,42.375,38.54753112792969,60717400
2023-12-15,41.994998931884766,42.22999954223633,41.79999923706055,42.150001525878906,38.34285354614258,46366400
2023-12-18,42.4900016784668,42.70500183105469,42.04999923706055,42.09000015258789,38.656036376953125,42447200
2023-12-19,42.16999816894531,42.63999938964844,42.07500076293945,42.595001220703125,39.11983108520508,36862400
2023-12-20,42.744998931884766,42.994998931884766,42.150001525878906,42.20000076293945,38.75705337524414,39818200
2023-12-21,42.28499984741211,42.43000030517578,41.970001220703125,42.3650016784668,38.908599853515625,26062800
2023-12-22,42.66999816894531,42.86000061035156,42.42499923706055,42.4900016784668,39.023399353027344,25037800
2023-12-26,42.849998474121094,43.084999084472656,42.720001220703125,42.85499954223633,39.35861587524414,25983400
2023-12-27,42.85499954223633,43.0,42.5099983215332,42.665000915527344,39.184112548828125,20238200
2023-12-28,42.44499969482422,42.61000061035156,42.0,42.01499938964844,38.587158203125,26198000
2023-12-29,42.15999984741211,42.20000076293945,41.79499816894531,41.91999816894531,38.499900817871094,24345400
2024-01-02,42.21500015258789,42.7599983215332,42.154998779296875,42.369998931884766,38.913185119628906,39301800
2024-01-03,42.435001373291016,43.21500015258789,42.220001220703125,43.060001373291016,39.54689407348633,37936000
2024-01-04,43.369998931884766,43.55500030517578,42.279998779296875,42.30500030517578,38.85348892211914,42049000
2024-01-05,42.709999084472656,42.72999954223633,42.14500045776367,42.34000015258789,38.88563537597656,34029200
2024-01-08,41.619998931884766,41.900001525878906,41.04999923706055,41.849998474121094,38.435611724853516,47218600
2024-01-09,41.904998779296875,41.95000076293945,41.09000015258789,41.18000030517578,37.820281982421875,33750400
2024-01-10,41.2599983215332,41.275001525878906,40.61000061035156,40.775001525878906,37.44832229614258,33159800
2024-01-11,40.994998931884766,41.099998474121094,40.71500015258789,40.880001068115234,37.54475784301758,38588600
2024-01-12,41.5099983215332,41.67499923706055,41.09000015258789,41.34000015258789,37.96722412109375,38769200
2024-01-16,41.25,41.30500030517578,40.33000183105469,40.35499954223633,37.06258773803711,36031200
2024-01-17,39.939998626708984,40.41999816894531,39.849998474121094,40.02000045776367,36.75491714477539,39284200
2024-01-18,40.029998779296875,40.064998626708984,39.4900016784668,39.95500183105469,36.69522476196289,35705600
2024-01-19,39.935001373291016,40.09000015258789,39.79499816894531,40.084999084472656,36.814613342285156,39940200
2024-01-22,40.0,40.32500076293945,39.7400016784668,40.23500061035156,36.95237350463867,30136800
2024-01-23,40.16999816894531,40.64500045776367,40.11000061035156,40.31999969482422,37.03044128417969,24709200
2024-01-24,40.529998779296875,40.915000915527344,40.34000015258789,40.89500045776367,37.55852127075195,33841000
2024-01-25,41.185001373291016,41.83000183105469,40.939998626708984,41.814998626708984,38.403465270996094,37609400
2024-01-26,41.77000045776367,42.13999938964844,41.46500015258789,42.125,38.68817901611328,36469600
2024-01-29,42.060001373291016,42.125,41.625,42.064998626708984,38.6330680847168,29680600
2024-01-30,41.650001525878906,42.5099983215332,41.4900016784668,42.5,39.0325813293457,35341200
2024-01-31,42.5,42.58000183105469,41.685001373291016,41.70500183105469,38.30244445800781,38580800
2024-02-01,41.95500183105469,42.150001525878906,41.314998626708984,41.70000076293945,38.297847747802734,51101400
2024-02-02,42.04999923706055,42.09000015258789,41.40999984741211,41.7599983215332,38.35295486450195,38075000
2024-02-05,41.505001068115234,41.904998779296875,41.20500183105469,41.654998779296875,38.25651931762695,31593600
2024-02-06,41.86000061035156,42.20000076293945,41.6150016784668,41.790000915527344,38.38051223754883,28056200
2024-02-07,41.90999984741211,42.09000015258789,41.53499984741211,41.875,38.45857238769531,26920400
2024-02-08,41.849998474121094,42.459999084472656,41.84000015258789,42.30500030517578,38.85348892211914,36201000
2024-02-09,42.3849983215332,42.564998626708984,41.61000061035156,41.654998779296875,38.25651931762695,38073400
2024-02-12,41.79999923706055,42.23500061035156,41.79999923706055,42.1150016784668,38.678993225097656,25893800
2024-02-13,42.154998779296875,42.29999923706055,41.41999816894531,41.689998626708984,38.288665771484375,41156800
2024-02-14,41.994998931884766,42.125,41.43000030517578,41.650001525878906,38.25193405151367,40894600
2024-02-15,41.63999938964844,42.93000030517578,41.60499954223633,42.810001373291016,39.31729507446289,43364400
2024-02-16,42.98500061035156,43.125,42.65999984741211,42.78499984741211,39.29433059692383,26960800
2024-02-20,42.83000183105469,42.85499954223633,42.34000015258789,42.39500045776367,38.936153411865234,28995600
2024-02-21,42.57500076293945,43.22999954223633,42.54499816894531,43.189998626708984,39.666290283203125,28745800
2024-02-22,42.915000915527344,43.44499969482422,42.709999084472656,43.26499938964844,39.73516845703125,35206800
2024-02-23,42.845001220703125,43.119998931884766,42.56999969482422,42.97999954223633,39.473419189453125,28952400
2024-02-26,42.93000030517578,43.415000915527344,42.71500015258789,43.130001068115234,39.611183166503906,23376400
2024-02-27,43.16999816894531,43.35499954223633,42.724998474121094,42.94499969482422,39.44127655029297,26317400
2024-02-28,43.0,43.32500076293945,42.689998626708984,42.86000061035156,39.36321258544922,26679600
2024-02-29,42.95000076293945,43.209999084472656,42.83000183105469,43.06999969482422,39.55607604980469,27335400
2024-03-01,43.380001068115234,43.77000045776367,43.30500030517578,43.56999969482422,40.01528549194336,32459600
2024-03-04,43.54499816894531,43.65999984741211,43.064998626708984,43.10499954223633,39.588226318359375,33198000
2024-03-05,43.040000915527344,43.70500183105469,42.98500061035156,43.42499923706055,39.88211441040039,32174200
2024-03-06,43.790000915527344,44.02000045776367,43.46500015258789,43.560001373291016,40.006099700927734,28008800
2024-03-07,43.619998931884766,44.17499923706055,43.584999084472656,43.93000030517578,40.34591293334961,24569200
2024-03-08,43.869998931884766,44.095001220703125,43.7599983215332,44.084999084472656,40.48826599121094,28252000
2024-03-11,44.095001220703125,44.55500030517578,43.76499938964844,44.540000915527344,40.90614700317383,24983800
2024-03-12,44.53499984741211,44.65999984741211,44.23500061035156,44.470001220703125,40.84185791015625,23780600
2024-03-13,44.935001373291016,45.42499923706055,44.86000061035156,45.18000030517578,41.493927001953125,42725200
2024-03-14,45.36000061035156,45.665000915527344,45.185001373291016,45.64500045776367,41.920989990234375,35946000
2024-03-15,45.61000061035156,46.11000061035156,45.505001068115234,45.779998779296875,42.044979095458984,37753400
2024-03-18,45.595001220703125,45.72999954223633,45.21500015258789,45.56999969482422,42.190338134765625,30496800
2024-03-19,45.564998626708984,46.125,45.53499984741211,46.09000015258789,42.67176818847656,28545800
2024-03-20,45.82500076293945,46.189998626708984,45.755001068115234,46.025001525878906,42.61158752441406,32659400
2024-03-21,46.10499954223633,46.39500045776367,45.959999084472656,46.29999923706055,42.86619567871094,23334200
2024-03-22,46.31999969482422,46.435001373291016,46.084999084472656,46.20000076293945,42.77361297607422,17948800
2024-03-25,46.36000061035156,46.939998626708984,46.349998474121094,46.630001068115234,43.171714782714844,35074400
2024-03-26,46.67499923706055,46.779998779296875,46.18000030517578,46.27000045776367,42.83842468261719,35373800
2024-03-27,46.16999816894531,46.709999084472656,46.09000015258789,46.70000076293945,43.23653030395508,33960000
2024-03-28,46.974998474121094,47.290000915527344,46.75,47.20500183105469,43.704078674316406,34615200
2024-04-01,47.345001220703125,47.69499969482422,46.880001068115234,47.55500030517578,44.02811813354492,42899000
2024-04-02,47.7599983215332,48.27000045776367,47.54999923706055,48.220001220703125,44.643798828125,38671200
2024-04-03,48.400001525878906,48.6150016784668,48.2400016784668,48.54999923706055,44.949317932128906,29148800
2024-04-04,48.625,48.79999923706055,48.33000183105469,48.52000045776367,44.92155075073242,36941200
2024-04-05,48.720001220703125,49.23500061035156,48.42499923706055,49.040000915527344,45.40298843383789,31194600
2024-04-08,49.064998626708984,49.20500183105469,48.64500045776367,48.72999954223633,45.11597442626953,34034600
2024-04-09,48.939998626708984,49.06999969482422,48.38999938964844,48.744998931884766,45.12986373901367,35322800
2024-04-10,48.61000061035156,49.07500076293945,48.400001525878906,48.89500045776367,45.268741607666016,39199600
2024-04-11,49.04999923706055,49.06999969482422,48.16999816894531,48.86000061035156,45.2363395690918,39204600
2024-04-12,49.16999816894531,49.48500061035156,47.834999084472656,48.064998626708984,44.50028991699219,46572400
2024-04-15,48.29499816894531,48.525001525878906,47.55500030517578,47.6150016784668,44.08367156982422,48690800
2024-04-16,47.525001525878906,47.744998931884766,46.8650016784668,47.20000076293945,43.69944381713867,36497600
2024-04-17,47.099998474121094,47.56999969482422,46.72999954223633,47.064998626708984,43.574459075927734,27421000
2024-04-18,47.224998474121094,47.36000061035156,46.755001068115234,46.91999816894531,43.440208435058594,25555600
2024-04-19,47.0099983215332,47.80500030517578,46.939998626708984,47.48500061035156,43.963314056396484,35451400
2024-04-22,47.23500061035156,48.119998931884766,46.86000061035156,47.79499816894531,44.25031661987305,30244400
2024-04-23,47.57500076293945,48.060001373291016,47.345001220703125,48.060001373291016,44.495670318603516,28657400
2024-04-24,47.7599983215332,48.150001525878906,47.529998779296875,48.095001220703125,44.528076171875,21303800
2024-04-25,48.040000915527344,48.459999084472656,47.625,48.314998626708984,44.731746673583984,26500200
2024-04-26,47.880001068115234,48.060001373291016,47.380001068115234,47.869998931884766,44.31975555419922,32366600
2024-04-29,47.72999954223633,48.29999923706055,47.70000076293945,48.19499969482422,44.62065124511719,22236400
2024-04-30,48.0,48.084999084472656,46.7400016784668,46.7599983215332,43.29207992553711,35399000
2024-05-01,46.69499969482422,46.845001220703125,45.76499938964844,46.01499938964844,42.60232925415039,50943800
2024-05-02,46.32500076293945,46.595001220703125,46.060001373291016,46.279998779296875,42.847679138183594,34616800
2024-05-03,46.31999969482422,46.369998931884766,45.67499923706055,46.28499984741211,42.8523063659668,38087800
2024-05-06,46.43000030517578,47.119998931884766,46.43000030517578,46.650001525878906,43.19023513793945,33445600
2024-05-07,46.71500015258789,46.95000076293945,46.59000015258789,46.60499954223633,43.148582458496094,20942200
2024-05-08,46.334999084472656,46.775001525878906,46.26499938964844,46.54999923706055,43.09765625,19811800
2024-05-09,46.599998474121094,47.17499923706055,46.599998474121094,47.17499923706055,43.676300048828125,22489400
2024-05-10,47.275001525878906,47.43000030517578,46.790000915527344,46.915000915527344,43.43558120727539,20568400
2024-05-13,47.025001525878906,47.20000076293945,46.59000015258789,46.790000915527344,43.31985855102539,20978000
2024-05-14,46.70000076293945,46.8849983215332,46.5099983215332,46.849998474121094,43.37540817260742,24911600
2024-05-15,46.75,47.040000915527344,46.060001373291016,46.95500183105469,43.472618103027344,38792200
2024-05-16,46.849998474121094,47.189998626708984,46.70000076293945,46.82500076293945,43.35226058959961,24580200
2024-05-17,46.90999984741211,47.55500030517578,46.89500045776367,47.47999954223633,43.95867919921875,29001600
2024-05-20,47.5,47.60499954223633,47.05500030517578,47.16999816894531,43.671669006347656,20134600
2024-05-21,47.04999923706055,47.435001373291016,46.904998779296875,46.939998626708984,43.45873260498047,22467600
2024-05-22,46.75,46.77000045776367,45.85499954223633,46.040000915527344,42.62548065185547,34868000
2024-05-23,46.27000045776367,46.43000030517578,45.540000915527344,45.619998931884766,42.23662567138672,26931400
2024-05-24,45.974998474121094,46.095001220703125,45.55500030517578,45.685001373291016,42.29680633544922,19041400
2024-05-28,45.845001220703125,46.275001525878906,45.72999954223633,46.154998779296875,42.73194885253906,28904200
2024-05-29,46.025001525878906,46.064998626708984,45.1349983215332,45.34000015258789,41.977394104003906,30053600
2024-05-30,45.2400016784668,45.6349983215332,45.224998474121094,45.470001220703125,42.09775161743164,22731400
2024-05-31,45.54999923706055,46.6349983215332,45.505001068115234,46.599998474121094,43.143943786621094,32503000
2024-06-03,46.44499969482422,46.459999084472656,45.04499816894531,45.380001068115234,42.01443099975586,40796600
2024-06-04,44.90999984741211,44.98500061035156,44.349998474121094,44.94499969482422,41.61168670654297,34721400
2024-06-05,45.0,45.06999969482422,44.665000915527344,44.939998626708984,41.607059478759766,21040200
2024-06-06,44.78499984741211,45.189998626708984,44.6150016784668,45.17499923706055,41.824623107910156,25506600
2024-06-07,45.09000015258789,45.52000045776367,44.775001525878906,44.994998931884766,41.657981872558594,20089800
2024-06-10,45.165000915527344,45.60499954223633,44.994998931884766,45.334999084472656,41.97276306152344,22543800
2024-06-11,45.1349983215332,45.29499816894531,44.720001220703125,45.244998931884766,41.88943862915039,18591200
2024-06-12,45.619998931884766,45.6349983215332,44.53499984741211,44.7599983215332,41.440406799316406,32560600
2024-06-13,44.63999938964844,44.76499938964844,44.125,44.349998474121094,41.060813903808594,28495600
2024-06-14,44.29999923706055,44.349998474121094,43.834999084472656,44.02000045776367,40.755279541015625,25811400
2024-06-17,43.959999084472656,44.334999084472656,43.79999923706055,44.1349983215332,40.86175537109375,29547800
2024-06-18,44.41999816894531,44.880001068115234,44.209999084472656,44.31999969482422,41.033042907714844,29285800
2024-06-20,44.45000076293945,45.3650016784668,44.310001373291016,45.1349983215332,41.78759765625,34073800
2024-06-21,45.255001068115234,45.380001068115234,44.810001373291016,44.875,41.5468864440918,39972600
2024-06-24,44.76499938964844,45.814998626708984,44.689998626708984,45.63999938964844,42.5944709777832,31188200
2024-06-25,45.599998474121094,45.75,45.349998474121094,45.744998931884766,42.69247055053711,27666600
2024-06-26,45.79499816894531,45.79499816894531,45.08000183105469,45.29499816894531,42.27249526977539,23127400
2024-06-27,45.53499984741211,45.584999084472656,45.14500045776367,45.400001525878906,42.3704948425293,15631600
2024-06-28,45.75,45.90999984741211,45.40999984741211,45.57500076293945,42.5338134765625,25670000
2024-07-01,45.939998626708984,46.09000015258789,45.33000183105469,45.599998474121094,42.5571403503418,24563200
2024-07-02,46.040000915527344,46.04999923706055,45.275001525878906,45.564998626708984,42.524478912353516,25226800
2024-07-03,45.60499954223633,45.974998474121094,45.525001525878906,45.76499938964844,42.71113586425781,16280000
2024-07-05,45.67499923706055,45.709999084472656,44.849998474121094,45.04999923706055,42.043846130371094,23450400
2024-07-08,44.724998474121094,45.189998626708984,44.599998474121094,44.775001525878906,41.78719711303711,19595000
2024-07-09,44.33000183105469,44.869998931884766,44.20000076293945,44.380001068115234,41.41856002807617,19086600
2024-07-10,44.33000183105469,44.69499969482422,44.19499969482422,44.68000030517578,41.69853591918945,19320800
2024-07-11,44.564998626708984,45.2400016784668,44.40999984741211,45.14500045776367,42.132511138916016,22684800
2024-07-12,45.400001525878906,45.46500015258789,44.92499923706055,45.2599983215332,42.23983383178711,18117200
2024-07-15,45.58000183105469,46.36000061035156,45.404998779296875,45.94499969482422,42.879119873046875,30792000
2024-07-16,45.75,46.19499969482422,45.51499938964844,46.150001525878906,43.0704460144043,24129400
2024-07-17,46.255001068115234,46.90999984741211,46.244998931884766,46.61000061035156,43.4997444152832,29435400
2024-07-18,46.560001373291016,47.255001068115234,46.39500045776367,46.69499969482422,43.579078674316406,32867600
2024-07-19,46.619998931884766,46.939998626708984,46.064998626708984,46.185001373291016,43.103111267089844,26500200
2024-07-22,45.939998626708984,46.15999984741211,45.6349983215332,45.89500045776367,42.83246612548828,21527600
2024-07-23,45.76499938964844,45.80500030517578,45.11000061035156,45.165000915527344,42.15117263793945,33103800
2024-07-24,45.28499984741211,45.57500076293945,44.86000061035156,45.16999816894531,42.15583419799805,29328600
2024-07-25,45.20000076293945,46.095001220703125,44.98500061035156,45.95000076293945,42.8837890625,36437400
2024-07-26,45.83000183105469,46.290000915527344,45.665000915527344,46.095001220703125,43.01911544799805,23730800
2024-07-29,46.099998474121094,46.1349983215332,45.27000045776367,45.70000076293945,42.65047073364258,27156600
2024-07-30,45.69499969482422,46.55500030517578,45.63999938964844,46.40999984741211,43.3130989074707,25673200
2024-07-31,47.040000915527344,47.06999969482422,46.56999969482422,46.60499954223633,43.495086669921875,36173800
2024-08-01,46.5,46.73500061035156,45.1349983215332,45.369998931884766,42.34249496459961,42558400
2024-08-02,44.849998474121094,45.095001220703125,43.755001068115234,44.20000076293945,41.25056838989258,45836200
2024-08-05,43.25,43.59000015258789,42.73500061035156,43.224998474121094,40.34062957763672,50039200
2024-08-06,43.3849983215332,43.97999954223633,43.21500015258789,43.4900016784668,40.587947845458984,31418600
2024-08-07,44.02000045776367,44.470001220703125,43.63999938964844,43.665000915527344,40.75127029418945,26126000
2024-08-08,43.790000915527344,44.665000915527344,43.790000915527344,44.60499954223633,41.628536224365234,21596800
2024-08-09,44.540000915527344,44.89500045776367,44.255001068115234,44.70500183105469,41.721866607666016,22345600
2024-08-12,44.96500015258789,45.21500015258789,43.75,44.92499923706055,41.927188873291016,28785800
2024-08-13,44.584999084472656,44.625,44.27000045776367,44.4900016784668,41.52121353149414,31386400
2024-08-14,44.57500076293945,44.95000076293945,44.400001525878906,44.75,41.76387405395508,21657600
2024-08-15,45.005001068115234,45.43000030517578,44.96500015258789,45.28499984741211,42.26316452026367,18335200
2024-08-16,45.005001068115234,45.345001220703125,44.970001220703125,45.23500061035156,42.21649932861328,17753000
2024-08-19,45.310001373291016,45.92499923706055,45.310001373291016,45.540000915527344,42.50115203857422,21762600
2024-08-20,45.439998626708984,45.47999954223633,44.31999969482422,44.34000015258789,41.381221771240234,33866400
2024-08-21,44.619998931884766,44.845001220703125,44.290000915527344,44.415000915527344,41.45121765136719,22737800
2024-08-22,44.44499969482422,44.72999954223633,44.35499954223633,44.529998779296875,41.55854415893555,19595400
2024-08-23,44.7400016784668,45.27000045776367,44.685001373291016,45.19499969482422,42.179168701171875,20734600
2024-08-26,45.69499969482422,46.0,45.26499938964844,45.599998474121094,42.5571403503418,19514800
2024-08-27,45.599998474121094,45.724998474121094,45.095001220703125,45.17499923706055,42.16050338745117,16627200
2024-08-28,44.900001525878906,45.165000915527344,44.685001373291016,44.8849983215332,41.889862060546875,17049000
2024-08-29,45.150001525878906,45.63999938964844,44.724998474121094,45.470001220703125,42.435821533203125,22498800
2024-08-30,45.0099983215332,45.654998779296875,44.904998779296875,45.63999938964844,42.5944709777832,28085000
2024-09-03,44.89500045776367,44.96500015258789,44.224998474121094,44.505001068115234,41.53521728515625,38194200
2024-09-04,44.54999923706055,44.834999084472656,43.80500030517578,43.88999938964844,40.96125030517578,30114000
2024-09-05,44.20500183105469,44.2400016784668,43.5099983215332,43.54999923706055,40.643943786621094,24991200
2024-09-06,43.64500045776367,43.90999984741211,42.83000183105469,43.005001068115234,40.135311126708984,35912000
2024-09-09,43.1349983215332,43.71500015258789,43.06999969482422,43.314998626708984,40.424625396728516,32824400
2024-09-10,43.380001068115234,43.435001373291016,42.20500183105469,42.56999969482422,39.72933578491211,49326800
2024-09-11,42.564998626708984,42.584999084472656,41.5099983215332,42.17499923706055,39.36069107055664,48125800
2024-09-12,42.34000015258789,42.720001220703125,42.025001525878906,42.55500030517578,39.7153434753418,31762000
2024-09-13,42.77000045776367,43.1150016784668,42.66999816894531,42.79499816894531,39.93931579589844,26195400
2024-09-16,43.154998779296875,43.55500030517578,42.959999084472656,43.28499984741211,40.39662551879883,26875000
2024-09-17,43.29999923706055,43.900001525878906,43.20500183105469,43.869998931884766,40.94258499145508,25034600
2024-09-18,43.80500030517578,44.494998931884766,43.744998931884766,43.95500183105469,41.021915435791016,28209600
2024-09-19,44.70000076293945,44.97999954223633,44.23500061035156,44.47999954223633,41.51188659667969,37806800
2024-09-20,44.29499816894531,44.48500061035156,43.88999938964844,44.380001068115234,41.41856002807617,27961600
2024-09-23,44.099998474121094,44.779998779296875,43.95000076293945,44.560001373291016,41.92997741699219,26630200
2024-09-24,45.06999969482422,45.06999969482422,44.3849983215332,44.45000076293945,41.82646942138672,34627400
2024-09-25,44.334999084472656,44.470001220703125,43.4900016784668,43.58000183105469,41.00782012939453,27633600
2024-09-26,42.71500015258789,43.290000915527344,42.584999084472656,42.724998474121094,40.203285217285156,46896400
2024-09-27,42.95500183105469,43.65999984741211,42.93000030517578,43.595001220703125,41.02193069458008,30489600
2024-09-30,43.51499938964844,43.97999954223633,43.26499938964844,43.900001525878906,41.30893325805664,22806600
2024-10-01,43.505001068115234,45.08000183105469,43.45000076293945,44.900001525878906,42.249908447265625,66114200
2024-10-02,45.529998779296875,45.64500045776367,44.85499954223633,45.36000061035156,42.682762145996094,41925200
2024-10-03,45.52000045776367,46.220001220703125,45.17499923706055,46.15999984741211,43.435543060302734,44726000
2024-10-04,46.54999923706055,46.73500061035156,46.125,46.59000015258789,43.84016799926758,35945600
2024-10-07,46.755001068115234,47.10499954223633,46.599998474121094,46.755001068115234,43.99542236328125,32519400
2024-10-08,46.150001525878906,46.20000076293945,45.314998626708984,45.53499984741211,42.84742736816406,39759800
2024-10-09,45.19499969482422,45.93000030517578,45.10499954223633,45.810001373291016,43.106204986572266,31519600
2024-10-10,46.064998626708984,46.375,45.72999954223633,46.119998931884766,43.39789581298828,26047400
2024-10-11,46.10499954223633,46.56999969482422,46.01499938964844,46.404998779296875,43.666080474853516,26414600
2024-10-14,46.08000183105469,46.459999084472656,46.0099983215332,46.3849983215332,43.64726257324219,22198600
2024-10-15,45.150001525878906,45.45000076293945,44.8650016784668,44.88999938964844,42.240501403808594,37839200
2024-10-16,45.14500045776367,45.255001068115234,44.98500061035156,45.10499954223633,42.44281005859375,19877000
2024-10-17,45.099998474121094,45.470001220703125,45.04999923706055,45.31999969482422,42.645118713378906,21433400
2024-10-18,45.23500061035156,45.3650016784668,44.849998474121094,45.16999816894531,42.50396728515625,24015200
2024-10-21,45.470001220703125,45.6150016784668,44.95500183105469,45.03499984741211,42.37694549560547,21162000
2024-10-22,45.20000076293945,45.349998474121094,44.974998474121094,45.13999938964844,42.475738525390625,17956400
2024-10-23,45.01499938964844,45.189998626708984,44.64500045776367,44.904998779296875,42.25461959838867,19813200
2024-10-24,45.0,45.1349983215332,44.599998474121094,44.900001525878906,42.249908447265625,17046600
2024-10-25,45.13999938964844,45.2599983215332,44.755001068115234,44.8849983215332,42.23579788208008,19104600
2024-10-28,43.93000030517578,44.630001068115234,43.88999938964844,44.599998474121094,41.96761703491211,24228000
2024-10-29,44.5,44.53499984741211,43.82500076293945,43.91999816894531,41.3277473449707,23791600
2024-10-30,44.07500076293945,44.3650016784668,43.904998779296875,44.02000045776367,41.42184066772461,19364200
2024-10-31,44.29999923706055,44.630001068115234,44.18000030517578,44.29499816894531,41.68061447143555,31623200
2024-11-01,44.89500045776367,45.05500030517578,43.92499923706055,44.01499938964844,41.417144775390625,26304600
2024-11-04,44.314998626708984,44.85499954223633,44.255001068115234,44.78499984741211,42.141700744628906,25811800
2024-11-05,45.005001068115234,45.20000076293945,44.80500030517578,45.084999084472656,42.423988342285156,20876600
2024-11-06,46.32500076293945,47.1349983215332,46.025001525878906,46.779998779296875,44.018943786621094,50053200
2024-11-07,46.75,46.75,46.209999084472656,46.564998626708984,43.816627502441406,26138000
2024-11-08,46.56999969482422,46.94499969482422,46.3849983215332,46.875,44.10834503173828,22336800
2024-11-11,46.8849983215332,47.29999923706055,46.665000915527344,47.13999938964844,44.35769271850586,20909400
2024-11-12,47.275001525878906,47.42499923706055,46.84000015258789,46.88999938964844,44.12245178222656,18500400
2024-11-13,47.029998779296875,47.45000076293945,46.46500015258789,47.255001068115234,44.465911865234375,23676200
2024-11-14,47.56999969482422,47.59000015258789,47.1349983215332,47.435001373291016,44.63528823852539,18011000
2024-11-15,47.38999938964844,47.845001220703125,47.19499969482422,47.3650016784668,44.56941604614258,28080400
2024-11-18,47.7400016784668,48.09000015258789,47.529998779296875,47.994998931884766,45.16223907470703,23892600
2024-11-19,47.61000061035156,47.974998474121094,47.46500015258789,47.689998626708984,44.8752326965332,23796400
2024-11-20,47.8650016784668,48.20500183105469,47.71500015258789,48.16999816894531,45.326904296875,17917600
2024-11-21,48.38999938964844,48.92499923706055,48.27000045776367,48.560001373291016,45.69388961791992,33541000
2024-11-22,48.494998931884766,48.959999084472656,48.45000076293945,48.6349983215332,45.764461517333984,21555600
2024-11-25,48.625,48.869998931884766,47.560001373291016,47.67499923706055,44.86112594604492,32950600
2024-11-26,47.7400016784668,47.84000015258789,47.38999938964844,47.61000061035156,44.79996109008789,24932800
2024-11-27,47.564998626708984,47.96500015258789,47.5,47.560001373291016,44.75291061401367,15595600
2024-11-29,47.665000915527344,47.845001220703125,47.58000183105469,47.76499938964844,44.9458122253418,13636400
2024-12-02,47.75,47.83000183105469,46.834999084472656,47.2599983215332,44.47061538696289,22190000
2024-12-03,47.564998626708984,47.650001525878906,47.04999923706055,47.255001068115234,44.465911865234375,17886600
2024-12-04,47.23500061035156,47.23500061035156,45.84000015258789,46.1150016784668,43.3931999206543,32518000
2024-12-05,46.28499984741211,46.599998474121094,46.099998474121094,46.29499816894531,43.562564849853516,22662400
2024-12-06,46.20000076293945,46.20500183105469,45.42499923706055,45.5099983215332,42.82390594482422,26206600
2024-12-09,45.88999938964844,46.1349983215332,45.39500045776367,45.435001373291016,42.753334045410156,23627800
2024-12-10,45.69499969482422,45.7599983215332,45.060001373291016,45.125,42.461631774902344,23299800
2024-12-11,45.220001220703125,45.369998931884766,44.97999954223633,45.20000076293945,42.532203674316406,23147600
2024-12-12,45.119998931884766,45.20000076293945,44.790000915527344,44.834999084472656,42.188743591308594,21746200
2024-12-13,44.94499969482422,44.959999084472656,44.48500061035156,44.61000061035156,41.977027893066406,22346000
2024-12-16,44.48500061035156,44.48500061035156,43.595001220703125,43.630001068115234,41.05487060546875,25036200
2024-12-17,43.29999923706055,43.3849983215332,42.900001525878906,43.30500030517578,40.74905014038086,32011600
2024-12-18,43.185001373291016,43.38999938964844,42.025001525878906,42.025001525878906,39.54460525512695,39241200
2024-12-19,42.470001220703125,42.60499954223633,41.630001068115234,41.65999984741211,39.201141357421875,49981400
2024-12-20,41.654998779296875,42.21500015258789,41.54499816894531,42.06999969482422,39.586936950683594,35704800
2024-12-23,41.654998779296875,42.10499954223633,41.375,41.96500015258789,39.819419860839844,34445400
2024-12-24,42.084999084472656,42.400001525878906,41.810001373291016,42.31999969482422,40.15626525878906,15024200
2024-12-26,42.334999084472656,42.36000061035156,42.025001525878906,42.28499984741211,40.1230583190918,15386400
2024-12-27,42.25,42.7400016784668,42.06999969482422,42.279998779296875,40.11830520629883,20369800
2024-12-30,42.28499984741211,42.51499938964844,41.92499923706055,42.275001525878906,40.11357116699219,23545400
2024-12-31,42.375,42.95000076293945,42.290000915527344,42.83000183105469,40.640193939208984,21165000
2025-01-02,43.18000030517578,43.650001525878906,43.040000915527344,43.33000183105469,41.114627838134766,34887000
2025-01-03,43.584999084472656,43.880001068115234,43.40999984741211,43.73500061035156,41.49892044067383,22120800
2025-01-06,43.935001373291016,44.28499984741211,43.42499923706055,43.53499984741211,41.309146881103516,22835200
2025-01-07,43.85499954223633,44.30500030517578,43.59000015258789,43.970001220703125,41.72190856933594,25035800
2025-01-08,43.70000076293945,44.03499984741211,43.54499816894531,44.01499938964844,41.76460647583008,28483800
2025-01-10,44.584999084472656,45.099998474121094,43.959999084472656,44.19499969482422,41.93539810180664,34075800
2025-01-13,44.39500045776367,45.38999938964844,44.39500045776367,45.125,42.81785583496094,48896200
2025-01-14,45.04499816894531,45.650001525878906,44.97999954223633,45.61000061035156,43.278053283691406,31173000
2025-01-15,45.88999938964844,46.404998779296875,45.70000076293945,46.28499984741211,43.918540954589844,34657800
2025-01-16,46.130001068115234,46.665000915527344,46.07500076293945,46.619998931884766,44.236412048339844,25230600
2025-01-17,46.619998931884766,47.14500045776367,46.45500183105469,46.97999954223633,44.57801055908203,23899600
2025-01-21,46.86000061035156,47.0,46.494998931884766,46.7400016784668,44.350276947021484,49302000
2025-01-22,46.595001220703125,46.650001525878906,45.86000061035156,45.88999938964844,43.543739318847656,35880200
2025-01-23,46.2400016784668,46.40999984741211,45.775001525878906,46.099998474121094,43.74299621582031,29359200
2025-01-24,46.165000915527344,46.35499954223633,45.599998474121094,45.654998779296875,43.32075881958008,29156800
2025-01-27,45.5,45.58000183105469,44.8650016784668,45.18000030517578,42.87004089355469,31993400
2025-01-28,45.314998626708984,45.474998474121094,44.525001525878906,44.75,42.462032318115234,37401800
2025-01-29,44.63999938964844,45.08000183105469,44.57500076293945,44.849998474121094,42.55691146850586,20681800
2025-01-30,45.125,45.314998626708984,44.79999923706055,45.08000183105469,42.77515411376953,39092600
2025-01-31,44.95500183105469,45.05500030517578,43.71500015258789,43.81999969482422,41.57957458496094,44537400
2025-02-03,43.814998626708984,44.275001525878906,43.415000915527344,44.095001220703125,41.840518951416016,39816400
2025-02-04,43.88999938964844,45.1150016784668,43.814998626708984,45.02000045776367,42.718223571777344,40279800
2025-02-05,45.005001068115234,45.18000030517578,44.755001068115234,45.1150016784668,42.80836868286133,21772000
2025-02-06,45.31999969482422,45.43000030517578,44.04499816894531,44.28499984741211,42.02080535888672,41309600
2025-02-07,44.45000076293945,44.685001373291016,44.220001220703125,44.279998779296875,42.01605224609375,22568400
2025-02-10,44.67499923706055,45.33000183105469,44.67499923706055,45.255001068115234,42.94120788574219,25871400
2025-02-11,45.470001220703125,45.92499923706055,45.18000030517578,45.619998931884766,43.28754425048828,26226800
2025-02-12,45.244998931884766,45.55500030517578,44.439998626708984,44.52000045776367,42.24378204345703,38798800
2025-02-13,44.45000076293945,44.95500183105469,44.15999984741211,44.85499954223633,42.56166458129883,31550400
2025-02-14,45.025001525878906,45.665000915527344,45.025001525878906,45.03499984741211,42.73245620727539,25885800
2025-02-18,45.25,45.95000076293945,44.9900016784668,45.650001525878906,43.31601333618164,29574800
2025-02-19,45.84000015258789,46.439998626708984,45.814998626708984,46.0099983215332,43.65760040283203,24531200
2025-02-20,45.915000915527344,46.5099983215332,45.720001220703125,46.43000030517578,44.056129455566406,28332200
2025-02-21,46.150001525878906,46.275001525878906,45.439998626708984,45.46500015258789,43.14046859741211,31276600
2025-02-24,45.54499816894531,45.720001220703125,45.23500061035156,45.474998474121094,43.14995574951172,26295200
2025-02-25,45.46500015258789,45.67499923706055,44.45500183105469,44.81999969482422,42.528446197509766,26608600
2025-02-26,44.875,44.994998931884766,44.36000061035156,44.564998626708984,42.28647994995117,24305600
2025-02-27,44.875,45.35499954223633,44.4900016784668,44.80500030517578,42.514217376708984,30048000
2025-02-28,44.65999984741211,45.53499984741211,44.380001068115234,45.5,43.173683166503906,26627200
2025-03-03,45.67499923706055,45.935001373291016,43.505001068115234,43.90999984741211,41.664974212646484,49501800
2025-03-04,43.26499938964844,44.189998626708984,42.71500015258789,43.48500061035156,41.2617073059082,50677000
2025-03-05,42.85499954223633,43.07500076293945,42.01499938964844,42.849998474121094,40.6591682434082,56510800
2025-03-06,42.64500045776367,43.244998931884766,42.310001373291016,42.97999954223633,40.78251647949219,47104200
2025-03-07,43.17499923706055,44.029998779296875,43.17499923706055,43.71500015258789,41.479942321777344,44849200
2025-03-10,43.95500183105469,44.64500045776367,43.630001068115234,44.040000915527344,41.788326263427734,40045400
2025-03-11,44.220001220703125,44.40999984741211,43.45500183105469,43.689998626708984,41.45622253417969,30230200
2025-03-12,43.720001220703125,44.29499816894531,43.55500030517578,43.88999938964844,41.645992279052734,32240400
2025-03-13,43.73500061035156,44.3650016784668,43.32500076293945,43.59000015258789,41.36133575439453,30742000
2025-03-14,43.83000183105469,44.939998626708984,43.630001068115234,44.880001068115234,42.58537673950195,32023200
2025-03-17,44.845001220703125,45.80500030517578,44.845001220703125,45.595001220703125,43.263816833496094,29761600
2025-03-18,45.849998474121094,45.95500183105469,45.310001373291016,45.66999816894531,43.33498764038086,30806600
2025-03-19,45.72999954223633,46.619998931884766,45.720001220703125,46.415000915527344,44.041900634765625,31742600
2025-03-20,46.15999984741211,46.7400016784668,45.96500015258789,46.584999084472656,44.20319747924805,33163600
2025-03-21,46.43000030517578,46.540000915527344,45.970001220703125,46.2599983215332,43.89482116699219,36975600
2025-03-24,46.11000061035156,46.70000076293945,46.03499984741211,46.42499923706055,44.39495086669922,23824600
2025-03-25,46.630001068115234,47.02000045776367,46.474998474121094,46.6150016784668,44.57664489746094,22292000
2025-03-26,47.04999923706055,47.40999984741211,46.775001525878906,46.88999938964844,44.83961868286133,25564600
2025-03-27,46.75,46.92499923706055,46.25,46.435001373291016,44.404518127441406,19147800
2025-03-28,46.40999984741211,46.584999084472656,45.98500061035156,46.21500015258789,44.19413757324219,22248800
2025-03-31,46.1150016784668,47.0,46.04999923706055,46.724998474121094,44.68183517456055,28813800
2025-04-01,46.75,47.04499816894531,46.244998931884766,47.0,44.9448127746582,27121200
2025-04-02,46.599998474121094,47.10499954223633,46.4900016784668,47.064998626708984,45.0069694519043,33960600
2025-04-03,44.82500076293945,45.16999816894531,43.35499954223633,43.369998931884766,41.473541259765625,75657800
2025-04-04,41.82500076293945,42.29499816894531,39.380001068115234,39.380001068115234,37.65801239013672,100752000
2025-04-07,38.10499954223633,40.790000915527344,37.4900016784668,39.125,37.41416931152344,113906800
2025-04-08,40.33000183105469,40.540000915527344,37.61000061035156,38.220001220703125,36.548736572265625,90538400
2025-04-09,37.474998474121094,41.60499954223633,37.244998931884766,41.18000030517578,39.379302978515625,118962400
2025-04-10,40.11000061035156,40.11000061035156,37.7400016784668,38.4900016784668,36.80693054199219,79046600
2025-04-11,38.66999816894531,39.7400016784668,37.90999984741211,39.44499969482422,37.72017288208008,41916800
2025-04-14,40.380001068115234,40.380001068115234,39.189998626708984,39.584999084472656,37.85404968261719,32748200
2025-04-15,39.54999923706055,40.2599983215332,39.505001068115234,39.525001525878906,37.79667663574219,22167000
2025-04-16,39.77000045776367,40.525001525878906,39.66999816894531,39.849998474121094,38.107460021972656,27331400
2025-04-17,40.17499923706055,41.380001068115234,40.154998779296875,40.75,38.968109130859375,47908800
2025-04-21,40.10499954223633,40.20500183105469,39.244998931884766,39.685001373291016,37.949676513671875,31012000
2025-04-22,40.20000076293945,40.994998931884766,40.025001525878906,40.69499969482422,38.91550827026367,22097400
2025-04-23,41.04999923706055,41.4900016784668,40.369998931884766,40.619998931884766,38.84379196166992,43216200
2025-04-24,41.0,41.38999938964844,40.64500045776367,41.27000045776367,39.465370178222656,21219000
2025-04-25,40.900001525878906,41.22999954223633,40.7400016784668,41.19499969482422,39.39365005493164,17664800
2025-04-28,41.150001525878906,41.599998474121094,41.095001220703125,41.48500061035156,39.67097091674805,16436800
2025-04-29,41.02000045776367,41.51499938964844,40.939998626708984,41.3650016784668,39.556217193603516,19843400
2025-04-30,40.70000076293945,40.7599983215332,39.755001068115234,40.25,38.489967346191406,37814200
2025-05-01,39.91999816894531,40.93000030517578,39.91999816894531,40.400001525878906,38.63341522216797,36314400
2025-05-02,40.88999938964844,41.19499969482422,40.15999984741211,40.9900016784668,39.197608947753906,32038800
2025-05-05,40.474998474121094,40.529998779296875,40.025001525878906,40.25,38.489967346191406,29530200
2025-05-06,40.43000030517578,40.61000061035156,40.03499984741211,40.2599983215332,38.499534606933594,22995400
2025-05-07,40.349998474121094,40.47999954223633,39.970001220703125,40.275001525878906,38.513877868652344,22446200
2025-05-08,40.64500045776367,41.36000061035156,40.58000183105469,40.80500030517578,39.02070236206055,30565800
2025-05-09,41.29999923706055,41.41999816894531,40.880001068115234,41.21500015258789,39.41276931762695,19993200
2025-05-12,42.7400016784668,42.935001373291016,41.97999954223633,42.290000915527344,40.44076919555664,32610000
2025-05-13,42.5,43.224998474121094,42.33000183105469,42.8849983215332,41.009742736816406,29031600
2025-05-14,42.599998474121094,42.790000915527344,42.459999084472656,42.625,40.761112213134766,21332600
2025-05-15,42.084999084472656,42.83000183105469,41.97999954223633,42.80500030517578,40.933250427246094,29721600
2025-05-16,42.900001525878906,42.92499923706055,42.30500030517578,42.7400016784668,40.871089935302734,21725800
2025-05-19,42.3849983215332,42.43000030517578,41.875,42.185001373291016,40.34035873413086,24787000
2025-05-20,42.154998779296875,42.25,41.755001068115234,41.79499816894531,39.967403411865234,22782200
2025-05-21,41.54499816894531,41.625,41.02000045776367,41.025001525878906,39.231082916259766,25698400
2025-05-22,40.810001373291016,41.099998474121094,40.36000061035156,40.8650016784668,39.07807922363281,23732200
2025-05-23,40.505001068115234,41.099998474121094,40.4900016784668,40.994998931884766,39.202392578125,23511000
2025-05-27,41.279998779296875,41.415000915527344,40.974998474121094,41.349998474121094,39.541866302490234,19028000
2025-05-28,41.54999923706055,41.67499923706055,40.720001220703125,40.82500076293945,39.039825439453125,29552600
2025-05-29,40.88999938964844,41.130001068115234,40.630001068115234,41.130001068115234,39.33149719238281,23792800
2025-05-30,40.814998626708984,40.97999954223633,40.439998626708984,40.76499938964844,38.982444763183594,31038600
2025-06-02,41.529998779296875,41.584999084472656,40.82500076293945,41.29999923706055,39.49405288696289,32031000
2025-06-03,41.33000183105469,42.04999923706055,40.939998626708984,41.790000915527344,39.9626350402832,30352600
2025-06-04,41.77000045776367,42.095001220703125,40.92499923706055,40.974998474121094,39.183265686035156,44939200
2025-06-05,41.279998779296875,41.29999923706055,40.83000183105469,40.935001373291016,39.145023345947266,27655000
2025-06-06,41.30500030517578,41.83000183105469,41.30500030517578,41.70500183105469,39.881351470947266,28556800
2025-06-09,41.869998931884766,42.220001220703125,41.540000915527344,41.78499984741211,39.95784378051758,28680400
2025-06-10,42.22999954223633,42.80500030517578,42.209999084472656,42.529998779296875,40.67026901245117,46092200
2025-06-11,42.81999969482422,43.21500015258789,42.400001525878906,43.14500045776367,41.25838088989258,48996600
2025-06-12,42.94499969482422,43.310001373291016,42.630001068115234,43.29499816894531,41.40182113647461,34028200
2025-06-13,44.10499954223633,44.28499984741211,43.474998474121094,44.04999923706055,42.12380599975586,84194800
2025-06-16,43.93000030517578,44.375,43.59000015258789,43.91999816894531,41.999488830566406,69406600
2025-06-17,44.28499984741211,44.65999984741211,44.0099983215332,44.33000183105469,42.391563415527344,67884200
2025-06-18,44.4900016784668,44.71500015258789,43.939998626708984,44.040000915527344,42.1142463684082,70473000
2025-06-20,44.21500015258789,44.6150016784668,44.084999084472656,44.4900016784668,42.5445671081543,56744800
2025-06-23,44.685001373291016,44.71500015258789,42.83000183105469,43.01499938964844,41.468685150146484,105688200
2025-06-24,42.38999938964844,42.900001525878906,42.29499816894531,42.45500183105469,40.92881774902344,65358800
2025-06-25,42.404998779296875,42.560001373291016,42.130001068115234,42.27000045776367,40.750465393066406,43723000
2025-06-26,42.3650016784668,42.959999084472656,42.2599983215332,42.875,41.333717346191406,33565600
2025-06-27,42.849998474121094,42.849998474121094,42.39500045776367,42.650001525878906,41.1168098449707,35411800
2025-06-30,42.48500061035156,42.66999816894531,42.279998779296875,42.404998779296875,40.88060760498047,26247600
2025-07-01,42.470001220703125,42.93000030517578,42.08000183105469,42.72999954223633,41.19392395019531,40772800
2025-07-02,43.09000015258789,43.53499984741211,42.6150016784668,43.46500015258789,41.902503967285156,42468800
2025-07-03,43.404998779296875,43.654998779296875,43.30500030517578,43.51499938964844,41.95071029663086,22266200
2025-07-07,43.25,43.47999954223633,42.650001525878906,43.095001220703125,41.545806884765625,35673000
2025-07-08,43.04499816894531,44.415000915527344,43.03499984741211,44.255001068115234,42.66410446166992,47472400
2025-07-09,44.14500045776367,44.31999969482422,43.900001525878906,44.029998779296875,42.44719696044922,28672400
2025-07-10,43.93000030517578,44.38999938964844,43.6150016784668,44.3650016784668,42.77015686035156,28823800
2025-07-11,44.290000915527344,44.720001220703125,44.154998779296875,44.564998626708984,42.96296310424805,30171600
2025-07-14,44.47999954223633,44.47999954223633,43.84000015258789,44.07500076293945,42.49058151245117,33441600
2025-07-15,43.9900016784668,44.18000030517578,43.3849983215332,43.439998626708984,41.8784065246582,33859000
2025-07-16,43.380001068115234,43.630001068115234,42.90999984741211,43.064998626708984,41.51688766479492,35501600
2025-07-17,42.845001220703125,43.39500045776367,42.7400016784668,43.33000183105469,41.772361755371094,36085600
2025-07-18,43.67499923706055,43.875,42.810001373291016,42.97999954223633,41.4349365234375,60975600
2025-07-21,43.0099983215332,43.084999084472656,42.45000076293945,42.53499984741211,41.00593566894531,30434400
2025-07-22,42.48500061035156,42.970001220703125,42.44499969482422,42.73500061035156,41.19874572753906,32444000
2025-07-23,42.90999984741211,43.43000030517578,42.79999923706055,43.404998779296875,41.844661712646484,28046000
2025-07-24,43.290000915527344,43.77000045776367,43.095001220703125,43.71500015258789,42.14352035522461,24022200
2025-07-25,43.7599983215332,43.834999084472656,43.32500076293945,43.54999923706055,41.98445129394531,20143200
2025-07-28,43.84000015258789,44.119998931884766,43.775001525878906,44.04499816894531,42.46165084838867,23705200
2025-07-29,44.1150016784668,44.4900016784668,43.970001220703125,44.474998474121094,42.876197814941406,24552000
2025-07-30,44.20000076293945,44.224998474121094,43.564998626708984,43.84000015258789,42.2640266418457,26552400
2025-07-31,43.380001068115234,44.11000061035156,43.380001068115234,43.60499954223633,42.037471771240234,24960800
2025-08-01,43.439998626708984,43.595001220703125,42.560001373291016,42.79499816894531,41.256587982177734,42329400
2025-08-04,42.720001220703125,43.040000915527344,42.47999954223633,42.70000076293945,41.165008544921875,26509600
2025-08-05,42.689998626708984,42.814998626708984,42.17499923706055,42.755001068115234,41.21803283691406,31413600
2025-08-06,43.025001525878906,43.275001525878906,42.23500061035156,42.36000061035156,40.83723068237305,38249400
2025-08-07,42.61000061035156,43.084999084472656,42.13999938964844,42.19499969482422,40.678165435791016,35042000
2025-08-08,42.39500045776367,42.85499954223633,42.18000030517578,42.46500015258789,40.93845748901367,40736200
2025-08-11,42.54999923706055,42.73500061035156,42.04999923706055,42.125,40.610679626464844,28828800
2025-08-12,42.209999084472656,42.70000076293945,42.084999084472656,42.33000183105469,40.808311462402344,34522600
2025-08-13,42.36000061035156,42.82500076293945,42.209999084472656,42.81999969482422,41.280696868896484,25601200
2025-08-14,42.790000915527344,42.845001220703125,42.32500076293945,42.779998779296875,41.242130279541016,24944600
2025-08-15,42.79999923706055,43.26499938964844,42.64500045776367,42.779998779296875,41.242130279541016,27297800
2025-08-18,42.55500030517578,42.724998474121094,42.279998779296875,42.525001525878906,40.996299743652344,26428400
2025-08-19,42.404998779296875,42.790000915527344,42.29499816894531,42.540000915527344,41.01076126098633,25693800
2025-08-20,42.61000061035156,43.06999969482422,42.56999969482422,42.89500045776367,41.352996826171875,27967200
2025-08-21,42.81999969482422,43.28499984741211,42.70500183105469,43.189998626708984,41.637393951416016,22088000
2025-08-22,43.334999084472656,44.17499923706055,43.26499938964844,44.06999969482422,42.485755920410156,30936400
2025-08-25,43.959999084472656,44.2400016784668,43.814998626708984,44.185001373291016,42.596622467041016,23412800
2025-08-26,44.0099983215332,44.154998779296875,43.70500183105469,44.1150016784668,42.52914047241211,22855600
2025-08-27,44.04999923706055,44.77000045776367,44.0,44.61000061035156,43.006351470947266,26877400
2025-08-28,44.625,45.01499938964844,44.33000183105469,44.95000076293945,43.33412551879883,24086200
2025-08-29,44.970001220703125,45.310001373291016,44.90999984741211,45.19499969482422,43.570316314697266,23745000
2025-09-02,45.07500076293945,45.34000015258789,44.73500061035156,45.2599983215332,43.63297653198242,25964400
2025-09-03,44.900001525878906,45.275001525878906,44.095001220703125,44.244998931884766,42.65446853637695,36018200
2025-09-04,44.25,44.724998474121094,44.060001373291016,44.540000915527344,42.938865661621094,25895400
2025-09-05,44.17499923706055,44.31999969482422,43.459999084472656,43.68000030517578,42.109779357910156,48182200
2025-09-08,43.82500076293945,44.01499938964844,43.19499969482422,43.58000183105469,42.01337432861328,34931800
2025-09-09,43.814998626708984,44.40999984741211,43.76499938964844,43.790000915527344,42.215824127197266,41193400
2025-09-10,43.88999938964844,44.58000183105469,43.790000915527344,44.55500030517578,42.95332336425781,29932800
2025-09-11,44.20000076293945,44.65999984741211,44.064998626708984,44.564998626708984,42.96296310424805,25176800
2025-09-12,44.75,44.95000076293945,44.290000915527344,44.29999923706055,42.707489013671875,22297800
2025-09-15,44.3849983215332,44.5,44.07500076293945,44.150001525878906,42.56288528442383,23287800
2025-09-16,44.345001220703125,45.029998779296875,44.334999084472656,44.88999938964844,43.27627944946289,41593000
2025-09-17,44.83000183105469,45.310001373291016,44.6349983215332,44.994998931884766,43.377506256103516,26044800
2025-09-18,45.03499984741211,45.125,44.51499938964844,44.85499954223633,43.24253845214844,28713000
2025-09-19,44.814998626708984,44.849998474121094,44.10499954223633,44.2599983215332,42.66893005371094,29979200
2025-09-22,43.72999954223633,44.04999923706055,43.55500030517578,43.834999084472656,42.61982345581055,22502400
2025-09-23,44.0099983215332,45.06999969482422,44.0099983215332,44.59000015258789,43.3538932800293,44214800
2025-09-24,44.904998779296875,45.59000015258789,44.85499954223633,45.16999816894531,43.91781997680664,35406200
2025-09-25,45.165000915527344,45.619998931884766,45.040000915527344,45.57500076293945,44.311588287353516,31887200
2025-09-26,45.650001525878906,46.45500183105469,45.63999938964844,45.994998931884766,44.71995162963867,40161600
2025-09-29,45.67499923706055,45.7400016784668,44.915000915527344,45.150001525878906,43.898372650146484,37674400
2025-09-30,44.755001068115234,44.849998474121094,44.31999969482422,44.66999816894531,43.43167495727539,47544800
2025-10-01,44.45000076293945,44.81999969482422,44.400001525878906,44.66999816894531,43.43167495727539,27661200
2025-10-02,44.56999969482422,44.96500015258789,44.17499923706055,44.220001220703125,42.99415969848633,31793600
2025-10-03,44.44499969482422,44.71500015258789,44.38999938964844,44.45500183105469,43.2226448059082,24048000
2025-10-06,44.73500061035156,44.93000030517578,44.494998931884766,44.67499923706055,43.43654251098633,21488400
2025-10-07,44.6349983215332,44.779998779296875,43.95500183105469,44.744998931884766,43.504600524902344,25324000
2025-10-08,44.744998931884766,44.744998931884766,44.150001525878906,44.48500061035156,43.251808166503906,20024200
2025-10-09,44.58000183105469,44.959999084472656,43.834999084472656,43.880001068115234,42.66358184814453,23397800
2025-10-10,43.55500030517578,43.775001525878906,42.595001220703125,42.61000061035156,41.42879104614258,44892200
2025-10-13,42.935001373291016,43.244998931884766,42.79499816894531,43.189998626708984,41.99271011352539,22889600
2025-10-14,42.57500076293945,43.43000030517578,42.52000045776367,43.185001373291016,41.98784637451172,25084600
2025-10-15,43.459999084472656,43.70500183105469,42.84000015258789,43.15999984741211,41.96353530883789,24267000
2025-10-16,43.23500061035156,43.3650016784668,42.349998474121094,42.63999938964844,41.45795440673828,29193800
2025-10-17,42.81999969482422,43.08000183105469,42.64500045776367,42.9900016784668,41.79825210571289,24071800
2025-10-20,43.064998626708984,43.54499816894531,43.064998626708984,43.44499969482422,42.240638732910156,25352400
2025-10-21,43.564998626708984,43.665000915527344,43.125,43.345001220703125,42.14341354370117,25885200
2025-10-22,43.6349983215332,44.09000015258789,43.27000045776367,43.900001525878906,42.68302536010742,32814000
2025-10-23,44.685001373291016,44.779998779296875,44.21500015258789,44.48500061035156,43.251808166503906,47308800
2025-10-24,44.685001373291016,44.70000076293945,44.005001068115234,44.03499984741211,42.81428146362305,21191000
2025-10-27,44.17499923706055,44.31999969482422,43.94499969482422,44.13999938964844,42.91637420654297,19597200
2025-10-28,43.974998474121094,44.1150016784668,43.654998779296875,43.68000030517578,42.46912384033203,22474600
2025-10-29,43.72999954223633,44.22999954223633,43.63999938964844,44.005001068115234,42.78511428833008,26807800
2025-10-30,43.9900016784668,44.310001373291016,43.685001373291016,43.744998931884766,42.53232192993164,20663400
2025-10-31,43.849998474121094,44.314998626708984,43.65999984741211,44.064998626708984,42.84345245361328,26985400
2025-11-03,44.07500076293945,44.189998626708984,43.564998626708984,44.06999969482422,42.84831237792969,22232000
2025-11-04,43.529998779296875,43.71500015258789,43.185001373291016,43.595001220703125,42.38648223876953,29477600
2025-11-05,43.599998474121094,44.19499969482422,43.54499816894531,43.709999084472656,42.498291015625,23857200
2025-11-06,43.775001525878906,44.54999923706055,43.775001525878906,44.1349983215332,42.9115104675293,32154800
2025-11-07,44.290000915527344,44.875,44.16999816894531,44.77000045776367,43.52890396118164,35458400
2025-11-10,44.8849983215332,45.279998779296875,44.30500030517578,45.17499923706055,43.92267990112305,31264600
2025-11-11,45.44499969482422,46.084999084472656,45.40999984741211,45.76499938964844,44.49632263183594,38752800
2025-11-12,45.45500183105469,45.665000915527344,45.060001373291016,45.125,43.87406921386719,29863200
2025-11-13,45.27000045776367,45.650001525878906,45.040000915527344,45.2400016784668,43.985877990722656,32243800
2025-11-14,45.47999954223633,46.11000061035156,44.90999984741211,46.0099983215332,44.73453140258789,34179400
2025-11-17,45.95500183105469,45.970001220703125,44.9900016784668,45.16999816894531,43.91781997680664,37447400
2025-11-18,44.974998474121094,45.650001525878906,44.849998474121094,45.529998779296875,44.26783752441406,34839400
2025-11-19,44.724998474121094,45.084999084472656,44.40999984741211,44.939998626708984,43.69419479370117,41062800
2025-11-20,45.16999816894531,45.78499984741211,44.39500045776367,44.43000030517578,43.19833755493164,41630000
2025-11-21,44.505001068115234,44.904998779296875,44.03499984741211,44.709999084472656,43.4705696105957,39317200
2025-11-24,44.65999984741211,44.724998474121094,43.89500045776367,44.584999084472656,43.349037170410156,33681800
2025-11-25,44.23500061035156,44.47999954223633,43.939998626708984,44.30500030517578,43.07679748535156,29299000
2025-11-26,44.29499816894531,44.959999084472656,44.255001068115234,44.63999938964844,43.40250778198242,26611000
2025-11-28,44.665000915527344,45.41999816894531,44.599998474121094,45.224998474121094,43.971290588378906,16666600
2025-12-01,45.290000915527344,45.90999984741211,45.255001068115234,45.65999984741211,44.39423751831055,31150000
2025-12-02,45.59000015258789,45.59000015258789,44.845001220703125,45.06999969482422,43.820587158203125,33305000
2025-12-03,45.375,45.994998931884766,45.310001373291016,45.915000915527344,44.64216613769531,30174000
2025-12-04,45.88999938964844,46.185001373291016,45.755001068115234,46.11000061035156,44.83176040649414,23799600
2025-12-05,46.029998779296875,46.65999984741211,45.90999984741211,45.91999816894531,44.64702224731445,22164400
2025-12-08,45.65999984741211,45.91999816894531,45.27000045776367,45.41999816894531,44.160884857177734,27891900
2025-12-09,45.5,46.08000183105469,45.459999084472656,45.70000076293945,44.43312454223633,20917400
2025-12-10,45.84000015258789,46.27000045776367,45.630001068115234,46.18000030517578,44.89982223510742,26255100
2025-12-11,45.900001525878906,46.25,45.84000015258789,45.959999084472656,44.68592071533203,25827200
2025-12-12,46.04999923706055,46.2400016784668,45.38999938964844,45.5099983215332,44.248390197753906,33161200
2025-12-15,45.61000061035156,45.61000061035156,44.81999969482422,45.189998626708984,43.9372673034668,27521600
2025-12-16,44.83000183105469,44.849998474121094,43.77000045776367,43.810001373291016,42.59552001953125,49312400
2025-12-17,44.130001068115234,44.880001068115234,44.060001373291016,44.779998779296875,43.53862762451172,43375300
2025-12-18,44.650001525878906,44.709999084472656,43.97999954223633,44.130001068115234,42.906654357910156,29920200
2025-12-19,44.25,44.529998779296875,44.029998779296875,44.130001068115234,42.906654357910156,31959600
2025-12-22,44.13999938964844,44.4900016784668,44.09000015258789,44.209999084472656,43.35084533691406,23707400
2025-12-23,44.369998931884766,44.54999923706055,44.220001220703125,44.5,43.63520812988281,19137500
2025-12-24,44.41999816894531,44.560001373291016,44.310001373291016,44.369998931884766,43.50773620605469,11293900
2025-12-26,44.31999969482422,44.439998626708984,43.9900016784668,44.20000076293945,43.34103775024414,17884500
2025-12-29,44.5099983215332,44.7400016784668,44.290000915527344,44.619998931884766,43.75288009643555,31352100
2025-12-30,44.79999923706055,45.09000015258789,44.79999923706055,44.959999084472656,44.08626937866211,18654700
2025-12-31,44.93000030517578,45.02000045776367,44.56999969482422,44.709999084472656,43.841129302978516,16965900
2026-01-02,44.720001220703125,45.779998779296875,44.4900016784668,45.650001525878906,44.76286697387695,31935500
2026-01-05,47.15999984741211,47.31999969482422,45.75,46.88999938964844,45.978763580322266,94961000
2026-01-06,47.0,47.060001373291016,45.529998779296875,45.63999938964844,44.7530517578125,69568200
2026-01-07,45.81999969482422,45.81999969482422,45.08000183105469,45.130001068115234,44.252967834472656,42739200
2026-01-08,45.31999969482422,46.849998474121094,45.220001220703125,46.54999923706055,45.64537048339844,51451000
2026-01-09,46.75,46.880001068115234,46.5099983215332,46.66999816894531,45.76303482055664,38839900
2026-01-12,46.75,46.810001373291016,46.099998474121094,46.34000015258789,45.439456939697266,28264400
2026-01-13,46.72999954223633,47.38999938964844,46.68000030517578,47.0,46.08662796020508,50469200
2026-01-14,47.25,48.650001525878906,47.18000030517578,48.060001373291016,47.12602996826172,80750200
2026-01-15,47.630001068115234,48.06999969482422,47.27000045776367,47.61000061035156,46.68477249145508,49328800
2026-01-16,47.560001373291016,47.810001373291016,47.4900016784668,47.689998626708984,46.76321792602539,30796300
2026-01-20,48.09000015258789,48.310001373291016,47.5,47.599998474121094,46.674964904785156,50178700
2026-01-21,48.290000915527344,49.04999923706055,48.290000915527344,48.75,47.802616119384766,58996000
2026-01-22,48.619998931884766,49.0,48.41999816894531,48.90999984741211,47.959510803222656,50869500
2026-01-23,49.52000045776367,49.88999938964844,49.09000015258789,49.189998626708984,48.234066009521484,51431200
2026-01-26,49.869998931884766,49.88999938964844,48.95000076293945,49.220001220703125,48.263484954833984,40122600
2026-01-27,49.38999938964844,49.81999969482422,49.15999984741211,49.66999816894531,48.70473861694336,39840300
2026-01-28,49.970001220703125,50.13999938964844,49.560001373291016,50.04999923706055,49.077354431152344,41890400
2026-01-29,51.150001525878906,51.72999954223633,50.47999954223633,50.5099983215332,49.52841567993164,77520700
2026-01-30,50.36000061035156,51.09000015258789,49.880001068115234,51.04999923706055,50.057918548583984,74039400
2026-02-02,50.099998474121094,50.5099983215332,49.77000045776367,50.04999923706055,49.077354431152344,61479900
2026-02-03,50.2400016784668,51.779998779296875,50.02000045776367,51.66999816894531,50.665870666503906,83754100
2026-02-04,51.81999969482422,52.959999084472656,51.81999969482422,52.83000183105469,51.80332946777344,78149900
2026-02-05,52.2599983215332,52.4900016784668,51.439998626708984,52.209999084472656,51.19538116455078,54235600
2026-02-06,52.5,53.41999816894531,52.36000061035156,53.25,52.215171813964844,41669600
2026-02-09,53.209999084472656,53.720001220703125,52.97999954223633,53.63999938964844,52.597591400146484,38798500
2026-02-10,53.77000045776367,53.790000915527344,53.2400016784668,53.58000183105469,52.53875732421875,32146000
2026-02-11,54.279998779296875,55.11000061035156,54.25,54.97999954223633,53.91154479980469,57349700
2026-02-12,54.939998626708984,55.2400016784668,53.7599983215332,53.97999954223633,52.93097686767578,67427800
2026-02-13,53.939998626708984,54.58000183105469,53.810001373291016,54.349998474121094,53.29378890991211,48392100
2026-02-17,54.560001373291016,54.90999984741211,53.18000030517578,53.75,52.70545196533203,50499600
2026-02-18,54.529998779296875,54.86000061035156,54.220001220703125,54.779998779296875,53.71543502807617,59196100
2026-02-19,55.459999084472656,55.880001068115234,54.93000030517578,55.18000030517578,54.107662200927734,62513500
2026-02-20,55.0,55.290000915527344,54.5099983215332,54.880001068115234,53.81349182128906,50833500
2026-02-23,55.040000915527344,55.93000030517578,54.869998931884766,55.150001525878906,54.0782470703125,44013500
2026-02-24,55.11000061035156,55.220001220703125,54.400001525878906,55.099998474121094,54.029212951660156,42921700
2026-02-25,55.29999923706055,55.369998931884766,54.189998626708984,54.869998931884766,53.803688049316406,36207500
2026-02-26,54.369998931884766,55.66999816894531,54.119998931884766,55.04999923706055,53.98019027709961,47033500
2026-02-27,55.63999938964844,56.150001525878906,54.93000030517578,55.91999816894531,54.83327865600586,59071500
2026-03-02,57.77000045776367,57.880001068115234,56.27000045776367,57.040000915527344,55.9315185546875,135633300
2026-03-03,57.38999938964844,57.720001220703125,56.04999923706055,56.52000045776367,55.4216194152832,154770800
2026-03-04,56.060001373291016,56.43000030517578,55.33000183105469,56.189998626708984,55.0980339050293,70732700
2026-03-05,56.529998779296875,57.060001373291016,56.08000183105469,56.47999954223633,55.38240051269531,85177800
2026-03-06,57.150001525878906,57.34000015258789,56.16999816894531,56.56999969482422,55.47064971923828,68219000
2026-03-09,56.84000015258789,57.150001525878906,55.939998626708984,56.31999969482422,55.22550582885742,88747400
2026-03-10,56.060001373291016,56.459999084472656,55.369998931884766,55.599998474121094,54.51949691772461,88817900
2026-03-11,55.630001068115234,57.040000915527344,55.540000915527344,56.97999954223633,55.8726806640625,48743700
2026-03-12,57.130001068115234,58.220001220703125,57.060001373291016,57.5099983215332,56.39237976074219,69358700
2026-03-13,57.5,57.93000030517578,57.099998474121094,57.70000076293945,56.57868957519531,43374600
2026-03-16,57.7599983215332,58.099998474121094,57.27000045776367,57.900001525878906,56.77480697631836,39474300
2026-03-17,58.22999954223633,59.04999923706055,57.97999954223633,58.5099983215332,57.372947692871094,40137700
2026-03-18,58.7400016784668,58.970001220703125,58.43000030517578,58.43000030517578,57.29450225830078,42908000
2026-03-19,58.869998931884766,59.720001220703125,58.52000045776367,59.36000061035156,58.20642852783203,69231400
2026-03-20,59.560001373291016,60.31999969482422,59.279998779296875,59.310001373291016,58.15740203857422,73003400
2026-03-23,57.88999938964844,59.84000015258789,57.65999984741211,59.630001068115234,58.853214263916016,71027200
2026-03-24,59.79999923706055,61.470001220703125,59.77000045776367,60.84000015258789,60.047454833984375,51207500
2026-03-25,60.31999969482422,61.0,60.2599983215332,60.56999969482422,59.78097152709961,42680700
2026-03-26,60.66999816894531,61.86000061035156,60.59000015258789,61.52000045776367,60.718597412109375,54967600
2026-03-27,61.529998779296875,62.790000915527344,61.2599983215332,62.560001373291016,61.74504852294922,59553200
2026-03-30,63.130001068115234,63.459999084472656,61.779998779296875,61.959999084472656,61.152862548828125,49750100
2026-03-31,62.040000915527344,62.83000183105469,60.040000915527344,61.2599983215332,60.46198272705078,94766900
2026-04-01,59.720001220703125,60.619998931884766,58.36000061035156,58.970001220703125,58.201812744140625,96652900
2026-04-02,60.529998779296875,61.0099983215332,58.97999954223633,59.25,58.47816848754883,60400500
2026-04-06,59.11000061035156,59.689998626708984,58.88999938964844,59.68000030517578,58.90256881713867,25474200
2026-04-07,59.810001373291016,60.77000045776367,59.790000915527344,60.15999984741211,59.376312255859375,38811700
2026-04-08,56.68000030517578,58.189998626708984,56.18000030517578,58.04999923706055,57.29379653930664,88023600
2026-04-09,58.20000076293945,59.02000045776367,57.11000061035156,57.33000183105469,56.58317947387695,55088500
2026-04-10,57.16999816894531,57.47999954223633,56.400001525878906,56.939998626708984,56.19825744628906,42561700
2026-04-13,57.619998931884766,57.720001220703125,56.650001525878906,57.11000061035156,56.36604309082031,43100900
2026-04-14,56.5,56.5,55.40999984741211,55.95000076293945,55.22115707397461,58830100
2026-04-15,55.599998474121094,56.209999084472656,55.27000045776367,55.7599983215332,55.033626556396484,39551500
2026-04-16,55.84000015258789,56.880001068115234,55.77000045776367,56.58000183105469,55.84294891357422,31282600
2026-04-17,54.40999984741211,55.15999984741211,53.40999984741211,55.02000045776367,54.30326843261719,90913300
2026-04-20,55.099998474121094,55.720001220703125,54.79999923706055,55.06999969482422,54.35261535644531,35150000
2026-04-21,55.31999969482422,55.959999084472656,54.91999816894531,55.869998931884766,55.14219665527344,41299800
2026-04-22,56.36000061035156,56.779998779296875,56.130001068115234,56.540000915527344,55.803470611572266,40565500
2026-04-23,56.88999938964844,57.189998626708984,56.470001220703125,56.97999954223633,56.237735748291016,34707200
2026-04-24,56.77000045776367,56.91999816894531,56.16999816894531,56.869998931884766,56.12916946411133,36426700
2026-04-27,57.099998474121094,57.68000030517578,56.630001068115234,56.77000045776367,56.03047561645508,33070600
2026-04-28,57.720001220703125,58.04999923706055,57.380001068115234,57.709999084472656,56.95822525024414,39151300
2026-04-29,58.279998779296875,59.11000061035156,58.060001373291016,59.029998779296875,58.26103210449219,40616700
2026-04-30,58.20000076293945,59.84000015258789,57.939998626708984,59.650001525878906,58.87295913696289,35896800
2026-05-01,59.060001373291016,59.599998474121094,58.2599983215332,58.849998474121094,58.0833740234375,35828400
2026-05-04,58.72999954223633,59.630001068115234,58.220001220703125,59.38999938964844,58.6163444519043,36883000
2026-05-05,59.22999954223633,59.7599983215332,58.88999938964844,59.45000076293945,58.675559997558594,27041400
2026-05-06,57.290000915527344,57.88999938964844,56.65999984741211,57.0,56.257476806640625,57907500
2026-05-07,55.869998931884766,56.150001525878906,55.130001068115234,55.95000076293945,55.22115707397461,52909900
2026-05-08,55.849998474121094,56.22999954223633,55.459999084472656,55.70000076293945,54.97441101074219,30573500
2026-05-11,56.2599983215332,57.220001220703125,56.2400016784668,57.16999816894531,56.425262451171875,31943300
2026-05-12,57.72999954223633,57.84000015258789,57.13999938964844,57.56999969482422,56.82004928588867,36814500
2026-05-13,57.470001220703125,57.709999084472656,56.959999084472656,57.630001068115234,56.879268646240234,22707200
2026-05-14,57.650001525878906,58.18000030517578,57.5099983215332,58.06999969482422,57.313541412353516,23487000
2026-05-15,58.70000076293945,59.470001220703125,58.47999954223633,59.439998626708984,58.66569137573242,33565500
2026-05-18,59.130001068115234,60.70000076293945,58.720001220703125,60.58000183105469,59.79084014892578,41516600
2026-05-19,60.810001373291016,61.4900016784668,60.29999923706055,61.290000915527344,60.49159622192383,31111000
2026-05-20,60.810001373291016,61.70000076293945,59.68000030517578,59.79999923706055,59.020999908447266,61776800
2026-05-21,60.47999954223633,60.59000015258789,58.720001220703125,59.130001068115234,58.3597297668457,45851100
2026-05-22,58.9900016784668,59.61000061035156,58.83000183105469,59.4900016784668,58.71504211425781,42428900
2026-05-26,58.869998931884766,59.56999969482422,57.84000015258789,57.849998474121094,57.09640121459961,38819900
2026-05-27,57.0099983215332,57.5,56.47999954223633,56.9900016784668,56.24760818481445,48329800
2026-05-28,57.54999923706055,57.68000030517578,56.68000030517578,56.95000076293945,56.2081298828125,46554100
2026-05-29,56.68000030517578,56.790000915527344,55.9900016784668,56.290000915527344,55.55672836303711,32389600
2026-06-01,57.029998779296875,57.810001373291016,56.849998474121094,57.29999923706055,56.55356979370117,55879400
2026-06-02,57.189998626708984,58.16999816894531,57.08000183105469,57.959999084472656,57.20497131347656,23842600
2026-06-03,58.2400016784668,59.380001068115234,58.0099983215332,58.709999084472656,57.94519805908203,46312800
2026-06-04,58.5,59.029998779296875,58.16999816894531,58.75,57.98468017578125,23916300
2026-06-05,58.66999816894531,58.779998779296875,57.630001068115234,57.66999816894531,56.91874694824219,28213000
2026-06-08,58.08000183105469,58.959999084472656,57.970001220703125,58.33000183105469,57.570152282714844,25717800
2026-06-09,58.08000183105469,58.209999084472656,56.810001373291016,57.38999938964844,56.64239501953125,46026300
2026-06-10,57.939998626708984,59.040000915527344,57.779998779296875,58.25,57.49119567871094,36515300
2026-06-11,58.779998779296875,58.9900016784668,57.060001373291016,57.119998931884766,56.37591552734375,40863500
2026-06-12,56.790000915527344,58.150001525878906,56.630001068115234,57.54999923706055,56.80031204223633,31964700
2026-06-15,55.20000076293945,56.04999923706055,55.02000045776367,55.54999923706055,54.82636642456055,44319100
2026-06-16,55.0,55.47999954223633,54.95000076293945,55.36000061035156,54.63883972167969,42008400
2026-06-17,55.2599983215332,55.36000061035156,54.540000915527344,54.66999816894531,53.95782470703125,38553000
2026-06-18,54.13999938964844,54.25,53.25,53.77000045776367,53.06955337524414,39645700
2026-06-22,53.529998779296875,54.130001068115234,53.16999816894531,54.060001373291016,53.74056625366211,30765600
2026-06-23,54.13999938964844,54.560001373291016,53.869998931884766,54.459999084472656,54.13819885253906,38690400
2026-06-24,53.5,53.77000045776367,52.939998626708984,53.56999969482422,53.25345993041992,43034600
2026-06-25,53.20000076293945,54.31999969482422,53.0,54.09000015258789,53.7703857421875,28221700
2026-06-26,54.0,54.150001525878906,53.68000030517578,53.84000015258789,53.52186584472656,19025200
2026-06-29,53.97999954223633,54.279998779296875,53.470001220703125,53.58000183105469,53.26340103149414,25142300
2026-06-30,53.619998931884766,54.119998931884766,53.08000183105469,53.11000061035156,52.79617691040039,28284000
2026-07-01,53.04999923706055,53.439998626708984,52.619998931884766,52.810001373291016,52.49795150756836,33662700
2026-07-02,53.2400016784668,53.650001525878906,52.90999984741211,53.220001220703125,52.9055290222168,28525600
2026-07-06,53.060001373291016,53.54999923706055,53.0,53.130001068115234,52.81605911254883,24735300
2026-07-07,53.61000061035156,54.81999969482422,53.599998474121094,54.63999938964844,54.317134857177734,41833600
2026-07-08,55.459999084472656,56.040000915527344,54.869998931884766,55.599998474121094,55.271461486816406,39741400
2026-07-09,55.279998779296875,55.47999954223633,54.72999954223633,54.81999969482422,54.49607467651367,21770700
2026-07-10,55.08000183105469,55.2400016784668,54.36000061035156,55.08000183105469,54.754539489746094,22974700
2026-07-13,55.86000061035156,56.970001220703125,55.86000061035156,56.7400016784668,56.40473175048828,41200900
2026-07-14,57.0,57.220001220703125,56.290000915527344,56.95000076293945,56.613487243652344,32579000
2026-07-15,56.939998626708984,57.040000915527344,55.7599983215332,56.5,56.16614532470703,33184200
2026-07-16,56.65999984741211,57.29999923706055,56.599998474121094,57.02000045776367,56.683074951171875,27477000
2026-07-17,57.95000076293945,58.119998931884766,57.279998779296875,57.68000030517578,57.339176177978516,31397800
2026-07-20,57.560001373291016,58.38999938964844,57.40999984741211,57.939998626708984,57.59763717651367,27329300
2026-07-21,58.15999984741211,58.529998779296875,57.83000183105469,58.5,58.154327392578125,20315700
2026-07-22,59.27000045776367,59.52000045776367,58.900001525878906,59.20000076293945,58.85019302368164,29548600
2026-07-23,60.2400016784668,60.380001068115234,59.27000045776367,59.380001068115234,59.02912902832031,35838600
2026-07-24,59.400001525878906,60.45000076293945,59.400001525878906,59.619998931884766,59.2677116394043,34181900
2026-07-27,58.40999984741211,59.279998779296875,58.22999954223633,58.36000061035156,58.01515579223633,33819500
2026-07-28,58.40999984741211,58.790000915527344,57.25,57.56999969482422,57.22982406616211,27800800
2026-07-29,59.08000183105469,59.29999923706055,58.41999816894531,58.650001525878906,58.303443908691406,34166800
2026-07-30,58.08000183105469,59.11000061035156,58.02000045776367,58.959999084472656,58.611610412597656,23045700
2026-07-31,58.93000030517578,59.689998626708984,58.31999969482422,59.54999923706055,59.198123931884766,23556500
2026-08-03,58.689998626708984,59.33000183105469,58.15999984741211,58.790000915527344,58.4426155090332,26038400
2026-08-04,57.70000076293945,58.720001220703125,57.130001068115234,58.52000045776367,58.17420959472656,37661500
2026-08-05,58.77000045776367,58.97999954223633,57.209999084472656,57.310001373291016,56.97136306762695,33213500
2026-08-06,58.38999938964844,58.560001373291016,57.58000183105469,58.15999984741211,57.81633758544922,25084300
2026-08-07,57.529998779296875,58.04999923706055,57.11000061035156,57.5,57.16023635864258,21092700
2026-08-10,58.189998626708984,60.209999084472656,58.099998474121094,60.18000030517578,59.82440185546875,33677800
2026-08-11,59.9900016784668,61.08000183105469,59.9900016784668,60.93000030517578,60.569969177246094,22400800
2026-08-12,60.470001220703125,61.16999816894531,60.34000015258789,61.029998779296875,60.669376373291016,22584200
2026-08-13,60.52000045776367,61.130001068115234,60.22999954223633,61.060001373291016,60.69920349121094,20703600
2026-08-14,61.369998931884766,62.11000061035156,61.25,61.90999984741211,61.5441780090332,22777700
2026-08-17,62.220001220703125,62.689998626708984,61.790000915527344,62.58000183105469,62.21022415161133,23550300
2026-08-18,63.40999984741211,63.709999084472656,63.119998931884766,63.68000030517578,63.3037223815918,27280500
2026-08-19,63.849998474121094,64.25,63.400001525878906,63.58000183105469,63.204315185546875,25537800
2026-08-20,64.25,64.69999694824219,63.689998626708984,63.75,63.37330627441406,24304100
2026-08-21,63.90999984741211,64.30000305175781,63.349998474121094,63.63999938964844,63.26395797729492,27791900
2026-08-24,63.2400016784668,63.720001220703125,62.560001373291016,63.11000061035156,62.737091064453125,23007900
2026-08-25,62.20000076293945,62.790000915527344,62.040000915527344,62.060001373291016,61.693294525146484,27426400
2026-08-26,61.43000030517578,63.02000045776367,61.310001373291016,62.43000030517578,62.06110763549805,24394100
2026-08-27,62.22999954223633,62.720001220703125,61.54999923706055,62.290000915527344,61.92193603515625,29599300
2026-08-28,62.349998474121094,62.7400016784668,62.119998931884766,62.68000030517578,62.30963134765625,20624500
2026-08-31,63.79999923706055,64.44000244140625,63.13999938964844,63.959999084472656,63.58206558227539,27148800
2026-09-01,64.87000274658203,64.94999694824219,64.05000305175781,64.7699966430664,64.38727569580078,33275900
2026-09-02,64.2699966430664,65.3499984741211,64.25,65.0999984741211,64.71533203125,27393300
2026-09-03,65.12000274658203,65.5199966430664,64.58000183105469,64.62000274658203,64.23816680908203,24070700
2026-09-04,64.04000091552734,64.33000183105469,63.380001068115234,64.05999755859375,63.68147277832031,26281800
2026-09-08,64.83000183105469,65.23999786376953,64.30999755859375,64.7699966430664,64.38727569580078,28088200
2026-09-09,65.55999755859375,65.91999816894531,65.01000213623047,65.30999755859375,64.92408752441406,25392400
2026-09-10,66.13999938964844,66.16999816894531,64.33999633789062,64.93000030517578,64.54633331298828,37212600
2026-09-11,64.88999938964844,65.7300033569336,64.70999908447266,65.13999938964844,64.75509643554688,30546300
2026-09-14,65.95999908447266,66.05000305175781,64.18000030517578,64.52999877929688,64.14869689941406,47236500
2026-09-15,64.87999725341797,66.12000274658203,64.80999755859375,65.93000030517578,65.5404281616211,34571900
2026-09-16,65.22000122070312,65.22000122070312,63.68000030517578,64.02999877929688,63.65165328979492,48608400
2026-09-17,63.5,64.5199966430664,63.459999084472656,64.4800033569336,64.0989990234375,35534300
2026-09-18,64.19999694824219,64.75,64.0999984741211,64.30999755859375,63.929996490478516,29418800
2026-09-21,63.16999816894531,63.70000076293945,62.369998931884766,62.459999084472656,62.459999084472656,36482200
2026-09-22,61.630001068115234,62.66999816894531,61.41999816894531,61.779998779296875,61.779998779296875,39289100
2026-09-23,62.18000030517578,62.970001220703125,62.04999923706055,62.369998931884766,62.369998931884766,36551700
2026-09-24,63.06999969482422,63.40999984741211,62.459999084472656,62.599998474121094,62.599998474121094,38168900
2026-09-25,61.91999816894531,62.33000183105469,61.65999984741211,62.040000915527344,62.040000915527344,37559500
2026-09-28,62.77000045776367,62.790000915527344,61.83000183105469,62.099998474121094,62.099998474121094,35162800
2026-09-29,61.150001525878906,61.790000915527344,60.95000076293945,61.540000915527344,61.540000915527344,30944100
2026-09-30,61.81999969482422,62.099998474121094,61.40999984741211,61.5,61.5,24870000
2026-10-01,61.15999984741211,62.369998931884766,61.040000915527344,62.349998474121094,62.349998474121094,15196402
